step,loss
0,1.044123649597168
1,813.7011108398438
2,27.60553550720215
3,4.2577080726623535
4,0.47960641980171204
5,0.30004188418388367
6,0.25333645939826965
7,0.2066027820110321
8,0.16841831803321838
9,0.14767637848854065
10,0.1399473249912262
11,0.134736567735672
12,0.12751026451587677
13,0.11863019317388535
14,0.11274760961532593
15,0.10967082530260086
16,0.10633519291877747
17,0.10268677771091461
18,0.09943974763154984
19,0.09623612463474274
20,0.09439054131507874
21,0.09247056394815445
22,0.08967326581478119
23,0.08756367862224579
24,0.08624277263879776
25,0.08541204035282135
26,0.08455811440944672
27,0.08343386650085449
28,0.08245857059955597
29,0.08176125586032867
30,0.08124688267707825
31,0.08075103163719177
32,0.07968906313180923
33,0.0783662274479866
34,0.07800565659999847
35,0.07748281210660934
36,0.07724320888519287
37,0.07692594081163406
38,0.07641604542732239
39,0.07573877274990082
40,0.07494762539863586
41,0.07439272105693817
42,0.07417427003383636
43,0.07395003736019135
44,0.07381045818328857
45,0.07368752360343933
46,0.07356979697942734
47,0.07340801507234573
48,0.07316170632839203
49,0.07279110699892044
50,0.07231204211711884
51,0.07186529040336609
52,0.07149863988161087
53,0.07111362367868423
54,0.07065093517303467
55,0.07008876651525497
56,0.06977210193872452
57,0.06966935098171234
58,0.069588802754879
59,0.069529227912426
60,0.06943371146917343
61,0.06934884935617447
62,0.0692649707198143
63,0.06914602965116501
64,0.06900173425674438
65,0.06877503544092178
66,0.06837961077690125
67,0.06810985505580902
68,0.06800305098295212
69,0.06790772080421448
70,0.0678921490907669
71,0.0677633136510849
72,0.06764055043458939
73,0.06750515103340149
74,0.06737062335014343
75,0.06715036928653717
76,0.06674572080373764
77,0.06658822298049927
78,0.06564220786094666
79,0.06496990472078323
80,0.06451006233692169
81,0.06443170458078384
82,0.0639873743057251
83,0.06370766460895538
84,0.06326562166213989
85,0.06275410950183868
86,0.06205466389656067
87,0.06141911447048187
88,0.060614071786403656
89,0.060281626880168915
90,0.05989106744527817
91,0.059682924300432205
92,0.05945991724729538
93,0.05922873318195343
94,0.05906698852777481
95,0.05892891436815262
96,0.0588255301117897
97,0.05868759751319885
98,0.05846845358610153
99,0.058080051094293594
100,0.057527169585227966
101,0.057911209762096405
102,0.05673570930957794
103,0.05647939443588257
104,0.05635465681552887
105,0.05625247210264206
106,0.056107569485902786
107,0.05585528165102005
108,0.05545685440301895
109,0.06273436546325684
110,0.05529238283634186
111,0.05484619364142418
112,0.05472433194518089
113,0.05464109778404236
114,0.05458401143550873
115,0.05452519655227661
116,0.05443409085273743
117,0.05435103178024292
118,0.05434214696288109
119,0.05427348613739014
120,0.05423896387219429
121,0.054204873740673065
122,0.05415569245815277
123,0.054088592529296875
124,0.053995564579963684
125,0.05385206639766693
126,0.05370248109102249
127,0.053420696407556534
128,0.05325118452310562
129,0.053018271923065186
130,0.05266749858856201
131,0.052376411855220795
132,0.052211157977581024
133,0.052087392657995224
134,0.05201558768749237
135,0.051909659057855606
136,0.05176997184753418
137,0.0516369566321373
138,0.05154930427670479
139,0.05139392241835594
140,0.051278822124004364
141,0.0511917918920517
142,0.05103446543216705
143,0.05086810141801834
144,0.050753623247146606
145,0.050657279789447784
146,0.0505373477935791
147,0.05039369687438011
148,0.05044233053922653
149,0.05021257326006889
150,0.050141505897045135
151,0.05008114501833916
152,0.049987539649009705
153,0.04986416921019554
154,0.04974265396595001
155,0.04970724880695343
156,0.04953846335411072
157,0.049417249858379364
158,0.04926183819770813
159,0.04908175766468048
160,0.0488397479057312
161,0.04844304174184799
162,0.04818858206272125
163,0.04796220362186432
164,0.04785774275660515
165,0.047787293791770935
166,0.04769504815340042
167,0.04761919751763344
168,0.04748312383890152
169,0.04726918786764145
170,0.04707837477326393
171,0.046895816922187805
172,0.046704769134521484
173,0.0465599000453949
174,0.046285293996334076
175,0.045984555035829544
176,0.045803800225257874
177,0.04565215855836868
178,0.04557321220636368
179,0.04547207057476044
180,0.0454108826816082
181,0.04536006599664688
182,0.04530615359544754
183,0.045226819813251495
184,0.045193418860435486
185,0.04512624442577362
186,0.04510284215211868
187,0.04507321119308472
188,0.045023560523986816
189,0.04492250457406044
190,0.04475594311952591
191,0.04454350471496582
192,0.04434218257665634
193,0.04412199184298515
194,0.04396246373653412
195,0.04381908103823662
196,0.043649666011333466
197,0.04360649734735489
198,0.0434773825109005
199,0.043436408042907715
200,0.04339107498526573
201,0.04328269883990288
202,0.04309513047337532
203,0.042988426983356476
204,0.04278311878442764
205,0.042655110359191895
206,0.042548906058073044
207,0.04241860657930374
208,0.04226076230406761
209,0.04206214100122452
210,0.041805729269981384
211,0.04165521264076233
212,0.04147472232580185
213,0.041281573474407196
214,0.040962330996990204
215,0.04074345901608467
216,0.040539078414440155
217,0.04032304883003235
218,0.03999921679496765
219,0.03969216346740723
220,0.039515137672424316
221,0.03939531743526459
222,0.039341822266578674
223,0.03931216150522232
224,0.03927937522530556
225,0.039230041205883026
226,0.039225105196237564
227,0.03916554152965546
228,0.0391375795006752
229,0.0391116589307785
230,0.03920869529247284
231,0.03908548504114151
232,0.03906582295894623
233,0.03904840722680092
234,0.039028920233249664
235,0.03900941461324692
236,0.038965001702308655
237,0.038879431784152985
238,0.0388062447309494
239,0.03872188925743103
240,0.03860395401716232
241,0.03847614303231239
242,0.038312725722789764
243,0.03802862763404846
244,0.04229317605495453
245,0.03783070668578148
246,0.03752123564481735
247,0.03740812465548515
248,0.037318866699934006
249,0.03725031390786171
250,0.037119463086128235
251,0.03859751671552658
252,0.037001531571149826
253,0.03690621256828308
254,0.036877043545246124
255,0.036832503974437714
256,0.0367530882358551
257,0.0366368293762207
258,0.036695338785648346
259,0.036478348076343536
260,0.036423370242118835
261,0.03637119382619858
262,0.03631623089313507
263,0.03625781834125519
264,0.03620158135890961
265,0.036127351224422455
266,0.036084145307540894
267,0.036048151552677155
268,0.03599538281559944
269,0.035937853157520294
270,0.03587983548641205
271,0.03582363948225975
272,0.03573915734887123
273,0.03606562688946724
274,0.035615719854831696
275,0.03554316610097885
276,0.03547915071249008
277,0.035416752099990845
278,0.03535078093409538
279,0.035235144197940826
280,0.03515826165676117
281,0.03503341227769852
282,0.0349772572517395
283,0.03489658981561661
284,0.034859366714954376
285,0.034837912768125534
286,0.034769222140312195
287,0.03470328822731972
288,0.034643255174160004
289,0.03458932787179947
290,0.03448951616883278
291,0.03436858952045441
292,0.03427013009786606
293,0.03421449661254883
294,0.03407984599471092
295,0.033941902220249176
296,0.0338091105222702
297,0.03367796540260315
298,0.03359251469373703
299,0.03349757939577103
300,0.03345666453242302
301,0.03338880091905594
302,0.03334515541791916
303,0.03328007459640503
304,0.033186640590429306
305,0.0330972857773304
306,0.03298087790608406
307,0.03282791003584862
308,0.032683905214071274
309,0.03258395567536354
310,0.03250901401042938
311,0.0324319526553154
312,0.032393090426921844
313,0.03232596814632416
314,0.032291702926158905
315,0.03226985037326813
316,0.0322515070438385
317,0.03222932666540146
318,0.03223775699734688
319,0.032192081212997437
320,0.032173581421375275
321,0.03215254098176956
322,0.03213505446910858
323,0.03211450204253197
324,0.03208307921886444
325,0.03204973787069321
326,0.03200695291161537
327,0.03197754546999931
328,0.03193705156445503
329,0.03189548850059509
330,0.03186335042119026
331,0.03181803226470947
332,0.03176053613424301
333,0.031778790056705475
334,0.03169023245573044
335,0.03167008236050606
336,0.03164685145020485
337,0.031616684049367905
338,0.0315706767141819
339,0.0315374992787838
340,0.031471528112888336
341,0.03141352906823158
342,0.03135709837079048
343,0.03130736202001572
344,0.03124736063182354
345,0.031156960874795914
346,0.031206253916025162
347,0.031018292531371117
348,0.030970752239227295
349,0.030927693471312523
350,0.03088521771132946
351,0.030836518853902817
352,0.030778229236602783
353,0.03073885105550289
354,0.030665041878819466
355,0.030621524900197983
356,0.030563823878765106
357,0.03054117038846016
358,0.030451912432909012
359,0.030393416061997414
360,0.030325502157211304
361,0.03023749776184559
362,0.03010343760251999
363,0.030377710238099098
364,0.029918167740106583
365,0.02984779141843319
366,0.029795918613672256
367,0.02975400723516941
368,0.029716430231928825
369,0.02967630699276924
370,0.029635604470968246
371,0.02959691919386387
372,0.02957400679588318
373,0.029561851173639297
374,0.029549172148108482
375,0.029536494985222816
376,0.029522690922021866
377,0.029503026977181435
378,0.02947545237839222
379,0.029456648975610733
380,0.029432181268930435
381,0.029416464269161224
382,0.029404662549495697
383,0.029385626316070557
384,0.029350578784942627
385,0.02932167798280716
386,0.029287677258253098
387,0.029246598482131958
388,0.02921423502266407
389,0.0291748084127903
390,0.02913552150130272
391,0.029107188805937767
392,0.02907201647758484
393,0.029040100052952766
394,0.02900330349802971
395,0.02896498329937458
396,0.02891281247138977
397,0.02883550524711609
398,0.03220421448349953
399,0.028875228017568588
400,0.02871634252369404
401,0.028685837984085083
402,0.028656624257564545
403,0.028622504323720932
404,0.028588028624653816
405,0.028555557131767273
406,0.0285358726978302
407,0.028514225035905838
408,0.028498046100139618
409,0.028475787490606308
410,0.02843749150633812
411,0.028370849788188934
412,0.028291430324316025
413,0.028176097199320793
414,0.02806955948472023
415,0.027972448617219925
416,0.027928028255701065
417,0.027882151305675507
418,0.027833502739667892
419,0.02778828889131546
420,0.027737807482481003
421,0.02767372317612171
422,0.027612950652837753
423,0.02763056755065918
424,0.02752218022942543
425,0.027489565312862396
426,0.027460722252726555
427,0.027426794171333313
428,0.027408964931964874
429,0.02733125165104866
430,0.027292640879750252
431,0.027217619121074677
432,0.027209632098674774
433,0.02717531844973564
434,0.027157865464687347
435,0.027139730751514435
436,0.0271165631711483
437,0.027086567133665085
438,0.02701732888817787
439,0.02758435532450676
440,0.026943285018205643
441,0.02688857726752758
442,0.026859156787395477
443,0.026822775602340698
444,0.026785561814904213
445,0.026751205325126648
446,0.026734311133623123
447,0.02671290747821331
448,0.02669515088200569
449,0.02666417509317398
450,0.026618413627147675
451,0.02657565101981163
452,0.026543019339442253
453,0.026520203799009323
454,0.026499219238758087
455,0.026467666029930115
456,0.02642214298248291
457,0.02638145536184311
458,0.02634151093661785
459,0.026268836110830307
460,0.0262288860976696
461,0.026162296533584595
462,0.02612757682800293
463,0.02604941837489605
464,0.02602248825132847
465,0.025993958115577698
466,0.025968220084905624
467,0.025941548869013786
468,0.02591191604733467
469,0.02587980218231678
470,0.025850288569927216
471,0.02583138272166252
472,0.025816136971116066
473,0.025795962661504745
474,0.025778040289878845
475,0.02576657384634018
476,0.025757260620594025
477,0.02574065700173378
478,0.02572723478078842
479,0.0257120244204998
480,0.025691362097859383
481,0.025666700676083565
482,0.025678344070911407
483,0.025632891803979874
484,0.02561298944056034
485,0.025588463991880417
486,0.025561679154634476
487,0.025539182126522064
488,0.025504987686872482
489,0.025480642914772034
490,0.025431981310248375
491,0.02538391947746277
492,0.025300391018390656
493,0.02522023767232895
494,0.025120217353105545
495,0.025025827810168266
496,0.02573692426085472
497,0.02487470582127571
498,0.02480122447013855
499,0.024763407185673714
500,0.024721508845686913
501,0.024662639945745468
502,0.02460397034883499
503,0.024563895538449287
504,0.024516891688108444
505,0.024453267455101013
506,0.0243903286755085
507,0.024331487715244293
508,0.02429889887571335
509,0.024265415966510773
510,0.024246519431471825
511,0.024222927168011665
512,0.02419155463576317
513,0.024172447621822357
514,0.024119891226291656
515,0.024081435054540634
516,0.024025192484259605
517,0.023978902027010918
518,0.023935120552778244
519,0.0238974429666996
520,0.023876046761870384
521,0.023857001215219498
522,0.023836344480514526
523,0.023808330297470093
524,0.02376711741089821
525,0.02370181307196617
526,0.023636244237422943
527,0.023578990250825882
528,0.023531734943389893
529,0.023496724665164948
530,0.023463357239961624
531,0.023429526016116142
532,0.023397956043481827
533,0.023363400250673294
534,0.023331228643655777
535,0.023275163024663925
536,0.023188022896647453
537,0.023111999034881592
538,0.023043755441904068
539,0.02300211228430271
540,0.022971997037529945
541,0.022951539605855942
542,0.022938648238778114
543,0.0229107066988945
544,0.022881029173731804
545,0.022843308746814728
546,0.022806063294410706
547,0.022763725370168686
548,0.022733327001333237
549,0.022704575210809708
550,0.022681761533021927
551,0.022645218297839165
552,0.022824134677648544
553,0.02259761467576027
554,0.02255987748503685
555,0.022547107189893723
556,0.02251392975449562
557,0.02248205989599228
558,0.022447878494858742
559,0.022427160292863846
560,0.022411834448575974
561,0.022387251257896423
562,0.022365223616361618
563,0.02234591916203499
564,0.022323615849018097
565,0.022293517366051674
566,0.022259008139371872
567,0.02225465327501297
568,0.0222005657851696
569,0.02217678725719452
570,0.02215917967259884
571,0.022137699648737907
572,0.02211439423263073
573,0.022098679095506668
574,0.022073404863476753
575,0.02205650694668293
576,0.022040285170078278
577,0.022014155983924866
578,0.02199479565024376
579,0.021967370063066483
580,0.021931646391749382
581,0.021886413916945457
582,0.021791357547044754
583,0.02171790972352028
584,0.021649939939379692
585,0.02160748466849327
586,0.0215737447142601
587,0.021555118262767792
588,0.021537862718105316
589,0.021516626700758934
590,0.02145291492342949
591,0.021376419812440872
592,0.02133796736598015
593,0.021248163655400276
594,0.021211978048086166
595,0.021187299862504005
596,0.021161645650863647
597,0.021144162863492966
598,0.02113085612654686
599,0.021121516823768616
600,0.021103471517562866
601,0.021072614938020706
602,0.02102343738079071
603,0.020968656986951828
604,0.020920246839523315
605,0.020856738090515137
606,0.020818350836634636
607,0.020791321992874146
608,0.02074865996837616
609,0.020708542317152023
610,0.02066853456199169
611,0.02061973512172699
612,0.02058422565460205
613,0.020552566275000572
614,0.020527664572000504
615,0.02050451934337616
616,0.02047899179160595
617,0.020453045144677162
618,0.020426347851753235
619,0.0203963965177536
620,0.02035926654934883
621,0.020327147096395493
622,0.02031842991709709
623,0.020288880914449692
624,0.02026885561645031
625,0.020244011655449867
626,0.020216267555952072
627,0.020181700587272644
628,0.02015346847474575
629,0.02012362703680992
630,0.020079152658581734
631,0.02003335952758789
632,0.019991235807538033
633,0.019969303160905838
634,0.01995164155960083
635,0.01993575692176819
636,0.019892029464244843
637,0.0198369100689888
638,0.019769398495554924
639,0.019710605964064598
640,0.01966366358101368
641,0.019600065425038338
642,0.01955476403236389
643,0.019488494843244553
644,0.01942768320441246
645,0.0193815678358078
646,0.019339075312018394
647,0.01928744837641716
648,0.01924864947795868
649,0.01921088993549347
650,0.019177846610546112
651,0.019135266542434692
652,0.01910349167883396
653,0.01908600702881813
654,0.01906847208738327
655,0.01905136927962303
656,0.019036199897527695
657,0.019013382494449615
658,0.018997464329004288
659,0.01898040995001793
660,0.018966682255268097
661,0.018956903368234634
662,0.018949683755636215
663,0.0189838670194149
664,0.01893773302435875
665,0.018929999321699142
666,0.018924258649349213
667,0.018915100023150444
668,0.018903091549873352
669,0.01889829896390438
670,0.018879026174545288
671,0.018865223973989487
672,0.018853234127163887
673,0.01884637400507927
674,0.01883588917553425
675,0.01881473883986473
676,0.018780052661895752
677,0.018724143505096436
678,0.01864895224571228
679,0.01856684684753418
680,0.018491216003894806
681,0.018449466675519943
682,0.018406158313155174
683,0.018361976370215416
684,0.018313463777303696
685,0.018322277814149857
686,0.018217317759990692
687,0.01817765086889267
688,0.01814684271812439
689,0.018104296177625656
690,0.018068287521600723
691,0.018280228599905968
692,0.018038634210824966
693,0.018015991896390915
694,0.017994338646531105
695,0.017967984080314636
696,0.01794084720313549
697,0.01791865937411785
698,0.017872802913188934
699,0.01784893125295639
700,0.01782149076461792
701,0.017808204516768456
702,0.017797216773033142
703,0.017775796353816986
704,0.017759857699275017
705,0.017746826633810997
706,0.01773834228515625
707,0.01772625558078289
708,0.01770804449915886
709,0.01768709160387516
710,0.017671683803200722
711,0.0176628977060318
712,0.01765417866408825
713,0.01764599233865738
714,0.017637968063354492
715,0.017630677670240402
716,0.017622437328100204
717,0.017612053081393242
718,0.017601048573851585
719,0.01758389174938202
720,0.01756395772099495
721,0.0175459161400795
722,0.017526600509881973
723,0.017504245042800903
724,0.01748788356781006
725,0.017472581937909126
726,0.017464175820350647
727,0.01745488867163658
728,0.017443638294935226
729,0.017429731786251068
730,0.017410777509212494
731,0.017378583550453186
732,0.017347559332847595
733,0.017321374267339706
734,0.017304249107837677
735,0.01728517934679985
736,0.01726284995675087
737,0.017247885465621948
738,0.01723165065050125
739,0.017223024740815163
740,0.01721183769404888
741,0.017200937494635582
742,0.01718139462172985
743,0.017159445211291313
744,0.017141439020633698
745,0.017121057957410812
746,0.017105480656027794
747,0.017091434448957443
748,0.017074618488550186
749,0.017058856785297394
750,0.017041202634572983
751,0.017030373215675354
752,0.01701471209526062
753,0.017002318054437637
754,0.01698831096291542
755,0.016975782811641693
756,0.016959616914391518
757,0.01694030687212944
758,0.016921013593673706
759,0.016890965402126312
760,0.01686239242553711
761,0.01684536412358284
762,0.01683516800403595
763,0.016825350001454353
764,0.016816481947898865
765,0.01680619828402996
766,0.01679510436952114
767,0.01678638719022274
768,0.01678144559264183
769,0.016775008291006088
770,0.016766399145126343
771,0.016757920384407043
772,0.016746152192354202
773,0.016732050105929375
774,0.016725104302167892
775,0.016719413921236992
776,0.016710830852389336
777,0.01670398749411106
778,0.016696304082870483
779,0.01668742671608925
780,0.016675230115652084
781,0.016659103333950043
782,0.01663966104388237
783,0.016653461381793022
784,0.016618216410279274
785,0.016612228006124496
786,0.016606658697128296
787,0.016598809510469437
788,0.016590669751167297
789,0.016580643132328987
790,0.016572196036577225
791,0.01655898243188858
792,0.016549773514270782
793,0.01653999462723732
794,0.01653587631881237
795,0.016529612243175507
796,0.01652081310749054
797,0.016514405608177185
798,0.01649983786046505
799,0.016490058973431587
800,0.0164803434163332
801,0.016469594091176987
802,0.016458917409181595
803,0.016450539231300354
804,0.01644095405936241
805,0.016429876908659935
806,0.016409534960985184
807,0.01639145240187645
808,0.016370341181755066
809,0.016355367377400398
810,0.016339868307113647
811,0.01633244752883911
812,0.01632387563586235
813,0.016323793679475784
814,0.01631193608045578
815,0.016308685764670372
816,0.01630520448088646
817,0.016298506408929825
818,0.016288014128804207
819,0.016274046152830124
820,0.01626361720263958
821,0.016251008957624435
822,0.016241690143942833
823,0.016231831163167953
824,0.01623091846704483
825,0.016224443912506104
826,0.016221296042203903
827,0.01621721312403679
828,0.016213471069931984
829,0.016214264556765556
830,0.016203632578253746
831,0.016197966411709785
832,0.016191896051168442
833,0.01618688926100731
834,0.016176696866750717
835,0.016163455322384834
836,0.016181249171495438
837,0.016144517809152603
838,0.01613522507250309
839,0.016127919778227806
840,0.016122907400131226
841,0.0161163080483675
842,0.01610652543604374
843,0.01608617790043354
844,0.016056232154369354
845,0.016090277582406998
846,0.016026459634304047
847,0.01601332426071167
848,0.016005665063858032
849,0.01599593088030815
850,0.015988394618034363
851,0.01598312333226204
852,0.01597537100315094
853,0.015966881066560745
854,0.015946688130497932
855,0.015953771770000458
856,0.015913229435682297
857,0.01589803770184517
858,0.015884367749094963
859,0.015868425369262695
860,0.01584738865494728
861,0.015821445733308792
862,0.015806179493665695
863,0.01579430140554905
864,0.015787113457918167
865,0.015779167413711548
866,0.0157716516405344
867,0.015761971473693848
868,0.015752460807561874
869,0.015732496976852417
870,0.015720708295702934
871,0.015710996463894844
872,0.015699371695518494
873,0.015687482431530952
874,0.015678564086556435
875,0.0156673863530159
876,0.015651345252990723
877,0.01568053662776947
878,0.01563340425491333
879,0.015625519677996635
880,0.015619657002389431
881,0.015610754489898682
882,0.01559387519955635
883,0.015650607645511627
884,0.015574274584650993
885,0.015561762265861034
886,0.015552917495369911
887,0.015541945584118366
888,0.015525415539741516
889,0.015503665432333946
890,0.015484318137168884
891,0.015469244681298733
892,0.015452775172889233
893,0.015439942479133606
894,0.015426266938447952
895,0.01541433297097683
896,0.01539731863886118
897,0.01537005603313446
898,0.015342587605118752
899,0.015309896320104599
900,0.015293320640921593
901,0.01527731865644455
902,0.015264240093529224
903,0.015239447355270386
904,0.015426291152834892
905,0.01519839372485876
906,0.01517007127404213
907,0.015147211961448193
908,0.01512569934129715
909,0.015105871483683586
910,0.015083080157637596
911,0.015178505331277847
912,0.01504659466445446
913,0.015024800784885883
914,0.015007022768259048
915,0.014991740696132183
916,0.014975097961723804
917,0.01493846531957388
918,0.014896712265908718
919,0.014892389997839928
920,0.014836781658232212
921,0.014815381728112698
922,0.014804219827055931
923,0.014793375506997108
924,0.014775796793401241
925,0.014781525358557701
926,0.014753485098481178
927,0.01473928801715374
928,0.01472355518490076
929,0.014700226485729218
930,0.01467499602586031
931,0.014887362718582153
932,0.014659331180155277
933,0.01464235782623291
934,0.014637629501521587
935,0.014632525853812695
936,0.014624474570155144
937,0.01461753435432911
938,0.01460961438715458
939,0.014605330303311348
940,0.014601727947592735
941,0.014598188921809196
942,0.01459723524749279
943,0.014591377228498459
944,0.01458185724914074
945,0.014573739841580391
946,0.014560521580278873
947,0.014542793855071068
948,0.014528224244713783
949,0.014515567570924759
950,0.014507133513689041
951,0.014500021934509277
952,0.014494899660348892
953,0.014491669833660126
954,0.014487112872302532
955,0.014482993632555008
956,0.014479434117674828
957,0.014474380761384964
958,0.014468373730778694
959,0.014500724151730537
960,0.01446358673274517
961,0.01446002721786499
962,0.014458863064646721
963,0.014457100071012974
964,0.01445354986935854
965,0.014451253227889538
966,0.014445825479924679
967,0.014440846629440784
968,0.014433184638619423
969,0.014426250010728836
970,0.014422206208109856
971,0.014417393133044243
972,0.014435237273573875
973,0.014409665018320084
974,0.01440631877630949
975,0.014401575550436974
976,0.014397723600268364
977,0.014392862096428871
978,0.014387359842658043
979,0.01438634842634201
980,0.014378990046679974
981,0.014376483857631683
982,0.014372134581208229
983,0.01436595618724823
984,0.014356083236634731
985,0.014351045712828636
986,0.014337289147078991
987,0.014328881166875362
988,0.01431695930659771
989,0.014308702200651169
990,0.014299656264483929
991,0.014297498390078545
992,0.014279515482485294
993,0.014274259097874165
994,0.014264892786741257
995,0.01425957027822733
996,0.014250068925321102
997,0.014237746596336365
998,0.014226209372282028
999,0.014214875176548958
1000,0.014202001504600048
1001,0.01418906357139349
1002,0.014175990596413612
1003,0.014164984226226807
1004,0.014154457487165928
1005,0.014139370061457157
1006,0.014132995158433914
1007,0.014123804867267609
1008,0.014113903045654297
1009,0.014097667299211025
1010,0.014080744236707687
1011,0.01405471283942461
1012,0.014036326669156551
1013,0.014019687660038471
1014,0.014000183902680874
1015,0.014015128836035728
1016,0.013967806473374367
1017,0.013957347720861435
1018,0.013948297128081322
1019,0.01394127868115902
1020,0.01393561065196991
1021,0.013927953317761421
1022,0.01391204260289669
1023,0.013897152617573738
1024,0.013876399956643581
1025,0.013863621279597282
1026,0.013848974369466305
1027,0.013835914433002472
1028,0.013821827247738838
1029,0.013808652758598328
1030,0.013786572962999344
1031,0.01377253420650959
1032,0.013754600659012794
1033,0.013730600476264954
1034,0.013711094856262207
1035,0.013689814135432243
1036,0.013680517673492432
1037,0.013669922947883606
1038,0.013661898672580719
1039,0.013652116991579533
1040,0.01363365352153778
1041,0.013617651537060738
1042,0.013595983386039734
1043,0.013580956496298313
1044,0.013567538000643253
1045,0.013553532771766186
1046,0.013558736070990562
1047,0.013532305136322975
1048,0.013518745079636574
1049,0.013503966853022575
1050,0.013491585850715637
1051,0.01347803883254528
1052,0.013451263308525085
1053,0.01341186836361885
1054,0.013376045040786266
1055,0.013335943222045898
1056,0.013299432583153248
1057,0.013279479928314686
1058,0.013258256018161774
1059,0.013244451954960823
1060,0.013227088376879692
1061,0.013211960904300213
1062,0.01319858804345131
1063,0.013172654435038567
1064,0.013148698955774307
1065,0.01322854869067669
1066,0.013133172877132893
1067,0.013119993731379509
1068,0.013110781088471413
1069,0.013098390772938728
1070,0.013083428144454956
1071,0.013071105815470219
1072,0.013174029998481274
1073,0.013052022084593773
1074,0.013034351170063019
1075,0.013021647930145264
1076,0.013003924861550331
1077,0.012981614097952843
1078,0.01296051125973463
1079,0.012959344312548637
1080,0.012940483167767525
1081,0.01293470710515976
1082,0.012929392047226429
1083,0.012923850677907467
1084,0.012915524654090405
1085,0.012907948344945908
1086,0.012900177389383316
1087,0.012897800654172897
1088,0.012882482260465622
1089,0.012875724583864212
1090,0.01287047378718853
1091,0.012862354516983032
1092,0.012853002175688744
1093,0.01284582819789648
1094,0.01283547468483448
1095,0.012824354693293571
1096,0.012821631506085396
1097,0.012815168127417564
1098,0.012812614440917969
1099,0.012809427455067635
1100,0.012807284481823444
1101,0.012805628590285778
1102,0.012804966419935226
1103,0.012802626006305218
1104,0.012796550989151001
1105,0.012794427573680878
1106,0.012780273333191872
1107,0.012772483751177788
1108,0.0127643384039402
1109,0.012754591181874275
1110,0.012748598121106625
1111,0.012746402993798256
1112,0.012738250195980072
1113,0.012734996154904366
1114,0.012732310220599174
1115,0.012727468274533749
1116,0.012721920385956764
1117,0.012711621820926666
1118,0.012704415246844292
1119,0.012698303908109665
1120,0.012692637741565704
1121,0.01269199512898922
1122,0.012683603912591934
1123,0.012673023156821728
1124,0.012653195299208164
1125,0.012636677362024784
1126,0.01261858083307743
1127,0.012626109644770622
1128,0.012603767216205597
1129,0.012601209804415703
1130,0.012597969733178616
1131,0.01259288564324379
1132,0.012588340789079666
1133,0.012667376548051834
1134,0.012582425959408283
1135,0.012575358152389526
1136,0.012572193518280983
1137,0.012568643316626549
1138,0.012561946175992489
1139,0.012556561268866062
1140,0.012564573436975479
1141,0.012544604018330574
1142,0.0125378193333745
1143,0.012529783882200718
1144,0.01252401527017355
1145,0.012518111616373062
1146,0.01250914391130209
1147,0.012512195855379105
1148,0.012497533112764359
1149,0.012492756359279156
1150,0.012487425468862057
1151,0.012482010759413242
1152,0.012476181611418724
1153,0.01247207447886467
1154,0.01246646884828806
1155,0.012454678304493427
1156,0.012447860091924667
1157,0.012430476024746895
1158,0.012410344555974007
1159,0.012398773804306984
1160,0.012385979294776917
1161,0.012376985512673855
1162,0.012381251901388168
1163,0.012365024536848068
1164,0.012359772808849812
1165,0.012356685474514961
1166,0.01235409826040268
1167,0.012351427227258682
1168,0.012346726842224598
1169,0.012339111417531967
1170,0.012340379878878593
1171,0.01232857070863247
1172,0.012321987189352512
1173,0.012315144762396812
1174,0.012309303507208824
1175,0.012300367467105389
1176,0.012286326847970486
1177,0.012270888313651085
1178,0.012256177142262459
1179,0.012231854721903801
1180,0.012220214121043682
1181,0.01219914574176073
1182,0.012347711250185966
1183,0.012172302231192589
1184,0.012153875082731247
1185,0.01214455533772707
1186,0.012135795317590237
1187,0.012127859517931938
1188,0.01211184449493885
1189,0.012223660945892334
1190,0.012086007744073868
1191,0.012070566415786743
1192,0.01206037774682045
1193,0.012049088254570961
1194,0.012036940082907677
1195,0.01203160174190998
1196,0.01201675459742546
1197,0.012009378522634506
1198,0.011999777518212795
1199,0.01198459230363369
1200,0.011965034529566765
1201,0.011948378756642342
1202,0.011934480629861355
1203,0.01192370057106018
1204,0.011916661635041237
1205,0.011908432468771935
1206,0.011904317885637283
1207,0.011896345764398575
1208,0.011891243048012257
1209,0.01187915913760662
1210,0.011864254251122475
1211,0.011849199421703815
1212,0.011836694553494453
1213,0.011814005672931671
1214,0.011799952946603298
1215,0.011788599193096161
1216,0.01177440769970417
1217,0.011758984997868538
1218,0.01174662634730339
1219,0.011735470965504646
1220,0.011711100116372108
1221,0.011684498749673367
1222,0.01165898609906435
1223,0.011645391583442688
1224,0.011618901044130325
1225,0.011601246893405914
1226,0.011587395332753658
1227,0.01157147902995348
1228,0.011542778462171555
1229,0.01153157465159893
1230,0.011515969410538673
1231,0.011509587988257408
1232,0.01150042936205864
1233,0.011490315198898315
1234,0.011478390544652939
1235,0.01146693155169487
1236,0.011452820152044296
1237,0.011431913822889328
1238,0.01141106802970171
1239,0.011393154039978981
1240,0.011369740590453148
1241,0.01135321706533432
1242,0.011331455782055855
1243,0.011356573551893234
1244,0.01130673661828041
1245,0.011297248303890228
1246,0.011287486180663109
1247,0.011277495883405209
1248,0.011263616383075714
1249,0.011249635368585587
1250,0.011238884180784225
1251,0.01123073697090149
1252,0.011225532740354538
1253,0.011220190674066544
1254,0.011198761872947216
1255,0.011180620640516281
1256,0.01116763986647129
1257,0.011158464476466179
1258,0.011142544448375702
1259,0.011134874075651169
1260,0.011126745492219925
1261,0.011111745610833168
1262,0.011096632108092308
1263,0.011083393357694149
1264,0.011069337837398052
1265,0.011051535606384277
1266,0.011040864512324333
1267,0.011032385751605034
1268,0.011022709310054779
1269,0.011013539507985115
1270,0.011004960164427757
1271,0.010999375954270363
1272,0.010988843627274036
1273,0.010984163731336594
1274,0.010974112898111343
1275,0.010957818478345871
1276,0.010942166671156883
1277,0.010930676013231277
1278,0.010919780470430851
1279,0.010911060497164726
1280,0.01090318150818348
1281,0.010896027088165283
1282,0.010889776982367039
1283,0.010883476585149765
1284,0.010877925902605057
1285,0.010867105796933174
1286,0.010857430286705494
1287,0.010847813449800014
1288,0.010838271118700504
1289,0.01082666777074337
1290,0.010822501964867115
1291,0.010816138237714767
1292,0.010809474624693394
1293,0.010801121592521667
1294,0.01079261489212513
1295,0.010790656320750713
1296,0.010785086080431938
1297,0.010782801546156406
1298,0.010781019926071167
1299,0.010780107229948044
1300,0.010776297189295292
1301,0.010771067813038826
1302,0.01076287217438221
1303,0.010748825035989285
1304,0.010735547170042992
1305,0.010721007362008095
1306,0.010708281770348549
1307,0.010691272094845772
1308,0.010680552572011948
1309,0.01067075040191412
1310,0.010659663006663322
1311,0.010651366785168648
1312,0.01064700074493885
1313,0.010640980675816536
1314,0.01063568890094757
1315,0.010627226904034615
1316,0.010618935339152813
1317,0.010624906048178673
1318,0.010611101053655148
1319,0.01060740277171135
1320,0.010605319403111935
1321,0.010602034628391266
1322,0.010595952160656452
1323,0.010596092790365219
1324,0.010587386786937714
1325,0.010583114810287952
1326,0.010577969253063202
1327,0.01057081762701273
1328,0.010557559318840504
1329,0.010579914785921574
1330,0.010538537986576557
1331,0.010527652688324451
1332,0.010513661429286003
1333,0.010497244074940681
1334,0.010477145202457905
1335,0.010519488714635372
1336,0.01045711524784565
1337,0.010444244369864464
1338,0.010437525808811188
1339,0.010429110378026962
1340,0.010416458360850811
1341,0.010401500388979912
1342,0.010386032983660698
1343,0.010371560230851173
1344,0.010348983108997345
1345,0.01032258477061987
1346,0.010290395468473434
1347,0.010264428332448006
1348,0.010236537083983421
1349,0.010220268741250038
1350,0.010209890082478523
1351,0.010204419493675232
1352,0.010199273005127907
1353,0.010194685310125351
1354,0.010206791572272778
1355,0.010187095031142235
1356,0.010184825398027897
1357,0.010179957374930382
1358,0.010174235329031944
1359,0.010169656947255135
1360,0.010162698104977608
1361,0.01015567034482956
1362,0.010149666108191013
1363,0.010141143575310707
1364,0.01013639010488987
1365,0.010126454755663872
1366,0.010119669139385223
1367,0.010110961273312569
1368,0.0101043451577425
1369,0.010088000446557999
1370,0.010089615359902382
1371,0.010057831183075905
1372,0.010049426928162575
1373,0.01004210114479065
1374,0.01003693975508213
1375,0.010033385828137398
1376,0.010028187185525894
1377,0.010023616254329681
1378,0.010019028559327126
1379,0.009995626285672188
1380,0.009972307831048965
1381,0.009954430162906647
1382,0.009938636794686317
1383,0.009929107502102852
1384,0.009918294847011566
1385,0.009911736473441124
1386,0.009901856072247028
1387,0.009892093017697334
1388,0.009886101819574833
1389,0.009881180711090565
1390,0.00987806636840105
1391,0.009874707087874413
1392,0.009865278378129005
1393,0.00985344685614109
1394,0.00983719527721405
1395,0.009820154868066311
1396,0.009812572039663792
1397,0.009806045331060886
1398,0.009802155196666718
1399,0.009798071347177029
1400,0.009793365374207497
1401,0.00980811845511198
1402,0.009788816794753075
1403,0.009786825627088547
1404,0.009784473106265068
1405,0.00978281069546938
1406,0.009781096130609512
1407,0.00977727584540844
1408,0.009770892560482025
1409,0.009764181450009346
1410,0.00975881889462471
1411,0.009754514321684837
1412,0.009751546196639538
1413,0.009749244898557663
1414,0.009745092131197453
1415,0.009741020388901234
1416,0.009740738198161125
1417,0.009735310450196266
1418,0.009733466431498528
1419,0.00973088014870882
1420,0.009728285484015942
1421,0.009723406285047531
1422,0.009723379276692867
1423,0.009716443717479706
1424,0.009713219478726387
1425,0.00971134938299656
1426,0.00971023179590702
1427,0.009706540033221245
1428,0.009704045951366425
1429,0.009701153263449669
1430,0.009698795154690742
1431,0.00969591923058033
1432,0.009694365784525871
1433,0.009692107327282429
1434,0.009688046760857105
1435,0.009685125201940536
1436,0.009687237441539764
1437,0.009678550064563751
1438,0.009673969820141792
1439,0.009670384228229523
1440,0.009666800498962402
1441,0.009663866832852364
1442,0.00966138020157814
1443,0.009659238159656525
1444,0.009657410904765129
1445,0.009655237197875977
1446,0.009650122374296188
1447,0.009642593562602997
1448,0.009639235213398933
1449,0.009629316627979279
1450,0.009626267477869987
1451,0.009622923098504543
1452,0.009619245305657387
1453,0.009615004993975163
1454,0.009610764682292938
1455,0.009605196304619312
1456,0.009596258401870728
1457,0.009585835039615631
1458,0.00957702286541462
1459,0.009573608636856079
1460,0.009566675871610641
1461,0.009563099592924118
1462,0.009559310972690582
1463,0.009554827585816383
1464,0.009549878537654877
1465,0.009553633630275726
1466,0.009545175358653069
1467,0.009542730636894703
1468,0.009541884995996952
1469,0.009539656341075897
1470,0.009537836536765099
1471,0.00953693874180317
1472,0.009530842304229736
1473,0.00952779408544302
1474,0.009523102082312107
1475,0.009520954452455044
1476,0.009518736973404884
1477,0.0095183365046978
1478,0.009510070085525513
1479,0.009505456313490868
1480,0.009497838094830513
1481,0.009502828121185303
1482,0.009490245953202248
1483,0.009486109018325806
1484,0.009480929002165794
1485,0.009474987164139748
1486,0.00946694053709507
1487,0.009470988996326923
1488,0.009459349326789379
1489,0.009457499720156193
1490,0.009455498307943344
1491,0.009451569989323616
1492,0.009464017115533352
1493,0.0094472486525774
1494,0.009442959912121296
1495,0.009439203888177872
1496,0.009433990344405174
1497,0.009429315105080605
1498,0.009422538802027702
1499,0.00942113995552063
1500,0.009415362030267715
1501,0.009411659091711044
1502,0.00940982811152935
1503,0.009403068572282791
1504,0.00939946062862873
1505,0.009394718334078789
1506,0.009390277788043022
1507,0.00938796903938055
1508,0.00938544049859047
1509,0.009382909163832664
1510,0.009379623457789421
1511,0.009379117749631405
1512,0.009376424364745617
1513,0.009373466484248638
1514,0.009370451793074608
1515,0.00936639029532671
1516,0.009360969066619873
1517,0.00935794971883297
1518,0.009349878877401352
1519,0.009345587342977524
1520,0.009343132376670837
1521,0.009339911863207817
1522,0.00934489257633686
1523,0.009335258975625038
1524,0.00933319516479969
1525,0.00933221448212862
1526,0.0093290526419878
1527,0.009326260536909103
1528,0.009316922165453434
1529,0.009311379864811897
1530,0.009308134205639362
1531,0.00930796004831791
1532,0.009304111823439598
1533,0.009301627986133099
1534,0.009299254044890404
1535,0.00929496344178915
1536,0.009291332215070724
1537,0.009300384670495987
1538,0.0092869121581316
1539,0.009283809922635555
1540,0.009280530735850334
1541,0.009277460165321827
1542,0.009274310432374477
1543,0.009275278076529503
1544,0.009267709217965603
1545,0.00926627591252327
1546,0.009264550171792507
1547,0.00926118902862072
1548,0.00925781112164259
1549,0.00925405416637659
1550,0.009249147027730942
1551,0.009244805201888084
1552,0.009239641949534416
1553,0.009234175086021423
1554,0.009223110042512417
1555,0.009211257100105286
1556,0.00920199602842331
1557,0.009192202240228653
1558,0.009184425696730614
1559,0.00917878933250904
1560,0.009174303151667118
1561,0.009169632568955421
1562,0.009162260219454765
1563,0.009157795459032059
1564,0.009153924882411957
1565,0.009150739759206772
1566,0.00914396345615387
1567,0.009138939902186394
1568,0.009131945669651031
1569,0.009122142568230629
1570,0.009193041361868382
1571,0.009113545529544353
1572,0.009106170386075974
1573,0.0091016860678792
1574,0.009097221307456493
1575,0.009094497188925743
1576,0.009089382365345955
1577,0.0090873334556818
1578,0.009079065173864365
1579,0.009073374792933464
1580,0.009068172425031662
1581,0.00906289555132389
1582,0.009057440795004368
1583,0.009054960682988167
1584,0.009049945510923862
1585,0.00904509611427784
1586,0.009043373167514801
1587,0.009040509350597858
1588,0.00903711374849081
1589,0.009033190086483955
1590,0.009030118584632874
1591,0.009026872925460339
1592,0.009022223763167858
1593,0.009016795083880424
1594,0.0090095866471529
1595,0.009004656225442886
1596,0.009000398218631744
1597,0.00899871252477169
1598,0.008997103199362755
1599,0.008996082469820976
1600,0.008993929252028465
1601,0.008992154151201248
1602,0.00899062491953373
1603,0.008988076820969582
1604,0.008984401822090149
1605,0.008980384096503258
1606,0.008972888812422752
1607,0.008963504806160927
1608,0.008958907797932625
1609,0.00894986093044281
1610,0.008943861350417137
1611,0.00893883965909481
1612,0.008932068943977356
1613,0.008921509608626366
1614,0.008934831246733665
1615,0.008903341367840767
1616,0.008892914280295372
1617,0.008883483707904816
1618,0.008873803541064262
1619,0.00886459182947874
1620,0.00885685347020626
1621,0.008846412412822247
1622,0.008841508068144321
1623,0.00883396528661251
1624,0.008845120668411255
1625,0.008825913071632385
1626,0.008820967748761177
1627,0.0088155847042799
1628,0.008808370679616928
1629,0.008798878639936447
1630,0.00882002990692854
1631,0.00878111645579338
1632,0.008772902190685272
1633,0.008764795027673244
1634,0.008756959810853004
1635,0.008748500607907772
1636,0.008742110803723335
1637,0.008737083524465561
1638,0.008731486275792122
1639,0.0087272385135293
1640,0.008721541613340378
1641,0.008740190416574478
1642,0.008713954128324986
1643,0.008709611371159554
1644,0.008707809261977673
1645,0.008703768253326416
1646,0.00870092585682869
1647,0.008695706725120544
1648,0.0086893942207098
1649,0.008685696870088577
1650,0.008681777864694595
1651,0.008678654208779335
1652,0.008675655350089073
1653,0.008672437630593777
1654,0.008669566363096237
1655,0.008666208013892174
1656,0.008660254068672657
1657,0.008657778613269329
1658,0.008652031421661377
1659,0.00864744745194912
1660,0.008643325418233871
1661,0.008639493025839329
1662,0.008635670877993107
1663,0.008631573058664799
1664,0.008625450544059277
1665,0.008621323853731155
1666,0.008616458624601364
1667,0.008611168712377548
1668,0.008607427589595318
1669,0.008604555390775204
1670,0.008601387962698936
1671,0.008599380031228065
1672,0.00859843846410513
1673,0.00859597697854042
1674,0.008593359962105751
1675,0.00859089381992817
1676,0.008588843047618866
1677,0.008593890815973282
1678,0.008585158735513687
1679,0.008582592941820621
1680,0.00858116615563631
1681,0.00857962854206562
1682,0.008577847853302956
1683,0.008576334454119205
1684,0.008573065511882305
1685,0.008570099249482155
1686,0.008563964627683163
1687,0.008560927584767342
1688,0.008557560853660107
1689,0.008564678952097893
1690,0.008552507497370243
1691,0.008550463244318962
1692,0.008547641336917877
1693,0.008545603603124619
1694,0.008542336523532867
1695,0.00854155607521534
1696,0.008538827300071716
1697,0.008537909016013145
1698,0.008536038920283318
1699,0.008534803055226803
1700,0.008531461469829082
1701,0.008527141995728016
1702,0.008527375757694244
1703,0.00851944275200367
1704,0.008516360074281693
1705,0.008513174951076508
1706,0.008510340936481953
1707,0.008506294339895248
1708,0.008503362536430359
1709,0.008498620241880417
1710,0.00849450659006834
1711,0.008492087945342064
1712,0.008487721905112267
1713,0.00848299264907837
1714,0.008478360250592232
1715,0.008472922258079052
1716,0.008470382541418076
1717,0.008468175306916237
1718,0.008463915437459946
1719,0.008460705168545246
1720,0.008456146344542503
1721,0.008450482971966267
1722,0.008444849401712418
1723,0.008439053781330585
1724,0.008435690775513649
1725,0.008430235087871552
1726,0.008424165658652782
1727,0.00842038169503212
1728,0.00841524638235569
1729,0.008414320647716522
1730,0.00840708240866661
1731,0.008402424864470959
1732,0.008397544734179974
1733,0.008406238630414009
1734,0.008390216156840324
1735,0.008387254551053047
1736,0.008382227271795273
1737,0.008378036320209503
1738,0.008372634649276733
1739,0.008367108181118965
1740,0.008359266445040703
1741,0.008352805860340595
1742,0.008342858403921127
1743,0.008340095169842243
1744,0.00833621434867382
1745,0.008331126533448696
1746,0.00832617562264204
1747,0.00832218024879694
1748,0.008316097781062126
1749,0.008309656754136086
1750,0.008304823189973831
1751,0.00829619076102972
1752,0.00829196348786354
1753,0.008287240751087666
1754,0.00827714055776596
1755,0.008268805220723152
1756,0.00826272927224636
1757,0.008259427733719349
1758,0.008256817236542702
1759,0.008255229331552982
1760,0.008250903338193893
1761,0.008244318887591362
1762,0.008239289745688438
1763,0.008234038949012756
1764,0.008229056373238564
1765,0.008226088248193264
1766,0.008224161341786385
1767,0.008222280070185661
1768,0.008218534290790558
1769,0.008213638328015804
1770,0.008207114413380623
1771,0.008198311552405357
1772,0.008192143402993679
1773,0.008186877705156803
1774,0.008182648569345474
1775,0.008181188255548477
1776,0.008178099058568478
1777,0.008174554444849491
1778,0.008173220790922642
1779,0.008170529268682003
1780,0.008168746717274189
1781,0.008166899904608727
1782,0.008165325038135052
1783,0.00816294550895691
1784,0.008159863762557507
1785,0.00815820973366499
1786,0.008155602030456066
1787,0.008154002018272877
1788,0.008150865323841572
1789,0.008146840147674084
1790,0.008175261318683624
1791,0.008142797276377678
1792,0.008139028213918209
1793,0.008137336932122707
1794,0.008135915733873844
1795,0.008133449591696262
1796,0.008131645619869232
1797,0.008129477500915527
1798,0.008126415312290192
1799,0.008123711682856083
1800,0.008119739592075348
1801,0.00811576098203659
1802,0.008110810071229935
1803,0.008102474734187126
1804,0.008096778765320778
1805,0.008090529590845108
1806,0.008081266656517982
1807,0.008075658231973648
1808,0.008072469383478165
1809,0.00806930661201477
1810,0.008065586909651756
1811,0.008060077205300331
1812,0.008056093007326126
1813,0.008052671328186989
1814,0.008049882017076015
1815,0.008047661744058132
1816,0.008045732975006104
1817,0.008044615387916565
1818,0.008042627945542336
1819,0.008039917796850204
1820,0.008038741536438465
1821,0.008034711703658104
1822,0.00803090538829565
1823,0.008027933537960052
1824,0.008025099523365498
1825,0.00802310835570097
1826,0.008021935820579529
1827,0.008018912747502327
1828,0.008016609586775303
1829,0.008013827726244926
1830,0.008010470308363438
1831,0.008006221614778042
1832,0.00800215546041727
1833,0.007995788007974625
1834,0.007990947924554348
1835,0.007986772805452347
1836,0.00798405148088932
1837,0.007981779053807259
1838,0.007979427464306355
1839,0.007975028827786446
1840,0.007970841601490974
1841,0.007966778241097927
1842,0.007961801253259182
1843,0.007958952337503433
1844,0.007956127636134624
1845,0.007954231463372707
1846,0.00795129593461752
1847,0.007947899401187897
1848,0.007943414151668549
1849,0.008033571764826775
1850,0.007941597141325474
1851,0.007934379391372204
1852,0.00793113186955452
1853,0.007924988865852356
1854,0.007917193695902824
1855,0.0079103484749794
1856,0.007902744226157665
1857,0.007896888069808483
1858,0.007893543690443039
1859,0.00788843259215355
1860,0.007880008779466152
1861,0.007871375419199467
1862,0.00786210224032402
1863,0.007856416516005993
1864,0.007854164578020573
1865,0.007851985283195972
1866,0.007847566157579422
1867,0.007848158478736877
1868,0.007838909514248371
1869,0.007836023345589638
1870,0.007832479663193226
1871,0.00782962515950203
1872,0.007827992551028728
1873,0.007824723608791828
1874,0.007817495614290237
1875,0.007814493961632252
1876,0.0078110406175255775
1877,0.007816879078745842
1878,0.007806032430380583
1879,0.0078034913167357445
1880,0.007801446132361889
1881,0.007800647057592869
1882,0.007800061255693436
1883,0.007796989753842354
1884,0.0077953096479177475
1885,0.00779367983341217
1886,0.007791241630911827
1887,0.007789226248860359
1888,0.007784338667988777
1889,0.007781863212585449
1890,0.007774366065859795
1891,0.007769281510263681
1892,0.0077659268863499165
1893,0.007761204615235329
1894,0.007756832987070084
1895,0.007757482118904591
1896,0.0077509633265435696
1897,0.007749134674668312
1898,0.00774727575480938
1899,0.007745393551886082
1900,0.00774262472987175
1901,0.0077444324269890785
1902,0.0077378228306770325
1903,0.007735073566436768
1904,0.00773269310593605
1905,0.007730752229690552
1906,0.00772841414436698
1907,0.0077254315838217735
1908,0.007723747752606869
1909,0.007722083479166031
1910,0.007719573564827442
1911,0.007717288564890623
1912,0.007714458741247654
1913,0.007725456729531288
1914,0.007710649631917477
1915,0.00770843680948019
1916,0.0077070738188922405
1917,0.007706243544816971
1918,0.007704081013798714
1919,0.007702067494392395
1920,0.007698980160057545
1921,0.007697104010730982
1922,0.007694567553699017
1923,0.007693677209317684
1924,0.0076929428614676
1925,0.007688356097787619
1926,0.007685001008212566
1927,0.007680381182581186
1928,0.007673847954720259
1929,0.007668992504477501
1930,0.007668256293982267
1931,0.007664638105779886
1932,0.007663107942789793
1933,0.0076620979234576225
1934,0.00765995541587472
1935,0.007658598944544792
1936,0.007699264213442802
1937,0.007657789625227451
1938,0.007654576562345028
1939,0.007654690183699131
1940,0.007651739753782749
1941,0.00765003589913249
1942,0.00764680840075016
1943,0.00764404097571969
1944,0.0076410588808357716
1945,0.007639092393219471
1946,0.0076372139155864716
1947,0.007635178044438362
1948,0.007633627392351627
1949,0.007631627842783928
1950,0.007628563791513443
1951,0.007626620586961508
1952,0.00762531254440546
1953,0.007624831981956959
1954,0.0076236361637711525
1955,0.007619054056704044
1956,0.007613945286720991
1957,0.007611201144754887
1958,0.00760840717703104
1959,0.007606083527207375
1960,0.007606052793562412
1961,0.007604665122926235
1962,0.007602840196341276
1963,0.007600531913340092
1964,0.007598262280225754
1965,0.0075977882370352745
1966,0.007596381474286318
1967,0.007595092058181763
1968,0.007594170048832893
1969,0.007592891342937946
1970,0.007591392379254103
1971,0.007590045221149921
1972,0.007587813772261143
1973,0.007585756480693817
1974,0.007583510130643845
1975,0.007583064958453178
1976,0.007581542246043682
1977,0.007579763885587454
1978,0.00757624814286828
1979,0.007575303316116333
1980,0.007573236245661974
1981,0.0075702364556491375
1982,0.007567933294922113
1983,0.007564309053122997
1984,0.007571328431367874
1985,0.0075592403300106525
1986,0.007558414246886969
1987,0.007556470111012459
1988,0.007555099204182625
1989,0.007553284987807274
1990,0.007551053538918495
1991,0.007549362722784281
1992,0.0075476691126823425
1993,0.007546418812125921
1994,0.007543602026998997
1995,0.007539728656411171
1996,0.007539022248238325
1997,0.0075365593656897545
1998,0.007536245509982109
1999,0.0075339870527386665
2000,0.007532321847975254
2001,0.007529163733124733
2002,0.007526670582592487
2003,0.007524833083152771
2004,0.007521740160882473
2005,0.007518269587308168
2006,0.007514946162700653
2007,0.007513129152357578
2008,0.007509478367865086
2009,0.007506970316171646
2010,0.007504912093281746
2011,0.007502330467104912
2012,0.007499600760638714
2013,0.0074973138980567455
2014,0.007495179772377014
2015,0.007493243552744389
2016,0.007491224445402622
2017,0.007488804869353771
2018,0.007487426046282053
2019,0.0074864886701107025
2020,0.00748454499989748
2021,0.007481487467885017
2022,0.0075127603486180305
2023,0.0074804313480854034
2024,0.0074776033870875835
2025,0.007477335166186094
2026,0.007476535625755787
2027,0.0074744680896401405
2028,0.007472713477909565
2029,0.0074683902785182
2030,0.007465544156730175
2031,0.0074592698365449905
2032,0.007456264924257994
2033,0.007451329380273819
2034,0.007446801755577326
2035,0.007442484609782696
2036,0.0074373697862029076
2037,0.007433666381984949
2038,0.00742714200168848
2039,0.007421939633786678
2040,0.007418758235871792
2041,0.007415608037263155
2042,0.007411899045109749
2043,0.007406879216432571
2044,0.007403828669339418
2045,0.0073956940323114395
2046,0.007388164754956961
2047,0.007383113726973534
2048,0.007379516959190369
2049,0.007378009147942066
2050,0.007376488763839006
2051,0.007373289205133915
2052,0.00736966822296381
2053,0.007365075871348381
2054,0.007359892129898071
2055,0.007354537025094032
2056,0.007351124659180641
2057,0.007345302030444145
2058,0.007336855866014957
2059,0.0073285698890686035
2060,0.007319941651076078
2061,0.007314314134418964
2062,0.007308481261134148
2063,0.00730558717623353
2064,0.00730034988373518
2065,0.007289465516805649
2066,0.00730466190725565
2067,0.007276741787791252
2068,0.007270876318216324
2069,0.007267162203788757
2070,0.00726380106061697
2071,0.007279540412127972
2072,0.007261417340487242
2073,0.007259505335241556
2074,0.007257876917719841
2075,0.0072555020451545715
2076,0.007253367453813553
2077,0.0072496747598052025
2078,0.007246051914989948
2079,0.007242085412144661
2080,0.007239531725645065
2081,0.007236146368086338
2082,0.007233071606606245
2083,0.007229514420032501
2084,0.007227689493447542
2085,0.007225684821605682
2086,0.007224030792713165
2087,0.0072215888649225235
2088,0.007220156490802765
2089,0.007217343896627426
2090,0.00721402233466506
2091,0.007211056537926197
2092,0.007207170128822327
2093,0.007204292342066765
2094,0.0072012851014733315
2095,0.007199238520115614
2096,0.007197090424597263
2097,0.007194673642516136
2098,0.0071899062022566795
2099,0.00720982113853097
2100,0.0071870689280331135
2101,0.007183548528701067
2102,0.007182685658335686
2103,0.007181169930845499
2104,0.007179434411227703
2105,0.007176403887569904
2106,0.007174811791628599
2107,0.007168824318796396
2108,0.007166208699345589
2109,0.0071636284701526165
2110,0.007161377929151058
2111,0.0071585471741855145
2112,0.0071547627449035645
2113,0.007151860743761063
2114,0.007150149904191494
2115,0.0071470486000180244
2116,0.007144724950194359
2117,0.007138933055102825
2118,0.007131808437407017
2119,0.007130426820367575
2120,0.007120882160961628
2121,0.0071168942376971245
2122,0.007112131454050541
2123,0.007105289958417416
2124,0.007097545545548201
2125,0.007100969552993774
2126,0.0070905666798353195
2127,0.007087241858243942
2128,0.007083754055202007
2129,0.007078390568494797
2130,0.0070709893479943275
2131,0.007170354947447777
2132,0.007065531797707081
2133,0.007058450020849705
2134,0.007056063041090965
2135,0.007052835077047348
2136,0.007049463223665953
2137,0.00704151252284646
2138,0.007043220102787018
2139,0.007026083767414093
2140,0.0070219337940216064
2141,0.007018649950623512
2142,0.007016339339315891
2143,0.007011735811829567
2144,0.00700769480317831
2145,0.007002939470112324
2146,0.00699964864179492
2147,0.006997809745371342
2148,0.006996743381023407
2149,0.006996022071689367
2150,0.0069923680275678635
2151,0.0069888802245259285
2152,0.006984339561313391
2153,0.00698566809296608
2154,0.006978520192205906
2155,0.006975924596190453
2156,0.006973926909267902
2157,0.006972854491323233
2158,0.006970963440835476
2159,0.0069701820611953735
2160,0.006968718022108078
2161,0.006966912187635899
2162,0.006965309381484985
2163,0.006962832063436508
2164,0.006958646699786186
2165,0.006957352161407471
2166,0.006952320225536823
2167,0.006951360031962395
2168,0.006950389593839645
2169,0.006948964670300484
2170,0.006947739981114864
2171,0.0069451783783733845
2172,0.006954578682780266
2173,0.006941348314285278
2174,0.006939138285815716
2175,0.006937582511454821
2176,0.006935685873031616
2177,0.006933709140866995
2178,0.0069304946810007095
2179,0.006926680915057659
2180,0.0069291978143155575
2181,0.006921799853444099
2182,0.006920620333403349
2183,0.006918872706592083
2184,0.006916960701346397
2185,0.006913854740560055
2186,0.00691133551299572
2187,0.0069375247694551945
2188,0.006909208372235298
2189,0.006907660514116287
2190,0.006905566435307264
2191,0.006904317531734705
2192,0.0069025177508592606
2193,0.0069002616219222546
2194,0.0068973638117313385
2195,0.006894124671816826
2196,0.00689280591905117
2197,0.006890509277582169
2198,0.006888249889016151
2199,0.006886747665703297
2200,0.006884096655994654
2201,0.006880487781018019
2202,0.006876712664961815
2203,0.006874064914882183
2204,0.006872191093862057
2205,0.0068722800351679325
2206,0.0068700360134243965
2207,0.006868802942335606
2208,0.006867152638733387
2209,0.0068656159564852715
2210,0.006863802671432495
2211,0.006862251088023186
2212,0.006933862343430519
2213,0.006861405447125435
2214,0.0068573737516999245
2215,0.006855960935354233
2216,0.006854400038719177
2217,0.006851959507912397
2218,0.006849122233688831
2219,0.006844688206911087
2220,0.006877029314637184
2221,0.006840597838163376
2222,0.006837081629782915
2223,0.00683522317558527
2224,0.0068326108157634735
2225,0.006828636396676302
2226,0.006825428921729326
2227,0.006821751594543457
2228,0.006820174865424633
2229,0.006815576925873756
2230,0.00681174686178565
2231,0.006806126795709133
2232,0.006798484828323126
2233,0.006798944436013699
2234,0.006787858437746763
2235,0.006785194855183363
2236,0.006782789248973131
2237,0.006779843010008335
2238,0.0067756567150354385
2239,0.00677105039358139
2240,0.0067668575793504715
2241,0.006759542040526867
2242,0.006756970193237066
2243,0.006752569694072008
2244,0.006760017015039921
2245,0.006748883984982967
2246,0.0067455763928592205
2247,0.006743825972080231
2248,0.006740395445376635
2249,0.006737504154443741
2250,0.006733072455972433
2251,0.006730582565069199
2252,0.006728530861437321
2253,0.006727272644639015
2254,0.006725450977683067
2255,0.006723704747855663
2256,0.006722669117152691
2257,0.006721497979015112
2258,0.006721305660903454
2259,0.0067209526896476746
2260,0.006720269564539194
2261,0.006719600409269333
2262,0.0067186495289206505
2263,0.006718233227729797
2264,0.006716456264257431
2265,0.006715269759297371
2266,0.0067141856998205185
2267,0.0067134122364223
2268,0.006712258793413639
2269,0.006711442954838276
2270,0.0067096976563334465
2271,0.00670839985832572
2272,0.006706254556775093
2273,0.006704872008413076
2274,0.006702044978737831
2275,0.006697488948702812
2276,0.006691664457321167
2277,0.006686999928206205
2278,0.0066830976866185665
2279,0.006680632010102272
2280,0.006679805926978588
2281,0.006677601486444473
2282,0.006675800308585167
2283,0.006673559546470642
2284,0.006672346964478493
2285,0.006671339273452759
2286,0.006668461952358484
2287,0.006666398141533136
2288,0.006664559245109558
2289,0.0066605219617486
2290,0.006657072342932224
2291,0.0066538844257593155
2292,0.0066484203562140465
2293,0.006642979569733143
2294,0.006635940633714199
2295,0.006630351766943932
2296,0.00662554707378149
2297,0.006616408471018076
2298,0.006607926916331053
2299,0.0066085499711334705
2300,0.006588589400053024
2301,0.006581639405339956
2302,0.0065752360969781876
2303,0.0065674204379320145
2304,0.006560159381479025
2305,0.006554819643497467
2306,0.006549959070980549
2307,0.006544467527419329
2308,0.00654729176312685
2309,0.006540518254041672
2310,0.006539524998515844
2311,0.006539454683661461
2312,0.006537674926221371
2313,0.006535664200782776
2314,0.006536978296935558
2315,0.0065315598621964455
2316,0.006528419908136129
2317,0.006525911390781403
2318,0.0065235234797000885
2319,0.006519148591905832
2320,0.006517105735838413
2321,0.006514820270240307
2322,0.00651269406080246
2323,0.006509097293019295
2324,0.006502292584627867
2325,0.006500851362943649
2326,0.006491729989647865
2327,0.0064879837445914745
2328,0.006484813056886196
2329,0.006482715252786875
2330,0.00648097088560462
2331,0.006479715928435326
2332,0.006475947797298431
2333,0.006475027184933424
2334,0.006472714710980654
2335,0.006469841115176678
2336,0.006468160077929497
2337,0.006464066915214062
2338,0.006462249904870987
2339,0.006459968164563179
2340,0.006457232404500246
2341,0.006450783461332321
2342,0.006444140337407589
2343,0.00644347257912159
2344,0.006436385679990053
2345,0.006432876922190189
2346,0.006430482491850853
2347,0.006426647771149874
2348,0.006421717815101147
2349,0.00642042513936758
2350,0.006416758056730032
2351,0.0064125945791602135
2352,0.006407839246094227
2353,0.006402954924851656
2354,0.006404026411473751
2355,0.006395026110112667
2356,0.006390649825334549
2357,0.006386476568877697
2358,0.006382440682500601
2359,0.006377003155648708
2360,0.006382516119629145
2361,0.0063702319748699665
2362,0.006366455927491188
2363,0.006362107582390308
2364,0.0063598849810659885
2365,0.0063573578372597694
2366,0.006353319156914949
2367,0.00635136291384697
2368,0.006346856243908405
2369,0.006343274377286434
2370,0.006341768428683281
2371,0.006338060833513737
2372,0.006352855823934078
2373,0.006332629360258579
2374,0.006330052390694618
2375,0.006327686831355095
2376,0.0063259839080274105
2377,0.00632366631180048
2378,0.006324382498860359
2379,0.006316097918897867
2380,0.006311964243650436
2381,0.006308714859187603
2382,0.006313315127044916
2383,0.006303706672042608
2384,0.006300703622400761
2385,0.006297721061855555
2386,0.006295306608080864
2387,0.006291539408266544
2388,0.006286372430622578
2389,0.006281884387135506
2390,0.006280102767050266
2391,0.00627752672880888
2392,0.006273960694670677
2393,0.006269730161875486
2394,0.00626596063375473
2395,0.006263288203626871
2396,0.006260937079787254
2397,0.006258855573832989
2398,0.006257269531488419
2399,0.006254895590245724
2400,0.006251553073525429
2401,0.006248655263334513
2402,0.0062459250912070274
2403,0.006243090610951185
2404,0.006240516435354948
2405,0.006238969974219799
2406,0.006237789988517761
2407,0.00623520091176033
2408,0.0062331268563866615
2409,0.006230746395885944
2410,0.006227458361536264
2411,0.006225548684597015
2412,0.006223789881914854
2413,0.006222550757229328
2414,0.006220368668437004
2415,0.006243088282644749
2416,0.0062180496752262115
2417,0.006215456407517195
2418,0.006214819848537445
2419,0.006213846616446972
2420,0.006212637759745121
2421,0.006210543215274811
2422,0.00620794203132391
2423,0.0062042586505413055
2424,0.006200050935149193
2425,0.006197481881827116
2426,0.006241761147975922
2427,0.006196583621203899
2428,0.006193824112415314
2429,0.006193164736032486
2430,0.006191441789269447
2431,0.0061891572549939156
2432,0.0061865136958658695
2433,0.006181932054460049
2434,0.006177607923746109
2435,0.006173745263367891
2436,0.006171990651637316
2437,0.006169727072119713
2438,0.006165714934468269
2439,0.00616249768063426
2440,0.006157456431537867
2441,0.00615262147039175
2442,0.006148282438516617
2443,0.00614482257515192
2444,0.0061417920514941216
2445,0.006131823640316725
2446,0.006124407984316349
2447,0.006118321791291237
2448,0.006110338494181633
2449,0.006102380342781544
2450,0.0060963938012719154
2451,0.006084037013351917
2452,0.006077181082218885
2453,0.006070741452276707
2454,0.006066989153623581
2455,0.006062990985810757
2456,0.006058615632355213
2457,0.006051673553884029
2458,0.006043925415724516
2459,0.0060363030061125755
2460,0.006032897159457207
2461,0.006028241477906704
2462,0.006022902671247721
2463,0.006019094958901405
2464,0.0060136886313557625
2465,0.006008688360452652
2466,0.0060026878491044044
2467,0.005998598411679268
2468,0.005996077787131071
2469,0.0059944018721580505
2470,0.005994689650833607
2471,0.00599302351474762
2472,0.005991431884467602
2473,0.00598971638828516
2474,0.005987321026623249
2475,0.0059852018021047115
2476,0.005982640665024519
2477,0.005979299545288086
2478,0.0059750694781541824
2479,0.005972207523882389
2480,0.005969078280031681
2481,0.005962648428976536
2482,0.00595805374905467
2483,0.005952807143330574
2484,0.0059508588165044785
2485,0.005948580801486969
2486,0.0059471745043993
2487,0.005946148186922073
2488,0.005944595672190189
2489,0.005944370292127132
2490,0.0059404680505394936
2491,0.005935957655310631
2492,0.00592990405857563
2493,0.00592320691794157
2494,0.005918493494391441
2495,0.005922228097915649
2496,0.005914711393415928
2497,0.005913652945309877
2498,0.005912565626204014
2499,0.005912018474191427
2500,0.005910207983106375
2501,0.005908021703362465
2502,0.0059066275134682655
2503,0.005903150420635939
2504,0.005902142263948917
2505,0.005899821408092976
2506,0.005899162497371435
2507,0.005896505434066057
2508,0.005895155947655439
2509,0.005893947556614876
2510,0.005893235560506582
2511,0.005891281645745039
2512,0.005889919586479664
2513,0.005886710248887539
2514,0.005929581820964813
2515,0.005884776823222637
2516,0.0058818394318223
2517,0.005881415214389563
2518,0.005879887379705906
2519,0.005879329517483711
2520,0.005876355804502964
2521,0.005873728543519974
2522,0.0058711981400847435
2523,0.005868830718100071
2524,0.005865141283720732
2525,0.005864142440259457
2526,0.005862037651240826
2527,0.0058608269318938255
2528,0.00585935590788722
2529,0.005859204102307558
2530,0.005859114229679108
2531,0.005858954973518848
2532,0.005857875570654869
2533,0.0058571333065629005
2534,0.005856845527887344
2535,0.005856549367308617
2536,0.005855565890669823
2537,0.005854045506566763
2538,0.005852698348462582
2539,0.0058512017130851746
2540,0.005849442910403013
2541,0.005846965126693249
2542,0.0058441320434212685
2543,0.0058416202664375305
2544,0.005838801618665457
2545,0.005838084500283003
2546,0.005836397409439087
2547,0.005835880059748888
2548,0.005834584590047598
2549,0.005841471254825592
2550,0.00583394430577755
2551,0.005833741743117571
2552,0.0058326441794633865
2553,0.005832043942064047
2554,0.005831598304212093
2555,0.005831428803503513
2556,0.005829149857163429
2557,0.005826449021697044
2558,0.005823774728924036
2559,0.0058195218443870544
2560,0.005816163495182991
2561,0.005814358592033386
2562,0.005812943913042545
2563,0.005810674279928207
2564,0.005808953195810318
2565,0.005806267261505127
2566,0.005804929882287979
2567,0.005804075859487057
2568,0.005803745239973068
2569,0.005802348256111145
2570,0.00580054335296154
2571,0.005797929130494595
2572,0.005794963333755732
2573,0.005793662741780281
2574,0.00579212699085474
2575,0.005790244787931442
2576,0.005789211019873619
2577,0.0057886019349098206
2578,0.005786965601146221
2579,0.005787544418126345
2580,0.005785155575722456
2581,0.005784095264971256
2582,0.005782291758805513
2583,0.005781622137874365
2584,0.005779625847935677
2585,0.005777317099273205
2586,0.005780313163995743
2587,0.0057748956605792046
2588,0.005773650482296944
2589,0.005773555487394333
2590,0.005772656761109829
2591,0.00577109819278121
2592,0.00577121414244175
2593,0.005768000613898039
2594,0.005765787325799465
2595,0.005762466229498386
2596,0.005760441534221172
2597,0.0057580480352044106
2598,0.0057547250762581825
2599,0.005753153003752232
2600,0.005750502459704876
2601,0.005748774856328964
2602,0.005745983682572842
2603,0.005744938272982836
2604,0.005740748718380928
2605,0.005739537067711353
2606,0.005733303725719452
2607,0.0057288045063614845
2608,0.005723911337554455
2609,0.005719275213778019
2610,0.005715541075915098
2611,0.005712159909307957
2612,0.00570866372436285
2613,0.005702505819499493
2614,0.0056997425854206085
2615,0.0056969765573740005
2616,0.005695026367902756
2617,0.005692785605788231
2618,0.00568987475708127
2619,0.0056881532073020935
2620,0.005686111282557249
2621,0.005685137584805489
2622,0.005682647228240967
2623,0.005681726150214672
2624,0.005680695176124573
2625,0.005679471418261528
2626,0.005677693989127874
2627,0.0056751747615635395
2628,0.005673710256814957
2629,0.005672975443303585
2630,0.005671692546457052
2631,0.005670848768204451
2632,0.0056696138344705105
2633,0.005667410790920258
2634,0.005665159318596125
2635,0.00566329900175333
2636,0.005661356262862682
2637,0.005659220274537802
2638,0.005656817927956581
2639,0.005654417909681797
2640,0.005652095656841993
2641,0.005676242057234049
2642,0.005647164769470692
2643,0.005643815733492374
2644,0.005641630385071039
2645,0.00563820730894804
2646,0.00563606433570385
2647,0.005634186789393425
2648,0.005631538573652506
2649,0.005629034247249365
2650,0.0056249527260661125
2651,0.005621747579425573
2652,0.005617203190922737
2653,0.005610595922917128
2654,0.005620957817882299
2655,0.005606980994343758
2656,0.005605924874544144
2657,0.005604800768196583
2658,0.0056035686284303665
2659,0.005602223798632622
2660,0.005599968135356903
2661,0.00559751782566309
2662,0.005596528761088848
2663,0.005593489855527878
2664,0.005592170171439648
2665,0.005590129178017378
2666,0.005588294938206673
2667,0.005586279556155205
2668,0.0055839987471699715
2669,0.005582322366535664
2670,0.005579889286309481
2671,0.005576717667281628
2672,0.005573884584009647
2673,0.005570372566580772
2674,0.005566008388996124
2675,0.005561895668506622
2676,0.005559010896831751
2677,0.005556464195251465
2678,0.00555363018065691
2679,0.005551319569349289
2680,0.005548619665205479
2681,0.005546064116060734
2682,0.005541842430830002
2683,0.005551986396312714
2684,0.005538858938962221
2685,0.005537827964872122
2686,0.00553737161681056
2687,0.005535490810871124
2688,0.005533911287784576
2689,0.0055326009169220924
2690,0.005530611611902714
2691,0.005529647693037987
2692,0.005527856759727001
2693,0.0055260369554162025
2694,0.005523790139704943
2695,0.005520222708582878
2696,0.005517633631825447
2697,0.005514016840606928
2698,0.005512054078280926
2699,0.005510144867002964
2700,0.005507984664291143
2701,0.005505465902388096
2702,0.005503304302692413
2703,0.005511174444109201
2704,0.005500349216163158
2705,0.005499257706105709
2706,0.005497998557984829
2707,0.005496767349541187
2708,0.0054956767708063126
2709,0.005493973847478628
2710,0.005491233896464109
2711,0.005495052319020033
2712,0.005487546790391207
2713,0.005486345384269953
2714,0.00548557611182332
2715,0.005485336761921644
2716,0.005485039670020342
2717,0.00548446923494339
2718,0.0054858592338860035
2719,0.00548267737030983
2720,0.0054811593145132065
2721,0.005480409599840641
2722,0.005479242652654648
2723,0.005478484556078911
2724,0.005477194674313068
2725,0.0054762396030128
2726,0.005474776495248079
2727,0.005473834462463856
2728,0.0054728686809539795
2729,0.005471295677125454
2730,0.005469801370054483
2731,0.005468600429594517
2732,0.0054673003032803535
2733,0.005465540569275618
2734,0.005463274195790291
2735,0.005460292566567659
2736,0.0054589225910604
2737,0.005457446910440922
2738,0.0054572150111198425
2739,0.005455817095935345
2740,0.0054549165070056915
2741,0.005454109515994787
2742,0.005453726276755333
2743,0.005452800076454878
2744,0.005451556760817766
2745,0.0054504647850990295
2746,0.005448461510241032
2747,0.005446220748126507
2748,0.005444101989269257
2749,0.005442037247121334
2750,0.005439735483378172
2751,0.0054367645643651485
2752,0.0054330057464540005
2753,0.0054306029342114925
2754,0.005428894888609648
2755,0.0054275575093925
2756,0.005426902323961258
2757,0.00542620662599802
2758,0.005425203125923872
2759,0.005424490198493004
2760,0.005424140952527523
2761,0.005423752591013908
2762,0.005422929767519236
2763,0.0054212999530136585
2764,0.0054203905165195465
2765,0.005419065710157156
2766,0.005417624954134226
2767,0.005416525527834892
2768,0.005415186285972595
2769,0.005413025617599487
2770,0.005411122925579548
2771,0.0054090991616249084
2772,0.005407204385846853
2773,0.005405430216342211
2774,0.005402333103120327
2775,0.005398780107498169
2776,0.005395883694291115
2777,0.005392823368310928
2778,0.005391184240579605
2779,0.0053890421986579895
2780,0.005387149751186371
2781,0.005385369993746281
2782,0.005384295247495174
2783,0.005382309667766094
2784,0.005380996502935886
2785,0.0053795515559613705
2786,0.005384957417845726
2787,0.0053780097514390945
2788,0.005377177614718676
2789,0.005376634653657675
2790,0.005375811830163002
2791,0.005375124514102936
2792,0.005373355001211166
2793,0.005372322164475918
2794,0.005370783619582653
2795,0.005370269529521465
2796,0.005368314683437347
2797,0.0053656878881156445
2798,0.005363373085856438
2799,0.005361556075513363
2800,0.005360232666134834
2801,0.005359118338674307
2802,0.005358699709177017
2803,0.005358193069696426
2804,0.0053571611642837524
2805,0.005356573965400457
2806,0.005355865694582462
2807,0.005354124587029219
2808,0.0053527262061834335
2809,0.005351709201931953
2810,0.005349555052816868
2811,0.005362804047763348
2812,0.005347349215298891
2813,0.005346236750483513
2814,0.005345258861780167
2815,0.005345483310520649
2816,0.005343698430806398
2817,0.005350816994905472
2818,0.005343190860003233
2819,0.005342616233974695
2820,0.00534172635525465
2821,0.005341296084225178
2822,0.005340740084648132
2823,0.005340485833585262
2824,0.00533917173743248
2825,0.005338456481695175
2826,0.005337271373718977
2827,0.005335147958248854
2828,0.005333883687853813
2829,0.005334732122719288
2830,0.00533022778108716
2831,0.0053293416276574135
2832,0.005327625200152397
2833,0.005325589329004288
2834,0.005324058700352907
2835,0.005321544129401445
2836,0.005319445859640837
2837,0.0053180824033916
2838,0.005316612776368856
2839,0.005315972492098808
2840,0.005314395762979984
2841,0.005313624162226915
2842,0.005311367101967335
2843,0.005309876054525375
2844,0.005308374762535095
2845,0.005307142622768879
2846,0.005304436199367046
2847,0.005301839672029018
2848,0.005298820324242115
2849,0.0052969385869801044
2850,0.005295131355524063
2851,0.005294430535286665
2852,0.005292939022183418
2853,0.00529245613142848
2854,0.00529143400490284
2855,0.005290218163281679
2856,0.005288861691951752
2857,0.005287325941026211
2858,0.005285282619297504
2859,0.005283523350954056
2860,0.005281164310872555
2861,0.0052789198234677315
2862,0.0052766622975468636
2863,0.0052752080373466015
2864,0.0052735889330506325
2865,0.005272776819765568
2866,0.005272547248750925
2867,0.0052717593498528
2868,0.005271702539175749
2869,0.0052704275585711
2870,0.005268546286970377
2871,0.005268401466310024
2872,0.005265932064503431
2873,0.00526485126465559
2874,0.005263658706098795
2875,0.005263070575892925
2876,0.005262244958430529
2877,0.005262299440801144
2878,0.0052609508857131
2879,0.005259664263576269
2880,0.0052597238682210445
2881,0.005259029101580381
2882,0.005258392542600632
2883,0.00525672035291791
2884,0.0052556609734892845
2885,0.005253251176327467
2886,0.005252527073025703
2887,0.005251184105873108
2888,0.005250167567282915
2889,0.0052492860704660416
2890,0.005247551016509533
2891,0.005245675332844257
2892,0.005243996623903513
2893,0.005242066457867622
2894,0.005240255035459995
2895,0.005235292948782444
2896,0.0052315955981612206
2897,0.005229707807302475
2898,0.005227112676948309
2899,0.005224017426371574
2900,0.005220867693424225
2901,0.005215909332036972
2902,0.005212861113250256
2903,0.0052118063904345036
2904,0.005210748873651028
2905,0.005208955146372318
2906,0.0052075814455747604
2907,0.005205261055380106
2908,0.005204790271818638
2909,0.0052034747786819935
2910,0.005202677100896835
2911,0.005202081054449081
2912,0.005200349725782871
2913,0.005198259372264147
2914,0.0051940567791461945
2915,0.005203531123697758
2916,0.00518887210637331
2917,0.005186694674193859
2918,0.005184842739254236
2919,0.0051831454038619995
2920,0.00518149696290493
2921,0.005180148873478174
2922,0.005177726037800312
2923,0.005176233127713203
2924,0.005173814482986927
2925,0.005170838441699743
2926,0.005168375559151173
2927,0.005163972266018391
2928,0.005158769898116589
2929,0.0051539866253733635
2930,0.005150723271071911
2931,0.005146541632711887
2932,0.005143716465681791
2933,0.005139388144016266
2934,0.005135032348334789
2935,0.0051276893354952335
2936,0.005123471841216087
2937,0.00511866994202137
2938,0.0051158214919269085
2939,0.005113236140459776
2940,0.0051113311201334
2941,0.005109844263643026
2942,0.005108094774186611
2943,0.005107078701257706
2944,0.005106753204017878
2945,0.005106204655021429
2946,0.005105508491396904
2947,0.005104670766741037
2948,0.005103550851345062
2949,0.005102778784930706
2950,0.005101910326629877
2951,0.005101489834487438
2952,0.005100843496620655
2953,0.005098719149827957
2954,0.005097024608403444
2955,0.005096588749438524
2956,0.005095606669783592
2957,0.005093527492135763
2958,0.005091982893645763
2959,0.005090651102364063
2960,0.005089679732918739
2961,0.005088167265057564
2962,0.005086963996291161
2963,0.005085788667201996
2964,0.0050841993652284145
2965,0.005083599127829075
2966,0.005082798656076193
2967,0.005081459414213896
2968,0.005081091076135635
2969,0.005079243332147598
2970,0.0050787730142474174
2971,0.005078435875475407
2972,0.005077947396785021
2973,0.005077735986560583
2974,0.005076963920146227
2975,0.005076725501567125
2976,0.005075352732092142
2977,0.005074745509773493
2978,0.005073857493698597
2979,0.005072579253464937
2980,0.005071444436907768
2981,0.00507006561383605
2982,0.0050682914443314075
2983,0.005067550577223301
2984,0.005066807381808758
2985,0.0050662970170378685
2986,0.0050642360001802444
2987,0.005062861833721399
2988,0.005061311647295952
2989,0.005059907212853432
2990,0.0050584361888468266
2991,0.005056236870586872
2992,0.005054926499724388
2993,0.005053142085671425
2994,0.00505178514868021
2995,0.005049762316048145
2996,0.005048826336860657
2997,0.005047691985964775
2998,0.005047710612416267
2999,0.005047195125371218
3000,0.005046580918133259
3001,0.005045476835221052
3002,0.005043850280344486
3003,0.005042576231062412
3004,0.005040318705141544
3005,0.005065158940851688
3006,0.005039392504841089
3007,0.005037548020482063
3008,0.005035862326622009
3009,0.005033658351749182
3010,0.005031761713325977
3011,0.005028175190091133
3012,0.00502163777127862
3013,0.005015579052269459
3014,0.0050103869289159775
3015,0.0050069913268089294
3016,0.0050054495222866535
3017,0.00500312028452754
3018,0.005000022239983082
3019,0.004996126517653465
3020,0.00499185174703598
3021,0.004988939501345158
3022,0.00498361699283123
3023,0.004979162476956844
3024,0.004974156618118286
3025,0.004975500982254744
3026,0.004967947490513325
3027,0.004965496715158224
3028,0.004963561426848173
3029,0.004960943479090929
3030,0.004956500604748726
3031,0.004971127491444349
3032,0.004948647692799568
3033,0.004944732412695885
3034,0.004942445084452629
3035,0.0049404362216591835
3036,0.004938442725688219
3037,0.004934540018439293
3038,0.004932526499032974
3039,0.0049291085451841354
3040,0.004926307126879692
3041,0.004921466112136841
3042,0.004917028825730085
3043,0.004911529831588268
3044,0.00490607088431716
3045,0.004899974912405014
3046,0.004895164631307125
3047,0.004891908727586269
3048,0.004887138493359089
3049,0.0048837424255907536
3050,0.004879415035247803
3051,0.004882343113422394
3052,0.004869276657700539
3053,0.0048647234216332436
3054,0.004861030727624893
3055,0.00485869450494647
3056,0.004856518469750881
3057,0.0048539042472839355
3058,0.004848215728998184
3059,0.004840930458158255
3060,0.004835856147110462
3061,0.004834734834730625
3062,0.004832061938941479
3063,0.004829647019505501
3064,0.004828555975109339
3065,0.00482604606077075
3066,0.004824134986847639
3067,0.004820347763597965
3068,0.004819601774215698
3069,0.004816907458007336
3070,0.00481524970382452
3071,0.0048134359531104565
3072,0.004811498336493969
3073,0.004809540696442127
3074,0.0048065753653645515
3075,0.004804765805602074
3076,0.004802478477358818
3077,0.004798994865268469
3078,0.004797349683940411
3079,0.00479141715914011
3080,0.004788902588188648
3081,0.004786278586834669
3082,0.004784525837749243
3083,0.00478196470066905
3084,0.0047789206728339195
3085,0.004776035435497761
3086,0.004773988388478756
3087,0.004772287793457508
3088,0.004769137129187584
3089,0.004765418358147144
3090,0.004760798066854477
3091,0.004755000118166208
3092,0.004746846854686737
3093,0.004740060307085514
3094,0.0047352672554552555
3095,0.004730909131467342
3096,0.004727290477603674
3097,0.004724104888737202
3098,0.004720809403806925
3099,0.0047180866822600365
3100,0.004716238006949425
3101,0.004713461734354496
3102,0.004710907116532326
3103,0.004705679602921009
3104,0.00470229797065258
3105,0.004700032528489828
3106,0.004699207376688719
3107,0.004696324467658997
3108,0.004708707798272371
3109,0.004695109091699123
3110,0.004693968221545219
3111,0.004693310242146254
3112,0.004692468326538801
3113,0.004691720940172672
3114,0.004690973088145256
3115,0.004689939320087433
3116,0.004697547294199467
3117,0.004688088316470385
3118,0.004687033593654633
3119,0.0046859849244356155
3120,0.004684836603701115
3121,0.004683861043304205
3122,0.004683099687099457
3123,0.0046822079457342625
3124,0.00468131760135293
3125,0.00468055997043848
3126,0.004679191391915083
3127,0.00467779440805316
3128,0.00467598345130682
3129,0.004674152471125126
3130,0.004672687500715256
3131,0.004671962466090918
3132,0.00467132031917572
3133,0.004671092610806227
3134,0.00466849934309721
3135,0.004666577558964491
3136,0.004664446227252483
3137,0.004662396386265755
3138,0.004661261104047298
3139,0.004660320468246937
3140,0.004660072270780802
3141,0.004658513702452183
3142,0.00465701799839735
3143,0.004655604250729084
3144,0.004654693882912397
3145,0.004653310403227806
3146,0.004652831237763166
3147,0.00465196929872036
3148,0.004648866597563028
3149,0.004646945279091597
3150,0.004645440261811018
3151,0.004643441177904606
3152,0.004641827195882797
3153,0.0046399300917983055
3154,0.004638003185391426
3155,0.004635742865502834
3156,0.004632472060620785
3157,0.00462891673669219
3158,0.00462708156555891
3159,0.004626034293323755
3160,0.004624964203685522
3161,0.0046225544065237045
3162,0.004619401413947344
3163,0.004616623744368553
3164,0.004614401143044233
3165,0.004613219294697046
3166,0.0046125659719109535
3167,0.004611116833984852
3168,0.004609039518982172
3169,0.004605925641953945
3170,0.004602883476763964
3171,0.004599046427756548
3172,0.004596554208546877
3173,0.0045946938917040825
3174,0.0045941974967718124
3175,0.004592839628458023
3176,0.004591706208884716
3177,0.004590526223182678
3178,0.004590005613863468
3179,0.004589669872075319
3180,0.004588614217936993
3181,0.0045877364464104176
3182,0.004586360417306423
3183,0.004584956914186478
3184,0.0045847659930586815
3185,0.0045839338563382626
3186,0.004583560861647129
3187,0.004582223016768694
3188,0.004581001587212086
3189,0.004580079577863216
3190,0.00457890797406435
3191,0.004578210413455963
3192,0.004576294682919979
3193,0.004574772901833057
3194,0.004573806654661894
3195,0.004571165423840284
3196,0.0045697689056396484
3197,0.00456866854801774
3198,0.004566506948322058
3199,0.004563635680824518
3200,0.004562470130622387
3201,0.004558917135000229
3202,0.004556646570563316
3203,0.004555875435471535
3204,0.004555047489702702
3205,0.004553390201181173
3206,0.004552444908767939
3207,0.004552040249109268
3208,0.004551254212856293
3209,0.004551473539322615
3210,0.004549802280962467
3211,0.004548924043774605
3212,0.004548357333987951
3213,0.004547864198684692
3214,0.004547285847365856
3215,0.004548472352325916
3216,0.004546416457742453
3217,0.004545602947473526
3218,0.00454449700191617
3219,0.004544025752693415
3220,0.004543406888842583
3221,0.00454153073951602
3222,0.004603317938745022
3223,0.004542056005448103
3224,0.004539367277175188
3225,0.004538536071777344
3226,0.004538046196103096
3227,0.004536963067948818
3228,0.004535167012363672
3229,0.004533774685114622
3230,0.004530375357717276
3231,0.004527871962636709
3232,0.004525225609540939
3233,0.004522309638559818
3234,0.004517918452620506
3235,0.0045159319415688515
3236,0.004514413885772228
3237,0.004514259286224842
3238,0.004513378720730543
3239,0.004512588027864695
3240,0.00451158732175827
3241,0.004511077422648668
3242,0.004509672522544861
3243,0.004508908372372389
3244,0.004507963079959154
3245,0.004507771693170071
3246,0.004506757482886314
3247,0.004505577962845564
3248,0.004505078308284283
3249,0.0045044682919979095
3250,0.004504002630710602
3251,0.004502472933381796
3252,0.0045016855001449585
3253,0.004499761387705803
3254,0.004498885944485664
3255,0.004497529473155737
3256,0.0044964393600821495
3257,0.0044956025667488575
3258,0.0044942935928702354
3259,0.004492605105042458
3260,0.004491735715419054
3261,0.004491132218390703
3262,0.0044907620176672935
3263,0.0044901613146066666
3264,0.004489279352128506
3265,0.004489013459533453
3266,0.004488199483603239
3267,0.004487668164074421
3268,0.00448695058003068
3269,0.004486764781177044
3270,0.004486282356083393
3271,0.004485712852329016
3272,0.004484949633479118
3273,0.004484189208596945
3274,0.004483367316424847
3275,0.00448229955509305
3276,0.00448128767311573
3277,0.004480751696974039
3278,0.004482015501707792
3279,0.004480310250073671
3280,0.004479669034481049
3281,0.0044790469110012054
3282,0.004478871822357178
3283,0.004478175193071365
3284,0.004477489739656448
3285,0.004477040842175484
3286,0.004476390313357115
3287,0.0044753579422831535
3288,0.004474226385354996
3289,0.004472617991268635
3290,0.004470469430088997
3291,0.004468254745006561
3292,0.0044664437882602215
3293,0.004465393256396055
3294,0.004463883116841316
3295,0.004462995566427708
3296,0.00446224445477128
3297,0.004461823031306267
3298,0.004460263065993786
3299,0.004458742216229439
3300,0.004456853494048119
3301,0.00445480365306139
3302,0.004453101195394993
3303,0.0044515710324049
3304,0.004450338892638683
3305,0.004448787774890661
3306,0.004446888342499733
3307,0.004445120692253113
3308,0.004443044774234295
3309,0.004441523924469948
3310,0.00444016745314002
3311,0.004438064992427826
3312,0.004436873365193605
3313,0.004436100833117962
3314,0.0044343071058392525
3315,0.00443258136510849
3316,0.0044306362979114056
3317,0.004428929649293423
3318,0.004425659775733948
3319,0.004422827623784542
3320,0.0044197989627718925
3321,0.004417778458446264
3322,0.0044200485572218895
3323,0.004416532348841429
3324,0.004415435716509819
3325,0.004414770286530256
3326,0.004413427319377661
3327,0.004411117173731327
3328,0.004408203065395355
3329,0.004404857289046049
3330,0.004399435594677925
3331,0.004393915180116892
3332,0.004389467649161816
3333,0.0043863775208592415
3334,0.004382537677884102
3335,0.004381067119538784
3336,0.004379964433610439
3337,0.004378811456263065
3338,0.004376353230327368
3339,0.004373600240796804
3340,0.004371647723019123
3341,0.004369399510324001
3342,0.004367763642221689
3343,0.004366565961390734
3344,0.0043645258992910385
3345,0.004363320767879486
3346,0.004361566621810198
3347,0.00435999920591712
3348,0.004358616657555103
3349,0.004357624799013138
3350,0.004356172401458025
3351,0.004355656914412975
3352,0.004354611039161682
3353,0.0043533556163311005
3354,0.004351884126663208
3355,0.0043497104197740555
3356,0.00434867013245821
3357,0.0043479097075760365
3358,0.004347281530499458
3359,0.004346177447587252
3360,0.004345006309449673
3361,0.004345343913882971
3362,0.004342418164014816
3363,0.004341534338891506
3364,0.00434050103649497
3365,0.004339414648711681
3366,0.004337949678301811
3367,0.004335831850767136
3368,0.0043334136717021465
3369,0.004331890027970076
3370,0.0043305689468979836
3371,0.004329070448875427
3372,0.0043278285302221775
3373,0.004326289054006338
3374,0.004324324894696474
3375,0.004323248751461506
3376,0.0043217334896326065
3377,0.004320742096751928
3378,0.004315465223044157
3379,0.004311364144086838
3380,0.004306968301534653
3381,0.004303270019590855
3382,0.004299914930015802
3383,0.004297815728932619
3384,0.004296006169170141
3385,0.004294779151678085
3386,0.004293626639991999
3387,0.004292793571949005
3388,0.004290957003831863
3389,0.004289785400032997
3390,0.00428848247975111
3391,0.00428697420284152
3392,0.004286119714379311
3393,0.0042846244759857655
3394,0.00428386963903904
3395,0.004282223526388407
3396,0.004282309673726559
3397,0.004280419088900089
3398,0.004279801622033119
3399,0.0042793890461325645
3400,0.004278612323105335
3401,0.004277838859707117
3402,0.004276824649423361
3403,0.0042768195271492004
3404,0.0042746951803565025
3405,0.004274061881005764
3406,0.0042722513899207115
3407,0.0042713601142168045
3408,0.004270319361239672
3409,0.004268431104719639
3410,0.004266957752406597
3411,0.004265937488526106
3412,0.004263941198587418
3413,0.00426225271075964
3414,0.004260403569787741
3415,0.004259779118001461
3416,0.004258307162672281
3417,0.0042575024999678135
3418,0.004256795160472393
3419,0.004255157895386219
3420,0.004253964871168137
3421,0.004252519924193621
3422,0.00425098929554224
3423,0.0042509050108492374
3424,0.004249755293130875
3425,0.004249610938131809
3426,0.004249181132763624
3427,0.004248635843396187
3428,0.004247840493917465
3429,0.004247677978128195
3430,0.004246089141815901
3431,0.004245041869580746
3432,0.004244305193424225
3433,0.004242445342242718
3434,0.004240922164171934
3435,0.004240223206579685
3436,0.004239330068230629
3437,0.0042383670806884766
3438,0.0042365482077002525
3439,0.004235850181430578
3440,0.004233998246490955
3441,0.004232718143612146
3442,0.004230840131640434
3443,0.00422899704426527
3444,0.0042281439527869225
3445,0.004225699696689844
3446,0.004223603289574385
3447,0.0042205387726426125
3448,0.004217825829982758
3449,0.004221849609166384
3450,0.00421533128246665
3451,0.004214528948068619
3452,0.004213543143123388
3453,0.004213016480207443
3454,0.004212547093629837
3455,0.004212306346744299
3456,0.004211145918816328
3457,0.00420987606048584
3458,0.0042091067880392075
3459,0.0042073093354702
3460,0.004206500016152859
3461,0.004205440171062946
3462,0.004204582888633013
3463,0.004204088822007179
3464,0.004202962387353182
3465,0.00420169485732913
3466,0.004200234077870846
3467,0.004198609851300716
3468,0.004198178183287382
3469,0.0041974131017923355
3470,0.004197051748633385
3471,0.004196456167846918
3472,0.004195569083094597
3473,0.00419671181589365
3474,0.004194087814539671
3475,0.004193709697574377
3476,0.004192541819065809
3477,0.004192516207695007
3478,0.004191935062408447
3479,0.004190330393612385
3480,0.004188663326203823
3481,0.004186637233942747
3482,0.004184599965810776
3483,0.004183055367320776
3484,0.004182104021310806
3485,0.004181724041700363
3486,0.0041812993586063385
3487,0.004180591087788343
3488,0.004179366864264011
3489,0.004178530070930719
3490,0.004176365211606026
3491,0.004174080211669207
3492,0.0041730450466275215
3493,0.004171804524958134
3494,0.0041709402576088905
3495,0.004170346073806286
3496,0.004169861786067486
3497,0.004168805666267872
3498,0.004168537445366383
3499,0.0041679819114506245
3500,0.004167294595390558
3501,0.004165824502706528
3502,0.004164962098002434
3503,0.004164449870586395
3504,0.004163478501141071
3505,0.0041624391451478004
3506,0.00416139978915453
3507,0.004159602802246809
3508,0.004156986251473427
3509,0.00415380485355854
3510,0.00415147515013814
3511,0.004149606451392174
3512,0.004149147309362888
3513,0.004148072563111782
3514,0.004147364292293787
3515,0.004146203398704529
3516,0.004143819212913513
3517,0.004142307210713625
3518,0.004139948170632124
3519,0.004138492979109287
3520,0.004137641284614801
3521,0.004136181436479092
3522,0.004135217517614365
3523,0.004133830778300762
3524,0.004132924601435661
3525,0.004132094793021679
3526,0.004131329245865345
3527,0.00413089245557785
3528,0.004131701774895191
3529,0.004129759501665831
3530,0.0041290512308478355
3531,0.004128327593207359
3532,0.004127390217036009
3533,0.0041274125687778
3534,0.004126526415348053
3535,0.004125318955630064
3536,0.004124547820538282
3537,0.004124047234654427
3538,0.004123188089579344
3539,0.0041222600266337395
3540,0.004120371304452419
3541,0.0041215019300580025
3542,0.004116781055927277
3543,0.00411491934210062
3544,0.004113480448722839
3545,0.004112548194825649
3546,0.0041119311936199665
3547,0.0041111428290605545
3548,0.004110455513000488
3549,0.004109897650778294
3550,0.004108925350010395
3551,0.004107583314180374
3552,0.004107157699763775
3553,0.0041062175296247005
3554,0.004105412866920233
3555,0.004104888066649437
3556,0.004104337655007839
3557,0.004103426821529865
3558,0.004102731589227915
3559,0.004101219587028027
3560,0.004100187215954065
3561,0.00409968476742506
3562,0.004099059384316206
3563,0.004098708275705576
3564,0.00409857090562582
3565,0.004097603727132082
3566,0.004096767865121365
3567,0.004098447505384684
3568,0.004095098935067654
3569,0.004094679839909077
3570,0.004094011150300503
3571,0.004093992058187723
3572,0.004093824420124292
3573,0.004093529656529427
3574,0.004093267489224672
3575,0.0040918984450399876
3576,0.004090650472790003
3577,0.004089921247214079
3578,0.0040896739810705185
3579,0.004088980611413717
3580,0.004088532645255327
3581,0.004088437184691429
3582,0.0040879277512431145
3583,0.004088002257049084
3584,0.004087388515472412
3585,0.0040868972428143024
3586,0.004086657427251339
3587,0.004096495918929577
3588,0.0040861573070287704
3589,0.004085427150130272
3590,0.004085229709744453
3591,0.004084664396941662
3592,0.00408430490642786
3593,0.004083680920302868
3594,0.004083620384335518
3595,0.004083538427948952
3596,0.004083025269210339
3597,0.004082273691892624
3598,0.004081526771187782
3599,0.0040806871838867664
3600,0.004079624079167843
3601,0.004079000558704138
3602,0.0040780953131616116
3603,0.004077411722391844
3604,0.004075878765434027
3605,0.004075024276971817
3606,0.004073664546012878
3607,0.0040728868916630745
3608,0.004072107374668121
3609,0.00407137768343091
3610,0.004069824703037739
3611,0.004069306887686253
3612,0.004068952053785324
3613,0.004068454727530479
3614,0.004067665431648493
3615,0.004066935274749994
3616,0.0040665604174137115
3617,0.004065888933837414
3618,0.0040654935874044895
3619,0.004064088687300682
3620,0.004063019994646311
3621,0.004060760606080294
3622,0.004059869796037674
3623,0.004057340789586306
3624,0.004055855795741081
3625,0.004055174067616463
3626,0.004054349847137928
3627,0.0040537649765610695
3628,0.004051338881254196
3629,0.0040496825240552425
3630,0.004047633148729801
3631,0.0040464336052536964
3632,0.004045587033033371
3633,0.004043114371597767
3634,0.004041871055960655
3635,0.004040513187646866
3636,0.004039156716316938
3637,0.004037752281874418
3638,0.0040368433110415936
3639,0.004035135265439749
3640,0.00403389148414135
3641,0.0040332549251616
3642,0.004032570403069258
3643,0.004031849093735218
3644,0.004031047224998474
3645,0.0040296101942658424
3646,0.004028773866593838
3647,0.004028028342872858
3648,0.004026791080832481
3649,0.004026416689157486
3650,0.004025542177259922
3651,0.004024256020784378
3652,0.004022795241326094
3653,0.004032200668007135
3654,0.00402143644168973
3655,0.004020472522825003
3656,0.004019796848297119
3657,0.004019002430140972
3658,0.004018144216388464
3659,0.0040170373395085335
3660,0.004017017316073179
3661,0.0040155332535505295
3662,0.004014836624264717
3663,0.004014281090348959
3664,0.004013711586594582
3665,0.00401645852252841
3666,0.004012301564216614
3667,0.004012038465589285
3668,0.004010909702628851
3669,0.004010968375951052
3670,0.004010040313005447
3671,0.004009167198091745
3672,0.004007970914244652
3673,0.004007104784250259
3674,0.00400673970580101
3675,0.004005723632872105
3676,0.004005213733762503
3677,0.004004443064332008
3678,0.004003626760095358
3679,0.004002202767878771
3680,0.004000186454504728
3681,0.003998866770416498
3682,0.003998127765953541
3683,0.003997888416051865
3684,0.003996848128736019
3685,0.003995535895228386
3686,0.003994801547378302
3687,0.00399421202018857
3688,0.003993946127593517
3689,0.0039925966411828995
3690,0.0039923726581037045
3691,0.003991611301898956
3692,0.003991251345723867
3693,0.0039901454001665115
3694,0.003988685552030802
3695,0.00398775190114975
3696,0.0039869328029453754
3697,0.003985717426985502
3698,0.003984110429883003
3699,0.003982642199844122
3700,0.0039804428815841675
3701,0.0039785439148545265
3702,0.003976772539317608
3703,0.003975162282586098
3704,0.0039743161760270596
3705,0.003973206039518118
3706,0.003971736878156662
3707,0.00397147610783577
3708,0.003970671445131302
3709,0.003970130812376738
3710,0.003969467245042324
3711,0.0039667594246566296
3712,0.003965997602790594
3713,0.003965039737522602
3714,0.003974526189267635
3715,0.003964813891798258
3716,0.003964290488511324
3717,0.003964207600802183
3718,0.003963482566177845
3719,0.003963290248066187
3720,0.003963131457567215
3721,0.003962793853133917
3722,0.003962532617151737
3723,0.003962097689509392
3724,0.003960816189646721
3725,0.003959294408559799
3726,0.003957623615860939
3727,0.003958571702241898
3728,0.003955824766308069
3729,0.003954918589442968
3730,0.003954073414206505
3731,0.0039525823667645454
3732,0.003950160462409258
3733,0.003948635421693325
3734,0.003946793731302023
3735,0.003945730160921812
3736,0.003944785799831152
3737,0.003943692427128553
3738,0.003943450748920441
3739,0.003942667506635189
3740,0.0039414712227880955
3741,0.003940966911613941
3742,0.003940889611840248
3743,0.003939485643059015
3744,0.003939623478800058
3745,0.003936931025236845
3746,0.00393783301115036
3747,0.003935896325856447
3748,0.003935378044843674
3749,0.00393424229696393
3750,0.0039331912994384766
3751,0.0039315917529165745
3752,0.003931613173335791
3753,0.003929032478481531
3754,0.003928252961486578
3755,0.0039269402623176575
3756,0.00392558891326189
3757,0.003923655953258276
3758,0.003921829164028168
3759,0.003919848706573248
3760,0.0039192670956254005
3761,0.003918803296983242
3762,0.00391796650364995
3763,0.003917746711522341
3764,0.0039175767451524734
3765,0.003916997462511063
3766,0.003915563691407442
3767,0.003914841916412115
3768,0.003913861233741045
3769,0.003912694752216339
3770,0.00391180906444788
3771,0.003911263309419155
3772,0.003910415340214968
3773,0.003909183666110039
3774,0.003908738028258085
3775,0.003907768055796623
3776,0.003907513804733753
3777,0.003906482830643654
3778,0.003906059078872204
3779,0.0039057459216564894
3780,0.003904953133314848
3781,0.003904655808582902
3782,0.0039045584853738546
3783,0.0039039594121277332
3784,0.0039033228531479836
3785,0.0039025687146931887
3786,0.003902125172317028
3787,0.0039013803470879793
3788,0.0039004459977149963
3789,0.00390025251545012
3790,0.0038995384238660336
3791,0.003898301161825657
3792,0.003898348892107606
3793,0.003897658549249172
3794,0.003897076938301325
3795,0.0038964853156358004
3796,0.003895972855389118
3797,0.003895614529028535
3798,0.0038947127759456635
3799,0.0038940533995628357
3800,0.003892925102263689
3801,0.003891684813424945
3802,0.0038931076414883137
3803,0.003890573512762785
3804,0.003890156513080001
3805,0.0038892703596502542
3806,0.0038890396244823933
3807,0.0038878382183611393
3808,0.003906314726918936
3809,0.0038872004952281713
3810,0.0038852638099342585
3811,0.003884541569277644
3812,0.0038824593648314476
3813,0.0038800432812422514
3814,0.003878554329276085
3815,0.0038758907467126846
3816,0.0038743973709642887
3817,0.0038731112144887447
3818,0.0038717177230864763
3819,0.0038699281867593527
3820,0.003867314662784338
3821,0.003866012440994382
3822,0.0038640168495476246
3823,0.0038628457114100456
3824,0.0038620010018348694
3825,0.003861936740577221
3826,0.003860852215439081
3827,0.003859694115817547
3828,0.003858954180032015
3829,0.003857731819152832
3830,0.003857519244775176
3831,0.003856321331113577
3832,0.003856058930978179
3833,0.003855787217617035
3834,0.0038545909337699413
3835,0.003854351118206978
3836,0.0038541718386113644
3837,0.0038534055929630995
3838,0.0038517059292644262
3839,0.003849523374810815
3840,0.003847707062959671
3841,0.0038474954199045897
3842,0.0038457373157143593
3843,0.0038452816661447287
3844,0.0038443480152636766
3845,0.0038438639603555202
3846,0.003842877922579646
3847,0.0038418741896748543
3848,0.0038409465923905373
3849,0.003840321209281683
3850,0.0038395682349801064
3851,0.0038392688147723675
3852,0.0038387849926948547
3853,0.0038374534342437983
3854,0.003836255054920912
3855,0.003834088332951069
3856,0.003833185415714979
3857,0.003832396352663636
3858,0.0038312114775180817
3859,0.0038303942419588566
3860,0.003828950459137559
3861,0.0038275313563644886
3862,0.0038259876891970634
3863,0.0038246933836489916
3864,0.00382319581694901
3865,0.00382203608751297
3866,0.003822035389021039
3867,0.0038202842697501183
3868,0.003818538971245289
3869,0.0038183110300451517
3870,0.003816655371338129
3871,0.0038162264972925186
3872,0.0038146248552948236
3873,0.0038135736249387264
3874,0.0038109617307782173
3875,0.0038080960512161255
3876,0.0038046203553676605
3877,0.003802016843110323
3878,0.003799994010478258
3879,0.0037980841007083654
3880,0.0037968542892485857
3881,0.00379478232935071
3882,0.003794001881033182
3883,0.0037918654270470142
3884,0.003790587652474642
3885,0.003790582064539194
3886,0.0037894987035542727
3887,0.003789302660152316
3888,0.0037888905499130487
3889,0.0037881629541516304
3890,0.0037879133597016335
3891,0.0037870644591748714
3892,0.003786712186411023
3893,0.0037857131101191044
3894,0.0037851305678486824
3895,0.0037841054145246744
3896,0.003783037420362234
3897,0.003782143583521247
3898,0.003781263018026948
3899,0.0037810816429555416
3900,0.0037803894374519587
3901,0.0037799053825438023
3902,0.0037785228341817856
3903,0.0037776511162519455
3904,0.0037765242159366608
3905,0.0037747202441096306
3906,0.003772580064833164
3907,0.003770306706428528
3908,0.0037690564058721066
3909,0.0037663872353732586
3910,0.003762926673516631
3911,0.003760203719139099
3912,0.003758616978302598
3913,0.003756388323381543
3914,0.003754751058295369
3915,0.00375386537052691
3916,0.003751950804144144
3917,0.0037511922419071198
3918,0.0037503039930015802
3919,0.0037497777957469225
3920,0.0037490399554371834
3921,0.003748632501810789
3922,0.0037474767304956913
3923,0.0037461798638105392
3924,0.003744679968804121
3925,0.0037433146499097347
3926,0.003742172382771969
3927,0.003741755150258541
3928,0.0037409949582070112
3929,0.00374040799215436
3930,0.0037396140396595
3931,0.0037394415121525526
3932,0.0037387548945844173
3933,0.0037376219406723976
3934,0.003736963029950857
3935,0.003736092709004879
3936,0.0037361595313996077
3937,0.0037357171531766653
3938,0.0037349434569478035
3939,0.003734271740540862
3940,0.003733396762982011
3941,0.003736023558303714
3942,0.00373130664229393
3943,0.0037304293364286423
3944,0.00372918788343668
3945,0.0037289822939783335
3946,0.0037288968451321125
3947,0.0037286763545125723
3948,0.0037279187235981226
3949,0.0037274754140526056
3950,0.00372655619867146
3951,0.0037266870494931936
3952,0.003725886344909668
3953,0.0037254737690091133
3954,0.0037242192775011063
3955,0.0037232465110719204
3956,0.003722512163221836
3957,0.0037217328790575266
3958,0.003721395041793585
3959,0.0037211738526821136
3960,0.0037200122606009245
3961,0.003719621105119586
3962,0.003718135179951787
3963,0.0037178199272602797
3964,0.0037172159645706415
3965,0.0037164618261158466
3966,0.0037158026825636625
3967,0.0037147337570786476
3968,0.003713970072567463
3969,0.003712240606546402
3970,0.0037124347873032093
3971,0.003711126511916518
3972,0.003710536751896143
3973,0.0037097495514899492
3974,0.003709284821525216
3975,0.003708487842231989
3976,0.003710901364684105
3977,0.003707161173224449
3978,0.0037069376558065414
3979,0.003706553718075156
3980,0.0037059050519019365
3981,0.00370586384087801
3982,0.0037059541791677475
3983,0.0037048300728201866
3984,0.003704132977873087
3985,0.0037038472946733236
3986,0.0037028416991233826
3987,0.0037019732408225536
3988,0.0037014195695519447
3989,0.003701264038681984
3990,0.003700805827975273
3991,0.00370045262388885
3992,0.003700106870383024
3993,0.0036994093097746372
3994,0.0036987182684242725
3995,0.003698083572089672
3996,0.003697699634358287
3997,0.003697275649756193
3998,0.00369665352627635
3999,0.003696484724059701
4000,0.0036964023020118475
4001,0.0036944185849279165
4002,0.0036938332486897707
4003,0.003692872356623411
4004,0.0036920930724591017
4005,0.0036911177448928356
4006,0.0036900385748595
4007,0.003688226453959942
4008,0.0036854702048003674
4009,0.003683142364025116
4010,0.003682273905724287
4011,0.0036808019503951073
4012,0.003679481102153659
4013,0.0036780876107513905
4014,0.003686370328068733
4015,0.0036764058750122786
4016,0.0036756042391061783
4017,0.003674403764307499
4018,0.0036738466005772352
4019,0.003672788618132472
4020,0.0036712433211505413
4021,0.0036703154910355806
4022,0.0036688740365207195
4023,0.003667816985398531
4024,0.0036671902053058147
4025,0.003666897304356098
4026,0.0036667112726718187
4027,0.0036648621316999197
4028,0.0036645852960646152
4029,0.0036627480294555426
4030,0.003661755006760359
4031,0.0036613773554563522
4032,0.003660604590550065
4033,0.003659661626443267
4034,0.0036583864130079746
4035,0.0036579924635589123
4036,0.003656999208033085
4037,0.0036561747547239065
4038,0.0036546727642416954
4039,0.003653786377981305
4040,0.0036529996432363987
4041,0.0036510564386844635
4042,0.0036507206968963146
4043,0.0036504545714706182
4044,0.0036503064911812544
4045,0.0036498706322163343
4046,0.0036490694619715214
4047,0.0036491428036242723
4048,0.0036487497854977846
4049,0.003648212179541588
4050,0.0036478033289313316
4051,0.0036470822524279356
4052,0.003645889461040497
4053,0.0036454617511481047
4054,0.003645113669335842
4055,0.003644668497145176
4056,0.0036439131945371628
4057,0.0036439953837543726
4058,0.003643433563411236
4059,0.0036424556747078896
4060,0.0036415141075849533
4061,0.0036408507730811834
4062,0.0036404498387128115
4063,0.003640052629634738
4064,0.0036389105953276157
4065,0.003639047732576728
4066,0.0036382381804287434
4067,0.003637390909716487
4068,0.0036398619413375854
4069,0.003637102432549
4070,0.003636628855019808
4071,0.0036362488754093647
4072,0.0036359592340886593
4073,0.003635831642895937
4074,0.003635171800851822
4075,0.0036349506117403507
4076,0.003634760156273842
4077,0.0036344961263239384
4078,0.003633159911260009
4079,0.0036329394206404686
4080,0.0036313922610133886
4081,0.0036302777007222176
4082,0.0036303407978266478
4083,0.00362923345528543
4084,0.0036286036483943462
4085,0.0036311126314103603
4086,0.003627413185313344
4087,0.0036266075912863016
4088,0.0036263158544898033
4089,0.0036260110791772604
4090,0.003625453682616353
4091,0.003624622942879796
4092,0.0036243924405425787
4093,0.003623499535024166
4094,0.003623495576903224
4095,0.0036226455122232437
4096,0.0036227006930857897
4097,0.003622483927756548
4098,0.0036221062764525414
4099,0.0036221537739038467
4100,0.0036214618012309074
4101,0.0036208259407430887
4102,0.0036205870565027
4103,0.0036201723851263523
4104,0.0036195749416947365
4105,0.0036199972964823246
4106,0.0036192273255437613
4107,0.003619308350607753
4108,0.0036188894882798195
4109,0.0036186198703944683
4110,0.003618552815169096
4111,0.0036187502555549145
4112,0.0036186857614666224
4113,0.003618160029873252
4114,0.0036179604940116405
4115,0.003617344656959176
4116,0.0036175046116113663
4117,0.00361755327321589
4118,0.003617138834670186
4119,0.003616629634052515
4120,0.003616591915488243
4121,0.0036163455806672573
4122,0.0036155059933662415
4123,0.00361492857336998
4124,0.0036145071499049664
4125,0.003614021698012948
4126,0.003613480133935809
4127,0.0036138196010142565
4128,0.0036132964305579662
4129,0.0036129974760115147
4130,0.003612336004152894
4131,0.003611753461882472
4132,0.003610999323427677
4133,0.003611101768910885
4134,0.003610257524996996
4135,0.0036102565936744213
4136,0.003609543899074197
4137,0.003609234467148781
4138,0.0036082803271710873
4139,0.0036077923141419888
4140,0.0036076286341995
4141,0.003607324790209532
4142,0.003607015823945403
4143,0.00360658741556108
4144,0.0036063683219254017
4145,0.0036057729739695787
4146,0.0036056814715266228
4147,0.0036055974196642637
4148,0.0036050030030310154
4149,0.0036048649344593287
4150,0.003605868434533477
4151,0.00360375945456326
4152,0.003603451419621706
4153,0.003603153396397829
4154,0.003603253047913313
4155,0.003602887038141489
4156,0.003602384589612484
4157,0.003602654207497835
4158,0.003602433018386364
4159,0.0036017990205436945
4160,0.00360153429210186
4161,0.003600700758397579
4162,0.0036008786410093307
4163,0.0035999626852571964
4164,0.003599796211346984
4165,0.0035994977224618196
4166,0.003598530078306794
4167,0.0035980644170194864
4168,0.003597517963498831
4169,0.0035971091128885746
4170,0.0035963174887001514
4171,0.003596351481974125
4172,0.003596019698306918
4173,0.003595757531002164
4174,0.0035952928010374308
4175,0.0035944622941315174
4176,0.00359453447163105
4177,0.003594060894101858
4178,0.0035932757891714573
4179,0.003593005705624819
4180,0.0035926515702158213
4181,0.003592281835153699
4182,0.0035924555268138647
4183,0.003592116991057992
4184,0.0035918415524065495
4185,0.0035911649465560913
4186,0.003590481821447611
4187,0.0035904215183109045
4188,0.0035896694753319025
4189,0.003589194267988205
4190,0.0035885386168956757
4191,0.0035876601468771696
4192,0.003586634062230587
4193,0.003591274842619896
4194,0.003584250807762146
4195,0.0035831788554787636
4196,0.003581660334020853
4197,0.0035802084021270275
4198,0.0035792235285043716
4199,0.0035784358624368906
4200,0.0035778747405856848
4201,0.0035772575065493584
4202,0.0035772097762674093
4203,0.0035765189677476883
4204,0.0035762134939432144
4205,0.003576053539291024
4206,0.003575042588636279
4207,0.0035747538786381483
4208,0.003574030939489603
4209,0.0035739170853048563
4210,0.003572276094928384
4211,0.00357191008515656
4212,0.0035709142684936523
4213,0.0035698579158633947
4214,0.003569008782505989
4215,0.0035684905014932156
4216,0.003569237655028701
4217,0.0035679733846336603
4218,0.0035673794336616993
4219,0.0035670737270265818
4220,0.003566823434084654
4221,0.003566053695976734
4222,0.003565439023077488
4223,0.0035686350893229246
4224,0.003564187791198492
4225,0.003563378704711795
4226,0.003562504192814231
4227,0.003562124213203788
4228,0.003561844117939472
4229,0.003561487188562751
4230,0.0035606729798018932
4231,0.0035601728595793247
4232,0.0035593847278505564
4233,0.003558883909136057
4234,0.0035583891440182924
4235,0.003557647578418255
4236,0.003556793089956045
4237,0.003556405659765005
4238,0.003555496921762824
4239,0.0035548957530409098
4240,0.0035548685118556023
4241,0.003554315073415637
4242,0.00355403870344162
4243,0.003553705755621195
4244,0.0035525148268789053
4245,0.003551964182406664
4246,0.0035513651091605425
4247,0.0035504638217389584
4248,0.003550175344571471
4249,0.00354947941377759
4250,0.003549498040229082
4251,0.0035491036251187325
4252,0.003549190005287528
4253,0.003548937849700451
4254,0.0035488277208060026
4255,0.0035489737056195736
4256,0.0035485764965415
4257,0.0035478519275784492
4258,0.003548998385667801
4259,0.0035478859208524227
4260,0.0035476067569106817
4261,0.0035474011674523354
4262,0.0035471164155751467
4263,0.0035470295697450638
4264,0.0035464190877974033
4265,0.003545990213751793
4266,0.0035458530765026808
4267,0.0035456118639558554
4268,0.003545723157003522
4269,0.003545516636222601
4270,0.0035445287358015776
4271,0.003544651670381427
4272,0.003542654449120164
4273,0.003542175516486168
4274,0.003540349192917347
4275,0.003539113327860832
4276,0.0035385701339691877
4277,0.0035376939922571182
4278,0.003537663258612156
4279,0.0035369303077459335
4280,0.003535797353833914
4281,0.0035353994462639093
4282,0.0035345531068742275
4283,0.0035335407592356205
4284,0.0035329193342477083
4285,0.0035321235191076994
4286,0.0035316781140863895
4287,0.0035313540138304234
4288,0.003531101392582059
4289,0.003530645277351141
4290,0.003530531655997038
4291,0.003529556328430772
4292,0.0035284115001559258
4293,0.0035278289578855038
4294,0.0035267523489892483
4295,0.0035264850594103336
4296,0.003526364453136921
4297,0.003525693668052554
4298,0.003525064792484045
4299,0.0035240144934505224
4300,0.003522253595292568
4301,0.0035213378723710775
4302,0.0035201606806367636
4303,0.0035191308706998825
4304,0.0035186668392270803
4305,0.0035180419217795134
4306,0.003518118290230632
4307,0.003516973927617073
4308,0.0035170072223991156
4309,0.00351649709045887
4310,0.003516328753903508
4311,0.0035157345701009035
4312,0.003514790441840887
4313,0.0035142742563039064
4314,0.0035134321078658104
4315,0.0035129983443766832
4316,0.0035117841325700283
4317,0.0035107529256492853
4318,0.0035094888880848885
4319,0.0035081133246421814
4320,0.0035074688494205475
4321,0.003506539622321725
4322,0.00350617291405797
4323,0.0035054252948611975
4324,0.0035046222619712353
4325,0.003502835053950548
4326,0.0035029056016355753
4327,0.003499650862067938
4328,0.003498469013720751
4329,0.003497540019452572
4330,0.0034973802976310253
4331,0.0034947593230754137
4332,0.0034936033189296722
4333,0.0034907532390207052
4334,0.003489465219900012
4335,0.0034869317896664143
4336,0.003484855405986309
4337,0.0034836663398891687
4338,0.003483322449028492
4339,0.0034848107025027275
4340,0.003482334315776825
4341,0.0034819019492715597
4342,0.0034815764520317316
4343,0.003481188789010048
4344,0.003480148036032915
4345,0.003480161540210247
4346,0.0034794907551258802
4347,0.0034790183417499065
4348,0.003478433471173048
4349,0.0034780637361109257
4350,0.003477234859019518
4351,0.0034766874741762877
4352,0.0034765140153467655
4353,0.0034758863039314747
4354,0.003475998295471072
4355,0.0034760909620672464
4356,0.003475880715996027
4357,0.0034753084182739258
4358,0.003475443460047245
4359,0.003475107019767165
4360,0.003475139383226633
4361,0.0034749361220747232
4362,0.003474961733445525
4363,0.0034746802411973476
4364,0.0034747656900435686
4365,0.0034746204037219286
4366,0.0034738602116703987
4367,0.0034738825634121895
4368,0.003473385702818632
4369,0.0034730792976915836
4370,0.003473061602562666
4371,0.0034726308658719063
4372,0.0034725808072835207
4373,0.0034728413447737694
4374,0.0034723905846476555
4375,0.0034718606621026993
4376,0.0034707298036664724
4377,0.0034699048846960068
4378,0.0034689081367105246
4379,0.0034715530928224325
4380,0.0034682846162468195
4381,0.0034681966062635183
4382,0.0034675102215260267
4383,0.0034669307060539722
4384,0.0034656221978366375
4385,0.003464548382908106
4386,0.0034634852781891823
4387,0.0034617087803781033
4388,0.003460714127868414
4389,0.0034596635960042477
4390,0.0034583841916173697
4391,0.0034591041039675474
4392,0.0034565944224596024
4393,0.003455011174082756
4394,0.0034549222327768803
4395,0.0034544095396995544
4396,0.003453540615737438
4397,0.003453435841947794
4398,0.003452721517533064
4399,0.0034515669103711843
4400,0.003451429307460785
4401,0.003450908465310931
4402,0.0034506383817642927
4403,0.003450059099122882
4404,0.0034494290594011545
4405,0.0034534595906734467
4406,0.003448230680078268
4407,0.0034482539631426334
4408,0.0034472807310521603
4409,0.0034467291552573442
4410,0.0034456613939255476
4411,0.00344460504129529
4412,0.003443828085437417
4413,0.0034434236586093903
4414,0.00344279408454895
4415,0.0034422932658344507
4416,0.003442053683102131
4417,0.00344150816090405
4418,0.0034413638059049845
4419,0.00344026368111372
4420,0.003440040396526456
4421,0.003439580788835883
4422,0.003439124673604965
4423,0.003439584281295538
4424,0.0034381067380309105
4425,0.003437833394855261
4426,0.0034377099946141243
4427,0.00343734840862453
4428,0.0034371642395853996
4429,0.0034366468898952007
4430,0.003436144907027483
4431,0.0034353630617260933
4432,0.003434524405747652
4433,0.003433371428400278
4434,0.0034326007589697838
4435,0.003431643359363079
4436,0.0034308459144085646
4437,0.0034295725636184216
4438,0.0034276749938726425
4439,0.0034263436682522297
4440,0.0034249587915837765
4441,0.003424127819016576
4442,0.0034236412029713392
4443,0.0034232945181429386
4444,0.003422695677727461
4445,0.0034216728527098894
4446,0.0034202642273157835
4447,0.0034193387255072594
4448,0.003418649546802044
4449,0.0034177021589130163
4450,0.0034163668751716614
4451,0.003416204359382391
4452,0.0034144995734095573
4453,0.0034140523057430983
4454,0.0034131896682083607
4455,0.003412504680454731
4456,0.0034105621743947268
4457,0.003409098833799362
4458,0.0034090992994606495
4459,0.003405911847949028
4460,0.003404865274205804
4461,0.003403853392228484
4462,0.003402148839086294
4463,0.003400616580620408
4464,0.0033993986435234547
4465,0.0033982049208134413
4466,0.003396915504708886
4467,0.00339614599943161
4468,0.003395393490791321
4469,0.0033941695000976324
4470,0.0033935601823031902
4471,0.0033923692535609007
4472,0.0033924670424312353
4473,0.0033905066084116697
4474,0.00339018227532506
4475,0.003389500081539154
4476,0.003389380406588316
4477,0.0033882735297083855
4478,0.0033878618851304054
4479,0.003386426018550992
4480,0.0033856502268463373
4481,0.0033843829296529293
4482,0.003382080001756549
4483,0.003380813170224428
4484,0.003380351234227419
4485,0.0033795267809182405
4486,0.0033789079170674086
4487,0.003378246445208788
4488,0.003377096727490425
4489,0.0033752773888409138
4490,0.0033737444318830967
4491,0.003372674807906151
4492,0.0033719707280397415
4493,0.003371404018253088
4494,0.0033699385821819305
4495,0.0033692321740090847
4496,0.003368591656908393
4497,0.003367416560649872
4498,0.003367111785337329
4499,0.0033664735965430737
4500,0.003365149488672614
4501,0.0033649017568677664
4502,0.0033632228150963783
4503,0.0033625303767621517
4504,0.0033619911409914494
4505,0.0033612423576414585
4506,0.0033603436313569546
4507,0.0033598686568439007
4508,0.003358568297699094
4509,0.0033569971565157175
4510,0.0033555084373801947
4511,0.0033535792026668787
4512,0.003352127969264984
4513,0.0033507365733385086
4514,0.0033494858071208
4515,0.0033486383035779
4516,0.0033471358474344015
4517,0.0033513889648020267
4518,0.0033451467752456665
4519,0.003344580065459013
4520,0.003344041295349598
4521,0.0033436971716582775
4522,0.0033431779593229294
4523,0.003342944197356701
4524,0.003342417534440756
4525,0.0033418950624763966
4526,0.0033414626959711313
4527,0.0033403250854462385
4528,0.0033388372976332903
4529,0.0033383190166205168
4530,0.0033380675595253706
4531,0.0033375530038028955
4532,0.0033370896708220243
4533,0.0033360852394253016
4534,0.003335119690746069
4535,0.0033332707826048136
4536,0.0033323101233690977
4537,0.0033312260638922453
4538,0.003329563420265913
4539,0.003328776452690363
4540,0.0033280104398727417
4541,0.003327410202473402
4542,0.0033270171843469143
4543,0.0033261654898524284
4544,0.0033257869072258472
4545,0.0033259596675634384
4546,0.0033258278854191303
4547,0.0033251061104238033
4548,0.003324999939650297
4549,0.003324737772345543
4550,0.0033243929501622915
4551,0.003324025310575962
4552,0.0033253056462854147
4553,0.003322951728478074
4554,0.003322441130876541
4555,0.0033221771009266376
4556,0.0033213472925126553
4557,0.0033203260973095894
4558,0.003320173127576709
4559,0.0033191198017448187
4560,0.0033184364438056946
4561,0.003317764028906822
4562,0.0033171623945236206
4563,0.0033165474887937307
4564,0.0033161966130137444
4565,0.003315496491268277
4566,0.003314731176942587
4567,0.0033144517801702023
4568,0.0033141637686640024
4569,0.003313508816063404
4570,0.0033126696944236755
4571,0.0033128997310996056
4572,0.0033128480426967144
4573,0.0033123528119176626
4574,0.0033122815657407045
4575,0.0033120361622422934
4576,0.0033114347606897354
4577,0.0033109113574028015
4578,0.003310244530439377
4579,0.0033096373081207275
4580,0.003309025429189205
4581,0.0033081015571951866
4582,0.003307693637907505
4583,0.0033070556819438934
4584,0.003306048456579447
4585,0.0033055669628083706
4586,0.0033050402998924255
4587,0.003304344369098544
4588,0.003303654957562685
4589,0.003302812809124589
4590,0.00330172386020422
4591,0.003300666343420744
4592,0.0033004293218255043
4593,0.0032995790243148804
4594,0.003299557603895664
4595,0.0032994693610817194
4596,0.0032991657499223948
4597,0.0032982637640088797
4598,0.003297829767689109
4599,0.00329725444316864
4600,0.0032966998405754566
4601,0.003296229988336563
4602,0.00329544092528522
4603,0.0032940248493105173
4604,0.003293135669082403
4605,0.003292142879217863
4606,0.003291322849690914
4607,0.003291661851108074
4608,0.0032909736037254333
4609,0.003290254855528474
4610,0.003289978252723813
4611,0.0032894937321543694
4612,0.003289015730842948
4613,0.003288642270490527
4614,0.0032882937230169773
4615,0.003287897678092122
4616,0.003287574276328087
4617,0.003286450169980526
4618,0.0032851644791662693
4619,0.0032845051027834415
4620,0.003283357247710228
4621,0.0032824305817484856
4622,0.003282091813161969
4623,0.003281482495367527
4624,0.003280927427113056
4625,0.003284171223640442
4626,0.0032797972671687603
4627,0.0032790128607302904
4628,0.0032785912044346333
4629,0.003278440563008189
4630,0.0032779478933662176
4631,0.003277069889008999
4632,0.00327626196667552
4633,0.003275581868365407
4634,0.003274570219218731
4635,0.0032736666034907103
4636,0.0032728994265198708
4637,0.0032719578593969345
4638,0.0032711345702409744
4639,0.0032696695998311043
4640,0.0032684719190001488
4641,0.003267895430326462
4642,0.0032675080001354218
4643,0.003266885643824935
4644,0.0032659138087183237
4645,0.0032650611829012632
4646,0.003263764549046755
4647,0.0032634781673550606
4648,0.0032624511513859034
4649,0.003261457197368145
4650,0.003260908415541053
4651,0.0032599689438939095
4652,0.003259273013100028
4653,0.00325897173024714
4654,0.003258383832871914
4655,0.0032579125836491585
4656,0.0032573635689914227
4657,0.003256618045270443
4658,0.003256087889894843
4659,0.0032555232755839825
4660,0.0032548466697335243
4661,0.003254540031775832
4662,0.0032540056854486465
4663,0.003253755858168006
4664,0.0032529234886169434
4665,0.0032527949661016464
4666,0.0032523120753467083
4667,0.0032516573555767536
4668,0.003251825924962759
4669,0.0032517905347049236
4670,0.0032508044969290495
4671,0.003250609152019024
4672,0.0032504997216165066
4673,0.0032498263753950596
4674,0.0032496200874447823
4675,0.0032490878365933895
4676,0.003248432883992791
4677,0.003247914370149374
4678,0.0032472717575728893
4679,0.0032466347329318523
4680,0.0032460144720971584
4681,0.0032455686014145613
4682,0.003244718536734581
4683,0.003243827959522605
4684,0.003242585575208068
4685,0.003241967875510454
4686,0.0032411308493465185
4687,0.0032406675163656473
4688,0.003240110818296671
4689,0.0032391531858593225
4690,0.0032378891482949257
4691,0.0032383555080741644
4692,0.0032371426932513714
4693,0.0032364497892558575
4694,0.0032364316284656525
4695,0.0032362674828618765
4696,0.0032355778384953737
4697,0.003235427662730217
4698,0.003234654664993286
4699,0.0032340113539248705
4700,0.003233592491596937
4701,0.00323261390440166
4702,0.0032316874712705612
4703,0.0032309195958077908
4704,0.003238164121285081
4705,0.0032299484591931105
4706,0.003228961257264018
4707,0.003228460205718875
4708,0.003228208050131798
4709,0.003227535868063569
4710,0.0032268217764794827
4711,0.003226031083613634
4712,0.003225056454539299
4713,0.0032253367826342583
4714,0.0032232534140348434
4715,0.003222474828362465
4716,0.003221629187464714
4717,0.0032211095094680786
4718,0.0032192689832299948
4719,0.0032290364615619183
4720,0.0032173991203308105
4721,0.0032161185517907143
4722,0.003215029602870345
4723,0.0032136852387338877
4724,0.0032124011777341366
4725,0.003214020049199462
4726,0.003210748080164194
4727,0.00321032851934433
4728,0.0032097515650093555
4729,0.003208308247849345
4730,0.0032073594629764557
4731,0.0032064158003777266
4732,0.0032045040279626846
4733,0.0032036651391535997
4734,0.0032019885256886482
4735,0.0032013163436204195
4736,0.0032008111011236906
4737,0.003200407139956951
4738,0.003200144972652197
4739,0.003199336351826787
4740,0.003197999903932214
4741,0.0031972406432032585
4742,0.003196464851498604
4743,0.0031957204919308424
4744,0.0031947011593729258
4745,0.0031940042972564697
4746,0.003193284384906292
4747,0.003193068550899625
4748,0.003192998468875885
4749,0.0031924303621053696
4750,0.0031914995051920414
4751,0.003191444557160139
4752,0.0031904245261102915
4753,0.00319013767875731
4754,0.0031893085688352585
4755,0.003188210539519787
4756,0.0031881919130682945
4757,0.0031876196153461933
4758,0.0031872172839939594
4759,0.003187042661011219
4760,0.0031870068050920963
4761,0.003186483634635806
4762,0.0031856424175202847
4763,0.003185061737895012
4764,0.0031873267143964767
4765,0.003184244269505143
4766,0.0031841963063925505
4767,0.0031839879229664803
4768,0.00318338256329298
4769,0.0031830572988837957
4770,0.0031822193413972855
4771,0.003182381624355912
4772,0.0031808384228497744
4773,0.0031800204887986183
4774,0.0031796556431800127
4775,0.0031789520289748907
4776,0.0031784321181476116
4777,0.003178202547132969
4778,0.0031775860115885735
4779,0.003177373204380274
4780,0.003177313134074211
4781,0.0031766919419169426
4782,0.0031764907762408257
4783,0.0031757629476487637
4784,0.0031765340827405453
4785,0.0031749550253152847
4786,0.003173691686242819
4787,0.003172988537698984
4788,0.003172320080921054
4789,0.003171339398249984
4790,0.0031707717571407557
4791,0.003169907256960869
4792,0.0031698255334049463
4793,0.0031697896774858236
4794,0.0031690122559666634
4795,0.0031690001487731934
4796,0.0031684469431638718
4797,0.0031681586988270283
4798,0.0031676054932177067
4799,0.003166959388181567
4800,0.00316635868512094
4801,0.0031659079249948263
4802,0.0031653258483856916
4803,0.003164622001349926
4804,0.0031643854454159737
4805,0.0031640061642974615
4806,0.003163966815918684
4807,0.0031632077880203724
4808,0.0031630066223442554
4809,0.0031620042864233255
4810,0.003160506719723344
4811,0.0031591542065143585
4812,0.0031581090297549963
4813,0.003156870137900114
4814,0.003156974446028471
4815,0.0031565995886921883
4816,0.003155804006382823
4817,0.003155651967972517
4818,0.003155639860779047
4819,0.003154453821480274
4820,0.0031536021269857883
4821,0.00315351621247828
4822,0.00315289874561131
4823,0.0031529406551271677
4824,0.00315195694565773
4825,0.0031520011834800243
4826,0.0031517979223281145
4827,0.0031511152628809214
4828,0.003150781150907278
4829,0.003150287549942732
4830,0.003149985568597913
4831,0.003149369964376092
4832,0.003149305935949087
4833,0.0031488165259361267
4834,0.003148732939735055
4835,0.003148574847728014
4836,0.0031479494646191597
4837,0.003147273324429989
4838,0.0031468675006181
4839,0.0031465545762330294
4840,0.0031458979938179255
4841,0.0031451887916773558
4842,0.003144916845485568
4843,0.0031447927467525005
4844,0.0031445135828107595
4845,0.003143705427646637
4846,0.0031425124034285545
4847,0.0031412914395332336
4848,0.003140681190416217
4849,0.003140654880553484
4850,0.0031403000466525555
4851,0.003140009008347988
4852,0.003138996660709381
4853,0.003137660678476095
4854,0.0031358518172055483
4855,0.0031355193350464106
4856,0.00313476100564003
4857,0.0031337286345660686
4858,0.0031338015105575323
4859,0.003132837824523449
4860,0.0031328231561928988
4861,0.003131602192297578
4862,0.0031315688975155354
4863,0.0031310059130191803
4864,0.0031307574827224016
4865,0.003130857367068529
4866,0.0031305861193686724
4867,0.0031299882102757692
4868,0.0031298797111958265
4869,0.003129643853753805
4870,0.003128990065306425
4871,0.003128476208075881
4872,0.0031282054260373116
4873,0.0031279365066438913
4874,0.0031270557083189487
4875,0.003126407042145729
4876,0.0031253423076123
4877,0.0031239783857017756
4878,0.003122785361483693
4879,0.0031218312215059996
4880,0.0031207234133034945
4881,0.0031192118767648935
4882,0.00311742490157485
4883,0.0031164619140326977
4884,0.0031157226767390966
4885,0.0031153950840234756
4886,0.003115053754299879
4887,0.003114305902272463
4888,0.003113464219495654
4889,0.0031127729453146458
4890,0.0031115859746932983
4891,0.003110970836132765
4892,0.0031099526677280664
4893,0.003109079785645008
4894,0.00310844206251204
4895,0.003108017146587372
4896,0.0031078686006367207
4897,0.0031061095651239157
4898,0.0031059132888913155
4899,0.0031050974503159523
4900,0.003104426199570298
4901,0.003103717463091016
4902,0.003102992894127965
4903,0.003101026639342308
4904,0.003099338384345174
4905,0.003097829408943653
4906,0.0030958205461502075
4907,0.0030937509145587683
4908,0.0030927867628633976
4909,0.0030914938542991877
4910,0.0030913064256310463
4911,0.0030900943093001842
4912,0.0030898514669388533
4913,0.0030891140922904015
4914,0.0030881864950060844
4915,0.003087586723268032
4916,0.003086620243266225
4917,0.0030855678487569094
4918,0.0030849468894302845
4919,0.003083988092839718
4920,0.0030833089258521795
4921,0.0030818351078778505
4922,0.0030812490731477737
4923,0.003080802969634533
4924,0.003080060239881277
4925,0.0030795237980782986
4926,0.0030785761773586273
4927,0.0030781531240791082
4928,0.0030773645266890526
4929,0.003076894674450159
4930,0.0030765889678150415
4931,0.0030760460067540407
4932,0.0030758343636989594
4933,0.003075355663895607
4934,0.003075278364121914
4935,0.0030746313277632
4936,0.0030739367939531803
4937,0.0031096860766410828
4938,0.0030750054866075516
4939,0.0030731314327567816
4940,0.0030725968535989523
4941,0.003072040155529976
4942,0.003071058075875044
4943,0.003070530714467168
4944,0.0030718848574906588
4945,0.0030693928711116314
4946,0.0030690927524119616
4947,0.003068455494940281
4948,0.0030674042645841837
4949,0.0030665742233395576
4950,0.0030657013412564993
4951,0.0030644158832728863
4952,0.003063478972762823
4953,0.003062380710616708
4954,0.0030616000294685364
4955,0.003061109920963645
4956,0.0030604007188230753
4957,0.0030598922166973352
4958,0.003059769282117486
4959,0.00305929034948349
4960,0.003058828879147768
4961,0.003058101749047637
4962,0.0030578922014683485
4963,0.0030566263012588024
4964,0.0030562314204871655
4965,0.0030551773961633444
4966,0.0030542826279997826
4967,0.0030564824119210243
4968,0.0030526090413331985
4969,0.0030521713197231293
4970,0.003051499370485544
4971,0.0030510411597788334
4972,0.0030506914481520653
4973,0.0030507012270390987
4974,0.003050374099984765
4975,0.003050088882446289
4976,0.003049645107239485
4977,0.003049071878194809
4978,0.0030484141316264868
4979,0.0030478625558316708
4980,0.0030475743114948273
4981,0.0030474262312054634
4982,0.003046912606805563
4983,0.003046424128115177
4984,0.003046400612220168
4985,0.0030463007278740406
4986,0.0030462818685919046
4987,0.00304595660418272
4988,0.0030457577668130398
4989,0.003045626450330019
4990,0.0030455277301371098
4991,0.0030450611375272274
4992,0.003044955665245652
4993,0.0030449582263827324
4994,0.0030447901226580143
4995,0.003044133773073554
4996,0.003043676959350705
4997,0.003043105360120535
4998,0.003042208030819893
4999,0.0030419756658375263
5000,0.003041231306269765
5001,0.0030401397962123156
5002,0.003040300915017724
5003,0.0030393328052014112
5004,0.0030388261657208204
5005,0.0030387509614229202
5006,0.0030379323288798332
5007,0.0030370973981916904
5008,0.0030360205564647913
5009,0.0030346550047397614
5010,0.0030333634931594133
5011,0.0030328540597110987
5012,0.003032594919204712
5013,0.0030325755942612886
5014,0.003031236818060279
5015,0.00303059839643538
5016,0.003029878018423915
5017,0.0030286191031336784
5018,0.0030269003473222256
5019,0.0030258765909820795
5020,0.003022638848051429
5021,0.0030209114775061607
5022,0.0030189133249223232
5023,0.003017992014065385
5024,0.003016680246219039
5025,0.003015519119799137
5026,0.003013777546584606
5027,0.003012619446963072
5028,0.00301164947450161
5029,0.0030113013926893473
5030,0.003010951681062579
5031,0.0030101658776402473
5032,0.0030093309469521046
5033,0.0030087479390203953
5034,0.003008060622960329
5035,0.0030070794746279716
5036,0.0030067323241382837
5037,0.0030054356902837753
5038,0.0030040873680263758
5039,0.003003443591296673
5040,0.0030021974816918373
5041,0.00300088943913579
5042,0.003000927623361349
5043,0.0029999040998518467
5044,0.002999467309564352
5045,0.002999022603034973
5046,0.00299875158816576
5047,0.0029980528634041548
5048,0.002998256590217352
5049,0.002997350413352251
5050,0.002997224684804678
5051,0.0029965383000671864
5052,0.002996344119310379
5053,0.0029954793862998486
5054,0.002994779497385025
5055,0.002994245383888483
5056,0.002993674948811531
5057,0.0029928977601230145
5058,0.0029924814589321613
5059,0.0029915813356637955
5060,0.002991908695548773
5061,0.0029911058954894543
5062,0.0029908600263297558
5063,0.002990544540807605
5064,0.0029902830719947815
5065,0.0029893042519688606
5066,0.002989416942000389
5067,0.0029888853896409273
5068,0.0029883896932005882
5069,0.002987959887832403
5070,0.0029872478917241096
5071,0.0029867724515497684
5072,0.002985862549394369
5073,0.002985425293445587
5074,0.0029840797651559114
5075,0.0029830748680979013
5076,0.0029825482051819563
5077,0.002981768688187003
5078,0.0029806485399603844
5079,0.002979585900902748
5080,0.0029793926514685154
5081,0.0029791167471557856
5082,0.002978826640173793
5083,0.0029783672653138638
5084,0.002977483905851841
5085,0.002976330230012536
5086,0.0029748589731752872
5087,0.002974417759105563
5088,0.0029738189186900854
5089,0.0029730498790740967
5090,0.0029724265914410353
5091,0.002971390727907419
5092,0.0029709660448133945
5093,0.0029703518375754356
5094,0.0029698777943849564
5095,0.002969171851873398
5096,0.002968696877360344
5097,0.0029682498425245285
5098,0.0029678824357688427
5099,0.0029669879004359245
5100,0.002966551575809717
5101,0.002965753898024559
5102,0.0029652821831405163
5103,0.0029645864851772785
5104,0.002963688690215349
5105,0.0029630567878484726
5106,0.0029618737753480673
5107,0.0029604951851069927
5108,0.002959457691758871
5109,0.0029573943465948105
5110,0.0029547277372330427
5111,0.0029522038530558348
5112,0.002949137706309557
5113,0.002949091838672757
5114,0.002945148851722479
5115,0.0029432293958961964
5116,0.0029405741952359676
5117,0.0029374798759818077
5118,0.0029338342137634754
5119,0.002928889822214842
5120,0.002926432993263006
5121,0.002923148451372981
5122,0.00292227603495121
5123,0.002920903032645583
5124,0.002918443875387311
5125,0.0029165083542466164
5126,0.00291395653039217
5127,0.002911478281021118
5128,0.0029091378673911095
5129,0.002906834241002798
5130,0.002903310116380453
5131,0.0029090659227222204
5132,0.0028991601429879665
5133,0.0028973412699997425
5134,0.002895612269639969
5135,0.0028935670852661133
5136,0.0028918373864144087
5137,0.0028905062936246395
5138,0.0028895470313727856
5139,0.002888436894863844
5140,0.0028871868271380663
5141,0.0028863796032965183
5142,0.0028852925170212984
5143,0.0028837937861680984
5144,0.002882538828998804
5145,0.0028815472032874823
5146,0.002880555810406804
5147,0.0028786766342818737
5148,0.0028821206651628017
5149,0.0028770281933248043
5150,0.0028759625274688005
5151,0.002874898724257946
5152,0.0028740253765136003
5153,0.00287311221472919
5154,0.0028721699491143227
5155,0.00287138344720006
5156,0.0028704090509563684
5157,0.0028689962346106768
5158,0.0028680656105279922
5159,0.0028665917925536633
5160,0.002864374779164791
5161,0.0028628171421587467
5162,0.0028616124764084816
5163,0.0028608201537281275
5164,0.002859520958736539
5165,0.002858023392036557
5166,0.002857600338757038
5167,0.00285537401214242
5168,0.0028545609675347805
5169,0.0028539285995066166
5170,0.0028532170690596104
5171,0.0028520855121314526
5172,0.0028510582633316517
5173,0.002850648947060108
5174,0.002849336015060544
5175,0.002849045442417264
5176,0.0028482377529144287
5177,0.0028470498509705067
5178,0.002846541116014123
5179,0.002845864277333021
5180,0.002845191163942218
5181,0.0028441227041184902
5182,0.0028435068670660257
5183,0.0028425499331206083
5184,0.0028417143039405346
5185,0.0028410658705979586
5186,0.0028403112664818764
5187,0.0028397864662110806
5188,0.0028399433940649033
5189,0.002838888205587864
5190,0.002838541753590107
5191,0.0028384788893163204
5192,0.0028382558375597
5193,0.0028380057774484158
5194,0.0028374362736940384
5195,0.002837124280631542
5196,0.0028369794599711895
5197,0.0028369403444230556
5198,0.0028366870246827602
5199,0.002836483297869563
5200,0.002836234401911497
5201,0.002835600869730115
5202,0.002835397142916918
5203,0.0028350185602903366
5204,0.002834719605743885
5205,0.002834099577739835
5206,0.002833474660292268
5207,0.0028327591717243195
5208,0.002833005040884018
5209,0.002832425059750676
5210,0.002832320285961032
5211,0.00283149816095829
5212,0.002830781973898411
5213,0.002836594358086586
5214,0.0028307046741247177
5215,0.0028303188737481833
5216,0.002829981502145529
5217,0.0028297181706875563
5218,0.0028285495936870575
5219,0.002827487885951996
5220,0.002829077420756221
5221,0.0028262645937502384
5222,0.0028259088285267353
5223,0.0028254943899810314
5224,0.002825128845870495
5225,0.00282451044768095
5226,0.0028242566622793674
5227,0.00282337237149477
5228,0.0028228554874658585
5229,0.002822109032422304
5230,0.002821697387844324
5231,0.002821775618940592
5232,0.0028211763128638268
5233,0.002820697845891118
5234,0.002819836139678955
5235,0.002820188645273447
5236,0.0028200356755405664
5237,0.0028196254279464483
5238,0.002818894572556019
5239,0.002818959765136242
5240,0.002818429609760642
5241,0.0028181015513837337
5242,0.002817867323756218
5243,0.0028169378638267517
5244,0.002816147170960903
5245,0.002815934829413891
5246,0.0028150593861937523
5247,0.0028140994254499674
5248,0.002813506405800581
5249,0.002812866820022464
5250,0.0028121313080191612
5251,0.002811780897900462
5252,0.002811277285218239
5253,0.0028108637779951096
5254,0.0028106553945690393
5255,0.002810536650940776
5256,0.002810201607644558
5257,0.0028098132461309433
5258,0.002809768309816718
5259,0.0028094358276575804
5260,0.0028092246502637863
5261,0.0028086723759770393
5262,0.002808765508234501
5263,0.002807851880788803
5264,0.002807283541187644
5265,0.002806812757626176
5266,0.002806337783113122
5267,0.0028060392942279577
5268,0.0028054299764335155
5269,0.0028052483685314655
5270,0.0028042965568602085
5271,0.0028038080781698227
5272,0.0028028548695147038
5273,0.002802692586556077
5274,0.00280210142955184
5275,0.002801594091579318
5276,0.002801463706418872
5277,0.0028009689413011074
5278,0.0028008075896650553
5279,0.002800100017338991
5280,0.002799691166728735
5281,0.0027991225942969322
5282,0.0027988883666694164
5283,0.0027985048945993185
5284,0.0027981644961982965
5285,0.002797509543597698
5286,0.0027967900969088078
5287,0.002795962616801262
5288,0.0027952436357736588
5289,0.0027949390932917595
5290,0.0027939574792981148
5291,0.0027939018327742815
5292,0.0027933029923588037
5293,0.0027928994968533516
5294,0.002792553510516882
5295,0.002792017301544547
5296,0.0027912899386137724
5297,0.0027909246273338795
5298,0.002790429163724184
5299,0.002789767226204276
5300,0.002789625432342291
5301,0.0027890419587492943
5302,0.0027886908501386642
5303,0.0027891763020306826
5304,0.0027883320581167936
5305,0.0027883085422217846
5306,0.002788189798593521
5307,0.002788031240925193
5308,0.0027879232075065374
5309,0.002787908772006631
5310,0.0027878950349986553
5311,0.002787782112136483
5312,0.0027875315863639116
5313,0.002787962555885315
5314,0.0027875308878719807
5315,0.002787295961752534
5316,0.002786615863442421
5317,0.0027863953728228807
5318,0.0027858701068907976
5319,0.002785222604870796
5320,0.0027842088602483273
5321,0.002783171832561493
5322,0.002783044707030058
5323,0.0027825471479445696
5324,0.0027813371270895004
5325,0.0027804600540548563
5326,0.002779875649139285
5327,0.0027790581807494164
5328,0.0027784297708421946
5329,0.0027769787702709436
5330,0.002776246750727296
5331,0.0027749789878726006
5332,0.002774879802018404
5333,0.002773889573290944
5334,0.0027732534799724817
5335,0.0027728108689188957
5336,0.002771655097603798
5337,0.002770549152046442
5338,0.002769527258351445
5339,0.00276841688901186
5340,0.002768120262771845
5341,0.0027671209536492825
5342,0.0027676315512508154
5343,0.0027655414305627346
5344,0.0027649428229779005
5345,0.0027638901956379414
5346,0.002763079246506095
5347,0.0027629174292087555
5348,0.0027622091583907604
5349,0.0027617570012807846
5350,0.002761623589321971
5351,0.0027621756307780743
5352,0.0027612270787358284
5353,0.002760857343673706
5354,0.0027609230019152164
5355,0.0027607823722064495
5356,0.0027606249786913395
5357,0.0027605609502643347
5358,0.002759932540357113
5359,0.0027610682882368565
5360,0.002759680850431323
5361,0.0027591525577008724
5362,0.002759101800620556
5363,0.0027588200755417347
5364,0.0027587474323809147
5365,0.0027583842165768147
5366,0.002758217975497246
5367,0.0027580512687563896
5368,0.002757556736469269
5369,0.002757043344900012
5370,0.002756689675152302
5371,0.0027562177274376154
5372,0.0027559425216168165
5373,0.002755163935944438
5374,0.0027544833719730377
5375,0.002753613283857703
5376,0.0027524749748408794
5377,0.0027514975517988205
5378,0.0027507543563842773
5379,0.002750007901340723
5380,0.002749436302110553
5381,0.0027481927536427975
5382,0.002746125217527151
5383,0.0027432991191744804
5384,0.0027408869937062263
5385,0.002739592455327511
5386,0.0027378269005566835
5387,0.0027364164125174284
5388,0.002735354471951723
5389,0.002733683679252863
5390,0.0027321677189320326
5391,0.0027314871549606323
5392,0.002730542328208685
5393,0.002729268977418542
5394,0.002728590276092291
5395,0.0027274233289062977
5396,0.0027268719859421253
5397,0.002726492937654257
5398,0.0027258736081421375
5399,0.002724893856793642
5400,0.0027242684736847878
5401,0.0027236174792051315
5402,0.0027229299303144217
5403,0.0027215429581701756
5404,0.002720395801588893
5405,0.002718121511861682
5406,0.002715656766667962
5407,0.002713953610509634
5408,0.0027121766470372677
5409,0.002710715401917696
5410,0.002710003638640046
5411,0.002708467887714505
5412,0.0027063130401074886
5413,0.0027051479555666447
5414,0.0027035337407141924
5415,0.002702722791582346
5416,0.00270086363889277
5417,0.0026987309101969004
5418,0.0027007327880710363
5419,0.0026969141326844692
5420,0.0026958798989653587
5421,0.0026951662730425596
5422,0.0026940028183162212
5423,0.002692698733881116
5424,0.0026920302771031857
5425,0.002690963912755251
5426,0.0026902167592197657
5427,0.002689908491447568
5428,0.0026891811285167933
5429,0.0026883601676672697
5430,0.0026880591176450253
5431,0.0026872800663113594
5432,0.0026867836713790894
5433,0.002685233484953642
5434,0.0026836239267140627
5435,0.0026823028456419706
5436,0.0026811447460204363
5437,0.0026805056259036064
5438,0.00267980108037591
5439,0.0026787864044308662
5440,0.0026780988555401564
5441,0.0026770816184580326
5442,0.002675931667909026
5443,0.002673804061487317
5444,0.002673089737072587
5445,0.0026710713282227516
5446,0.0026700948365032673
5447,0.0026694652624428272
5448,0.002668962813913822
5449,0.0026675178669393063
5450,0.0026694140397012234
5451,0.002665284788236022
5452,0.0026644046884030104
5453,0.002662944607436657
5454,0.002661831211298704
5455,0.002660685684531927
5456,0.0026600253768265247
5457,0.0026591825298964977
5458,0.0026604237500578165
5459,0.002658161800354719
5460,0.002658096607774496
5461,0.0026579604018479586
5462,0.002657745499163866
5463,0.0026573273353278637
5464,0.002656705444678664
5465,0.002656063064932823
5466,0.0026555450167506933
5467,0.002655402757227421
5468,0.0026549084577709436
5469,0.002654069336131215
5470,0.0026533552445471287
5471,0.0026521168183535337
5472,0.002651316113770008
5473,0.0026507244911044836
5474,0.0026492509059607983
5475,0.0026478662621229887
5476,0.002649430651217699
5477,0.0026466455310583115
5478,0.00264553795568645
5479,0.0026446375995874405
5480,0.002643674612045288
5481,0.002642841311171651
5482,0.0026419945061206818
5483,0.0026405993849039078
5484,0.002638744655996561
5485,0.002637795638293028
5486,0.0026364889927208424
5487,0.002634921111166477
5488,0.0026473416946828365
5489,0.002632580930367112
5490,0.0026310174725949764
5491,0.002629875671118498
5492,0.0026281336322426796
5493,0.0026272935792803764
5494,0.0026259226724505424
5495,0.0026247715577483177
5496,0.002623794600367546
5497,0.0026228290516883135
5498,0.0026215435937047005
5499,0.0026199771091341972
5500,0.002620133338496089
5501,0.0026183987502008677
5502,0.002617718419060111
5503,0.002617024350911379
5504,0.0026157794054597616
5505,0.00261426973156631
5506,0.0026121409609913826
5507,0.002610215451568365
5508,0.002608884358778596
5509,0.002607411937788129
5510,0.0026061830576509237
5511,0.002605132292956114
5512,0.0026038349606096745
5513,0.0026036868803203106
5514,0.002602985128760338
5515,0.0026022575329989195
5516,0.002601951826363802
5517,0.0026007303968071938
5518,0.002600468695163727
5519,0.0025983592495322227
5520,0.002597303129732609
5521,0.002596531994640827
5522,0.0025955529417842627
5523,0.002594495890662074
5524,0.002593160141259432
5525,0.0025923638604581356
5526,0.002589554525911808
5527,0.0025876816362142563
5528,0.0025855242274701595
5529,0.0025841332972049713
5530,0.002583104418590665
5531,0.0025822953321039677
5532,0.002581976354122162
5533,0.0025812876410782337
5534,0.002579893684014678
5535,0.0025870311073958874
5536,0.0025786664336919785
5537,0.0025776620022952557
5538,0.0025772948283702135
5539,0.0025763853918761015
5540,0.002575383521616459
5541,0.002574214478954673
5542,0.0025726528838276863
5543,0.002572242170572281
5544,0.0025706924498081207
5545,0.002569362288340926
5546,0.0025687217712402344
5547,0.002568257972598076
5548,0.002567813266068697
5549,0.002566403243690729
5550,0.00256534107029438
5551,0.0025648900773376226
5552,0.0025640171952545643
5553,0.002563416725024581
5554,0.0025629145093262196
5555,0.0025624206755310297
5556,0.002561951754614711
5557,0.0025613661855459213
5558,0.002560728695243597
5559,0.002559931017458439
5560,0.0025595510378479958
5561,0.002559400862082839
5562,0.002559234853833914
5563,0.002558903768658638
5564,0.0025587414857000113
5565,0.002557929139584303
5566,0.002558136358857155
5567,0.0025574832689017057
5568,0.002556565450504422
5569,0.0025559174828231335
5570,0.002555151004344225
5571,0.002554264385253191
5572,0.002553615253418684
5573,0.0025528420228511095
5574,0.002552152145653963
5575,0.0025508615653961897
5576,0.0025499784387648106
5577,0.002548942808061838
5578,0.0025478131137788296
5579,0.002547387732192874
5580,0.002546413568779826
5581,0.002545819850638509
5582,0.002545079682022333
5583,0.0025456559378653765
5584,0.002544858492910862
5585,0.0025443139020353556
5586,0.0025439534801989794
5587,0.002543142531067133
5588,0.0025427620857954025
5589,0.002542859176173806
5590,0.0025422931648790836
5591,0.0025417828001081944
5592,0.0025412545073777437
5593,0.0025410803500562906
5594,0.00254031247459352
5595,0.0025395327247679234
5596,0.0025389171205461025
5597,0.0025377576239407063
5598,0.002536674030125141
5599,0.0025395986158400774
5600,0.002535404870286584
5601,0.0025348998606204987
5602,0.002534364815801382
5603,0.002533784369006753
5604,0.0025335755199193954
5605,0.0025329997297376394
5606,0.002532904502004385
5607,0.002532262122258544
5608,0.0025323349982500076
5609,0.0025321701541543007
5610,0.0025317620020359755
5611,0.002531732665374875
5612,0.002531112637370825
5613,0.00253034895285964
5614,0.00252970727160573
5615,0.002529104705899954
5616,0.0025283903814852238
5617,0.002528222743421793
5618,0.002527848118916154
5619,0.002527503529563546
5620,0.0025272532366216183
5621,0.002526386408135295
5622,0.0025261701084673405
5623,0.0025256245862692595
5624,0.0025252308696508408
5625,0.0025253999046981335
5626,0.002524652285501361
5627,0.002524495590478182
5628,0.0025241144467145205
5629,0.00252406089566648
5630,0.0025237356312572956
5631,0.002523424569517374
5632,0.0025235386565327644
5633,0.0025230636820197105
5634,0.0025227817241102457
5635,0.0025221880059689283
5636,0.002521129557862878
5637,0.0025206448044627905
5638,0.0025202040560543537
5639,0.0025198364164680243
5640,0.002519071102142334
5641,0.0025189905427396297
5642,0.002519587054848671
5643,0.0025178752839565277
5644,0.0025173837784677744
5645,0.0025169409345835447
5646,0.0025167278945446014
5647,0.0025162731762975454
5648,0.0025158016942441463
5649,0.002514374442398548
5650,0.002513418672606349
5651,0.0025125250685960054
5652,0.002511989790946245
5653,0.002511977218091488
5654,0.002510910155251622
5655,0.0025107520632445812
5656,0.0025103234220296144
5657,0.002510271966457367
5658,0.0025097921025007963
5659,0.002509224694222212
5660,0.0025095329619944096
5661,0.002507994417101145
5662,0.002507648663595319
5663,0.002506706165149808
5664,0.0025063115172088146
5665,0.0025058931205421686
5666,0.0025051089469343424
5667,0.0025041536428034306
5668,0.0025026947259902954
5669,0.002503214869648218
5670,0.0025015161372721195
5671,0.0025009047240018845
5672,0.0025007836520671844
5673,0.002500142902135849
5674,0.002500109141692519
5675,0.0024995291605591774
5676,0.002498743124306202
5677,0.002498056972399354
5678,0.0024971936363726854
5679,0.0024963722098618746
5680,0.002495399210602045
5681,0.0024941880255937576
5682,0.002492697676643729
5683,0.0024905442260205746
5684,0.0024897234980016947
5685,0.002487602410838008
5686,0.0024872045032680035
5687,0.0024848298635333776
5688,0.002483546733856201
5689,0.0024825611617416143
5690,0.0024808822199702263
5691,0.0024799969978630543
5692,0.0024808174930512905
5693,0.0024776654317975044
5694,0.002476593479514122
5695,0.002475086133927107
5696,0.0024740593507885933
5697,0.002472979249432683
5698,0.002471825573593378
5699,0.0024699883069843054
5700,0.0024692541919648647
5701,0.0024687594268471003
5702,0.0024681284558027983
5703,0.0024673694279044867
5704,0.0024666807148605585
5705,0.0024657633621245623
5706,0.0024648928083479404
5707,0.0024645172525197268
5708,0.0024642222560942173
5709,0.002463338430970907
5710,0.0024622855708003044
5711,0.0024607409723103046
5712,0.002458833623677492
5713,0.002458250615745783
5714,0.002461467171087861
5715,0.002456537215039134
5716,0.002455522073432803
5717,0.0024551237002015114
5718,0.0024545821361243725
5719,0.0024535967968404293
5720,0.0024525688495486975
5721,0.00245059747248888
5722,0.002450218191370368
5723,0.002448755782097578
5724,0.002448565559461713
5725,0.0024481676518917084
5726,0.002447543665766716
5727,0.002446067053824663
5728,0.002444316865876317
5729,0.002442962024360895
5730,0.0024421154521405697
5731,0.0024409121833741665
5732,0.0024397787638008595
5733,0.0024384306743741035
5734,0.002437892369925976
5735,0.002436985494568944
5736,0.0024356229696422815
5737,0.0024339635856449604
5738,0.002432228298857808
5739,0.002427986590191722
5740,0.0024270275607705116
5741,0.002425974002107978
5742,0.0024249323178082705
5743,0.002423291327431798
5744,0.0024215145967900753
5745,0.0024205257650464773
5746,0.0024189846590161324
5747,0.0024176244623959064
5748,0.002415645169094205
5749,0.0024176407605409622
5750,0.002412905916571617
5751,0.0024115031119436026
5752,0.0024099356960505247
5753,0.0024084330070763826
5754,0.0024062953889369965
5755,0.0024045950267463923
5756,0.0024032643996179104
5757,0.002402135170996189
5758,0.0024016108363866806
5759,0.0024005542509257793
5760,0.002399416407570243
5761,0.0023987996391952038
5762,0.0023978985846042633
5763,0.002396823838353157
5764,0.0023961695842444897
5765,0.002395800082013011
5766,0.002394858282059431
5767,0.002393722999840975
5768,0.002392360707744956
5769,0.002391486894339323
5770,0.0023911718744784594
5771,0.0023908778093755245
5772,0.0023905476555228233
5773,0.0023903294932097197
5774,0.0023902193643152714
5775,0.0023917369544506073
5776,0.0023897902574390173
5777,0.0023891013115644455
5778,0.002389011438935995
5779,0.002388162538409233
5780,0.0023875185288488865
5781,0.002386331558227539
5782,0.0023853920865803957
5783,0.0023847781121730804
5784,0.002384210703894496
5785,0.002383862854912877
5786,0.0023829846177250147
5787,0.00238242419436574
5788,0.0023816614411771297
5789,0.002381020225584507
5790,0.002380570862442255
5791,0.0023797363974153996
5792,0.0023792472202330828
5793,0.002378760138526559
5794,0.002378088189288974
5795,0.002377910539507866
5796,0.0023773210123181343
5797,0.0023773368448019028
5798,0.002377396449446678
5799,0.0023772525601089
5800,0.0023766946978867054
5801,0.0023765095975250006
5802,0.0023762276396155357
5803,0.0023753303103148937
5804,0.002375406678766012
5805,0.002374658826738596
5806,0.002374309813603759
5807,0.0023736413568258286
5808,0.002372831106185913
5809,0.0023718809243291616
5810,0.0023706271313130856
5811,0.0023690159432590008
5812,0.0023682224564254284
5813,0.0023668555077165365
5814,0.002365726977586746
5815,0.002364829881116748
5816,0.002363806590437889
5817,0.0023625490721315145
5818,0.002361111808568239
5819,0.0023595383390784264
5820,0.0023582002613693476
5821,0.002356888959184289
5822,0.002355933887884021
5823,0.002354711527004838
5824,0.0023525883443653584
5825,0.0023512672632932663
5826,0.002349589951336384
5827,0.002347590634599328
5828,0.0023468651343137026
5829,0.0023456509225070477
5830,0.002345014363527298
5831,0.002345690969377756
5832,0.0023443179670721292
5833,0.00234332587569952
5834,0.002342904917895794
5835,0.0023426078259944916
5836,0.0023423247039318085
5837,0.002341903280466795
5838,0.0023414406459778547
5839,0.002341067884117365
5840,0.0023408213164657354
5841,0.0023404774256050587
5842,0.0023395693860948086
5843,0.002339098835363984
5844,0.0023389114066958427
5845,0.0023384399246424437
5846,0.0023379730992019176
5847,0.0023371607530862093
5848,0.0023361726198345423
5849,0.002335374476388097
5850,0.0023348573595285416
5851,0.002333554904907942
5852,0.0023326827213168144
5853,0.002331926254555583
5854,0.0023319032043218613
5855,0.0023314421996474266
5856,0.002330832416191697
5857,0.002329358598217368
5858,0.002327906433492899
5859,0.0023271446116268635
5860,0.002326082903891802
5861,0.0023249194491654634
5862,0.002324707107618451
5863,0.002323332941159606
5864,0.002323256805539131
5865,0.002322693821042776
5866,0.002322061685845256
5867,0.0023217268753796816
5868,0.002321200678125024
5869,0.0023205953184515238
5870,0.002320064464583993
5871,0.0023199492134153843
5872,0.0023192870430648327
5873,0.002319278893992305
5874,0.002318750601261854
5875,0.0023184495512396097
5876,0.0023185538593679667
5877,0.002318107057362795
5878,0.0023175645619630814
5879,0.0023169296327978373
5880,0.0023165405727922916
5881,0.0023156339302659035
5882,0.0023156083188951015
5883,0.002315158024430275
5884,0.0023143934085965157
5885,0.0023163841105997562
5886,0.0023132641799747944
5887,0.0023125887382775545
5888,0.0023121810518205166
5889,0.002311471849679947
5890,0.0023108988534659147
5891,0.0023115871008485556
5892,0.0023097528610378504
5893,0.0023091956973075867
5894,0.0023088084999471903
5895,0.0023081195540726185
5896,0.002307465299963951
5897,0.0023062746040523052
5898,0.0023055151104927063
5899,0.002304857363924384
5900,0.002304056426510215
5901,0.002303519519045949
5902,0.0023021847009658813
5903,0.0023003926035016775
5904,0.002299053594470024
5905,0.0022978547494858503
5906,0.0022973897866904736
5907,0.0022964919917285442
5908,0.002295401878654957
5909,0.0022946661338210106
5910,0.0022937292233109474
5911,0.0022929920814931393
5912,0.002292123157531023
5913,0.0022910903207957745
5914,0.002290494740009308
5915,0.00228965119458735
5916,0.002289587166160345
5917,0.002288978546857834
5918,0.002288700081408024
5919,0.0022883396595716476
5920,0.00228693475946784
5921,0.0022882528137415648
5922,0.0022863149642944336
5923,0.0022854330018162727
5924,0.0022859058808535337
5925,0.0022851452231407166
5926,0.0022844751365482807
5927,0.0022850693203508854
5928,0.0022835286799818277
5929,0.0022833463735878468
5930,0.0022825587075203657
5931,0.0022816993296146393
5932,0.0022808988578617573
5933,0.002281035529449582
5934,0.002279355889186263
5935,0.002278626663610339
5936,0.0022773887030780315
5937,0.0022770073264837265
5938,0.002275861566886306
5939,0.002275471342727542
5940,0.0022747572511434555
5941,0.0022742832079529762
5942,0.0022737078834325075
5943,0.0022732079960405827
5944,0.0022723362781107426
5945,0.0022715628147125244
5946,0.0022713374346494675
5947,0.002269779797643423
5948,0.0022692126221954823
5949,0.002268640324473381
5950,0.002268334850668907
5951,0.0022675292566418648
5952,0.0022668878082185984
5953,0.002265415620058775
5954,0.002263795817270875
5955,0.002261783229187131
5956,0.002260113600641489
5957,0.002259183442220092
5958,0.0022580164950340986
5959,0.002256611129269004
5960,0.0022554665338248014
5961,0.0022548940032720566
5962,0.0022533247247338295
5963,0.002251091878861189
5964,0.002248949371278286
5965,0.002247265074402094
5966,0.0022457509767264128
5967,0.0022451942786574364
5968,0.0022444315254688263
5969,0.002243603114038706
5970,0.002242414280772209
5971,0.0022421609610319138
5972,0.00224126223474741
5973,0.00223928433842957
5974,0.00223772251047194
5975,0.0022363830357789993
5976,0.002235417254269123
5977,0.002234755316749215
5978,0.0022341145668178797
5979,0.002233569510281086
5980,0.0022330370265990496
5981,0.002232297556474805
5982,0.0022323618177324533
5983,0.00223152874968946
5984,0.0022307010367512703
5985,0.0022302318830043077
5986,0.002229546895250678
5987,0.002228993456810713
5988,0.002228556666523218
5989,0.0022278602700680494
5990,0.002226421609520912
5991,0.002226786222308874
5992,0.002225467935204506
5993,0.0022253200877457857
5994,0.0022249254398047924
5995,0.0022246467415243387
5996,0.00222390191629529
5997,0.0022229887545108795
5998,0.0022229603491723537
5999,0.002222635317593813
6000,0.002222136128693819
6001,0.0022216413635760546
6002,0.002220672555267811
6003,0.0022201454266905785
6004,0.0022197116632014513
6005,0.002219252288341522
6006,0.002219515386968851
6007,0.002218716312199831
6008,0.002218686044216156
6009,0.0022185391280800104
6010,0.002218410139903426
6011,0.00221814657561481
6012,0.0022175032645463943
6013,0.0022168224677443504
6014,0.0022167537827044725
6015,0.0022159519139677286
6016,0.002215527929365635
6017,0.0022153889294713736
6018,0.002214568667113781
6019,0.002214458305388689
6020,0.0022139293141663074
6021,0.0022135532926768064
6022,0.002212889026850462
6023,0.0022124056704342365
6024,0.0022116154432296753
6025,0.002211587503552437
6026,0.0022113400045782328
6027,0.002211372833698988
6028,0.0022112722508609295
6029,0.002210774924606085
6030,0.0022105593234300613
6031,0.0022105867974460125
6032,0.002210604725405574
6033,0.002210046863183379
6034,0.00221115630120039
6035,0.0022094182204455137
6036,0.0022091984283179045
6037,0.002208915539085865
6038,0.002207938116043806
6039,0.002207751851528883
6040,0.002208554418757558
6041,0.0022070081904530525
6042,0.0022070356644690037
6043,0.0022070170380175114
6044,0.0022065755911171436
6045,0.0022061127237975597
6046,0.002205728553235531
6047,0.0022050603292882442
6048,0.0022037469316273928
6049,0.0022037075832486153
6050,0.0022030097898095846
6051,0.002202476840466261
6052,0.0022021853365004063
6053,0.0022019697353243828
6054,0.002201887546107173
6055,0.0022015683352947235
6056,0.002201438881456852
6057,0.0022011667024344206
6058,0.002200496383011341
6059,0.002200237475335598
6060,0.0021998153533786535
6061,0.00219928240403533
6062,0.00219869427382946
6063,0.002198072150349617
6064,0.0021972102113068104
6065,0.002196822315454483
6066,0.0021962616592645645
6067,0.0021965638734400272
6068,0.0021952709648758173
6069,0.0021946323104202747
6070,0.0021937922574579716
6071,0.0021939158905297518
6072,0.0021928399801254272
6073,0.0021926122717559338
6074,0.002192199230194092
6075,0.002191833220422268
6076,0.002191214356571436
6077,0.0021901745349168777
6078,0.0021895943209528923
6079,0.0021893109660595655
6080,0.0021888972260057926
6081,0.0021885300520807505
6082,0.002188283484429121
6083,0.0021875437814742327
6084,0.002186474157497287
6085,0.002186046913266182
6086,0.0021843435242772102
6087,0.002183922566473484
6088,0.002183812903240323
6089,0.0021836531814187765
6090,0.002183083212003112
6091,0.002182163530960679
6092,0.0021830322220921516
6093,0.0021809760946780443
6094,0.002180720679461956
6095,0.0021802594419568777
6096,0.0021800361573696136
6097,0.002179187024012208
6098,0.002178977709263563
6099,0.0021782414987683296
6100,0.0021777173969894648
6101,0.0021771169267594814
6102,0.0021768342703580856
6103,0.0021763877011835575
6104,0.0021758112125098705
6105,0.0021753322798758745
6106,0.002174467546865344
6107,0.0021736889611929655
6108,0.0021729173604398966
6109,0.0021719420328736305
6110,0.002171330852434039
6111,0.0021694665774703026
6112,0.002168406266719103
6113,0.0021671419963240623
6114,0.0021665547974407673
6115,0.002165331970900297
6116,0.0021653699222952127
6117,0.002164999255910516
6118,0.0021643221843987703
6119,0.0021637987811118364
6120,0.0021634860895574093
6121,0.002163311466574669
6122,0.002162693999707699
6123,0.002162169199436903
6124,0.0021616804879158735
6125,0.002161424607038498
6126,0.002161125186830759
6127,0.0021606837399303913
6128,0.002160618081688881
6129,0.0021597177255898714
6130,0.0021594054996967316
6131,0.0021594862919300795
6132,0.002158964052796364
6133,0.0021586217917501926
6134,0.002158590592443943
6135,0.002157973125576973
6136,0.0021576357539743185
6137,0.0021572629921138287
6138,0.002157451119273901
6139,0.002157352166250348
6140,0.002157042734324932
6141,0.0021571286488324404
6142,0.002156726084649563
6143,0.002156332600861788
6144,0.002156149595975876
6145,0.0021557414438575506
6146,0.0021555449347943068
6147,0.002155216643586755
6148,0.002154738875105977
6149,0.002154669724404812
6150,0.0021542739123106003
6151,0.002153797075152397
6152,0.0021529309451580048
6153,0.0021525102201849222
6154,0.00215210672467947
6155,0.0021518354769796133
6156,0.0021511344239115715
6157,0.0021513565443456173
6158,0.0021503448951989412
6159,0.002150244079530239
6160,0.0021497425623238087
6161,0.0021492422092705965
6162,0.002149380510672927
6163,0.0021491479128599167
6164,0.002149041276425123
6165,0.002148775616660714
6166,0.0021483339369297028
6167,0.0021481341682374477
6168,0.0021476580295711756
6169,0.0021475423127412796
6170,0.0021469206549227238
6171,0.0021464689634740353
6172,0.002145672682672739
6173,0.0021451604552567005
6174,0.002144083147868514
6175,0.002142659854143858
6176,0.002141625387594104
6177,0.002140514552593231
6178,0.0021396721713244915
6179,0.0021395208314061165
6180,0.0021387115120887756
6181,0.0021388232707977295
6182,0.002137889387086034
6183,0.002137447940185666
6184,0.0021366504952311516
6185,0.0021359315142035484
6186,0.002135562477633357
6187,0.0021348288282752037
6188,0.002134060487151146
6189,0.0021338434889912605
6190,0.002133601810783148
6191,0.0021333112381398678
6192,0.0021327384747564793
6193,0.0021325116977095604
6194,0.0021325142588466406
6195,0.002132105641067028
6196,0.002131329383701086
6197,0.0021313889883458614
6198,0.0021306208800524473
6199,0.0021301426459103823
6200,0.0021315349731594324
6201,0.0021297275088727474
6202,0.0021296327468007803
6203,0.002129901200532913
6204,0.0021294979378581047
6205,0.0021291940938681364
6206,0.002128907013684511
6207,0.002128028078004718
6208,0.002127088140696287
6209,0.002125736325979233
6210,0.0021243183873593807
6211,0.002123121637851
6212,0.002122213365510106
6213,0.002121308818459511
6214,0.0021201474592089653
6215,0.002119696931913495
6216,0.0021188692189753056
6217,0.002117851749062538
6218,0.002116810530424118
6219,0.002117178402841091
6220,0.0021148910745978355
6221,0.002114447532221675
6222,0.0021139001473784447
6223,0.002113365801051259
6224,0.0021128535736352205
6225,0.002112401183694601
6226,0.0021114693954586983
6227,0.0021104952320456505
6228,0.002109463792294264
6229,0.0021079611033201218
6230,0.0021071897353976965
6231,0.0021059478167444468
6232,0.0021049987990409136
6233,0.0021059182472527027
6234,0.0021047303453087807
6235,0.002103931037709117
6236,0.002103380858898163
6237,0.002103312872350216
6238,0.002102668397128582
6239,0.002102040220052004
6240,0.0021015380043536425
6241,0.0021005684975534678
6242,0.0020998623222112656
6243,0.002099639270454645
6244,0.0020986483432352543
6245,0.0021064733155071735
6246,0.0020981107372790575
6247,0.0020973128266632557
6248,0.002096978249028325
6249,0.002096916548907757
6250,0.0020962811540812254
6251,0.0020952941849827766
6252,0.002093976829200983
6253,0.002093012910336256
6254,0.002091991249471903
6255,0.0020908783189952374
6256,0.002090119058266282
6257,0.0020890666637569666
6258,0.00208807154558599
6259,0.002087506465613842
6260,0.002086878288537264
6261,0.002086435444653034
6262,0.002086206804960966
6263,0.0020856820046901703
6264,0.0020854573231190443
6265,0.002084885025396943
6266,0.0020842663943767548
6267,0.002083281520754099
6268,0.0020826593972742558
6269,0.0020819392520934343
6270,0.0020816409960389137
6271,0.002080999780446291
6272,0.0020809690468013287
6273,0.0020789720583707094
6274,0.0020779897458851337
6275,0.0020767604000866413
6276,0.002076147124171257
6277,0.002074620220810175
6278,0.0020727962255477905
6279,0.00207131402567029
6280,0.002069133101031184
6281,0.0020676569547504187
6282,0.0020666655618697405
6283,0.0020650436636060476
6284,0.002064343076199293
6285,0.002063588472083211
6286,0.0020626746118068695
6287,0.0020619258284568787
6288,0.0020611260551959276
6289,0.002060358412563801
6290,0.0020597781985998154
6291,0.002059204038232565
6292,0.0020585358142852783
6293,0.0020578703843057156
6294,0.0020580068230628967
6295,0.0020574911031872034
6296,0.0020573558285832405
6297,0.002056798432022333
6298,0.0020558342803269625
6299,0.0020564021542668343
6300,0.002054448239505291
6301,0.002053238917142153
6302,0.0020523821003735065
6303,0.0020512547343969345
6304,0.0020500426180660725
6305,0.0020486381836235523
6306,0.002047428395599127
6307,0.0020468728616833687
6308,0.002045808359980583
6309,0.0020453212782740593
6310,0.002043940359726548
6311,0.002043178305029869
6312,0.0020427240524441004
6313,0.0020424711983650923
6314,0.0020420094951987267
6315,0.0020414451137185097
6316,0.0020412064623087645
6317,0.002039216924458742
6318,0.002038321690633893
6319,0.0020384532399475574
6320,0.0020362127106636763
6321,0.0020354180596768856
6322,0.0020350695122033358
6323,0.0020341798663139343
6324,0.002033494645729661
6325,0.002032963093370199
6326,0.002032788470387459
6327,0.002032396150752902
6328,0.002031747717410326
6329,0.0020313169807195663
6330,0.0020307537633925676
6331,0.002029579831287265
6332,0.0020288503728806973
6333,0.002028333954513073
6334,0.002026661764830351
6335,0.002025266643613577
6336,0.0020238072611391544
6337,0.002022575121372938
6338,0.0020210500806570053
6339,0.0020203660242259502
6340,0.0020199583377689123
6341,0.002019496401771903
6342,0.002018985338509083
6343,0.002018729690462351
6344,0.0020179280545562506
6345,0.00201784516684711
6346,0.002016722923144698
6347,0.0020164228044450283
6348,0.0020150053314864635
6349,0.002013435121625662
6350,0.002012191340327263
6351,0.0020115210209041834
6352,0.002010286320000887
6353,0.0020094511564821005
6354,0.002008796902373433
6355,0.0020085209980607033
6356,0.00200770259834826
6357,0.0020070914179086685
6358,0.002006049267947674
6359,0.0020042764954268932
6360,0.0020046131685376167
6361,0.0020032452885061502
6362,0.0020024070981889963
6363,0.0020017994102090597
6364,0.0020011072047054768
6365,0.0020002885721623898
6366,0.002000178676098585
6367,0.0019996846094727516
6368,0.0019989400170743465
6369,0.0019987185951322317
6370,0.0019983439706265926
6371,0.001997977262362838
6372,0.0019978682976216078
6373,0.001997241983190179
6374,0.001996317645534873
6375,0.00199649459682405
6376,0.0019956461619585752
6377,0.0019949711859226227
6378,0.0019946685060858727
6379,0.001994153717532754
6380,0.0019937085453420877
6381,0.001993143931031227
6382,0.001992482226341963
6383,0.0019921083003282547
6384,0.001991953933611512
6385,0.0019911283161491156
6386,0.0019908964168280363
6387,0.00198999117128551
6388,0.001989589771255851
6389,0.001988450065255165
6390,0.001987478928640485
6391,0.0019871294498443604
6392,0.001986921764910221
6393,0.0019859729800373316
6394,0.002000815700739622
6395,0.001985416980460286
6396,0.001984333386644721
6397,0.001983839087188244
6398,0.001982857473194599
6399,0.00198267656378448
6400,0.001981971552595496
6401,0.0019812167156487703
6402,0.0019805175252258778
6403,0.001980169676244259
6404,0.0019796958658844233
6405,0.0019791051745414734
6406,0.0019786737393587828
6407,0.001978442771360278
6408,0.001978012267500162
6409,0.0019782118033617735
6410,0.0019775531254708767
6411,0.0019772923551499844
6412,0.0019768793135881424
6413,0.001976391300559044
6414,0.0019754241220653057
6415,0.0019750683568418026
6416,0.0019749747589230537
6417,0.0019744234159588814
6418,0.001973983831703663
6419,0.001973570790141821
6420,0.0019729898776859045
6421,0.0019728392362594604
6422,0.0019722026772797108
6423,0.0019719861447811127
6424,0.001971092075109482
6425,0.0019708203617483377
6426,0.0019705058075487614
6427,0.0019700638949871063
6428,0.0019693560898303986
6429,0.001969130476936698
6430,0.0019684454891830683
6431,0.001968219643458724
6432,0.0019676850643008947
6433,0.001966663636267185
6434,0.0019658482633531094
6435,0.0019652359187602997
6436,0.0019645257852971554
6437,0.001963298534974456
6438,0.0019637879449874163
6439,0.001962576061487198
6440,0.0019624289125204086
6441,0.001961943693459034
6442,0.001961051719263196
6443,0.0019627742003649473
6444,0.0019606712739914656
6445,0.00196045427583158
6446,0.0019602058455348015
6447,0.0019596575293689966
6448,0.0019592661410570145
6449,0.0019588088616728783
6450,0.0019586984999477863
6451,0.001957678236067295
6452,0.001957925735041499
6453,0.0019576598424464464
6454,0.0019573275931179523
6455,0.0019570360891520977
6456,0.0019570565782487392
6457,0.0019561804365366697
6458,0.001955064944922924
6459,0.0019544174429029226
6460,0.0019538418855518103
6461,0.0019534886814653873
6462,0.0019525012467056513
6463,0.0019520509522408247
6464,0.0019516483880579472
6465,0.0019506888929754496
6466,0.0019503221847116947
6467,0.001950451172888279
6468,0.0019496377790346742
6469,0.0019488141406327486
6470,0.0019487323006615043
6471,0.001948353135958314
6472,0.0019480024930089712
6473,0.0019476227462291718
6474,0.0019469489343464375
6475,0.001945813070051372
6476,0.0019450185354799032
6477,0.0019445624202489853
6478,0.0019439550815150142
6479,0.0019432294648140669
6480,0.0019429846433922648
6481,0.0019429449457675219
6482,0.0019431377295404673
6483,0.0019424811471253633
6484,0.0019424790516495705
6485,0.0019425256177783012
6486,0.001941898139193654
6487,0.0019417516887187958
6488,0.0019413502886891365
6489,0.00194093631580472
6490,0.0019406410865485668
6491,0.0019404154736548662
6492,0.0019401030149310827
6493,0.001939929905347526
6494,0.001939442241564393
6495,0.001939157024025917
6496,0.0019387739012017846
6497,0.0019387397915124893
6498,0.0019385312916710973
6499,0.001938606146723032
6500,0.001938431989401579
6501,0.0019380541052669287
6502,0.0019380102166906
6503,0.0019379149889573455
6504,0.0019377749413251877
6505,0.0019376049749553204
6506,0.0019372212700545788
6507,0.0019371164962649345
6508,0.0019372040405869484
6509,0.0019366214983165264
6510,0.0019361141603440046
6511,0.0019353628158569336
6512,0.001934774685651064
6513,0.0019342771265655756
6514,0.0019341447623446584
6515,0.0019335721153765917
6516,0.0019333015661686659
6517,0.0019325236789882183
6518,0.0019321322906762362
6519,0.0019319127313792706
6520,0.0019316939869895577
6521,0.001931508188135922
6522,0.0019310824573040009
6523,0.0019308420596644282
6524,0.0019308837363496423
6525,0.0019299283158034086
6526,0.0019300720887258649
6527,0.0019286841852590442
6528,0.0019277222454547882
6529,0.0019275557715445757
6530,0.0019271399360150099
6531,0.0019269180484116077
6532,0.0019269895274192095
6533,0.0019264738075435162
6534,0.0019256978994235396
6535,0.0019251448102295399
6536,0.0019249487668275833
6537,0.0019247567979618907
6538,0.00192423933185637
6539,0.001923894975334406
6540,0.0019235059153288603
6541,0.0019233066122978926
6542,0.0019228261662647128
6543,0.001922452705912292
6544,0.0019222268601879478
6545,0.0019218618981540203
6546,0.0019215457141399384
6547,0.0019213183550164104
6548,0.0019205794669687748
6549,0.0019197061192244291
6550,0.001918685156852007
6551,0.0019190406892448664
6552,0.001916798995807767
6553,0.0019162195967510343
6554,0.0019157896749675274
6555,0.0019152355380356312
6556,0.0019145284313708544
6557,0.0019141925731673837
6558,0.0019143096869811416
6559,0.0019139229552820325
6560,0.0019133988535031676
6561,0.0019135510083287954
6562,0.0019133035093545914
6563,0.0019128734711557627
6564,0.0019125686958432198
6565,0.0019118291093036532
6566,0.0019115807954221964
6567,0.0019111166475340724
6568,0.0019108986016362906
6569,0.0019103230442851782
6570,0.0019099133787676692
6571,0.001909623621031642
6572,0.0019091344438493252
6573,0.0019089548150077462
6574,0.0019087973050773144
6575,0.0019085960229858756
6576,0.0019079672638326883
6577,0.0019076147582381964
6578,0.0019070734269917011
6579,0.0019064848311245441
6580,0.0019059416372328997
6581,0.0019057560712099075
6582,0.0019052827265113592
6583,0.0019051982089877129
6584,0.0019080797210335732
6585,0.0019048993708565831
6586,0.0019048717804253101
6587,0.0019042144995182753
6588,0.0019041686318814754
6589,0.0019041908672079444
6590,0.0019038113532587886
6591,0.0019035630393773317
6592,0.0019029832910746336
6593,0.0019024170469492674
6594,0.001902067568153143
6595,0.0019015206489712
6596,0.0019009039970114827
6597,0.0019006645306944847
6598,0.0019003232009708881
6599,0.0019001609180122614
6600,0.0018996046856045723
6601,0.0018989199306815863
6602,0.0018984347116202116
6603,0.0018980380846187472
6604,0.0018978421576321125
6605,0.0018972016405314207
6606,0.0018970752134919167
6607,0.0018968961667269468
6608,0.0018967208452522755
6609,0.0018964128103107214
6610,0.0018958437722176313
6611,0.0018948763608932495
6612,0.0018955061677843332
6613,0.0018943108152598143
6614,0.0018941707676276565
6615,0.0018939718138426542
6616,0.0018938204739242792
6617,0.001893423032015562
6618,0.0018926199991255999
6619,0.001892003696411848
6620,0.001891046529635787
6621,0.0018906957702711225
6622,0.0018898992566391826
6623,0.001889084349386394
6624,0.0018887172918766737
6625,0.0018893920350819826
6626,0.001887512393295765
6627,0.001887381891719997
6628,0.001887038815766573
6629,0.0018867612816393375
6630,0.0018867719918489456
6631,0.0018855244852602482
6632,0.0018929308280348778
6633,0.0018852611538022757
6634,0.0018844050355255604
6635,0.0018840348348021507
6636,0.0018839463591575623
6637,0.0018829642795026302
6638,0.0018827335443347692
6639,0.0018825350562110543
6640,0.0018811271293088794
6641,0.001880325493402779
6642,0.0018792413175106049
6643,0.0018790793837979436
6644,0.0018777544610202312
6645,0.0018773949705064297
6646,0.0018764485139399767
6647,0.0018750459421426058
6648,0.0018733253236860037
6649,0.0018723977264016867
6650,0.001871434971690178
6651,0.0018708650022745132
6652,0.0018701411318033934
6653,0.0018693623133003712
6654,0.0018689254065975547
6655,0.0018681214423850179
6656,0.0018676904728636146
6657,0.0018667310941964388
6658,0.0018665293464437127
6659,0.0018658260814845562
6660,0.001865410478785634
6661,0.0018651795107871294
6662,0.0018646784592419863
6663,0.0018648700788617134
6664,0.0018642919603735209
6665,0.0018638437613844872
6666,0.00186262303031981
6667,0.0018618600443005562
6668,0.0018614213913679123
6669,0.00186054315418005
6670,0.0018598829628899693
6671,0.0018592101987451315
6672,0.0018582504708319902
6673,0.0018568814266473055
6674,0.001856861636042595
6675,0.0018557088915258646
6676,0.001855312380939722
6677,0.0018549382220953703
6678,0.0018543620826676488
6679,0.0018540886230766773
6680,0.0018528394866734743
6681,0.0018517805729061365
6682,0.0018496722914278507
6683,0.001847793348133564
6684,0.001845809631049633
6685,0.0018441195134073496
6686,0.00184337398968637
6687,0.001843162695877254
6688,0.0018428616458550096
6689,0.0018423369619995356
6690,0.0018412304343655705
6691,0.0018399141263216734
6692,0.0018386610317975283
6693,0.0018377827946096659
6694,0.001837743679061532
6695,0.0018367243465036154
6696,0.0018363641574978828
6697,0.0018361625261604786
6698,0.0018355583306401968
6699,0.0018353181658312678
6700,0.0018350416794419289
6701,0.0018347848672419786
6702,0.0018340683309361339
6703,0.0018339806701987982
6704,0.0018335848581045866
6705,0.0018335443455725908
6706,0.0018333159387111664
6707,0.0018328763544559479
6708,0.0018329538870602846
6709,0.001832333393394947
6710,0.0018321890383958817
6711,0.0018316570203751326
6712,0.0018315487541258335
6713,0.0018314076587557793
6714,0.0018307624850422144
6715,0.0018306368729099631
6716,0.0018300125375390053
6717,0.0018293090397492051
6718,0.0018291021697223186
6719,0.0018284933175891638
6720,0.0018274448812007904
6721,0.0018268965650349855
6722,0.0018265754915773869
6723,0.0018256661714985967
6724,0.0018254544120281935
6725,0.0018252187874168158
6726,0.0018242461374029517
6727,0.0018235694151371717
6728,0.001823168946430087
6729,0.0018225350650027394
6730,0.0018222273793071508
6731,0.0018218406476080418
6732,0.0018213435541838408
6733,0.001821175217628479
6734,0.0018201275961473584
6735,0.0018201498314738274
6736,0.001819905824959278
6737,0.0018189731054008007
6738,0.0018193419091403484
6739,0.0018181672785431147
6740,0.001817869022488594
6741,0.0018168899696320295
6742,0.001816519070416689
6743,0.0018155304715037346
6744,0.001814932795241475
6745,0.0018134372076019645
6746,0.0018129749223589897
6747,0.0018129274249076843
6748,0.0018123321933671832
6749,0.0018118966836482286
6750,0.0018111411482095718
6751,0.0018108519725501537
6752,0.0018103369511663914
6753,0.001809942303225398
6754,0.0018105893395841122
6755,0.0018093190155923367
6756,0.0018092382233589888
6757,0.0018090633675456047
6758,0.0018087937496602535
6759,0.0018083290196955204
6760,0.0018077348358929157
6761,0.001807692926377058
6762,0.001806621439754963
6763,0.0018058120040223002
6764,0.001805503387004137
6765,0.0018053280655294657
6766,0.0018043301533907652
6767,0.0018036975525319576
6768,0.0018032980151474476
6769,0.001802768325433135
6770,0.0018018324626609683
6771,0.001800969010218978
6772,0.0018004330340772867
6773,0.001798928715288639
6774,0.0017975965747609735
6775,0.00179602624848485
6776,0.0017938767559826374
6777,0.0017917241202667356
6778,0.001790756592527032
6779,0.001789133413694799
6780,0.0017879365477710962
6781,0.0017865945119410753
6782,0.0017867761198431253
6783,0.0017848358256742358
6784,0.0017838864587247372
6785,0.0017832530429586768
6786,0.0017824303358793259
6787,0.0017808254342526197
6788,0.001779364189133048
6789,0.0017777830362319946
6790,0.0017765872180461884
6791,0.0017755011795088649
6792,0.0017748550744727254
6793,0.0017738089663907886
6794,0.0017736703157424927
6795,0.001772082643583417
6796,0.0017712535336613655
6797,0.0017701985780149698
6798,0.0017687870422378182
6799,0.0017667837673798203
6800,0.0017636265838518739
6801,0.0017612094525247812
6802,0.0017591423820704222
6803,0.0017574247904121876
6804,0.0017557854298502207
6805,0.0017541567794978619
6806,0.0017527336021885276
6807,0.001751037547364831
6808,0.001748470589518547
6809,0.0017465734854340553
6810,0.0017452541505917907
6811,0.001744624925777316
6812,0.001744449371472001
6813,0.0017438004724681377
6814,0.0017441173549741507
6815,0.0017433145549148321
6816,0.0017427103593945503
6817,0.001742298947647214
6818,0.0017418230418115854
6819,0.0017413750756531954
6820,0.0017409066203981638
6821,0.0017408784478902817
6822,0.0017404956743121147
6823,0.0017397922929376364
6824,0.0017389548011124134
6825,0.0017386507242918015
6826,0.001738312654197216
6827,0.0017381077632308006
6828,0.0017380262725055218
6829,0.0017370664281770587
6830,0.0017370011191815138
6831,0.0017367028631269932
6832,0.0017365221865475178
6833,0.0017364004161208868
6834,0.0017364290542900562
6835,0.0017359430203214288
6836,0.0017355832969769835
6837,0.001735437661409378
6838,0.0017347740940749645
6839,0.001734413206577301
6840,0.0017341964412480593
6841,0.0017342002829536796
6842,0.0017336111050099134
6843,0.0017331610433757305
6844,0.0017324003856629133
6845,0.0017317954916507006
6846,0.0017314848955720663
6847,0.001730208983644843
6848,0.0017294884892180562
6849,0.001728402334265411
6850,0.0017278131563216448
6851,0.0017264392226934433
6852,0.001724290894344449
6853,0.0017226259224116802
6854,0.0017209283541887999
6855,0.001720465486869216
6856,0.0017205224139615893
6857,0.0017196966800838709
6858,0.0017195100663229823
6859,0.0017195130931213498
6860,0.0017191083170473576
6861,0.0017186487093567848
6862,0.001718257088214159
6863,0.001718173618428409
6864,0.0017177908448502421
6865,0.0017171134240925312
6866,0.0017173863016068935
6867,0.0017171779181808233
6868,0.0017170951468870044
6869,0.0017164188902825117
6870,0.0017174561507999897
6871,0.0017151243519037962
6872,0.001714381156489253
6873,0.0017141835996881127
6874,0.001713514095172286
6875,0.001713022356852889
6876,0.0017123585566878319
6877,0.001711664954200387
6878,0.0017105535371229053
6879,0.001709677278995514
6880,0.0017093578353524208
6881,0.0017087486339733005
6882,0.0017085676081478596
6883,0.001707875751890242
6884,0.0017078022938221693
6885,0.0017077175434678793
6886,0.0017072841292247176
6887,0.001707233488559723
6888,0.0017069412861019373
6889,0.0017067035660147667
6890,0.0017062481492757797
6891,0.0017063070554286242
6892,0.0017056285869330168
6893,0.0017058341763913631
6894,0.0017051787581294775
6895,0.0017049105372279882
6896,0.001704484922811389
6897,0.0017043257830664515
6898,0.0017040192615240812
6899,0.001703700516372919
6900,0.0017034817719832063
6901,0.0017035900382325053
6902,0.0017033268231898546
6903,0.0017029577866196632
6904,0.001703006448224187
6905,0.001702597364783287
6906,0.00170236942358315
6907,0.001702319597825408
6908,0.0017026617424562573
6909,0.0017018892103806138
6910,0.0017016609199345112
6911,0.0017014137702062726
6912,0.0017011456657201052
6913,0.001700887456536293
6914,0.001700757653452456
6915,0.0017006485722959042
6916,0.0017000832594931126
6917,0.0017000521766021848
6918,0.0016994180623441935
6919,0.0016990718431770802
6920,0.001698432955890894
6921,0.0016983168898150325
6922,0.0016985132824629545
6923,0.0016976986080408096
6924,0.001697325729764998
6925,0.0016969679854810238
6926,0.001696733757853508
6927,0.0016961573855951428
6928,0.0016956935869529843
6929,0.0016944946255534887
6930,0.0016933701699599624
6931,0.0016918128821998835
6932,0.0016913670115172863
6933,0.0016907998360693455
6934,0.00169051019474864
6935,0.0016901101917028427
6936,0.0016897858586162329
6937,0.0016896466258913279
6938,0.0016883846838027239
6939,0.0016876847948879004
6940,0.0016877443995326757
6941,0.0016868041129782796
6942,0.0016864928184077144
6943,0.0016862907214090228
6944,0.0016859908355399966
6945,0.0016853563720360398
6946,0.0016844621859490871
6947,0.0016844859346747398
6948,0.0016840777825564146
6949,0.0016834030393511057
6950,0.0016830863896757364
6951,0.0016827774234116077
6952,0.0016823154874145985
6953,0.001682099886238575
6954,0.0016822207253426313
6955,0.0016816373681649566
6956,0.0016816240968182683
6957,0.001681074732914567
6958,0.0016809371300041676
6959,0.0016805585473775864
6960,0.0016799962613731623
6961,0.0016795927658677101
6962,0.0016793939284980297
6963,0.0016787801869213581
6964,0.0016784912440925837
6965,0.0016786175547167659
6966,0.0016782942693680525
6967,0.0016779967118054628
6968,0.0016771790105849504
6969,0.001676597516052425
6970,0.001676489133387804
6971,0.0016763058956712484
6972,0.0016761930892243981
6973,0.0016758334822952747
6974,0.0016752501251176
6975,0.0016746290493756533
6976,0.0016745473258197308
6977,0.0016743908636271954
6978,0.0016741042491048574
6979,0.0016735447570681572
6980,0.0016730239149183035
6981,0.0016722431173548102
6982,0.0016714523080736399
6983,0.0016709561459720135
6984,0.001670484198257327
6985,0.0016693936195224524
6986,0.001668781042098999
6987,0.0016678862739354372
6988,0.0016671025659888983
6989,0.0016839448362588882
6990,0.0016663328278809786
6991,0.0016648736782371998
6992,0.0016646164003759623
6993,0.0016638743691146374
6994,0.0016633941559121013
6995,0.0016628219746053219
6996,0.0016621712129563093
6997,0.0016615339554846287
6998,0.00166034116409719
6999,0.0016599728260189295
7000,0.0016588144935667515
7001,0.0016568016726523638
7002,0.0016585267148911953
7003,0.0016551823355257511
7004,0.0016548049170523882
7005,0.0016543716192245483
7006,0.0016539855860173702
7007,0.0016535235336050391
7008,0.0016528416890650988
7009,0.0016525827813893557
7010,0.0016513734590262175
7011,0.0016505533130839467
7012,0.0016500179190188646
7013,0.001649127691052854
7014,0.0016485657542943954
7015,0.0016480565536767244
7016,0.0016472041606903076
7017,0.0016461401246488094
7018,0.0016450383700430393
7019,0.0016439540777355433
7020,0.0016432753764092922
7021,0.0016416443977504969
7022,0.0016401176108047366
7023,0.001638737739995122
7024,0.0016374329570680857
7025,0.0016361492453143
7026,0.0016352114034816623
7027,0.0016340665752068162
7028,0.0016327553894370794
7029,0.0016316004330292344
7030,0.0016303281299769878
7031,0.0016295753885060549
7032,0.001628669910132885
7033,0.0016278033144772053
7034,0.0016264498699456453
7035,0.0016259528929367661
7036,0.0016246245941147208
7037,0.0016240595141425729
7038,0.0016234632348641753
7039,0.001622586976736784
7040,0.0016215997748076916
7041,0.0016204239800572395
7042,0.0016188145382329822
7043,0.001618694281205535
7044,0.0016170738963410258
7045,0.0016167180147022009
7046,0.001616171095520258
7047,0.0016150663141161203
7048,0.0016145131085067987
7049,0.001613879925571382
7050,0.0016130823642015457
7051,0.001612575026229024
7052,0.0016121019143611193
7053,0.0016116600017994642
7054,0.0016110052820295095
7055,0.001610393519513309
7056,0.0016098737251013517
7057,0.0016089286655187607
7058,0.00160883367061615
7059,0.001608691643923521
7060,0.0016083740629255772
7061,0.0016075707972049713
7062,0.0016070560086518526
7063,0.0016067372635006905
7064,0.001606327947229147
7065,0.001605598023161292
7066,0.0016052138525992632
7067,0.0016046115197241306
7068,0.0016045025549829006
7069,0.0016038387548178434
7070,0.0016036550514400005
7071,0.0016034799627959728
7072,0.0016027003293856978
7073,0.0016018467722460628
7074,0.001604574266821146
7075,0.0016011239495128393
7076,0.0016003623604774475
7077,0.001599788200110197
7078,0.00159888481721282
7079,0.0015974920243024826
7080,0.0015963870100677013
7081,0.001595242414623499
7082,0.0015942123718559742
7083,0.0015929854707792401
7084,0.001592440763488412
7085,0.0015916081611067057
7086,0.001590572763234377
7087,0.0015891918446868658
7088,0.001588345505297184
7089,0.0015873215161263943
7090,0.0015860642306506634
7091,0.0015848273178562522
7092,0.0015832425560802221
7093,0.0015819084364920855
7094,0.0015805126167833805
7095,0.0015793065540492535
7096,0.0015774599742144346
7097,0.0015757310902699828
7098,0.001574615715071559
7099,0.0015734813641756773
7100,0.001572347478941083
7101,0.0015718992799520493
7102,0.0015723241958767176
7103,0.0015708343125879765
7104,0.0015706006670370698
7105,0.0015702471137046814
7106,0.0015703501412644982
7107,0.0015701571246609092
7108,0.001569667598232627
7109,0.001569679006934166
7110,0.0015693835448473692
7111,0.0015688351122662425
7112,0.0015685020480304956
7113,0.0015681739896535873
7114,0.001567149069160223
7115,0.0015671683941036463
7116,0.0015661902725696564
7117,0.0015655318275094032
7118,0.0015652347356081009
7119,0.0015647637192159891
7120,0.0015641746576875448
7121,0.0015638484619557858
7122,0.0015632202848792076
7123,0.0015628195833414793
7124,0.0015626943204551935
7125,0.0015621507773175836
7126,0.001561677665449679
7127,0.001561393728479743
7128,0.0015609810361638665
7129,0.0015609953552484512
7130,0.0015606586821377277
7131,0.0015602416824549437
7132,0.0015595282893627882
7133,0.001558276591822505
7134,0.0015575969591736794
7135,0.0015565603971481323
7136,0.0015560310566797853
7137,0.0015546141657978296
7138,0.0015541526954621077
7139,0.0015531303361058235
7140,0.0015526239294558764
7141,0.0015518516302108765
7142,0.0015511831734329462
7143,0.0015508737415075302
7144,0.0015503030735999346
7145,0.0015499107539653778
7146,0.001549967098981142
7147,0.0015486262273043394
7148,0.0015476508997380733
7149,0.0015467535704374313
7150,0.0015463416930288076
7151,0.0015462297014892101
7152,0.0015453948872163892
7153,0.001545231556519866
7154,0.0015452377265319228
7155,0.001544792903587222
7156,0.0015446702018380165
7157,0.001544905360788107
7158,0.0015443377196788788
7159,0.0015439230483025312
7160,0.0015436613466590643
7161,0.001543842488899827
7162,0.001543021877296269
7163,0.0015425786841660738
7164,0.0015434734523296356
7165,0.0015425332821905613
7166,0.001542367390356958
7167,0.0015420808922499418
7168,0.0015418920665979385
7169,0.0015418909024447203
7170,0.001541442470625043
7171,0.0015434512170031667
7172,0.0015401573618873954
7173,0.0015397893730551004
7174,0.00153961475007236
7175,0.001539314747788012
7176,0.0015387372113764286
7177,0.0015384943690150976
7178,0.001538466545753181
7179,0.0015382070560008287
7180,0.0015375474467873573
7181,0.0015377704985439777
7182,0.0015376382507383823
7183,0.0015374214854091406
7184,0.0015370366163551807
7185,0.0015368491876870394
7186,0.0015365349827334285
7187,0.0015361809637397528
7188,0.0015355839859694242
7189,0.001535885501652956
7190,0.0015353054041042924
7191,0.0015354389324784279
7192,0.0015354123897850513
7193,0.001535481889732182
7194,0.0015349882887676358
7195,0.0015348251909017563
7196,0.0015346624422818422
7197,0.0015341457910835743
7198,0.001533488743007183
7199,0.0015331610338762403
7200,0.0015328098088502884
7201,0.001532266614958644
7202,0.0015315816272050142
7203,0.0015310421586036682
7204,0.001530034700408578
7205,0.0015290066367015243
7206,0.0015285380650311708
7207,0.001527718035504222
7208,0.0015273109311237931
7209,0.0015265917172655463
7210,0.0015261841472238302
7211,0.001525745028629899
7212,0.0015256947372108698
7213,0.0015251548029482365
7214,0.001524879364296794
7215,0.001524750143289566
7216,0.001524127321317792
7217,0.001524263177998364
7218,0.0015240353532135487
7219,0.0015230709686875343
7220,0.0015231126453727484
7221,0.0015220989007502794
7222,0.0015219911001622677
7223,0.0015212266007438302
7224,0.001520790159702301
7225,0.001520421588793397
7226,0.0015202031936496496
7227,0.0015197419561445713
7228,0.0015193438157439232
7229,0.001518872333690524
7230,0.0015186150558292866
7231,0.0015183977084234357
7232,0.0015183050418272614
7233,0.0015178998000919819
7234,0.0015175063163042068
7235,0.001517732162028551
7236,0.0015175682492554188
7237,0.001516908872872591
7238,0.0015170569531619549
7239,0.0015165004879236221
7240,0.0015162676572799683
7241,0.001515816431492567
7242,0.0015154387801885605
7243,0.0015152632258832455
7244,0.0015148092061281204
7245,0.0015144136268645525
7246,0.0015143129276111722
7247,0.0015139159513637424
7248,0.0015134526183828712
7249,0.00151290581561625
7250,0.001512491493485868
7251,0.0015117975417524576
7252,0.001511395093984902
7253,0.0015110780950635672
7254,0.001510803820565343
7255,0.0015106957871466875
7256,0.0015101239550858736
7257,0.0015103199984878302
7258,0.0015101218596100807
7259,0.0015097134746611118
7260,0.0015090270899236202
7261,0.0015082006575539708
7262,0.0015070211375132203
7263,0.00150538538582623
7264,0.0015027488116174936
7265,0.0015019564889371395
7266,0.0015019220300018787
7267,0.001500328304246068
7268,0.0014993628719821572
7269,0.001498234225437045
7270,0.0014976414386183023
7271,0.0014972392236813903
7272,0.0014969182666391134
7273,0.001496392535045743
7274,0.0014962232671678066
7275,0.0014964661095291376
7276,0.0014961237320676446
7277,0.0014958762330934405
7278,0.001495486474595964
7279,0.0014948771568015218
7280,0.001494731055572629
7281,0.0014945666771382093
7282,0.001494016032665968
7283,0.0014939550310373306
7284,0.0014934998471289873
7285,0.0014929203316569328
7286,0.001492848852649331
7287,0.0014925202121958137
7288,0.001492579816840589
7289,0.0014925699215382338
7290,0.0014922372065484524
7291,0.0014919450040906668
7292,0.0014922043774276972
7293,0.0014918181113898754
7294,0.0014915221836417913
7295,0.001491382485255599
7296,0.001491111353971064
7297,0.0014914082130417228
7298,0.0014907198492437601
7299,0.0014904359122738242
7300,0.001490346621721983
7301,0.0014900011010468006
7302,0.0014897850342094898
7303,0.0014895698986947536
7304,0.001489517162553966
7305,0.0014891251921653748
7306,0.0014890576712787151
7307,0.0014882920077070594
7308,0.0014884944539517164
7309,0.0014882960822433233
7310,0.0014881340321153402
7311,0.001487951958552003
7312,0.0014873427571728826
7313,0.0014870904851704836
7314,0.0014869350707158446
7315,0.0014864436816424131
7316,0.0014862075913697481
7317,0.0014860876835882664
7318,0.0014858596259728074
7319,0.001485495362430811
7320,0.0014851789455860853
7321,0.0014847684651613235
7322,0.0014846732374280691
7323,0.0014843759126961231
7324,0.001483756466768682
7325,0.00148318603169173
7326,0.0014833019813522696
7327,0.0014826178085058928
7328,0.0014824126847088337
7329,0.0014821976656094193
7330,0.0014821443473920226
7331,0.0014815735630691051
7332,0.0014813179150223732
7333,0.0014809699496254325
7334,0.0014805120881646872
7335,0.0014802643563598394
7336,0.0014797071926295757
7337,0.0014794768067076802
7338,0.0014788561966270208
7339,0.0014785968232899904
7340,0.0014780000783503056
7341,0.0014777049655094743
7342,0.0014770482666790485
7343,0.0014766925014555454
7344,0.0014763697981834412
7345,0.0014756742166355252
7346,0.00147492706310004
7347,0.0014744952786713839
7348,0.0014740030746906996
7349,0.001472897594794631
7350,0.0014724696520715952
7351,0.0014721357729285955
7352,0.001471226685680449
7353,0.001471248921006918
7354,0.001470714807510376
7355,0.0014699837192893028
7356,0.0014699012972414494
7357,0.0014693341217935085
7358,0.0014684053603559732
7359,0.0014676917344331741
7360,0.0014667811337858438
7361,0.001465879031457007
7362,0.0014647800708189607
7363,0.0014644803013652563
7364,0.0014634713297709823
7365,0.0014629868092015386
7366,0.001462527085095644
7367,0.001461939886212349
7368,0.0014615720137953758
7369,0.0014612474478781223
7370,0.0014600527938455343
7371,0.001459356863051653
7372,0.0014584424206987023
7373,0.0014568243641406298
7374,0.0014561768621206284
7375,0.001455232733860612
7376,0.0014551557833328843
7377,0.0014546085149049759
7378,0.0014545479789376259
7379,0.0014540605479851365
7380,0.0014538648538291454
7381,0.0014536648523062468
7382,0.0014534415677189827
7383,0.001452937489375472
7384,0.0014522024430334568
7385,0.0014516700757667422
7386,0.001451428048312664
7387,0.0014508115127682686
7388,0.0014507428277283907
7389,0.00145044329110533
7390,0.0014504453865811229
7391,0.0014496052172034979
7392,0.001448718598112464
7393,0.0014483698178082705
7394,0.0014477401273325086
7395,0.0014473437331616879
7396,0.0014467844739556313
7397,0.0014465766726061702
7398,0.0014459053054451942
7399,0.001445332309231162
7400,0.0014444864355027676
7401,0.001444201567210257
7402,0.0014441784005612135
7403,0.0014437962090596557
7404,0.0014435581397265196
7405,0.0014440352097153664
7406,0.0014439602382481098
7407,0.0014435630291700363
7408,0.0014437574427574873
7409,0.0014433707110583782
7410,0.0014430300798267126
7411,0.0014429455623030663
7412,0.0014423178508877754
7413,0.0014419594081118703
7414,0.0014415652258321643
7415,0.0014413059689104557
7416,0.0014406151603907347
7417,0.0014403522945940495
7418,0.0014402145752683282
7419,0.0014392121229320765
7420,0.0014385967515408993
7421,0.0014380558859556913
7422,0.0014374905731528997
7423,0.0014369424898177385
7424,0.0014362965011969209
7425,0.0014354030136018991
7426,0.001434530597180128
7427,0.0014337521279230714
7428,0.001432760851457715
7429,0.0014320876216515899
7430,0.001431819167919457
7431,0.0014308386016637087
7432,0.001430482603609562
7433,0.0014304548967629671
7434,0.0014299623435363173
7435,0.0014295598957687616
7436,0.0014291924890130758
7437,0.0014286653604358435
7438,0.001428553950972855
7439,0.0014283247292041779
7440,0.00142813625279814
7441,0.001427858485840261
7442,0.001427631126716733
7443,0.0014275307767093182
7444,0.001427236245945096
7445,0.001426617382094264
7446,0.0014258921146392822
7447,0.0014251528773456812
7448,0.0014252716209739447
7449,0.001424172893166542
7450,0.0014238848816603422
7451,0.0014233454130589962
7452,0.0014231976820155978
7453,0.0014225037302821875
7454,0.0014218883588910103
7455,0.0014214322436600924
7456,0.0014212173409759998
7457,0.0014208214124664664
7458,0.0014206846244633198
7459,0.001419964013621211
7460,0.001419615000486374
7461,0.0014191288501024246
7462,0.0014191349036991596
7463,0.0014189071953296661
7464,0.0014189132489264011
7465,0.0014181925216689706
7466,0.0014179102145135403
7467,0.0014166494365781546
7468,0.0014167202170938253
7469,0.0014161595609039068
7470,0.0014151635114103556
7471,0.00141413533128798
7472,0.0014115883968770504
7473,0.0014097646344453096
7474,0.0014079395914450288
7475,0.0014066952280700207
7476,0.0014046116266399622
7477,0.0014040605165064335
7478,0.0014029776211827993
7479,0.0014019120717421174
7480,0.0014013079926371574
7481,0.0014007666613906622
7482,0.0014003363903611898
7483,0.001400131732225418
7484,0.0014000068185850978
7485,0.001399476546794176
7486,0.0013989228755235672
7487,0.001398977474309504
7488,0.0013982467353343964
7489,0.0013977802591398358
7490,0.001397994114086032
7491,0.001397895161062479
7492,0.001397702726535499
7493,0.0013975303154438734
7494,0.0013976541813462973
7495,0.0013973293825984001
7496,0.0013971970183774829
7497,0.0013971647713333368
7498,0.0013971624430269003
7499,0.001396684441715479
7500,0.0013967219274491072
7501,0.001396155683323741
7502,0.0013956197071820498
7503,0.0013950307620689273
7504,0.0013936394825577736
7505,0.001392548205330968
7506,0.0013916674070060253
7507,0.0013912033755332232
7508,0.0013906427193433046
7509,0.0013903246726840734
7510,0.0013898374745622277
7511,0.0013892443384975195
7512,0.001388942007906735
7513,0.0013893649447709322
7514,0.0013880373444408178
7515,0.0013877128949388862
7516,0.0013871070696040988
7517,0.001386306481435895
7518,0.0013858347665518522
7519,0.0013849481474608183
7520,0.0013843487249687314
7521,0.0013840049505233765
7522,0.0013836928410455585
7523,0.0013835248537361622
7524,0.0013834340497851372
7525,0.0013826636131852865
7526,0.0013823554618284106
7527,0.0013817010913044214
7528,0.0013813362456858158
7529,0.0013811971293762326
7530,0.0013805644121021032
7531,0.0013804673217236996
7532,0.001380119938403368
7533,0.0013793137622997165
7534,0.0013782179448753595
7535,0.0013780175941064954
7536,0.0013774075778201222
7537,0.0013773224782198668
7538,0.0013768941862508655
7539,0.0013764259638264775
7540,0.0013760430738329887
7541,0.0013758341083303094
7542,0.0013754672836512327
7543,0.0013748622732236981
7544,0.0013743543531745672
7545,0.0013738999841734767
7546,0.0013729655183851719
7547,0.0013722076546400785
7548,0.0013718350091949105
7549,0.0013712890213355422
7550,0.0013706362806260586
7551,0.0013694318477064371
7552,0.0013686292804777622
7553,0.0013677157694473863
7554,0.0013673759531229734
7555,0.0013665901497006416
7556,0.0013663654681295156
7557,0.0013659854885190725
7558,0.001365061616525054
7559,0.0013649621978402138
7560,0.001364316907711327
7561,0.0013637696392834187
7562,0.001363297225907445
7563,0.0013627399457618594
7564,0.0013624230632558465
7565,0.001362174516543746
7566,0.0013617074582725763
7567,0.0013612667098641396
7568,0.0013602188555523753
7569,0.0013595250202342868
7570,0.001359537709504366
7571,0.0013588229194283485
7572,0.0013583896216005087
7573,0.0013579800724983215
7574,0.0013577919453382492
7575,0.0013575309421867132
7576,0.0013574776239693165
7577,0.0013570847222581506
7578,0.0013567488640546799
7579,0.0013556971680372953
7580,0.0013560475781559944
7581,0.0013548026327043772
7582,0.001354671549052
7583,0.0013542387168854475
7584,0.0013538734056055546
7585,0.0013533052988350391
7586,0.0013528101844713092
7587,0.001352344173938036
7588,0.0013522787485271692
7589,0.0013523632660508156
7590,0.0013521439395844936
7591,0.001351931830868125
7592,0.0013514554593712091
7593,0.0013514754828065634
7594,0.0013512852601706982
7595,0.0013513544108718634
7596,0.0013508524280041456
7597,0.0013505647657439113
7598,0.001350106205791235
7599,0.0013499833876267076
7600,0.0013495830353349447
7601,0.0013491404242813587
7602,0.0013489408884197474
7603,0.0013485541567206383
7604,0.0013482642825692892
7605,0.0013476063031703234
7606,0.001346944598481059
7607,0.001346545061096549
7608,0.0013465983793139458
7609,0.0013463411014527082
7610,0.0013462130445986986
7611,0.0013452954590320587
7612,0.0013449611142277718
7613,0.0013445994118228555
7614,0.0013437289744615555
7615,0.0013433771673589945
7616,0.0013429282698780298
7617,0.0013422721531242132
7618,0.0013418336166068912
7619,0.001341337338089943
7620,0.0013412595726549625
7621,0.0013409508392214775
7622,0.0013404744677245617
7623,0.001339989248663187
7624,0.001339475391432643
7625,0.001339317997917533
7626,0.0013388474471867085
7627,0.0013392241671681404
7628,0.0013383958721533418
7629,0.001338370144367218
7630,0.0013378816656768322
7631,0.0013378667645156384
7632,0.0013375725829973817
7633,0.001337571768090129
7634,0.0013373263645917177
7635,0.0013367242645472288
7636,0.0013364297337830067
7637,0.0013361608143895864
7638,0.001335488515906036
7639,0.0013343567261472344
7640,0.0013328942004591227
7641,0.0013313961680978537
7642,0.0013303504092618823
7643,0.001329735736362636
7644,0.0013286988250911236
7645,0.0013281803112477064
7646,0.0013272520154714584
7647,0.0013262768043205142
7648,0.0013247362803667784
7649,0.0013241656124591827
7650,0.001323404721915722
7651,0.0013225104194134474
7652,0.0013217991217970848
7653,0.0013215388171374798
7654,0.001320867333561182
7655,0.0013205960858613253
7656,0.0013195553328841925
7657,0.0013190786121413112
7658,0.0013185387942939997
7659,0.0013180333189666271
7660,0.0013173886109143496
7661,0.0013165941927582026
7662,0.0013165688142180443
7663,0.0013162053655833006
7664,0.0013154760235920548
7665,0.0013152363244444132
7666,0.0013141229283064604
7667,0.001313376473262906
7668,0.0013124069664627314
7669,0.001312146196141839
7670,0.0013117764610797167
7671,0.001311025582253933
7672,0.0013124243123456836
7673,0.001310601714067161
7674,0.00130981276743114
7675,0.0013098816853016615
7676,0.001309537561610341
7677,0.0013094469904899597
7678,0.0013092545559629798
7679,0.0013091160217300057
7680,0.00130860460922122
7681,0.0013082054210826755
7682,0.0013075403403490782
7683,0.0013075830647721887
7684,0.0013069921405985951
7685,0.0013066243845969439
7686,0.0013064739760011435
7687,0.0013062558136880398
7688,0.001306130550801754
7689,0.0013059175107628107
7690,0.0013058589538559318
7691,0.001305744401179254
7692,0.001305439043790102
7693,0.0013053404400125146
7694,0.0013052909635007381
7695,0.0013046269305050373
7696,0.001304326462559402
7697,0.0013040420599281788
7698,0.0013032841961830854
7699,0.0013027802342548966
7700,0.0013025912921875715
7701,0.001302019227296114
7702,0.0013012471608817577
7703,0.001300655072554946
7704,0.0013001618208363652
7705,0.0012995741562917829
7706,0.001298694172874093
7707,0.001298028975725174
7708,0.0012981609907001257
7709,0.0012975885765627027
7710,0.0012974839191883802
7711,0.0012970033567398787
7712,0.001296208007261157
7713,0.0012955623678863049
7714,0.001295043039135635
7715,0.0012943078763782978
7716,0.0012939489679411054
7717,0.001293170964345336
7718,0.0012923183385282755
7719,0.0012922273017466068
7720,0.0012913058744743466
7721,0.0012909010984003544
7722,0.0012906105257570744
7723,0.0012904598843306303
7724,0.0012900179717689753
7725,0.0012892032973468304
7726,0.0012889427598565817
7727,0.0012886060867458582
7728,0.0012884174939244986
7729,0.0012882461305707693
7730,0.0012871272629126906
7731,0.001286218175664544
7732,0.0012858479749411345
7733,0.0012850468046963215
7734,0.0012847327161580324
7735,0.0012845590244978666
7736,0.001284165307879448
7737,0.0012839895207434893
7738,0.0012837605318054557
7739,0.0012836377136409283
7740,0.0012836173409596086
7741,0.0012833233922719955
7742,0.0012830307241529226
7743,0.0012825662270188332
7744,0.0012820373522117734
7745,0.0012819137191399932
7746,0.001281222328543663
7747,0.0012804962461814284
7748,0.0012800861150026321
7749,0.0012795899529010057
7750,0.0012792441993951797
7751,0.0012793808709830046
7752,0.0012793958885595202
7753,0.001278662821277976
7754,0.0012784453574568033
7755,0.0012778285890817642
7756,0.001278070965781808
7757,0.0012774356873705983
7758,0.0012772622285410762
7759,0.0012767754960805178
7760,0.0012760746758431196
7761,0.001275659422390163
7762,0.0012754916679114103
7763,0.0012747120345011353
7764,0.0012747072614729404
7765,0.0012742732651531696
7766,0.0012738702353090048
7767,0.0012732400791719556
7768,0.0012722815154120326
7769,0.0012717379722744226
7770,0.001271405373699963
7771,0.001270626438781619
7772,0.001270258566364646
7773,0.0012699924409389496
7774,0.0012697381898760796
7775,0.0012694504112005234
7776,0.0012692778836935759
7777,0.0012688868446275592
7778,0.001268759835511446
7779,0.0012685959227383137
7780,0.0012681750813499093
7781,0.0012675989419221878
7782,0.001267499988898635
7783,0.0012688443530350924
7784,0.0012669775169342756
7785,0.0012669983552768826
7786,0.001266737119294703
7787,0.0012667402625083923
7788,0.001266704872250557
7789,0.0012669581919908524
7790,0.0012664837995544076
7791,0.0012665241956710815
7792,0.0012662492226809263
7793,0.0012662493390962481
7794,0.0012661147629842162
7795,0.0012657847255468369
7796,0.001265212893486023
7797,0.0012652152217924595
7798,0.0012649237178266048
7799,0.0012644024100154638
7800,0.0012644613161683083
7801,0.0012636808678507805
7802,0.001263531856238842
7803,0.0012631649151444435
7804,0.0012628189288079739
7805,0.0012626871466636658
7806,0.0012622971553355455
7807,0.0012620938941836357
7808,0.001261785626411438
7809,0.0012613814324140549
7810,0.0012612891150638461
7811,0.0012608821270987391
7812,0.0012605967931449413
7813,0.0012601042399182916
7814,0.001259994925931096
7815,0.0012599040055647492
7816,0.001259759534150362
7817,0.0012598357861861587
7818,0.0012594708241522312
7819,0.0012591138947755098
7820,0.0012589901452884078
7821,0.0012583150528371334
7822,0.0012577876914292574
7823,0.001257456373423338
7824,0.0012569449609145522
7825,0.001256100251339376
7826,0.001255841227248311
7827,0.0012555145658552647
7828,0.0012554156128317118
7829,0.0012552053667604923
7830,0.001254781149327755
7831,0.0012547771912068129
7832,0.0012545842910185456
7833,0.0012541302712634206
7834,0.0012534172274172306
7835,0.0012529081432148814
7836,0.001252860063686967
7837,0.0012523499317467213
7838,0.0012519388692453504
7839,0.0012517914874479175
7840,0.001251567155122757
7841,0.0012514546979218721
7842,0.0012508855434134603
7843,0.0012506854254752398
7844,0.001250112196430564
7845,0.0012497284915298223
7846,0.001249454915523529
7847,0.001249296823516488
7848,0.0012489655055105686
7849,0.0012485994957387447
7850,0.0012482325546443462
7851,0.0012478040298447013
7852,0.0012471083318814635
7853,0.0012481752783060074
7854,0.0012464687461033463
7855,0.0012459909776225686
7856,0.00124529586173594
7857,0.0012451184447854757
7858,0.0012447283370420337
7859,0.0012465897016227245
7860,0.0012440993450582027
7861,0.0012437280965968966
7862,0.001243398990482092
7863,0.0012429573107510805
7864,0.0012423994485288858
7865,0.0012415382079780102
7866,0.001240735873579979
7867,0.0012398003600537777
7868,0.0012393651995807886
7869,0.0012388031464070082
7870,0.0012384376022964716
7871,0.0012376802042126656
7872,0.0012373073259368539
7873,0.001236982992850244
7874,0.0012364232679829001
7875,0.001235770876519382
7876,0.0012348124291747808
7877,0.0012340762186795473
7878,0.0012333022896200418
7879,0.0012326629366725683
7880,0.0012321348767727613
7881,0.0012314770137891173
7882,0.0012308883015066385
7883,0.0012301263632252812
7884,0.0012293558102101088
7885,0.0012287618592381477
7886,0.0012283370597288013
7887,0.0012280431110411882
7888,0.0012272465974092484
7889,0.001227151951752603
7890,0.0012266258709132671
7891,0.001227108994498849
7892,0.0012260983930900693
7893,0.001226120162755251
7894,0.0012260439107194543
7895,0.0012251569423824549
7896,0.0012250294676050544
7897,0.0012245384277775884
7898,0.0012244194513186812
7899,0.0012240430805832148
7900,0.0012235930189490318
7901,0.0012231734581291676
7902,0.0012227720580995083
7903,0.0012225420214235783
7904,0.0012223043013364077
7905,0.0012219898635521531
7906,0.0012215228052809834
7907,0.0012212276924401522
7908,0.001220708480104804
7909,0.0012199454940855503
7910,0.0012197013711556792
7911,0.0012195187155157328
7912,0.001219126395881176
7913,0.0012188152177259326
7914,0.0012185258092358708
7915,0.0012181098572909832
7916,0.0012174895964562893
7917,0.0012171731796115637
7918,0.0012166574597358704
7919,0.001216179458424449
7920,0.0012156525626778603
7921,0.0012150401016697288
7922,0.0012145231012254953
7923,0.0012144860811531544
7924,0.0012139718746766448
7925,0.0012139086611568928
7926,0.0012133343843743205
7927,0.0012130554532632232
7928,0.0012129693059250712
7929,0.00121233519166708
7930,0.0012120073661208153
7931,0.0012119999155402184
7932,0.0012113191187381744
7933,0.001211313996464014
7934,0.0012111488031223416
7935,0.0012111106188967824
7936,0.0012110074749216437
7937,0.0012103638146072626
7938,0.0012098425067961216
7939,0.0012095555430278182
7940,0.0012094194535166025
7941,0.0012088678777217865
7942,0.0012083927867934108
7943,0.001207834342494607
7944,0.0012083383044227958
7945,0.0012073470279574394
7946,0.0012067992938682437
7947,0.0012068160576745868
7948,0.0012065344490110874
7949,0.0012063707690685987
7950,0.0012061981251463294
7951,0.0012063818285241723
7952,0.0012061172164976597
7953,0.0012060324661433697
7954,0.001206070650368929
7955,0.0012060822919011116
7956,0.0012058811262249947
7957,0.0012055702973157167
7958,0.0012055083643645048
7959,0.0012055293191224337
7960,0.001205181353725493
7961,0.0012052017264068127
7962,0.0012050321092829108
7963,0.0012048657517880201
7964,0.00120482686907053
7965,0.0012045647017657757
7966,0.0012044606264680624
7967,0.001204074826091528
7968,0.0012040992733091116
7969,0.0012037219712510705
7970,0.0012037258129566908
7971,0.0012037090491503477
7972,0.0012033460661768913
7973,0.0012031379155814648
7974,0.001202912419103086
7975,0.001202910440042615
7976,0.0012025601463392377
7977,0.0012021258007735014
7978,0.001201730570755899
7979,0.001201178878545761
7980,0.0012005099561065435
7981,0.001199380843900144
7982,0.0011987456819042563
7983,0.001198688056319952
7984,0.001198364538140595
7985,0.0011980910785496235
7986,0.0011981806019321084
7987,0.0011976558016613126
7988,0.0011974682565778494
7989,0.0011971564963459969
7990,0.001196373370476067
7991,0.0011963773285970092
7992,0.00119595171418041
7993,0.0011956789530813694
7994,0.0011951769702136517
7995,0.001194820855744183
7996,0.0011940088588744402
7997,0.0011934437789022923
7998,0.0011930472683161497
7999,0.0012077454011887312
8000,0.0011930996552109718
8001,0.0011926625156775117
8002,0.0011922969715669751
8003,0.0011924592545256019
8004,0.00119198695756495
8005,0.0011918357340618968
8006,0.001191793940961361
8007,0.001191349932923913
8008,0.0011923336423933506
8009,0.0011910879984498024
8010,0.0011910251341760159
8011,0.0011907065054401755
8012,0.0011908902088180184
8013,0.0011903764680027962
8014,0.0011903878767043352
8015,0.0011900740209966898
8016,0.0011898279190063477
8017,0.0011893271002918482
8018,0.001189371570944786
8019,0.00118922907859087
8020,0.001189097878523171
8021,0.0011887818109244108
8022,0.0011890383902937174
8023,0.00118881999514997
8024,0.0011889670277014375
8025,0.001188726513646543
8026,0.001188640482723713
8027,0.0011882609687745571
8028,0.0011881728423759341
8029,0.001188085414469242
8030,0.0011877506040036678
8031,0.0011880153324455023
8032,0.0011877510696649551
8033,0.001188763533718884
8034,0.0011874468764290214
8035,0.0011875403579324484
8036,0.001187424291856587
8037,0.0011872516479343176
8038,0.0011869182344526052
8039,0.0011869571171700954
8040,0.0011865823762491345
8041,0.0011864809785038233
8042,0.001186365494504571
8043,0.001186128705739975
8044,0.0011861317325383425
8045,0.0011859590886160731
8046,0.0011859064688906074
8047,0.00118565047159791
8048,0.0011854268377646804
8049,0.0011852337047457695
8050,0.0011848328867927194
8051,0.0011848969152197242
8052,0.0011846465058624744
8053,0.0011845689732581377
8054,0.0011859133373945951
8055,0.0011842637322843075
8056,0.001184193417429924
8057,0.001183877931907773
8058,0.0011839114595204592
8059,0.001183725893497467
8060,0.0011838306672871113
8061,0.001183767570182681
8062,0.0011835035402327776
8063,0.0011835300829261541
8064,0.0011833896860480309
8065,0.0011832041200250387
8066,0.0011832041200250387
8067,0.0011826679110527039
8068,0.001182419597171247
8069,0.0011820844374597073
8070,0.001181876054033637
8071,0.001181463012471795
8072,0.0011814422905445099
8073,0.0011814968893304467
8074,0.0011809515999630094
8075,0.0011809344869107008
8076,0.0011810299474745989
8077,0.0011809796560555696
8078,0.0011809134157374501
8079,0.0011804404202848673
8080,0.0011805278481915593
8081,0.0011800257489085197
8082,0.0011795114260166883
8083,0.001179534592665732
8084,0.001178970211185515
8085,0.001178820850327611
8086,0.001178596168756485
8087,0.001178576610982418
8088,0.0011783591471612453
8089,0.0011782910441979766
8090,0.0011778774205595255
8091,0.0011777827749028802
8092,0.0011775016319006681
8093,0.0011775991879403591
8094,0.0011770442361012101
8095,0.0011769685661420226
8096,0.0011769284028559923
8097,0.0011766935931518674
8098,0.0011764871887862682
8099,0.0011762715876102448
8100,0.0011760513298213482
8101,0.0011755836894735694
8102,0.0011754091829061508
8103,0.0011751187266781926
8104,0.0011750697158277035
8105,0.0011746976524591446
8106,0.001174277625977993
8107,0.0011742771603167057
8108,0.001174304517917335
8109,0.0011742168571799994
8110,0.0011741253547370434
8111,0.0011739858891814947
8112,0.0011738799512386322
8113,0.0011735048610717058
8114,0.0011734331492334604
8115,0.0011733374558389187
8116,0.0011729465331882238
8117,0.0011729146353900433
8118,0.0011729465331882238
8119,0.0011725412914529443
8120,0.0011723306961357594
8121,0.0011722675990313292
8122,0.0011723025236278772
8123,0.001171893090941012
8124,0.0011720183538272977
8125,0.0011720003094524145
8126,0.0011719135800376534
8127,0.0011717885499820113
8128,0.001171513693407178
8129,0.0011716134613379836
8130,0.0011713263811543584
8131,0.0011708481470122933
8132,0.0011708383681252599
8133,0.001170849660411477
8134,0.0011704298667609692
8135,0.0011703066993504763
8136,0.0011702978517860174
8137,0.0011700696777552366
8138,0.0011698142625391483
8139,0.0011697816662490368
8140,0.0011695034336298704
8141,0.001169295865111053
8142,0.001169289113022387
8143,0.0011693666456267238
8144,0.0011690515093505383
8145,0.0011687964433804154
8146,0.0011686808429658413
8147,0.0011684743221849203
8148,0.001168730785138905
8149,0.0011681598844006658
8150,0.0011678747832775116
8151,0.0011677680304273963
8152,0.001167425187304616
8153,0.0011673865374177694
8154,0.0011675149435177445
8155,0.0011668994557112455
8156,0.00116704439278692
8157,0.0011667261132970452
8158,0.0011669337982311845
8159,0.0011666868813335896
8160,0.0011665483471006155
8161,0.0011664711637422442
8162,0.0011663504410535097
8163,0.0011663234326988459
8164,0.001166396657936275
8165,0.0011663029436022043
8166,0.0011659245938062668
8167,0.0011657000286504626
8168,0.0011651996755972505
8169,0.0011652229586616158
8170,0.0011650454252958298
8171,0.0011649843072518706
8172,0.0011650992091745138
8173,0.0011646987404674292
8174,0.001164631568826735
8175,0.001164248213171959
8176,0.0011644007172435522
8177,0.0011641012970358133
8178,0.0011638818541541696
8179,0.0011632913956418633
8180,0.0011627761414274573
8181,0.001162271131761372
8182,0.001161611289717257
8183,0.0011608065105974674
8184,0.0011608933564275503
8185,0.0011603666935116053
8186,0.0011599287390708923
8187,0.001159641076810658
8188,0.0011592612136155367
8189,0.0011589507339522243
8190,0.001158235245384276
8191,0.0011583633022382855
8192,0.0011579931015148759
8193,0.0011575666721910238
8194,0.0011571998475119472
8195,0.0011569791240617633
8196,0.0011565680615603924
8197,0.0011560377897694707
8198,0.0011560549028217793
8199,0.0011556139215826988
8200,0.0011552073992788792
8201,0.0011555147357285023
8202,0.0011552992509678006
8203,0.0011547235772013664
8204,0.001154170255176723
8205,0.0011536708334460855
8206,0.0011531214695423841
8207,0.0011524471919983625
8208,0.0011523098219186068
8209,0.0011520046973600984
8210,0.0011520416010171175
8211,0.0011517048114910722
8212,0.001151188276708126
8213,0.001150957541540265
8214,0.0011508772149682045
8215,0.0011505226138979197
8216,0.0011504717404022813
8217,0.0011502300621941686
8218,0.0011499850079417229
8219,0.0011499713873490691
8220,0.0011496820952743292
8221,0.0011495935032144189
8222,0.0011495529906824231
8223,0.0011491929180920124
8224,0.0011489762691780925
8225,0.0011489506578072906
8226,0.0011487265583127737
8227,0.001148079987615347
8228,0.0011480277171358466
8229,0.001147397910244763
8230,0.0011466528521850705
8231,0.001146230730228126
8232,0.0011456044157966971
8233,0.0011456637876108289
8234,0.0011452012695372105
8235,0.0011449088342487812
8236,0.001144804060459137
8237,0.001144787180237472
8238,0.001144177163951099
8239,0.0011436912463977933
8240,0.0011437515495344996
8241,0.0011433206964284182
8242,0.0011430778540670872
8243,0.0011430566664785147
8244,0.0011426496785134077
8245,0.0011423653922975063
8246,0.0011424755211919546
8247,0.001142045482993126
8248,0.0011415102053433657
8249,0.0011414929758757353
8250,0.0011409242870286107
8251,0.0011404730612412095
8252,0.001140046864748001
8253,0.0011399169452488422
8254,0.0011389642022550106
8255,0.0011385757243260741
8256,0.001138336374424398
8257,0.0011377931805327535
8258,0.0011376235634088516
8259,0.0011369965504854918
8260,0.001136810751631856
8261,0.0011367857223376632
8262,0.0011367264669388533
8263,0.0011362177319824696
8264,0.0011360166827216744
8265,0.0011358298361301422
8266,0.0011354821035638452
8267,0.0011347809340804815
8268,0.0011344939703121781
8269,0.0011339362245053053
8270,0.0011381155345588923
8271,0.001133492449298501
8272,0.0011329464614391327
8273,0.0011325506493449211
8274,0.0011322454083710909
8275,0.001131929224357009
8276,0.0011315507581457496
8277,0.001131691737100482
8278,0.0011313013965263963
8279,0.0011309614637866616
8280,0.0011307091917842627
8281,0.001130373915657401
8282,0.001130374614149332
8283,0.0011326252715662122
8284,0.001129833748564124
8285,0.0011297599412500858
8286,0.0011297558667138219
8287,0.0011294283904135227
8288,0.0011296693701297045
8289,0.0011291310656815767
8290,0.0011290018446743488
8291,0.0011287990491837263
8292,0.001128691015765071
8293,0.0011284383945167065
8294,0.0011286623775959015
8295,0.0011282367631793022
8296,0.0011280049802735448
8297,0.0011280635371804237
8298,0.0011278893798589706
8299,0.001127852126955986
8300,0.0011274381540715694
8301,0.001127418247051537
8302,0.0011273445561528206
8303,0.0011268570087850094
8304,0.0011266381479799747
8305,0.0011263841297477484
8306,0.0011260577011853456
8307,0.0011259578168392181
8308,0.0011257075238972902
8309,0.0011256290599703789
8310,0.0011251932010054588
8311,0.0011252483818680048
8312,0.001124804257415235
8313,0.0011246807407587767
8314,0.0011245082132518291
8315,0.00112466374412179
8316,0.0011240197345614433
8317,0.0011237186845391989
8318,0.0011233619879931211
8319,0.0011226549977436662
8320,0.0011222506873309612
8321,0.0011218131985515356
8322,0.0011215086560696363
8323,0.001121198758482933
8324,0.0011207659263163805
8325,0.0011205878108739853
8326,0.0011202581226825714
8327,0.001119860797189176
8328,0.0011198858264833689
8329,0.001119531923905015
8330,0.0011190068908035755
8331,0.0011190943187102675
8332,0.0011181782465428114
8333,0.001118032494559884
8334,0.0011177806882187724
8335,0.0011169228237122297
8336,0.001116640865802765
8337,0.0011164789320901036
8338,0.0011164495954290032
8339,0.001115727936848998
8340,0.0011154464446008205
8341,0.0011151923099532723
8342,0.001115078805014491
8343,0.0011147884652018547
8344,0.0011142935836687684
8345,0.0011139456182718277
8346,0.0011137300170958042
8347,0.0011134458472952247
8348,0.0011131975334137678
8349,0.0011127161560580134
8350,0.0011124932207167149
8351,0.0011120267445221543
8352,0.0011112985666841269
8353,0.0011110148625448346
8354,0.0011105731828138232
8355,0.0011102319695055485
8356,0.0011098498944193125
8357,0.0011094470974057913
8358,0.0011093001812696457
8359,0.0011090158950537443
8360,0.0011084361467510462
8361,0.0011078186798840761
8362,0.0011065753642469645
8363,0.0011069464962929487
8364,0.001106178853660822
8365,0.0011056179646402597
8366,0.001105168485082686
8367,0.001104776281863451
8368,0.0011048398446291685
8369,0.0011047397274523973
8370,0.0011044488055631518
8371,0.001104768947698176
8372,0.0011044048005715013
8373,0.00110413390211761
8374,0.0011038377415388823
8375,0.0011035605566576123
8376,0.0011032260954380035
8377,0.0011029879096895456
8378,0.0011031683534383774
8379,0.0011026160791516304
8380,0.0011023909319192171
8381,0.0011023009428754449
8382,0.0011020133970305324
8383,0.0011018686927855015
8384,0.0011013993062078953
8385,0.0011013218900188804
8386,0.0011007897555828094
8387,0.0011010599555447698
8388,0.001100566703826189
8389,0.0011003984836861491
8390,0.0010997146600857377
8391,0.0010992384050041437
8392,0.0010989047586917877
8393,0.0010981487575918436
8394,0.0010981329251080751
8395,0.0010977908968925476
8396,0.0010973482858389616
8397,0.0010965323308482766
8398,0.0010959921637549996
8399,0.0010959276696667075
8400,0.0010952313896268606
8401,0.0010952111333608627
8402,0.0010949794668704271
8403,0.0010945905232802033
8404,0.0010942446533590555
8405,0.0010932610603049397
8406,0.001092381775379181
8407,0.001091942423954606
8408,0.0010913887526839972
8409,0.0010911235585808754
8410,0.0010903566144406796
8411,0.0010900521883741021
8412,0.001089464407414198
8413,0.0010891021229326725
8414,0.0010890146950259805
8415,0.0010881625348702073
8416,0.00108840293250978
8417,0.001087991171516478
8418,0.001087695942260325
8419,0.0010876625310629606
8420,0.0010873159626498818
8421,0.001086894073523581
8422,0.0010867906967177987
8423,0.0010866806842386723
8424,0.0010860096663236618
8425,0.0010856062872335315
8426,0.0010854201391339302
8427,0.001085307914763689
8428,0.0010847283992916346
8429,0.001084694406017661
8430,0.0010841983603313565
8431,0.0010844382923096418
8432,0.001083911512978375
8433,0.00108379649464041
8434,0.0010834506247192621
8435,0.001083353883586824
8436,0.0010832888074219227
8437,0.001083246199414134
8438,0.0010830836836248636
8439,0.0010829849634319544
8440,0.0010826271027326584
8441,0.0010827662190422416
8442,0.001082362374290824
8443,0.001082455855794251
8444,0.0010821616742759943
8445,0.001082237926311791
8446,0.0010818697046488523
8447,0.0010819404851645231
8448,0.0010817362926900387
8449,0.0010814075358211994
8450,0.0010813401313498616
8451,0.0010810061357915401
8452,0.0010807716753333807
8453,0.0010812629479914904
8454,0.0010802873875945807
8455,0.0010801635216921568
8456,0.0010800231248140335
8457,0.0010796564165502787
8458,0.001079724170267582
8459,0.0010794023983180523
8460,0.0010790080996230245
8461,0.0010789260268211365
8462,0.0010787558276206255
8463,0.0010784365003928542
8464,0.0010787596693262458
8465,0.0010785581544041634
8466,0.0010783361503854394
8467,0.00107793346978724
8468,0.0010777065763249993
8469,0.001077443826943636
8470,0.0010773201938718557
8471,0.0010769317159429193
8472,0.001077006570994854
8473,0.0010765731567516923
8474,0.0010765914339572191
8475,0.0010760456789284945
8476,0.0010757630225270987
8477,0.0010753788519650698
8478,0.001074872794561088
8479,0.0010745178442448378
8480,0.0010738876881077886
8481,0.0010737620759755373
8482,0.0010732040973380208
8483,0.0010729599744081497
8484,0.0010723829036578536
8485,0.0010763353202491999
8486,0.0010716889519244432
8487,0.0010711316717788577
8488,0.0010712146759033203
8489,0.0010707173496484756
8490,0.001070370664820075
8491,0.0010700279381126165
8492,0.0010699405102059245
8493,0.001069255406036973
8494,0.001069006510078907
8495,0.0010685550514608622
8496,0.0010683772852644324
8497,0.0010680245468392968
8498,0.0010676782112568617
8499,0.00106767937541008
8500,0.0010669144103303552
8501,0.0010663033463060856
8502,0.001067141187377274
8503,0.0010657799430191517
8504,0.001065440708771348
8505,0.0010647530434653163
8506,0.0010643777204677463
8507,0.0010637972736731172
8508,0.0010654337238520384
8509,0.0010633625788614154
8510,0.0010628246236592531
8511,0.001062948489561677
8512,0.0010628661839291453
8513,0.001062567811459303
8514,0.0010624285787343979
8515,0.0010619383538141847
8516,0.0010611393954604864
8517,0.0010607887525111437
8518,0.0010608123848214746
8519,0.0010603379923850298
8520,0.001060406444594264
8521,0.001060283393599093
8522,0.0010604007402434945
8523,0.0010599528905004263
8524,0.0010595102794468403
8525,0.0010592761682346463
8526,0.00105863600037992
8527,0.001058401307091117
8528,0.0010583399562165141
8529,0.0010577042121440172
8530,0.0010576213244348764
8531,0.0010570803424343467
8532,0.001057892106473446
8533,0.0010563163086771965
8534,0.0010562555398792028
8535,0.0010559684596955776
8536,0.0010558224748820066
8537,0.0010557456407696009
8538,0.0010553792817518115
8539,0.001055374275892973
8540,0.0010552214225754142
8541,0.0010552427265793085
8542,0.0010551362065598369
8543,0.0010549613507464528
8544,0.001054627588018775
8545,0.0010541720548644662
8546,0.0010536519112065434
8547,0.0010535375913605094
8548,0.0010533746099099517
8549,0.0010529195424169302
8550,0.0010524974204599857
8551,0.0010521321091800928
8552,0.0010514811147004366
8553,0.0010510823922231793
8554,0.001050383085384965
8555,0.0010500866919755936
8556,0.0010498326737433672
8557,0.0010493295267224312
8558,0.0010492277797311544
8559,0.0010487696854397655
8560,0.0010484085651114583
8561,0.0010474954033270478
8562,0.0010469016851857305
8563,0.0010465967934578657
8564,0.0010462005157023668
8565,0.0010455616284161806
8566,0.001044888747856021
8567,0.0010444147046655416
8568,0.0010443092323839664
8569,0.001044001430273056
8570,0.0010435355361551046
8571,0.00104324275162071
8572,0.0010430245893076062
8573,0.0010430458933115005
8574,0.0010427485685795546
8575,0.0010423860512673855
8576,0.0010421143379062414
8577,0.0010420234175398946
8578,0.0010417783632874489
8579,0.0010414386633783579
8580,0.0010410756804049015
8581,0.0010404058266431093
8582,0.0010402649641036987
8583,0.0010400355095043778
8584,0.0010395562276244164
8585,0.0010395725257694721
8586,0.0010391391115263104
8587,0.0010391814867034554
8588,0.0010390201350674033
8589,0.0010388540104031563
8590,0.001038512447848916
8591,0.0010381964966654778
8592,0.001037987065501511
8593,0.001037835143506527
8594,0.0010378530714660883
8595,0.0010376906720921397
8596,0.001037613837979734
8597,0.0010373529512435198
8598,0.001037372276186943
8599,0.0010370532982051373
8600,0.0010368258226662874
8601,0.0010366870556026697
8602,0.0010364651679992676
8603,0.0010362134780734777
8604,0.0010359759908169508
8605,0.0010357365244999528
8606,0.0010357765713706613
8607,0.0010352953104302287
8608,0.0010353284887969494
8609,0.0010349744698032737
8610,0.0010350701631978154
8611,0.0010347585193812847
8612,0.0010346798226237297
8613,0.0010345573537051678
8614,0.0010342407040297985
8615,0.0010337133426219225
8616,0.0010335611877962947
8617,0.0010333001846447587
8618,0.0010331487283110619
8619,0.0010328150819987059
8620,0.0010329782962799072
8621,0.001032740925438702
8622,0.0010325177572667599
8623,0.0010323337046429515
8624,0.0010326497722417116
8625,0.001031841617077589
8626,0.0010319380089640617
8627,0.001031716470606625
8628,0.0010315561667084694
8629,0.0010313729289919138
8630,0.0010314093669876456
8631,0.0010311086662113667
8632,0.0010307647753506899
8633,0.0010306343901902437
8634,0.0010305827017873526
8635,0.0010304636089131236
8636,0.0010297797853127122
8637,0.0010293115628883243
8638,0.0010286502074450254
8639,0.0010277589317411184
8640,0.0010275731328874826
8641,0.0010269468184560537
8642,0.001026558456942439
8643,0.001026625046506524
8644,0.0010264775482937694
8645,0.0010262553114444017
8646,0.0010258383117616177
8647,0.0010251649655401707
8648,0.0010248598409816623
8649,0.001024563331156969
8650,0.0010241506388410926
8651,0.0010237224632874131
8652,0.0010234382934868336
8653,0.001022865530103445
8654,0.0010222826385870576
8655,0.0010225410806015134
8656,0.001022204989567399
8657,0.00102191639598459
8658,0.0010217387462034822
8659,0.0010215318761765957
8660,0.0010211444459855556
8661,0.0010208195308223367
8662,0.0010206425795331597
8663,0.0010204273276031017
8664,0.0010204730788245797
8665,0.001019741059280932
8666,0.0010196634102612734
8667,0.0010194279020652175
8668,0.0010195570066571236
8669,0.0010190127650275826
8670,0.0010186407016590238
8671,0.001018489128910005
8672,0.0010184587445110083
8673,0.0010183483827859163
8674,0.0010179192759096622
8675,0.0010180594399571419
8676,0.0010178179945796728
8677,0.0010179576929658651
8678,0.0010176639771088958
8679,0.0010171657195314765
8680,0.001017349073663354
8681,0.0010168952867388725
8682,0.001016821595840156
8683,0.001016333932057023
8684,0.0010162200778722763
8685,0.001016608439385891
8686,0.001015744637697935
8687,0.0010159946978092194
8688,0.001015597372315824
8689,0.0010154739720746875
8690,0.0010155547643080354
8691,0.0010154967894777656
8692,0.001015178393572569
8693,0.0010154794435948133
8694,0.001015223446302116
8695,0.001015214598737657
8696,0.0010148183209821582
8697,0.001014535198919475
8698,0.0010142106330022216
8699,0.0010140782687813044
8700,0.0010138499783352017
8701,0.0010136901400983334
8702,0.0010133604519069195
8703,0.0010135835036635399
8704,0.0010133683681488037
8705,0.001013161730952561
8706,0.0010128123685717583
8707,0.00101265381090343
8708,0.001012515975162387
8709,0.0010124675463885069
8710,0.0010120195802301168
8711,0.001012345659546554
8712,0.0010118710342794657
8713,0.0010117021156474948
8714,0.0010118077043443918
8715,0.0010113774333149195
8716,0.0010110160801559687
8717,0.0010108904680237174
8718,0.0010108579881489277
8719,0.0010106912814080715
8720,0.0010106528643518686
8721,0.0010104522807523608
8722,0.0010102035012096167
8723,0.0010101295774802566
8724,0.001010082196444273
8725,0.0010096332989633083
8726,0.001009782194159925
8727,0.0010096069891005754
8728,0.0010094568133354187
8729,0.001009310013614595
8730,0.0010090097784996033
8731,0.0010091811418533325
8732,0.0010091571602970362
8733,0.001008981023915112
8734,0.0010089402785524726
8735,0.001008674269542098
8736,0.0010088421404361725
8737,0.001008340623229742
8738,0.0010084437672048807
8739,0.0010080840438604355
8740,0.0010083630913868546
8741,0.0010082204826176167
8742,0.001008356106467545
8743,0.0010081478394567966
8744,0.0010081120999529958
8745,0.0010080866049975157
8746,0.0010080741485580802
8747,0.0010078486520797014
8748,0.0010076197795569897
8749,0.0010078954510390759
8750,0.001007672632113099
8751,0.0010076438775286078
8752,0.0010077485349029303
8753,0.0010075070895254612
8754,0.0010077221086248755
8755,0.0010074020829051733
8756,0.001006960403174162
8757,0.0010072760051116347
8758,0.0010073138400912285
8759,0.0010070684365928173
8760,0.0010070381686091423
8761,0.001006861450150609
8762,0.0010069927666336298
8763,0.0010067162802442908
8764,0.0010066546965390444
8765,0.0010069308336824179
8766,0.0010065574897453189
8767,0.0010065322276204824
8768,0.0010062747169286013
8769,0.0010062267538160086
8770,0.0010062451474368572
8771,0.001006019883789122
8772,0.0010059530613943934
8773,0.0010056814644485712
8774,0.0010056416504085064
8775,0.0010055378079414368
8776,0.0010055010206997395
8777,0.0010055099846795201
8778,0.0010051396675407887
8779,0.0010050608543679118
8780,0.0010048685362562537
8781,0.0010050209239125252
8782,0.0010048049734905362
8783,0.0010044424561783671
8784,0.0010043670190498233
8785,0.00100444327108562
8786,0.0010042589856311679
8787,0.0010043466463685036
8788,0.001003954908810556
8789,0.0010040615452453494
8790,0.0010039086919277906
8791,0.0010038341861218214
8792,0.001003509620204568
8793,0.0010032284772023559
8794,0.0010031370911747217
8795,0.001002772361971438
8796,0.0010026403469964862
8797,0.0010024933144450188
8798,0.0010022855130955577
8799,0.0010019723558798432
8800,0.0010016158921644092
8801,0.001001535216346383
8802,0.0010013257851824164
8803,0.001001019962131977
8804,0.0010008488316088915
8805,0.0010009375400841236
8806,0.001000777119770646
8807,0.0010004234500229359
8808,0.0010004896903410554
8809,0.0010000155307352543
8810,0.000999731826595962
8811,0.0009994967840611935
8812,0.0009993754792958498
8813,0.000999079318717122
8814,0.0009988464880734682
8815,0.0009981680195778608
8816,0.0009978825692087412
8817,0.000997327035292983
8818,0.000996788963675499
8819,0.0009969222592189908
8820,0.0009965314529836178
8821,0.0009965902427211404
8822,0.0009964893106371164
8823,0.0009959929157048464
8824,0.0009958159644156694
8825,0.0009958436712622643
8826,0.0009955919813364744
8827,0.0009950001258403063
8828,0.0009949554223567247
8829,0.0009947604266926646
8830,0.0009945527417585254
8831,0.0009940547170117497
8832,0.0009939931333065033
8833,0.00099385273642838
8834,0.000993189518339932
8835,0.0009929228108376265
8836,0.0009925365447998047
8837,0.0009924115147441626
8838,0.0009921297896653414
8839,0.0009920697193592787
8840,0.000991885201074183
8841,0.0009915288537740707
8842,0.0009909896180033684
8843,0.0009905807673931122
8844,0.0009907945059239864
8845,0.0009903281461447477
8846,0.0009899684228003025
8847,0.00098997273016721
8848,0.0009895572438836098
8849,0.0009892333764582872
8850,0.0009892864618450403
8851,0.0009891114896163344
8852,0.0009886737680062652
8853,0.000988250831142068
8854,0.0009878026321530342
8855,0.0009877897100523114
8856,0.0009871753863990307
8857,0.0009872248629108071
8858,0.0009869750356301665
8859,0.0009867536136880517
8860,0.000986394938081503
8861,0.0009860761929303408
8862,0.0009856239194050431
8863,0.0009852566290646791
8864,0.0009848589543253183
8865,0.000984586775302887
8866,0.0009845640743151307
8867,0.0009844691958278418
8868,0.0009845055174082518
8869,0.0009838935220614076
8870,0.000983701553195715
8871,0.0009833943331614137
8872,0.0009831937495619059
8873,0.0009828782640397549
8874,0.0009825392626225948
8875,0.0009824489243328571
8876,0.0009821616113185883
8877,0.0009815972298383713
8878,0.0009816644014790654
8879,0.0009815413504838943
8880,0.0009810531046241522
8881,0.000980928773060441
8882,0.0009806961752474308
8883,0.000980730401352048
8884,0.000980192213319242
8885,0.0009800074622035027
8886,0.000979833654128015
8887,0.0009796149097383022
8888,0.0009791800985112786
8889,0.0009786902228370309
8890,0.0009782979032024741
8891,0.000978013500571251
8892,0.000977564719505608
8893,0.0009774097707122564
8894,0.0009772857883945107
8895,0.0009771877666935325
8896,0.0009770949836820364
8897,0.0009769811294972897
8898,0.0009771711193025112
8899,0.0009767331648617983
8900,0.000976797891780734
8901,0.0009767909068614244
8902,0.0009767473675310612
8903,0.00097660010214895
8904,0.000976464943960309
8905,0.0009761597029864788
8906,0.000975821865722537
8907,0.0009752353653311729
8908,0.0009755828650668263
8909,0.0009755074279382825
8910,0.0009751704637892544
8911,0.0009751380421221256
8912,0.0009749592281877995
8913,0.000974631286226213
8914,0.0009741012472659349
8915,0.0009737193468026817
8916,0.0009738741791807115
8917,0.0009735100902616978
8918,0.0009733769111335278
8919,0.0009728730074129999
8920,0.0009724227711558342
8921,0.0009718278888612986
8922,0.0009716092608869076
8923,0.0009709339356049895
8924,0.0009707576246000826
8925,0.0009705547709017992
8926,0.000970018794760108
8927,0.0009695686749182642
8928,0.000968709122389555
8929,0.0009674722095951438
8930,0.0009662745287641883
8931,0.0009654113673605025
8932,0.0009647600236348808
8933,0.0009640061762183905
8934,0.0009637375478632748
8935,0.0009634438902139664
8936,0.0009629360865801573
8937,0.0009625006350688636
8938,0.0009622692596167326
8939,0.0009617902105674148
8940,0.0009614132577553391
8941,0.0009611130808480084
8942,0.0009610540000721812
8943,0.0009606652893126011
8944,0.0009607240790501237
8945,0.0009604344959370792
8946,0.0009602826903574169
8947,0.0009599835611879826
8948,0.000959478784352541
8949,0.0009593492723070085
8950,0.0009590405970811844
8951,0.000959073135163635
8952,0.0009589166147634387
8953,0.0009582530474290252
8954,0.0009582561906427145
8955,0.0009578748140484095
8956,0.0009575498406775296
8957,0.0009574521100148559
8958,0.0009572567651048303
8959,0.0009568773675709963
8960,0.000956606469117105
8961,0.0009562462219037116
8962,0.0009560612961649895
8963,0.0009558600140735507
8964,0.0009557707235217094
8965,0.0009556793374940753
8966,0.0009555735159665346
8967,0.0009551734547130764
8968,0.0009547302033752203
8969,0.0009542752522975206
8970,0.0009538712911307812
8971,0.0009534918935969472
8972,0.0009532721014693379
8973,0.0009530660463497043
8974,0.0009528363589197397
8975,0.0009520886233076453
8976,0.0009516067802906036
8977,0.0009509802330285311
8978,0.0009507832583039999
8979,0.0009499090956524014
8980,0.0009492902318015695
8981,0.0009487336501479149
8982,0.0009480715962126851
8983,0.0009474072139710188
8984,0.00094720529159531
8985,0.0009467584895901382
8986,0.0009463782189413905
8987,0.0009463938768021762
8988,0.0009461530717089772
8989,0.00094598502619192
8990,0.0009459389839321375
8991,0.0009457913110964
8992,0.0009456317638978362
8993,0.000946003186982125
8994,0.0009450626675970852
8995,0.0009447294287383556
8996,0.0009445738978683949
8997,0.0009443492162972689
8998,0.0009441268048249185
8999,0.0009440204594284296
9000,0.0009435362881049514
9001,0.0009435055544599891
9002,0.000942935817874968
9003,0.0009427336626686156
9004,0.0009421778377145529
9005,0.0009413743391633034
9006,0.0009409791091457009
9007,0.0009405272430740297
9008,0.0009402917930856347
9009,0.0009398977854289114
9010,0.0009394099470227957
9011,0.0009390069753862917
9012,0.000938828568905592
9013,0.000938687298912555
9014,0.000938437064178288
9015,0.0009382207645103335
9016,0.000937962788157165
9017,0.0009375904337503016
9018,0.0009373706998303533
9019,0.0009370201732963324
9020,0.0009366224985569715
9021,0.0009363900171592832
9022,0.0009361127158626914
9023,0.0009357214439660311
9024,0.0009357409435324371
9025,0.0009355259826406837
9026,0.0009357101516798139
9027,0.0009351716144010425
9028,0.0009349772008135915
9029,0.000934861833229661
9030,0.0009342213743366301
9031,0.0009339564712718129
9032,0.0009338200325146317
9033,0.0009334993083029985
9034,0.0009334506466984749
9035,0.0009329264285042882
9036,0.0009325503488071263
9037,0.0009320192039012909
9038,0.0009314058697782457
9039,0.0009309564484283328
9040,0.000931054528336972
9041,0.0009304084233008325
9042,0.0009302331018261611
9043,0.0009300530655309558
9044,0.0009300607489421964
9045,0.0009295426425524056
9046,0.0009290605667047203
9047,0.0009288452565670013
9048,0.0009288238361477852
9049,0.0009284778498113155
9050,0.0009283383842557669
9051,0.0009277659119106829
9052,0.0009277405915781856
9053,0.000927796820178628
9054,0.000927496119402349
9055,0.0009271258022636175
9056,0.0009268892463296652
9057,0.0009269426809623837
9058,0.0009265801054425538
9059,0.0009262475650757551
9060,0.0009257623460143805
9061,0.000925669854041189
9062,0.000925606582313776
9063,0.0009254791657440364
9064,0.0009253289317712188
9065,0.0009249834693036973
9066,0.0009246421977877617
9067,0.0009244243847206235
9068,0.0009241584921255708
9069,0.0009236574405804276
9070,0.0009231235599145293
9071,0.0009231559233739972
9072,0.0009229558054357767
9073,0.0009226992260664701
9074,0.0009227539412677288
9075,0.0009223921224474907
9076,0.000922226463444531
9077,0.0009224412497133017
9078,0.0009220638312399387
9079,0.0009216197649948299
9080,0.0009216599282808602
9081,0.0009213271550834179
9082,0.0009211351280100644
9083,0.0009209442650899291
9084,0.0009202288929373026
9085,0.000919936690479517
9086,0.0009201979264616966
9087,0.0009199813357554376
9088,0.0009202491492033005
9089,0.0009198090410791337
9090,0.0009195131715387106
9091,0.000919353449717164
9092,0.0009190266719087958
9093,0.0009190350538119674
9094,0.0009190303971990943
9095,0.0009186717215925455
9096,0.0009188086842186749
9097,0.0009186358656734228
9098,0.0009187639807350934
9099,0.0009184551890939474
9100,0.0009183780639432371
9101,0.0009184749214909971
9102,0.0009182331268675625
9103,0.0009183813817799091
9104,0.0009180570486932993
9105,0.0009180944180116057
9106,0.0009180642664432526
9107,0.0009178483160212636
9108,0.0009180454071611166
9109,0.000917646219022572
9110,0.0009173039579764009
9111,0.0009171307319775224
9112,0.0009168186224997044
9113,0.0009163810173049569
9114,0.0009164887014776468
9115,0.0009160186164081097
9116,0.0009158050525002182
9117,0.0009155287989415228
9118,0.000915470183826983
9119,0.0009150280966423452
9120,0.0009150345576927066
9121,0.0009147790260612965
9122,0.0009142803028225899
9123,0.0009140042820945382
9124,0.0009139123139902949
9125,0.0009136009030044079
9126,0.000913306837901473
9127,0.0009132052073255181
9128,0.0009130192920565605
9129,0.0009130131220445037
9130,0.0009130560792982578
9131,0.0009129217360168695
9132,0.0009127683588303626
9133,0.0009127186494879425
9134,0.0009127442608587444
9135,0.0009128552046604455
9136,0.0009124230709858239
9137,0.0009124077041633427
9138,0.0009120648028329015
9139,0.0009118996094912291
9140,0.000911547162104398
9141,0.0009112474508583546
9142,0.0009106905199587345
9143,0.0009102437179535627
9144,0.000909932074137032
9145,0.0009096908615902066
9146,0.0009094008128158748
9147,0.0009091603569686413
9148,0.0009092249674722552
9149,0.0009083383483812213
9150,0.0009080753661692142
9151,0.0009074389236047864
9152,0.0009071113308891654
9153,0.000906891655176878
9154,0.0009065085323527455
9155,0.0009064937476068735
9156,0.0009064492769539356
9157,0.0009060008451342583
9158,0.000905893393792212
9159,0.0009058189461939037
9160,0.0009057808201760054
9161,0.0009054424008354545
9162,0.0009049712680280209
9163,0.0009046843042597175
9164,0.0009050096268765628
9165,0.0009038483258336782
9166,0.000903857871890068
9167,0.0009036549599841237
9168,0.0009035792318172753
9169,0.0009034377289935946
9170,0.0009031399968080223
9171,0.0009027126943692565
9172,0.0009024025639519095
9173,0.0009021955193020403
9174,0.0009018784621730447
9175,0.0009016126859933138
9176,0.00090134481433779
9177,0.0009009431814774871
9178,0.0009004034218378365
9179,0.0008997311815619469
9180,0.0008995468961074948
9181,0.0008991054492071271
9182,0.0008989438647404313
9183,0.000899102131370455
9184,0.0008989154594019055
9185,0.0008987156907096505
9186,0.0008984637097455561
9187,0.0008983024163171649
9188,0.0008979745907709002
9189,0.0008974148659035563
9190,0.000897320918738842
9191,0.0008974667871370912
9192,0.0008969721384346485
9193,0.00089690659660846
9194,0.0008966157329268754
9195,0.0008964008884504437
9196,0.0008962242281995714
9197,0.0008959245169535279
9198,0.0008957518730312586
9199,0.0008955022785812616
9200,0.0008954771910794079
9201,0.0008952234638854861
9202,0.0008951990166679025
9203,0.0008950548362918198
9204,0.0008950422052294016
9205,0.0008949066395871341
9206,0.0008948490140028298
9207,0.0008945844019763172
9208,0.0008947004680521786
9209,0.0008946035522967577
9210,0.0008940633852034807
9211,0.0008940264815464616
9212,0.0008940559928305447
9213,0.0008936416124925017
9214,0.0008936992380768061
9215,0.0008934897487051785
9216,0.0008932119235396385
9217,0.0008934411453083158
9218,0.0008931335178203881
9219,0.0008929731557145715
9220,0.0008925481233745813
9221,0.0008924923604354262
9222,0.0008916599908843637
9223,0.0008916047518141568
9224,0.0008916641818359494
9225,0.0008912630146369338
9226,0.0008911076001822948
9227,0.0008906688308343291
9228,0.0008905251161195338
9229,0.0008901560795493424
9230,0.0008901647524908185
9231,0.0008899553795345128
9232,0.0008897220832295716
9233,0.0008895639912225306
9234,0.0008891508914530277
9235,0.0008891712059266865
9236,0.0008887869771569967
9237,0.000888739712536335
9238,0.0008886568248271942
9239,0.0008881561807356775
9240,0.0008879322558641434
9241,0.0008874599589034915
9242,0.0008871483150869608
9243,0.0008867988362908363
9244,0.0008867316646501422
9245,0.0008864451665431261
9246,0.0008862994145601988
9247,0.0008859069785103202
9248,0.0008856626227498055
9249,0.0008850410813465714
9250,0.0008853083709254861
9251,0.0008849010337144136
9252,0.0008847093558870256
9253,0.0008847994613461196
9254,0.0008847119752317667
9255,0.0008844136609695852
9256,0.0008844443946145475
9257,0.0008844872354529798
9258,0.0008835680782794952
9259,0.0008838546928018332
9260,0.0008837012574076653
9261,0.0008835560875013471
9262,0.0008831477025523782
9263,0.0008828228455968201
9264,0.0008823531679809093
9265,0.0008819825015962124
9266,0.0008818095084279776
9267,0.0008816563640721142
9268,0.0008811458246782422
9269,0.0008807599660940468
9270,0.0008831034647300839
9271,0.0008806781843304634
9272,0.0008805093239061534
9273,0.0008803294622339308
9274,0.0008802558295428753
9275,0.0008799311472103
9276,0.0008794324239715934
9277,0.0008796007605269551
9278,0.0008793266606517136
9279,0.0008791664149612188
9280,0.0008789823623374104
9281,0.000878665130585432
9282,0.0008784629753790796
9283,0.0008780643111094832
9284,0.0008776721078902483
9285,0.0008776787435635924
9286,0.000877407961525023
9287,0.0008776107570156455
9288,0.00087705347687006
9289,0.0008770577842369676
9290,0.0008767973631620407
9291,0.0008765392703935504
9292,0.0008763859514147043
9293,0.000876288628205657
9294,0.0008762577781453729
9295,0.0008761880453675985
9296,0.0008759016054682434
9297,0.0008760210475884378
9298,0.0008758721523918211
9299,0.0008757651667110622
9300,0.0008757851319387555
9301,0.0008758418844081461
9302,0.000875452533364296
9303,0.0008753363508731127
9304,0.0008751533459872007
9305,0.0008750592824071646
9306,0.0008749955450184643
9307,0.0008745745290070772
9308,0.0008745830855332315
9309,0.0008742704521864653
9310,0.0008743549697101116
9311,0.0008741070050746202
9312,0.0008740859339013696
9313,0.0008741652709431946
9314,0.00087403180077672
9315,0.000873942393809557
9316,0.0008738810429349542
9317,0.0008739123586565256
9318,0.0008736346499063075
9319,0.0008735324954614043
9320,0.0008732919814065099
9321,0.0008733124705031514
9322,0.0008731628768146038
9323,0.0008731344132684171
9324,0.0008728435495868325
9325,0.0008730433764867485
9326,0.0008728841203264892
9327,0.000872874865308404
9328,0.0008728612447157502
9329,0.0008728135144338012
9330,0.0008727384847588837
9331,0.0008724548970349133
9332,0.0008724074577912688
9333,0.0008720724144950509
9334,0.0008721344056539237
9335,0.0008716967422515154
9336,0.000871560419909656
9337,0.0008712830604054034
9338,0.000871306867338717
9339,0.000870961113832891
9340,0.0008703964995220304
9341,0.0008702666964381933
9342,0.0008699549944140017
9343,0.0008696297882124782
9344,0.0008694960852153599
9345,0.0008693980635143816
9346,0.0008692537085153162
9347,0.0008690216345712543
9348,0.0008689251262694597
9349,0.0008685742504894733
9350,0.0008684159838594496
9351,0.0008683851920068264
9352,0.0008678919984959066
9353,0.000868041708599776
9354,0.000867410795763135
9355,0.0008674442069604993
9356,0.0008674069540575147
9357,0.0008672502008266747
9358,0.00086696952348575
9359,0.000866748858243227
9360,0.0008665401837788522
9361,0.0008663052576594055
9362,0.0008661795873194933
9363,0.0008661338943056762
9364,0.0008662688196636736
9365,0.0008659740560688078
9366,0.0008659750455990434
9367,0.0008656908175908029
9368,0.0008654380217194557
9369,0.0008652128162793815
9370,0.0008646940113976598
9371,0.0008644374320283532
9372,0.0008643153123557568
9373,0.0008641304448246956
9374,0.0008638654835522175
9375,0.0008635544218122959
9376,0.0008631381788291037
9377,0.0008626095950603485
9378,0.0008620033040642738
9379,0.0008616496925242245
9380,0.0008612064993940294
9381,0.000861103180795908
9382,0.0008608709904365242
9383,0.0008609198266640306
9384,0.0008607739000581205
9385,0.0008605891489423811
9386,0.0008605096954852343
9387,0.0008604334434494376
9388,0.0008604869362898171
9389,0.0008604267495684326
9390,0.0008601713343523443
9391,0.0008599940920248628
9392,0.0008598549757152796
9393,0.0008596945554018021
9394,0.0008593446109443903
9395,0.0008594550890848041
9396,0.0008592410595156252
9397,0.0008592280792072415
9398,0.000859154446516186
9399,0.0008592531085014343
9400,0.0008590440265834332
9401,0.0008589797071181238
9402,0.0008597031701356173
9403,0.0008585790055803955
9404,0.0008585337782278657
9405,0.000858378887642175
9406,0.0008581718429923058
9407,0.0008579951245337725
9408,0.0008577504777349532
9409,0.0008577088010497391
9410,0.0008575397077947855
9411,0.0008571039070375264
9412,0.0008573492523282766
9413,0.0008569296915084124
9414,0.0008566169999539852
9415,0.0008564391755498946
9416,0.0008563047158531845
9417,0.0008561118738725781
9418,0.0008558693807572126
9419,0.0008566049509681761
9420,0.0008553967927582562
9421,0.0008551814244128764
9422,0.000854986603371799
9423,0.0008550555212423205
9424,0.0008547994075343013
9425,0.0008545516757294536
9426,0.0008544389274902642
9427,0.0008542442228645086
9428,0.0008544170996174216
9429,0.0008541372371837497
9430,0.0008539529517292976
9431,0.0008537726243957877
9432,0.0008534494554623961
9433,0.0008532474166713655
9434,0.0008529861806891859
9435,0.0008526196470484138
9436,0.0008521063718944788
9437,0.0008514989749528468
9438,0.0008507117163389921
9439,0.0008501061238348484
9440,0.0008492098422721028
9441,0.0008489524479955435
9442,0.0008483008714392781
9443,0.0008482295088469982
9444,0.000847441260702908
9445,0.0008473764173686504
9446,0.0008467631414532661
9447,0.0008467003935948014
9448,0.0008466140134260058
9449,0.0008463781559839845
9450,0.0008461424731649458
9451,0.0008455205243080854
9452,0.000845043221488595
9453,0.0008443754632025957
9454,0.0008439678349532187
9455,0.0008436718489974737
9456,0.0008433134062215686
9457,0.0008428025175817311
9458,0.0008424632251262665
9459,0.000842023640871048
9460,0.0008414100739173591
9461,0.0008412819588556886
9462,0.0008410208392888308
9463,0.0008409047732129693
9464,0.0008405853877775371
9465,0.0008409023866988719
9466,0.0008405881235376
9467,0.0008403941756114364
9468,0.0008404310792684555
9469,0.000840045977383852
9470,0.0008396051707677543
9471,0.0008394491160288453
9472,0.0008392234449274838
9473,0.0008392601157538593
9474,0.0008392891031689942
9475,0.0008390886941924691
9476,0.0008392597083002329
9477,0.0008392386371269822
9478,0.0008390048751607537
9479,0.0008389923023059964
9480,0.0008390506263822317
9481,0.0008384039392694831
9482,0.000838554697111249
9483,0.0008384865941479802
9484,0.0008384545799344778
9485,0.0008385720429942012
9486,0.0008382759988307953
9487,0.0008380654617212713
9488,0.0008380825747735798
9489,0.0008380119688808918
9490,0.0008380790241062641
9491,0.0008378800703212619
9492,0.0008377493359148502
9493,0.0008377627236768603
9494,0.000837905565276742
9495,0.0008376913610845804
9496,0.0008375239558517933
9497,0.0008372181910090148
9498,0.0008373345481231809
9499,0.0008371074800379574
9500,0.0008370082941837609
9501,0.0008371340809389949
9502,0.0008366977563127875
9503,0.0008366391994059086
9504,0.0008364475797861814
9505,0.0008362576481886208
9506,0.0008361986838281155
9507,0.0008360766805708408
9508,0.0008358865161426365
9509,0.0008354539750143886
9510,0.0008356210310012102
9511,0.0008352098520845175
9512,0.0008347701514139771
9513,0.0008343372028321028
9514,0.0008336921455338597
9515,0.0008334846934303641
9516,0.000833024038001895
9517,0.0008327318355441093
9518,0.0008328300900757313
9519,0.0008322985959239304
9520,0.0008320029592141509
9521,0.0008315281011164188
9522,0.0008313310099765658
9523,0.0008308690739795566
9524,0.0008305145311169326
9525,0.0008294348372146487
9526,0.0008290359983220696
9527,0.0008287468226626515
9528,0.0008281534537672997
9529,0.0008280756883323193
9530,0.0008278705645352602
9531,0.0008275904110632837
9532,0.0008277602610178292
9533,0.0008274055435322225
9534,0.0008273714920505881
9535,0.000827448908239603
9536,0.0008269003592431545
9537,0.0008266838267445564
9538,0.0008263732306659222
9539,0.0008260946488007903
9540,0.0008258504094555974
9541,0.0008259074529632926
9542,0.0008254832355305552
9543,0.0008258783491328359
9544,0.0008249214733950794
9545,0.0008250315440818667
9546,0.0008246435318142176
9547,0.0008245052886195481
9548,0.0008241182076744735
9549,0.0008238425944000483
9550,0.0008235435234382749
9551,0.0008236459107138216
9552,0.0008234751876443624
9553,0.0008231338579207659
9554,0.000822879490442574
9555,0.0008225542260333896
9556,0.0008224935154430568
9557,0.0008223553886637092
9558,0.0008221520110964775
9559,0.000821768946480006
9560,0.0008216635324060917
9561,0.0008214198751375079
9562,0.0008212468819692731
9563,0.0008207670180127025
9564,0.0008203256875276566
9565,0.0008201716700568795
9566,0.000819822889752686
9567,0.000819653389044106
9568,0.0008192808600142598
9569,0.000819366192445159
9570,0.000819302920717746
9571,0.0008187749190256
9572,0.0008188163628801703
9573,0.0008188191568478942
9574,0.0008183112367987633
9575,0.0008179795113392174
9576,0.0008178404532372952
9577,0.0008178349817171693
9578,0.0008172589004971087
9579,0.0008169629145413637
9580,0.0008167980704456568
9581,0.0008165340404957533
9582,0.0008165244362317026
9583,0.0008164435857906938
9584,0.0008161339210346341
9585,0.0008159952121786773
9586,0.0008158361306414008
9587,0.0008158324635587633
9588,0.0008155082468874753
9589,0.0008154571987688541
9590,0.0008152959635481238
9591,0.00081524538109079
9592,0.0008150439243763685
9593,0.0008146465988829732
9594,0.0008145254687406123
9595,0.0008142365841194987
9596,0.0008137759286910295
9597,0.0008133832598105073
9598,0.0008132142247632146
9599,0.0008130149799399078
9600,0.0008125970489345491
9601,0.0008121656719595194
9602,0.0008117317920550704
9603,0.0008110464550554752
9604,0.0008102082065306604
9605,0.0008097344543784857
9606,0.0008091781055554748
9607,0.0008087881142273545
9608,0.0008084462024271488
9609,0.0008080491679720581
9610,0.0008075741934590042
9611,0.0008070498006418347
9612,0.0008067089365795255
9613,0.000806553172878921
9614,0.0008061518892645836
9615,0.000805094838142395
9616,0.0008046296425163746
9617,0.0008039515814743936
9618,0.0008034558850340545
9619,0.0008029777090996504
9620,0.0008026711875572801
9621,0.0008023265982046723
9622,0.0008019764209166169
9623,0.0008015934727154672
9624,0.0008009233279153705
9625,0.000800612848252058
9626,0.000800275825895369
9627,0.000799648929387331
9628,0.0007996195927262306
9629,0.0007994155748747289
9630,0.0007989546284079552
9631,0.0007987901335582137
9632,0.0007981406524777412
9633,0.0007981848320923746
9634,0.0007971195736899972
9635,0.0007967877900227904
9636,0.0007959699723869562
9637,0.0007955561741255224
9638,0.0007947118137963116
9639,0.0007946140831336379
9640,0.000793785264249891
9641,0.000793757732026279
9642,0.0007937174523249269
9643,0.0007935583125799894
9644,0.0007933187298476696
9645,0.0007934122695587575
9646,0.000793169834651053
9647,0.0007932197768241167
9648,0.0007930768188089132
9649,0.0007929442217573524
9650,0.0007926322869025171
9651,0.0007922350196167827
9652,0.0007917674956843257
9653,0.0007909109117463231
9654,0.0007907144026830792
9655,0.0007904117810539901
9656,0.000789751298725605
9657,0.0007894154405221343
9658,0.0007890293491072953
9659,0.0007889621774666011
9660,0.0007885303348302841
9661,0.0007882220088504255
9662,0.0007882428471930325
9663,0.0007876321906223893
9664,0.000787659315392375
9665,0.0007871091365814209
9666,0.000786906573921442
9667,0.0007862371858209372
9668,0.0007858135504648089
9669,0.0007854077848605812
9670,0.0007848936365917325
9671,0.0007840135949663818
9672,0.0007886666571721435
9673,0.0007822170155122876
9674,0.0007811395917087793
9675,0.0007806246867403388
9676,0.0007797524449415505
9677,0.0007787739159539342
9678,0.0007789151277393103
9679,0.0007777169812470675
9680,0.0007772950921207666
9681,0.0007768170908093452
9682,0.0007763525936752558
9683,0.0007762570166960359
9684,0.0007765011396259069
9685,0.0007755983388051391
9686,0.0007752590463496745
9687,0.0007751521188765764
9688,0.0007747923955321312
9689,0.000774360669311136
9690,0.0007739807479083538
9691,0.0007738790009170771
9692,0.0007735617109574378
9693,0.000773454608861357
9694,0.0007730261422693729
9695,0.0007728557684458792
9696,0.0007722474401816726
9697,0.0007755870465189219
9698,0.0007718869019299746
9699,0.0007717213593423367
9700,0.0007713832310400903
9701,0.0007711292710155249
9702,0.0007712316000834107
9703,0.0007709350902587175
9704,0.0007716293330304325
9705,0.0007703858427703381
9706,0.0007703311275690794
9707,0.0007702838047407568
9708,0.0007701980648562312
9709,0.0007698659901507199
9710,0.0007700507994741201
9711,0.0007697970140725374
9712,0.0007693838560953736
9713,0.0007690038764849305
9714,0.0007687722099944949
9715,0.0007691510254517198
9716,0.0007681646384298801
9717,0.0007681117858737707
9718,0.0007679725531488657
9719,0.0007677567191421986
9720,0.0007673687068745494
9721,0.0007671926869079471
9722,0.000767015852034092
9723,0.0007665640441700816
9724,0.0007665959419682622
9725,0.0007661475101485848
9726,0.0007661618874408305
9727,0.0007659400580450892
9728,0.0007657768437638879
9729,0.0007654128130525351
9730,0.0007650931947864592
9731,0.000764777883887291
9732,0.0007645502919331193
9733,0.0007646161247976124
9734,0.0007641218835487962
9735,0.0007639445830136538
9736,0.0007633221102878451
9737,0.0007635230431333184
9738,0.0007633074419572949
9739,0.00076307263225317
9740,0.0007630276959389448
9741,0.0007630156469531357
9742,0.0007627512677572668
9743,0.0007626396254636347
9744,0.0007627116865478456
9745,0.0007624018471688032
9746,0.0007625746075063944
9747,0.0007623447454534471
9748,0.0007625485304743052
9749,0.000762149051297456
9750,0.0007618516683578491
9751,0.0007616525981575251
9752,0.0007614523638039827
9753,0.0007612075423821807
9754,0.000760585768148303
9755,0.0007597708608955145
9756,0.0007591522298753262
9757,0.0007583792321383953
9758,0.0007583355763927102
9759,0.0007578014628961682
9760,0.0007575209019705653
9761,0.0007571351015940309
9762,0.0007570730522274971
9763,0.0007566625718027353
9764,0.0007563733379356563
9765,0.0007560912054032087
9766,0.0007557342760264874
9767,0.0007553687901236117
9768,0.0007547502173110843
9769,0.0007541024242527783
9770,0.0007533774478361011
9771,0.0007530298316851258
9772,0.0007528617279604077
9773,0.0007523956010118127
9774,0.0007521082879975438
9775,0.0007514525204896927
9776,0.0007509486749768257
9777,0.0007504948880523443
9778,0.0007501376094296575
9779,0.0007497380720451474
9780,0.000749138998799026
9781,0.0007488009287044406
9782,0.0007481843931600451
9783,0.0007478782208636403
9784,0.0007474576123058796
9785,0.000747249519918114
9786,0.0007467310642823577
9787,0.0007462131907232106
9788,0.000746118079405278
9789,0.0007459058542735875
9790,0.0007457031169906259
9791,0.0007453320431523025
9792,0.000744963064789772
9793,0.0007446124800480902
9794,0.0007442078785970807
9795,0.0007434599683620036
9796,0.0007428039098158479
9797,0.0007426533848047256
9798,0.0007422543130815029
9799,0.0007419905159622431
9800,0.0007417596061713994
9801,0.0007411168189719319
9802,0.0007408900419250131
9803,0.000740308896638453
9804,0.0007401981856673956
9805,0.0007397942245006561
9806,0.0007395755965262651
9807,0.0007393289124593139
9808,0.0007390063256025314
9809,0.0007389881648123264
9810,0.0007386356592178345
9811,0.000738319824449718
9812,0.000738152302801609
9813,0.0007376571884378791
9814,0.0007374748820438981
9815,0.0007371174870058894
9816,0.0007371506071649492
9817,0.0007370249950326979
9818,0.0007368881488218904
9819,0.0007367793004959822
9820,0.0007367118378169835
9821,0.000736802932806313
9822,0.000736510381102562
9823,0.0007362379692494869
9824,0.0007360684685409069
9825,0.0007361510070040822
9826,0.0007360136951319873
9827,0.0007357948925346136
9828,0.00073537154821679
9829,0.000735071487724781
9830,0.0007350768428295851
9831,0.0007347511709667742
9832,0.0007349703228101134
9833,0.0007348706130869687
9834,0.0007345229969359934
9835,0.0007343081524595618
9836,0.0007341408054344356
9837,0.0007337735733017325
9838,0.0007338504074141383
9839,0.0007338853902183473
9840,0.0007338092545978725
9841,0.0007337268907576799
9842,0.0007337741553783417
9843,0.0007336435373872519
9844,0.0007335665868595243
9845,0.0007334050023928285
9846,0.0007330880034714937
9847,0.0007329637883231044
9848,0.0007328916690312326
9849,0.000732713146135211
9850,0.0007325303740799427
9851,0.0007323779864236712
9852,0.0007322997553274035
9853,0.0007324340404011309
9854,0.0007323373574763536
9855,0.0007320944569073617
9856,0.0007317682611756027
9857,0.0007317991694435477
9858,0.0007314526010304689
9859,0.0007314704125747085
9860,0.0007313690148293972
9861,0.0007313212263397872
9862,0.0007311925292015076
9863,0.0007313541136682034
9864,0.0007310479413717985
9865,0.0007308013737201691
9866,0.0007309092325158417
9867,0.0007307102787308395
9868,0.0007306109182536602
9869,0.000730230356566608
9870,0.0007304497994482517
9871,0.0007300737779587507
9872,0.0007301542209461331
9873,0.0007301891455426812
9874,0.0007300160359591246
9875,0.0007299254648387432
9876,0.000729733903426677
9877,0.0007295678369700909
9878,0.0007294259849004447
9879,0.0007290604989975691
9880,0.0007289955392479897
9881,0.0007287627086043358
9882,0.0007287088083103299
9883,0.0007286133477464318
9884,0.0007284177700057626
9885,0.0007281979778781533
9886,0.0007280617137439549
9887,0.0007279104320332408
9888,0.0007282130536623299
9889,0.00072767015080899
9890,0.0007275774260051548
9891,0.0007274181116372347
9892,0.00072731904219836
9893,0.0007269751513376832
9894,0.0007269489578902721
9895,0.000726733822375536
9896,0.0007264866726472974
9897,0.0007263532606884837
9898,0.0007264005835168064
9899,0.0007261437713168561
9900,0.0007259500562213361
9901,0.0007258886471390724
9902,0.0007257038378156722
9903,0.0007255416130647063
9904,0.0007252973737195134
9905,0.000724832876585424
9906,0.000724826124496758
9907,0.000724505283869803
9908,0.0007242929423227906
9909,0.0007241095881909132
9910,0.0007235427619889379
9911,0.0007235371740534902
9912,0.0007234925287775695
9913,0.0007231081835925579
9914,0.0007229178445413709
9915,0.000722512835636735
9916,0.0007222061976790428
9917,0.0007218286045826972
9918,0.000721865682862699
9919,0.0007214730139821768
9920,0.0007214186480268836
9921,0.0007213899516500533
9922,0.0007210170151665807
9923,0.0007207405287772417
9924,0.0007204617140814662
9925,0.0007204069406725466
9926,0.0007202283013612032
9927,0.0007199423853307962
9928,0.0007196052465587854
9929,0.0007192159537225962
9930,0.0007188377203419805
9931,0.0007185188587754965
9932,0.0007185636786743999
9933,0.0007182803237810731
9934,0.0007180619286373258
9935,0.0007180771790444851
9936,0.0007178597152233124
9937,0.0007177904481068254
9938,0.0007173372432589531
9939,0.0007169480668380857
9940,0.0007168114534579217
9941,0.0007163452683016658
9942,0.0007158201187849045
9943,0.0007156089995987713
9944,0.0007153156911954284
9945,0.0007148761069402099
9946,0.0007148162694647908
9947,0.0007145795971155167
9948,0.0007144660339690745
9949,0.0007143354741856456
9950,0.0007144731353037059
9951,0.000714391702786088
9952,0.0007140843663364649
9953,0.000714177789632231
9954,0.0007139549124985933
9955,0.0007136933854781091
9956,0.0007137784850783646
9957,0.000713606714271009
9958,0.0007135599153116345
9959,0.0007133298786357045
9960,0.0007132733589969575
9961,0.0007132346509024501
9962,0.0007132299360819161
9963,0.0007131941383704543
9964,0.0007131937891244888
9965,0.0007130263838917017
9966,0.0007127319695428014
9967,0.0007123702671378851
9968,0.0007121467497199774
9969,0.000711970729753375
9970,0.0007115872576832771
9971,0.0007115626358427107
9972,0.0007112609455361962
9973,0.0007111296290531754
9974,0.0007109440630301833
9975,0.0007105722324922681
9976,0.0007104352698661387
9977,0.000710309250280261
9978,0.000709910353180021
9979,0.0007098536007106304
9980,0.0007097139023244381
9981,0.0007097593625076115
9982,0.0007096120389178395
9983,0.0007095439359545708
9984,0.0007094644824974239
9985,0.0007094123284332454
9986,0.0007094619795680046
9987,0.0007092589512467384
9988,0.0007089216960594058
9989,0.0007090178551152349
9990,0.0007086987607181072
9991,0.0007084499811753631
9992,0.0007084108074195683
9993,0.0007079524220898747
9994,0.0007077986374497414
9995,0.000707207596860826
9996,0.0007069827988743782
9997,0.0007067921687848866
9998,0.0007067438564263284
9999,0.0007066253456287086
10000,0.0007066253456287086
