optimizer,tf_iter,newton_iter,error_u,final_training_loss,final_lbfgs_loss
adam,10000,10000,0.0016192308578945203,2.011686325073242,0.0019682529382407665
