epoch,total_loss,mse_0,mse_b,mse_f
0,511.4543151855469,0.14699786901474,0.03899151831865311,0.09845602512359619
1,554.973388671875,0.15650340914726257,0.3578580319881439,0.7628782987594604
2,417.40460205078125,0.11903013288974762,0.05186303332448006,0.35424521565437317
3,378.8013000488281,0.11089879274368286,0.03192763030529022,0.5021566152572632
4,402.6600341796875,0.12029309570789337,0.17751629650592804,0.9382233619689941
5,403.253662109375,0.12174736708402634,0.20350681245326996,1.1972228288650513
6,382.7290344238281,0.11601901799440384,0.12343069911003113,1.3608266115188599
7,367.5152282714844,0.1110297217965126,0.037186067551374435,1.5252368450164795
8,369.44927978515625,0.11052943766117096,0.000755191664211452,1.679805874824524
9,383.6893615722656,0.11350039392709732,0.014864036813378334,1.7749766111373901
10,397.1387939453125,0.11649659276008606,0.04632293060421944,1.7904279232025146
11,400.241943359375,0.11691080033779144,0.06392422318458557,1.7352931499481201
12,392.2640686035156,0.11449292302131653,0.059033364057540894,1.6228607892990112
13,378.0133972167969,0.11051196604967117,0.039567865431308746,1.4661121368408203
14,363.2776184082031,0.10651775449514389,0.017729027196764946,1.2822932004928589
15,352.45428466796875,0.10368560254573822,0.0031253506895154715,1.0931739807128906
16,347.8988037109375,0.10263155400753021,0.0007012620917521417,0.9204379916191101
17,349.951171875,0.10341374576091766,0.01068694144487381,0.7800621390342712
18,357.01031494140625,0.10554632544517517,0.02882060594856739,0.6779366135597229
19,365.8890380859375,0.1081034392118454,0.04747345298528671,0.6083585023880005
20,373.2500305175781,0.11013814061880112,0.05950107052922249,0.5590081810951233
21,377.1424865722656,0.11111482977867126,0.06178563833236694,0.5197747349739075
22,377.28179931640625,0.11097630858421326,0.05531696975231171,0.48697948455810547
23,374.47406005859375,0.10997328162193298,0.04334491491317749,0.4622226655483246
24,369.9432373046875,0.10847151279449463,0.029573604464530945,0.449480265378952
25,364.8650817871094,0.10681997239589691,0.017037291079759598,0.45261093974113464
26,360.1312255859375,0.10528456419706345,0.007622377946972847,0.47387734055519104
27,356.283447265625,0.10403004288673401,0.002038302132859826,0.5134450197219849
28,353.5486145019531,0.1031302660703659,4.221478957333602e-05,0.5695902109146118
29,351.91876220703125,0.10259109735488892,0.0007655455847270787,0.6392791867256165
30,351.23968505859375,0.10237541049718857,0.0030467151664197445,0.7188262939453125
31,351.2903137207031,0.10242510586977005,0.005722336005419493,0.8044427633285522
32,351.84222412109375,0.10267740488052368,0.007850061170756817,0.8925923705101013
33,352.6963195800781,0.10307478159666061,0.008843915536999702,0.9801414012908936
34,353.6974182128906,0.10356883704662323,0.00851756427437067,1.0643457174301147
35,354.7336120605469,0.10411988198757172,0.007048033177852631,1.1427514553070068
36,355.7259826660156,0.10469432175159454,0.004882418550550938,1.2130990028381348
37,356.6169128417969,0.10526160895824432,0.002611834090203047,1.2733017206192017
38,357.359619140625,0.10579197108745575,0.0008344734669663012,1.3215107917785645
39,357.9105529785156,0.10625526309013367,2.8014193958370015e-05,1.356243371963501
40,358.22564697265625,0.10662133991718292,0.0004528042336460203,1.3765320777893066
41,358.262451171875,0.10686212033033371,0.00210543442517519,1.3820395469665527
42,357.9871520996094,0.10695505142211914,0.00473314942792058,1.373093605041504
43,357.3846435546875,0.10688725113868713,0.007903707213699818,1.3506253957748413
44,356.4696960449219,0.10665911436080933,0.01110887061804533,1.316037654876709
45,355.2935485839844,0.10628627240657806,0.013870998285710812,1.2710541486740112
46,353.94427490234375,0.10579892992973328,0.01582590863108635,1.217589020729065
47,352.53912353515625,0.10523878037929535,0.016767717897892,1.1576508283615112
48,351.2111511230469,0.10465404391288757,0.016655433923006058,1.0932763814926147
49,350.0923767089844,0.10409367084503174,0.015590427443385124,1.0264843702316284
50,349.29742431640625,0.10360176861286163,0.013777118176221848,0.959231436252594
51,348.90960693359375,0.10321299731731415,0.011478066444396973,0.8933650255203247
52,348.97100830078125,0.10294932872056961,0.008971458300948143,0.8305730223655701
53,349.4779357910156,0.10281846672296524,0.0065154340118169785,0.7723299264907837
54,350.3809509277344,0.10281376540660858,0.004321435932070017,0.7198476791381836
55,351.59014892578125,0.10291571915149689,0.002536969492211938,0.6740396022796631
56,352.9851989746094,0.10309481620788574,0.001237814431078732,0.6355004906654358
57,354.42816162109375,0.10331537574529648,0.0004294618556741625,0.6045138835906982
58,355.7790832519531,0.10353994369506836,5.705505100195296e-05,0.5810842514038086
59,356.9106750488281,0.10373376309871674,2.2250256733968854e-05,0.5649920105934143
60,357.7213439941406,0.10386854410171509,0.0002041616098722443,0.5558620691299438
61,358.14410400390625,0.10392515361309052,0.00048072842764668167,0.5532344579696655
62,358.150634765625,0.10389500111341476,0.0007469368865713477,0.5566243529319763
63,357.7510986328125,0.10377989709377289,0.0009273685864172876,0.565563976764679
64,356.9888610839844,0.10359090566635132,0.0009820680133998394,0.5796233415603638
65,355.9336242675781,0.10334620624780655,0.0009061734308488667,0.5984126925468445
66,354.6724853515625,0.10306873917579651,0.0007246998720802367,0.6215702891349792
67,353.3008728027344,0.10278356075286865,0.0004842985072173178,0.6487430930137634
68,351.9144287109375,0.10251554101705551,0.00024376570945605636,0.6795644760131836
69,350.6019592285156,0.10228738933801651,6.474137626355514e-05,0.7136354446411133
70,349.4399719238281,0.1021181121468544,3.590957703636377e-06,0.750511109828949
71,348.48907470703125,0.10202198475599289,0.00010502804070711136,0.7896923422813416
72,347.79180908203125,0.1020079180598259,0.0003976903099101037,0.8306254148483276
73,347.3719482421875,0.10207931697368622,0.000891649688128382,0.8727068305015564
74,347.23455810546875,0.10223414748907089,0.0015777292428538203,0.9152937531471252
75,347.36761474609375,0.10246534645557404,0.0024284489918500185,0.957717776298523
76,347.7436828613281,0.10276146978139877,0.003400439163669944,0.9993013739585876
77,348.3228454589844,0.1031075194478035,0.004438139032572508,1.039376974105835
78,349.0557861328125,0.10348592698574066,0.005478539038449526,1.077304720878601
79,349.88720703125,0.10387769341468811,0.006456634029746056,1.1124924421310425
80,350.75994873046875,0.10426358878612518,0.007311136461794376,1.144410490989685
81,351.6184387207031,0.10462528467178345,0.00798983033746481,1.172607183456421
82,352.412353515625,0.10494651645421982,0.00845401082187891,1.1967177391052246
83,353.0992431640625,0.10521392524242401,0.008681446313858032,1.2164709568023682
84,353.6468200683594,0.1054176464676857,0.00866754911839962,1.2316913604736328
85,354.0337829589844,0.10555163025856018,0.008424711413681507,1.242297887802124
86,354.2498779296875,0.10561364144086838,0.007979939691722393,1.2482969760894775
87,354.29547119140625,0.10560497641563416,0.007371283136308193,1.2497769594192505
88,354.1795654296875,0.10552997887134552,0.006643565837293863,1.2468974590301514
89,353.9186096191406,0.10539539158344269,0.005843957886099815,1.2398792505264282
90,353.5342712402344,0.10520970821380615,0.005017925053834915,1.2289928197860718
91,353.0511779785156,0.10498249530792236,0.0042059291154146194,1.2145475149154663
92,352.49554443359375,0.10472378879785538,0.0034410685766488314,1.1968812942504883
93,351.8935241699219,0.10444356501102448,0.0027478099800646305,1.1763499975204468
94,351.2700500488281,0.10415135324001312,0.0021416600793600082,1.153320074081421
95,350.6481018066406,0.10385598242282867,0.001629716600291431,1.1281592845916748
96,350.0482177734375,0.10356535017490387,0.0012118372833356261,1.1012319326400757
97,349.488037109375,0.10328631848096848,0.0008822021191008389,1.0728933811187744
98,348.98248291015625,0.10302474349737167,0.0006310644675977528,1.0434869527816772
99,348.54345703125,0.1027853935956955,0.00044646975584328175,1.0133404731750488
100,348.1803894042969,0.10257203131914139,0.0003158068866468966,0.9827666878700256
101,347.89990234375,0.10238747298717499,0.00022707584139425308,0.9520607590675354
102,347.70611572265625,0.10223356634378433,0.0001698306150501594,0.921500563621521
103,347.6006774902344,0.10211131721735,0.00013576379569713026,0.8913465738296509
104,347.5828857421875,0.10202085971832275,0.0001189587710541673,0.8618419766426086
105,347.6496276855469,0.10196155309677124,0.00011584944877540693,0.8332126140594482
106,347.7955322265625,0.10193194448947906,0.0001249408960575238,0.8056657910346985
107,348.0130920410156,0.10192988812923431,0.00014635667321272194,0.7793914079666138
108,348.29266357421875,0.10195253789424896,0.00018128089141100645,0.7545598745346069
109,348.62261962890625,0.10199648141860962,0.00023135723313316703,0.7313227653503418
110,348.989990234375,0.10205776989459991,0.0002981056459248066,0.7098114490509033
111,349.38037109375,0.10213208943605423,0.0003824160958174616,0.6901369094848633
112,349.77862548828125,0.10221484303474426,0.0004841542395297438,0.6723893284797668
113,350.1693115234375,0.10230134427547455,0.0006019111606292427,0.6566386818885803
114,350.537353515625,0.10238698124885559,0.000732920307200402,0.6429343819618225
115,350.8684997558594,0.102467380464077,0.000873131095431745,0.6313067674636841
116,351.14996337890625,0.10253860056400299,0.0010174342896789312,0.6217678189277649
117,351.3710632324219,0.10259726643562317,0.0011600088328123093,0.6143132448196411
118,351.5234375,0.10264073312282562,0.0012947379145771265,0.6089233160018921
119,351.601806640625,0.10266716033220291,0.0014156718971207738,0.60556560754776
120,351.6038513183594,0.10267560929059982,0.001517469179816544,0.6041960716247559
121,351.5301818847656,0.10266603529453278,0.0015957780415192246,0.6047609448432922
122,351.38470458984375,0.10263927280902863,0.0016475340817123652,0.6071977615356445
123,351.173828125,0.10259698331356049,0.0016711356583982706,0.6114364266395569
124,350.90667724609375,0.10254150629043579,0.0016665044240653515,0.6174001097679138
125,350.5941162109375,0.10247581452131271,0.001635014428757131,0.6250048875808716
126,350.24853515625,0.10240324586629868,0.0015793299535289407,0.6341603994369507
127,349.8831481933594,0.10232743620872498,0.0015031509101390839,0.6447692513465881
128,349.51141357421875,0.10225212574005127,0.0014109050389379263,0.6567269563674927
129,349.14654541015625,0.10218097269535065,0.0013074293965473771,0.6699216365814209
130,348.8009948730469,0.10211743414402008,0.001197635312564671,0.6842333078384399
131,348.4859924316406,0.10206463187932968,0.0010862275958061218,0.69953453540802
132,348.2110290527344,0.10202523320913315,0.0009774580830708146,0.7156895995140076
133,347.9838562011719,0.1020013839006424,0.0008749571861699224,0.7325552701950073
134,347.8100891113281,0.10199463367462158,0.0007816354045644403,0.7499814629554749
135,347.6932678222656,0.10200591385364532,0.0006996695301495492,0.767811119556427
136,347.634765625,0.10203555226325989,0.000630558526609093,0.7858821749687195
137,347.6336364746094,0.10208319872617722,0.0005752463475801051,0.8040282726287842
138,347.68731689453125,0.10214799642562866,0.0005342986551113427,0.8220804929733276
139,347.79132080078125,0.10222853720188141,0.0005081095150671899,0.8398683667182922
140,347.9396057128906,0.10232294350862503,0.0004971182788722217,0.8572226762771606
141,348.125244140625,0.10242898017168045,0.0005020099924877286,0.8739769458770752
142,348.3402404785156,0.10254411399364471,0.0005238775629550219,0.8899688720703125
143,348.57611083984375,0.10266563296318054,0.0005643228068947792,0.9050435423851013
144,348.8242492675781,0.10279069095849991,0.0006254689069464803,0.9190540909767151
145,349.07623291015625,0.10291646420955658,0.0007098850328475237,0.931864857673645
146,349.32391357421875,0.10304015874862671,0.0008204090991057456,0.9433519244194031
147,349.5598449707031,0.10315914452075958,0.0009598782635293901,0.9534052014350891
148,349.7774658203125,0.10327096283435822,0.0011307843960821629,0.9619298577308655
149,349.9710998535156,0.10337340831756592,0.0013348793145269156,0.96884685754776
150,350.135986328125,0.10346449911594391,0.0015727657591924071,0.9740939736366272
151,350.2685852050781,0.10354262590408325,0.0018435172969475389,0.9776259660720825
152,350.3664245605469,0.10360638797283173,0.0021443713922053576,0.979415237903595
153,350.4278259277344,0.10365474224090576,0.002470525912940502,0.9794507622718811
154,350.45220947265625,0.10368694365024567,0.002815095940604806,0.9777387976646423
155,350.4397888183594,0.10370253771543503,0.003169229021295905,0.9743019342422485
156,350.3916320800781,0.10370136797428131,0.003522400977090001,0.9691784381866455
157,350.3095397949219,0.10368356108665466,0.0038628773763775826,0.9624214768409729
158,350.19586181640625,0.10364954173564911,0.004178307484835386,0.9540982246398926
159,350.0538024902344,0.10360002517700195,0.004456421826034784,0.9442888498306274
160,349.886962890625,0.10353599488735199,0.004685761407017708,0.933085560798645
161,349.6995849609375,0.1034587025642395,0.004856390412896872,0.920591413974762
162,349.4963073730469,0.10336962342262268,0.004960504826158285,0.9069185256958008
163,349.2822265625,0.1032705157995224,0.004992939066141844,0.892188310623169
164,349.0626525878906,0.10316326469182968,0.004951483104377985,0.876527726650238
165,348.84320068359375,0.10304991900920868,0.004836997948586941,0.860069751739502
166,348.62945556640625,0.10293261706829071,0.004653360228985548,0.8429508805274963
167,348.4268798828125,0.10281353443861008,0.004407198168337345,0.8253097534179688
168,348.2406005859375,0.1026947945356369,0.004107484593987465,0.8072848916053772
169,348.0754089355469,0.10257846117019653,0.003765020053833723,0.7890141606330872
170,347.9354248046875,0.10246643424034119,0.003391820937395096,0.7706320285797119
171,347.8241271972656,0.10236042737960815,0.0030004852451384068,0.7522688508033752
172,347.7439270019531,0.10226188600063324,0.0026035697665065527,0.7340491414070129
173,347.696533203125,0.10217200964689255,0.0022129935678094625,0.7160900235176086
174,347.68243408203125,0.10209167003631592,0.0018395145889371634,0.6985006332397461
175,347.7012634277344,0.10202143341302872,0.0014923062408342957,0.6813809275627136
176,347.75146484375,0.10196155309677124,0.0011786227114498615,0.6648209691047668
177,347.8305358886719,0.10191191732883453,0.0009035984403453767,0.6489004492759705
178,347.93499755859375,0.10187218338251114,0.0006701480597257614,0.6336880922317505
179,348.0606689453125,0.10184170305728912,0.00047900478239171207,0.6192421913146973
180,348.20263671875,0.10181959718465805,0.00032886979170143604,0.6056103706359863
181,348.3554382324219,0.10180479288101196,0.00021666576503776014,0.5928300619125366
182,348.5133361816406,0.10179607570171356,0.00013789371587336063,0.5809292197227478
183,348.67041015625,0.10179218649864197,8.705293294042349e-05,0.5699272751808167
184,348.82098388671875,0.10179178416728973,5.8111007092520595e-05,0.559836208820343
185,348.95953369140625,0.10179358720779419,4.498664566199295e-05,0.5506615042686462
186,349.0811767578125,0.10179638862609863,4.201261617708951e-05,0.5424036979675293
187,349.181640625,0.1017991453409195,4.434394941199571e-05,0.5350592732429504
188,349.2576599121094,0.10180093348026276,4.8280675400746986e-05,0.5286217927932739
189,349.3065490722656,0.10180108994245529,5.1481205446179956e-05,0.5230832099914551
190,349.3270263671875,0.10179910063743591,5.305066588334739e-05,0.5184338688850403
191,349.31842041015625,0.10179471224546432,5.3500734793487936e-05,0.5146636962890625
192,349.28118896484375,0.10178784281015396,5.4586893384112045e-05,0.5117617845535278
193,349.21661376953125,0.10177861899137497,5.90425988775678e-05,0.5097166299819946
194,349.12652587890625,0.10176730155944824,7.023535727057606e-05,0.5085158944129944
195,349.0135498046875,0.10175425559282303,9.177769243251532e-05,0.508145809173584
196,348.8805236816406,0.10173995792865753,0.00012712807802017778,0.5085904002189636
197,348.7306213378906,0.10172487795352936,0.00017921472317539155,0.5098316669464111
198,348.5670471191406,0.10170954465866089,0.00025011689285747707,0.511847972869873
199,348.3930969238281,0.10169441252946854,0.0003408243355806917,0.5146143436431885
200,348.2119445800781,0.10167993605136871,0.00045109493657946587,0.5181018710136414
201,348.0264587402344,0.10166648030281067,0.0005794186727143824,0.5222770571708679
202,347.83935546875,0.10165437310934067,0.0007230879855342209,0.5271023511886597
203,347.6531677246094,0.1016438752412796,0.0008783635566942394,0.5325356721878052
204,347.4701232910156,0.1016351729631424,0.0010407271329313517,0.5385301113128662
205,347.29217529296875,0.10162842273712158,0.0012051837984472513,0.5450354218482971
206,347.12109375,0.10162375867366791,0.0013666095910593867,0.551996648311615
207,346.9584655761719,0.10162125527858734,0.0015200949274003506,0.5593554973602295
208,346.8056335449219,0.10162097215652466,0.0016612717881798744,0.5670499205589294
209,346.6637878417969,0.10162293910980225,0.0017866017296910286,0.5750142335891724
210,346.5336608886719,0.1016271710395813,0.0018935867119580507,0.5831798911094666
211,346.4159240722656,0.10163360834121704,0.001980910077691078,0.5914744734764099
212,346.3106994628906,0.10164210945367813,0.002048496389761567,0.5998225808143616
213,346.2176818847656,0.10165248066186905,0.0020974839571863413,0.6081454157829285
214,346.13592529296875,0.10166436433792114,0.0021301163360476494,0.616361141204834
215,346.06396484375,0.1016772910952568,0.0021495793480426073,0.6243850588798523
216,345.99951171875,0.10169059038162231,0.0021598071325570345,0.6321301460266113
217,345.9394836425781,0.10170341283082962,0.0021652483846992254,0.6395078301429749
218,345.88018798828125,0.10171474516391754,0.0021706558763980865,0.6464291214942932
219,345.81719970703125,0.10172337293624878,0.0021808904130011797,0.6528062224388123
220,345.7455749511719,0.1017279326915741,0.002200756222009659,0.6585540771484375
221,345.6598205566406,0.10172697901725769,0.002234895946457982,0.6635928750038147
222,345.5545349121094,0.1017189621925354,0.0022877021692693233,0.6678503155708313
223,345.4242248535156,0.10170234739780426,0.002363255014643073,0.6712638139724731
224,345.2637939453125,0.10167567431926727,0.0024652420543134212,0.6737834811210632
225,345.06854248046875,0.10163753479719162,0.0025968614500015974,0.6753738522529602
226,344.8345947265625,0.10158671438694,0.0027606142684817314,0.6760157346725464
227,344.5588684082031,0.10152214020490646,0.002958039054647088,0.6757076978683472
228,344.2389221191406,0.10144288837909698,0.0031893313862383366,0.6744663119316101
229,343.8731994628906,0.10134816914796829,0.0034528737887740135,0.6723260283470154
230,343.4603576660156,0.10123726725578308,0.003744714194908738,0.6693381071090698
231,342.9994201660156,0.10110943019390106,0.004058098420500755,0.6655687689781189
232,342.4892578125,0.10096386075019836,0.004383115563541651,0.6610966324806213
233,341.92816162109375,0.100799560546875,0.004706612788140774,0.6560102105140686
234,341.31396484375,0.10061535984277725,0.00501247588545084,0.6504042744636536
235,340.6435241699219,0.10040982812643051,0.005282433237880468,0.6443774104118347
236,339.9130554199219,0.10018142312765121,0.005497381091117859,0.6380288004875183
237,339.1183776855469,0.09992848336696625,0.005639261566102505,0.6314561367034912
238,338.255126953125,0.09964944422245026,0.005693328566849232,0.6247535943984985
239,337.319580078125,0.09934304654598236,0.005650567822158337,0.6180101633071899
240,336.30926513671875,0.0990084856748581,0.005509907845407724,0.6113072037696838
241,335.2230224609375,0.0986456573009491,0.005279747769236565,0.6047165989875793
242,334.06182861328125,0.09825514256954193,0.004978436045348644,0.5982962250709534
243,332.82806396484375,0.09783826023340225,0.004633265547454357,0.5920848846435547
244,331.5252990722656,0.09739688783884048,0.004277853295207024,0.5860955715179443
245,330.15679931640625,0.09693311154842377,0.003948010038584471,0.5803080797195435
246,328.72454833984375,0.0964488834142685,0.0036766566336154938,0.5746635794639587
247,327.2277526855469,0.09594561159610748,0.0034886368084698915,0.5690621733665466
248,325.6622619628906,0.09542389959096909,0.0033967401832342148,0.5633684396743774
249,324.02093505859375,0.09488353133201599,0.003400244517251849,0.5574267506599426
250,322.2951965332031,0.09432372450828552,0.003486738307401538,0.5510868430137634
251,320.47747802734375,0.09374372661113739,0.0036371704190969467,0.5442367196083069
252,318.5643005371094,0.09314346313476562,0.0038325549103319645,0.536838948726654
253,316.5579528808594,0.09252383559942245,0.004059856291860342,0.5289588570594788
254,314.4665832519531,0.09188666939735413,0.004314308520406485,0.5207785367965698
255,312.3011169433594,0.0912337675690651,0.004596533253788948,0.5125895738601685
256,310.0703430175781,0.09056559950113297,0.004905207548290491,0.504762589931488
257,307.7750244140625,0.08987975865602493,0.005228893831372261,0.4977007210254669
258,305.4046630859375,0.08917038142681122,0.005542940925806761,0.49178826808929443
259,302.9395446777344,0.08842907845973969,0.005816717632114887,0.48734891414642334
260,300.35845947265625,0.08764772117137909,0.006031440105289221,0.48462218046188354
261,297.64971923828125,0.08682194352149963,0.0062006027437746525,0.48375311493873596
262,294.8179931640625,0.08595356345176697,0.0063783833757042885,0.48477423191070557
263,291.8809814453125,0.08504992723464966,0.006643662229180336,0.48755890130996704
264,288.8548583984375,0.08411967754364014,0.0070602186024188995,0.4917551875114441
265,285.73577880859375,0.0831671804189682,0.00763302855193615,0.49675068259239197
266,282.4913024902344,0.0821891576051712,0.008293726481497288,0.501748263835907
267,279.072998046875,0.08117689937353134,0.008938426151871681,0.5059923529624939
268,275.4453430175781,0.08012289553880692,0.009503557346761227,0.5090802907943726
269,271.60858154296875,0.07902635633945465,0.010026165284216404,0.5111985802650452
270,267.5934143066406,0.07789131999015808,0.010634355247020721,0.5131369829177856
271,263.4241943359375,0.07671697437763214,0.011461794376373291,0.5160529017448425
272,259.0790710449219,0.07548800110816956,0.012547072023153305,0.5210984349250793
273,254.49090576171875,0.07417718321084976,0.013812998309731483,0.5291208624839783
274,249.60195922851562,0.07276357710361481,0.015163034200668335,0.540573239326477
275,244.4231414794922,0.07125099003314972,0.016601253300905228,0.55553138256073
276,239.02354431152344,0.06966538727283478,0.0182342492043972,0.5735701322555542
277,233.44686889648438,0.06803004443645477,0.020146694034337997,0.5935279726982117
278,227.6448516845703,0.06634339690208435,0.022319411858916283,0.6136335134506226
279,221.52320861816406,0.06458742171525955,0.024744998663663864,0.6323487162590027
280,215.06187438964844,0.06275729835033417,0.02762797847390175,0.6494501233100891
281,208.3544464111328,0.06087159737944603,0.031359363347291946,0.6663729548454285
282,201.4961700439453,0.05894285440444946,0.036163777112960815,0.6854668855667114
283,194.45082092285156,0.05694518983364105,0.041756436228752136,0.7087708711624146
284,187.1057586669922,0.054836444556713104,0.04751965031027794,0.7373308539390564
285,179.47560119628906,0.052620552480220795,0.053155384957790375,0.7713208198547363
286,171.7301025390625,0.05035616084933281,0.05907680094242096,0.8099833130836487
287,163.95941162109375,0.0480865016579628,0.0661863386631012,0.8511254787445068
288,156.04946899414062,0.04579610377550125,0.07553078234195709,0.8917912244796753
289,147.91969299316406,0.04346846416592598,0.08821864426136017,0.9306434392929077
290,139.74021911621094,0.04114335775375366,0.1051056832075119,0.9694408178329468
291,131.7145233154297,0.03885940462350845,0.12582552433013916,1.0116896629333496
292,123.7714614868164,0.03657659888267517,0.14829516410827637,1.0600858926773071
293,115.80342102050781,0.034255512058734894,0.17045283317565918,1.1155874729156494
294,108.0531005859375,0.03197332099080086,0.19292518496513367,1.1776704788208008
295,100.76933288574219,0.02982400357723236,0.21941891312599182,1.2432808876037598
296,93.79660034179688,0.027789438143372536,0.25478121638298035,1.3073650598526
297,87.07989501953125,0.025863206014037132,0.3026275634765625,1.367602825164795
298,81.01847076416016,0.024142269045114517,0.3628643751144409,1.4268620014190674
299,75.7616195678711,0.022635366767644882,0.42940765619277954,1.489931583404541
300,71.06881713867188,0.02124675363302231,0.4942629039287567,1.5596781969070435
301,67.25025177001953,0.02006952464580536,0.5583709478378296,1.634958028793335
302,64.58607482910156,0.01922496035695076,0.6342315673828125,1.7072447538375854
303,62.660709381103516,0.018639318645000458,0.7360846400260925,1.7643094062805176
304,61.70624923706055,0.01837386190891266,0.8673262596130371,1.802984356880188
305,62.071407318115234,0.018464524298906326,1.0120675563812256,1.832321286201477
306,63.16440200805664,0.018676964566111565,1.147141695022583,1.8638023138046265
307,65.25668334960938,0.0191086083650589,1.281456470489502,1.892930030822754
308,68.05990600585938,0.019776450470089912,1.455426573753357,1.8941031694412231
309,70.83601379394531,0.02052007056772709,1.6951721906661987,1.8520535230636597
310,73.89735412597656,0.02134876698255539,1.9793542623519897,1.7894030809402466
311,76.18264770507812,0.02185189537703991,2.262948513031006,1.7431941032409668
312,77.74580383300781,0.022088170051574707,2.570312261581421,1.7090975046157837
313,78.27517700195312,0.0221127700060606,2.9846906661987305,1.6499767303466797
314,77.44947052001953,0.02185673452913761,3.550535202026367,1.5612328052520752
315,76.0077896118164,0.02138218656182289,4.2307820320129395,1.486934781074524
316,73.52985382080078,0.02045825868844986,4.98015832901001,1.4588669538497925
317,71.14078521728516,0.019487805664539337,5.848029613494873,1.457688808441162
318,68.7816162109375,0.018581587821245193,6.890895843505859,1.4607524871826172
319,67.06729125976562,0.01789984479546547,8.031988143920898,1.5000413656234741
320,66.53231048583984,0.017518028616905212,9.074387550354004,1.6311702728271484
321,67.1686782836914,0.017473526298999786,9.90410041809082,1.868135929107666
322,69.82067108154297,0.018098775297403336,10.603891372680664,2.2182769775390625
323,73.50233459472656,0.01908073201775551,11.254087448120117,2.7214393615722656
324,78.23649597167969,0.020353596657514572,11.769206047058105,3.3668479919433594
325,82.07817077636719,0.021385937929153442,12.05868148803711,3.995448350906372
326,84.94129943847656,0.022128963842988014,12.258057594299316,4.563896179199219
327,85.7772216796875,0.02220119535923004,12.512862205505371,5.137267112731934
328,85.6191635131836,0.02193082869052887,12.774824142456055,5.639336585998535
329,84.62873840332031,0.021456092596054077,12.931159019470215,5.871824741363525
330,84.0643081665039,0.021107429638504982,13.04597282409668,5.917948246002197
331,84.15485382080078,0.02088872902095318,13.267091751098633,6.029280662536621
332,85.22454071044922,0.020929599180817604,13.593100547790527,6.237712383270264
333,86.87834167480469,0.021164465695619583,13.898432731628418,6.359913349151611
334,88.44783020019531,0.021377339959144592,14.189247131347656,6.418575763702393
335,89.339111328125,0.021381963044404984,14.615198135375977,6.681613922119141
336,88.94271087646484,0.02101573534309864,15.193565368652344,7.206511497497559
337,87.46058654785156,0.020323118194937706,15.78072738647461,7.753848552703857
338,84.95580291748047,0.01931523159146309,16.337629318237305,8.226069450378418
339,82.39175415039062,0.018274879083037376,17.007198333740234,8.900796890258789
340,80.17941284179688,0.017310194671154022,17.825748443603516,9.860575675964355
341,79.37741088867188,0.016739070415496826,18.632070541381836,10.683282852172852
342,79.84833526611328,0.016573086380958557,19.350465774536133,11.04697036743164
343,81.61036682128906,0.016809409484267235,20.13739585876465,11.24102783203125
344,83.51614379882812,0.017125261947512627,21.01814079284668,11.234046936035156
345,84.87279510498047,0.017400134354829788,21.787445068359375,10.457284927368164
346,84.96051025390625,0.017415737733244896,22.41356658935547,8.976326942443848
347,83.90815734863281,0.017135832458734512,23.085956573486328,7.4196882247924805
348,82.33837890625,0.016742389649152756,23.7899169921875,5.927690029144287
349,80.97139739990234,0.01640963926911354,24.30301856994629,4.4328460693359375
350,80.50164031982422,0.01629413664340973,24.583576202392578,3.191739797592163
351,80.79126739501953,0.016459012404084206,24.721134185791016,2.3690130710601807
352,81.64462280273438,0.01689516194164753,24.58165740966797,1.8446675539016724
353,81.87537384033203,0.017160378396511078,23.90723991394043,1.5258537530899048
354,81.1101303100586,0.01722811535000801,22.678205490112305,1.3817461729049683
355,78.50260925292969,0.017019126564264297,21.02544403076172,1.3198895454406738
356,74.88359069824219,0.016644548624753952,19.07849884033203,1.296223521232605
357,70.59839630126953,0.015985945239663124,17.085554122924805,1.3268661499023438
358,67.166015625,0.01551598496735096,15.362809181213379,1.374435305595398
359,64.68916320800781,0.015332521870732307,14.02165699005127,1.3863277435302734
360,63.99043655395508,0.015596259385347366,12.925715446472168,1.3936078548431396
361,64.2515869140625,0.016045860946178436,11.948091506958008,1.4266031980514526
362,65.39144897460938,0.01671433076262474,11.12239933013916,1.4435535669326782
363,66.04188537597656,0.017195649445056915,10.46267318725586,1.4193166494369507
364,66.14688110351562,0.01745387353003025,9.86367416381836,1.3902807235717773
365,65.06807708740234,0.017316941171884537,9.267731666564941,1.3757667541503906
366,63.58859634399414,0.017006298527121544,8.730307579040527,1.3536301851272583
367,61.913063049316406,0.016589898616075516,8.268125534057617,1.3110791444778442
368,61.02900695800781,0.01636616885662079,7.82147216796875,1.2916958332061768
369,60.97002029418945,0.016334250569343567,7.380791664123535,1.3248066902160645
370,61.931549072265625,0.016587018966674805,7.006773471832275,1.3564127683639526
371,63.2647705078125,0.016979370266199112,6.707369804382324,1.3604766130447388
372,64.39285278320312,0.01729968935251236,6.434265613555908,1.4070677757263184
373,64.7185287475586,0.017373953014612198,6.19027853012085,1.495943546295166
374,63.888160705566406,0.017181985080242157,6.015771865844727,1.5426989793777466
375,62.22011184692383,0.016800643876194954,5.897144794464111,1.5606707334518433
376,59.96684646606445,0.016231399029493332,5.7921833992004395,1.6197847127914429
377,58.080162048339844,0.015776410698890686,5.709784507751465,1.684030294418335
378,56.737667083740234,0.015513915568590164,5.677418231964111,1.6920902729034424
379,56.54814910888672,0.015573239885270596,5.670361042022705,1.6761066913604736
380,56.82213592529297,0.015736617147922516,5.649786949157715,1.657589316368103
381,57.44063949584961,0.015975316986441612,5.6325483322143555,1.594685435295105
382,57.27442169189453,0.01594199240207672,5.637093544006348,1.4939470291137695
383,56.41126251220703,0.01566743105649948,5.630178928375244,1.3723931312561035
384,54.556732177734375,0.01506778597831726,5.591612815856934,1.2304009199142456
385,52.648040771484375,0.01440406497567892,5.555347919464111,1.1374685764312744
386,51.17736053466797,0.013849383220076561,5.534808158874512,1.1510400772094727
387,50.99349594116211,0.013618286699056625,5.500407695770264,1.3538529872894287
388,52.17717742919922,0.01367298886179924,5.45326042175293,1.952330231666565
389,54.187957763671875,0.01399315893650055,5.429413318634033,2.8050997257232666
390,56.36650085449219,0.014429839327931404,5.420988082885742,3.7382616996765137
391,57.545406341552734,0.014428982511162758,5.39727258682251,5.197059154510498
392,57.79669189453125,0.014182929880917072,5.377532005310059,6.72585916519165
393,57.00083923339844,0.013952452689409256,5.3802809715271,7.279191970825195
394,56.298927307128906,0.013776760548353195,5.375025272369385,7.648651599884033
395,56.177093505859375,0.013680152595043182,5.34765100479126,8.272541999816895
396,56.98648452758789,0.014104725793004036,5.324520111083984,7.918140411376953
397,58.37529373168945,0.01484393235296011,5.296500205993652,6.8806633949279785
398,59.20268249511719,0.0152521887794137,5.228885173797607,6.41510009765625
399,59.0012321472168,0.015328693203628063,5.136100769042969,5.974699020385742
400,57.15071105957031,0.015021290630102158,5.040163516998291,4.97938346862793
401,54.51998519897461,0.014397417195141315,4.922562599182129,4.233089923858643
402,51.729156494140625,0.013579342514276505,4.7789812088012695,3.9418885707855225
403,49.91874694824219,0.013069892302155495,4.6396307945251465,3.462815523147583
404,49.44219970703125,0.013005441054701805,4.51149320602417,2.811204671859741
405,50.048072814941406,0.013176541775465012,4.3776469230651855,2.4255499839782715
406,51.16572570800781,0.013476849533617496,4.246779918670654,2.1343090534210205
407,51.704124450683594,0.013727385550737381,4.135941505432129,1.7348003387451172
408,51.534820556640625,0.013804199174046516,4.034592151641846,1.453305721282959
409,50.428253173828125,0.013579520396888256,3.9323770999908447,1.343701958656311
410,49.298099517822266,0.013398470357060432,3.8423032760620117,1.306978702545166
411,48.58067321777344,0.013377630151808262,3.7704110145568848,1.3403058052062988
412,48.93309020996094,0.013649745844304562,3.703169345855713,1.4286199808120728
413,50.22095489501953,0.014184456318616867,3.6381680965423584,1.530039668083191
414,51.87580108642578,0.014793692156672478,3.5876357555389404,1.6138876676559448
415,53.26377868652344,0.015267061069607735,3.547009229660034,1.6557515859603882
416,53.582923889160156,0.015394024550914764,3.503126382827759,1.6788660287857056
417,53.01644515991211,0.015207954682409763,3.463265895843506,1.6803088188171387
418,51.66766357421875,0.014720996841788292,3.437822103500366,1.6281721591949463
419,50.531219482421875,0.014259634539484978,3.419694423675537,1.5663468837738037
420,49.937198638916016,0.013930374756455421,3.405590057373047,1.5365816354751587
421,50.32048416137695,0.01387342344969511,3.4070193767547607,1.4958256483078003
422,51.260948181152344,0.014010465703904629,3.4251956939697266,1.4431222677230835
423,52.09917449951172,0.01414235308766365,3.448991060256958,1.4321738481521606
424,52.29478454589844,0.014124665409326553,3.4787421226501465,1.4478527307510376
425,51.382774353027344,0.013873595744371414,3.521132707595825,1.4494760036468506
426,49.907936096191406,0.013515070080757141,3.5707197189331055,1.4581111669540405
427,48.25373077392578,0.013120682910084724,3.6210386753082275,1.4925223588943481
428,47.40967559814453,0.012992402538657188,3.6795101165771484,1.525325059890747
429,47.539676666259766,0.013148076832294464,3.749279022216797,1.5510653257369995
430,48.52654266357422,0.01351621001958847,3.818605422973633,1.5979119539260864
431,49.695987701416016,0.013893147930502892,3.8845455646514893,1.6609578132629395
432,50.14093017578125,0.013990398496389389,3.954596996307373,1.7260996103286743
433,49.73379898071289,0.01377510093152523,4.021815299987793,1.8013638257980347
434,48.4739875793457,0.013258452527225018,4.077845096588135,1.8850988149642944
435,47.36110305786133,0.012734951451420784,4.132645606994629,1.9689640998840332
436,46.97776412963867,0.012419166043400764,4.1907219886779785,2.0459444522857666
437,47.71453094482422,0.01242232695221901,4.242359161376953,2.1154024600982666
438,49.255863189697266,0.012663162313401699,4.287621021270752,2.1760365962982178
439,50.576622009277344,0.012945027090609074,4.332059383392334,2.212397575378418
440,51.13751983642578,0.013083036988973618,4.367846965789795,2.22983455657959
441,50.48976135253906,0.012882532551884651,4.388658046722412,2.2504894733428955
442,49.31462860107422,0.012625686824321747,4.402279376983643,2.2530179023742676
443,48.4062614440918,0.0125266183167696,4.410788536071777,2.2290098667144775
444,48.35026550292969,0.012649061158299446,4.406213760375977,2.221999168395996
445,49.339393615722656,0.013066178187727928,4.391534805297852,2.2185723781585693
446,50.47242736816406,0.013524813577532768,4.372697353363037,2.173400402069092
447,51.07997512817383,0.013771246187388897,4.340814113616943,2.1308131217956543
448,50.5364875793457,0.01361096277832985,4.293486595153809,2.1145308017730713
449,49.08610153198242,0.013148577883839607,4.241525173187256,2.0555598735809326
450,47.63653564453125,0.012655742466449738,4.184835910797119,1.9702686071395874
451,46.793575286865234,0.012280894443392754,4.119650840759277,1.9304715394973755
452,47.09989547729492,0.012242183089256287,4.053462028503418,1.879987359046936
453,47.998016357421875,0.012447421438992023,3.988180160522461,1.7890480756759644
454,48.711219787597656,0.012611376121640205,3.9166102409362793,1.7479476928710938
455,48.66401672363281,0.012598741799592972,3.8396880626678467,1.7397247552871704
456,47.62446975708008,0.012418970465660095,3.7623889446258545,1.7030296325683594
457,46.38157653808594,0.012221971526741982,3.682931900024414,1.697434425354004
458,45.58155059814453,0.012163400650024414,3.6018264293670654,1.7380449771881104
459,45.77880859375,0.012421591207385063,3.5262465476989746,1.7761077880859375
460,46.91329574584961,0.012919425964355469,3.4563355445861816,1.8347886800765991
461,48.10932922363281,0.013388671912252903,3.3873136043548584,1.9133710861206055
462,48.797874450683594,0.013641919940710068,3.3228566646575928,1.9950947761535645
463,48.5208854675293,0.01351667009294033,3.264788866043091,2.098466157913208
464,47.611663818359375,0.013160603120923042,3.2086639404296875,2.172456741333008
465,46.89097213745117,0.01281503215432167,3.1574203968048096,2.211545705795288
466,46.80018615722656,0.012606729753315449,3.1151843070983887,2.2786295413970947
467,47.62845230102539,0.012684285640716553,3.077913761138916,2.3032238483428955
468,48.79472351074219,0.01290821935981512,3.043400287628174,2.2492222785949707
469,49.52226638793945,0.013069011270999908,3.0127639770507812,2.216481924057007
470,49.4578971862793,0.013082347810268402,2.9833197593688965,2.1652491092681885
471,48.499019622802734,0.012912957929074764,2.953463554382324,2.0556797981262207
472,47.36941146850586,0.012751495465636253,2.9273841381073,1.971739649772644
473,46.72968673706055,0.012753301300108433,2.9076144695281982,1.9061988592147827
474,46.82670211791992,0.012972822412848473,2.8925704956054688,1.8415038585662842
475,47.600486755371094,0.013354582712054253,2.8844730854034424,1.8014075756072998
476,48.251869201660156,0.01361984945833683,2.884934186935425,1.7618992328643799
477,48.25621795654297,0.01363665983080864,2.8891472816467285,1.743878960609436
478,47.501461029052734,0.013363474979996681,2.897031307220459,1.7554463148117065
479,46.2453727722168,0.01286336313933134,2.912275791168213,1.7414926290512085
480,45.321327209472656,0.012420471757650375,2.93241286277771,1.7425512075424194
481,45.11132049560547,0.012159070000052452,2.956190586090088,1.7939847707748413
482,45.62617492675781,0.012127392925322056,2.985806941986084,1.814101219177246
483,46.45602035522461,0.01224103569984436,3.017849922180176,1.8262097835540771
484,46.78025436401367,0.01223955862224102,3.0478620529174805,1.9011961221694946
485,46.394161224365234,0.012117795646190643,3.076900005340576,1.9563300609588623
486,45.478519439697266,0.011929215863347054,3.105339527130127,1.9788246154785156
487,44.57326889038086,0.01175720989704132,3.1313588619232178,2.0569188594818115
488,44.417877197265625,0.011826768517494202,3.157785415649414,2.1315393447875977
489,45.0206298828125,0.012123383581638336,3.1870315074920654,2.153341770172119
490,46.013031005859375,0.012482400983572006,3.214599847793579,2.2102859020233154
491,46.77577590942383,0.01271754875779152,3.2397775650024414,2.2786691188812256
492,46.71269989013672,0.012659587897360325,3.2648403644561768,2.289401054382324
493,46.05030822753906,0.012366119772195816,3.2856454849243164,2.3160557746887207
494,45.31334686279297,0.01199256256222725,3.301896572113037,2.370450496673584
495,45.05514907836914,0.01175667904317379,3.3175573348999023,2.3750035762786865
496,45.629722595214844,0.011772367171943188,3.3293893337249756,2.3808135986328125
497,46.56012725830078,0.011888316832482815,3.33420991897583,2.4280307292938232
498,47.199913024902344,0.01201331801712513,3.3332271575927734,2.438075304031372
499,47.15232467651367,0.01202110294252634,3.3241348266601562,2.4389071464538574
500,46.340274810791016,0.011827029287815094,3.3051486015319824,2.4841573238372803
501,45.4025764465332,0.011678189970552921,3.280548572540283,2.503175735473633
502,44.966976165771484,0.011718904599547386,3.252332925796509,2.499626636505127
503,45.172786712646484,0.011916374787688255,3.2189033031463623,2.533602476119995
504,45.846561431884766,0.012234797701239586,3.183393955230713,2.5501596927642822
505,46.313232421875,0.012453392148017883,3.1466901302337646,2.53536319732666
506,46.06880569458008,0.012397482059895992,3.105036973953247,2.5509214401245117
507,45.26982116699219,0.01212243176996708,3.061248302459717,2.5601613521575928
508,44.29704284667969,0.011758094653487206,3.0180349349975586,2.5360240936279297
509,43.7505989074707,0.011480199173092842,2.9731338024139404,2.537101984024048
510,43.96474075317383,0.01141304150223732,2.9282472133636475,2.5442538261413574
511,44.57863998413086,0.01151072047650814,2.8846325874328613,2.519031524658203
512,45.11882781982422,0.0116204172372818,2.839088201522827,2.5149900913238525
513,45.16073226928711,0.011635774746537209,2.791571855545044,2.525993824005127
514,44.57722473144531,0.011559931561350822,2.744363784790039,2.5065298080444336
515,43.86983108520508,0.011487461626529694,2.6972975730895996,2.5005428791046143
516,43.52521896362305,0.01154322735965252,2.6518425941467285,2.514040946960449
517,43.75074768066406,0.011775197461247444,2.6115708351135254,2.4986984729766846
518,44.49097442626953,0.012126660905778408,2.575538396835327,2.488253593444824
519,45.18678283691406,0.012424932792782784,2.542541265487671,2.500370979309082
520,45.373191833496094,0.012505458667874336,2.5147697925567627,2.486333131790161
521,45.04079818725586,0.012371511198580265,2.490804433822632,2.4704747200012207
522,44.388973236083984,0.012099183164536953,2.4697279930114746,2.480778217315674
523,43.92851257324219,0.01183701865375042,2.4544997215270996,2.4688611030578613
524,44.038429260253906,0.01173008605837822,2.444450616836548,2.4491379261016846
525,44.54888916015625,0.011748861521482468,2.4377763271331787,2.4602012634277344
526,45.121891021728516,0.011828581802546978,2.4350361824035645,2.452376127243042
527,45.33200454711914,0.011866223998367786,2.4347760677337646,2.4315733909606934
528,44.90855026245117,0.011766724288463593,2.43538236618042,2.444973945617676
529,44.15647888183594,0.011633602902293205,2.438535690307617,2.4421467781066895
530,43.526546478271484,0.011574853211641312,2.44537615776062,2.420145034790039
531,43.309547424316406,0.011639129370450974,2.455333709716797,2.433619260787964
532,43.61846160888672,0.011842443607747555,2.470114231109619,2.432002067565918
533,44.08455276489258,0.012048336677253246,2.4897356033325195,2.403475522994995
534,44.194435119628906,0.012100713327527046,2.511333465576172,2.411121368408203
535,43.81418991088867,0.011948952451348305,2.5359809398651123,2.403188467025757
536,43.072410583496094,0.011638900265097618,2.564035415649414,2.361037254333496
537,42.36301040649414,0.011298013851046562,2.5936477184295654,2.3571505546569824
538,42.169742584228516,0.011089970357716084,2.6263480186462402,2.337153196334839
539,42.50366973876953,0.0110623799264431,2.661668539047241,2.277183771133423
540,42.989864349365234,0.011090892367064953,2.6965763568878174,2.2631630897521973
541,43.24461364746094,0.01111298706382513,2.730517625808716,2.232679843902588
542,42.99073028564453,0.011072289198637009,2.762631416320801,2.1654064655303955
543,42.350284576416016,0.0109366774559021,2.7915236949920654,2.1537556648254395
544,41.857337951660156,0.010893207043409348,2.818795680999756,2.124666690826416
545,41.87287521362305,0.01102350652217865,2.8453519344329834,2.0683605670928955
546,42.34073257446289,0.011243684217333794,2.869441270828247,2.070571184158325
547,42.94605255126953,0.01147869136184454,2.891893148422241,2.0525457859039307
548,43.220577239990234,0.011573148891329765,2.911700963973999,2.0233070850372314
549,42.91222381591797,0.011428963392972946,2.9264016151428223,2.040203094482422
550,42.32526779174805,0.011167719960212708,2.9380710124969482,2.038623571395874
551,41.97462844848633,0.010950967669487,2.946300983428955,2.0437116622924805
552,42.103233337402344,0.010842792689800262,2.949882984161377,2.075925827026367
553,42.609291076660156,0.010885734111070633,2.949573040008545,2.10797381401062
554,43.10115051269531,0.010964352637529373,2.9432499408721924,2.1555285453796387
555,43.11315155029297,0.010936456732451916,2.9297101497650146,2.2018840312957764
556,42.57175827026367,0.010836802423000336,2.9101922512054443,2.259857654571533
557,41.900211334228516,0.010734611190855503,2.8850560188293457,2.3036327362060547
558,41.55371856689453,0.010750586166977882,2.8557934761047363,2.319476366043091
559,41.65177917480469,0.01091160997748375,2.8248403072357178,2.3372910022735596
560,41.99739456176758,0.011120487935841084,2.7912216186523438,2.308255434036255
561,42.19563674926758,0.011251385323703289,2.7555737495422363,2.25456166267395
562,41.92010498046875,0.011197705753147602,2.7190423011779785,2.1910696029663086
563,41.272220611572266,0.010988276451826096,2.6805191040039062,2.1135964393615723
564,40.71548843383789,0.01076599769294262,2.6423285007476807,2.044888734817505
565,40.59330749511719,0.010657967999577522,2.6054773330688477,1.978773593902588
566,40.89672088623047,0.010657955892384052,2.569236993789673,1.955592155456543
567,41.3692512512207,0.010744736529886723,2.5344910621643066,1.9356346130371094
568,41.64107894897461,0.010822747834026814,2.5006418228149414,1.9224629402160645
569,41.47791290283203,0.010798456147313118,2.4673573970794678,1.9611910581588745
570,41.0534782409668,0.010765163227915764,2.4362881183624268,1.9712097644805908
571,40.78184127807617,0.010799551382660866,2.4081432819366455,1.9906494617462158
572,40.890018463134766,0.010940710082650185,2.383432626724243,2.0446884632110596
573,41.30708312988281,0.011166369542479515,2.3636653423309326,2.0505118370056152
574,41.777870178222656,0.011367186903953552,2.347569465637207,2.073927640914917
575,41.96510696411133,0.011437696404755116,2.3346543312072754,2.1134657859802246
576,41.71034240722656,0.011330710723996162,2.3259522914886475,2.1036221981048584
577,41.241668701171875,0.011116393841803074,2.320302724838257,2.124204397201538
578,40.935970306396484,0.010917609557509422,2.318737268447876,2.147085428237915
579,40.96333312988281,0.010817429982125759,2.3220276832580566,2.1286773681640625
580,41.244163513183594,0.010791748762130737,2.3287692070007324,2.152156352996826
581,41.525543212890625,0.010804478079080582,2.3388781547546387,2.161776304244995
582,41.496253967285156,0.010787691920995712,2.3516643047332764,2.1439743041992188
583,41.06417465209961,0.01067778468132019,2.3661816120147705,2.171673059463501
584,40.5008430480957,0.010583499446511269,2.3833608627319336,2.1684253215789795
585,40.16769790649414,0.01057805772870779,2.4035086631774902,2.1559317111968994
586,40.19499969482422,0.010660702362656593,2.426116466522217,2.1816720962524414
587,40.45417022705078,0.010800924152135849,2.4519388675689697,2.1627073287963867
588,40.66850662231445,0.010885302908718586,2.4793336391448975,2.1545445919036865
589,40.569766998291016,0.010827301070094109,2.5072851181030273,2.1664016246795654
590,40.13919448852539,0.010642081499099731,2.5366010665893555,2.1292150020599365
591,39.68635559082031,0.010407080873847008,2.565915822982788,2.122560977935791
592,39.560462951660156,0.010249746963381767,2.595827102661133,2.1124954223632812
593,39.81435012817383,0.01023189164698124,2.626154899597168,2.0665979385375977
594,40.200069427490234,0.010245813056826591,2.654935359954834,2.067742109298706
595,40.40373992919922,0.010271644219756126,2.6816201210021973,2.042952537536621
596,40.2697639465332,0.01025205384939909,2.7051007747650146,2.018050193786621
597,39.908145904541016,0.010174107737839222,2.724789619445801,2.0345540046691895
598,39.63970184326172,0.01018543727695942,2.741673469543457,2.0193233489990234
599,39.731937408447266,0.010284565389156342,2.7552003860473633,2.034613847732544
600,40.12345886230469,0.010451947338879108,2.7651968002319336,2.059413433074951
601,40.45668411254883,0.01058981567621231,2.7716891765594482,2.0652854442596436
602,40.423728942871094,0.010561918839812279,2.77280855178833,2.0917251110076904
603,40.05445098876953,0.010412250645458698,2.7697255611419678,2.0997769832611084
604,39.65522384643555,0.010228272527456284,2.7624220848083496,2.102266311645508
605,39.5177001953125,0.010090740397572517,2.7510340213775635,2.106036424636841
606,39.68257522583008,0.010078564286231995,2.7365212440490723,2.098081588745117
607,39.9271240234375,0.01009396556764841,2.7178266048431396,2.094158411026001
608,39.952674865722656,0.010094412602484226,2.695039749145508,2.089141845703125
609,39.635765075683594,0.010058840736746788,2.6684794425964355,2.0820932388305664
610,39.14634704589844,0.009983940050005913,2.638714551925659,2.079599142074585
611,38.81768798828125,0.010005095973610878,2.607593297958374,2.070012092590332
612,38.85346603393555,0.010123282670974731,2.5757133960723877,2.059615135192871
613,39.1324577331543,0.01029251515865326,2.5436441898345947,2.04671573638916
614,39.32161331176758,0.010411474853754044,2.512162923812866,2.0169172286987305
615,39.19704055786133,0.010387657210230827,2.4804601669311523,1.9975470304489136
616,38.848331451416016,0.010264847427606583,2.450120210647583,1.9636527299880981
617,38.574520111083984,0.010132371447980404,2.4214720726013184,1.9327319860458374
618,38.600990295410156,0.010061673820018768,2.3950490951538086,1.9242457151412964
619,38.894195556640625,0.010094632394611835,2.3715527057647705,1.8923933506011963
620,39.21339416503906,0.010139131918549538,2.3501906394958496,1.8981902599334717
621,39.314979553222656,0.010169428773224354,2.330981492996216,1.8958476781845093
622,39.141021728515625,0.010167006403207779,2.3139734268188477,1.8885613679885864
623,38.856563568115234,0.010146433487534523,2.2995362281799316,1.9158101081848145
624,38.715736389160156,0.01020408608019352,2.288839340209961,1.9058910608291626
625,38.846588134765625,0.010323558002710342,2.281911849975586,1.9238699674606323
626,39.12548065185547,0.010464790277183056,2.279020071029663,1.935566782951355
627,39.27323913574219,0.01053372211754322,2.280097246170044,1.9243371486663818
628,39.10791015625,0.010461205616593361,2.2842085361480713,1.9472579956054688
629,38.718467712402344,0.010291079059243202,2.2922916412353516,1.930912733078003
630,38.3853759765625,0.010104233399033546,2.3038697242736816,1.9345730543136597
631,38.321807861328125,0.00998297706246376,2.319157123565674,1.9411343336105347
632,38.48278045654297,0.009953455068171024,2.3377318382263184,1.9208284616470337
633,38.61742401123047,0.009920192882418633,2.35835337638855,1.9414820671081543
634,38.504676818847656,0.009881626814603806,2.380328416824341,1.9253495931625366
635,38.155975341796875,0.009798645973205566,2.403069257736206,1.9318277835845947
636,37.8006477355957,0.009741686284542084,2.4266717433929443,1.9415761232376099
637,37.67924499511719,0.009779853746294975,2.45153546333313,1.9270168542861938
638,37.82931900024414,0.009865056723356247,2.4772233963012695,1.9500352144241333
639,38.054298400878906,0.00996677577495575,2.5038487911224365,1.9330663681030273
640,38.10358428955078,0.009966590441763401,2.530118465423584,1.941165566444397
641,37.906005859375,0.009860438294708729,2.555858612060547,1.938464879989624
642,37.63509750366211,0.009711001068353653,2.580803155899048,1.9216467142105103
643,37.54599380493164,0.009576371870934963,2.6043388843536377,1.9322928190231323
644,37.72755432128906,0.00955894123762846,2.626100540161133,1.9065155982971191
645,38.01130676269531,0.009556629694998264,2.6446280479431152,1.9179222583770752
646,38.125335693359375,0.009574996307492256,2.658734083175659,1.9053212404251099
647,37.959075927734375,0.009538852609694004,2.6677334308624268,1.9073727130889893
648,37.669315338134766,0.009497851133346558,2.671731472015381,1.915176510810852
649,37.523963928222656,0.009540519677102566,2.6714353561401367,1.907800555229187
650,37.63383102416992,0.009626997634768486,2.6673266887664795,1.9252125024795532
651,37.83955001831055,0.009755460545420647,2.660064458847046,1.9124326705932617
652,37.868614196777344,0.009773951023817062,2.649226665496826,1.9220199584960938
653,37.61064147949219,0.009696061722934246,2.6355655193328857,1.9061083793640137
654,37.22963333129883,0.00953845027834177,2.6191389560699463,1.899093747138977
655,37.00275802612305,0.009413075633347034,2.6005990505218506,1.885332465171814
656,37.0488166809082,0.009377293288707733,2.5799472332000732,1.865108847618103
657,37.21643829345703,0.009376554749906063,2.5568835735321045,1.8589470386505127
658,37.24172592163086,0.009405642747879028,2.530855894088745,1.8321566581726074
659,37.01743698120117,0.00936240516602993,2.502408504486084,1.8327820301055908
660,36.69621658325195,0.009367053396999836,2.4721834659576416,1.8052889108657837
661,36.534751892089844,0.009402237832546234,2.441896677017212,1.8067889213562012
662,36.63589096069336,0.009534580633044243,2.41278338432312,1.7837570905685425
663,36.851463317871094,0.009664012119174004,2.385653495788574,1.7778534889221191
664,36.93506622314453,0.009723445400595665,2.361081838607788,1.7618675231933594
665,36.791019439697266,0.009675492532551289,2.3394052982330322,1.7435773611068726
666,36.56468200683594,0.009562209248542786,2.3209726810455322,1.7374335527420044
667,36.48833465576172,0.009483078494668007,2.3060295581817627,1.709580421447754
668,36.64409637451172,0.009451049380004406,2.294323682785034,1.7154862880706787
669,36.874385833740234,0.009489249438047409,2.2847838401794434,1.684468388557434
670,36.940216064453125,0.009481409564614296,2.277132272720337,1.6995840072631836
671,36.756256103515625,0.00947638787329197,2.270442008972168,1.670946717262268
672,36.47386169433594,0.009442770853638649,2.2659103870391846,1.6885038614273071
673,36.32429504394531,0.009486395865678787,2.263991355895996,1.6673855781555176
674,36.38490295410156,0.00956746470183134,2.265869617462158,1.6799910068511963
675,36.504310607910156,0.00964690838009119,2.271883010864258,1.6691585779190063
676,36.4616584777832,0.009635413065552711,2.28208589553833,1.671541452407837
677,36.19923400878906,0.009518356993794441,2.2963974475860596,1.6712976694107056
678,35.88582229614258,0.0093563012778759,2.3145899772644043,1.662835955619812
679,35.746707916259766,0.009218593128025532,2.336171865463257,1.6740076541900635
680,35.831329345703125,0.009171562269330025,2.359703302383423,1.6565619707107544
681,35.96648406982422,0.009132400155067444,2.384126663208008,1.6800072193145752
682,35.94158172607422,0.009133579209446907,2.4070136547088623,1.6527714729309082
683,35.741275787353516,0.00906156562268734,2.4290390014648438,1.689308762550354
684,35.56201171875,0.009095696732401848,2.448916435241699,1.6495370864868164
685,35.594486236572266,0.009122679010033607,2.468914270401001,1.698898196220398
686,35.799522399902344,0.009263355284929276,2.4882941246032715,1.647983431816101
687,35.92647933959961,0.009280073456466198,2.5080785751342773,1.7006168365478516
688,35.7757682800293,0.00924554280936718,2.527462959289551,1.6528728008270264
689,35.4362907409668,0.00906575471162796,2.5465352535247803,1.6850402355194092
690,35.2066650390625,0.00893680565059185,2.5642223358154297,1.6660568714141846
691,35.28895950317383,0.008889161050319672,2.579606056213379,1.6582542657852173
692,35.577144622802734,0.008885093964636326,2.5914103984832764,1.6774959564208984
693,35.76764678955078,0.00897255539894104,2.5965523719787598,1.6338722705841064
694,35.655460357666016,0.008896815590560436,2.5968661308288574,1.6737109422683716
695,35.313560485839844,0.008912800811231136,2.589829206466675,1.6207716464996338
696,35.022918701171875,0.00886387750506401,2.5796351432800293,1.6455894708633423
697,34.99131393432617,0.008941615000367165,2.5660340785980225,1.6219704151153564
698,35.13975143432617,0.009042278863489628,2.5509581565856934,1.602340817451477
699,35.20430374145508,0.00905598420649767,2.5353662967681885,1.6208200454711914
700,35.0218620300293,0.009017282165586948,2.518911123275757,1.5661174058914185
701,34.69115447998047,0.008841870352625847,2.50308895111084,1.5960757732391357
702,34.46099853515625,0.008752303197979927,2.4857442378997803,1.5513077974319458
703,34.48647689819336,0.008710436522960663,2.4674363136291504,1.5472475290298462
704,34.640098571777344,0.008729320950806141,2.44669246673584,1.5481748580932617
705,34.66132354736328,0.008802175521850586,2.4219539165496826,1.5009058713912964
706,34.44994354248047,0.00876423716545105,2.396805763244629,1.5303643941879272
707,34.17974853515625,0.008801578544080257,2.369790554046631,1.4808417558670044
708,34.12810516357422,0.008858532644808292,2.345414400100708,1.4872735738754272
709,34.334415435791016,0.008977893739938736,2.324069023132324,1.483747124671936
710,34.52409744262695,0.009068066254258156,2.3065309524536133,1.4430748224258423
711,34.4290885925293,0.009011032059788704,2.2945077419281006,1.4753490686416626
712,34.11607360839844,0.008887441828846931,2.2860615253448486,1.4270095825195312
713,33.943607330322266,0.008764781057834625,2.2823991775512695,1.4373592138290405
714,34.102745056152344,0.008748454973101616,2.2811760902404785,1.4366308450698853
715,34.35219192504883,0.008812914602458477,2.280036449432373,1.3999032974243164
716,34.313316345214844,0.008774854242801666,2.2807230949401855,1.4374444484710693
717,33.95285415649414,0.008739029988646507,2.2794604301452637,1.3964329957962036
718,33.650962829589844,0.008702659979462624,2.280747413635254,1.4114476442337036
719,33.70221710205078,0.008775711059570312,2.2846486568450928,1.4221903085708618
720,33.92436218261719,0.008894586935639381,2.2919418811798096,1.3881272077560425
721,33.908447265625,0.00888079684227705,2.305377960205078,1.4338610172271729
722,33.56380844116211,0.008759979158639908,2.322498321533203,1.3986546993255615
723,33.23978805541992,0.008595680817961693,2.3447952270507812,1.4108304977416992
724,33.23585510253906,0.008500565774738789,2.370479106903076,1.4310439825057983
725,33.41709518432617,0.008511205203831196,2.395800828933716,1.393720269203186
726,33.437721252441406,0.008427876979112625,2.422180652618408,1.4429429769515991
727,33.20834732055664,0.008380858227610588,2.443411111831665,1.416567087173462
728,32.99098587036133,0.00833783857524395,2.462305784225464,1.4262241125106812
729,32.99753189086914,0.008360560052096844,2.4793174266815186,1.4616795778274536
730,33.1296501159668,0.008480148389935493,2.4935920238494873,1.4233869314193726
731,33.164913177490234,0.008484119549393654,2.510179042816162,1.4783796072006226
732,33.07032012939453,0.008468728512525558,2.5262205600738525,1.4602959156036377
733,32.98649215698242,0.008411746472120285,2.543433666229248,1.4591009616851807
734,32.978939056396484,0.008314719423651695,2.5617105960845947,1.5048223733901978
735,32.9798698425293,0.00829206220805645,2.5761754512786865,1.457013726234436
736,32.95193862915039,0.008183485828340054,2.5892674922943115,1.507401704788208
737,32.936885833740234,0.008167054504156113,2.594693899154663,1.499666452407837
738,32.930152893066406,0.008197840303182602,2.59279203414917,1.4855808019638062
739,32.842262268066406,0.00816434808075428,2.586472749710083,1.5476166009902954
740,32.66849899291992,0.008222629316151142,2.572861909866333,1.4994261264801025
741,32.56706237792969,0.008219357579946518,2.559523582458496,1.5474679470062256
742,32.63031005859375,0.008270690217614174,2.5453314781188965,1.5589407682418823
743,32.68503189086914,0.008314095437526703,2.5314815044403076,1.524255633354187
744,32.52055740356445,0.008196950890123844,2.5213797092437744,1.5948269367218018
745,32.23836898803711,0.008103516884148121,2.509800672531128,1.5415691137313843
746,32.16404724121094,0.008017442189157009,2.4996049404144287,1.565401315689087
747,32.34841537475586,0.008018698543310165,2.4874987602233887,1.5947896242141724
748,32.45392990112305,0.008095314726233482,2.4697635173797607,1.5384045839309692
749,32.24840545654297,0.00801991205662489,2.45219349861145,1.6114238500595093
750,31.972808837890625,0.008026921190321445,2.4303035736083984,1.5751261711120605
751,31.99432373046875,0.008099518716335297,2.4103705883026123,1.5752832889556885
752,32.237945556640625,0.008195674046874046,2.39510178565979,1.630814552307129
753,32.29996109008789,0.008265547454357147,2.3825039863586426,1.5595039129257202
754,32.059635162353516,0.00815599039196968,2.3784444332122803,1.6142140626907349
755,31.843551635742188,0.008054891601204872,2.3784799575805664,1.5938992500305176
756,31.899126052856445,0.008032298646867275,2.3821966648101807,1.5514771938323975
757,32.03978729248047,0.007981818169355392,2.390737533569336,1.6109689474105835
758,31.974803924560547,0.007979176938533783,2.395805835723877,1.5385191440582275
759,31.746341705322266,0.007899553515017033,2.402522087097168,1.5639269351959229
760,31.599700927734375,0.007882436737418175,2.4081811904907227,1.5770909786224365
761,31.584197998046875,0.007960421033203602,2.412910223007202,1.5169460773468018
762,31.546430587768555,0.007956763729453087,2.4240710735321045,1.579418659210205
763,31.427879333496094,0.007963666692376137,2.4371118545532227,1.5282857418060303
764,31.3147029876709,0.007916140370070934,2.456602096557617,1.5193597078323364
765,31.227792739868164,0.007819898426532745,2.4821531772613525,1.5516729354858398
766,31.104389190673828,0.0077589042484760284,2.5080554485321045,1.4783172607421875
767,30.97942543029785,0.00762137770652771,2.5383517742156982,1.5186408758163452
768,30.961660385131836,0.007583316415548325,2.5645968914031982,1.4960408210754395
769,31.00299644470215,0.0076047214679419994,2.5863709449768066,1.4666160345077515
770,30.92544174194336,0.007550953887403011,2.606572151184082,1.5161086320877075
771,30.731096267700195,0.0075757778249681,2.6193149089813232,1.4659637212753296
772,30.649089813232422,0.007564349099993706,2.6333932876586914,1.4939357042312622
773,30.77446746826172,0.007610198110342026,2.6467478275299072,1.5074979066848755
774,30.86763572692871,0.007655952591449022,2.658935070037842,1.4791300296783447
775,30.710941314697266,0.007529674097895622,2.674935817718506,1.5329375267028809
776,30.475576400756836,0.007432898972183466,2.6867096424102783,1.5206936597824097
777,30.470211029052734,0.007368347607553005,2.6971445083618164,1.545899748802185
778,30.644454956054688,0.007349558640271425,2.7034053802490234,1.5865113735198975
779,30.651369094848633,0.007389593869447708,2.6991615295410156,1.5857453346252441
780,30.38638687133789,0.007296307943761349,2.6924939155578613,1.622598648071289
781,30.162796020507812,0.007295008283108473,2.6779897212982178,1.6273564100265503
782,30.22007942199707,0.00737172644585371,2.6614763736724854,1.6306394338607788
783,30.351417541503906,0.007418808527290821,2.6475400924682617,1.6496257781982422
784,30.234359741210938,0.00742032565176487,2.631721258163452,1.6368718147277832
785,29.93769645690918,0.007297253701835871,2.621415376663208,1.6457363367080688
786,29.804073333740234,0.007220073603093624,2.6116890907287598,1.6429396867752075
787,29.90673065185547,0.00723724439740181,2.6007163524627686,1.6246206760406494
788,29.958545684814453,0.007200959138572216,2.5923023223876953,1.6252466440200806
789,29.77804946899414,0.00719526968896389,2.5774569511413574,1.5874247550964355
790,29.562231063842773,0.00716912979260087,2.5635178089141846,1.5661808252334595
791,29.540273666381836,0.007208266295492649,2.550522565841675,1.5550806522369385
792,29.618820190429688,0.007313644513487816,2.5376272201538086,1.5057321786880493
793,29.571372985839844,0.007306911051273346,2.533919334411621,1.5221072435379028
794,29.39949607849121,0.007267890498042107,2.533823013305664,1.4947566986083984
795,29.281232833862305,0.007209027651697397,2.5405325889587402,1.4774457216262817
796,29.255630493164062,0.007122070528566837,2.5550155639648438,1.509963035583496
797,29.20458221435547,0.00709404144436121,2.5687003135681152,1.4655662775039673
798,29.089841842651367,0.007003707345575094,2.587200880050659,1.4943032264709473
799,28.979887008666992,0.0069632818922400475,2.604005813598633,1.5020400285720825
800,28.88641929626465,0.0069847069680690765,2.618593215942383,1.4741082191467285
801,28.763174057006836,0.006935798563063145,2.6383659839630127,1.533936858177185
802,28.644641876220703,0.0069502778351306915,2.657052516937256,1.5064042806625366
803,28.603540420532227,0.006930580362677574,2.681934356689453,1.5233707427978516
804,28.576560974121094,0.006867090240120888,2.7123570442199707,1.5655043125152588
805,28.4475154876709,0.006815582513809204,2.7427031993865967,1.5222704410552979
806,28.284629821777344,0.006665383465588093,2.778728485107422,1.5755140781402588
807,28.260080337524414,0.006616814993321896,2.8104615211486816,1.5683237314224243
808,28.339576721191406,0.006631709635257721,2.8373825550079346,1.5535759925842285
809,28.29960823059082,0.006563649978488684,2.862065553665161,1.6125472784042358
810,28.102970123291016,0.006574083119630814,2.876304864883423,1.5718284845352173
811,27.986867904663086,0.006540773436427116,2.8902499675750732,1.6047509908676147
812,28.062393188476562,0.006565514020621777,2.901686668395996,1.6264065504074097
813,28.101734161376953,0.006613606587052345,2.909660577774048,1.5845537185668945
814,27.908395767211914,0.006486448459327221,2.921510934829712,1.6378164291381836
815,27.65666389465332,0.006406853906810284,2.9279327392578125,1.6023108959197998
816,27.60757827758789,0.006361901760101318,2.932278633117676,1.5936833620071411
817,27.666919708251953,0.006318205036222935,2.933436393737793,1.6282141208648682
818,27.545700073242188,0.006344799883663654,2.9231855869293213,1.5718231201171875
819,27.250625610351562,0.006249820813536644,2.911726951599121,1.6075375080108643
820,27.077117919921875,0.0062512001022696495,2.8942301273345947,1.5986888408660889
821,27.115196228027344,0.0063316780142486095,2.874922513961792,1.5640816688537598
822,27.110036849975586,0.006316177546977997,2.861525058746338,1.6088491678237915
823,26.89934730529785,0.006292812991887331,2.8470981121063232,1.5546785593032837
824,26.677196502685547,0.006197512149810791,2.8392608165740967,1.5586351156234741
825,26.656028747558594,0.006144109182059765,2.8345186710357666,1.5675699710845947
826,26.71570587158203,0.00617941003292799,2.827228546142578,1.5109734535217285
827,26.617677688598633,0.006105359643697739,2.8245182037353516,1.5478533506393433
828,26.39786148071289,0.006084092892706394,2.817233085632324,1.5167665481567383
829,26.27979278564453,0.006093932315707207,2.8115992546081543,1.501678705215454
830,26.294273376464844,0.006104794330894947,2.8119239807128906,1.5358225107192993
831,26.246112823486328,0.006144367158412933,2.8133347034454346,1.4852169752120972
832,26.0443058013916,0.006057228893041611,2.8257572650909424,1.5108293294906616
833,25.840648651123047,0.005965058691799641,2.843212366104126,1.5046402215957642
834,25.761693954467773,0.005916863679885864,2.864245891571045,1.4733318090438843
835,25.715335845947266,0.00581769784912467,2.8923754692077637,1.512569785118103
836,25.563674926757812,0.005777719430625439,2.9155399799346924,1.4803885221481323
837,25.349586486816406,0.005696672014892101,2.940281867980957,1.495120644569397
838,25.21869468688965,0.005652737803757191,2.9640045166015625,1.5162196159362793
839,25.183937072753906,0.005689731799066067,2.984278678894043,1.4916661977767944
840,25.11521339416504,0.005638078786432743,3.0112805366516113,1.5322898626327515
841,24.958742141723633,0.0055910805240273476,3.0367846488952637,1.522475004196167
842,24.81686019897461,0.005511339753866196,3.06540584564209,1.5295685529708862
843,24.77650260925293,0.005417779553681612,3.0964019298553467,1.56148099899292
844,24.763330459594727,0.005404872819781303,3.119680881500244,1.5474755764007568
845,24.65517234802246,0.005310685373842716,3.1424660682678223,1.5773448944091797
846,24.47940444946289,0.005267973057925701,3.154867649078369,1.5786077976226807
847,24.366853713989258,0.005269836634397507,3.1602299213409424,1.5734601020812988
848,24.333532333374023,0.0052531324326992035,3.165050983428955,1.5945019721984863
849,24.244739532470703,0.005277375690639019,3.1628713607788086,1.572543978691101
850,24.0339298248291,0.005195644684135914,3.164987564086914,1.5841761827468872
851,23.826385498046875,0.005114356521517038,3.1658244132995605,1.5826548337936401
852,23.739938735961914,0.005083752796053886,3.163954257965088,1.565242052078247
853,23.689579010009766,0.005013031419366598,3.1642825603485107,1.581011414527893
854,23.523778915405273,0.004997564945369959,3.1548774242401123,1.5530478954315186
855,23.286945343017578,0.004939093254506588,3.1451075077056885,1.551469087600708
856,23.158811569213867,0.004931917414069176,3.133040189743042,1.5492892265319824
857,23.154891967773438,0.004992268048226833,3.119133710861206,1.5193333625793457
858,23.09002113342285,0.0049673886969685555,3.114666700363159,1.5409352779388428
859,22.88172721862793,0.00492128636687994,3.1114635467529297,1.5150195360183716
860,22.693246841430664,0.004837492480874062,3.1165919303894043,1.515016794204712
861,22.658157348632812,0.004777135793119669,3.127312183380127,1.5287750959396362
862,22.64641571044922,0.004777750000357628,3.135608196258545,1.4993664026260376
863,22.474058151245117,0.004690862726420164,3.1497037410736084,1.530063271522522
864,22.212167739868164,0.004643878433853388,3.159392833709717,1.5173884630203247
865,22.072887420654297,0.004624866880476475,3.1722545623779297,1.5199968814849854
866,22.05105209350586,0.004607564304023981,3.191981315612793,1.5522159337997437
867,21.93303871154785,0.004586240276694298,3.2128560543060303,1.5271750688552856
868,21.662822723388672,0.004449301864951849,3.2451794147491455,1.5626335144042969
869,21.442419052124023,0.004344329237937927,3.2783756256103516,1.5596214532852173
870,21.393348693847656,0.004294584505259991,3.312180519104004,1.5560835599899292
871,21.3557186126709,0.004220645409077406,3.3471055030822754,1.5939702987670898
872,21.167009353637695,0.004191205371171236,3.37105393409729,1.5727533102035522
873,20.93627166748047,0.004103080835193396,3.396038293838501,1.6079823970794678
874,20.845237731933594,0.004085029475390911,3.416116237640381,1.6172291040420532
875,20.83571434020996,0.0040921843610703945,3.4348104000091553,1.6105785369873047
876,20.72049331665039,0.004005370195955038,3.4591660499572754,1.6496503353118896
877,20.4990234375,0.003937574103474617,3.477358818054199,1.6245765686035156
878,20.33255386352539,0.003835538402199745,3.497612476348877,1.6463452577590942
879,20.25358772277832,0.0037875445559620857,3.510136127471924,1.6539312601089478
880,20.13677215576172,0.0037785409949719906,3.5117123126983643,1.6382681131362915
881,19.934871673583984,0.0037012016400694847,3.5118112564086914,1.676277756690979
882,19.735647201538086,0.0036957585252821445,3.501560688018799,1.6553508043289185
883,19.588041305541992,0.0036567796487361193,3.495635509490967,1.672603964805603
884,19.444494247436523,0.003607175312936306,3.4920480251312256,1.683393955230713
885,19.28573989868164,0.003568173386156559,3.4880945682525635,1.658524990081787
886,19.14414405822754,0.003475566627457738,3.4917848110198975,1.6888537406921387
887,19.006296157836914,0.0034460227470844984,3.4878766536712646,1.6652207374572754
888,18.841495513916016,0.003393198363482952,3.4841737747192383,1.6748542785644531
889,18.694717407226562,0.0033553228713572025,3.4785685539245605,1.6931771039962769
890,18.61029624938965,0.003374967025592923,3.4690871238708496,1.672967553138733
891,18.509967803955078,0.003333733882755041,3.470799684524536,1.7093310356140137
892,18.309659957885742,0.0032826396636664867,3.474277973175049,1.6942704916000366
893,18.094898223876953,0.0031927565578371286,3.487656593322754,1.6998140811920166
894,17.986034393310547,0.0031117070466279984,3.5077402591705322,1.7202999591827393
895,17.904521942138672,0.0030845729634165764,3.52310848236084,1.6981617212295532
896,17.69611358642578,0.0029827826656401157,3.542935609817505,1.7339317798614502
897,17.420440673828125,0.002916730707511306,3.554159164428711,1.7294609546661377
898,17.262561798095703,0.0028749359771609306,3.566490888595581,1.7398113012313843
899,17.20229721069336,0.0028355582617223263,3.5843751430511475,1.7708278894424438
900,17.055068969726562,0.0027937081176787615,3.6011483669281006,1.7532380819320679
901,16.81027603149414,0.0026662505697458982,3.629023313522339,1.7857660055160522
902,16.638120651245117,0.0025897277519106865,3.6524810791015625,1.7806675434112549
903,16.57186508178711,0.002547311596572399,3.6724131107330322,1.7833417654037476
904,16.470806121826172,0.0024829842150211334,3.68811297416687,1.8126581907272339
905,16.293367385864258,0.0024612480774521828,3.6890385150909424,1.7966742515563965
906,16.130878448486328,0.002397983567789197,3.6931495666503906,1.8293404579162598
907,16.001331329345703,0.0023694797419011593,3.692784309387207,1.8274929523468018
908,15.849635124206543,0.0023192758671939373,3.695754289627075,1.8255391120910645
909,15.6982421875,0.0022352307569235563,3.7049551010131836,1.8480491638183594
910,15.577404975891113,0.0022053944412618876,3.7052652835845947,1.8231443166732788
911,15.416732788085938,0.002127834130078554,3.7070469856262207,1.846260905265808
912,15.19879150390625,0.0020793648436665535,3.696239471435547,1.8411712646484375
913,15.048978805541992,0.0020577488467097282,3.6805453300476074,1.838687539100647
914,15.001312255859375,0.0020430919248610735,3.6695902347564697,1.8638815879821777
915,14.90221118927002,0.0020348718389868736,3.6567375659942627,1.840644121170044
916,14.697586059570312,0.0019500512862578034,3.658266067504883,1.862168788909912
917,14.547550201416016,0.0018918488640338182,3.659996271133423,1.8528006076812744
918,14.517523765563965,0.0018705942202359438,3.662073850631714,1.8461769819259644
919,14.46226978302002,0.0018328644800931215,3.664910316467285,1.869884729385376
920,14.315326690673828,0.0018132664263248444,3.6563429832458496,1.8506553173065186
921,14.178744316101074,0.0017691971734166145,3.6558563709259033,1.8807672262191772
922,14.086944580078125,0.0017474384512752295,3.6558995246887207,1.8785693645477295
923,13.974428176879883,0.001701099332422018,3.665489673614502,1.8791558742523193
924,13.864904403686523,0.0016311281360685825,3.6866908073425293,1.902389407157898
925,13.800565719604492,0.0015961574390530586,3.7031993865966797,1.8816404342651367
926,13.697638511657715,0.001531288493424654,3.724803924560547,1.911907434463501
927,13.525230407714844,0.0014821626245975494,3.7341413497924805,1.908735990524292
928,13.423396110534668,0.0014534259680658579,3.7420852184295654,1.919779658317566
929,13.433685302734375,0.0014476589858531952,3.7547268867492676,1.9463937282562256
930,13.401296615600586,0.0014326900709420443,3.7670750617980957,1.93088960647583
931,13.281728744506836,0.0013618801021948457,3.7942962646484375,1.9613850116729736
932,13.202096939086914,0.0013184379786252975,3.815603494644165,1.9459441900253296
933,13.175030708312988,0.0012868168996647,3.836650848388672,1.9568523168563843
934,13.117490768432617,0.0012599078472703695,3.8493502140045166,1.971229076385498
935,13.07307243347168,0.0012587138917297125,3.850710153579712,1.9600937366485596
936,13.07205581665039,0.001253116293810308,3.8599765300750732,1.9934070110321045
937,13.00151252746582,0.0012318461667746305,3.865866184234619,1.9715811014175415
938,12.854267120361328,0.0011658323928713799,3.886025905609131,1.9884488582611084
939,12.784384727478027,0.0011237633880227804,3.904930830001831,1.9803680181503296
940,12.791711807250977,0.0011123844888061285,3.9195075035095215,1.970189094543457
941,12.7510986328125,0.001089728670194745,3.9319024085998535,1.992134928703308
942,12.69417667388916,0.001083945739082992,3.9310598373413086,1.9689818620681763
943,12.677377700805664,0.0010775282280519605,3.9419198036193848,2.000737190246582
944,12.616579055786133,0.0010532594751566648,3.9526443481445312,1.9793726205825806
945,12.514057159423828,0.0010029764380306005,3.978459358215332,1.9877312183380127
946,12.501285552978516,0.0009751225588843226,4.007866859436035,1.9864048957824707
947,12.541668891906738,0.0009720087982714176,4.032514572143555,1.9702765941619873
948,12.51124095916748,0.0009503694018349051,4.058850288391113,1.9992320537567139
949,12.46431827545166,0.0009374351357109845,4.073153495788574,1.975501537322998
950,12.445672988891602,0.0009242153610102832,4.102243900299072,2.0128378868103027
951,12.362211227416992,0.0008844939293339849,4.132032871246338,1.9913694858551025
952,12.244584083557129,0.0008260759059339762,4.1781206130981445,2.007159948348999
953,12.220741271972656,0.0007949068676680326,4.2246413230896,2.0043952465057373
954,12.233490943908691,0.0007817834848538041,4.265965938568115,1.9989891052246094
955,12.20669937133789,0.0007574094925075769,4.305201530456543,2.026992082595825
956,12.230062484741211,0.000757812347728759,4.3325018882751465,2.0082144737243652
957,12.291350364685059,0.0007583159022033215,4.374392509460449,2.0498430728912354
958,12.273521423339844,0.0007376698195002973,4.412078380584717,2.0183944702148438
959,12.237564086914062,0.0007011384586803615,4.466991901397705,2.051769495010376
960,12.2579345703125,0.0006958790472708642,4.508373737335205,2.0256173610687256
961,12.241950988769531,0.0006710750749334693,4.548988342285156,2.0484957695007324
962,12.200895309448242,0.0006504912162199616,4.574008941650391,2.04386305809021
963,12.244927406311035,0.0006509185768663883,4.597933292388916,2.0502233505249023
964,12.306474685668945,0.0006546303629875183,4.6274518966674805,2.060885190963745
965,12.328048706054688,0.0006515748100355268,4.6584858894348145,2.0425169467926025
966,12.414531707763672,0.0006597744068130851,4.699316501617432,2.064110040664673
967,12.544745445251465,0.0006987569504417479,4.722683906555176,2.0322105884552
968,12.618537902832031,0.0006986840162426233,4.749842643737793,2.0690677165985107
969,12.70937442779541,0.0007244226289913058,4.755223274230957,2.0317208766937256
970,12.839043617248535,0.0007440925692208111,4.779879570007324,2.0759992599487305
971,12.889654159545898,0.0007569172885268927,4.795765399932861,2.0334694385528564
972,12.895013809204102,0.0007462736684828997,4.835289478302002,2.0702521800994873
973,12.938520431518555,0.0007642371347174048,4.860016345977783,2.0374152660369873
974,12.947385787963867,0.0007512860465794802,4.889950275421143,2.0622377395629883
975,12.930721282958984,0.0007381559116765857,4.904478549957275,2.0535309314727783
976,13.001415252685547,0.0007433167775161564,4.9212164878845215,2.060620069503784
977,13.103633880615234,0.0007598782540298998,4.945712566375732,2.074019432067871
978,13.173385620117188,0.0007790174568071961,4.971999168395996,2.0569403171539307
979,13.294309616088867,0.0008032899349927902,5.011268138885498,2.0857133865356445
980,13.428367614746094,0.0008522997377440333,5.029988765716553,2.0546483993530273
981,13.469111442565918,0.0008388250134885311,5.053801536560059,2.0940115451812744
982,13.475055694580078,0.0008423273684456944,5.0519328117370605,2.0601541996002197
983,13.476495742797852,0.0008254301501438022,5.0652852058410645,2.094529151916504
984,13.403358459472656,0.0008123586885631084,5.069800853729248,2.0668323040008545
985,13.338239669799805,0.0007983263931237161,5.085061550140381,2.0751144886016846
986,13.372182846069336,0.000817837193608284,5.091601848602295,2.068713426589966
987,13.416800498962402,0.0008415051852352917,5.082379341125488,2.0494682788848877
988,13.442864418029785,0.0008390042930841446,5.069302558898926,2.071251630783081
989,13.489477157592773,0.0008629382937215269,5.038228988647461,2.031306266784668
990,13.461202621459961,0.0008550559869036078,5.024882793426514,2.062767505645752
991,13.32132339477539,0.0008377672638744116,5.002444744110107,2.017239570617676
992,13.209783554077148,0.000818706932477653,4.991846561431885,2.029707908630371
993,13.16419792175293,0.0008227511425502598,4.96800422668457,2.0119616985321045
994,13.14017391204834,0.0008265592041425407,4.933614730834961,1.995134711265564
995,13.171636581420898,0.0008364517707377672,4.900439739227295,2.0175483226776123
996,13.201951026916504,0.0008570965146645904,4.858765602111816,1.9751492738723755
997,13.104815483093262,0.0008401219383813441,4.838798522949219,2.0063652992248535
998,12.945135116577148,0.000814017781522125,4.8135600090026855,1.9670082330703735
999,12.858327865600586,0.0008030560566112399,4.7952141761779785,1.9713791608810425
1000,12.821632385253906,0.0008023820701055229,4.76861572265625,1.9735254049301147
1001,12.799394607543945,0.000807323434855789,4.728463649749756,1.9449357986450195
1002,12.782333374023438,0.0008085382869467139,4.6978654861450195,1.9788691997528076
1003,12.682476043701172,0.000793011742644012,4.6607184410095215,1.9389569759368896
1004,12.51880168914795,0.000760190247092396,4.641172885894775,1.9540706872940063
1005,12.45389461517334,0.0007567435968667269,4.619992256164551,1.9430363178253174
1006,12.489554405212402,0.0007837946177460253,4.590534210205078,1.9173318147659302
1007,12.47227668762207,0.0007869551191106439,4.56027364730835,1.943642020225525
1008,12.376169204711914,0.000776318775024265,4.5112175941467285,1.9046542644500732
1009,12.277164459228516,0.0007618173840455711,4.472780704498291,1.9209771156311035
1010,12.207186698913574,0.0007569078588858247,4.436346054077148,1.909285306930542
1011,12.190489768981934,0.0007672677165828645,4.403107166290283,1.8794691562652588
1012,12.188966751098633,0.0007776501588523388,4.378575325012207,1.8989156484603882
1013,12.093250274658203,0.0007681711576879025,4.336287498474121,1.8569800853729248
1014,11.951034545898438,0.0007406622753478587,4.294541835784912,1.8637242317199707
1015,11.921716690063477,0.0007482977816835046,4.248377323150635,1.8600261211395264
1016,11.95606803894043,0.0007728953496553004,4.2024617195129395,1.8250808715820312
1017,11.888219833374023,0.0007664448930881917,4.175593376159668,1.8449110984802246
1018,11.765166282653809,0.000741948839277029,4.146844863891602,1.8082765340805054
1019,11.732816696166992,0.0007425813819281757,4.123523235321045,1.7986085414886475
1020,11.750969886779785,0.0007568692089989781,4.098789691925049,1.8067820072174072
1021,11.70529556274414,0.0007598471129313111,4.062101364135742,1.7674508094787598
1022,11.612894058227539,0.0007460531778633595,4.036839962005615,1.7843507528305054
1023,11.552005767822266,0.0007398935267701745,4.014914035797119,1.7686482667922974
1024,11.534902572631836,0.0007421221816912293,4.002296447753906,1.7430202960968018
1025,11.503484725952148,0.0007337112328968942,4.004072189331055,1.7615277767181396
1026,11.416996955871582,0.0007170757162384689,3.997533082962036,1.7272980213165283
1027,11.332537651062012,0.0006983964703977108,3.9919049739837646,1.7260956764221191
1028,11.318605422973633,0.0007005496881902218,3.9841225147247314,1.7347757816314697
1029,11.309313774108887,0.0007113089668564498,3.9712226390838623,1.7011305093765259
1030,11.224053382873535,0.0006889232899993658,3.9733543395996094,1.716544508934021
1031,11.15075397491455,0.0006691505550406873,3.979278802871704,1.7040964365005493
1032,11.168950080871582,0.0006773130735382438,3.9870822429656982,1.679231882095337
1033,11.162988662719727,0.0006667784182354808,3.9991443157196045,1.6970411539077759
1034,11.068258285522461,0.0006504984339699149,3.99704647064209,1.6704117059707642
1035,11.02265453338623,0.0006440467550419271,3.992525815963745,1.6633023023605347
1036,11.058328628540039,0.0006548124365508556,3.9907376766204834,1.6749848127365112
1037,11.023447036743164,0.000656688236631453,3.9871110916137695,1.6419062614440918
1038,10.9288969039917,0.0006248081335797906,3.995495319366455,1.6469286680221558
1039,10.927583694458008,0.0006199408089742064,4.005047798156738,1.6431138515472412
1040,10.965604782104492,0.0006413858500309289,4.007392883300781,1.6128467321395874
1041,10.909219741821289,0.0006184321828186512,4.010096549987793,1.626572847366333
1042,10.856485366821289,0.0006148582906462252,4.003586769104004,1.6112478971481323
1043,10.909133911132812,0.0006426284089684486,3.997166395187378,1.5921902656555176
1044,10.935012817382812,0.0006441314471885562,4.001398086547852,1.6080634593963623
1045,10.877664566040039,0.0006357396487146616,4.007161617279053,1.5825495719909668
1046,10.885272979736328,0.0006359749822877347,4.019601821899414,1.5747736692428589
1047,10.955671310424805,0.0006439263233914971,4.033812046051025,1.5860363245010376
1048,10.941049575805664,0.0006545233190990984,4.038384914398193,1.5587598085403442
1049,10.898415565490723,0.0006399463745765388,4.043942928314209,1.5646010637283325
1050,10.949525833129883,0.0006528770318254828,4.050154685974121,1.5703566074371338
1051,10.989656448364258,0.0006763934507034719,4.057837009429932,1.5457096099853516
1052,10.943492889404297,0.0006489460356533527,4.077126979827881,1.5592621564865112
1053,10.946645736694336,0.0006427897606045008,4.098262786865234,1.55492103099823
1054,11.016450881958008,0.0006680887890979648,4.1163554191589355,1.5355035066604614
1055,11.01411247253418,0.0006488662911579013,4.133860111236572,1.553134560585022
1056,10.984149932861328,0.0006473245448432863,4.141974925994873,1.5421907901763916
1057,11.040262222290039,0.000671348359901458,4.147637844085693,1.531128168106079
1058,11.084948539733887,0.0006697560893371701,4.158507347106934,1.5490641593933105
1059,11.051307678222656,0.000667957472614944,4.169058799743652,1.5304490327835083
1060,11.061941146850586,0.0006677890196442604,4.183196067810059,1.5245857238769531
1061,11.118226051330566,0.000666129169985652,4.197211265563965,1.537479043006897
1062,11.102167129516602,0.0006771614425815642,4.200847625732422,1.5146831274032593
1063,11.072420120239258,0.0006680620135739446,4.200098991394043,1.516365885734558
1064,11.109161376953125,0.0006748138112016022,4.195967197418213,1.5260801315307617
1065,11.116812705993652,0.0006975001888349652,4.188939571380615,1.5022979974746704
1066,11.077366828918457,0.0006810175837017596,4.188788414001465,1.5093759298324585
1067,11.088766098022461,0.0006787856691516936,4.191819667816162,1.5120657682418823
1068,11.110370635986328,0.0006996048032306135,4.192699909210205,1.487473487854004
1069,11.081719398498535,0.0006809532642364502,4.193892478942871,1.4991461038589478
1070,11.077455520629883,0.0006824496085755527,4.189243793487549,1.498679280281067
1071,11.096942901611328,0.0007064159726724029,4.180301666259766,1.4794814586639404
1072,11.073051452636719,0.0006915322737768292,4.176342487335205,1.4972501993179321
1073,11.0576171875,0.0006903493776917458,4.1756720542907715,1.4930000305175781
1074,11.068065643310547,0.0007007205858826637,4.179778099060059,1.4757760763168335
1075,11.035902976989746,0.0006736373761668801,4.190211296081543,1.4936860799789429
1076,11.00765609741211,0.0006666359258815646,4.197578430175781,1.4853885173797607
1077,11.017791748046875,0.0006762851262465119,4.200962543487549,1.4735666513442993
1078,10.98411750793457,0.0006528592202812433,4.203888893127441,1.4953675270080566
1079,10.942081451416016,0.0006480616284534335,4.203821182250977,1.4872660636901855
1080,10.95857048034668,0.0006568495882675052,4.2067646980285645,1.4795156717300415
1081,10.93936538696289,0.0006351249176077545,4.21627950668335,1.4996628761291504
1082,10.885497093200684,0.0006220496143214405,4.225399971008301,1.4865667819976807
1083,10.897782325744629,0.0006254588952288032,4.233387470245361,1.4794117212295532
1084,10.897218704223633,0.0006107439985498786,4.2385406494140625,1.4987744092941284
1085,10.838104248046875,0.0006040381267666817,4.234882831573486,1.4866632223129272
1086,10.830974578857422,0.0006073368131183088,4.228386402130127,1.484282374382019
1087,10.836647033691406,0.0006014328682795167,4.2238850593566895,1.5041581392288208
1088,10.782073974609375,0.0005946608725935221,4.219146728515625,1.4895449876785278
1089,10.757898330688477,0.0005887861480005085,4.217732906341553,1.4851136207580566
1090,10.75767707824707,0.0005785981193184853,4.2178144454956055,1.500864028930664
1091,10.71473503112793,0.0005756967584602535,4.211452960968018,1.4850668907165527
1092,10.693359375,0.0005740055348724127,4.201398849487305,1.4834744930267334
1093,10.68785285949707,0.0005692836712114513,4.189998149871826,1.502261757850647
1094,10.651365280151367,0.0005701176123693585,4.176397323608398,1.489175796508789
1095,10.644458770751953,0.0005711428821086884,4.16802978515625,1.4879695177078247
1096,10.639360427856445,0.000563067733310163,4.166446685791016,1.5039511919021606
1097,10.59630012512207,0.0005544010200537741,4.165310382843018,1.488038420677185
1098,10.595196723937988,0.0005532465875148773,4.165307998657227,1.4852991104125977
1099,10.595014572143555,0.000546626397408545,4.16472053527832,1.5028049945831299
1100,10.542903900146484,0.0005376521730795503,4.1590423583984375,1.4919767379760742
1101,10.535054206848145,0.0005368487327359617,4.1548919677734375,1.4927871227264404
1102,10.539043426513672,0.0005328731494955719,4.1562323570251465,1.5119388103485107
1103,10.490503311157227,0.0005189186776988208,4.159854888916016,1.5003658533096313
1104,10.47746467590332,0.0005111845093779266,4.16806173324585,1.496734380722046
1105,10.480342864990234,0.0005028210580348969,4.178569316864014,1.5129449367523193
1106,10.446146011352539,0.00049288768786937,4.183022499084473,1.5031023025512695
1107,10.439165115356445,0.0004904149100184441,4.183722019195557,1.5015437602996826
1108,10.433271408081055,0.000484963646158576,4.183787822723389,1.5214662551879883
1109,10.406608581542969,0.0004786093777511269,4.181272029876709,1.5149879455566406
1110,10.410297393798828,0.0004784676420968026,4.18156623840332,1.5105712413787842
1111,10.391979217529297,0.00046793819637969136,4.186430931091309,1.526007890701294
1112,10.358652114868164,0.0004567846190184355,4.188230514526367,1.5169692039489746
1113,10.367927551269531,0.00045899872202426195,4.186415195465088,1.5095478296279907
1114,10.343849182128906,0.0004499439965002239,4.181969165802002,1.5260385274887085
1115,10.30312728881836,0.00044064130634069443,4.170987129211426,1.522355079650879
1116,10.311384201049805,0.0004448543186299503,4.158998012542725,1.516000747680664
1117,10.290441513061523,0.0004387062508612871,4.152271747589111,1.5315505266189575
1118,10.255472183227539,0.0004279610584490001,4.147067546844482,1.5265192985534668
1119,10.258831024169922,0.0004277559055481106,4.143409252166748,1.5146883726119995
1120,10.23883056640625,0.0004200860857963562,4.142133712768555,1.5270867347717285
1121,10.218582153320312,0.00041382183553650975,4.13644552230835,1.525818943977356
1122,10.215387344360352,0.00041281053563579917,4.127447128295898,1.5169260501861572
1123,10.185492515563965,0.00040364888263866305,4.121896743774414,1.5321366786956787
1124,10.176280975341797,0.00039936689427122474,4.118533134460449,1.5348771810531616
1125,10.169075965881348,0.0003936185094062239,4.118746757507324,1.5234882831573486
1126,10.127058029174805,0.0003780748229473829,4.125871658325195,1.5337618589401245
1127,10.122074127197266,0.0003723938425537199,4.133055210113525,1.5366780757904053
1128,10.116477966308594,0.0003669374855235219,4.136241436004639,1.525887131690979
1129,10.075325012207031,0.0003512284019961953,4.139227867126465,1.5376077890396118
1130,10.072704315185547,0.0003466115449555218,4.140167713165283,1.5467792749404907
1131,10.068450927734375,0.00034062343183904886,4.139763355255127,1.5379960536956787
1132,10.040132522583008,0.00032859010389074683,4.1444807052612305,1.5462751388549805
1133,10.039345741271973,0.00032436277251690626,4.151257514953613,1.553696870803833
1134,10.026481628417969,0.00031707267044112086,4.154689311981201,1.542042851448059
1135,10.009407043457031,0.00030921955476514995,4.156515121459961,1.5468206405639648
1136,10.009469985961914,0.0003063000622205436,4.153774738311768,1.557314395904541
1137,9.981626510620117,0.0002958924160338938,4.144229412078857,1.5493513345718384
1138,9.9686279296875,0.0002901126863434911,4.135250568389893,1.553346872329712
1139,9.971006393432617,0.00028981559444218874,4.128688335418701,1.5639400482177734
1140,9.936100959777832,0.0002788346027955413,4.1212286949157715,1.553707480430603
1141,9.925936698913574,0.000275955768302083,4.115274906158447,1.551728367805481
1142,9.930757522583008,0.00027716922340914607,4.108792304992676,1.561443567276001
1143,9.901493072509766,0.00026854482712224126,4.096188545227051,1.5543757677078247
1144,9.895244598388672,0.0002655998687259853,4.081827163696289,1.55348539352417
1145,9.89394760131836,0.0002642877516336739,4.069627285003662,1.5665340423583984
1146,9.872303009033203,0.0002568847266957164,4.0578227043151855,1.5620778799057007
1147,9.868766784667969,0.00025499833282083273,4.0498046875,1.557447910308838
1148,9.851823806762695,0.0002497447421774268,4.046286106109619,1.5677794218063354
1149,9.832637786865234,0.00024351550382561982,4.040287971496582,1.5646090507507324
1150,9.831954956054688,0.0002420367964077741,4.031337738037109,1.5600054264068604
1151,9.802358627319336,0.000230847712373361,4.022131443023682,1.5729933977127075
1152,9.784460067749023,0.00022354270913638175,4.010218143463135,1.575405478477478
1153,9.787220001220703,0.0002228872908744961,3.998269557952881,1.5704450607299805
1154,9.756341934204102,0.00021339842351153493,3.9903035163879395,1.580390214920044
1155,9.741214752197266,0.00020954888896085322,3.9814605712890625,1.5817408561706543
1156,9.740253448486328,0.00021173179266043007,3.9687538146972656,1.5734671354293823
1157,9.712069511413574,0.00020430218137335032,3.9536564350128174,1.5811814069747925
1158,9.697908401489258,0.00020147202303633094,3.932832717895508,1.5860472917556763
1159,9.68171215057373,0.0002006901486311108,3.9066162109375,1.5789659023284912
1160,9.653205871582031,0.00019569377764128149,3.8811450004577637,1.5845420360565186
1161,9.640294075012207,0.0001964471157407388,3.8558578491210938,1.5886482000350952
1162,9.608282089233398,0.00019552718731574714,3.8284666538238525,1.5775827169418335
1163,9.580170631408691,0.0001943065581144765,3.800973892211914,1.5774801969528198
1164,9.571455955505371,0.00019729143241420388,3.7707512378692627,1.5820242166519165
1165,9.53373908996582,0.00019599718507379293,3.735028028488159,1.5730655193328857
1166,9.508695602416992,0.00019607173453550786,3.6987345218658447,1.5728309154510498
1167,9.500028610229492,0.00019922456704080105,3.6641833782196045,1.5798981189727783
1168,9.46389389038086,0.0001988077419809997,3.630112886428833,1.5713180303573608
1169,9.441667556762695,0.00020148168550804257,3.5991384983062744,1.5662559270858765
1170,9.422591209411621,0.00020110874902457,3.570643186569214,1.5717878341674805
1171,9.389481544494629,0.00020120512635912746,3.5396721363067627,1.5651787519454956
1172,9.37060546875,0.0002050860202871263,3.507213592529297,1.5601167678833008
1173,9.338687896728516,0.00019961068755947053,3.475630521774292,1.5686984062194824
1174,9.311633110046387,0.0002002089167945087,3.443502426147461,1.566691517829895
1175,9.2999906539917,0.00020723536727018654,3.41288685798645,1.5595135688781738
1176,9.264748573303223,0.00020115412189625204,3.385841131210327,1.5648726224899292
1177,9.246806144714355,0.00020320661133155227,3.3583009243011475,1.562836766242981
1178,9.239757537841797,0.0002136306429747492,3.328195095062256,1.5531959533691406
1179,9.209917068481445,0.0002098911500070244,3.2970242500305176,1.55745267868042
1180,9.19820499420166,0.0002133540838258341,3.2632336616516113,1.559890627861023
1181,9.185583114624023,0.00022433680715039372,3.2273223400115967,1.550898790359497
1182,9.164587020874023,0.00022582532255910337,3.193378210067749,1.5519622564315796
1183,9.156579971313477,0.00022903182252775878,3.160841941833496,1.5538947582244873
1184,9.13525104522705,0.00023750289983581752,3.1273550987243652,1.5419918298721313
1185,9.125935554504395,0.00024392637715209275,3.0940322875976562,1.5382064580917358
1186,9.123023986816406,0.0002470723120495677,3.060049533843994,1.542166829109192
1187,9.101152420043945,0.0002557946427259594,3.023808002471924,1.5339621305465698
1188,9.102897644042969,0.0002684792852960527,2.988646984100342,1.529456615447998
1189,9.102921485900879,0.00027163675986230373,2.956920623779297,1.5350592136383057
1190,9.089813232421875,0.0002786319819279015,2.9272615909576416,1.5280976295471191
1191,9.095157623291016,0.000291331933112815,2.9002697467803955,1.5188013315200806
1192,9.090728759765625,0.00028969370760023594,2.876218795776367,1.522789716720581
1193,9.089280128479004,0.0002957850811071694,2.8520936965942383,1.5201667547225952
1194,9.091069221496582,0.0003095674910582602,2.8278605937957764,1.5120116472244263
1195,9.08094310760498,0.0003080901224166155,2.8061535358428955,1.5175249576568604
1196,9.090131759643555,0.0003136640298180282,2.786548614501953,1.519935131072998
1197,9.089376449584961,0.00032484973780810833,2.768838405609131,1.5103710889816284
1198,9.082066535949707,0.0003226372064091265,2.7544214725494385,1.5108041763305664
1199,9.095705032348633,0.0003227889246772975,2.7412734031677246,1.513912558555603
1200,9.094513893127441,0.0003326839942019433,2.726670742034912,1.504966378211975
1201,9.096041679382324,0.0003375984379090369,2.7117629051208496,1.5036494731903076
1202,9.102664947509766,0.0003363837022334337,2.6970596313476562,1.5106316804885864
1203,9.099343299865723,0.00034523685462772846,2.681809186935425,1.504799246788025
1204,9.10714340209961,0.00035467499401420355,2.6679883003234863,1.4990136623382568
1205,9.101065635681152,0.00034652743488550186,2.656482458114624,1.503354549407959
1206,9.096237182617188,0.0003485227352939546,2.6448240280151367,1.497714638710022
1207,9.104043960571289,0.0003599714254960418,2.6325507164001465,1.488187313079834
1208,9.091989517211914,0.00035249764914624393,2.62078857421875,1.4922276735305786
1209,9.089832305908203,0.00035409367410466075,2.6086103916168213,1.4925014972686768
1210,9.090901374816895,0.0003666990960482508,2.5968315601348877,1.483575701713562
1211,9.081958770751953,0.00036219728644937277,2.5883026123046875,1.4852466583251953
1212,9.082061767578125,0.00035696462146006525,2.5826034545898438,1.4871416091918945
1213,9.07096004486084,0.0003610689309425652,2.5781919956207275,1.4765775203704834
1214,9.06594467163086,0.00035819539334625006,2.5758280754089355,1.4741498231887817
1215,9.06213092803955,0.00034832744859158993,2.5747573375701904,1.4795621633529663
1216,9.041723251342773,0.0003487751237116754,2.573331356048584,1.4740409851074219
1217,9.036944389343262,0.0003508141671773046,2.5734167098999023,1.4710429906845093
1218,9.026082992553711,0.00033741668448783457,2.5764822959899902,1.478133201599121
1219,9.008159637451172,0.00033138811704702675,2.5809645652770996,1.474849820137024
1220,9.000816345214844,0.0003317921073175967,2.5867345333099365,1.4673291444778442
1221,8.98465633392334,0.00031507876701653004,2.5940582752227783,1.4717806577682495
1222,8.976241111755371,0.0003071834798902273,2.600299835205078,1.4723514318466187
1223,8.963493347167969,0.0003097419976256788,2.604635238647461,1.4654916524887085
1224,8.94444465637207,0.0002977646072395146,2.609257221221924,1.4693714380264282
1225,8.93986701965332,0.00028863607440143824,2.614004135131836,1.4736735820770264
1226,8.920883178710938,0.0002881334803532809,2.618224859237671,1.465978741645813
1227,8.902985572814941,0.0002788405981846154,2.6235833168029785,1.4642829895019531
1228,8.893739700317383,0.00026455640909262,2.6293511390686035,1.4683295488357544
1229,8.874407768249512,0.0002619776641950011,2.6330020427703857,1.4619783163070679
1230,8.86340045928955,0.0002603087923489511,2.635679006576538,1.4583003520965576
1231,8.847929000854492,0.00024613074492663145,2.6388444900512695,1.4647167921066284
1232,8.834952354431152,0.00024273025337606668,2.641619920730591,1.4626336097717285
1233,8.83035659790039,0.0002446692669764161,2.645484447479248,1.4564499855041504
1234,8.812009811401367,0.00022905357764102519,2.652329683303833,1.4604613780975342
1235,8.804768562316895,0.00022071649436838925,2.6600124835968018,1.4602863788604736
1236,8.798877716064453,0.00022191248717717826,2.6672303676605225,1.4529767036437988
1237,8.783413887023926,0.00020962127018719912,2.675481081008911,1.456078290939331
1238,8.778053283691406,0.00019926056847907603,2.683875322341919,1.461115837097168
1239,8.767280578613281,0.00019844919734168798,2.6916537284851074,1.4563039541244507
1240,8.761270523071289,0.00019160375813953578,2.7014031410217285,1.4569991827011108
1241,8.75704574584961,0.0001783510233508423,2.713165283203125,1.4627333879470825
1242,8.746127128601074,0.00017368787666782737,2.724214553833008,1.4582537412643433
1243,8.749731063842773,0.00017223021131940186,2.734814167022705,1.455194354057312
1244,8.746238708496094,0.00015987263759598136,2.745068073272705,1.4613009691238403
1245,8.74040412902832,0.00015569847892038524,2.7525596618652344,1.4606807231903076
1246,8.744972229003906,0.00015863287262618542,2.7582831382751465,1.456497073173523
1247,8.740882873535156,0.00014935588114894927,2.7648651599884033,1.4612083435058594
1248,8.741663932800293,0.0001447486865799874,2.7709691524505615,1.461883783340454
1249,8.74052619934082,0.0001469784474465996,2.775780439376831,1.4546115398406982
1250,8.73812484741211,0.0001412008423358202,2.780871868133545,1.4552712440490723
1251,8.744745254516602,0.00013715638488065451,2.7847330570220947,1.457825779914856
1252,8.74051284790039,0.00013946453691460192,2.785806179046631,1.451841950416565
1253,8.743216514587402,0.0001393383863614872,2.7869434356689453,1.4508435726165771
1254,8.750675201416016,0.00013546913396567106,2.7893898487091064,1.455348253250122
1255,8.748647689819336,0.00013609250891022384,2.7917659282684326,1.45059335231781
1256,8.754254341125488,0.00013811241660732776,2.795485258102417,1.4457324743270874
1257,8.755523681640625,0.00013165094424039125,2.8011889457702637,1.4492099285125732
1258,8.75765609741211,0.00013063199003227055,2.8058862686157227,1.447205662727356
1259,8.761332511901855,0.00013362939353100955,2.8094582557678223,1.4418210983276367
1260,8.756545066833496,0.00012708245776593685,2.814162015914917,1.4455877542495728
1261,8.762171745300293,0.00012504564074333757,2.818955183029175,1.4474561214447021
1262,8.762750625610352,0.00012708062422461808,2.8234193325042725,1.4414156675338745
1263,8.759134292602539,0.00012247584527358413,2.8296103477478027,1.4416273832321167
1264,8.764293670654297,0.00011841075320262462,2.8360536098480225,1.444129228591919
1265,8.76235580444336,0.0001196123193949461,2.8399240970611572,1.4382376670837402
1266,8.76341724395752,0.0001197579040308483,2.842421770095825,1.4358795881271362
1267,8.761951446533203,0.00011496084334794432,2.844090223312378,1.4399594068527222
1268,8.757588386535645,0.00011564877058845013,2.8433849811553955,1.4364577531814575
1269,8.75968074798584,0.00011926767183467746,2.842027187347412,1.4310798645019531
1270,8.750967025756836,0.00011395241017453372,2.8418068885803223,1.4330635070800781
1271,8.7462797164917,0.00011313805589452386,2.8405072689056396,1.4302650690078735
1272,8.74478816986084,0.00011760419147321954,2.837418556213379,1.4222453832626343
1273,8.73558235168457,0.00011449398880358785,2.8342480659484863,1.4223828315734863
1274,8.732304573059082,0.00011348731641191989,2.830043077468872,1.4231048822402954
1275,8.724954605102539,0.00011717681627487764,2.824427843093872,1.4162285327911377
1276,8.719841003417969,0.00011752053251257166,2.820329189300537,1.4142804145812988
1277,8.715176582336426,0.00011444591655163094,2.818141460418701,1.4162129163742065
1278,8.702997207641602,0.00011450965394033119,2.8158915042877197,1.4097182750701904
1279,8.69943618774414,0.00011617832933552563,2.8143150806427,1.404418706893921
1280,8.690404891967773,0.00011088234168710187,2.8136887550354004,1.4070264101028442
1281,8.678810119628906,0.00010945501708192751,2.8118276596069336,1.4045296907424927
1282,8.67270565032959,0.00011229162919335067,2.809377908706665,1.3989957571029663
1283,8.66175651550293,0.00010755101538961753,2.808490753173828,1.4013758897781372
1284,8.655831336975098,0.00010527302219998091,2.808006525039673,1.401297926902771
1285,8.646259307861328,0.00010702297004172578,2.806986093521118,1.3937757015228271
1286,8.637444496154785,0.00010418349847896025,2.806535243988037,1.3923373222351074
1287,8.634759902954102,0.00010131932504009455,2.8053269386291504,1.3937467336654663
1288,8.623497009277344,0.00010353876132285222,2.801487922668457,1.3876607418060303
1289,8.617326736450195,0.00010569252481218427,2.7966575622558594,1.3844977617263794
1290,8.611668586730957,0.00010308483615517616,2.7918999195098877,1.3874025344848633
1291,8.603023529052734,0.00010532097076065838,2.786107301712036,1.3829467296600342
1292,8.598625183105469,0.00011024736159015447,2.7801692485809326,1.3758666515350342
1293,8.589715957641602,0.0001069875288521871,2.775120258331299,1.3762569427490234
1294,8.587285995483398,0.00010867283708648756,2.7691330909729004,1.3735713958740234
1295,8.58398151397705,0.00011593959061428905,2.761705160140991,1.3657691478729248
1296,8.57707405090332,0.00011618538701441139,2.75467586517334,1.3655868768692017
1297,8.578326225280762,0.00011763999646063894,2.7479665279388428,1.3669381141662598
1298,8.575129508972168,0.00012449605856090784,2.7412109375,1.3602097034454346
1299,8.573762893676758,0.0001275797258131206,2.736149787902832,1.356765627861023
1300,8.573040962219238,0.00012505151971708983,2.7327921390533447,1.3582834005355835
1301,8.570426940917969,0.00012855540262535214,2.729179859161377,1.3527699708938599
1302,8.573456764221191,0.00013453615247271955,2.7255311012268066,1.3473191261291504
1303,8.570255279541016,0.0001314537221333012,2.7225260734558105,1.350189447402954
1304,8.570745468139648,0.00013377578579820693,2.7189998626708984,1.3493643999099731
1305,8.57451057434082,0.0001416835148120299,2.715242624282837,1.3436129093170166
1306,8.573582649230957,0.00014030626334715635,2.7127420902252197,1.3445136547088623
1307,8.577439308166504,0.00013951837900094688,2.710536241531372,1.344954490661621
1308,8.578424453735352,0.00014563329750671983,2.7073185443878174,1.3379265069961548
1309,8.581767082214355,0.00014811547589488328,2.703735113143921,1.3357102870941162
1310,8.585115432739258,0.00014658033614978194,2.699427604675293,1.338405966758728
1311,8.583320617675781,0.0001523422251921147,2.6933248043060303,1.3343935012817383
1312,8.587862014770508,0.00015979574527591467,2.686674118041992,1.330700159072876
1313,8.588200569152832,0.00015813428035471588,2.6806414127349854,1.333453893661499
1314,8.58774185180664,0.00016094329475890845,2.674333095550537,1.3307831287384033
1315,8.589771270751953,0.00016844311903696507,2.6677792072296143,1.3238646984100342
1316,8.588618278503418,0.00016704224981367588,2.6618010997772217,1.3243077993392944
1317,8.591398239135742,0.00016791517555247992,2.6554572582244873,1.3247231245040894
1318,8.589422225952148,0.00017536376253701746,2.6483218669891357,1.3192330598831177
1319,8.588390350341797,0.00017740685143508017,2.6419548988342285,1.3191156387329102
1320,8.590192794799805,0.00017576618120074272,2.6367411613464355,1.322383999824524
1321,8.58559799194336,0.00017913017654791474,2.6320254802703857,1.3180171251296997
1322,8.584083557128906,0.0001811776455724612,2.628523349761963,1.3143666982650757
1323,8.580413818359375,0.0001749784278217703,2.6263396739959717,1.3171374797821045
1324,8.576361656188965,0.00017443462274968624,2.6239588260650635,1.3153786659240723
1325,8.573317527770996,0.00017797549662645906,2.62129282951355,1.3113701343536377
1326,8.565680503845215,0.0001725813781376928,2.6192739009857178,1.3148428201675415
1327,8.563276290893555,0.00017009727889671922,2.617368698120117,1.3169304132461548
1328,8.558087348937988,0.00017288148228544742,2.615356922149658,1.3125150203704834
1329,8.55087661743164,0.00016873213462531567,2.6141788959503174,1.3126498460769653
1330,8.546981811523438,0.00016237105592153966,2.6132612228393555,1.3150397539138794
1331,8.539477348327637,0.0001629310572752729,2.6113040447235107,1.3108066320419312
1332,8.53435230255127,0.0001629554753890261,2.608759880065918,1.3088122606277466
1333,8.526385307312012,0.00015670691209379584,2.6059958934783936,1.3128520250320435
1334,8.518255233764648,0.00015655830793548375,2.602382183074951,1.3117409944534302
1335,8.51382064819336,0.00015945921768434346,2.5986552238464355,1.3080745935440063
1336,8.504276275634766,0.00015335093485191464,2.595905065536499,1.3103508949279785
1337,8.498050689697266,0.00014987096074037254,2.5934088230133057,1.3101025819778442
1338,8.492268562316895,0.00015184449148364365,2.5907065868377686,1.3046804666519165
1339,8.485363006591797,0.0001481125073041767,2.5885589122772217,1.3051077127456665
1340,8.480928421020508,0.00014363217633217573,2.586658477783203,1.3079421520233154
1341,8.4732027053833,0.00014473202463705093,2.584554433822632,1.3048362731933594
1342,8.469432830810547,0.0001439714978914708,2.5834460258483887,1.304125428199768
1343,8.46454906463623,0.0001373955892631784,2.5838429927825928,1.3078237771987915
1344,8.457088470458984,0.0001345450000371784,2.58481764793396,1.3056509494781494
1345,8.454107284545898,0.00013367546489462256,2.5864319801330566,1.3021992444992065
1346,8.448566436767578,0.00012612198770511895,2.5889058113098145,1.3052449226379395
1347,8.444746017456055,0.00012203318328829482,2.591071367263794,1.3061679601669312
1348,8.441078186035156,0.00012235571921337396,2.5926921367645264,1.3033109903335571
1349,8.436783790588379,0.00011730640107998624,2.594799280166626,1.3059642314910889
1350,8.436445236206055,0.00011256475409027189,2.59710955619812,1.3088942766189575
1351,8.432108879089355,0.0001118173313443549,2.599001407623291,1.3053778409957886
1352,8.429699897766113,0.00010869334801100194,2.60105299949646,1.3045871257781982
1353,8.429035186767578,0.00010297601693309844,2.602928638458252,1.3074824810028076
1354,8.425297737121582,0.0001021314092213288,2.603447914123535,1.3052170276641846
1355,8.424094200134277,0.00010261674469802529,2.603107452392578,1.3033013343811035
1356,8.421027183532715,9.80150216491893e-05,2.6027190685272217,1.3069605827331543
1357,8.41958236694336,9.711275924928486e-05,2.6018388271331787,1.3067737817764282
1358,8.418848037719727,9.882198355626315e-05,2.6008388996124268,1.302979588508606
1359,8.41504192352295,9.461768058827147e-05,2.6006247997283936,1.3043185472488403
1360,8.415494918823242,9.214902092935517e-05,2.6004509925842285,1.3049622774124146
1361,8.414140701293945,9.375398076372221e-05,2.599687099456787,1.300920009613037
1362,8.411660194396973,9.174624574370682e-05,2.599177598953247,1.3014750480651855
1363,8.411166191101074,8.840821101330221e-05,2.5989508628845215,1.304761528968811
1364,8.408233642578125,8.890915341908112e-05,2.5985641479492188,1.302475929260254
1365,8.407224655151367,8.832863386487588e-05,2.5989298820495605,1.3012995719909668
1366,8.4041109085083,8.297992462757975e-05,2.6003077030181885,1.3042585849761963
1367,8.400468826293945,8.11505742603913e-05,2.6014978885650635,1.3025689125061035
1368,8.399839401245117,8.16388928797096e-05,2.602342128753662,1.299707293510437
1369,8.395454406738281,7.675006781937554e-05,2.6031551361083984,1.302681803703308
1370,8.392563819885254,7.471840945072472e-05,2.6030867099761963,1.3037102222442627
1371,8.39040756225586,7.652287604287267e-05,2.6021180152893066,1.3009129762649536
1372,8.38619327545166,7.365668716374785e-05,2.601238250732422,1.3025474548339844
1373,8.383536338806152,7.101077790139243e-05,2.600022077560425,1.3039755821228027
1374,8.378300666809082,7.248886686284095e-05,2.5977399349212646,1.2998929023742676
1375,8.374262809753418,7.199042738648131e-05,2.594862937927246,1.2989482879638672
1376,8.370518684387207,6.957687583053485e-05,2.591143846511841,1.3011116981506348
1377,8.363371849060059,7.158986409194767e-05,2.585883378982544,1.2984670400619507
1378,8.359323501586914,7.415497384499758e-05,2.5799574851989746,1.296689510345459
1379,8.354248046875,7.237374666146934e-05,2.5741162300109863,1.2991912364959717
1380,8.347875595092773,7.388296944554895e-05,2.5678651332855225,1.2972209453582764
1381,8.343391418457031,7.746083429083228e-05,2.5614676475524902,1.2932687997817993
1382,8.337099075317383,7.564557017758489e-05,2.555384635925293,1.2945584058761597
1383,8.332345008850098,7.637575617991388e-05,2.5487985610961914,1.2942345142364502
1384,8.32656478881836,8.065770089160651e-05,2.5415587425231934,1.2907685041427612
1385,8.319355964660645,7.998941146070138e-05,2.534575939178467,1.2923349142074585
1386,8.315153121948242,7.974321488291025e-05,2.5277249813079834,1.2941679954528809
1387,8.308332443237305,8.335044549312443e-05,2.5207290649414062,1.2908023595809937
1388,8.30164623260498,8.349961717613041e-05,2.5141665935516357,1.290412425994873
1389,8.297161102294922,8.164813334587961e-05,2.5076441764831543,1.292456865310669
1390,8.290822982788086,8.485680882586166e-05,2.500192642211914,1.2897671461105347
1391,8.286138534545898,8.764932135818526e-05,2.4920976161956787,1.2887969017028809
1392,8.281075477600098,8.629691728856415e-05,2.483581304550171,1.2921888828277588
1393,8.275932312011719,8.983341103885323e-05,2.4741854667663574,1.2912275791168213
1394,8.272821426391602,9.49852546909824e-05,2.46435284614563,1.288987636566162
1395,8.26714038848877,9.393545042257756e-05,2.454529047012329,1.2912074327468872
1396,8.262959480285645,9.655501344241202e-05,2.4440159797668457,1.290413498878479
1397,8.260249137878418,0.00010318824206478894,2.4326436519622803,1.2870001792907715
1398,8.255176544189453,0.00010396678408142179,2.420896291732788,1.2888786792755127
1399,8.252321243286133,0.0001068119308911264,2.4085497856140137,1.2902134656906128
1400,8.249666213989258,0.00011466655269032344,2.3957595825195312,1.2874191999435425
1401,8.246646881103516,0.00011735812586266547,2.3834404945373535,1.2884931564331055
1402,8.24527359008789,0.0001187956368084997,2.371598720550537,1.2902714014053345
1403,8.24245834350586,0.0001251891371794045,2.3598649501800537,1.2869888544082642
1404,8.241266250610352,0.00012867756595369428,2.348579168319702,1.286696434020996
1405,8.24051570892334,0.0001289912615902722,2.3376340866088867,1.2897191047668457
1406,8.237516403198242,0.00013458929606713355,2.3266329765319824,1.288376808166504
1407,8.23702335357666,0.00013947859406471252,2.3161232471466064,1.2882806062698364
1408,8.236058235168457,0.00013884094369132072,2.3064825534820557,1.2921117544174194
1409,8.23364543914795,0.00014217878924682736,2.2973153591156006,1.2913793325424194
1410,8.23324203491211,0.0001465453824494034,2.2886695861816406,1.2896612882614136
1411,8.231809616088867,0.0001446522364858538,2.280552387237549,1.2928096055984497
1412,8.23062801361084,0.00014676395221613348,2.2722856998443604,1.2933319807052612
1413,8.22988510131836,0.00015226581308525056,2.2638235092163086,1.2919062376022339
1414,8.227551460266113,0.00015140455798245966,2.2556488513946533,1.295479416847229
1415,8.226790428161621,0.0001526942360214889,2.247633218765259,1.2972683906555176
1416,8.224918365478516,0.0001576815266162157,2.239811658859253,1.2949681282043457
1417,8.221324920654297,0.00015633873408660293,2.2325525283813477,1.2967240810394287
1418,8.219820976257324,0.0001555126073071733,2.225480079650879,1.2984340190887451
1419,8.216703414916992,0.00015997744048945606,2.2182412147521973,1.296022653579712
1420,8.212634086608887,0.00015999694005586207,2.2112481594085693,1.2975951433181763
1421,8.21012020111084,0.0001587236620252952,2.2046163082122803,1.3008418083190918
1422,8.206132888793945,0.00016248231986537576,2.198363780975342,1.29917573928833
1423,8.202316284179688,0.00016258536197710782,2.1930763721466064,1.2996186017990112
1424,8.198649406433105,0.00015880387218203396,2.1888091564178467,1.3024544715881348
1425,8.193646430969238,0.00015993459965102375,2.185065507888794,1.3006010055541992
1426,8.189905166625977,0.0001598804083187133,2.181932210922241,1.300335168838501
1427,8.185062408447266,0.00015520560555160046,2.179436206817627,1.3041716814041138
1428,8.179150581359863,0.00015526032075285912,2.1772773265838623,1.3040474653244019
1429,8.175249099731445,0.00015545610222034156,2.175832509994507,1.3038535118103027
1430,8.169912338256836,0.00014963452122174203,2.1754064559936523,1.3075505495071411
1431,8.16402816772461,0.0001473362499382347,2.1755335330963135,1.3073179721832275
1432,8.160160064697266,0.00014674235717393458,2.1760504245758057,1.3058744668960571
1433,8.15513801574707,0.00014063781418371946,2.1769046783447266,1.309143304824829
1434,8.150232315063477,0.00013816801947541535,2.177539348602295,1.309998869895935
1435,8.146463394165039,0.00013867394591215998,2.177997350692749,1.3089568614959717
1436,8.14179801940918,0.00013360688171815127,2.1787710189819336,1.3122730255126953
1437,8.137979507446289,0.00013075953756924719,2.179687738418579,1.3132658004760742
1438,8.134275436401367,0.0001309608924202621,2.1806883811950684,1.3110085725784302
1439,8.129878997802734,0.0001259712444152683,2.181955575942993,1.312919020652771
1440,8.127256393432617,0.0001229829795192927,2.1829934120178223,1.3139029741287231
1441,8.12424087524414,0.00012407804024405777,2.1835832595825195,1.3118324279785156
1442,8.120645523071289,0.00012061109009664506,2.184239149093628,1.3140013217926025
1443,8.11929988861084,0.0001181115658255294,2.1850054264068604,1.315779685974121
1444,8.117345809936523,0.00011928734602406621,2.18593430519104,1.3134979009628296
1445,8.114681243896484,0.00011589905625442043,2.1874685287475586,1.3145948648452759
1446,8.113966941833496,0.00011257252481300384,2.1892592906951904,1.315958857536316
1447,8.112573623657227,0.00011351529974490404,2.1908140182495117,1.3135956525802612
1448,8.110567092895508,0.00011087270104326308,2.1923699378967285,1.3148893117904663
1449,8.109885215759277,0.00010780458978842944,2.1938369274139404,1.317313551902771
1450,8.108548164367676,0.0001089240686269477,2.1951141357421875,1.3156287670135498
1451,8.107115745544434,0.00010671214113244787,2.196718454360962,1.3165751695632935
1452,8.106459617614746,0.0001032126383506693,2.198491334915161,1.318508505821228
1453,8.10499382019043,0.00010400617611594498,2.199852466583252,1.3162362575531006
1454,8.103975296020508,0.0001024743978632614,2.200834035873413,1.3166669607162476
1455,8.103324890136719,9.974859131034464e-05,2.201178550720215,1.318930983543396
1456,8.101327896118164,0.00010147494322154671,2.2006001472473145,1.3172454833984375
1457,8.099976539611816,0.00010114718315890059,2.1996588706970215,1.3176895380020142
1458,8.098837852478027,9.905219485517591e-05,2.1985130310058594,1.3195836544036865
1459,8.095907211303711,0.00010090639989357442,2.196841239929199,1.317092776298523
1460,8.093652725219727,0.00010095645848196,2.1948044300079346,1.3165357112884521
1461,8.091899871826172,9.941654570866376e-05,2.1921768188476562,1.318025827407837
1462,8.088358879089355,0.00010212809138465673,2.1885621547698975,1.3157814741134644
1463,8.085378646850586,0.00010318831482436508,2.1844582557678223,1.3156195878982544
1464,8.08316421508789,0.0001024243829306215,2.1801798343658447,1.317386507987976
1465,8.07937240600586,0.00010536264016991481,2.175658941268921,1.314983606338501
1466,8.075809478759766,0.00010624683636706322,2.1712512969970703,1.3142573833465576
1467,8.072961807250977,0.00010516401380300522,2.166788101196289,1.3155368566513062
1468,8.068870544433594,0.0001081193913705647,2.161738157272339,1.3131800889968872
1469,8.064863204956055,0.00010927575931418687,2.1563191413879395,1.3130203485488892
1470,8.061453819274902,0.00010862138879019767,2.150660514831543,1.3150041103363037
1471,8.057257652282715,0.00011191201338078827,2.1447160243988037,1.3131129741668701
1472,8.05336856842041,0.00011302695202175528,2.1389360427856445,1.3129383325576782
1473,8.050009727478027,0.0001121403620345518,2.1332571506500244,1.3143898248672485
1474,8.046134948730469,0.00011537877435330302,2.1271719932556152,1.3120328187942505
1475,8.042860984802246,0.00011679255840135738,2.120699882507324,1.311879277229309
1476,8.040040016174316,0.00011681373143801466,2.1137397289276123,1.313595175743103
1477,8.036571502685547,0.0001211335911648348,2.1062045097351074,1.3116505146026611
1478,8.033821105957031,0.00012322475959081203,2.098625659942627,1.3117388486862183
1479,8.03160572052002,0.00012372148921713233,2.091157913208008,1.3129650354385376
1480,8.028535842895508,0.00012802508717868477,2.083580493927002,1.3102623224258423
1481,8.026204109191895,0.00012989365495741367,2.075972318649292,1.3099124431610107
1482,8.024799346923828,0.00013092238805256784,2.068124771118164,1.3109023571014404
1483,8.022510528564453,0.00013607038999907672,2.0598831176757812,1.3085334300994873
1484,8.020745277404785,0.00013843308261130005,2.0517218112945557,1.308891773223877
1485,8.020232200622559,0.00013998238136991858,2.0438859462738037,1.309997320175171
1486,8.018853187561035,0.00014479260426014662,2.036423683166504,1.3074060678482056
1487,8.017427444458008,0.0001459750346839428,2.0295252799987793,1.3075612783432007
1488,8.01729679107666,0.00014683530025649816,2.0229177474975586,1.3082693815231323
1489,8.016463279724121,0.00015131312829907984,2.016305446624756,1.3059576749801636
1490,8.015032768249512,0.00015215663006529212,2.009894609451294,1.3070588111877441
1491,8.014755249023438,0.00015320765669457614,2.0037708282470703,1.3083046674728394
1492,8.014162063598633,0.00015725370030850172,1.9980759620666504,1.3063621520996094
1493,8.012676239013672,0.00015682223602198064,1.993084192276001,1.3075191974639893
1494,8.01205062866211,0.00015682753291912377,1.988561749458313,1.3080382347106934
1495,8.011491775512695,0.00015991920372471213,1.9841930866241455,1.305861473083496
1496,8.009912490844727,0.00015894437092356384,1.979940414428711,1.3073936700820923
1497,8.008733749389648,0.00015944073675200343,1.975683331489563,1.3080874681472778
1498,8.007780075073242,0.00016258851974271238,1.971579670906067,1.3064250946044922
1499,8.005819320678711,0.00016114991740323603,1.9679869413375854,1.3081218004226685
1500,8.0038480758667,0.00016110965225379914,1.964861273765564,1.307898998260498
1501,8.002206802368164,0.00016296298417728394,1.9620749950408936,1.305661678314209
1502,7.999820709228516,0.00016065457020886242,1.959526777267456,1.307083249092102
1503,7.9972920417785645,0.0001608886814210564,1.9569555521011353,1.3065654039382935
1504,7.9952239990234375,0.00016266110469587147,1.954453945159912,1.3050310611724854
1505,7.992717266082764,0.0001603785203769803,1.9523463249206543,1.3069757223129272
1506,7.990008354187012,0.000160535957547836,1.9507330656051636,1.3060152530670166
1507,7.98776912689209,0.00016087680705823004,1.9497056007385254,1.3043360710144043
1508,7.985263824462891,0.00015746685676276684,1.9491722583770752,1.3058011531829834
1509,7.982480049133301,0.00015727023128420115,1.9487769603729248,1.30430269241333
1510,7.980161190032959,0.0001569354790262878,1.948445200920105,1.3034285306930542
1511,7.977771282196045,0.00015371365589089692,1.948278546333313,1.305503010749817
1512,7.975106239318848,0.00015378647367469966,1.9483611583709717,1.304093599319458
1513,7.972952842712402,0.00015243678353726864,1.948911428451538,1.3036168813705444
1514,7.9710283279418945,0.00014872550673317164,1.9498875141143799,1.3049708604812622
1515,7.968857765197754,0.00014851117157377303,1.9509642124176025,1.3026992082595825
1516,7.967157363891602,0.00014653801918029785,1.9519513845443726,1.3025586605072021
1517,7.965912818908691,0.00014368962729349732,1.95270836353302,1.3038386106491089
1518,7.9643874168396,0.0001443763030692935,1.953254222869873,1.3017678260803223
1519,7.963052749633789,0.00014234827540349215,1.9538625478744507,1.302216649055481
1520,7.962265968322754,0.00014015607303008437,1.954614281654358,1.3025346994400024
1521,7.961263656616211,0.00014082647976465523,1.9553871154785156,1.2995997667312622
1522,7.960156440734863,0.00013836572179570794,1.9560232162475586,1.2998279333114624
1523,7.95962381362915,0.00013720948481932282,1.9562597274780273,1.2993321418762207
1524,7.959142684936523,0.00013853792916052043,1.9560461044311523,1.296804666519165
1525,7.958357810974121,0.0001364894851576537,1.9556090831756592,1.2977468967437744
1526,7.957956314086914,0.00013640541874337941,1.9551094770431519,1.2965843677520752
1527,7.957834243774414,0.00013744161697104573,1.9546475410461426,1.293969988822937
1528,7.957282543182373,0.00013510536518879235,1.9541436433792114,1.2944891452789307
1529,7.956706523895264,0.00013559582293964922,1.9533027410507202,1.292321801185608
1530,7.956442356109619,0.00013633494381792843,1.9519728422164917,1.290457844734192
1531,7.955870628356934,0.00013453105930238962,1.9501887559890747,1.2914814949035645
1532,7.9549078941345215,0.0001359246816718951,1.9480875730514526,1.2892236709594727
1533,7.954171657562256,0.00013605075946543366,1.945873737335205,1.2880831956863403
1534,7.95344352722168,0.0001344954944215715,1.9435533285140991,1.2883633375167847
1535,7.952266693115234,0.00013620273966807872,1.9409135580062866,1.2852290868759155
1536,7.951066493988037,0.00013574486365541816,1.9377323389053345,1.2846142053604126
1537,7.9500932693481445,0.000135326903546229,1.9338748455047607,1.2845406532287598
1538,7.948836326599121,0.00013797020073980093,1.929423213005066,1.2817505598068237
1539,7.947231292724609,0.0001375204446958378,1.924599289894104,1.2819350957870483
1540,7.94575834274292,0.00013824697816744447,1.9195523262023926,1.280774474143982
1541,7.9443254470825195,0.0001408959797117859,1.914257287979126,1.2775956392288208
1542,7.942514896392822,0.00014027091674506664,1.9085253477096558,1.2776098251342773
1543,7.9406046867370605,0.0001423198264092207,1.9021925926208496,1.2754783630371094
1544,7.939027309417725,0.00014517191448248923,1.895257592201233,1.2731683254241943
1545,7.937442302703857,0.00014533515786752105,1.8878945112228394,1.2736306190490723
1546,7.9355878829956055,0.00014865829143673182,1.8803796768188477,1.270895004272461
1547,7.933990955352783,0.00015073386020958424,1.8728166818618774,1.269104242324829
1548,7.932803630828857,0.00015114073175936937,1.8651317358016968,1.2688148021697998
1549,7.93140983581543,0.00015495519619435072,1.857186198234558,1.2655032873153687
1550,7.929880619049072,0.00015626268577761948,1.848827838897705,1.2648776769638062
1551,7.928887367248535,0.0001577747898409143,1.8401514291763306,1.2645363807678223
1552,7.928092002868652,0.00016200318350456655,1.8314082622528076,1.2617778778076172
1553,7.92692756652832,0.0001624935830477625,1.8227341175079346,1.2619919776916504
1554,7.926033973693848,0.0001644898729864508,1.8142224550247192,1.2605385780334473
1555,7.925808906555176,0.00016784618492238224,1.8057341575622559,1.2579617500305176
1556,7.925426959991455,0.00016790488734841347,1.7970339059829712,1.2585029602050781
1557,7.924816131591797,0.00017114738875534385,1.788162112236023,1.2565804719924927
1558,7.9248456954956055,0.00017402847879566252,1.7792069911956787,1.2553141117095947
1559,7.925172805786133,0.00017463315452914685,1.7703654766082764,1.2559032440185547
1560,7.924980163574219,0.00017839712381828576,1.761873483657837,1.2531812191009521
1561,7.9248762130737305,0.00017958490934688598,1.7535969018936157,1.2523829936981201
1562,7.925374984741211,0.0001805249194148928,1.7454088926315308,1.2519537210464478
1563,7.925637245178223,0.00018450798233971,1.7372483015060425,1.249184489250183
1564,7.925475120544434,0.00018502562306821346,1.7290412187576294,1.2495582103729248
1565,7.925746440887451,0.00018722540698945522,1.7210756540298462,1.24856698513031
1566,7.926290988922119,0.00019048077228944749,1.7135518789291382,1.2463315725326538
1567,7.926389217376709,0.00018989141972269863,1.7064424753189087,1.246792197227478
1568,7.926382064819336,0.00019214455096516758,1.6997679471969604,1.2445448637008667
1569,7.926723480224609,0.0001936036569532007,1.6932785511016846,1.2432037591934204
1570,7.9269819259643555,0.00019309896742925048,1.6868772506713867,1.2438359260559082
1571,7.926853179931641,0.00019592043827287853,1.680780053138733,1.2416554689407349
1572,7.9267120361328125,0.00019575718033593148,1.6750457286834717,1.2417843341827393
1573,7.926724433898926,0.000195360800717026,1.6698578596115112,1.2416421175003052
1574,7.926669120788574,0.00019705590966623276,1.6652218103408813,1.2392618656158447
1575,7.9263763427734375,0.0001950837904587388,1.6608206033706665,1.239943504333496
1576,7.92605447769165,0.00019545300165191293,1.6566252708435059,1.2388858795166016
1577,7.925989151000977,0.0001964110415428877,1.6525840759277344,1.2376675605773926
1578,7.92596435546875,0.00019455343135632575,1.6487619876861572,1.2388756275177002
1579,7.92561149597168,0.00019575090846046805,1.6454694271087646,1.2369688749313354
1580,7.925261974334717,0.00019481603521853685,1.6426104307174683,1.2364652156829834
1581,7.925329208374023,0.00019310895004309714,1.6400783061981201,1.2365471124649048
1582,7.925302505493164,0.0001944507530424744,1.6377743482589722,1.2341443300247192
1583,7.9248809814453125,0.0001926165568875149,1.6354535818099976,1.2347673177719116
1584,7.924757957458496,0.00019258417887613177,1.633317232131958,1.2340683937072754
1585,7.925076484680176,0.00019357525161467493,1.6315252780914307,1.2323769330978394
1586,7.925156116485596,0.0001912768348120153,1.6300796270370483,1.233125925064087
1587,7.925082206726074,0.00019191511091776192,1.629076361656189,1.230925440788269
1588,7.925422668457031,0.0001912102452479303,1.6282079219818115,1.2300758361816406
1589,7.925985336303711,0.00018962437752634287,1.627325415611267,1.230391263961792
1590,7.926355361938477,0.0001910788705572486,1.6265325546264648,1.2282480001449585
1591,7.926671981811523,0.00018934167746920139,1.6258069276809692,1.228926420211792
1592,7.927167892456055,0.00018893109518103302,1.6254124641418457,1.2281488180160522
1593,7.927831649780273,0.00018936685228254646,1.6253347396850586,1.2263187170028687
1594,7.928502082824707,0.0001868605613708496,1.6253058910369873,1.227053165435791
1595,7.928990364074707,0.00018760583770927042,1.6252869367599487,1.225113868713379
1596,7.929541110992432,0.00018691757577471435,1.6250643730163574,1.2248321771621704
1597,7.930473327636719,0.0001856941671576351,1.624750018119812,1.2252901792526245
1598,7.9313764572143555,0.0001871924032457173,1.6245977878570557,1.223177433013916
1599,7.931900501251221,0.00018527929205447435,1.6245054006576538,1.2237091064453125
1600,7.932548522949219,0.00018538683070801198,1.624508261680603,1.2223613262176514
1601,7.933528900146484,0.00018613740394357592,1.6243582963943481,1.220741629600525
1602,7.934326171875,0.00018461933359503746,1.6238396167755127,1.2214550971984863
1603,7.934857368469238,0.0001865733356680721,1.6231529712677002,1.2193695306777954
1604,7.935481071472168,0.0001862325589172542,1.6222960948944092,1.2193166017532349
1605,7.936263561248779,0.00018612638814374804,1.6214632987976074,1.2188730239868164
1606,7.937076091766357,0.0001880280178738758,1.6206616163253784,1.2165108919143677
1607,7.937793731689453,0.00018670372082851827,1.6195602416992188,1.217029333114624
1608,7.93833589553833,0.0001883767545223236,1.6181631088256836,1.2152611017227173
1609,7.939000129699707,0.0001892477012006566,1.6163456439971924,1.2145675420761108
1610,7.939925193786621,0.00018888206977862865,1.6142408847808838,1.2151038646697998
1611,7.940645694732666,0.00019137785420753062,1.6121312379837036,1.2129347324371338
1612,7.9410552978515625,0.00019042144413106143,1.6098639965057373,1.2134346961975098
1613,7.941640377044678,0.00019135048205498606,1.6074447631835938,1.2123417854309082
1614,7.942448616027832,0.00019286393944639713,1.6046574115753174,1.2110860347747803
1615,7.943143844604492,0.0001920339127536863,1.6013699769973755,1.2121601104736328
1616,7.943711757659912,0.00019464550132397562,1.597872257232666,1.2104544639587402
1617,7.944271564483643,0.00019450209219940007,1.594183087348938,1.2109661102294922
1618,7.944915771484375,0.00019503291696310043,1.5904947519302368,1.2106618881225586
1619,7.945736885070801,0.00019710036576725543,1.5867506265640259,1.2089935541152954
1620,7.946465492248535,0.00019615201745182276,1.5826570987701416,1.2100377082824707
1621,7.9468889236450195,0.00019860493193846196,1.5783215761184692,1.2084866762161255
1622,7.9473958015441895,0.00019922037608921528,1.5736894607543945,1.208723783493042
1623,7.9481730461120605,0.00019969191635027528,1.569012999534607,1.2090622186660767
1624,7.9488844871521,0.00020222483726684004,1.5645047426223755,1.2073169946670532
1625,7.949426174163818,0.00020125252194702625,1.5599732398986816,1.208297610282898
1626,7.94998836517334,0.00020321353804320097,1.5554555654525757,1.2068263292312622
1627,7.950632572174072,0.00020396753097884357,1.5507193803787231,1.2066739797592163
1628,7.951449394226074,0.0002039422543020919,1.5458335876464844,1.2074437141418457
1629,7.952327728271484,0.00020644537289626896,1.5410912036895752,1.2059388160705566
1630,7.952980041503906,0.00020532587950583547,1.5364803075790405,1.207185983657837
1631,7.953566074371338,0.00020650004444178194,1.532188892364502,1.2060623168945312
1632,7.954439163208008,0.00020681001478806138,1.5279816389083862,1.2056968212127686
1633,7.955432891845703,0.00020593316003214568,1.5237162113189697,1.2066062688827515
1634,7.956332206726074,0.0002078541147056967,1.519529104232788,1.2052226066589355
1635,7.957220077514648,0.00020650734950322658,1.5154006481170654,1.2067036628723145
1636,7.958135604858398,0.00020730253891088068,1.5116788148880005,1.205941081047058
1637,7.959197998046875,0.00020733292330987751,1.508312463760376,1.2055327892303467
1638,7.960494041442871,0.00020601131836883724,1.5051569938659668,1.2062890529632568
1639,7.96173095703125,0.00020751664123963565,1.5021904706954956,1.204636573791504
1640,7.9627556800842285,0.00020600471179932356,1.499193549156189,1.205936074256897
1641,7.963860511779785,0.00020682316971942782,1.4964669942855835,1.2051512002944946
1642,7.965122222900391,0.0002069287293124944,1.4940840005874634,1.2047953605651855
1643,7.96641206741333,0.00020568037871271372,1.4920772314071655,1.2053579092025757
1644,7.967710971832275,0.00020693038823083043,1.4904590845108032,1.2034187316894531
1645,7.968869686126709,0.00020521273836493492,1.4888648986816406,1.2043952941894531
1646,7.969902992248535,0.00020596012473106384,1.4874036312103271,1.203276515007019
1647,7.971083164215088,0.00020583496370818466,1.4860531091690063,1.2031137943267822
1648,7.972375869750977,0.00020482143736444414,1.484973669052124,1.2036292552947998
1649,7.9735026359558105,0.00020579996635206044,1.4843369722366333,1.2018290758132935
1650,7.97447395324707,0.00020372073049657047,1.4838569164276123,1.2027770280838013
1651,7.975340843200684,0.000204272466362454,1.4835513830184937,1.2012866735458374
1652,7.976125717163086,0.00020343397045508027,1.4831759929656982,1.2014100551605225
1653,7.9770402908325195,0.00020257552387192845,1.482849359512329,1.2017436027526855
1654,7.978010177612305,0.00020332809071987867,1.4827936887741089,1.2003908157348633
1655,7.9787797927856445,0.00020122752175666392,1.4829306602478027,1.2014843225479126
1656,7.9794416427612305,0.0002019202074734494,1.4833838939666748,1.1996910572052002
1657,7.98012638092041,0.00020051869796589017,1.4837841987609863,1.2000914812088013
1658,7.980828762054443,0.00020019322982989252,1.4841365814208984,1.1997809410095215
1659,7.981653213500977,0.0002007253497140482,1.4844868183135986,1.19889235496521
1660,7.982542991638184,0.0001992394245462492,1.4848774671554565,1.1999140977859497
1661,7.9832763671875,0.00020047056023031473,1.4855849742889404,1.1980479955673218
1662,7.9839558601379395,0.0001988274889299646,1.486308217048645,1.1988164186477661
1663,7.984746932983398,0.0001993716723518446,1.487053394317627,1.1976685523986816
1664,7.985624313354492,0.00019933373550884426,1.487579107284546,1.1974180936813354
1665,7.986670017242432,0.00019867786613758653,1.4879156351089478,1.1980243921279907
1666,7.987832069396973,0.00020008008868899196,1.488312840461731,1.1966599225997925
1667,7.988893508911133,0.00019846350187435746,1.4886597394943237,1.1979286670684814
1668,7.989900588989258,0.00019967908156104386,1.4891133308410645,1.1963648796081543
1669,7.990974426269531,0.0001985875132959336,1.489277958869934,1.1971238851547241
1670,7.992067337036133,0.00019875061116181314,1.4891636371612549,1.1970030069351196
1671,7.993275165557861,0.00019926531240344048,1.4887691736221313,1.1968019008636475
1672,7.9945878982543945,0.0001981134118977934,1.4881619215011597,1.1981674432754517
1673,7.995795726776123,0.00019946967950090766,1.4876185655593872,1.1969709396362305
1674,7.996908664703369,0.00019763631280511618,1.4868431091308594,1.1986210346221924
1675,7.997997283935547,0.00019874496501870453,1.4859182834625244,1.1976783275604248
1676,7.999006271362305,0.00019787315977737308,1.484519124031067,1.1988625526428223
1677,8.000041961669922,0.00019799610890913755,1.4828169345855713,1.1993783712387085
1678,8.001147270202637,0.00019866900402121246,1.4809482097625732,1.199410080909729
1679,8.002158164978027,0.00019746553152799606,1.4789173603057861,1.201001763343811
1680,8.003069877624512,0.00019896283629350364,1.4768656492233276,1.1999834775924683
1681,8.003900527954102,0.00019731040811166167,1.4743701219558716,1.2020163536071777
1682,8.004554748535156,0.0001988313888432458,1.4715983867645264,1.201371192932129
1683,8.005167961120605,0.0001979656080948189,1.468356728553772,1.2031484842300415
1684,8.00584888458252,0.0001985047128982842,1.4649724960327148,1.2036093473434448
1685,8.006511688232422,0.0001987803407246247,1.4614790678024292,1.2041226625442505
1686,8.007216453552246,0.00019788456847891212,1.4577773809432983,1.2056423425674438
1687,8.00796127319336,0.00019922538194805384,1.45387601852417,1.2051918506622314
1688,8.00859260559082,0.0001976239145733416,1.4494529962539673,1.2077441215515137
1689,8.00918197631836,0.0001993571495404467,1.444884181022644,1.20729398727417
1690,8.009777069091797,0.00019784846517723054,1.4400395154953003,1.2098488807678223
1691,8.010330200195312,0.00019889266695827246,1.4353127479553223,1.2097378969192505
1692,8.010984420776367,0.00019813873223029077,1.4304516315460205,1.2112579345703125
1693,8.011781692504883,0.00019819638691842556,1.4254539012908936,1.212161660194397
1694,8.012636184692383,0.00019883221830241382,1.4202585220336914,1.2127704620361328
1695,8.013595581054688,0.00019804373732768,1.4148712158203125,1.2149080038070679
1696,8.014639854431152,0.00019973647431470454,1.4096736907958984,1.214555025100708
1697,8.015624046325684,0.0001982843386940658,1.4044806957244873,1.217003345489502
1698,8.016627311706543,0.00020029107690788805,1.3995696306228638,1.2159843444824219
1699,8.017632484436035,0.00019894014985766262,1.3944560289382935,1.2183449268341064
1700,8.018585205078125,0.00020083606068510562,1.3894363641738892,1.2177387475967407
1701,8.019596099853516,0.00020023366960231215,1.384316325187683,1.2196457386016846
1702,8.020663261413574,0.00020140098058618605,1.3794809579849243,1.2196452617645264
1703,8.021720886230469,0.0002016084617935121,1.3748494386672974,1.2203046083450317
1704,8.022863388061523,0.00020171968208160251,1.3703752756118774,1.2209488153457642
1705,8.024025917053223,0.00020290967950131744,1.3659861087799072,1.2206320762634277
1706,8.025137901306152,0.0002022093685809523,1.3614933490753174,1.2223105430603027
1707,8.026275634765625,0.0002041953121079132,1.3572618961334229,1.22133469581604
1708,8.02736759185791,0.00020277511794120073,1.3531091213226318,1.22344970703125
1709,8.028379440307617,0.0002050022012554109,1.3494627475738525,1.2216674089431763
1710,8.029397964477539,0.00020313264394644648,1.3457858562469482,1.2237967252731323
1711,8.030369758605957,0.00020552314526867121,1.3424218893051147,1.2218860387802124
1712,8.031274795532227,0.0002037455706158653,1.3388996124267578,1.2241498231887817
1713,8.032217979431152,0.00020608110935427248,1.3358138799667358,1.2223882675170898
1714,8.033120155334473,0.0002044722787104547,1.3328419923782349,1.2241772413253784
1715,8.033991813659668,0.00020638020941987634,1.330403447151184,1.222325086593628
1716,8.034906387329102,0.00020506205328274518,1.3279829025268555,1.2235521078109741
1717,8.035802841186523,0.00020670623052865267,1.325814127922058,1.2221122980117798
1718,8.036698341369629,0.0002058861864497885,1.3236004114151,1.2231433391571045
1719,8.037666320800781,0.00020719479653052986,1.3217310905456543,1.2220754623413086
1720,8.038614273071289,0.00020658166613429785,1.320062279701233,1.2225538492202759
1721,8.039587020874023,0.00020733661949634552,1.3187302350997925,1.2215443849563599
1722,8.040618896484375,0.00020689496886916459,1.317431926727295,1.2216989994049072
1723,8.041608810424805,0.0002073431242024526,1.3161864280700684,1.2211792469024658
1724,8.042621612548828,0.0002071036142297089,1.3149479627609253,1.2213796377182007
1725,8.04365348815918,0.00020716129802167416,1.313904047012329,1.2211552858352661
1726,8.044633865356445,0.00020681410387624055,1.3130769729614258,1.2210333347320557
1727,8.045637130737305,0.00020636827684938908,1.3124006986618042,1.2208808660507202
1728,8.046656608581543,0.0002060792176052928,1.3117467164993286,1.2206929922103882
1729,8.04763412475586,0.00020540415425784886,1.3110276460647583,1.221042275428772
1730,8.048656463623047,0.00020533229690045118,1.3103935718536377,1.22090482711792
1731,8.049675941467285,0.0002042756968876347,1.3098779916763306,1.2215217351913452
1732,8.050666809082031,0.00020433975441846997,1.309633731842041,1.2209275960922241
1733,8.051708221435547,0.0002027423761319369,1.309370994567871,1.2218645811080933
1734,8.052752494812012,0.00020343015785329044,1.3091962337493896,1.2209292650222778
1735,8.053833961486816,0.00020121251873206347,1.308768391609192,1.222864031791687
1736,8.055074691772461,0.00020304285862948745,1.30862295627594,1.2211809158325195
1737,8.056527137756348,0.00019944201631005853,1.3082553148269653,1.224395751953125
1738,8.058433532714844,0.00020333027350716293,1.3084362745285034,1.2207752466201782
1739,8.061298370361328,0.00019728130428120494,1.3078951835632324,1.226626992225647
1740,8.065985679626465,0.0002059925172943622,1.3080742359161377,1.2196619510650635
1741,8.07444953918457,0.00019599708321038634,1.306817889213562,1.231111764907837
1742,8.090662956237793,0.00021596989245153964,1.3073058128356934,1.2168700695037842
1743,8.122694969177246,0.0002010249882005155,1.3052626848220825,1.2391141653060913
1744,8.186405181884766,0.0002508680336177349,1.3067116737365723,1.209578275680542
1745,8.310908317565918,0.00023868026619311422,1.3029619455337524,1.253942847251892
1746,8.537260055541992,0.00036655226722359657,1.305693507194519,1.195456862449646
1747,8.89173698425293,0.0003788913891185075,1.2993584871292114,1.278611660003662
1748,9.28223705291748,0.0005980987334623933,1.303891897201538,1.178600788116455
1749,9.385663032531738,0.0005038241506554186,1.2961301803588867,1.2940362691879272
1750,8.906736373901367,0.00048108550254255533,1.3000855445861816,1.1890318393707275
1751,8.219169616699219,0.00021519923757296056,1.2949072122573853,1.2545050382614136
1752,8.147663116455078,0.0002007204748224467,1.2933566570281982,1.2499864101409912
1753,8.763070106506348,0.0004347950452938676,1.2944409847259521,1.1961275339126587
1754,9.159309387207031,0.0004439099575392902,1.2877503633499146,1.2941681146621704
1755,8.671514511108398,0.00040530943078920245,1.2905312776565552,1.2010087966918945
1756,8.088521957397461,0.00019197787332814187,1.2864432334899902,1.2460445165634155
1757,8.437814712524414,0.0002635170239955187,1.2833342552185059,1.2732261419296265
1758,9.03819465637207,0.0005194840487092733,1.285296082496643,1.1944729089736938
1759,8.697614669799805,0.00032630941132083535,1.2787612676620483,1.286199927330017
1760,8.093537330627441,0.00020467294962145388,1.2788331508636475,1.2396291494369507
1761,8.481706619262695,0.000342588871717453,1.2781871557235718,1.2145615816116333
1762,8.990546226501465,0.0003986931696999818,1.2724335193634033,1.2992511987686157
1763,8.472119331359863,0.0003387369215488434,1.2742102146148682,1.2172306776046753
1764,8.109907150268555,0.00021002130233682692,1.2709650993347168,1.2422789335250854
1765,8.732293128967285,0.0003330448525957763,1.2666704654693604,1.294690728187561
1766,8.824620246887207,0.00045004551066085696,1.2687392234802246,1.2092771530151367
1767,8.158374786376953,0.0002003814443014562,1.2643024921417236,1.2668126821517944
1768,8.388264656066895,0.00024891115026548505,1.2620609998703003,1.2833154201507568
1769,8.903594017028809,0.0004735217080451548,1.2639909982681274,1.209842562675476
1770,8.36761474609375,0.00024352027685381472,1.2590800523757935,1.28391695022583
1771,8.185264587402344,0.00020430638687685132,1.2581652402877808,1.272431492805481
1772,8.817399024963379,0.0004448438994586468,1.2596604824066162,1.214847207069397
1773,8.547693252563477,0.00028497539460659027,1.2551023960113525,1.294463872909546
1774,8.115686416625977,0.00019382376922294497,1.255577564239502,1.263904094696045
1775,8.695406913757324,0.00040445386548526585,1.2568981647491455,1.2201687097549438
1776,8.65109634399414,0.00030862956191413105,1.2526758909225464,1.2998534440994263
1777,8.11215877532959,0.00019801408052444458,1.2537297010421753,1.2586915493011475
1778,8.599751472473145,0.00037147512193769217,1.2548211812973022,1.2249722480773926
1779,8.69250202178955,0.0003170595155097544,1.2511767148971558,1.3023560047149658
1780,8.125299453735352,0.00020295142894610763,1.2529833316802979,1.2559351921081543
1781,8.54606819152832,0.00035130971809849143,1.2542582750320435,1.227639079093933
1782,8.694762229919434,0.00031507195672020316,1.2509791851043701,1.3025332689285278
1783,8.133159637451172,0.00020317993767093867,1.252929925918579,1.2555614709854126
1784,8.531637191772461,0.00034326122840866446,1.2543359994888306,1.2288970947265625
1785,8.671243667602539,0.0003066672361455858,1.251550555229187,1.301560401916504
1786,8.13223648071289,0.00019828435324598104,1.253949761390686,1.2567737102508545
1787,8.549139976501465,0.0003454479738138616,1.2559106349945068,1.2280713319778442
1788,8.625649452209473,0.0002925111912190914,1.2534352540969849,1.2988970279693604
1789,8.129600524902344,0.0001909435959532857,1.2556860446929932,1.2595980167388916
1790,8.589343070983887,0.0003548494423739612,1.2579442262649536,1.226480484008789
1791,8.556478500366211,0.00027313060127198696,1.2557505369186401,1.2952296733856201
1792,8.138400077819824,0.0001852532586781308,1.2580007314682007,1.2637033462524414
1793,8.639470100402832,0.0003675638581626117,1.2607762813568115,1.2240560054779053
1794,8.463369369506836,0.00024813003255985677,1.2586439847946167,1.289720892906189
1795,8.173968315124512,0.00018595151777844876,1.2601643800735474,1.269158959388733
1796,8.680875778198242,0.0003774091019295156,1.262930154800415,1.2224656343460083
1797,8.35309886932373,0.00022022653138265014,1.2607455253601074,1.283166766166687
1798,8.248010635375977,0.00019677801174111664,1.26160728931427,1.2756870985031128
1799,8.690018653869629,0.00037723573041148484,1.2645152807235718,1.2219433784484863
1800,8.244505882263184,0.00019441143376752734,1.2622723579406738,1.27487051486969
1801,8.36052417755127,0.00021847401512786746,1.2619143724441528,1.28275728225708
1802,8.645084381103516,0.00035997864324599504,1.2644124031066895,1.2239755392074585
1803,8.168306350708008,0.00017991222557611763,1.2621737718582153,1.2659655809402466
1804,8.492170333862305,0.0002467571175657213,1.260860800743103,1.289609432220459
1805,8.537957191467285,0.00032309634843841195,1.2631694078445435,1.2285863161087036
1806,8.158231735229492,0.0001856956077972427,1.2612043619155884,1.2562159299850464
1807,8.602810859680176,0.0002715061418712139,1.258668303489685,1.2949728965759277
1808,8.386995315551758,0.00027132424293085933,1.2601823806762695,1.2367221117019653
1809,8.233075141906738,0.00021649531845469028,1.2585299015045166,1.247360348701477
1810,8.643234252929688,0.0002802289673127234,1.2551467418670654,1.2979825735092163
1811,8.241349220275879,0.0002187380741816014,1.2559984922409058,1.2479501962661743
1812,8.37643814086914,0.0002662070037331432,1.254859209060669,1.2398884296417236
1813,8.5811185836792,0.0002643741900101304,1.2505658864974976,1.2974439859390259
1814,8.166341781616211,0.00018427168834023178,1.2500720024108887,1.262285828590393
1815,8.528943061828613,0.0003161669010296464,1.2492033243179321,1.2360163927078247
1816,8.430438041687012,0.00022837865981273353,1.2444907426834106,1.2934452295303345
1817,8.207929611206055,0.0001820854959078133,1.2428752183914185,1.2781484127044678
1818,8.608282089233398,0.00034151709405705333,1.2423498630523682,1.2363635301589966
1819,8.261907577514648,0.0001914636231958866,1.2374764680862427,1.2859936952590942
1820,8.352577209472656,0.0002103406295645982,1.2343487739562988,1.2939083576202393
1821,8.558156967163086,0.0003247946733608842,1.2337454557418823,1.242575764656067
1822,8.174006462097168,0.00018040271243080497,1.2293459177017212,1.2769403457641602
1823,8.515398025512695,0.0002473165513947606,1.2253100872039795,1.3067971467971802
1824,8.398534774780273,0.0002715391747187823,1.2246664762496948,1.2541706562042236
1825,8.228382110595703,0.00021025458408985287,1.2210822105407715,1.2678033113479614
1826,8.583050727844238,0.0002632790128700435,1.2161319255828857,1.3146957159042358
1827,8.232195854187012,0.00021145249775145203,1.2148953676223755,1.2711288928985596
1828,8.39078426361084,0.00026845349930226803,1.212404489517212,1.261636734008789
1829,8.497797966003418,0.0002429941960144788,1.2073537111282349,1.3160979747772217
1830,8.182043075561523,0.00018153476412408054,1.2055673599243164,1.2908786535263062
1831,8.536473274230957,0.0003167992690578103,1.2040563821792603,1.2601975202560425
1832,8.318864822387695,0.00020276357827242464,1.1990609169006348,1.3113319873809814
1833,8.289938926696777,0.00019682054698932916,1.1962363719940186,1.311065673828125
1834,8.541086196899414,0.00031774776289239526,1.1953762769699097,1.265806794166565
1835,8.191987037658691,0.0001815716823330149,1.1912378072738647,1.30247163772583
1836,8.46325969696045,0.00023447818239219487,1.1877659559249878,1.3272689580917358
1837,8.39480209350586,0.0002682151971384883,1.187160849571228,1.2782363891601562
1838,8.228242874145508,0.00020728327217511833,1.1840028762817383,1.2928189039230347
1839,8.54141902923584,0.00025227887090295553,1.1798503398895264,1.336838722229004
1840,8.228099822998047,0.00020643003517761827,1.1790518760681152,1.2969237565994263
1841,8.391348838806152,0.00026558712124824524,1.1773749589920044,1.2862896919250488
1842,8.445830345153809,0.00022908268147148192,1.17344331741333,1.3375911712646484
1843,8.198957443237305,0.00018072898092214018,1.1723031997680664,1.3180469274520874
1844,8.516880989074707,0.0003065199707634747,1.1718028783798218,1.2857598066329956
1845,8.26875114440918,0.0001902830263134092,1.1683576107025146,1.3311257362365723
1846,8.332517623901367,0.00020291046530473977,1.1666674613952637,1.3379582166671753
1847,8.472579956054688,0.00029071245808154345,1.1672050952911377,1.2931045293807983
1848,8.190213203430176,0.00018336599168833345,1.165122151374817,1.3203712701797485
1849,8.482461929321289,0.000235826795687899,1.1631208658218384,1.3513332605361938
1850,8.303348541259766,0.0002315140445716679,1.1639368534088135,1.307665228843689
1851,8.288354873657227,0.00022569470456801355,1.1631081104278564,1.310518503189087
1852,8.480988502502441,0.0002348119451198727,1.160873293876648,1.3561375141143799
1853,8.191493034362793,0.00018335790082346648,1.1615893840789795,1.3273242712020874
1854,8.445901870727539,0.000279378320556134,1.1622816324234009,1.3056764602661133
1855,8.32777214050293,0.00019939009507652372,1.1604477167129517,1.35163414478302
1856,8.255892753601074,0.00018470239592716098,1.1605589389801025,1.347285270690918
1857,8.476634979248047,0.00028852658579126,1.1620539426803589,1.3089900016784668
1858,8.19580078125,0.0001759147853590548,1.1609129905700684,1.3418139219284058
1859,8.411259651184082,0.00021657893375959247,1.1604909896850586,1.3629999160766602
1860,8.34206771850586,0.00024202636268455535,1.1626073122024536,1.320615291595459
1861,8.231694221496582,0.0002011792385019362,1.1627967357635498,1.3309409618377686
1862,8.464508056640625,0.00022808379435446113,1.1619718074798584,1.370171308517456
1863,8.199264526367188,0.00018688439740799367,1.163818359375,1.3386311531066895
1864,8.379316329956055,0.0002540763816796243,1.1651630401611328,1.324842929840088
1865,8.3472261428833,0.00020095048239454627,1.164421558380127,1.368648648262024
1866,8.212063789367676,0.00017442103126086295,1.1658780574798584,1.3586581945419312
1867,8.446786880493164,0.0002767374971881509,1.1682969331741333,1.3263217210769653
1868,8.19941234588623,0.0001724058820400387,1.1680243015289307,1.360541820526123
1869,8.349541664123535,0.00020135249360464513,1.1685149669647217,1.3757269382476807
1870,8.34424877166748,0.00024230597773566842,1.1710946559906006,1.3370767831802368
1871,8.194281578063965,0.00018670936697162688,1.1716374158859253,1.3515174388885498
1872,8.424914360046387,0.00021891611686442047,1.1715185642242432,1.3856966495513916
1873,8.194764137268066,0.00018808842287398875,1.1738630533218384,1.3547661304473877
1874,8.32024097442627,0.0002352808805881068,1.1752673387527466,1.3463085889816284
1875,8.33329963684082,0.00019870490359608084,1.1745920181274414,1.3874199390411377
1876,8.1751070022583,0.00016854700515978038,1.1759506464004517,1.3759989738464355
1877,8.39801025390625,0.00026305310893803835,1.1780173778533936,1.349286437034607
1878,8.183280944824219,0.00016958481865003705,1.1776548624038696,1.3831098079681396
1879,8.288862228393555,0.00019053077267017215,1.1782269477844238,1.3949345350265503
1880,8.313642501831055,0.00023696708376519382,1.1805593967437744,1.3608816862106323
1881,8.151634216308594,0.00017732291598804295,1.1807664632797241,1.3773406744003296
1882,8.364758491516113,0.0002099631237797439,1.1804791688919067,1.4078960418701172
1883,8.1630220413208,0.0001859825279098004,1.182590126991272,1.37994384765625
1884,8.252204895019531,0.0002207120560342446,1.183902621269226,1.3751568794250488
1885,8.283392906188965,0.00019463419448584318,1.1835384368896484,1.4126873016357422
1886,8.1199369430542,0.00016438361490145326,1.1850961446762085,1.4016838073730469
1887,8.321788787841797,0.00024969453806988895,1.1871005296707153,1.3799502849578857
1888,8.130417823791504,0.00016697960381861776,1.1868926286697388,1.4117696285247803
1889,8.205551147460938,0.00018337254005018622,1.1877400875091553,1.4216148853302002
1890,8.239019393920898,0.00022886102669872344,1.190304160118103,1.392569899559021
1891,8.074962615966797,0.0001709425705485046,1.1910611391067505,1.4085978269577026
1892,8.264204978942871,0.00020322573254816234,1.1914758682250977,1.434627890586853
1893,8.080333709716797,0.00018233856826554984,1.1939277648925781,1.4106032848358154
1894,8.141945838928223,0.00020895010675303638,1.1956188678741455,1.4079736471176147
1895,8.17392635345459,0.00019084489031229168,1.1960715055465698,1.4396464824676514
1896,8.008148193359375,0.00016099124331958592,1.1984988451004028,1.429353952407837
1897,8.18276309967041,0.00023649654758628458,1.2014905214309692,1.4114453792572021
1898,8.003034591674805,0.00016462123312521726,1.2027335166931152,1.4368585348129272
1899,8.04940414428711,0.0001781932805897668,1.2049943208694458,1.4426990747451782
1900,8.076541900634766,0.00021923455642536283,1.2087913751602173,1.4184561967849731
1901,7.9057297706604,0.00016520681674592197,1.2113438844680786,1.4294843673706055
1902,8.062384605407715,0.00019813067046925426,1.2140628099441528,1.4456249475479126
1903,7.882735252380371,0.00017793010920286179,1.218766450881958,1.4237525463104248
1904,7.909099102020264,0.0001978935906663537,1.2229957580566406,1.4181898832321167
1905,7.927535057067871,0.0001888262340798974,1.2263933420181274,1.4349420070648193
1906,7.745728492736816,0.00015845196321606636,1.2315316200256348,1.4209527969360352
1907,7.87974214553833,0.00022337987320497632,1.2373472452163696,1.4023914337158203
1908,7.696008682250977,0.0001640450063860044,1.242199182510376,1.409942388534546
1909,7.69536828994751,0.00017452085739932954,1.248207688331604,1.402299404144287
1910,7.703852653503418,0.00021119338634889573,1.2554893493652344,1.3767411708831787
1911,7.505864143371582,0.0001604291028343141,1.2619372606277466,1.3708720207214355
1912,7.616000175476074,0.0001945006661117077,1.2687737941741943,1.3652502298355103
1913,7.432131767272949,0.00017599001876078546,1.2772901058197021,1.338338851928711
1914,7.403860092163086,0.0001862792414613068,1.2858049869537354,1.320747971534729
1915,7.418426513671875,0.00018834558431990445,1.294169545173645,1.314927577972412
1916,7.2170867919921875,0.00015649278066121042,1.303839921951294,1.2928026914596558
1917,7.325717926025391,0.00021296799241099507,1.3138989210128784,1.2715120315551758
1918,7.184262275695801,0.00016424464411102235,1.3234673738479614,1.2736623287200928
1919,7.162866115570068,0.00016408631927333772,1.33389413356781,1.2700121402740479
1920,7.247011184692383,0.000213083898415789,1.3449921607971191,1.2547804117202759
1921,7.104218006134033,0.00015439107664860785,1.355425477027893,1.2770166397094727
1922,7.271783351898193,0.00017645256593823433,1.3656977415084839,1.3122204542160034
1923,7.248790740966797,0.00018871620704885572,1.3760089874267578,1.3082932233810425
1924,7.261955261230469,0.00017290195683017373,1.385385513305664,1.3426272869110107
1925,7.441605091094971,0.00017168514023069292,1.393883228302002,1.4134021997451782
1926,7.335699081420898,0.00015896660625003278,1.401961088180542,1.4055577516555786
1927,7.4604339599609375,0.00020177895203232765,1.4088897705078125,1.4036630392074585
1928,7.451374053955078,0.00015384511789306998,1.4141883850097656,1.4578615427017212
1929,7.318567276000977,0.00014057508087716997,1.4186344146728516,1.4238470792770386
1930,7.393256187438965,0.00021006430324632674,1.4221845865249634,1.3551552295684814
1931,7.180782318115234,0.00013738227426074445,1.4242498874664307,1.352736473083496
1932,7.11443567276001,0.0001415079750586301,1.4258323907852173,1.3043904304504395
1933,7.070359230041504,0.0001885339297587052,1.4271843433380127,1.2119650840759277
1934,6.846439361572266,0.00013241899432614446,1.4270985126495361,1.178475022315979
1935,6.9010233879089355,0.00015361537225544453,1.4264230728149414,1.1471748352050781
1936,6.77623176574707,0.0001534064649604261,1.4262362718582153,1.0862586498260498
1937,6.718306541442871,0.00014165061293169856,1.4250344038009644,1.0603588819503784
1938,6.816925525665283,0.00015841255662962794,1.4228386878967285,1.052424669265747
1939,6.693357467651367,0.0001291832304559648,1.4212915897369385,1.031428337097168
1940,6.812335968017578,0.0001576816284796223,1.4188235998153687,1.0242388248443604
1941,6.839590072631836,0.00014717018348164856,1.414430856704712,1.0289393663406372
1942,6.803661346435547,0.00012667948612943292,1.410568118095398,1.0303325653076172
1943,6.972959518432617,0.0001643677824176848,1.4065849781036377,1.035170078277588
1944,6.904714107513428,0.00012940425949636847,1.4003883600234985,1.041412353515625
1945,6.983457565307617,0.00014020342496223748,1.3942601680755615,1.0471059083938599
1946,7.059133529663086,0.0001544373808428645,1.3887293338775635,1.0542502403259277
1947,6.967502593994141,0.00012166413944214582,1.381260633468628,1.0560694932937622
1948,7.092782020568848,0.00015416544920299202,1.373570203781128,1.0549683570861816
1949,7.0192461013793945,0.00013631093315780163,1.3674803972244263,1.0559349060058594
1950,6.9816131591796875,0.00013186343130655587,1.3603603839874268,1.0501821041107178
1951,7.038393974304199,0.00015738524962216616,1.3524339199066162,1.0382423400878906
1952,6.872488021850586,0.0001261713623534888,1.3462305068969727,1.0292056798934937
1953,6.897737979888916,0.00015260752115864307,1.3398585319519043,1.016716480255127
1954,6.820496559143066,0.00014995981473475695,1.3323174715042114,0.9988383054733276
1955,6.675798416137695,0.00013327770284377038,1.326323390007019,0.984261155128479
1956,6.711769104003906,0.0001710031647235155,1.3208590745925903,0.9707591533660889
1957,6.544286727905273,0.00014242756878957152,1.3137295246124268,0.9625837206840515
1958,6.5108819007873535,0.0001518906792625785,1.3072303533554077,0.9618863463401794
1959,6.513731956481934,0.0001777866273187101,1.3016895055770874,0.9608163237571716
1960,6.38383674621582,0.00014497533265966922,1.2946007251739502,0.9851279258728027
1961,6.483089447021484,0.00016607038560323417,1.287400245666504,1.0291810035705566
1962,6.464804649353027,0.00017308880342170596,1.2813022136688232,1.0526264905929565
1963,6.475818157196045,0.00016091822180896997,1.2737575769424438,1.1128907203674316
1964,6.636588096618652,0.00016625966236460954,1.2651926279067993,1.208408236503601
1965,6.602781772613525,0.00016118766507133842,1.257780909538269,1.2370681762695312
1966,6.704046249389648,0.00018183562497142702,1.2495973110198975,1.2772666215896606
1967,6.762762069702148,0.000156402078573592,1.2399855852127075,1.3600720167160034
1968,6.6605353355407715,0.00014652156096417457,1.2315343618392944,1.3415957689285278
1969,6.707738876342773,0.00018980485037900507,1.2230167388916016,1.2964462041854858
1970,6.578214168548584,0.0001426522503606975,1.2128148078918457,1.303444743156433
1971,6.445283889770508,0.0001356422872049734,1.2039769887924194,1.2400761842727661
1972,6.423990726470947,0.00017567494069226086,1.196340560913086,1.1474089622497559
1973,6.232786655426025,0.00012842343130614609,1.1870155334472656,1.1118714809417725
1974,6.2029643058776855,0.00013531466538552195,1.1786526441574097,1.0624630451202393
1975,6.175776481628418,0.0001502603990957141,1.172311782836914,1.0011308193206787
1976,6.069896697998047,0.00011978969268966466,1.1640987396240234,0.9781253933906555
1977,6.15946102142334,0.00014138000551611185,1.1558468341827393,0.9635745882987976
1978,6.122050762176514,0.0001270510401809588,1.1502766609191895,0.9485185742378235
1979,6.127344131469727,0.0001197291276184842,1.142942190170288,0.9467615485191345
1980,6.225726127624512,0.00014131388161331415,1.1339428424835205,0.9474111199378967
1981,6.1545186042785645,0.00011131414794363081,1.1276885271072388,0.9523876905441284
1982,6.216775894165039,0.0001226979511557147,1.1204718351364136,0.9575660228729248
1983,6.216842174530029,0.00012914669059682637,1.1104331016540527,0.9526954889297485
1984,6.122271537780762,0.00010574525367701426,1.1031162738800049,0.9522521495819092
1985,6.158160209655762,0.00012334584607742727,1.0963258743286133,0.9500930905342102
1986,6.0228729248046875,0.00011237614671699703,1.085913896560669,0.9294956922531128
1987,5.919165134429932,0.00011109677143394947,1.077438235282898,0.9103630781173706
1988,5.84675931930542,0.00011892872862517834,1.0710655450820923,0.8928773403167725
1989,5.604850769042969,0.0001004494697554037,1.0608813762664795,0.8573675751686096
1990,5.484135627746582,0.00012043945025652647,1.0511491298675537,0.8226075172424316
1991,5.277873992919922,0.00011069602624047548,1.044467568397522,0.7948042750358582
1992,5.018391132354736,9.815838711801916e-05,1.0340021848678589,0.7665609121322632
1993,4.903811454772949,0.00012336189683992416,1.0219786167144775,0.7573046684265137
1994,4.678582191467285,0.00010427716915728524,1.013675332069397,0.7597540020942688
1995,4.5843281745910645,0.00010807490616571158,1.0029048919677734,0.7984523177146912
1996,4.626830577850342,0.00011412499588914216,0.9896414279937744,0.9059273600578308
1997,4.631342887878418,0.0001028112747007981,0.9813101291656494,0.9958667755126953
1998,4.8449835777282715,0.0001312445237999782,0.9732130169868469,1.1036757230758667
1999,5.016036510467529,0.00010300779103999957,0.9627159237861633,1.271270751953125
2000,5.037791728973389,0.00010257823305437341,0.9580414891242981,1.2889469861984253
2001,5.045373439788818,0.0001465514360461384,0.9559962153434753,1.209868311882019
2002,4.79442024230957,0.00010279635898768902,0.9512110352516174,1.1490046977996826
2003,4.5009870529174805,0.00010274646047037095,0.9523177742958069,0.9866189360618591
2004,4.31978702545166,0.00013217589003033936,0.959151029586792,0.8181496858596802
2005,4.115636825561523,0.00010853014828171581,0.9638307094573975,0.7276400923728943
2006,4.135685443878174,0.0001238264376297593,0.9735862612724304,0.6693786978721619
2007,4.2409820556640625,0.00012598361354321241,0.9904477596282959,0.6593098044395447
2008,4.326104164123535,0.00011595580144785345,1.0028008222579956,0.6721355319023132
2009,4.552984714508057,0.00014349100820254534,1.0144115686416626,0.6951930522918701
2010,4.661861419677734,0.00011850801820401102,1.0310285091400146,0.7440864443778992
2011,4.7522172927856445,0.00011240840831305832,1.040812611579895,0.7727092504501343
2012,4.86578369140625,0.00013721022696699947,1.0443098545074463,0.7794026136398315
2013,4.807068824768066,0.00010311303776688874,1.051837682723999,0.8026264309883118
2014,4.798874378204346,0.00010632570774760097,1.0542359352111816,0.8065208196640015
2015,4.711589813232422,0.00012157017772551626,1.0479614734649658,0.7784856557846069
2016,4.521893501281738,0.00010082311928272247,1.0460339784622192,0.7652788162231445
2017,4.409220218658447,0.00010966026457026601,1.0438213348388672,0.7500051856040955
2018,4.173147201538086,0.00011097906826762483,1.033337950706482,0.7149754762649536
2019,3.9802799224853516,0.00011124831507913768,1.0270828008651733,0.7018136382102966
2020,3.8631179332733154,0.00011758301843656227,1.0254645347595215,0.7092137932777405
2021,3.7045161724090576,0.00010927379480563104,1.0171794891357422,0.7388956546783447
2022,3.731563091278076,0.0001251900102943182,1.0123586654663086,0.806908369064331
2023,3.7939648628234863,0.0001333653344772756,1.0172510147094727,0.8777488470077515
2024,3.8728017807006836,0.0001249988708877936,1.0194573402404785,0.9850341081619263
2025,4.0578107833862305,0.000133145455038175,1.0251133441925049,1.1005269289016724
2026,4.0932416915893555,0.00013947905972599983,1.0447266101837158,1.1124426126480103
2027,4.08316707611084,0.00013367821520660073,1.0654546022415161,1.1127278804779053
2028,4.043676376342773,0.00011974738299613819,1.0872116088867188,1.1013737916946411
2029,3.8588104248046875,0.00011070790060330182,1.1218619346618652,0.9739035367965698
2030,3.767584800720215,0.00011657024151645601,1.1566060781478882,0.8535370826721191
2031,3.6955089569091797,0.00010491424473002553,1.184094786643982,0.7773533463478088
2032,3.631302833557129,9.856934775598347e-05,1.2161582708358765,0.6750754714012146
2033,3.7272119522094727,0.00012118263839511201,1.2438896894454956,0.6012953519821167
2034,3.7850677967071533,0.00012343110574875027,1.2562084197998047,0.5707572102546692
2035,3.8888726234436035,0.00013349161599762738,1.2656834125518799,0.5470675826072693
2036,4.03825569152832,0.00014867959544062614,1.2705334424972534,0.5384114384651184
2037,4.075122356414795,0.0001458259648643434,1.2575441598892212,0.5395293831825256
2038,4.166552543640137,0.00016238419630099088,1.2365381717681885,0.5440079569816589
2039,4.189714431762695,0.00015284569235518575,1.212022304534912,0.5554322004318237
2040,4.149750709533691,0.00014915387146174908,1.1706063747406006,0.5593103766441345
2041,4.167361259460449,0.0001765505294315517,1.117493748664856,0.5587381720542908
2042,4.076132774353027,0.0001611875486560166,1.0625423192977905,0.5642194151878357
2043,4.0173492431640625,0.00017399823991581798,0.9957776069641113,0.5636769533157349
2044,3.9572548866271973,0.00020779849728569388,0.9183450937271118,0.5596104264259338
2045,3.820544719696045,0.00020423089154064655,0.8440068960189819,0.5632293224334717
2046,3.7736477851867676,0.0002282147906953469,0.7692145109176636,0.5708029270172119
2047,3.6809639930725098,0.0002510208869352937,0.6920008659362793,0.5896572470664978
2048,3.629940986633301,0.00026579000405035913,0.6253251433372498,0.6184793710708618
2049,3.675292730331421,0.00029473210452124476,0.5697110295295715,0.6514508724212646
2050,3.6867101192474365,0.000304762099403888,0.5191376805305481,0.7126160264015198
2051,3.803586721420288,0.0003286452265456319,0.4808286130428314,0.776753306388855
2052,3.900839328765869,0.00034928752575069666,0.4563015103340149,0.8076572418212891
2053,3.932990789413452,0.00034264271380379796,0.4369204640388489,0.8512031435966492
2054,3.9820990562438965,0.00034361256984993815,0.42423394322395325,0.8789228796958923
2055,3.8873512744903564,0.00033596635330468416,0.42105719447135925,0.8372730612754822
2056,3.7711424827575684,0.0003226121189072728,0.4200323522090912,0.7944949865341187
2057,3.6508755683898926,0.0003074345295317471,0.41989389061927795,0.7546328902244568
2058,3.4681732654571533,0.00028660413227044046,0.4253731667995453,0.6798701882362366
2059,3.390054225921631,0.000284589797956869,0.4318273961544037,0.617923378944397
2060,3.3057100772857666,0.0002728501567617059,0.4357617199420929,0.5789121389389038
2061,3.2513649463653564,0.0002587406779639423,0.44255661964416504,0.5449617505073547
2062,3.278665065765381,0.0002545062161516398,0.4506063163280487,0.5269227623939514
2063,3.249800205230713,0.00024210322590079159,0.4548778533935547,0.5152348875999451
2064,3.285853624343872,0.0002435588976368308,0.46029385924339294,0.5089743137359619
2065,3.305751323699951,0.00023049807350616902,0.4687460958957672,0.5129868984222412
2066,3.277801990509033,0.00022257058299146593,0.47489309310913086,0.5050628185272217
2067,3.293984889984131,0.0002362698141951114,0.48176443576812744,0.4904099702835083
2068,3.212744951248169,0.00021519590518437326,0.4938052296638489,0.4848254919052124
2069,3.128352165222168,0.00020810867135878652,0.5061540603637695,0.4666655361652374
2070,3.030071496963501,0.0002092449285555631,0.5187380313873291,0.43768584728240967
2071,2.8593153953552246,0.00018146762158721685,0.5369599461555481,0.41987133026123047
2072,2.7610225677490234,0.00017563770234119147,0.5571693181991577,0.40324366092681885
2073,2.646926164627075,0.00016470925766043365,0.576180636882782,0.390943318605423
2074,2.5769155025482178,0.00015452734078280628,0.5991352200508118,0.3928147852420807
2075,2.6068344116210938,0.0001658567925915122,0.6243964433670044,0.40164223313331604
2076,2.618556022644043,0.00015428976621478796,0.6468048095703125,0.43244239687919617
2077,2.7047221660614014,0.0001587393053341657,0.6705663204193115,0.46484673023223877
2078,2.7850804328918457,0.00017743566422723234,0.6964542865753174,0.47171854972839355
2079,2.7931134700775146,0.00016289838822558522,0.7188571095466614,0.48943978548049927
2080,2.81742262840271,0.0001628451864235103,0.7406808733940125,0.48880982398986816
2081,2.748929738998413,0.0001729709329083562,0.7649105787277222,0.43961215019226074
2082,2.652862548828125,0.00016563670942559838,0.7867258787155151,0.39877209067344666
2083,2.5936195850372314,0.00016450145631097257,0.8074362277984619,0.3609456419944763
2084,2.4894163608551025,0.00015806936426088214,0.8313323855400085,0.31552207469940186
2085,2.4583911895751953,0.000153965171193704,0.8547790050506592,0.2921329140663147
2086,2.4561927318573,0.0001484415406594053,0.8771178722381592,0.28157681226730347
2087,2.4391989707946777,0.00012587553646881133,0.9028869867324829,0.28751784563064575
2088,2.4965147972106934,0.00011536538659129292,0.9296378493309021,0.3049471080303192
2089,2.5159754753112793,0.0001101271336665377,0.9545395970344543,0.30900508165359497
2090,2.5390055179595947,9.992785635404289e-05,0.9814403057098389,0.31996074318885803
2091,2.5806045532226562,9.189914271701127e-05,1.009340763092041,0.33335596323013306
2092,2.5439515113830566,9.469032374909148e-05,1.0340242385864258,0.31759190559387207
2093,2.5253398418426514,0.00010479698539711535,1.0584810972213745,0.2993640601634979
2094,2.4655909538269043,9.098969167098403e-05,1.0837757587432861,0.2896902859210968
2095,2.3686704635620117,8.838137000566348e-05,1.1056479215621948,0.2623903751373291
2096,2.3342630863189697,9.993024286814034e-05,1.1260043382644653,0.23945513367652893
2097,2.2890632152557373,8.427156717516482e-05,1.1477086544036865,0.23695632815361023
2098,2.3232944011688232,8.491783955832943e-05,1.1672730445861816,0.24392443895339966
2099,2.4393017292022705,9.157599561149254e-05,1.1849396228790283,0.2705575227737427
2100,2.542299509048462,8.892685582395643e-05,1.2039153575897217,0.3014622628688812
2101,2.6838600635528564,0.0001006025995593518,1.2213226556777954,0.3303079307079315
2102,2.7506089210510254,9.196734754368663e-05,1.2356507778167725,0.3591565787792206
2103,2.717836380004883,8.849508594721556e-05,1.2499514818191528,0.3522856831550598
2104,2.667271614074707,9.707089338917285e-05,1.2627394199371338,0.3267902731895447
2105,2.5525708198547363,8.591536607127637e-05,1.2718380689620972,0.3048815429210663
2106,2.4833712577819824,8.830850129015744e-05,1.280197262763977,0.28134918212890625
2107,2.4925827980041504,9.381691052112728e-05,1.2877511978149414,0.2752610743045807
2108,2.5208539962768555,0.000100160606962163,1.2916951179504395,0.27907267212867737
2109,2.633910655975342,0.00012004666496068239,1.2942229509353638,0.2935082018375397
2110,2.737323760986328,0.00011361564975231886,1.2965776920318604,0.326546311378479
2111,2.809159517288208,0.00011965979501837865,1.2958569526672363,0.34321966767311096
2112,2.88275146484375,0.00014169829955790192,1.2932738065719604,0.345979243516922
2113,2.867418050765991,0.00012326822616159916,1.2913589477539062,0.35815703868865967
2114,2.8363659381866455,0.000124646452604793,1.287872552871704,0.3490351736545563
2115,2.779463052749634,0.00014307523088064045,1.282857894897461,0.3180788457393646
2116,2.675135374069214,0.0001314998953603208,1.279557704925537,0.3000074326992035
2117,2.6188161373138428,0.0001346664212178439,1.276527762413025,0.28161072731018066
2118,2.5563549995422363,0.0001388956152368337,1.2720954418182373,0.2617797255516052
2119,2.5341598987579346,0.00013410611427389085,1.2691314220428467,0.2618890106678009
2120,2.5781822204589844,0.00013888167450204492,1.266931414604187,0.2719791829586029
2121,2.6061253547668457,0.0001275185204576701,1.2621984481811523,0.2935037612915039
2122,2.663435220718384,0.00012645022070501,1.2571150064468384,0.31301021575927734
2123,2.6837210655212402,0.00013732709339819849,1.252278447151184,0.30983594059944153
2124,2.6344571113586426,0.00012889729987364262,1.2436403036117554,0.30484825372695923
2125,2.586630344390869,0.00013209674216341227,1.2327959537506104,0.28817132115364075
2126,2.4910011291503906,0.0001376205764245242,1.2223238945007324,0.2561586797237396
2127,2.416074275970459,0.00013693606888409704,1.2085940837860107,0.23667104542255402
2128,2.394879102706909,0.00014192976232152432,1.1922945976257324,0.22722986340522766
2129,2.3747518062591553,0.00013557028432842344,1.1776704788208008,0.23099562525749207
2130,2.4212889671325684,0.0001369420060655102,1.162157416343689,0.2463347464799881
2131,2.472951650619507,0.00014145382738206536,1.144822359085083,0.25839105248451233
2132,2.510737180709839,0.00013490575656760484,1.1304937601089478,0.27910786867141724
2133,2.564948081970215,0.00013371967361308634,1.118128776550293,0.2998221218585968
2134,2.5564393997192383,0.00013235220103524625,1.104824185371399,0.2993929982185364
2135,2.5380191802978516,0.00013055317685939372,1.0944857597351074,0.29780635237693787
2136,2.4971532821655273,0.00012333804625086486,1.0875810384750366,0.2979726493358612
2137,2.4164726734161377,0.00011856698256451637,1.0795373916625977,0.2805928587913513
2138,2.3715691566467285,0.000124320387840271,1.0722788572311401,0.26273953914642334
2139,2.3145909309387207,0.00012103994959034026,1.06788969039917,0.25486478209495544
2140,2.2904791831970215,0.00012472564412746578,1.0614179372787476,0.24676616489887238
2141,2.3132801055908203,0.00013161989045329392,1.052612543106079,0.2465192824602127
2142,2.329349994659424,0.00013460950867738575,1.045136570930481,0.253689706325531
2143,2.3903698921203613,0.0001459362538298592,1.0353851318359375,0.26463836431503296
2144,2.4358272552490234,0.00014000406372360885,1.0215106010437012,0.2830030918121338
2145,2.455174207687378,0.00014149749767966568,1.0082755088806152,0.29146748781204224
2146,2.4746978282928467,0.000155093235662207,0.994540274143219,0.2899889051914215
2147,2.4328505992889404,0.00014066832954995334,0.9773667454719543,0.29121479392051697
2148,2.3866913318634033,0.00013897917233407497,0.9611813426017761,0.28169047832489014
2149,2.3288333415985107,0.0001465495297452435,0.9471203088760376,0.26534605026245117
2150,2.2498884201049805,0.00013353789108805358,0.931466817855835,0.25630223751068115
2151,2.2127065658569336,0.00012966377835255116,0.916804850101471,0.25010600686073303
2152,2.1685729026794434,0.0001248484040843323,0.9057585597038269,0.2498556226491928
2153,2.1540377140045166,0.00011890794849023223,0.894396960735321,0.25461524724960327
2154,2.169686794281006,0.0001189220929518342,0.8826632499694824,0.2588953971862793
2155,2.1719565391540527,0.00011309004185022786,0.8739385604858398,0.2701771855354309
2156,2.20631742477417,0.00011616460687946528,0.8653112053871155,0.28053104877471924
2157,2.215118885040283,0.00011979180271737278,0.8545151948928833,0.2795226275920868
2158,2.211512565612793,0.00011991085193585604,0.8450930118560791,0.2807242274284363
2159,2.204094171524048,0.00011982857540715486,0.8364064693450928,0.2821243703365326
2160,2.1521127223968506,0.00011764172813855112,0.8251585960388184,0.2703414559364319
2161,2.1134185791015625,0.0001203515421366319,0.8141833543777466,0.25790825486183167
2162,2.0548253059387207,0.00011424341209931299,0.8053594827651978,0.25096064805984497
2163,2.0016586780548096,0.00011167631600983441,0.7955410480499268,0.2399766892194748
2164,1.9796366691589355,0.00011379433271940798,0.7857616543769836,0.23153123259544373
2165,1.9508682489395142,0.00010960719373542815,0.7792093753814697,0.23048140108585358
2166,1.9654028415679932,0.00011356952745700255,0.7735273241996765,0.23291626572608948
2167,1.9817990064620972,0.0001087126656784676,0.7674413919448853,0.24149014055728912
2168,2.0010640621185303,0.00010740843572421,0.7640153765678406,0.24971511960029602
2169,2.035269260406494,0.00011563266161829233,0.762234091758728,0.25339433550834656
2170,2.033778667449951,0.00010792932152980939,0.759126603603363,0.25946444272994995
2171,2.038851499557495,0.00011026053107343614,0.7567147016525269,0.2579907178878784
2172,2.0201621055603027,0.00011884303239639848,0.7556781768798828,0.24479396641254425
2173,1.9867963790893555,0.0001196446391986683,0.7526748180389404,0.23360276222229004
2174,1.971189022064209,0.00012549079838208854,0.7483794093132019,0.22241391241550446
2175,1.938455581665039,0.00012776741641573608,0.7451557517051697,0.21044155955314636
2176,1.9378234148025513,0.00013244048750493675,0.7406996488571167,0.20495522022247314
2177,1.944040060043335,0.0001362853217869997,0.734272837638855,0.2025885432958603
2178,1.9576184749603271,0.00013564378605224192,0.729034423828125,0.20661179721355438
2179,1.9974966049194336,0.00013642391422763467,0.724522054195404,0.21646235883235931
2180,2.0167648792266846,0.00013818914885632694,0.7188363671302795,0.22007161378860474
2181,2.0490992069244385,0.00014328269753605127,0.7145380973815918,0.2237078845500946
2182,2.05898380279541,0.000136808623210527,0.7129117250442505,0.2316720187664032
2183,2.0484158992767334,0.00013565004337579012,0.71141517162323,0.22881567478179932
2184,2.03572416305542,0.00014136158279143274,0.7107245326042175,0.21853190660476685
2185,1.9896947145462036,0.00013152533210814,0.7131602764129639,0.21357841789722443
2186,1.9585390090942383,0.00012935583072248846,0.7165036797523499,0.20506684482097626
2187,1.9202241897583008,0.00013031366688665003,0.7191875576972961,0.19141118228435516
2188,1.8939132690429688,0.00012681104999501258,0.7236437201499939,0.18506072461605072
2189,1.8964316844940186,0.000126603918033652,0.7290059924125671,0.1835593730211258
2190,1.8971606492996216,0.00012388391769491136,0.7321349382400513,0.18417590856552124
2191,1.9299119710922241,0.0001249534252565354,0.7347453832626343,0.19018857181072235
2192,1.9544463157653809,0.0001244228333234787,0.7381148934364319,0.19628961384296417
2193,1.9758732318878174,0.00012218189658597112,0.7390978932380676,0.20311987400054932
2194,1.9949805736541748,0.00011931236804230139,0.7381210327148438,0.20946557819843292
2195,1.9797492027282715,0.00011758122127503157,0.7382991909980774,0.20677262544631958
2196,1.9674606323242188,0.00012064090697094798,0.7377964854240417,0.20060496032238007
2197,1.9317965507507324,0.00011539871047716588,0.7353901267051697,0.19455136358737946
2198,1.8948643207550049,0.00011464868293842301,0.734614908695221,0.18544073402881622
2199,1.8714265823364258,0.00011676535359583795,0.7354660630226135,0.17863503098487854
2200,1.8419063091278076,0.00011191632802365348,0.7351703643798828,0.17479702830314636
2201,1.8440216779708862,0.00011317685130052269,0.7359158992767334,0.1740451604127884
2202,1.8469973802566528,0.00010903004294959828,0.7393122911453247,0.1806487739086151
2203,1.8642892837524414,0.00010813055996550247,0.7419363856315613,0.18665005266666412
2204,1.8948540687561035,0.00011377765622455627,0.7436345219612122,0.18902744352817535
2205,1.9100005626678467,0.00011070433538407087,0.7471372485160828,0.19701296091079712
2206,1.9357930421829224,0.00011270107643213123,0.7500060796737671,0.2028045952320099
2207,1.9367477893829346,0.00011728017125278711,0.7499940991401672,0.19782644510269165
2208,1.9299647808074951,0.00011859863298013806,0.7501240372657776,0.1946532428264618
2209,1.9168472290039062,0.00011706780060194433,0.7503604888916016,0.1934850811958313
2210,1.88474702835083,0.0001170122268376872,0.7475922703742981,0.1838863492012024
2211,1.8697489500045776,0.0001206354791065678,0.7439695596694946,0.17495793104171753
2212,1.8475522994995117,0.0001175115248770453,0.7418627142906189,0.17274153232574463
2213,1.8433611392974854,0.00011841984814964235,0.7384793162345886,0.1701931208372116
2214,1.8536787033081055,0.00011907047155546024,0.7339174747467041,0.169700488448143
2215,1.8609033823013306,0.00011730811820598319,0.7315422296524048,0.17385022342205048
2216,1.885878086090088,0.00012047633208567277,0.7297050356864929,0.1787441521883011
2217,1.892240285873413,0.00011424774129409343,0.7262635827064514,0.18423797190189362
2218,1.8956578969955444,0.00011215203267056495,0.7240289449691772,0.1872212290763855
2219,1.8885221481323242,0.00011498825188027695,0.723014771938324,0.18535643815994263
2220,1.8601603507995605,0.00011000605445588008,0.7198027968406677,0.1822911500930786
2221,1.8400845527648926,0.00011007528519257903,0.7157106399536133,0.17689897119998932
2222,1.8060741424560547,0.00011141375580336899,0.7125775218009949,0.17005985975265503
2223,1.784766674041748,0.00011276706936769187,0.7073955535888672,0.1655014455318451
2224,1.7731666564941406,0.00011398737842682749,0.6998100876808167,0.1622260957956314
2225,1.762546181678772,0.00011289211397524923,0.692933201789856,0.1641208678483963
2226,1.7742013931274414,0.00011402678501326591,0.685570240020752,0.17044512927532196
2227,1.7781983613967896,0.00011390194413252175,0.6760283708572388,0.1733984649181366
2228,1.792320966720581,0.00011533715587574989,0.6673226356506348,0.17859777808189392
2229,1.8016934394836426,0.00011303731298539788,0.6603776812553406,0.18767879903316498
2230,1.7969582080841064,0.00011272239498794079,0.6528095602989197,0.1883811205625534
2231,1.7934670448303223,0.00011663788609439507,0.6459929943084717,0.18422558903694153
2232,1.7660045623779297,0.00011173553502885625,0.6421356797218323,0.18413320183753967
2233,1.740896224975586,0.00011131026258226484,0.6390493512153625,0.17915305495262146
2234,1.7087997198104858,0.00011290208203718066,0.6358534097671509,0.16795378923416138
2235,1.6772334575653076,0.00011106487363576889,0.6348962783813477,0.16185466945171356
2236,1.6644750833511353,0.00011230295058339834,0.6351583003997803,0.15848983824253082
2237,1.6522817611694336,0.00011263472697464749,0.6341195702552795,0.1538143903017044
2238,1.6641571521759033,0.00011603001621551812,0.6333203911781311,0.15338118374347687
2239,1.6780048608779907,0.00011892909969901666,0.6334728002548218,0.15598338842391968
2240,1.6941195726394653,0.0001211208727909252,0.6318531036376953,0.15874738991260529
2241,1.7127162218093872,0.00012326191063039005,0.6287566423416138,0.16167107224464417
2242,1.7107048034667969,0.00012466596672311425,0.6264397501945496,0.16173988580703735
2243,1.709221601486206,0.0001285579928662628,0.6233601570129395,0.159565269947052
2244,1.690130591392517,0.00012721588427666575,0.6185258626937866,0.15610764920711517
2245,1.668251872062683,0.0001284056343138218,0.6146241426467896,0.1508159190416336
2246,1.6507840156555176,0.00013113158638589084,0.6118587851524353,0.14633771777153015
2247,1.6282987594604492,0.0001299714349443093,0.6082751750946045,0.1425410956144333
2248,1.6238948106765747,0.0001322767639067024,0.6055519580841064,0.14023931324481964
2249,1.6171090602874756,0.00012978276936337352,0.60532146692276,0.14295338094234467
2250,1.621313452720642,0.00012899366265628487,0.6053944826126099,0.14586372673511505
2251,1.6305224895477295,0.0001313046959694475,0.6054800152778625,0.14615720510482788
2252,1.6340785026550293,0.00012853214866481721,0.6078081727027893,0.15034514665603638
2253,1.6458919048309326,0.00012777390656992793,0.611038863658905,0.15448696911334991
2254,1.6429286003112793,0.00012938429426867515,0.6130585074424744,0.1513867974281311
2255,1.6412478685379028,0.00013090550783090293,0.6157182455062866,0.14861662685871124
2256,1.630388855934143,0.00012724092812277377,0.6194449663162231,0.14832580089569092
2257,1.611067533493042,0.00012615493324119598,0.6215154528617859,0.14287038147449493
2258,1.5971550941467285,0.00012764414714183658,0.6225906610488892,0.13622738420963287
2259,1.5747958421707153,0.0001223397848661989,0.6248852014541626,0.1342252641916275
2260,1.5668983459472656,0.00012069984222762287,0.6265652179718018,0.13263171911239624
2261,1.5611572265625,0.00011874707706738263,0.6266958117485046,0.13121725618839264
2262,1.5632851123809814,0.00011613851529546082,0.6280732154846191,0.13317441940307617
2263,1.5755393505096436,0.00011605460895225406,0.6305486559867859,0.13627541065216064
2264,1.580277681350708,0.00011246655776631087,0.6318249702453613,0.13969336450099945
2265,1.591076135635376,0.00011107197497040033,0.6336543560028076,0.14286577701568604
2266,1.587992787361145,0.00011027299478882924,0.6374717950820923,0.1432194858789444
2267,1.5802905559539795,0.0001086860938812606,0.6405856013298035,0.1423875242471695
2268,1.5689802169799805,0.00010648518218658864,0.642732560634613,0.14049819111824036
2269,1.5480568408966064,0.00010560675582382828,0.6462290287017822,0.1363210529088974
2270,1.536935806274414,0.00010756829578895122,0.6493468284606934,0.13245955109596252
2271,1.5216107368469238,0.00010656684025889263,0.6500285863876343,0.1293157935142517
2272,1.516850471496582,0.0001078923451132141,0.6505224704742432,0.1276673972606659
2273,1.5177748203277588,0.00010838576417881995,0.6511232852935791,0.12933391332626343
2274,1.5191764831542969,0.00010795152047649026,0.649193525314331,0.131059929728508
2275,1.5314699411392212,0.00011019351950380951,0.6459710597991943,0.13289499282836914
2276,1.5363352298736572,0.00010772469249786809,0.6437124609947205,0.13840509951114655
2277,1.5465534925460815,0.00010780450975289568,0.6405470967292786,0.14244791865348816
2278,1.5503846406936646,0.00010960518557112664,0.6360428929328918,0.14172883331775665
2279,1.5471471548080444,0.00010869077959796414,0.6330653429031372,0.1425916850566864
2280,1.5433297157287598,0.00010825619392562658,0.6312083601951599,0.1433185487985611
2281,1.5259149074554443,0.00010810954699991271,0.6284685730934143,0.13823406398296356
2282,1.5123040676116943,0.00010929640120593831,0.6266729235649109,0.13307861983776093
2283,1.4928991794586182,0.00010760113946162164,0.6268483996391296,0.1307724118232727
2284,1.4774574041366577,0.00010757309792097658,0.6264263391494751,0.12683793902397156
2285,1.4710381031036377,0.00010867520177271217,0.6253456473350525,0.12344697117805481
2286,1.4651844501495361,0.00010825916251633316,0.625532329082489,0.12362342327833176
2287,1.473278522491455,0.00011074330541305244,0.6252757906913757,0.12508516013622284
2288,1.478715181350708,0.0001098987995646894,0.622963011264801,0.12755422294139862
2289,1.48738431930542,0.00011055813956772909,0.6206299066543579,0.13065849244594574
2290,1.493513584136963,0.00011316810559947044,0.6183873414993286,0.1325134038925171
2291,1.4891431331634521,0.00011161594011355191,0.614139199256897,0.1339440494775772
2292,1.4854037761688232,0.00011142024595756084,0.6091616749763489,0.1339665949344635
2293,1.4697439670562744,0.00011230909876758233,0.6052125692367554,0.13134750723838806
2294,1.4562857151031494,0.00011328622349537909,0.6007130742073059,0.12842273712158203
2295,1.4421350955963135,0.0001127404611906968,0.595554530620575,0.1254105418920517
2296,1.4280166625976562,0.00011303424253128469,0.5919893383979797,0.12290682643651962
2297,1.4240490198135376,0.00011451621685409918,0.5894691944122314,0.1222786158323288
2298,1.4182753562927246,0.00011394415923859924,0.5865504741668701,0.12156007438898087
2299,1.4228832721710205,0.00011530127085279673,0.5847471952438354,0.12212913483381271
2300,1.4277691841125488,0.00011448963050497696,0.5846191644668579,0.12560464441776276
2301,1.4337161779403687,0.00011508329771459103,0.5841966867446899,0.12717777490615845
2302,1.442931890487671,0.00011851028102682903,0.5836352705955505,0.1266714185476303
2303,1.4434865713119507,0.00011755751620512456,0.5843046307563782,0.12855297327041626
2304,1.446201205253601,0.00011831984738819301,0.5848407745361328,0.12924018502235413
2305,1.4395790100097656,0.00012027590855723247,0.5842131972312927,0.12602019309997559
2306,1.431227445602417,0.00012027175398543477,0.5839832425117493,0.12447179853916168
2307,1.4229681491851807,0.00011868820001836866,0.5841376185417175,0.12468224763870239
2308,1.4116919040679932,0.00011806414840975776,0.5831462740898132,0.12316862493753433
2309,1.41031014919281,0.00011888340668519959,0.5819690227508545,0.12305913120508194
2310,1.4084911346435547,0.00011682349577313289,0.5817963480949402,0.12573108077049255
2311,1.41532301902771,0.0001166723741334863,0.5813233852386475,0.12879270315170288
2312,1.4243804216384888,0.00011632496898528188,0.5803577303886414,0.1323137879371643
2313,1.4306061267852783,0.00011515624646563083,0.5804807543754578,0.13569006323814392
2314,1.438429355621338,0.00011557927064131945,0.5811241269111633,0.13760356605052948
2315,1.4351346492767334,0.0001134873236878775,0.5810349583625793,0.13826514780521393
2316,1.4309113025665283,0.00011300216283416376,0.5813388228416443,0.1367073357105255
2317,1.4199835062026978,0.00011254892160650343,0.5824337601661682,0.13284644484519958
2318,1.4064350128173828,0.00011173373786732554,0.5826858282089233,0.12831111252307892
2319,1.3972570896148682,0.00011260384053457528,0.5822809338569641,0.12331801652908325
2320,1.385704517364502,0.00011172703671036288,0.5824463367462158,0.11920158565044403
2321,1.3832215070724487,0.00011199816799489781,0.5820815563201904,0.11659066379070282
2322,1.3807504177093506,0.000112735120637808,0.5804459452629089,0.11398816853761673
2323,1.3819270133972168,0.00011224990885239094,0.5790674090385437,0.1135730966925621
2324,1.385956048965454,0.00011017387441825122,0.5780110359191895,0.11552150547504425
2325,1.3852308988571167,0.00010951829608529806,0.5760270357131958,0.11527828127145767
2326,1.3873257637023926,0.0001104977709474042,0.5741488933563232,0.11440639942884445
2327,1.3813530206680298,0.00010697114339563996,0.5735243558883667,0.11566462367773056
2328,1.3740451335906982,0.00010574795305728912,0.5729493498802185,0.11450686305761337
2329,1.3630075454711914,0.00010647198359947652,0.5723150968551636,0.11043034493923187
2330,1.3470087051391602,0.00010368016955908388,0.5731420516967773,0.10837048292160034
2331,1.3351011276245117,0.00010173516056966037,0.5747842788696289,0.10667292773723602
2332,1.3204944133758545,0.00010067306720884517,0.575949490070343,0.10315275937318802
2333,1.3137526512145996,0.00010000602924264967,0.5777080059051514,0.1014367938041687
2334,1.3104524612426758,9.846600732998922e-05,0.5803016424179077,0.10177941620349884
2335,1.3105909824371338,9.771150507731363e-05,0.5819143652915955,0.10205045342445374
2336,1.3167951107025146,9.788863098947331e-05,0.5826956629753113,0.10294771939516068
2337,1.3186137676239014,9.708111610962078e-05,0.583804190158844,0.10419165343046188
2338,1.3223917484283447,9.754965867614374e-05,0.5839354395866394,0.10484925657510757
2339,1.319828748703003,9.653329470893368e-05,0.5823603868484497,0.10481132566928864
2340,1.3133636713027954,9.609556582290679e-05,0.5807233452796936,0.10378764569759369
2341,1.3063452243804932,9.670355939306319e-05,0.5789362788200378,0.10217983275651932
2342,1.2941899299621582,9.556103032082319e-05,0.5757372379302979,0.10022033005952835
2343,1.2870793342590332,9.593378490535542e-05,0.5724163055419922,0.09835432469844818
2344,1.278923511505127,9.554982534609735e-05,0.5700294375419617,0.09787103533744812
2345,1.2746078968048096,9.53201306401752e-05,0.5672252774238586,0.09780692309141159
2346,1.274504542350769,9.593846334610134e-05,0.5641794204711914,0.09759521484375
2347,1.273210883140564,9.483005851507187e-05,0.5624382495880127,0.09955915063619614
2348,1.2773656845092773,9.465618495596573e-05,0.5610749125480652,0.10207561403512955
2349,1.27826988697052,9.505053458269686e-05,0.5590357184410095,0.10229696333408356
2350,1.2802088260650635,9.541760664433241e-05,0.5576407313346863,0.1032351553440094
2351,1.2808727025985718,9.491778473602608e-05,0.5568623542785645,0.10512929409742355
2352,1.276553750038147,9.53321869019419e-05,0.555033802986145,0.10403981059789658
2353,1.2733983993530273,9.681684605311602e-05,0.5527828931808472,0.1020606979727745
2354,1.2643746137619019,9.54423812800087e-05,0.5511206984519958,0.10187633335590363
2355,1.2567797899246216,9.52154805418104e-05,0.5486945509910583,0.10057272017002106
2356,1.2492966651916504,9.536057768855244e-05,0.5452909469604492,0.09821128845214844
2357,1.241904616355896,9.423762821825221e-05,0.542513906955719,0.09779166430234909
2358,1.2405890226364136,9.4326984253712e-05,0.5399129390716553,0.09810850024223328
2359,1.2383232116699219,9.348166349809617e-05,0.5365164279937744,0.09795867651700974
2360,1.2406632900238037,9.335822687717155e-05,0.5336751937866211,0.09868458658456802
2361,1.2423627376556396,9.363493882119656e-05,0.5318485498428345,0.0998016819357872
2362,1.2415919303894043,9.285518171964213e-05,0.5296523571014404,0.10033202171325684
2363,1.241324782371521,9.245287219528109e-05,0.5275244116783142,0.10036156326532364
2364,1.2347910404205322,9.232862066710368e-05,0.5265015959739685,0.09977446496486664
2365,1.2289338111877441,9.278959623770788e-05,0.5253627300262451,0.0985785648226738
2366,1.2206251621246338,9.237322228727862e-05,0.5235370993614197,0.09675420820713043
2367,1.2116265296936035,9.267858695238829e-05,0.5222357511520386,0.09507729858160019
2368,1.2063759565353394,9.378745016874745e-05,0.5209846496582031,0.09412608295679092
2369,1.1997895240783691,9.383940050611272e-05,0.5186238884925842,0.09295348078012466
2370,1.1984689235687256,9.482280438533053e-05,0.5161561369895935,0.09266278147697449
2371,1.1978113651275635,9.459833381697536e-05,0.5141057372093201,0.09445428848266602
2372,1.1985218524932861,9.457855048822239e-05,0.5113226771354675,0.09568572044372559
2373,1.2023892402648926,9.565449727233499e-05,0.5082406401634216,0.09625611454248428
2374,1.2031559944152832,9.446417243452743e-05,0.5060805678367615,0.09878187626600266
2375,1.2058534622192383,9.427926852367818e-05,0.5041141510009766,0.10051664710044861
2376,1.204871416091919,9.502284956397489e-05,0.5019849538803101,0.09940837323665619
2377,1.201468825340271,9.446027979720384e-05,0.500947117805481,0.0991954430937767
2378,1.1976408958435059,9.350452455691993e-05,0.5008422136306763,0.09930175542831421
2379,1.1895675659179688,9.312458132626489e-05,0.5006325840950012,0.09660051017999649
2380,1.1843514442443848,9.317154035670683e-05,0.5010342597961426,0.09411904215812683
2381,1.1785752773284912,9.167095413431525e-05,0.5024459958076477,0.09347643703222275
2382,1.1753947734832764,9.114421845879406e-05,0.5036081671714783,0.0919422134757042
2383,1.176450490951538,9.133737330557778e-05,0.5044865012168884,0.09043646603822708
2384,1.1770544052124023,9.018621494760737e-05,0.5059282183647156,0.09083015471696854
2385,1.181566596031189,8.989425259642303e-05,0.5070509314537048,0.0914635881781578
2386,1.183873176574707,8.894455095287412e-05,0.5072261095046997,0.09160558879375458
2387,1.1849074363708496,8.790647552814335e-05,0.5075087547302246,0.09225954115390778
2388,1.1850454807281494,8.732562127988786e-05,0.5078058838844299,0.09294208139181137
2389,1.1802293062210083,8.580260328017175e-05,0.507205605506897,0.09270921349525452
2390,1.176154375076294,8.511261694366112e-05,0.5065653324127197,0.09223676472902298
2391,1.1691854000091553,8.400415390497074e-05,0.5065491199493408,0.09233229607343674
2392,1.1623108386993408,8.29003838589415e-05,0.5062316060066223,0.09206169843673706
2393,1.1576206684112549,8.244330820161849e-05,0.5058555603027344,0.09149974584579468
2394,1.151896595954895,8.08451950433664e-05,0.5064595937728882,0.09256394952535629
2395,1.1504952907562256,7.987763092387468e-05,0.5073332190513611,0.09403694421052933
2396,1.1492724418640137,7.947543781483546e-05,0.5079387426376343,0.0942540094256401
2397,1.1495165824890137,7.846950757084414e-05,0.5092558860778809,0.09574898332357407
2398,1.151833415031433,7.725346222287044e-05,0.5110273361206055,0.09808039665222168
2399,1.151489019393921,7.700026617385447e-05,0.512160062789917,0.09795766323804855
2400,1.15231192111969,7.723730232100934e-05,0.5132875442504883,0.09759370237588882
2401,1.1499300003051758,7.555643242085353e-05,0.5147984623908997,0.09851835668087006
2402,1.1456670761108398,7.486400136258453e-05,0.5155465006828308,0.09736547619104385
2403,1.1416106224060059,7.49690952943638e-05,0.5156956315040588,0.09502946585416794
2404,1.1349031925201416,7.301063305931166e-05,0.5162239074707031,0.09446129202842712
2405,1.1311252117156982,7.208483293652534e-05,0.5163851976394653,0.09352900087833405
2406,1.1277425289154053,7.161918620113283e-05,0.5158116817474365,0.09154975414276123
2407,1.125922679901123,7.063150405883789e-05,0.5156697630882263,0.09113945066928864
2408,1.127329707145691,7.024519436527044e-05,0.5157718062400818,0.09149131178855896
2409,1.1273040771484375,6.936203863006085e-05,0.5152367949485779,0.0911039337515831
2410,1.1291080713272095,6.895661499584094e-05,0.5149090886116028,0.09119963645935059
2411,1.129178524017334,6.875171675346792e-05,0.5151098966598511,0.09174811094999313
2412,1.1271405220031738,6.820167618570849e-05,0.5146739482879639,0.09151189029216766
2413,1.1253767013549805,6.820858106948435e-05,0.5138381719589233,0.09082622081041336
2414,1.1201670169830322,6.830852362327278e-05,0.5133396983146667,0.09042872488498688
2415,1.1157784461975098,6.878742715343833e-05,0.5121700167655945,0.08976200222969055
2416,1.110912561416626,6.909045623615384e-05,0.5099977254867554,0.08861017972230911
2417,1.105466365814209,6.9271212851163e-05,0.5078558325767517,0.08843398094177246
2418,1.102906346321106,6.978286546654999e-05,0.5053220391273499,0.08901694416999817
2419,1.0996191501617432,6.991333066252992e-05,0.5017178058624268,0.08890225738286972
2420,1.0987598896026611,7.020812336122617e-05,0.4980989396572113,0.0896926298737526
2421,1.0989173650741577,7.000545156188309e-05,0.49474790692329407,0.09176559746265411
2422,1.0980156660079956,7.006453961366788e-05,0.4908263683319092,0.09235134720802307
2423,1.0985337495803833,7.082879892550409e-05,0.4870053827762604,0.092438705265522
2424,1.096055030822754,7.025880040600896e-05,0.484034925699234,0.09373141825199127
2425,1.092679500579834,7.04097401467152e-05,0.4810604453086853,0.09344534575939178
2426,1.0882303714752197,7.122736133169383e-05,0.47807228565216064,0.09153047204017639
2427,1.0812249183654785,7.079501665430143e-05,0.4759473502635956,0.09082046151161194
2428,1.0759695768356323,7.105984695954248e-05,0.4740203320980072,0.08978057652711868
2429,1.070063591003418,7.166530849644914e-05,0.4716412425041199,0.08734729140996933
2430,1.0659162998199463,7.208832539618015e-05,0.4695858955383301,0.0861116573214531
2431,1.064273476600647,7.273726805578917e-05,0.46763965487480164,0.08580068498849869
2432,1.0623779296875,7.314868707908317e-05,0.4648464620113373,0.08486337214708328
2433,1.0630772113800049,7.384869968518615e-05,0.46177688241004944,0.08456961065530777
2434,1.0629215240478516,7.429618563037366e-05,0.4588184952735901,0.0851726308465004
2435,1.0621898174285889,7.45721990824677e-05,0.4551081359386444,0.08533356338739395
2436,1.061720371246338,7.504154928028584e-05,0.45091497898101807,0.0852317363023758
2437,1.0583875179290771,7.543520769104362e-05,0.44708648324012756,0.08544299006462097
2438,1.0553991794586182,7.61954506742768e-05,0.4430637061595917,0.08530343323945999
2439,1.050976276397705,7.66292869229801e-05,0.4386887848377228,0.08451831340789795
2440,1.045602560043335,7.713621016591787e-05,0.43489956855773926,0.08412522822618484
2441,1.0418486595153809,7.799187733326107e-05,0.431476354598999,0.08405055105686188
2442,1.0372858047485352,7.8539305832237e-05,0.4278257191181183,0.08332645148038864
2443,1.0351438522338867,7.950676081236452e-05,0.4246382415294647,0.08311834931373596
2444,1.0343658924102783,8.015938510652632e-05,0.422037273645401,0.08392554521560669
2445,1.0339882373809814,8.110258204396814e-05,0.41919106245040894,0.08392765372991562
2446,1.0358800888061523,8.269159297924489e-05,0.4164044260978699,0.08377338200807571
2447,1.0363330841064453,8.300702756969258e-05,0.414152055978775,0.08480201661586761
2448,1.03682541847229,8.383169188164175e-05,0.41169703006744385,0.08502988517284393
2449,1.0364125967025757,8.514821092830971e-05,0.40897831320762634,0.08421076834201813
2450,1.0336027145385742,8.499484101776034e-05,0.4067419767379761,0.08442860096693039
2451,1.0313339233398438,8.506000449415296e-05,0.40460696816444397,0.08450683206319809
2452,1.0274522304534912,8.54346581036225e-05,0.40220585465431213,0.08341269940137863
2453,1.0240720510482788,8.531093044439331e-05,0.4003162682056427,0.08314049988985062
2454,1.0219038724899292,8.507925667800009e-05,0.39896056056022644,0.08352235704660416
2455,1.0192469358444214,8.494437497574836e-05,0.3975149691104889,0.08323684334754944
2456,1.0187830924987793,8.497691305819899e-05,0.39648881554603577,0.08339663594961166
2457,1.0180854797363281,8.454771887045354e-05,0.3962092399597168,0.08429200202226639
2458,1.0176441669464111,8.41733708512038e-05,0.395913690328598,0.0848224014043808
2459,1.018117070198059,8.40148568386212e-05,0.3956686854362488,0.08517131209373474
2460,1.016855239868164,8.36565304780379e-05,0.3960009217262268,0.08565618842840195
2461,1.0160716772079468,8.366267138626426e-05,0.39623913168907166,0.0857367143034935
2462,1.0139915943145752,8.342645014636219e-05,0.39604172110557556,0.08526632189750671
2463,1.0105366706848145,8.312670979648829e-05,0.3960658609867096,0.08475296944379807
2464,1.0075786113739014,8.302759670186788e-05,0.39600473642349243,0.08420586585998535
2465,1.0030922889709473,8.245091885328293e-05,0.3952871561050415,0.08323124796152115
2466,0.999688446521759,8.204106416087598e-05,0.39459556341171265,0.08253046870231628
2467,0.997044563293457,8.139621058944613e-05,0.39411798119544983,0.08250166475772858
2468,0.9945135712623596,8.0707402958069e-05,0.3932141661643982,0.08212176710367203
2469,0.994101881980896,8.043541311053559e-05,0.3923708200454712,0.08184269815683365
2470,0.9931396245956421,7.93688595877029e-05,0.3921550512313843,0.08254306018352509
2471,0.9925739765167236,7.870723493397236e-05,0.3919374644756317,0.08272024244070053
2472,0.9920275211334229,7.856131560401991e-05,0.39177557826042175,0.08219550549983978
2473,0.9897092580795288,7.748459029244259e-05,0.392371267080307,0.08249345421791077
2474,0.9878681302070618,7.683590956730768e-05,0.39319175481796265,0.08247080445289612
2475,0.9848458170890808,7.663886935915798e-05,0.39380186796188354,0.08134588599205017
2476,0.9816093444824219,7.600812386954203e-05,0.39485159516334534,0.08089122176170349
2477,0.9793734550476074,7.549817382823676e-05,0.3960738480091095,0.08078780025243759
2478,0.9764269590377808,7.522211672039703e-05,0.3967159390449524,0.07992330193519592
2479,0.9749801158905029,7.498983177356422e-05,0.39729687571525574,0.07959063351154327
2480,0.9738821983337402,7.442166679538786e-05,0.397982120513916,0.08003511279821396
2481,0.9728248715400696,7.387710502371192e-05,0.3979843258857727,0.08015995472669601
2482,0.9732081890106201,7.357106369454414e-05,0.3976373076438904,0.08041586726903915
2483,0.9727091789245605,7.306068437173963e-05,0.39753612875938416,0.08115030825138092
2484,0.9725281000137329,7.280280988197774e-05,0.3970505893230438,0.08157828450202942
2485,0.9720157384872437,7.259781705215573e-05,0.396205335855484,0.08162441849708557
2486,0.9698022603988647,7.23971170373261e-05,0.39579418301582336,0.08173231780529022
2487,0.9677442312240601,7.253420335473493e-05,0.3953942358493805,0.08158573508262634
2488,0.9643040895462036,7.240816194098443e-05,0.3946300148963928,0.08090315014123917
2489,0.9606350064277649,7.250221824506298e-05,0.39422905445098877,0.08035837113857269
2490,0.9579180479049683,7.288641791092232e-05,0.39401137828826904,0.08003615587949753
2491,0.9549041986465454,7.316602568607777e-05,0.39327481389045715,0.07929759472608566
2492,0.9536075592041016,7.37912196200341e-05,0.3925395905971527,0.0788678452372551
2493,0.952881395816803,7.416121661663055e-05,0.39195334911346436,0.07918494939804077
2494,0.9521520137786865,7.46233417885378e-05,0.39073893427848816,0.07907764613628387
2495,0.9523980617523193,7.53793865442276e-05,0.38919949531555176,0.07893849164247513
2496,0.9514366984367371,7.532481686212122e-05,0.38785654306411743,0.07967638224363327
2497,0.9503347873687744,7.553627801826224e-05,0.38609543442726135,0.0799531415104866
2498,0.948917031288147,7.606019789818674e-05,0.3839820623397827,0.07965087890625
2499,0.9461550116539001,7.582346734125167e-05,0.3822733759880066,0.08012988418340683
2500,0.943933367729187,7.59292088332586e-05,0.3806019425392151,0.08044236898422241
2501,0.9410212635993958,7.629918400198221e-05,0.37872427701950073,0.08000810444355011
2502,0.9380921125411987,7.635667134309188e-05,0.3773714303970337,0.08022315800189972
2503,0.9362121820449829,7.656744855921715e-05,0.37638553977012634,0.08074220269918442
2504,0.9340459704399109,7.678146357648075e-05,0.3752041459083557,0.08075512945652008
2505,0.9332486391067505,7.709825877100229e-05,0.3743385970592499,0.08116748929023743
2506,0.9331236481666565,7.744354661554098e-05,0.373845636844635,0.0819689929485321
2507,0.9328932762145996,7.772316166665405e-05,0.37299349904060364,0.08236943930387497
2508,0.9335713386535645,7.822415500413626e-05,0.3720445930957794,0.0826917290687561
2509,0.9331792593002319,7.855791773181409e-05,0.3713238835334778,0.08310245722532272
2510,0.932201087474823,7.875915616750717e-05,0.37016934156417847,0.08308493345975876
2511,0.9308533668518066,7.891681889304891e-05,0.3686518967151642,0.08268727362155914
2512,0.9280269742012024,7.881788769736886e-05,0.36736685037612915,0.08235131949186325
2513,0.9255737066268921,7.881419151090086e-05,0.36589178442955017,0.08182068169116974
2514,0.9229683876037598,7.875772280385718e-05,0.3641105890274048,0.08092429488897324
2515,0.9203789234161377,7.852730777813122e-05,0.3627365529537201,0.08041846007108688
2516,0.9190738797187805,7.840304169803858e-05,0.3615885376930237,0.08015185594558716
2517,0.9175779819488525,7.829353853594512e-05,0.3603098690509796,0.07944299280643463
2518,0.9167405366897583,7.811990508344024e-05,0.35951143503189087,0.07916557788848877
2519,0.916378378868103,7.77889508754015e-05,0.3591946065425873,0.07936389744281769
2520,0.9153203964233398,7.768911018501967e-05,0.3587626516819,0.07884684205055237
2521,0.9148081541061401,7.772442768327892e-05,0.3585841953754425,0.0784139409661293
2522,0.9136749505996704,7.720453140791506e-05,0.35883092880249023,0.07859108597040176
2523,0.9119385480880737,7.699739944655448e-05,0.3588056266307831,0.07805561274290085
2524,0.9104472398757935,7.701628055656329e-05,0.3586386740207672,0.07730203866958618
2525,0.9079446792602539,7.626709702890366e-05,0.35872307419776917,0.07729628682136536
2526,0.9056764841079712,7.576519419671968e-05,0.3584653437137604,0.07695913314819336
2527,0.9037349224090576,7.542775711044669e-05,0.35781577229499817,0.07633707672357559
2528,0.9015936851501465,7.454684237018228e-05,0.35737404227256775,0.07645422220230103
2529,0.9006844758987427,7.395647116936743e-05,0.35677745938301086,0.0765877515077591
2530,0.8999426364898682,7.347681093961e-05,0.35579997301101685,0.0763605460524559
2531,0.8993712663650513,7.293387170648202e-05,0.35510191321372986,0.07654103636741638
2532,0.8993979692459106,7.265824388014153e-05,0.35453248023986816,0.07677058130502701
2533,0.8985100984573364,7.227866444736719e-05,0.35364386439323425,0.07650230824947357
2534,0.8975389003753662,7.206892041722313e-05,0.35297492146492004,0.07628646492958069
2535,0.8962711095809937,7.201892731245607e-05,0.3525417447090149,0.07615084201097488
2536,0.8941336870193481,7.190135511336848e-05,0.351718932390213,0.07554760575294495
2537,0.8924976587295532,7.208765600807965e-05,0.3508444130420685,0.07493220269680023
2538,0.8906081914901733,7.221703708637506e-05,0.3501259982585907,0.07471312582492828
2539,0.88875412940979,7.235231169033796e-05,0.3489128351211548,0.07425215095281601
2540,0.8877154588699341,7.266886677825823e-05,0.3473788797855377,0.0737931951880455
2541,0.8863598108291626,7.259385893121362e-05,0.34597209095954895,0.07404174655675888
2542,0.8855472803115845,7.264289888553321e-05,0.3441876173019409,0.07416220754384995
2543,0.8851190805435181,7.289111817954108e-05,0.3420638144016266,0.07399076223373413
2544,0.8842360973358154,7.270873902598396e-05,0.34022393822669983,0.07449835538864136
2545,0.8838449716567993,7.273593655554578e-05,0.3383464217185974,0.07486933469772339
2546,0.8829765319824219,7.29784369468689e-05,0.3362787961959839,0.07453818619251251
2547,0.8815388083457947,7.294121314771473e-05,0.33465057611465454,0.0746738612651825
2548,0.8802610635757446,7.305737381102517e-05,0.333269864320755,0.07480902969837189
2549,0.8782020211219788,7.33157285139896e-05,0.33174121379852295,0.07415694743394852
2550,0.8762928247451782,7.351199019467458e-05,0.33055245876312256,0.07386478781700134
2551,0.8748399019241333,7.374492997769266e-05,0.3296225070953369,0.0739012360572815
2552,0.8732503652572632,7.398426532745361e-05,0.3283783495426178,0.07342082262039185
2553,0.8725837469100952,7.432064739987254e-05,0.32715702056884766,0.07322786003351212
2554,0.872161865234375,7.462879875674844e-05,0.3260565996170044,0.0735209658741951
2555,0.8716245889663696,7.478237967006862e-05,0.3244904577732086,0.07350842654705048
2556,0.8715869784355164,7.497068145312369e-05,0.3226996064186096,0.07355482131242752
2557,0.8709332942962646,7.51100160414353e-05,0.32101699709892273,0.07394783943891525
2558,0.8700208067893982,7.512909360229969e-05,0.31896936893463135,0.07405084371566772
2559,0.8691261410713196,7.517855556216091e-05,0.3167095184326172,0.07393886148929596
2560,0.8674125671386719,7.532016024924815e-05,0.31473803520202637,0.0740426555275917
2561,0.8658050298690796,7.551829912699759e-05,0.31269583106040955,0.0739259272813797
2562,0.8641130328178406,7.566321437479928e-05,0.31056731939315796,0.07349615544080734
2563,0.862044632434845,7.583631668239832e-05,0.3088757395744324,0.07339563220739365
2564,0.860637903213501,7.612656190758571e-05,0.30733269453048706,0.07330143451690674
2565,0.8592959642410278,7.637108501512557e-05,0.3057110607624054,0.07284924387931824
2566,0.8582115173339844,7.659757102373987e-05,0.3044702112674713,0.07283163070678711
2567,0.8579005002975464,7.687722245464101e-05,0.3034067451953888,0.07301841676235199
2568,0.8573335409164429,7.711623038630933e-05,0.3021408021450043,0.07270500808954239
2569,0.8568896055221558,7.721230940660462e-05,0.3010730445384979,0.07273095846176147
2570,0.8563947677612305,7.710974023211747e-05,0.3001636564731598,0.07306715101003647
2571,0.8550683259963989,7.699247362324968e-05,0.2989896833896637,0.0727682113647461
2572,0.8537277579307556,7.6790209277533e-05,0.2979174256324768,0.07261263579130173
2573,0.8520495891571045,7.628282764926553e-05,0.29709768295288086,0.07287824153900146
2574,0.8499913215637207,7.585552521049976e-05,0.29611799120903015,0.07259292155504227
2575,0.8484644889831543,7.551447924925014e-05,0.2952626943588257,0.07233768701553345
2576,0.8468747138977051,7.494245073758066e-05,0.2948113679885864,0.07260498404502869
2577,0.8455386161804199,7.452470890711993e-05,0.2943408191204071,0.07253466546535492
2578,0.8448727130889893,7.4253068305552e-05,0.2939700186252594,0.07241052389144897
2579,0.8440768718719482,7.381282193819061e-05,0.29401472210884094,0.07276342064142227
2580,0.8436844348907471,7.350349187618122e-05,0.2940311133861542,0.0729156881570816
2581,0.8435539603233337,7.328859646804631e-05,0.29395240545272827,0.07286906987428665
2582,0.8429878354072571,7.301023288164288e-05,0.29411643743515015,0.07311108708381653
2583,0.8425683379173279,7.287095650099218e-05,0.2941271662712097,0.07318336516618729
2584,0.8417744636535645,7.272094808286056e-05,0.29380378127098083,0.07293158024549484
2585,0.8403708934783936,7.246859604492784e-05,0.29354748129844666,0.07289206981658936
2586,0.8390913009643555,7.227866444736719e-05,0.2931118905544281,0.07281620800495148
2587,0.8374609351158142,7.205730798887089e-05,0.2922835946083069,0.07240783423185349
2588,0.8358693718910217,7.17892762622796e-05,0.2915380597114563,0.07229207456111908
2589,0.8348801136016846,7.160550740081817e-05,0.2908001244068146,0.07234350591897964
2590,0.8338766098022461,7.152219041017815e-05,0.28981685638427734,0.07202083617448807
2591,0.8332968950271606,7.142221147660166e-05,0.28904736042022705,0.0719941034913063
2592,0.8330798149108887,7.128112338250503e-05,0.2885160446166992,0.0722433552145958
2593,0.8325127363204956,7.13220942998305e-05,0.287874311208725,0.07196983695030212
2594,0.8321036100387573,7.139067747630179e-05,0.2874670922756195,0.0718357115983963
2595,0.8315120935440063,7.128216384444386e-05,0.2873579263687134,0.07201974838972092
2596,0.8304095268249512,7.138046203181148e-05,0.2870955169200897,0.07163624465465546
2597,0.8294373750686646,7.15141577529721e-05,0.2868947982788086,0.07128898054361343
2598,0.8281295895576477,7.132436439860612e-05,0.28688234090805054,0.0713716447353363
2599,0.8265489935874939,7.127338903956115e-05,0.2865888476371765,0.07105448096990585
2600,0.8252611756324768,7.126051059458405e-05,0.2861611247062683,0.07076693326234818
2601,0.8237682580947876,7.091661245794967e-05,0.28584417700767517,0.07098667323589325
2602,0.8224537372589111,7.066024409141392e-05,0.28523358702659607,0.07099884748458862
2603,0.8216285705566406,7.04772537574172e-05,0.2844393849372864,0.0709846019744873
2604,0.8207075595855713,7.014658331172541e-05,0.28381940722465515,0.07136666029691696
2605,0.8200615644454956,6.996832235017791e-05,0.28303682804107666,0.0715612918138504
2606,0.8195454478263855,6.990489782765508e-05,0.2821230888366699,0.07155529409646988
2607,0.8185659646987915,6.982930062804371e-05,0.2814650237560272,0.07174430787563324
2608,0.8176017999649048,6.988830864429474e-05,0.2807418704032898,0.0717230811715126
2609,0.816429615020752,7.000433106441051e-05,0.279858261346817,0.07139912247657776
2610,0.81486976146698,7.01521712471731e-05,0.27917763590812683,0.07123768329620361
2611,0.8135918974876404,7.045542588457465e-05,0.2783988118171692,0.07097948342561722
2612,0.8123077154159546,7.080635987222195e-05,0.2773268520832062,0.07045206427574158
2613,0.8110175728797913,7.11085885995999e-05,0.2763250470161438,0.07022319734096527
2614,0.810197114944458,7.145604467950761e-05,0.27517780661582947,0.0700836330652237
2615,0.8093339204788208,7.17988150427118e-05,0.2736688554286957,0.06968288868665695
2616,0.8085308074951172,7.20202733646147e-05,0.27220848202705383,0.06964048743247986
2617,0.8080633878707886,7.226260640891269e-05,0.2707097828388214,0.06975121796131134
2618,0.807366132736206,7.257980178110301e-05,0.26896193623542786,0.06947813928127289
2619,0.8066772818565369,7.281853322638199e-05,0.2673875689506531,0.06948111206293106
2620,0.8060797452926636,7.306414772756398e-05,0.2659834623336792,0.06963615864515305
2621,0.8050543069839478,7.341142918448895e-05,0.2644932270050049,0.06932321935892105
2622,0.804008960723877,7.374269625870511e-05,0.2632737457752228,0.06920396536588669
2623,0.8029845952987671,7.40672621759586e-05,0.26233431696891785,0.06928721070289612
2624,0.8016971349716187,7.443642243742943e-05,0.26133352518081665,0.06898351013660431
2625,0.8007248044013977,7.48032471165061e-05,0.26052719354629517,0.06886900961399078
2626,0.7999542951583862,7.512071897508577e-05,0.2599332332611084,0.06903216242790222
2627,0.7991299033164978,7.53764616092667e-05,0.2591647505760193,0.06893138587474823
2628,0.798654317855835,7.562804239569232e-05,0.25842759013175964,0.06895697116851807
2629,0.7981321811676025,7.581210957141593e-05,0.2578044831752777,0.06921189278364182
2630,0.7973517775535583,7.583029946545139e-05,0.25693660974502563,0.06921835988759995
2631,0.7966808080673218,7.583383558085188e-05,0.2560342848300934,0.06921622157096863
2632,0.7957484722137451,7.582295074826106e-05,0.25527656078338623,0.06935079395771027
2633,0.7945810556411743,7.570768502773717e-05,0.2543559968471527,0.06920847296714783
2634,0.793583333492279,7.567674038000405e-05,0.25347429513931274,0.06897304952144623
2635,0.7923943996429443,7.568139699287713e-05,0.252861887216568,0.0688992291688919
2636,0.7911779880523682,7.563235703855753e-05,0.25221145153045654,0.06859178096055984
2637,0.7902603149414062,7.565612759208307e-05,0.2516566216945648,0.06821286678314209
2638,0.7892775535583496,7.564570842077956e-05,0.25141897797584534,0.06812271475791931
2639,0.7884618043899536,7.564318366348743e-05,0.2511579692363739,0.06784945726394653
2640,0.7879922389984131,7.571619062218815e-05,0.2509211003780365,0.0675048977136612
2641,0.7874027490615845,7.563707913504913e-05,0.2509210407733917,0.06753501296043396
2642,0.7868647575378418,7.554891635663807e-05,0.2508091628551483,0.067387156188488
2643,0.7863752841949463,7.546828419435769e-05,0.25059717893600464,0.06711633503437042
2644,0.7854924201965332,7.513089803978801e-05,0.250539094209671,0.06723115593194962
2645,0.784529447555542,7.481184729840606e-05,0.2503359019756317,0.06716133654117584
2646,0.7835512161254883,7.452893623849377e-05,0.2500073313713074,0.06692591309547424
2647,0.7823261022567749,7.403892959700897e-05,0.24986258149147034,0.06706633418798447
2648,0.7812907695770264,7.36305009922944e-05,0.24965326488018036,0.06706901639699936
2649,0.780442476272583,7.330595690291375e-05,0.249383345246315,0.06691474467515945
2650,0.7795259952545166,7.288617780432105e-05,0.24937237799167633,0.06709881871938705
2651,0.7788801193237305,7.258268306031823e-05,0.24936825037002563,0.06718499958515167
2652,0.7783480882644653,7.234388613142073e-05,0.24930864572525024,0.06711314618587494
2653,0.777662456035614,7.204894063761458e-05,0.24947363138198853,0.06729316711425781
2654,0.7771254181861877,7.183568959590048e-05,0.2495836615562439,0.06737484037876129
2655,0.7765113115310669,7.165412534959614e-05,0.24951624870300293,0.06726452708244324
2656,0.7755914330482483,7.144311530282721e-05,0.24953703582286835,0.06731833517551422
2657,0.7746692299842834,7.128742436179891e-05,0.24938315153121948,0.06727436184883118
2658,0.7735486030578613,7.112335879355669e-05,0.24893344938755035,0.06703052669763565
2659,0.7721538543701172,7.088535494403914e-05,0.2484939694404602,0.06696966290473938
2660,0.7709091901779175,7.069516141200438e-05,0.24787114560604095,0.06687264144420624
2661,0.7696990966796875,7.05611237208359e-05,0.24698585271835327,0.06659355759620667
2662,0.7685148119926453,7.039243064355105e-05,0.2461894005537033,0.06656864285469055
2663,0.76768958568573,7.033198198769242e-05,0.24533776938915253,0.06654898822307587
2664,0.7669548988342285,7.038834155537188e-05,0.244352787733078,0.06631656736135483
2665,0.7661747932434082,7.036967144813389e-05,0.24357029795646667,0.06636717170476913
2666,0.7655591368675232,7.04518097336404e-05,0.24283643066883087,0.06640234589576721
2667,0.7647998332977295,7.067312981234863e-05,0.24202457070350647,0.06615544110536575
2668,0.7638370394706726,7.079089118633419e-05,0.2414187639951706,0.06618192046880722
2669,0.7629424333572388,7.098155037965626e-05,0.24083556234836578,0.06618579477071762
2670,0.7618873715400696,7.125624688342214e-05,0.24011196196079254,0.06591691821813583
2671,0.7606924772262573,7.137119973776862e-05,0.23951007425785065,0.06594467908143997
2672,0.7596579194068909,7.150978490244597e-05,0.23886269330978394,0.06599453836679459
2673,0.7585868835449219,7.166950672399253e-05,0.23802697658538818,0.06583469361066818
2674,0.7575421333312988,7.169320451794192e-05,0.2372891753911972,0.06596818566322327
2675,0.7568138241767883,7.174006168497726e-05,0.2365298867225647,0.06613760441541672
2676,0.7561682462692261,7.177446241257712e-05,0.2356412410736084,0.06611791998147964
2677,0.755574107170105,7.176149665610865e-05,0.23492871224880219,0.06630462408065796
2678,0.7551900744438171,7.18149749445729e-05,0.234292671084404,0.06645988672971725
2679,0.7546793222427368,7.18494993634522e-05,0.23362228274345398,0.06637471914291382
2680,0.7539703845977783,7.187390292529017e-05,0.2331952601671219,0.06639789044857025
2681,0.7532564401626587,7.192796329036355e-05,0.23288291692733765,0.06634873896837234
2682,0.752324640750885,7.192610064521432e-05,0.2325417846441269,0.06605195254087448
2683,0.7512350082397461,7.189689495135099e-05,0.23240861296653748,0.06588031351566315
2684,0.7502771615982056,7.187708251876757e-05,0.23232842981815338,0.06568753719329834
2685,0.7492807507514954,7.180283864727244e-05,0.23214679956436157,0.06529875099658966
2686,0.7482806444168091,7.161939720390365e-05,0.2320951670408249,0.06513597071170807
2687,0.7474995851516724,7.138203363865614e-05,0.23203109204769135,0.065020352602005
2688,0.7467288374900818,7.110098522389308e-05,0.2318316251039505,0.06472650170326233
2689,0.7459443807601929,7.068125705700368e-05,0.23176097869873047,0.06470653414726257
2690,0.7453319430351257,7.026088132988662e-05,0.23170505464076996,0.06470730155706406
2691,0.7446591854095459,6.988376844674349e-05,0.2315734326839447,0.06447543203830719
2692,0.7438468933105469,6.93807887728326e-05,0.2316397726535797,0.06449993699789047
2693,0.7430726289749146,6.891992234159261e-05,0.23178157210350037,0.06448851525783539
2694,0.7421389818191528,6.854290404589847e-05,0.23189805448055267,0.0642201229929924
2695,0.7410278916358948,6.807188765378669e-05,0.23223187029361725,0.06419768929481506
2696,0.7400121092796326,6.767865852452815e-05,0.232610821723938,0.06413159519433975
2697,0.7390002608299255,6.736830982845277e-05,0.23290269076824188,0.06386631727218628
2698,0.7379889488220215,6.697233766317368e-05,0.23331356048583984,0.06386051326990128
2699,0.7372124195098877,6.664769171038643e-05,0.23363880813121796,0.06382931768894196
2700,0.736516535282135,6.638476043008268e-05,0.23375509679317474,0.06364957243204117
2701,0.735777735710144,6.605940870940685e-05,0.23388032615184784,0.06368710845708847
2702,0.7351560592651367,6.579711771337315e-05,0.23382669687271118,0.06366710364818573
2703,0.7345050573348999,6.558299355674535e-05,0.2335277646780014,0.06349057704210281
2704,0.7336940765380859,6.533258419949561e-05,0.23324155807495117,0.06346976011991501
2705,0.7329210638999939,6.517338624689728e-05,0.2328108698129654,0.06334894150495529
2706,0.732105016708374,6.511493120342493e-05,0.23222048580646515,0.06305864453315735
2707,0.7311279773712158,6.50456640869379e-05,0.23173534870147705,0.06292591243982315
2708,0.7301968932151794,6.507235229946673e-05,0.23118342459201813,0.06269665062427521
2709,0.7293024063110352,6.520118040498346e-05,0.23055362701416016,0.0623345822095871
2710,0.7283328771591187,6.52652233839035e-05,0.23006954789161682,0.06220007315278053
2711,0.7274949550628662,6.543073686771095e-05,0.2295190393924713,0.061980873346328735
2712,0.7267915606498718,6.570995174115524e-05,0.22888435423374176,0.06166248768568039
2713,0.7260409593582153,6.586221570614725e-05,0.22835181653499603,0.06162070482969284
2714,0.7253465056419373,6.608647527173162e-05,0.22769182920455933,0.06146792694926262
2715,0.7246906757354736,6.636371108470485e-05,0.22691676020622253,0.06122937798500061
2716,0.7238608598709106,6.64551043882966e-05,0.22621449828147888,0.0612686388194561
2717,0.7229754328727722,6.661728548351675e-05,0.2253798395395279,0.06114807724952698
2718,0.7221246361732483,6.682478124275804e-05,0.22448022663593292,0.06095673888921738
2719,0.721163272857666,6.68844222673215e-05,0.22370854020118713,0.061021991074085236
2720,0.7202155590057373,6.701944948872551e-05,0.2228735238313675,0.06090937554836273
2721,0.7194013595581055,6.719381781294942e-05,0.22207167744636536,0.0607646107673645
2722,0.7185617685317993,6.729121378157288e-05,0.2214624434709549,0.06084056571125984
2723,0.7177394032478333,6.745177233824506e-05,0.22083333134651184,0.06073421612381935
2724,0.7170606851577759,6.76469353493303e-05,0.22027447819709778,0.060619842261075974
2725,0.7163642644882202,6.779794057365507e-05,0.2198842167854309,0.060669854283332825
2726,0.7156279683113098,6.795423541916534e-05,0.2194242626428604,0.06052999198436737
2727,0.7149734497070312,6.812043284298852e-05,0.21899031102657318,0.060386668890714645
2728,0.7142489552497864,6.824828597018495e-05,0.21864524483680725,0.060357335954904556
2729,0.7133848667144775,6.833225052105263e-05,0.2181665301322937,0.060132984071969986
2730,0.7125356793403625,6.838423723820597e-05,0.2176923155784607,0.05993256717920303
2731,0.7116568088531494,6.836566171841696e-05,0.21728360652923584,0.05985007435083389
2732,0.7106971740722656,6.829392805229872e-05,0.21676227450370789,0.059585779905319214
2733,0.7098491191864014,6.819624832132831e-05,0.21631968021392822,0.05940454080700874
2734,0.709109365940094,6.80610173731111e-05,0.2160041332244873,0.059353314340114594
2735,0.7083494663238525,6.792819476686418e-05,0.2156628519296646,0.05910934880375862
2736,0.707666277885437,6.775427755201235e-05,0.21549709141254425,0.058996446430683136
2737,0.7070503234863281,6.754524656571448e-05,0.2154993861913681,0.058985862880945206
2738,0.7063323259353638,6.737012881785631e-05,0.21550880372524261,0.058750685304403305
2739,0.7055803537368774,6.713600305374712e-05,0.21570435166358948,0.05867401137948036
2740,0.7048584222793579,6.689222936984152e-05,0.2160061001777649,0.05864621698856354
2741,0.7040311694145203,6.668458809144795e-05,0.216249018907547,0.058400459587574005
2742,0.7031386494636536,6.636689067818224e-05,0.21660178899765015,0.05835491418838501
2743,0.702305793762207,6.603488873224705e-05,0.21694225072860718,0.058327656239271164
2744,0.7014345526695251,6.572136771865189e-05,0.2171480804681778,0.05813685432076454
2745,0.7005360722541809,6.531283725053072e-05,0.21741007268428802,0.05816939100623131
2746,0.6997649669647217,6.493174441857263e-05,0.21759650111198425,0.05818331986665726
2747,0.6990653276443481,6.458343705162406e-05,0.2176523506641388,0.05807855725288391
2748,0.6983538269996643,6.420294812414795e-05,0.21778379380702972,0.05816783383488655
2749,0.697719156742096,6.38933852314949e-05,0.21784202754497528,0.05817228928208351
2750,0.6971011757850647,6.365522131090984e-05,0.2178209275007248,0.05806248262524605
2751,0.6963506937026978,6.344372377498075e-05,0.21789848804473877,0.05808864161372185
2752,0.695550799369812,6.329963071038947e-05,0.21788211166858673,0.05797414481639862
2753,0.6947448253631592,6.322540866676718e-05,0.21779131889343262,0.05777202174067497
2754,0.6938399076461792,6.316817598417401e-05,0.21775305271148682,0.05770273506641388
2755,0.6929116249084473,6.315906648524106e-05,0.2175472229719162,0.0574868842959404
2756,0.6920763850212097,6.320417742244899e-05,0.21723879873752594,0.05725734680891037
2757,0.6912448406219482,6.321565888356417e-05,0.21692229807376862,0.05720048397779465
2758,0.6904135942459106,6.32402952760458e-05,0.2163974791765213,0.05700179934501648
2759,0.6896976828575134,6.326098809950054e-05,0.21580122411251068,0.056869324296712875
2760,0.6890276670455933,6.322658737190068e-05,0.21521210670471191,0.056908152997493744
2761,0.6883243322372437,6.324213609332219e-05,0.21447333693504333,0.05676283687353134
2762,0.6876649856567383,6.324501009657979e-05,0.21377649903297424,0.05672081187367439
2763,0.6870099306106567,6.322296394500881e-05,0.21315203607082367,0.05678332969546318
2764,0.6862330436706543,6.32687151664868e-05,0.21246421337127686,0.05662194639444351
2765,0.6853933334350586,6.326831498881802e-05,0.21190494298934937,0.056597620248794556
2766,0.6845608949661255,6.328317249426618e-05,0.21142347157001495,0.05660776421427727
2767,0.6836656332015991,6.337015656754375e-05,0.21088986098766327,0.05642066150903702
2768,0.6827623844146729,6.338712410070002e-05,0.21047040820121765,0.05641983076930046
2769,0.6819741725921631,6.342123378999531e-05,0.21004024147987366,0.05641525238752365
2770,0.6812394857406616,6.347903399728239e-05,0.20950569212436676,0.056288450956344604
2771,0.680504322052002,6.344608846120536e-05,0.20902594923973083,0.05636439844965935
2772,0.6798476576805115,6.342658889479935e-05,0.20844991505146027,0.05638481304049492
2773,0.6792290210723877,6.341446714941412e-05,0.20776373147964478,0.056325096637010574
2774,0.678541898727417,6.33324816590175e-05,0.2071276158094406,0.05642552673816681
2775,0.6778419017791748,6.327089795377105e-05,0.2063935548067093,0.05640200152993202
2776,0.6771496534347534,6.323888374026865e-05,0.2056264877319336,0.05631627142429352
2777,0.6763734817504883,6.319024396361783e-05,0.20495924353599548,0.05634285882115364
2778,0.6755267381668091,6.318993109744042e-05,0.20423689484596252,0.05619876831769943
2779,0.6747105717658997,6.322796980384737e-05,0.20356427133083344,0.05604341998696327
2780,0.6738936305046082,6.324682908598334e-05,0.20300373435020447,0.05599495768547058
2781,0.6730589270591736,6.33153467788361e-05,0.20238812267780304,0.05577324703335762
2782,0.67231684923172,6.338201637845486e-05,0.20184096693992615,0.05562813580036163
2783,0.6716638803482056,6.342196138575673e-05,0.20135247707366943,0.055580511689186096
2784,0.6709988117218018,6.350611511152238e-05,0.2007749378681183,0.05536586418747902
2785,0.6703418493270874,6.349563773255795e-05,0.20025832951068878,0.055304162204265594
2786,0.6697119474411011,6.344055873341858e-05,0.19974538683891296,0.0552862286567688
2787,0.669013261795044,6.341646803775802e-05,0.1991521567106247,0.05511317029595375
2788,0.6682351231575012,6.326945003820583e-05,0.1986531764268875,0.05512569472193718
2789,0.6674672365188599,6.313981430139393e-05,0.1981601119041443,0.055097565054893494
2790,0.6666868329048157,6.30556169198826e-05,0.19765335321426392,0.05495431646704674
2791,0.6658483743667603,6.287074211286381e-05,0.19729220867156982,0.05499947443604469
2792,0.6650347113609314,6.274400220718235e-05,0.19694335758686066,0.054940883070230484
2793,0.6642841100692749,6.266337004490197e-05,0.19663086533546448,0.05483448505401611
2794,0.6635341048240662,6.253853644011542e-05,0.19645316898822784,0.05488486960530281
2795,0.6628069877624512,6.247415149118751e-05,0.19623401761054993,0.05479639768600464
2796,0.6621636152267456,6.242543895496055e-05,0.19603081047534943,0.05472202226519585
2797,0.661536693572998,6.235039472812787e-05,0.19587442278862,0.05474984645843506
2798,0.6608593463897705,6.229768041521311e-05,0.19559144973754883,0.05462255701422691
2799,0.6601786613464355,6.223111267900094e-05,0.1952928751707077,0.05455002561211586
2800,0.6594855189323425,6.215139001142234e-05,0.19496501982212067,0.05452036112546921
2801,0.6587173342704773,6.207539263414219e-05,0.19448988139629364,0.05434155836701393
2802,0.6579204797744751,6.196467438712716e-05,0.19403257966041565,0.05426603555679321
2803,0.6571757197380066,6.186857353895903e-05,0.19354282319545746,0.05418624356389046
2804,0.6564440727233887,6.181445496622473e-05,0.19297567009925842,0.05398542433977127
2805,0.6557072401046753,6.173363362904638e-05,0.1925029307603836,0.05393237993121147
2806,0.6550297737121582,6.169780681375414e-05,0.1920202076435089,0.05381651595234871
2807,0.6543962359428406,6.170832784846425e-05,0.19153380393981934,0.0536290779709816
2808,0.6537396907806396,6.166807725094259e-05,0.19116613268852234,0.05360562726855278
2809,0.653078556060791,6.168293475639075e-05,0.19076144695281982,0.05345527455210686
2810,0.6524525880813599,6.171880522742867e-05,0.1903708577156067,0.05330323427915573
2811,0.651796817779541,6.169271364342421e-05,0.19004687666893005,0.0532914437353611
2812,0.6510801315307617,6.169910193420947e-05,0.18962755799293518,0.05312402918934822
2813,0.6503588557243347,6.165476224850863e-05,0.18921895325183868,0.05304154008626938
2814,0.6496429443359375,6.156414747238159e-05,0.18881940841674805,0.05304654687643051
2815,0.6488884687423706,6.150493572931737e-05,0.1883157193660736,0.052910804748535156
2816,0.648145318031311,6.139186734799296e-05,0.1878618597984314,0.05291445180773735
2817,0.6474695801734924,6.12945732427761e-05,0.18740472197532654,0.05292697623372078
2818,0.6468167304992676,6.124027277110144e-05,0.18689601123332977,0.05283442512154579
2819,0.646147608757019,6.115959695307538e-05,0.1864881068468094,0.05287967622280121
2820,0.645496129989624,6.11356517765671e-05,0.18606922030448914,0.05284889414906502
2821,0.6448575258255005,6.11678697168827e-05,0.1856456845998764,0.05275123193860054
2822,0.6441637277603149,6.119644967839122e-05,0.18531502783298492,0.05275948345661163
2823,0.6434401869773865,6.127067899797112e-05,0.1849222481250763,0.052640654146671295
2824,0.6427340507507324,6.136915180832148e-05,0.18452569842338562,0.05252007395029068
2825,0.6420242190361023,6.145628867670894e-05,0.18415841460227966,0.05248067528009415
2826,0.6412777900695801,6.156756717246026e-05,0.18367771804332733,0.05230820178985596
2827,0.6405510902404785,6.165343802422285e-05,0.18320314586162567,0.052215490490198135
2828,0.6398696303367615,6.171585118863732e-05,0.1827152520418167,0.05217042192816734
2829,0.6391885280609131,6.179336924105883e-05,0.1821380853652954,0.05201110988855362
2830,0.6385142803192139,6.181004573591053e-05,0.1816283017396927,0.05199036747217178
2831,0.6378898024559021,6.184471567394212e-05,0.18112128973007202,0.051940858364105225
2832,0.6372786164283752,6.191721331560984e-05,0.1806141585111618,0.05180704966187477
2833,0.636624276638031,6.192407454364002e-05,0.1802402287721634,0.05181916430592537
2834,0.6359462738037109,6.197039328981191e-05,0.17988303303718567,0.0517214834690094
2835,0.635272741317749,6.202785152709112e-05,0.17959171533584595,0.05160786211490631
2836,0.6345730423927307,6.203193333931267e-05,0.17942482233047485,0.05161178484559059
2837,0.6338451504707336,6.207764818100259e-05,0.1792408972978592,0.05147700011730194
2838,0.6331472396850586,6.208210834302008e-05,0.17912603914737701,0.05141676589846611
2839,0.6324884295463562,6.204042438184842e-05,0.17905890941619873,0.05142354592680931
2840,0.6318225860595703,6.199665949679911e-05,0.1789303421974182,0.05131962150335312
2841,0.6311553120613098,6.187054532347247e-05,0.178860604763031,0.0513426698744297
2842,0.6305198073387146,6.172711437102407e-05,0.17877483367919922,0.05135280638933182
2843,0.6298911571502686,6.158110772958025e-05,0.17864426970481873,0.051287658512592316
2844,0.6292257308959961,6.137572199804708e-05,0.17859217524528503,0.051336511969566345
2845,0.6285490989685059,6.118245801189914e-05,0.17851115763187408,0.051291853189468384
2846,0.6278781294822693,6.100338214309886e-05,0.17845062911510468,0.05121451988816261
2847,0.6271753311157227,6.08135451329872e-05,0.1784830093383789,0.05121013894677162
2848,0.6264321208000183,6.066156493034214e-05,0.17848362028598785,0.05107065290212631
2849,0.6257036328315735,6.051517266314477e-05,0.1785469502210617,0.05096942186355591
2850,0.625015139579773,6.037016282789409e-05,0.17865489423274994,0.05090474709868431
2851,0.6243358254432678,6.025520997354761e-05,0.1787039190530777,0.05072417110204697
2852,0.6236763596534729,6.01013089180924e-05,0.17880484461784363,0.05065969377756119
2853,0.6230647563934326,5.995281389914453e-05,0.17886751890182495,0.05057714134454727
2854,0.6224734783172607,5.981455615255982e-05,0.17886017262935638,0.05043287202715874
2855,0.6218525767326355,5.9596164646791294e-05,0.17888785898685455,0.05043415352702141
2856,0.6212193965911865,5.9394100389909e-05,0.1788339912891388,0.050345782190561295
2857,0.6205947399139404,5.918961687711999e-05,0.1787615567445755,0.05026600509881973
2858,0.619957685470581,5.895179128856398e-05,0.17873157560825348,0.05028760805726051
2859,0.6192859411239624,5.877101648366079e-05,0.17863914370536804,0.05017442628741264
2860,0.6186191439628601,5.857937503606081e-05,0.1786016970872879,0.050140876322984695
2861,0.6179766654968262,5.8407007600180805e-05,0.17859475314617157,0.05012941733002663
2862,0.6173360347747803,5.8294124755775556e-05,0.17854662239551544,0.05000839754939079
2863,0.6166952848434448,5.816354678245261e-05,0.17857030034065247,0.05000844597816467
2864,0.6160928606987,5.807948036817834e-05,0.17855696380138397,0.049953363835811615
2865,0.6155251264572144,5.802478699479252e-05,0.17849622666835785,0.049860674887895584
2866,0.6149452924728394,5.793903983430937e-05,0.17845669388771057,0.0498768575489521
2867,0.6143380999565125,5.787345435237512e-05,0.1783045381307602,0.04979093372821808
2868,0.6137264370918274,5.780109131592326e-05,0.17811369895935059,0.04973814636468887
2869,0.6130947470664978,5.771657743025571e-05,0.17789721488952637,0.04973532259464264
2870,0.6124232411384583,5.76532183913514e-05,0.17756755650043488,0.04962097853422165
2871,0.6117327213287354,5.756883911089972e-05,0.17725490033626556,0.04959426820278168
2872,0.6110641956329346,5.750461423303932e-05,0.17690983414649963,0.04954392835497856
2873,0.6104158759117126,5.7480654504615813e-05,0.17652221024036407,0.049420688301324844
2874,0.6097639799118042,5.744225563830696e-05,0.17620521783828735,0.04940767586231232
2875,0.6091285943984985,5.745016096625477e-05,0.17585523426532745,0.04930240660905838
2876,0.6085306406021118,5.7476976508041844e-05,0.1755249798297882,0.04920303076505661
2877,0.6079473495483398,5.7481767726130784e-05,0.17524808645248413,0.049187738448381424
2878,0.6073518991470337,5.752309880335815e-05,0.17491286993026733,0.04905169829726219
2879,0.606751561164856,5.7527322496753186e-05,0.17461317777633667,0.04900481551885605
2880,0.6061551570892334,5.7517518143868074e-05,0.17429891228675842,0.04896758496761322
2881,0.6055361032485962,5.751416028942913e-05,0.17391639947891235,0.04884529858827591
2882,0.6048811078071594,5.7429526350460947e-05,0.17356912791728973,0.048853714019060135
2883,0.6042219400405884,5.734907972509973e-05,0.17316333949565887,0.04879290610551834
2884,0.6035902500152588,5.726494418922812e-05,0.17273905873298645,0.04872575029730797
2885,0.6029715538024902,5.714467988582328e-05,0.1723606437444687,0.04875440523028374
2886,0.6023575663566589,5.7061213738052174e-05,0.17193396389484406,0.04867066070437431
2887,0.601770281791687,5.696542939404026e-05,0.17155998945236206,0.04865073785185814
2888,0.6012114882469177,5.6882185162976384e-05,0.1712186485528946,0.04864174872636795
2889,0.6006470918655396,5.683908602804877e-05,0.17085246741771698,0.04853504151105881
2890,0.6000595092773438,5.677955414284952e-05,0.17055916786193848,0.04851885512471199
2891,0.5994686484336853,5.674929707311094e-05,0.17024149000644684,0.0484333336353302
2892,0.5988787412643433,5.673029227182269e-05,0.16990771889686584,0.048319075256586075
2893,0.598266065120697,5.667686491506174e-05,0.16960598528385162,0.048285383731126785
2894,0.5976250767707825,5.663750198436901e-05,0.16922727227210999,0.048150986433029175
2895,0.5969858169555664,5.65719383303076e-05,0.16885483264923096,0.04807526245713234
2896,0.5963633060455322,5.6490251154173166e-05,0.16847337782382965,0.048028942197561264
2897,0.5957496166229248,5.642395990435034e-05,0.16803397238254547,0.047901373356580734
2898,0.5951393246650696,5.631022577290423e-05,0.16764821112155914,0.04788700118660927
2899,0.5945556163787842,5.622000026050955e-05,0.16724751889705658,0.04781884327530861
2900,0.5939977765083313,5.615124246105552e-05,0.16686289012432098,0.0477282851934433
2901,0.5934328436851501,5.60591506655328e-05,0.1665591150522232,0.04773012548685074
2902,0.5928453207015991,5.6010343541856855e-05,0.16624140739440918,0.047616858035326004
2903,0.5922513604164124,5.594424874288961e-05,0.16598965227603912,0.047564469277858734
2904,0.5916590690612793,5.5876847909530625e-05,0.16577503085136414,0.047529347240924835
2905,0.591058075428009,5.5838281696196645e-05,0.16553352773189545,0.04740307480096817
2906,0.5904439091682434,5.575304385274649e-05,0.16534708440303802,0.04738975316286087
2907,0.5898386240005493,5.5676053307252005e-05,0.16511954367160797,0.04731755331158638
2908,0.5892579555511475,5.558588236453943e-05,0.16486680507659912,0.047242287546396255
2909,0.588684618473053,5.54544385522604e-05,0.16463260352611542,0.047257035970687866
2910,0.588113009929657,5.533553485292941e-05,0.16432540118694305,0.0471765510737896
2911,0.5875550508499146,5.520011472981423e-05,0.16403691470623016,0.04716404527425766
2912,0.5870168805122375,5.5073433031793684e-05,0.16374458372592926,0.047154393047094345
2913,0.5864760279655457,5.496933590620756e-05,0.16341662406921387,0.047069087624549866
2914,0.58591228723526,5.485617293743417e-05,0.1631494015455246,0.04707055911421776
2915,0.5853332281112671,5.4773379815742373e-05,0.16285859048366547,0.046993810683488846
2916,0.5847533941268921,5.471370604936965e-05,0.162583127617836,0.046912141144275665
2917,0.584169328212738,5.465717185870744e-05,0.16234929859638214,0.04688718914985657
2918,0.5835714340209961,5.462351691676304e-05,0.1620645523071289,0.04676596075296402
2919,0.5829789042472839,5.457077713799663e-05,0.16181044280529022,0.046725738793611526
2920,0.5824078917503357,5.451851029647514e-05,0.16152969002723694,0.0466773621737957
2921,0.5818502902984619,5.4475400247611105e-05,0.1611972600221634,0.046582482755184174
2922,0.5812853574752808,5.439043161459267e-05,0.1608879417181015,0.04659564793109894
2923,0.5807150602340698,5.4318501497618854e-05,0.16051161289215088,0.046528659760951996
2924,0.580153226852417,5.423135735327378e-05,0.16013363003730774,0.046498630195856094
2925,0.5795943737030029,5.413221879280172e-05,0.15976868569850922,0.04651562124490738
2926,0.5790191292762756,5.407042772276327e-05,0.1593603491783142,0.046435918658971786
2927,0.5784319043159485,5.399301153374836e-05,0.15900695323944092,0.04644908383488655
2928,0.577842116355896,5.394846812123433e-05,0.15864409506320953,0.04641343653202057
2929,0.5772632956504822,5.393135506892577e-05,0.15827961266040802,0.04634843021631241
2930,0.5766825675964355,5.390449587139301e-05,0.15796217322349548,0.04636616259813309
2931,0.5761017799377441,5.391786544350907e-05,0.15759369730949402,0.046288952231407166
2932,0.5755384564399719,5.39302927791141e-05,0.15724053978919983,0.04627051576972008
2933,0.5749945640563965,5.3949595894664526e-05,0.15686717629432678,0.046261921525001526
2934,0.5744521021842957,5.3983145335223526e-05,0.15642662346363068,0.046189356595277786
2935,0.5738992691040039,5.3988362196832895e-05,0.15599936246871948,0.04620661213994026
2936,0.5733361840248108,5.40065229870379e-05,0.15550497174263,0.046155888587236404
2937,0.57277512550354,5.402792521636002e-05,0.15499353408813477,0.04611196741461754
2938,0.5722168684005737,5.4044514399720356e-05,0.15449735522270203,0.046112872660160065
2939,0.5716466903686523,5.4084081057226285e-05,0.15395919978618622,0.04602331668138504
2940,0.5710729360580444,5.410976882558316e-05,0.15347757935523987,0.04600615054368973
2941,0.5705097317695618,5.415471605374478e-05,0.15300720930099487,0.04595409706234932
2942,0.5699619054794312,5.422188769443892e-05,0.1525556445121765,0.045865826308727264
2943,0.5694153904914856,5.426788629847579e-05,0.15218068659305573,0.045857783406972885
2944,0.568865180015564,5.433375190477818e-05,0.15179714560508728,0.04576168954372406
2945,0.5683268308639526,5.4371401347452775e-05,0.15146926045417786,0.04572325944900513
2946,0.5677961111068726,5.4387739510275424e-05,0.15116944909095764,0.04570047929883003
2947,0.5672574639320374,5.440271343104541e-05,0.15085531771183014,0.04561517760157585
2948,0.5667051076889038,5.435589264379814e-05,0.15059836208820343,0.04563070088624954
2949,0.5661405324935913,5.43011847184971e-05,0.1503198742866516,0.04558125138282776
2950,0.5655802488327026,5.421349487733096e-05,0.15006275475025177,0.045554861426353455
2951,0.5650278329849243,5.409031655290164e-05,0.1498456746339798,0.045580822974443436
2952,0.5644733905792236,5.397876520873979e-05,0.14961063861846924,0.04552384838461876
2953,0.5639235377311707,5.383808456826955e-05,0.14944207668304443,0.04554912820458412
2954,0.5633857250213623,5.371030783862807e-05,0.1492827832698822,0.04553241282701492
2955,0.5628616809844971,5.359107308322564e-05,0.14913935959339142,0.04549240693449974
2956,0.5623393058776855,5.34608552698046e-05,0.14905014634132385,0.04551396518945694
2957,0.5618066787719727,5.3354156989371404e-05,0.1489294320344925,0.045445770025253296
2958,0.561272144317627,5.32417579961475e-05,0.14883816242218018,0.045428983867168427
2959,0.5607415437698364,5.313529254635796e-05,0.14872989058494568,0.04539799690246582
2960,0.5602084994316101,5.3036637837067246e-05,0.1485738754272461,0.045318495482206345
2961,0.5596638321876526,5.29113931406755e-05,0.148427814245224,0.045315101742744446
2962,0.5591152310371399,5.280081677483395e-05,0.1482103019952774,0.045238640159368515
2963,0.5585740804672241,5.2683397370856255e-05,0.1479809284210205,0.04519965499639511
2964,0.5580500960350037,5.2567476814147085e-05,0.14773695170879364,0.04518310725688934
2965,0.5575348138809204,5.2479626901913434e-05,0.14744320511817932,0.04510241001844406
2966,0.5570204854011536,5.237616642261855e-05,0.14718367159366608,0.045107707381248474
2967,0.5565078258514404,5.2311206673039123e-05,0.14689324796199799,0.04505017399787903
2968,0.5559990406036377,5.226721259532496e-05,0.1466127634048462,0.04500327631831169
2969,0.5554866194725037,5.2230610890546814e-05,0.14635732769966125,0.04499946907162666
2970,0.554960310459137,5.223693369771354e-05,0.1460612565279007,0.04491303861141205
2971,0.5544198751449585,5.2224491810193285e-05,0.14579607546329498,0.04490991681814194
2972,0.5538798570632935,5.22373229614459e-05,0.14549145102500916,0.044863853603601456
2973,0.5533459782600403,5.225990753388032e-05,0.14515580236911774,0.04481251537799835
2974,0.5528144836425781,5.226542998570949e-05,0.1448182612657547,0.04482697322964668
2975,0.55228191614151,5.2291314204921946e-05,0.14440478384494781,0.04476580768823624
2976,0.5517518520355225,5.229344969848171e-05,0.14399246871471405,0.04477781802415848
2977,0.5512372255325317,5.2307463192846626e-05,0.14353956282138824,0.044766705483198166
2978,0.5507334470748901,5.233839328866452e-05,0.1430528610944748,0.044726744294166565
2979,0.5502288937568665,5.236722790868953e-05,0.14258933067321777,0.04474556818604469
2980,0.5497145056724548,5.242503175395541e-05,0.1420837789773941,0.044680193066596985
2981,0.5491915345191956,5.248482193564996e-05,0.14160871505737305,0.04465602710843086
2982,0.5486677885055542,5.256052827462554e-05,0.1411357969045639,0.044612523168325424
2983,0.5481414794921875,5.265514846541919e-05,0.14064933359622955,0.04451979696750641
2984,0.5476111769676208,5.273792703519575e-05,0.14020414650440216,0.04448965936899185
2985,0.5470811128616333,5.2830204367637634e-05,0.13972565531730652,0.04438643530011177
2986,0.546562910079956,5.289936234476045e-05,0.13926880061626434,0.04432643577456474
2987,0.5460566878318787,5.2946499636163935e-05,0.1388157457113266,0.04427749291062355
2988,0.5455567836761475,5.2985917136538774e-05,0.13834163546562195,0.04418296366930008
2989,0.5450570583343506,5.297908865031786e-05,0.13791382312774658,0.04417179524898529
2990,0.5445549488067627,5.2969677199143916e-05,0.13747082650661469,0.044096432626247406
2991,0.544053852558136,5.2930576202925295e-05,0.1370704174041748,0.04405926167964935
2992,0.5435552597045898,5.287284875521436e-05,0.13671255111694336,0.04404068738222122
2993,0.5430476665496826,5.282480560708791e-05,0.13636870682239532,0.04396207258105278
2994,0.5425280332565308,5.274582508718595e-05,0.13610494136810303,0.04396077245473862
2995,0.5420022010803223,5.268258246360347e-05,0.1358538419008255,0.043893687427043915
2996,0.5414828062057495,5.260735269985162e-05,0.135650634765625,0.043852534145116806
2997,0.5409749150276184,5.2519528253469616e-05,0.13548517227172852,0.043835584074258804
2998,0.540473461151123,5.244065687293187e-05,0.13530707359313965,0.043760865926742554
2999,0.5399757623672485,5.2332296036183834e-05,0.13516905903816223,0.04376107081770897
3000,0.539483904838562,5.222912295721471e-05,0.13499902188777924,0.043707478791475296
3001,0.5389952659606934,5.211059033172205e-05,0.13482697308063507,0.04367373138666153
3002,0.5385080575942993,5.197824793867767e-05,0.1346537470817566,0.04366510733962059
3003,0.53801429271698,5.185801273910329e-05,0.1344379037618637,0.043595507740974426
3004,0.53751140832901,5.172637611394748e-05,0.13424766063690186,0.04358924180269241
3005,0.537005603313446,5.1618178986245766e-05,0.13402710855007172,0.04352555423974991
3006,0.5365021228790283,5.152173253009096e-05,0.1338142603635788,0.04347115382552147
3007,0.5360012650489807,5.143399175722152e-05,0.1336187869310379,0.043439704924821854
3008,0.5355021357536316,5.1379571232246235e-05,0.1333979219198227,0.04334397614002228
3009,0.5350058078765869,5.1320639613550156e-05,0.13321442902088165,0.04331672191619873
3010,0.5345161557197571,5.128982593305409e-05,0.13300341367721558,0.04323640838265419
3011,0.5340368151664734,5.126065661897883e-05,0.13279365003108978,0.043174270540475845
3012,0.5335643887519836,5.122205038787797e-05,0.1325855702161789,0.043145712465047836
3013,0.5330879092216492,5.1198589062551036e-05,0.13233335316181183,0.04305974021553993
3014,0.5326014757156372,5.114417945151217e-05,0.1320996880531311,0.04305190593004227
3015,0.5321080088615417,5.110216443426907e-05,0.1318262666463852,0.042993463575839996
3016,0.5316157341003418,5.1051196351181716e-05,0.1315516084432602,0.04295719787478447
3017,0.5311251878738403,5.099107147543691e-05,0.13128527998924255,0.04295041039586067
3018,0.5306349396705627,5.095333108329214e-05,0.1309930682182312,0.042885541915893555
3019,0.5301443934440613,5.090291961096227e-05,0.13074153661727905,0.04289134964346886
3020,0.5296571254730225,5.0880200433311984e-05,0.130472332239151,0.04283956438302994
3021,0.5291776061058044,5.086370947537944e-05,0.1302221417427063,0.042807575315237045
3022,0.5287062525749207,5.085256998427212e-05,0.1299862265586853,0.04279225319623947
3023,0.5282365083694458,5.085978773422539e-05,0.12972375750541687,0.04272224009037018
3024,0.5277639627456665,5.0854079745477065e-05,0.12948687374591827,0.042715199291706085
3025,0.5272854566574097,5.085951852379367e-05,0.12920916080474854,0.042649928480386734
3026,0.5268075466156006,5.085393422632478e-05,0.12892881035804749,0.042610540986061096
3027,0.5263287425041199,5.083655923954211e-05,0.12863682210445404,0.04258241131901741
3028,0.5258467793464661,5.0820406613638625e-05,0.12830859422683716,0.04250895231962204
3029,0.5253647565841675,5.078143294667825e-05,0.12800434231758118,0.04249997437000275
3030,0.5248842239379883,5.075483932159841e-05,0.12767106294631958,0.04243019223213196
3031,0.5244101285934448,5.0719681894406676e-05,0.1273641288280487,0.04239589720964432
3032,0.5239450335502625,5.0685423047980294e-05,0.1270741969347,0.04236225411295891
3033,0.5234825611114502,5.066549783805385e-05,0.12678848206996918,0.042288415133953094
3034,0.5230188369750977,5.062884883955121e-05,0.12655597925186157,0.042276013642549515
3035,0.522552490234375,5.061519186710939e-05,0.1263173669576645,0.04219643026590347
3036,0.522082507610321,5.058387614553794e-05,0.1261192262172699,0.04216299578547478
3037,0.5216145515441895,5.0549209845485166e-05,0.1259310245513916,0.04212062433362007
3038,0.5211477875709534,5.051287735113874e-05,0.12573905289173126,0.042054563760757446
3039,0.5206785202026367,5.044468343839981e-05,0.12557682394981384,0.042048949748277664
3040,0.5202047824859619,5.038539529778063e-05,0.12538602948188782,0.04198279231786728
3041,0.5197346806526184,5.029794556321576e-05,0.1252201795578003,0.04197479411959648
3042,0.5192688703536987,5.021059769205749e-05,0.12504439055919647,0.04194587469100952
3043,0.5188136696815491,5.012501060264185e-05,0.1248677521944046,0.041907213628292084
3044,0.5183616280555725,5.003072146791965e-05,0.12471830099821091,0.041909825056791306
3045,0.5179058909416199,4.99622656207066e-05,0.12454994767904282,0.04184923693537712
3046,0.5174486637115479,4.98888548463583e-05,0.12441829591989517,0.04184029623866081
3047,0.5169896483421326,4.98361187055707e-05,0.12427620589733124,0.04178940877318382
3048,0.5165321230888367,4.9791389756137505e-05,0.12413955479860306,0.041738346219062805
3049,0.5160741209983826,4.974531475454569e-05,0.12401384115219116,0.04171214625239372
3050,0.5156170725822449,4.971855378244072e-05,0.12385482341051102,0.04163128137588501
3051,0.5151599049568176,4.96714492328465e-05,0.12371059507131577,0.04161185398697853
3052,0.5147038698196411,4.963321771356277e-05,0.12352597713470459,0.041544944047927856
3053,0.5142528414726257,4.957837882102467e-05,0.12333443015813828,0.041505634784698486
3054,0.513806164264679,4.951423761667684e-05,0.1231321319937706,0.04148021712899208
3055,0.5133624076843262,4.946260014548898e-05,0.12290024012327194,0.041415195912122726
3056,0.5129138231277466,4.938902202411555e-05,0.1226905956864357,0.04141220822930336
3057,0.5124639272689819,4.933948002872057e-05,0.1224542185664177,0.04134736210107803
3058,0.5120121240615845,4.927874033455737e-05,0.12224233895540237,0.04132548347115517
3059,0.511559009552002,4.923136657453142e-05,0.12203196436166763,0.04128867760300636
3060,0.5111081600189209,4.9202841182705015e-05,0.12181901186704636,0.04122871533036232
3061,0.5106557011604309,4.9164951633429155e-05,0.12163136154413223,0.04121705889701843
3062,0.5102037191390991,4.915206227451563e-05,0.1214139312505722,0.04114454984664917
3063,0.5097535252571106,4.911887663183734e-05,0.12121346592903137,0.041131410747766495
3064,0.5093103647232056,4.909723793389276e-05,0.1209833025932312,0.041085854172706604
3065,0.5088714957237244,4.907364564132877e-05,0.12073742598295212,0.041048042476177216
3066,0.50843346118927,4.9040951125789434e-05,0.120484858751297,0.041038963943719864
3067,0.5079948902130127,4.9021440645447e-05,0.12019089609384537,0.040981825441122055
3068,0.5075525641441345,4.89847625431139e-05,0.11990977078676224,0.0409831739962101
3069,0.5071077346801758,4.896892642136663e-05,0.11959486454725266,0.04093138501048088
3070,0.5066629648208618,4.895621896139346e-05,0.119290292263031,0.040905848145484924
3071,0.5062217712402344,4.895734309684485e-05,0.11898591369390488,0.04087567701935768
3072,0.5057793855667114,4.89772210130468e-05,0.11867185682058334,0.04081321880221367
3073,0.5053422451019287,4.899102350464091e-05,0.11838465929031372,0.04079838842153549
3074,0.5049042105674744,4.902696673525497e-05,0.11807475239038467,0.04072410985827446
3075,0.5044680833816528,4.905033711111173e-05,0.11778832226991653,0.040699589997529984
3076,0.5040370225906372,4.908064511255361e-05,0.11748745292425156,0.040647514164447784
3077,0.5036071538925171,4.910230927634984e-05,0.11718255281448364,0.040597785264253616
3078,0.5031759738922119,4.9100694013759494e-05,0.11688559502363205,0.040580715984106064
3079,0.5027416348457336,4.910275310976431e-05,0.11656355857849121,0.040516387671232224
3080,0.502304196357727,4.9075737479142845e-05,0.11626696586608887,0.04051220044493675
3081,0.5018624663352966,4.905677997157909e-05,0.1159524992108345,0.040458906441926956
3082,0.5014237761497498,4.902332148049027e-05,0.1156601533293724,0.040436405688524246
3083,0.5009889602661133,4.898810220765881e-05,0.1153796911239624,0.04041164740920067
3084,0.5005578994750977,4.896258906228468e-05,0.11510300636291504,0.04036041721701622
3085,0.500129222869873,4.892737706541084e-05,0.11486250907182693,0.0403531938791275
3086,0.4997013211250305,4.891236312687397e-05,0.11461056768894196,0.04029011353850365
3087,0.4992746114730835,4.888171315542422e-05,0.11438925564289093,0.04027468338608742
3088,0.4988493323326111,4.8858881200430915e-05,0.11415617913007736,0.040227167308330536
3089,0.4984254240989685,4.882977009401657e-05,0.11392372101545334,0.040186990052461624
3090,0.4980001449584961,4.879045081906952e-05,0.11369259655475616,0.04016520828008652
3091,0.49757176637649536,4.8755980969872326e-05,0.11343375593423843,0.04010530933737755
3092,0.49714329838752747,4.869971235166304e-05,0.11318763345479965,0.040096674114465714
3093,0.49671074748039246,4.8651705583324656e-05,0.11291079968214035,0.0400400348007679
3094,0.4962844252586365,4.859241744270548e-05,0.11264602839946747,0.04002036154270172
3095,0.4958621859550476,4.8541725846007466e-05,0.11237486451864243,0.03998542204499245
3096,0.49544379115104675,4.850135519518517e-05,0.11210298538208008,0.03993891552090645
3097,0.4950282573699951,4.8456677177455276e-05,0.11185260117053986,0.039924681186676025
3098,0.49461299180984497,4.8435049393447116e-05,0.11158829182386398,0.03986034914851189
3099,0.49419742822647095,4.840044130105525e-05,0.11135271191596985,0.03984767198562622
3100,0.49377676844596863,4.83855365018826e-05,0.11110077053308487,0.03978962451219559
3101,0.49335747957229614,4.8363999667344615e-05,0.11085934937000275,0.03975836932659149
3102,0.49293941259384155,4.834098945138976e-05,0.11061155796051025,0.039726484566926956
3103,0.4925178587436676,4.8319343477487564e-05,0.11034619808197021,0.039675842970609665
3104,0.4920971393585205,4.827800512430258e-05,0.1100890040397644,0.03966868668794632
3105,0.4916765093803406,4.825178984901868e-05,0.10980168730020523,0.03961462527513504
3106,0.4912603795528412,4.820922913495451e-05,0.10952986031770706,0.039610542356967926
3107,0.49084436893463135,4.818089655600488e-05,0.10923977196216583,0.03957124799489975
3108,0.49043452739715576,4.815230204258114e-05,0.10895930975675583,0.03954904526472092
3109,0.49002739787101746,4.81311981275212e-05,0.10868644714355469,0.03952990099787712
3110,0.48961880803108215,4.812852421309799e-05,0.10840963572263718,0.03948269039392471
3111,0.4892072379589081,4.81227834825404e-05,0.10815873742103577,0.03947250545024872
3112,0.48879262804985046,4.8137648263946176e-05,0.10789328068494797,0.0394134521484375
3113,0.48837748169898987,4.81408933410421e-05,0.1076512560248375,0.0393967479467392
3114,0.4879642426967621,4.815317515749484e-05,0.10739610344171524,0.03934864699840546
3115,0.487551212310791,4.8156885895878077e-05,0.10714589804410934,0.03931518271565437
3116,0.48714184761047363,4.8150996008189395e-05,0.10689716041088104,0.03929157182574272
3117,0.48673462867736816,4.814404383068904e-05,0.10663551092147827,0.03924402594566345
3118,0.4863318204879761,4.811287362826988e-05,0.10639278590679169,0.039240431040525436
3119,0.4859299063682556,4.808944868273102e-05,0.10613467544317245,0.03919138014316559
3120,0.48552751541137695,4.804594209417701e-05,0.10590483248233795,0.03918733447790146
3121,0.48512548208236694,4.8012359911808744e-05,0.10567425191402435,0.0391492061316967
3122,0.484722375869751,4.7971916501410306e-05,0.10546547174453735,0.039125435054302216
3123,0.48431792855262756,4.792931576957926e-05,0.10527440160512924,0.03910478577017784
3124,0.48391222953796387,4.7894449380692095e-05,0.10508710891008377,0.03905852138996124
3125,0.4835072159767151,4.78464862680994e-05,0.10492657124996185,0.039049919694662094
3126,0.48310238122940063,4.7811990953050554e-05,0.10475181043148041,0.038995202630758286
3127,0.4826989471912384,4.7756373533047736e-05,0.10459619015455246,0.03898631036281586
3128,0.4822978377342224,4.77065950690303e-05,0.10442081838846207,0.038943592458963394
3129,0.4818991422653198,4.764359619002789e-05,0.10424667596817017,0.038922760635614395
3130,0.48150211572647095,4.7578396333847195e-05,0.10406339913606644,0.038900792598724365
3131,0.48110678791999817,4.751881351694465e-05,0.10386528819799423,0.03886203467845917
3132,0.48071014881134033,4.7450139391003177e-05,0.10367622971534729,0.038854144513607025
3133,0.4803116023540497,4.7400018956977874e-05,0.10346601158380508,0.03880275413393974
3134,0.4799128770828247,4.734347021440044e-05,0.10327605903148651,0.038792356848716736
3135,0.4795127213001251,4.7312205424532294e-05,0.10307186841964722,0.03873997926712036
3136,0.47911155223846436,4.728206477011554e-05,0.10288329422473907,0.038712091743946075
3137,0.478712797164917,4.726478800876066e-05,0.10269227623939514,0.03867153823375702
3138,0.47831791639328003,4.725588587461971e-05,0.10249848663806915,0.03862406685948372
3139,0.47792690992355347,4.724087557406165e-05,0.10231265425682068,0.03860091045498848
3140,0.47753655910491943,4.723969323094934e-05,0.10210727900266647,0.0385429672896862
3141,0.4771455228328705,4.721832738141529e-05,0.10191434621810913,0.03853093460202217
3142,0.4767552316188812,4.7209043259499595e-05,0.10169711709022522,0.03847752884030342
3143,0.4763627350330353,4.717876799986698e-05,0.10149124264717102,0.03846387192606926
3144,0.4759710431098938,4.7155353968264535e-05,0.10127333551645279,0.03842645138502121
3145,0.47557997703552246,4.7129011363722384e-05,0.10106134414672852,0.03839842975139618
3146,0.4751887023448944,4.7101915697567165e-05,0.10085797309875488,0.03837776184082031
3147,0.47479841113090515,4.7086890845093876e-05,0.10065225511789322,0.03833221271634102
3148,0.474409282207489,4.706183244707063e-05,0.10047021508216858,0.03832124173641205
3149,0.47402089834213257,4.705609899247065e-05,0.10027778148651123,0.038266170769929886
3150,0.4736340641975403,4.703809827333316e-05,0.10010959953069687,0.038252752274274826
3151,0.4732481837272644,4.703447120846249e-05,0.09992764890193939,0.03820088505744934
3152,0.4728630781173706,4.70178019895684e-05,0.09975677728652954,0.0381762832403183
3153,0.47247782349586487,4.700003773905337e-05,0.09957649558782578,0.03813908249139786
3154,0.4720911383628845,4.6975863369880244e-05,0.09939099103212357,0.03810099512338638
3155,0.47170475125312805,4.6940411266405135e-05,0.09920872002840042,0.038080453872680664
3156,0.4713192284107208,4.6911452955100685e-05,0.09901208430528641,0.038031745702028275
3157,0.4709319472312927,4.686380998464301e-05,0.09883298724889755,0.03802146017551422
3158,0.4705474078655243,4.682940198108554e-05,0.09864106774330139,0.03797030821442604
3159,0.47016432881355286,4.6782071876805276e-05,0.09847422689199448,0.03795851394534111
3160,0.46978262066841125,4.6750923502258956e-05,0.09830392152070999,0.03791279345750809
3161,0.46940070390701294,4.6714761992916465e-05,0.09815336763858795,0.03788824379444122
3162,0.4690224230289459,4.66841556772124e-05,0.0980081781744957,0.03785478696227074
3163,0.4686431884765625,4.6655091864522547e-05,0.09786617010831833,0.03781519830226898
3164,0.46826615929603577,4.661695857066661e-05,0.09773456305265427,0.03779630735516548
3165,0.46788927912712097,4.6588756958954036e-05,0.09758821874856949,0.037746794521808624
3166,0.46750953793525696,4.654071381082758e-05,0.09745267778635025,0.03773801773786545
3167,0.4671323597431183,4.650349001167342e-05,0.09729176014661789,0.037688594311475754
3168,0.46675610542297363,4.644626096705906e-05,0.09713958948850632,0.037681907415390015
3169,0.4663788974285126,4.640108090825379e-05,0.09696497768163681,0.03764049708843231
3170,0.466004341840744,4.635084042092785e-05,0.09679540991783142,0.03762415796518326
3171,0.46563154458999634,4.631238698493689e-05,0.09661561995744705,0.03759225457906723
3172,0.4652583599090576,4.628128954209387e-05,0.09643317013978958,0.037558574229478836
3173,0.4648873805999756,4.625430301530287e-05,0.0962536484003067,0.037534601986408234
3174,0.4645141363143921,4.624504435923882e-05,0.09606092423200607,0.037483394145965576
3175,0.4641418159008026,4.6232940803747624e-05,0.09587892889976501,0.037462785840034485
3176,0.46376922726631165,4.6240384108386934e-05,0.09567400813102722,0.03740130737423897
3177,0.46339577436447144,4.623271161108278e-05,0.09547937661409378,0.03738149255514145
3178,0.46302300691604614,4.623710992746055e-05,0.09525883197784424,0.03732253238558769
3179,0.46265140175819397,4.622498090611771e-05,0.09504564851522446,0.03730065003037453
3180,0.46228089928627014,4.621959669748321e-05,0.09481476992368698,0.03725303336977959
3181,0.4619125723838806,4.6204208047129214e-05,0.0945882648229599,0.03722456842660904
3182,0.4615461230278015,4.618624006980099e-05,0.09436040371656418,0.03719213232398033
3183,0.461180716753006,4.61685995105654e-05,0.09413468837738037,0.037153538316488266
3184,0.4608154594898224,4.614463614416309e-05,0.09392517060041428,0.037133220583200455
3185,0.4604496359825134,4.613420242094435e-05,0.09371466189622879,0.037082966417074203
3186,0.4600837826728821,4.611036638380028e-05,0.09352988749742508,0.03706837818026543
3187,0.4597170054912567,4.6101107727736235e-05,0.09333775192499161,0.03701235353946686
3188,0.459352046251297,4.607232767739333e-05,0.09316933900117874,0.03699877858161926
3189,0.4589865207672119,4.605537833413109e-05,0.09298800677061081,0.03694598004221916
3190,0.45862555503845215,4.602108310791664e-05,0.09282092750072479,0.03692910820245743
3191,0.4582635164260864,4.5990076614543796e-05,0.09263978153467178,0.03688675910234451
3192,0.45790210366249084,4.594439087668434e-05,0.09246160835027695,0.0368642620742321
3193,0.45754295587539673,4.589672607835382e-05,0.09227602183818817,0.03683530539274216
3194,0.4571835398674011,4.5848573790863156e-05,0.09208642691373825,0.03680362552404404
3195,0.4568241238594055,4.5797612983733416e-05,0.09190168231725693,0.036784324795007706
3196,0.45646387338638306,4.5757871703244746e-05,0.09170886129140854,0.03674153611063957
3197,0.45610281825065613,4.5711087295785546e-05,0.09153157472610474,0.036727264523506165
3198,0.4557415246963501,4.568376607494429e-05,0.09134388715028763,0.03667600825428963
3199,0.4553818702697754,4.56474008387886e-05,0.09117592871189117,0.03666272759437561
3200,0.4550233781337738,4.5632183173438534e-05,0.09099427610635757,0.03660839796066284
3201,0.4546673595905304,4.560239176498726e-05,0.09082934260368347,0.03659465163946152
3202,0.4543105363845825,4.5585024054162204e-05,0.090647853910923,0.03654542937874794
3203,0.45395639538764954,4.555135819828138e-05,0.09047680348157883,0.036530785262584686
3204,0.4536009728908539,4.552553582470864e-05,0.09029173851013184,0.036491911858320236
3205,0.45324620604515076,4.548904689727351e-05,0.09011153131723404,0.036473605781793594
3206,0.4528905749320984,4.5453729399014264e-05,0.08992565423250198,0.0364464707672596
3207,0.45253661274909973,4.5416963985189795e-05,0.08974041789770126,0.03642177954316139
3208,0.45218339562416077,4.537904169410467e-05,0.0895603597164154,0.03640434145927429
3209,0.4518299400806427,4.535229527391493e-05,0.08937788754701614,0.03637063875794411
3210,0.45147860050201416,4.5322260120883584e-05,0.08920827507972717,0.03635837137699127
3211,0.45112907886505127,4.530884325504303e-05,0.08902959525585175,0.03631620109081268
3212,0.45078182220458984,4.528484714683145e-05,0.0888650044798851,0.036307089030742645
3213,0.4504333734512329,4.527739292825572e-05,0.0886823982000351,0.03625968471169472
3214,0.45008620619773865,4.525501935859211e-05,0.08851122856140137,0.03625194728374481
3215,0.4497387409210205,4.5247492380440235e-05,0.08831547945737839,0.03620288521051407
3216,0.44939059019088745,4.521949449554086e-05,0.0881282240152359,0.03619556128978729
3217,0.44904258847236633,4.520322545431554e-05,0.08791607618331909,0.036148782819509506
3218,0.44869405031204224,4.516910485108383e-05,0.08771321177482605,0.0361398309469223
3219,0.4483458399772644,4.5148295612307265e-05,0.08749327063560486,0.03609638661146164
3220,0.4479983448982239,4.511643055593595e-05,0.08728578686714172,0.036082226783037186
3221,0.4476531744003296,4.5096170651959255e-05,0.08707170933485031,0.03604266420006752
3222,0.4473096430301666,4.5069638872519135e-05,0.08687123656272888,0.036021411418914795
3223,0.4469654858112335,4.50511543022003e-05,0.0866728201508522,0.03598642721772194
3224,0.44662415981292725,4.503285890677944e-05,0.0864846333861351,0.03595712408423424
3225,0.44628220796585083,4.50144725618884e-05,0.0863025113940239,0.03592822328209877
3226,0.4459415376186371,4.4995897042099386e-05,0.08612164109945297,0.03589338809251785
3227,0.44559991359710693,4.4965840061195195e-05,0.08594809472560883,0.03587345406413078
3228,0.4452580213546753,4.493962478591129e-05,0.08576758205890656,0.03583599254488945
3229,0.4449167251586914,4.489834464038722e-05,0.08559676259756088,0.035825107246637344
3230,0.44457730650901794,4.4866967073176056e-05,0.085413359105587,0.0357857346534729
3231,0.44423842430114746,4.48169230367057e-05,0.0852443128824234,0.03578297048807144
3232,0.4439021348953247,4.478525443118997e-05,0.08506053686141968,0.035740531980991364
3233,0.4435657262802124,4.473794251680374e-05,0.0848972350358963,0.0357421450316906
3234,0.443231463432312,4.4719148718286306e-05,0.0847167819738388,0.03569306060671806
3235,0.44289830327033997,4.468274346436374e-05,0.08456074446439743,0.035696253180503845
3236,0.44256287813186646,4.467623875825666e-05,0.08438187837600708,0.035639431327581406
3237,0.44222941994667053,4.4646221795119345e-05,0.08422800898551941,0.035645365715026855
3238,0.4418960213661194,4.4649576011579484e-05,0.08404316008090973,0.035580817610025406
3239,0.4415616989135742,4.4620690459851176e-05,0.08388443291187286,0.035592492669820786
3240,0.441228449344635,4.462700599106029e-05,0.08368603885173798,0.0355212576687336
3241,0.44089844822883606,4.458849070942961e-05,0.08351877331733704,0.03554388880729675
3242,0.44056832790374756,4.4592808990273625e-05,0.08330626785755157,0.035465534776449203
3243,0.44024109840393066,4.454520239960402e-05,0.08313687145709991,0.03550160676240921
3244,0.43991619348526,4.45564255642239e-05,0.08291811496019363,0.03541116043925285
3245,0.43959304690361023,4.4502805394586176e-05,0.08275841921567917,0.03546297550201416
3246,0.4392735958099365,4.452640132512897e-05,0.0825413316488266,0.035354189574718475
3247,0.4389556050300598,4.446786624612287e-05,0.08240164071321487,0.03542628511786461
3248,0.4386405944824219,4.451089262147434e-05,0.08218743652105331,0.0352906659245491
3249,0.43833279609680176,4.4446001993492246e-05,0.08207065612077713,0.03539187088608742
3250,0.438035786151886,4.451091808732599e-05,0.08184889703989029,0.0352204330265522
3251,0.4377506375312805,4.4428965338738635e-05,0.08175157010555267,0.035366274416446686
3252,0.437486469745636,4.451939821592532e-05,0.0815059021115303,0.03514525294303894
3253,0.4372485280036926,4.441659984877333e-05,0.08142798393964767,0.03535617142915726
3254,0.43705227971076965,4.4553729821927845e-05,0.08114317059516907,0.03506089374423027
3255,0.43691399693489075,4.443237776285969e-05,0.08109494298696518,0.03536704182624817
3256,0.43686771392822266,4.465939855435863e-05,0.0807575061917305,0.03495708107948303
3257,0.4369533360004425,4.453966539585963e-05,0.08076357841491699,0.03540575131773949
3258,0.4372421205043793,4.4947788410354406e-05,0.08035600185394287,0.03481652960181236
3259,0.4378391206264496,4.4879929191665724e-05,0.08045270293951035,0.03548576310276985
3260,0.43891075253486633,4.564264963846654e-05,0.07994092255830765,0.034620366990566254
3261,0.4407140612602234,4.5754619350191206e-05,0.08017672598361969,0.035640377551317215
3262,0.44363659620285034,4.7244342567864805e-05,0.07950017601251602,0.03434985876083374
3263,0.4482787251472473,4.789033118868247e-05,0.07994575053453445,0.03592696413397789
3264,0.45550742745399475,5.0904352974612266e-05,0.07900940626859665,0.03398798033595085
3265,0.46662166714668274,5.2948249503970146e-05,0.07977267354726791,0.03643599897623062
3266,0.483253538608551,5.9067970141768456e-05,0.07844360172748566,0.03353621065616608
3267,0.5074995756149292,6.419690180337057e-05,0.07967983186244965,0.03727981448173523
3268,0.5407774448394775,7.562422979390249e-05,0.07779861241579056,0.033052992075681686
3269,0.5831748247146606,8.510532643413171e-05,0.07966722548007965,0.038483280688524246
3270,0.6291360855102539,0.0001007810133160092,0.07713133096694946,0.03268895298242569
3271,0.66703861951828,0.00010840125469258055,0.07961554080247879,0.03957570716738701
3272,0.6761159300804138,0.00011412987078074366,0.07664032280445099,0.0325637049973011
3273,0.6411792039871216,0.00010145814303541556,0.0791974663734436,0.039159346371889114
3274,0.5643956065177917,8.264670032076538e-05,0.0766395777463913,0.03281236067414284
3275,0.47953444719314575,5.721962224924937e-05,0.07814498990774155,0.03650598227977753
3276,0.43180370330810547,4.479816197999753e-05,0.0771905854344368,0.0342959426343441
3277,0.4477921426296234,4.960548903909512e-05,0.0767640694975853,0.03372536972165108
3278,0.5159032344818115,6.736021168762818e-05,0.07783811539411545,0.0371437594294548
3279,0.5919513702392578,9.078010043594986e-05,0.07567551732063293,0.032595615833997726
3280,0.6234415769577026,9.706831770017743e-05,0.07793877273797989,0.03873306140303612
3281,0.5818294286727905,8.79965809872374e-05,0.07536295056343079,0.032581232488155365
3282,0.4953562021255493,6.197252514539286e-05,0.0770605280995369,0.0366867296397686
3283,0.43251439929008484,4.549120785668492e-05,0.07593781501054764,0.03396778553724289
3284,0.4450514316558838,4.924407403450459e-05,0.07560355216264725,0.03356451168656349
3285,0.5197021961212158,6.878482963657007e-05,0.07672689110040665,0.03707230091094971
3286,0.5884553790092468,9.021009464049712e-05,0.07455533742904663,0.03240837901830673
3287,0.5864253044128418,8.722534403204918e-05,0.07672271132469177,0.03806913271546364
3288,0.5116064548492432,6.853655213490129e-05,0.07455843687057495,0.032705653458833694
3289,0.4370415508747101,4.6550841943826526e-05,0.07554736733436584,0.03509874269366264
3290,0.4371885061264038,4.663519939640537e-05,0.07540182769298553,0.03509106487035751
3291,0.509250283241272,6.803464202675968e-05,0.07411253452301025,0.03264510631561279
3292,0.5753270387649536,8.439588418696076e-05,0.07593107223510742,0.037799540907144547
3293,0.561606764793396,8.2953687524423e-05,0.07358460128307343,0.0323399156332016
3294,0.4816317558288574,5.882759433006868e-05,0.07518871128559113,0.03617621958255768
3295,0.42522943019866943,4.399264435051009e-05,0.07424142956733704,0.03390724956989288
3296,0.4561241865158081,5.310987762641162e-05,0.07368385046720505,0.033032868057489395
3297,0.5353091955184937,7.369028753601015e-05,0.07504826039075851,0.03706829249858856
3298,0.5661510825157166,8.450848690699786e-05,0.07285338640213013,0.03221897780895233
3299,0.5097030401229858,6.682016100967303e-05,0.07465814799070358,0.03658999502658844
3300,0.4346858263015747,4.7172303311526775e-05,0.07333140820264816,0.03331654518842697
3301,0.4348231554031372,4.727343184640631e-05,0.07318373024463654,0.033282678574323654
3302,0.5071884393692017,6.631319411098957e-05,0.07422137260437012,0.036492522805929184
3303,0.5558697581291199,8.190652442863211e-05,0.07217724621295929,0.03213178366422653
3304,0.5157909393310547,6.879652937641367e-05,0.07397516816854477,0.036605000495910645
3305,0.43913206458091736,4.8776022595120594e-05,0.07253315299749374,0.03306331858038902
3306,0.42874059081077576,4.579324013320729e-05,0.0725167766213417,0.033304814249277115
3307,0.4961356222629547,6.356175435939804e-05,0.0734381303191185,0.03621537610888481
3308,0.5458985567092896,7.93789149611257e-05,0.07148754596710205,0.032036192715168
3309,0.507464587688446,6.677927740383893e-05,0.07323100417852402,0.03637657314538956
3310,0.4341920018196106,4.764253390021622e-05,0.07188021391630173,0.03301766514778137
3311,0.43005073070526123,4.6485809434670955e-05,0.07180027663707733,0.033094633370637894
3312,0.4983273446559906,6.441809819079936e-05,0.07279800623655319,0.036154236644506454
3313,0.5372917652130127,7.723437738604844e-05,0.07086517661809921,0.031943995505571365
3314,0.4887412488460541,6.189796840772033e-05,0.07249505072832108,0.03593141958117485
3315,0.4240887463092804,4.493673623073846e-05,0.07136458903551102,0.033166419714689255
3316,0.43912768363952637,4.937177800456993e-05,0.07103238999843597,0.03274184465408325
3317,0.5084095597267151,6.737156945746392e-05,0.07220790535211563,0.036231160163879395
3318,0.5243737697601318,7.378816371783614e-05,0.07025919109582901,0.03190175071358681
3319,0.4618769884109497,5.4765871027484536e-05,0.07168163359165192,0.03529677912592888
3320,0.4171491861343384,4.2988001951016486e-05,0.07092011719942093,0.03352946788072586
3321,0.4582327902317047,5.509016045834869e-05,0.07021944969892502,0.032339442521333694
3322,0.5180000066757202,7.019966142252088e-05,0.07162260264158249,0.03630095347762108
3323,0.5002546906471252,6.721053796354681e-05,0.0697280690073967,0.031920965760946274
3324,0.4330316185951233,4.72286919830367e-05,0.07081039249897003,0.03446527570486069
3325,0.42340677976608276,4.4724067265633494e-05,0.07054967433214188,0.03409283608198166
3326,0.4844858646392822,6.288885197136551e-05,0.06940720975399017,0.031957775354385376
3327,0.5149207711219788,6.961247709114105e-05,0.07095332443714142,0.03616847097873688
3328,0.4638618230819702,5.715924999094568e-05,0.0692439004778862,0.03208809718489647
3329,0.4153142273426056,4.291866935091093e-05,0.0697992667555809,0.03351912274956703
3330,0.44803187251091003,5.1567858463386074e-05,0.07011672854423523,0.03481067344546318
3331,0.5048624277114868,6.898872379679233e-05,0.0685734748840332,0.03169785812497139
3332,0.48934417963027954,6.289969314821064e-05,0.07008981704711914,0.03564754128456116
3333,0.4271172881126404,4.6887336793588474e-05,0.06880621612071991,0.03252847120165825
3334,0.42298415303230286,4.5757598854834214e-05,0.06871730834245682,0.032610975205898285
3335,0.4815564751625061,6.098424273659475e-05,0.0696227177977562,0.03544103354215622
3336,0.500520646572113,6.808876059949398e-05,0.06787540763616562,0.031615640968084335
3337,0.4467693567276001,5.1660135795827955e-05,0.069114550948143,0.03466673940420151
3338,0.41273656487464905,4.278497362975031e-05,0.06848936527967453,0.03328189253807068
3339,0.4557347297668457,5.555309689952992e-05,0.06770897656679153,0.031918421387672424
3340,0.49851804971694946,6.592914724024013e-05,0.06902622431516647,0.03565068915486336
3341,0.46499112248420715,5.827659697388299e-05,0.06736590713262558,0.03178524598479271
3342,0.4140649437904358,4.3254956835880876e-05,0.06803238391876221,0.03345613554120064
3343,0.4344089925289154,4.866439485340379e-05,0.06819357722997665,0.034254107624292374
3344,0.48747944831848145,6.485760968644172e-05,0.06683821231126785,0.03153388574719429
3345,0.4774540066719055,6.0426085838116705e-05,0.06824863702058792,0.03519458323717117
3346,0.421848326921463,4.612076736520976e-05,0.0670599415898323,0.03231920301914215
3347,0.4198671281337738,4.5590462832478806e-05,0.0669625923037529,0.032347727566957474
3348,0.4728362560272217,5.930283077759668e-05,0.06786204129457474,0.03506340831518173
3349,0.483106791973114,6.388034671545029e-05,0.0662434920668602,0.031445812433958054
3350,0.4316806495189667,4.8266192607115954e-05,0.06732778996229172,0.03408387303352356
3351,0.41168347001075745,4.304374670027755e-05,0.06691506505012512,0.03326281160116196
3352,0.4577624797821045,5.677493754774332e-05,0.06601699441671371,0.03160030022263527
3353,0.48352983593940735,6.242980452952906e-05,0.06732609868049622,0.035188786685466766
3354,0.4408229887485504,5.203827822697349e-05,0.06588134914636612,0.031754132360219955
3355,0.4082792103290558,4.2469015170354396e-05,0.06624004989862442,0.03275451436638832
3356,0.4444769024848938,5.193887773202732e-05,0.0666913092136383,0.034339312463998795
3357,0.48004424571990967,6.334002682706341e-05,0.06523464620113373,0.03130387142300606
3358,0.44797760248184204,5.2974544814787805e-05,0.06645858287811279,0.03438850864768028
3359,0.40785789489746094,4.258774424670264e-05,0.06566692888736725,0.03256436064839363
3360,0.43358343839645386,5.0250808271812275e-05,0.06514077633619308,0.03172487020492554
3361,0.474756121635437,6.0408136050682515e-05,0.0662386566400528,0.03488250821828842
3362,0.45271357893943787,5.582890298683196e-05,0.06472089141607285,0.031436119228601456
3363,0.40894973278045654,4.285925388103351e-05,0.06534603238105774,0.033025629818439484
3364,0.4251626133918762,4.7164696297841147e-05,0.06545852869749069,0.03369387984275818
3365,0.4684711694717407,6.053234392311424e-05,0.06419865787029266,0.031215820461511612
3366,0.4553881287574768,5.54128346266225e-05,0.06541381776332855,0.0344146192073822
3367,0.41055312752723694,4.392035771161318e-05,0.06440016627311707,0.03209822252392769
3368,0.41885635256767273,4.64358672616072e-05,0.06412217020988464,0.03181203454732895
3369,0.4623982012271881,5.747087561758235e-05,0.06501179933547974,0.03451724350452423
3370,0.456207275390625,5.732679710490629e-05,0.06351931393146515,0.031213534995913506
3371,0.41200321912765503,4.4043998059351e-05,0.06426980346441269,0.033141255378723145
3372,0.4142003059387207,4.4658230763161555e-05,0.06416239589452744,0.03322747349739075
3373,0.4566294550895691,5.760507701779716e-05,0.06308235228061676,0.031143933534622192
3374,0.45585718750953674,5.595938637270592e-05,0.06426026672124863,0.03430691361427307
3375,0.4130180776119232,4.5170410885475576e-05,0.06317830085754395,0.03177809342741966
3376,0.4107953608036041,4.456160240806639e-05,0.06306914240121841,0.03182366117835045
3377,0.45168161392211914,5.496335870702751e-05,0.06381677836179733,0.034172508865594864
3378,0.45444971323013306,5.7251487305620685e-05,0.0623934380710125,0.031060442328453064
3379,0.4134213924407959,4.4790249376092106e-05,0.06319774687290192,0.03311535716056824
3380,0.4082604646682739,4.349308801465668e-05,0.06298147141933441,0.03287889435887337
3381,0.4473418593406677,5.5373107898049057e-05,0.06202225759625435,0.03107316978275776
3382,0.4525551199913025,5.539977428270504e-05,0.06313840299844742,0.034113816916942596
3383,0.41323795914649963,4.559754233923741e-05,0.06204798072576523,0.03158019855618477
3384,0.4063825309276581,4.362280014902353e-05,0.062027014791965485,0.03177889809012413
3385,0.44383108615875244,5.317404065863229e-05,0.06270221620798111,0.033876411616802216
3386,0.45010989904403687,5.640647577820346e-05,0.061358995735645294,0.030940067023038864
3387,0.4124848246574402,4.4858217734145e-05,0.06217217445373535,0.03299318999052048
3388,0.404948353767395,4.2939580453094095e-05,0.06193098425865173,0.032647211104631424
3389,0.44085443019866943,5.3892566938884556e-05,0.06105535477399826,0.030975060537457466
3390,0.4475289285182953,5.438108928501606e-05,0.06213530898094177,0.03388773649930954
3391,0.41127827763557434,4.5440094254445285e-05,0.061083920300006866,0.03142702579498291
3392,0.40387147665023804,4.32645101682283e-05,0.061082467436790466,0.031660620123147964
3393,0.4385002553462982,5.2037983550690114e-05,0.061721354722976685,0.03365844488143921
3394,0.44461777806282043,5.518139005289413e-05,0.06043962761759758,0.030831262469291687
3395,0.40968114137649536,4.443098441697657e-05,0.06122751533985138,0.032812584191560745
3396,0.4030557870864868,4.275939500075765e-05,0.06101231649518013,0.03249711915850639
3397,0.4365024268627167,5.298821270116605e-05,0.06017066910862923,0.030863257125020027
3398,0.44169509410858154,5.309507832862437e-05,0.06121744215488434,0.033664219081401825
3399,0.4078204333782196,4.4754073314834386e-05,0.06023601442575455,0.03133776783943176
3400,0.402487576007843,4.321846063248813e-05,0.06022420525550842,0.03150085359811783
3401,0.4349154829978943,5.139349741511978e-05,0.0608738511800766,0.033461663872003555
3402,0.4385257959365845,5.3774507250636816e-05,0.059642840176820755,0.03074096329510212
3403,0.405755877494812,4.36734153481666e-05,0.060372304171323776,0.03257853537797928
3404,0.40211519598960876,4.276258187019266e-05,0.060206543654203415,0.03239886090159416
3405,0.4334857761859894,5.243370105745271e-05,0.05935836210846901,0.030744388699531555
3406,0.4353652894496918,5.16602631250862e-05,0.060360345989465714,0.033408861607313156
3407,0.4036073684692383,4.382139377412386e-05,0.059443846344947815,0.031279392540454865
3408,0.4019448161125183,4.335168341640383e-05,0.05936285853385925,0.03131764382123947
3409,0.4322909116744995,5.0904342060675845e-05,0.06002432107925415,0.03330589458346367
3410,0.43201225996017456,5.220368257141672e-05,0.05883890390396118,0.030660076066851616
3411,0.4014170467853546,4.279987115296535e-05,0.059493325650691986,0.032315075397491455
3412,0.40193572640419006,4.2962696170434356e-05,0.059403471648693085,0.03233405575156212
3413,0.43108657002449036,5.2066752687096596e-05,0.05853321775794029,0.0306076817214489
3414,0.4286630153656006,5.010006498196162e-05,0.05948883295059204,0.03315877541899681
3415,0.39928150177001953,4.287138654035516e-05,0.058663081377744675,0.031239861622452736
3416,0.40210235118865967,4.377563891466707e-05,0.05850212648510933,0.031103484332561493
3417,0.42999428510665894,5.0573591579450294e-05,0.059181950986385345,0.033154286444187164
3418,0.4251841902732849,5.058191163698211e-05,0.05803472921252251,0.030588854104280472
3419,0.3972393870353699,4.199581599095836e-05,0.058584704995155334,0.032044507563114166
3420,0.4023854434490204,4.334752884460613e-05,0.05857886001467705,0.03229934349656105
3421,0.42875951528549194,5.175710975890979e-05,0.05768461897969246,0.030483875423669815
3422,0.42174142599105835,4.855752194998786e-05,0.058586906641721725,0.03288985416293144
3423,0.3953661024570465,4.2043633584398776e-05,0.0578639842569828,0.031231863424181938
3424,0.40277156233787537,4.4329844968160614e-05,0.05761846527457237,0.030904503539204597
3425,0.4275161623954773,5.0227441533934325e-05,0.058330316096544266,0.03299548476934433
3426,0.41823610663414,4.896043537883088e-05,0.05725040286779404,0.030536241829395294
3427,0.3936668932437897,4.144625199842267e-05,0.057705122977495193,0.0317530557513237
3428,0.4032163918018341,4.388790330267511e-05,0.057794056832790375,0.03225688263773918
3429,0.42606502771377563,5.1334827730897814e-05,0.05687893182039261,0.030368193984031677
3430,0.41481518745422363,4.701334910350852e-05,0.05772595852613449,0.03261197358369827
3431,0.39218834042549133,4.1424977098358795e-05,0.05711919069290161,0.03122810646891594
3432,0.4036823809146881,4.4970442104386166e-05,0.05679364874958992,0.03069993667304516
3433,0.42455732822418213,4.971396265318617e-05,0.05753397196531296,0.03283356875181198
3434,0.4114269018173218,4.729700231109746e-05,0.05652642995119095,0.03049413487315178
3435,0.39092040061950684,4.103049650439061e-05,0.05689337104558945,0.031480610370635986
3436,0.4041287899017334,4.4376953155733645e-05,0.057095516473054886,0.03221992403268814
3437,0.4228098392486572,5.072588101029396e-05,0.056185636669397354,0.030250366777181625
3438,0.4081724286079407,4.549856748781167e-05,0.05699003115296364,0.03233242407441139
3439,0.389873206615448,4.0965256630443037e-05,0.05650526285171509,0.031231127679347992
3440,0.40451323986053467,4.5491316996049136e-05,0.05610932409763336,0.03051137924194336
3441,0.42100492119789124,4.898811675957404e-05,0.056877173483371735,0.032653916627168655
3442,0.4050447642803192,4.572122998069972e-05,0.05593986064195633,0.03045833110809326
3443,0.3890259563922882,4.081904626218602e-05,0.056203920394182205,0.03121473640203476
3444,0.4048148989677429,4.474902380025014e-05,0.05648142099380493,0.03216872736811638
3445,0.41900634765625,4.984882252756506e-05,0.05555300787091255,0.030163690447807312
3446,0.4021110534667969,4.4096326746512204e-05,0.05628542602062225,0.03205607458949089
3447,0.38835710287094116,4.071274815942161e-05,0.0558973029255867,0.031230036169290543
3448,0.4049811363220215,4.590011667460203e-05,0.05541680380702019,0.030341507866978645
3449,0.41697633266448975,4.8130255891010165e-05,0.056174136698246,0.03245805203914642
3450,0.3993651270866394,4.432043351698667e-05,0.055292051285505295,0.030431048944592476
3451,0.38783833384513855,4.082313535036519e-05,0.055446214973926544,0.030963774770498276
3452,0.40502050518989563,4.506860932451673e-05,0.055778857320547104,0.032084617763757706
3453,0.41480204463005066,4.897375765722245e-05,0.05483582988381386,0.030063601210713387
3454,0.39682507514953613,4.298530984669924e-05,0.055473871529102325,0.031780607998371124
3455,0.3874320387840271,4.0686609281692654e-05,0.05515970289707184,0.03121252730488777
3456,0.40488380193710327,4.620891559170559e-05,0.05460308492183685,0.03017684631049633
3457,0.41265395283699036,4.7266385081456974e-05,0.0553346648812294,0.03225273638963699
3458,0.3945062458515167,4.32450688094832e-05,0.05451587587594986,0.030391089618206024
3459,0.38710692524909973,4.099709985894151e-05,0.05457189679145813,0.030734259635210037
3460,0.4046062231063843,4.523544339463115e-05,0.05495060980319977,0.0319921039044857
3461,0.41043326258659363,4.804809941560961e-05,0.05402827635407448,0.029978174716234207
3462,0.3923951983451843,4.214084037812427e-05,0.054601069539785385,0.03152051568031311
3463,0.38682350516319275,4.080326471012086e-05,0.05437944456934929,0.031173422932624817
3464,0.40414339303970337,4.6346758608706295e-05,0.05378592386841774,0.0300322026014328
3465,0.4082934856414795,4.638866812456399e-05,0.05449841916561127,0.03204064816236496
3466,0.3904988467693329,4.237241591908969e-05,0.0537559911608696,0.03035534918308258
3467,0.3865599036216736,4.119567893212661e-05,0.05374276638031006,0.030530016869306564
3468,0.4035630226135254,4.5229553506942466e-05,0.05415951460599899,0.03186928108334541
3469,0.4061632454395294,4.7110544983297586e-05,0.053260356187820435,0.02990526705980301
3470,0.3887965679168701,4.1441187931923196e-05,0.05376392602920532,0.03128916770219803
3471,0.38627299666404724,4.0847186028258875e-05,0.05361215025186539,0.031126318499445915
3472,0.4028126895427704,4.623919085133821e-05,0.052996810525655746,0.02990955114364624
3473,0.40415674448013306,4.551345045911148e-05,0.05368852987885475,0.031835250556468964
3474,0.3872850835323334,4.1687540942803025e-05,0.053012698888778687,0.03030666522681713
3475,0.38594919443130493,4.1301198507426307e-05,0.05294381082057953,0.030353045091032982
3476,0.401963472366333,4.500264913076535e-05,0.05338449776172638,0.03174184262752533
3477,0.40220871567726135,4.624333814717829e-05,0.052518267184495926,0.02982289344072342
3478,0.38593125343322754,4.093870666110888e-05,0.05296872928738594,0.031076660379767418
3479,0.385559618473053,4.086644185008481e-05,0.05286573991179466,0.031050488352775574
3480,0.40097537636756897,4.597305814968422e-05,0.05223235487937927,0.029793832451105118
3481,0.40041500329971313,4.471646388992667e-05,0.052891358733177185,0.031649600714445114
3482,0.38473042845726013,4.1176561353495345e-05,0.052267495542764664,0.03024798259139061
3483,0.3850994110107422,4.133609036216512e-05,0.05216067656874657,0.030202558264136314
3484,0.3999294936656952,4.4679873099084944e-05,0.05260886624455452,0.03160431981086731
3485,0.3987191617488861,4.548015567706898e-05,0.05177340656518936,0.02975216694176197
3486,0.3836563527584076,4.0566836105426773e-05,0.0521831288933754,0.030904646962881088
3487,0.38454556465148926,4.0812097722664475e-05,0.052118945866823196,0.030960137024521828
3488,0.3987712264060974,4.5612956455443054e-05,0.0514935627579689,0.029697371646761894
3489,0.39718642830848694,4.4108935981057584e-05,0.05212658271193504,0.03147030249238014
3490,0.382703572511673,4.083947715116665e-05,0.051539450883865356,0.030175043269991875
3491,0.3839046359062195,4.125026680412702e-05,0.051408350467681885,0.03008374385535717
3492,0.3975801169872284,4.4280484871705994e-05,0.0518474243581295,0.03146033734083176
3493,0.3957681655883789,4.488885315367952e-05,0.051038846373558044,0.02967594563961029
3494,0.3818497359752655,4.032560173072852e-05,0.051414404064416885,0.030760332942008972
3495,0.3831635117530823,4.065151370014064e-05,0.05135660246014595,0.03085235506296158
3496,0.39630022644996643,4.512641316978261e-05,0.05074071139097214,0.0296153724193573
3497,0.39450597763061523,4.358716978458688e-05,0.05134670436382294,0.03132390230894089
3498,0.3810954988002777,4.061069921590388e-05,0.05078842490911484,0.0300828255712986
3499,0.382332444190979,4.104222898604348e-05,0.05066053196787834,0.029984069988131523
3500,0.3949901759624481,4.37826820416376e-05,0.051083289086818695,0.03131511062383652
3501,0.39334550499916077,4.441626515472308e-05,0.05030490830540657,0.029592236503958702
3502,0.38042542338371277,4.013418219983578e-05,0.050669364631175995,0.030649332329630852
3503,0.38141536712646484,4.038962651975453e-05,0.0506090372800827,0.030719414353370667
3504,0.39360931515693665,4.4592019548872486e-05,0.050020333379507065,0.029536733403801918
3505,0.39232534170150757,4.318849096307531e-05,0.05059777572751045,0.031191110610961914
3506,0.3798472583293915,4.046160029247403e-05,0.050043683499097824,0.02997802197933197
3507,0.3804246485233307,4.068174894200638e-05,0.04993048310279846,0.02991933934390545
3508,0.3921967148780823,4.3221734813414514e-05,0.05032165348529816,0.031165245920419693
3509,0.3913945257663727,4.40831936430186e-05,0.049569811671972275,0.02951025404036045
3510,0.3793593645095825,4.0031198295764625e-05,0.04993155226111412,0.030570214614272118
3511,0.37936756014823914,4.005110531579703e-05,0.04984205216169357,0.03057131916284561
3512,0.3907088041305542,4.3973537685815245e-05,0.04929123446345329,0.02947901003062725
3513,0.3905802369117737,4.2933799704769626e-05,0.04984381049871445,0.031072726473212242
3514,0.3789771795272827,4.049058406963013e-05,0.04928348958492279,0.0298470389097929
3515,0.3782689571380615,4.029513365821913e-05,0.049200478941202164,0.029870938509702682
3516,0.3891691565513611,4.2639301682356745e-05,0.04953771457076073,0.031005319207906723
3517,0.38981300592422485,4.387991066323593e-05,0.048806436359882355,0.02941775508224964
3518,0.37869951128959656,4.0057355363387614e-05,0.04917559400200844,0.0305157657712698
3519,0.37714576721191406,3.972337071900256e-05,0.04903857409954071,0.030393991619348526
3520,0.3875379264354706,4.330998854129575e-05,0.04853864759206772,0.02942192740738392
3521,0.38911163806915283,4.2744213715195656e-05,0.049062810838222504,0.030969873070716858
3522,0.3785400986671448,4.0629391151014715e-05,0.048491183668375015,0.029699847102165222
3523,0.3760308623313904,3.985060175182298e-05,0.048472363501787186,0.029847199097275734
3524,0.38582950830459595,4.197819362161681e-05,0.048762064427137375,0.030826883390545845
3525,0.38839191198349,4.372650437289849e-05,0.048073600977659225,0.029316678643226624
3526,0.3785022795200348,4.017224273411557e-05,0.0484752394258976,0.030481573194265366
3527,0.37495869398117065,3.9381779060931876e-05,0.048286501318216324,0.03019220195710659
3528,0.3840133547782898,4.249456833349541e-05,0.04786774143576622,0.029382379725575447
3529,0.38766324520111084,4.254419036442414e-05,0.04837106168270111,0.030857646837830544
3530,0.3785957992076874,4.089465437573381e-05,0.04778289422392845,0.029536370187997818
3531,0.3739708662033081,3.938487498089671e-05,0.04783947020769119,0.029853766784071922
3532,0.382114052772522,4.1163253627019e-05,0.048056185245513916,0.030630985274910927
3533,0.38683900237083435,4.346251444076188e-05,0.04741295427083969,0.02922934480011463
3534,0.37881046533584595,4.037999315187335e-05,0.047848448157310486,0.03046575002372265
3535,0.37311679124832153,3.91318608308211e-05,0.04758526384830475,0.02996683306992054
3536,0.3801225423812866,4.152685505687259e-05,0.0472547672688961,0.029366735368967056
3537,0.3859039545059204,4.2229279642924666e-05,0.047713518142700195,0.03074006363749504
3538,0.3791246712207794,4.1284976759925485e-05,0.04710108041763306,0.029364081099629402
3539,0.37245088815689087,3.907127393176779e-05,0.04724157229065895,0.029880667105317116
3540,0.37808099389076233,4.0315440855920315e-05,0.04735425487160683,0.030397452414035797
3541,0.38476312160491943,4.3077554437331855e-05,0.046757932752370834,0.029144257307052612
3542,0.37950649857521057,4.070203794981353e-05,0.04720458760857582,0.03045562654733658
3543,0.3720239996910095,3.912630199920386e-05,0.046843044459819794,0.02971913479268551
3544,0.3760238587856293,4.051726500620134e-05,0.04661574587225914,0.029374321922659874
3545,0.38340526819229126,4.176647053100169e-05,0.04699941724538803,0.03058852255344391
3546,0.37989360094070435,4.1770614188862965e-05,0.04636792466044426,0.02919277921319008
3547,0.37188300490379333,3.901074887835421e-05,0.046595197170972824,0.0299360528588295
3548,0.3740256130695343,3.950257450924255e-05,0.046585988253355026,0.030128277838230133
3549,0.38175272941589355,4.244122828822583e-05,0.046076253056526184,0.029084278270602226
3550,0.38020700216293335,4.107947097509168e-05,0.04652833566069603,0.030423760414123535
3551,0.3720546364784241,3.948372614104301e-05,0.046076010912656784,0.029455257579684258
3552,0.3721868395805359,3.956104046665132e-05,0.045977555215358734,0.029420441016554832
3553,0.3798317015171051,4.104697291040793e-05,0.04626256600022316,0.0303873959928751
3554,0.38033348321914673,4.217179593979381e-05,0.04564502090215683,0.029037421569228172
3555,0.3725402355194092,3.930457023670897e-05,0.04595871642231941,0.030001172795891762
3556,0.3706095218658447,3.890038715326227e-05,0.04580821096897125,0.02982275001704693
3557,0.3776245713233948,4.1432220314163715e-05,0.045414164662361145,0.029067127034068108
3558,0.38016659021377563,4.1234437958337367e-05,0.04584122076630592,0.030362876132130623
3559,0.3732926547527313,4.016091406811029e-05,0.045317571610212326,0.029196172952651978
3560,0.36942601203918457,3.886614285875112e-05,0.045369431376457214,0.02950432151556015
3561,0.3752281069755554,4.00592471123673e-05,0.04552507773041725,0.03012731857597828
3562,0.37956416606903076,4.217628884362057e-05,0.044962480664253235,0.02891591563820839
3563,0.37421175837516785,3.984406794188544e-05,0.04534759745001793,0.030063629150390625
3564,0.3687450885772705,3.874218600685708e-05,0.0450570173561573,0.029488947242498398
3565,0.37275880575180054,4.0177779737859964e-05,0.04481858015060425,0.029095757752656937
3566,0.3784511387348175,4.095181793672964e-05,0.04517549276351929,0.030230524018406868
3567,0.3751355707645416,4.096301563549787e-05,0.044607993215322495,0.028963657096028328
3568,0.36864030361175537,3.8654368836432695e-05,0.04480648413300514,0.029626650735735893
3569,0.37040966749191284,3.903784090653062e-05,0.044800352305173874,0.029803406447172165
3570,0.37675851583480835,4.1550316382199526e-05,0.044344957917928696,0.028855517506599426
3571,0.37585514783859253,4.038737097289413e-05,0.04475773125886917,0.030085423961281776
3572,0.3691202402114868,3.9191443647723645e-05,0.04433714225888252,0.02916138619184494
3573,0.36840909719467163,3.897902570315637e-05,0.04428417980670929,0.029198892414569855
3574,0.3745502829551697,4.012293356936425e-05,0.0445207878947258,0.030005289241671562
3575,0.37611937522888184,4.1499668441247195e-05,0.043970558792352676,0.02878681570291519
3576,0.3700864911079407,3.907855352736078e-05,0.044291362166404724,0.029756207019090652
3577,0.3670002520084381,3.84620507247746e-05,0.0440986230969429,0.029433242976665497
3578,0.37196624279022217,4.0293751226272434e-05,0.043801549822092056,0.028880184516310692
3579,0.37571272253990173,4.050184725201689e-05,0.04417135566473007,0.030021777376532555
3580,0.3713146150112152,4.0151997382054105e-05,0.04365840554237366,0.028869034722447395
3581,0.3663821220397949,3.839647615677677e-05,0.043789368122816086,0.02936209738254547
3582,0.3693007826805115,3.8982256228337064e-05,0.04383925721049309,0.029685620218515396
3583,0.3744734823703766,4.120522135053761e-05,0.04337620735168457,0.028701940551400185
3584,0.37246912717819214,3.9781392842996866e-05,0.04375971108675003,0.029846979305148125
3585,0.36662304401397705,3.8756828871555626e-05,0.04339362308382988,0.02905406802892685
3586,0.3669314682483673,3.8897145714145154e-05,0.0433017835021019,0.02899845317006111
3587,0.372435599565506,3.981869303970598e-05,0.04354347661137581,0.02982654981315136
3588,0.3731452524662018,4.0932871343102306e-05,0.043016467243433,0.028658349066972733
3589,0.3676186800003052,3.87034124287311e-05,0.043302737176418304,0.029544277116656303
3590,0.3652617931365967,3.825409658020362e-05,0.04313459247350693,0.029282506555318832
3591,0.369796484708786,3.9971331716515124e-05,0.04283830150961876,0.02873075194656849
3592,0.3729647994041443,4.002427886007354e-05,0.043183017522096634,0.029817914590239525
3593,0.3690299987792969,3.977641972596757e-05,0.04269524663686752,0.0287295114248991
3594,0.3646099865436554,3.817585820797831e-05,0.042818523943424225,0.02920275181531906
3595,0.3670104444026947,3.8646339817205444e-05,0.04285409301519394,0.029484594240784645
3596,0.3716951608657837,4.069825808983296e-05,0.04241937771439552,0.028572119772434235
3597,0.37032705545425415,3.946054494008422e-05,0.042776115238666534,0.029666053131222725
3598,0.3650643229484558,3.8617305108346045e-05,0.04240754246711731,0.028872519731521606
3599,0.36466318368911743,3.851117435260676e-05,0.04234430193901062,0.028886932879686356
3600,0.3694252371788025,3.93011505366303e-05,0.042542099952697754,0.02960280142724514
3601,0.37089717388153076,4.059487400809303e-05,0.042044349014759064,0.028513507917523384
3602,0.3663743734359741,3.860519063891843e-05,0.04233068972826004,0.029420355334877968
3603,0.3633236289024353,3.8053636671975255e-05,0.04212023317813873,0.02904863841831684
3604,0.3665824234485626,3.9316444599535316e-05,0.04188535735011101,0.028639575466513634
3605,0.37027961015701294,3.959002788178623e-05,0.04218484088778496,0.029614975675940514
3606,0.36793088912963867,3.980343899456784e-05,0.04170335456728935,0.028539452701807022
3607,0.3633134067058563,3.8028694689273834e-05,0.04187232255935669,0.02913607470691204
3608,0.36390599608421326,3.814641968347132e-05,0.04183211922645569,0.029211126267910004
3609,0.3683529496192932,4.001720662927255e-05,0.04147149622440338,0.028469158336520195
3610,0.36892908811569214,3.9339451177511364e-05,0.0418095625936985,0.02951955795288086
3611,0.364485502243042,3.88252992706839e-05,0.0414041131734848,0.02862154319882393
3612,0.3622055649757385,3.799417390837334e-05,0.04143214225769043,0.02885928936302662
3613,0.3655456602573395,3.8564590795431286e-05,0.041537754237651825,0.029323898255825043
3614,0.36863839626312256,4.02272999053821e-05,0.041099365800619125,0.02837410941720009
3615,0.36615467071533203,3.8734389818273485e-05,0.04141389951109886,0.02934981696307659
3616,0.3620074987411499,3.8075377233326435e-05,0.04111741483211517,0.028736410662531853
3617,0.3627556562423706,3.838492193608545e-05,0.04100484400987625,0.02862359583377838
3618,0.36683163046836853,3.892460517818108e-05,0.04121915623545647,0.0293724425137043
3619,0.36728718876838684,3.992133497376926e-05,0.040756020694971085,0.028340335935354233
3620,0.36320313811302185,3.811851638602093e-05,0.0410059429705143,0.029138751327991486
3621,0.3610241711139679,3.775005097850226e-05,0.040833476930856705,0.02885354682803154
3622,0.363982617855072,3.8942140236031264e-05,0.04059929773211479,0.02843507006764412
3623,0.3669719398021698,3.903236938640475e-05,0.04087742045521736,0.029350103810429573
3624,0.3649398386478424,3.931119863409549e-05,0.040429215878248215,0.02834959328174591
3625,0.36099857091903687,3.7736797821708024e-05,0.04058467596769333,0.028915826231241226
3626,0.3612360954284668,3.778195969061926e-05,0.040526825934648514,0.028952911496162415
3627,0.36495310068130493,3.939093949156813e-05,0.04019581153988838,0.028297601267695427
3628,0.36593323945999146,3.885893602273427e-05,0.04049472138285637,0.029270684346556664
3629,0.3624340295791626,3.8630591006949544e-05,0.04009278118610382,0.028389843180775642
3630,0.3598412275314331,3.7647005228791386e-05,0.04014699161052704,0.02870485931634903
3631,0.36199086904525757,3.799766636802815e-05,0.040191493928432465,0.029019959270954132
3632,0.365171879529953,3.960030517191626e-05,0.0398002564907074,0.028202807530760765
3633,0.36414167284965515,3.851908695651218e-05,0.04009270668029785,0.02914775349199772
3634,0.36035969853401184,3.80714591301512e-05,0.03975918889045715,0.028440356254577637
3635,0.359555184841156,3.779603139264509e-05,0.03971882537007332,0.028515052050352097
3636,0.36269351840019226,3.8236106775002554e-05,0.039844244718551636,0.029047170653939247
3637,0.3645980656147003,3.956077853217721e-05,0.03942149877548218,0.028140131384134293
3638,0.3621213436126709,3.8130267057567835e-05,0.039684489369392395,0.029003659263253212
3639,0.3589426875114441,3.7687808799091727e-05,0.03942479193210602,0.028491515666246414
3640,0.35974836349487305,3.804522566497326e-05,0.03930164873600006,0.028355587273836136
3641,0.36300212144851685,3.837736221612431e-05,0.03948691114783287,0.02904178388416767
3642,0.3634544610977173,3.932736944989301e-05,0.03905840218067169,0.02810201421380043
3643,0.3602505922317505,3.7779202102683485e-05,0.03928329795598984,0.0288543738424778
3644,0.35811832547187805,3.747010850929655e-05,0.03909926861524582,0.028532935306429863
3645,0.36005711555480957,3.830140849458985e-05,0.03891163691878319,0.028221990913152695
3646,0.3628379702568054,3.840794670395553e-05,0.03913727030158043,0.029005017131567
3647,0.3620334267616272,3.900150477420539e-05,0.038718316704034805,0.028076404705643654
3648,0.3587120473384857,3.751813346752897e-05,0.03889767453074455,0.028707269579172134
3649,0.3576914370059967,3.737221413757652e-05,0.03877691552042961,0.028558263555169106
3650,0.36024320125579834,3.849612039630301e-05,0.03853558748960495,0.028112808242440224
3651,0.3622872233390808,3.83395490644034e-05,0.03878031671047211,0.028947515413165092
3652,0.3605842888355255,3.865194594254717e-05,0.038376860320568085,0.02805926278233528
3653,0.3575260043144226,3.7341349525377154e-05,0.03850988298654556,0.028572900220751762
3654,0.35745325684547424,3.733805351657793e-05,0.03844110295176506,0.028567014262080193
3655,0.3602088689804077,3.8613954529864714e-05,0.03816254809498787,0.02802327647805214
3656,0.3614925146102905,3.822160215349868e-05,0.03841637074947357,0.02887636050581932
3657,0.3592478036880493,3.8345569919329137e-05,0.03803535923361778,0.028040435165166855
3658,0.3566226065158844,3.724766065715812e-05,0.03812934830784798,0.0284512210637331
3659,0.3572438955307007,3.734264100785367e-05,0.0381019301712513,0.028556304052472115
3660,0.35994967818260193,3.866942279273644e-05,0.0377989336848259,0.02794642001390457
3661,0.36059170961380005,3.808865221799351e-05,0.03805308789014816,0.028799816966056824
3662,0.3580886721611023,3.809681220445782e-05,0.037693656980991364,0.028017602860927582
3663,0.3559039533138275,3.719207597896457e-05,0.03775610402226448,0.028347717598080635
3664,0.3569669723510742,3.733735138666816e-05,0.03775894641876221,0.02853241004049778
3665,0.3595045208930969,3.8655718526570126e-05,0.03744406998157501,0.02788255549967289
3666,0.3596903383731842,3.7948637327644974e-05,0.03769747167825699,0.028725383803248405
3667,0.35711580514907837,3.789984475588426e-05,0.03736049309372902,0.02798880636692047
3668,0.355286180973053,3.714567355928011e-05,0.037405114620923996,0.028260812163352966
3669,0.35657694935798645,3.730919706868008e-05,0.03743021562695503,0.0284933652728796
3670,0.3589298725128174,3.859518255922012e-05,0.03711339086294174,0.027825482189655304
3671,0.35885125398635864,3.7819943827344105e-05,0.03736412897706032,0.028652148321270943
3672,0.35631173849105835,3.775279765250161e-05,0.037042245268821716,0.027949944138526917
3673,0.35470765829086304,3.7087316741235554e-05,0.037074971944093704,0.028189044445753098
3674,0.356058806180954,3.7244102713884786e-05,0.03710761293768883,0.02844185195863247
3675,0.3582632839679718,3.848991764243692e-05,0.036790911108255386,0.027775030583143234
3676,0.3580963611602783,3.769581962842494e-05,0.03703524172306061,0.02858535200357437
3677,0.3556542694568634,3.764357097679749e-05,0.03672078996896744,0.027902252972126007
3678,0.35413920879364014,3.700971501530148e-05,0.03675049543380737,0.028132690116763115
3679,0.3554198145866394,3.715078128152527e-05,0.03678189590573311,0.028379132971167564
3680,0.3575281500816345,3.8363723433576524e-05,0.036472663283348083,0.02772713266313076
3681,0.3574310541152954,3.759731771424413e-05,0.03671173006296158,0.028522571548819542
3682,0.3551281690597534,3.759060928132385e-05,0.03639902174472809,0.027841869741678238
3683,0.3535807132720947,3.69317494914867e-05,0.03643476963043213,0.02808821015059948
3684,0.3546713888645172,3.704678965732455e-05,0.03645368665456772,0.028303667902946472
3685,0.35672545433044434,3.822038706857711e-05,0.03615535795688629,0.027682607993483543
3686,0.35683777928352356,3.751820986508392e-05,0.03638646379113197,0.02846452407538891
3687,0.3547285497188568,3.7581619835691527e-05,0.03606914356350899,0.02777320332825184
3688,0.3530536890029907,3.684664989123121e-05,0.036118749529123306,0.028058843687176704
3689,0.35383501648902893,3.692548125400208e-05,0.036116935312747955,0.028217827901244164
3690,0.3558420240879059,3.8044705434003845e-05,0.03583834320306778,0.027645064517855644
3691,0.35627925395965576,3.744644709513523e-05,0.03606292977929115,0.028408007696270943
3692,0.35444924235343933,3.7613943277392536e-05,0.03574041649699211,0.027696624398231506
3693,0.35259976983070374,3.677165659610182e-05,0.03581438213586807,0.028040621429681778
3694,0.35294947028160095,3.680444206111133e-05,0.035784464329481125,0.02811758778989315
3695,0.3548506498336792,3.783137071877718e-05,0.03553367033600807,0.02761382795870304
3696,0.35569143295288086,3.7365178286563605e-05,0.03574739769101143,0.028348209336400032
3697,0.3542700409889221,3.7673798942705616e-05,0.03541688993573189,0.027615072205662727
3698,0.35227468609809875,3.671095328172669e-05,0.03551948815584183,0.028034601360559464
3699,0.3520771861076355,3.6688266845885664e-05,0.0354514941573143,0.028005657717585564
3700,0.353736937046051,3.755860234377906e-05,0.03523724898695946,0.027595246210694313
3701,0.35499149560928345,3.724610724020749e-05,0.0354340486228466,0.028283441439270973
3702,0.3541378080844879,3.773826756514609e-05,0.0351000539958477,0.027534088119864464
3703,0.3521268367767334,3.668342833407223e-05,0.03523700684309006,0.0280386283993721
3704,0.35131463408470154,3.661316441139206e-05,0.035125259310007095,0.027880990877747536
3705,0.3525274693965912,3.7244040868245065e-05,0.03495999053120613,0.027590682730078697
3706,0.3540952801704407,3.7086516385897994e-05,0.03513037785887718,0.028204744681715965
3707,0.35395535826683044,3.778568861889653e-05,0.034798115491867065,0.02745801955461502
3708,0.35216763615608215,3.67053689842578e-05,0.03496619313955307,0.028047192841768265
3709,0.35078173875808716,3.6615187127608806e-05,0.034801382571458817,0.027746133506298065
3710,0.3513129651546478,3.6906683817505836e-05,0.034691840410232544,0.02760588936507702
3711,0.3529466986656189,3.6873425415251404e-05,0.034818653017282486,0.02810770273208618
3712,0.35357362031936646,3.7761074054287747e-05,0.034497082233428955,0.027396822348237038
3713,0.352333128452301,3.6763522075489163e-05,0.034688130021095276,0.028054382652044296
3714,0.3505871593952179,3.672192178783007e-05,0.03446829691529274,0.027605898678302765
3715,0.3502630591392517,3.659980939119123e-05,0.03442465886473656,0.027640655636787415
3716,0.3515752851963043,3.663154348032549e-05,0.0344928577542305,0.02798435650765896
3717,0.3528263568878174,3.762339838431217e-05,0.034199804067611694,0.02735440991818905
3718,0.35243654251098633,3.6827164876740426e-05,0.03440053388476372,0.02804563008248806
3719,0.3507516384124756,3.6939345591235906e-05,0.03413020074367523,0.02746562846004963
3720,0.3496052324771881,3.6390774766914546e-05,0.03415710851550102,0.027691546827554703
3721,0.35016387701034546,3.6408513551577926e-05,0.03414970263838768,0.027833832427859306
3722,0.3516285717487335,3.7327077734516934e-05,0.03390626236796379,0.02734069526195526
3723,0.35219448804855347,3.681475209305063e-05,0.034095652401447296,0.028010565787553787
3724,0.3511129319667816,3.7193716707406566e-05,0.033791396766901016,0.02733958698809147
3725,0.34950369596481323,3.6319273931439966e-05,0.03388959541916847,0.02775370515882969
3726,0.3490452468395233,3.628771082730964e-05,0.03379911184310913,0.027660174295306206
3727,0.3500986695289612,3.689459845190868e-05,0.033632226288318634,0.027363073080778122
3728,0.3513455390930176,3.666994598461315e-05,0.0337858721613884,0.027932703495025635
3729,0.3512870669364929,3.736601865966804e-05,0.03347532078623772,0.027240581810474396
3730,0.3498932123184204,3.63886465493124e-05,0.033632200211286545,0.027809249237179756
3731,0.34858438372612,3.6364672268973663e-05,0.033455491065979004,0.027474042028188705
3732,0.34865477681159973,3.644070602604188e-05,0.03338214010000229,0.02742340974509716
3733,0.34988075494766235,3.639847636804916e-05,0.03346564993262291,0.027803484350442886
3734,0.35080471634864807,3.730003663804382e-05,0.03318050876259804,0.02718651108443737
3735,0.35033273696899414,3.6492798244580626e-05,0.03336501494050026,0.02783629111945629
3736,0.34887608885765076,3.664206087705679e-05,0.03311329707503319,0.02729763463139534
3737,0.34787461161613464,3.613833905546926e-05,0.033140141516923904,0.027514077723026276
3738,0.34825456142425537,3.6134893889538944e-05,0.03312545642256737,0.027624670416116714
3739,0.3494757115840912,3.6940247809980065e-05,0.03290660306811333,0.027187585830688477
3740,0.35014432668685913,3.6484983866102993e-05,0.03307708352804184,0.02780548483133316
3741,0.3494689464569092,3.698251748573966e-05,0.032782379537820816,0.027152758091688156
3742,0.34805920720100403,3.61080419679638e-05,0.03289824724197388,0.027610888704657555
3743,0.3472560942173004,3.6094665119890124e-05,0.03277059644460678,0.027412094175815582
3744,0.34775280952453613,3.6409190215636045e-05,0.03265314921736717,0.027249597012996674
3745,0.3489137291908264,3.626735633588396e-05,0.03275884687900543,0.027696887031197548
3746,0.3494551479816437,3.7089004763402045e-05,0.03247147798538208,0.027069274336099625
3747,0.3487435281276703,3.6247773095965385e-05,0.03264125436544418,0.027677860110998154
3748,0.3474034070968628,3.637714689830318e-05,0.03241412341594696,0.027202367782592773
3749,0.3466632664203644,3.599886258598417e-05,0.032419417053461075,0.027363063767552376
3750,0.34713003039360046,3.597748218453489e-05,0.032418157905340195,0.02750956453382969
3751,0.34822288155555725,3.6763369280379266e-05,0.032201189547777176,0.027067601680755615
3752,0.3487696945667267,3.628395643318072e-05,0.03236713260412216,0.027665749192237854
3753,0.34815359115600586,3.6785135307582095e-05,0.03208485245704651,0.02703758515417576
3754,0.3468887507915497,3.594472582335584e-05,0.03219880908727646,0.027488239109516144
3755,0.3460887670516968,3.594962618080899e-05,0.03206806257367134,0.027273815125226974
3756,0.34640055894851685,3.617228503571823e-05,0.03197005018591881,0.02715209871530533
3757,0.34741175174713135,3.6038909456692636e-05,0.03205905854701996,0.02754402719438076
3758,0.3480670750141144,3.6855963116977364e-05,0.03179085627198219,0.026960717514157295
3759,0.347673624753952,3.6092998925596476e-05,0.031958434730768204,0.027563098818063736
3760,0.3465181887149811,3.632382140494883e-05,0.03171936795115471,0.027049018070101738
3761,0.34557920694351196,3.5793796996586025e-05,0.03175922855734825,0.027295636013150215
3762,0.34560978412628174,3.577702591428533e-05,0.03171704709529877,0.027321698144078255
3763,0.3464703857898712,3.6379344237502664e-05,0.03154364600777626,0.02699405513703823
3764,0.3472801744937897,3.60370431735646e-05,0.03168138489127159,0.027518298476934433
3765,0.3472285866737366,3.670017758850008e-05,0.03140394389629364,0.026899993419647217
3766,0.3462911546230316,3.585987724363804e-05,0.03154659643769264,0.027427587658166885
3767,0.34521833062171936,3.5959830711362883e-05,0.031363192945718765,0.027061376720666885
3768,0.34485864639282227,3.57840872311499e-05,0.03133608400821686,0.027128620073199272
3769,0.3454240560531616,3.5720157029572874e-05,0.03135707974433899,0.02733183652162552
3770,0.3463192582130432,3.647285848273896e-05,0.03114008717238903,0.026880545541644096
3771,0.3466935455799103,3.594951704144478e-05,0.0312974750995636,0.02745247446000576
3772,0.34615057706832886,3.645459219114855e-05,0.031031930819153786,0.026858432218432426
3773,0.3450867235660553,3.566846498870291e-05,0.031142747029662132,0.02729584090411663
3774,0.3443153202533722,3.571419438230805e-05,0.0310073085129261,0.027057623490691185
3775,0.3443853557109833,3.580324846552685e-05,0.03093591146171093,0.02699706330895424
3776,0.34514084458351135,3.567788007785566e-05,0.030997134745121002,0.027303624898195267
3777,0.3458705544471741,3.645430479082279e-05,0.03076075203716755,0.026793688535690308
3778,0.3459049165248871,3.581832061172463e-05,0.030919773504137993,0.0273701474070549
3779,0.3451506793498993,3.622478470788337e-05,0.03066929243505001,0.026815347373485565
3780,0.34414908289909363,3.552930138539523e-05,0.03075479157269001,0.02718288265168667
3781,0.3436192572116852,3.5556800867198035e-05,0.030648687854409218,0.02702474407851696
3782,0.34388870000839233,3.5777084121946245e-05,0.030551869422197342,0.02689645066857338
3783,0.3446558713912964,3.559409378794953e-05,0.030628854408860207,0.02724974974989891
3784,0.3452409505844116,3.635614120867103e-05,0.030387572944164276,0.026721740141510963
3785,0.34512782096862793,3.568347165128216e-05,0.03054470382630825,0.027288036420941353
3786,0.34434324502944946,3.6063254810869694e-05,0.030306097120046616,0.026757506653666496
3787,0.34341877698898315,3.541573096299544e-05,0.030381739139556885,0.027095740661025047
3788,0.3429763615131378,3.544047649484128e-05,0.030285809189081192,0.02696254849433899
3789,0.34326207637786865,3.568053216440603e-05,0.030186785385012627,0.026822557672858238
3790,0.3439787030220032,3.5482858947943896e-05,0.030264632776379585,0.027173476293683052
3791,0.34452664852142334,3.623056545620784e-05,0.030028535053133965,0.02665536478161812
3792,0.344447523355484,3.556718729669228e-05,0.030181748792529106,0.02721283584833145
3793,0.3437419533729553,3.597189061110839e-05,0.029944168403744698,0.02668437547981739
3794,0.3428567051887512,3.531474794726819e-05,0.030025772750377655,0.027037514373660088
3795,0.3423510789871216,3.536339499987662e-05,0.02992003597319126,0.02687142975628376
3796,0.34250184893608093,3.5516895877663046e-05,0.029838379472494125,0.02677527442574501
3797,0.34312620759010315,3.5342160117579624e-05,0.029899802058935165,0.02707860805094242
3798,0.3437234163284302,3.606706377468072e-05,0.029678763821721077,0.026597794145345688
3799,0.34382835030555725,3.546700463630259e-05,0.029828285798430443,0.02714150957763195
3800,0.3433190584182739,3.595765520003624e-05,0.029585884883999825,0.026594607159495354
3801,0.34248510003089905,3.524553176248446e-05,0.02968713268637657,0.027002450078725815
3802,0.34181952476501465,3.534665302140638e-05,0.02955053746700287,0.026751143857836723
3803,0.3416898548603058,3.5301756724948063e-05,0.02950562722980976,0.02675633877515793
3804,0.3421083688735962,3.5185606975574046e-05,0.029530512169003487,0.026956385001540184
3805,0.34273529052734375,3.583143188734539e-05,0.029339395463466644,0.02655540220439434
3806,0.3431167006492615,3.534276766004041e-05,0.02947460114955902,0.02706192247569561
3807,0.34296169877052307,3.5952609323430806e-05,0.02922840043902397,0.026502562686800957
3808,0.3423229157924652,3.520355312502943e-05,0.029357068240642548,0.02698356658220291
3809,0.3415440320968628,3.5424542147666216e-05,0.029179101809859276,0.026607470586895943
3810,0.34104421734809875,3.5091703466605395e-05,0.02919270657002926,0.026767410337924957
3811,0.34106019139289856,3.5055491025559604e-05,0.029158851131796837,0.0267991553992033
3812,0.341517835855484,3.5483135434333235e-05,0.02902171015739441,0.026544881984591484
3813,0.34208887815475464,3.516017386573367e-05,0.0291212797164917,0.02695130929350853
3814,0.3423882722854614,3.586635648389347e-05,0.028888000175356865,0.026427341625094414
3815,0.3422023057937622,3.5180280974600464e-05,0.029032232239842415,0.02695680595934391
3816,0.34159502387046814,3.559862670954317e-05,0.02880898118019104,0.026458831503987312
3817,0.34086719155311584,3.49755646311678e-05,0.028888342902064323,0.026805376634001732
3818,0.3403698205947876,3.506984285195358e-05,0.028773192316293716,0.02660786174237728
3819,0.3403202295303345,3.5086261050309986e-05,0.028718719258904457,0.0265820249915123
3820,0.3406868875026703,3.494430347927846e-05,0.028745146468281746,0.026785651221871376
3821,0.3412196636199951,3.555534203769639e-05,0.028561297804117203,0.02640186809003353
3822,0.34159091114997864,3.507934889057651e-05,0.028686653822660446,0.02688332460820675
3823,0.3415682017803192,3.573134381440468e-05,0.028446538373827934,0.026337726041674614
3824,0.34112784266471863,3.500385719235055e-05,0.028578732162714005,0.026835229247808456
3825,0.3404574990272522,3.5333767300471663e-05,0.02838004380464554,0.02640395238995552
3826,0.3398504853248596,3.484352782834321e-05,0.028427664190530777,0.02666431851685047
3827,0.3395615518093109,3.488910078885965e-05,0.028345108032226562,0.02655799500644207
3828,0.3396785259246826,3.504653795971535e-05,0.02826368622481823,0.026455089449882507
3829,0.34009435772895813,3.484459011815488e-05,0.028311558067798615,0.02671625278890133
3830,0.34056952595710754,3.5485478292685e-05,0.02811882644891739,0.026299551129341125
3831,0.3408438563346863,3.495955024845898e-05,0.02824978157877922,0.026791680604219437
3832,0.34075865149497986,3.5597542591858655e-05,0.02801511064171791,0.026249853894114494
3833,0.3403260111808777,3.487411231617443e-05,0.028147101402282715,0.026738164946436882
3834,0.33970364928245544,3.5218396078562364e-05,0.02795456163585186,0.02631201408803463
3835,0.33913129568099976,3.4723139833658934e-05,0.02800801768898964,0.026579614728689194
3836,0.3388155698776245,3.4788885386660695e-05,0.027920708060264587,0.026450976729393005
3837,0.3388459086418152,3.48767644027248e-05,0.027855336666107178,0.026384830474853516
3838,0.3391680419445038,3.4699507523328066e-05,0.027889151126146317,0.026599830016493797
3839,0.3396088182926178,3.5281515010865405e-05,0.02771456353366375,0.026228299364447594
3840,0.3399583399295807,3.480695158941671e-05,0.02783472277224064,0.02668803185224533
3841,0.34004974365234375,3.549024404492229e-05,0.027604572474956512,0.026156695559620857
3842,0.33982446789741516,3.478592407191172e-05,0.027745194733142853,0.026670074090361595
3843,0.3393442928791046,3.5256209230283275e-05,0.02753121592104435,0.026181494817137718
3844,0.3387622535228729,3.462644599494524e-05,0.027620701119303703,0.026551520451903343
3845,0.33826425671577454,3.4815915569197387e-05,0.02748480997979641,0.02628464438021183
3846,0.33799347281455994,3.462128370301798e-05,0.027475744485855103,0.026377316564321518
3847,0.3380114436149597,3.456836930126883e-05,0.02744896151125431,0.026421906426548958
3848,0.3382759988307953,3.491025199764408e-05,0.027329834178090096,0.026207348331809044
3849,0.33866390585899353,3.4599586797412485e-05,0.027403119951486588,0.02653931826353073
3850,0.33902111649513245,3.526563523337245e-05,0.02720080502331257,0.02608916535973549
3851,0.3392085134983063,3.4687276638578624e-05,0.02733437530696392,0.026588549837470055
3852,0.33914873003959656,3.5354016290511936e-05,0.027100859209895134,0.026045801118016243
3853,0.3388407826423645,3.4626467822818086e-05,0.027236714959144592,0.026549579575657845
3854,0.33836501836776733,3.508479494485073e-05,0.027029793709516525,0.02607910707592964
3855,0.3378375768661499,3.4482327464502305e-05,0.027114205062389374,0.02643416076898575
3856,0.3373895287513733,3.4688287996686995e-05,0.02698083594441414,0.02617053873836994
3857,0.3371216356754303,3.4473396226530895e-05,0.026977427303791046,0.026277432218194008
3858,0.3370780646800995,3.444134563324042e-05,0.026940250769257545,0.026289910078048706
3859,0.33724430203437805,3.469979128567502e-05,0.02683938294649124,0.02612181380391121
3860,0.33755233883857727,3.4429587685735896e-05,0.026895184069871902,0.026398995891213417
3861,0.3379036784172058,3.5038203350268304e-05,0.026713361963629723,0.025999389588832855
3862,0.33819660544395447,3.451976954238489e-05,0.026835497468709946,0.02646501176059246
3863,0.3383466601371765,3.5245851904619485e-05,0.026606634259223938,0.025929944589734077
3864,0.3383096754550934,3.4538228646852076e-05,0.026755373924970627,0.026468554511666298
3865,0.33808302879333496,3.5181343264412135e-05,0.026522472500801086,0.02591760829091072
3866,0.3377071022987366,3.44376421708148e-05,0.026654928922653198,0.026407930999994278
3867,0.3372468948364258,3.488567017484456e-05,0.026457473635673523,0.0259573794901371
3868,0.3367837369441986,3.430757351452485e-05,0.02653723955154419,0.02629874274134636
3869,0.3363916575908661,3.453471072134562e-05,0.026405155658721924,0.026034949347376823
3870,0.33612728118896484,3.4288539609406143e-05,0.026410289108753204,0.026163842529058456
3871,0.3360186219215393,3.429646312724799e-05,0.026358190923929214,0.026131024584174156
3872,0.33606821298599243,3.44413383572828e-05,0.026281040161848068,0.026027631014585495
3873,0.33624932169914246,3.423007728997618e-05,0.026309175416827202,0.02622559852898121
3874,0.33652263879776,3.472019307082519e-05,0.026157289743423462,0.025907885283231735
3875,0.33683493733406067,3.429237040109001e-05,0.026253778487443924,0.026300281286239624
3876,0.3371357321739197,3.501028550090268e-05,0.026043640449643135,0.02581561915576458
3877,0.33737912774086,3.4382053854642436e-05,0.02618740126490593,0.026343975216150284
3878,0.33753150701522827,3.519574966048822e-05,0.02594141662120819,0.025755755603313446
3879,0.33757483959198,3.44208674505353e-05,0.02610890567302704,0.02635127492249012
3880,0.3375031352043152,3.52202623616904e-05,0.02585090883076191,0.025727389380335808
3881,0.3373265266418457,3.4378041164018214e-05,0.026018405333161354,0.02632403001189232
3882,0.3370596468448639,3.508640656946227e-05,0.025770055130124092,0.02572752721607685
3883,0.3367304801940918,3.4272852644789964e-05,0.02591824159026146,0.026267986744642258
3884,0.33636245131492615,3.4851756936404854e-05,0.025698209181427956,0.025749599561095238
3885,0.335984468460083,3.4154028980992734e-05,0.0258123017847538,0.026190880686044693
3886,0.3356192409992218,3.458161518210545e-05,0.025632649660110474,0.025787468999624252
3887,0.33528804779052734,3.40633669111412e-05,0.025703085586428642,0.02610211819410324
3888,0.3350030183792114,3.433445090195164e-05,0.025571545585989952,0.025834636762738228
3889,0.3347737491130829,3.4033102565445006e-05,0.02559330314397812,0.02600806951522827
3890,0.33460426330566406,3.414308957871981e-05,0.025512199848890305,0.025886042043566704
3891,0.33449825644493103,3.406824907870032e-05,0.025483129546046257,0.025914892554283142
3892,0.33445215225219727,3.401724461582489e-05,0.02545228600502014,0.025938943028450012
3893,0.33446499705314636,3.417017433093861e-05,0.025373311713337898,0.025824224576354027
3894,0.33453622460365295,3.396001557121053e-05,0.02539207600057125,0.02599138207733631
3895,0.334663450717926,3.4335382224526256e-05,0.025263773277401924,0.02573605626821518
3896,0.3348514139652252,3.396510146558285e-05,0.025331176817417145,0.026045337319374084
3897,0.33510637283325195,3.4570664865896106e-05,0.025153830647468567,0.025647839531302452
3898,0.3354388177394867,3.404406743356958e-05,0.025271961465477943,0.026103466749191284
3899,0.33586567640304565,3.490484959911555e-05,0.02504216879606247,0.02555515430867672
3900,0.33641380071640015,3.421753353904933e-05,0.025215180590748787,0.026172641664743423
3901,0.3371199071407318,3.539250246831216e-05,0.0249251127243042,0.025453107431530952
3902,0.3380364775657654,3.454766556387767e-05,0.025163426995277405,0.026261944323778152
3903,0.33923420310020447,3.615019886638038e-05,0.02480069361627102,0.02533387392759323
3904,0.34081313014030457,3.515928256092593e-05,0.02512059547007084,0.026384906843304634
3905,0.3429027199745178,3.73832335753832e-05,0.024663861840963364,0.025189664214849472
3906,0.34569206833839417,3.629506318247877e-05,0.025091979652643204,0.026560699567198753
3907,0.349404901266098,3.947205186705105e-05,0.024511367082595825,0.02501111477613449
3908,0.35437241196632385,3.840553108602762e-05,0.025085045024752617,0.026814056560397148
3909,0.3609483540058136,4.304981848690659e-05,0.02433721534907818,0.02479327656328678
3910,0.36964085698127747,4.2236901208525524e-05,0.025105156004428864,0.027177317067980766
3911,0.38084784150123596,4.9054786359192804e-05,0.024137046188116074,0.02454039640724659
3912,0.3950583338737488,4.8770867579150945e-05,0.02515500970184803,0.02767433412373066
3913,0.4121515154838562,5.831981252413243e-05,0.023913098499178886,0.024277441203594208
3914,0.43171361088752747,5.835042611579411e-05,0.02522124908864498,0.028279410675168037
3915,0.45151200890541077,6.981669866945595e-05,0.023685507476329803,0.02405584417283535
3916,0.46847477555274963,6.805986777180806e-05,0.0252583809196949,0.02881135232746601
3917,0.4769617021083832,7.721141446381807e-05,0.023511497303843498,0.023938970640301704
3918,0.4723612666130066,6.909762305440381e-05,0.025172246620059013,0.028850408270955086
3919,0.4511244595050812,6.975438009249046e-05,0.023480499163269997,0.024009637534618378
3920,0.4164435565471649,5.437917934614234e-05,0.024864405393600464,0.027983123436570168
3921,0.37688300013542175,4.7998797526815906e-05,0.02366323210299015,0.024466952309012413
3922,0.345287948846817,3.628217018558644e-05,0.024347621947526932,0.026427457109093666
3923,0.33227553963661194,3.379164991201833e-05,0.02402285300195217,0.02555011212825775
3924,0.3419223427772522,3.730179741978645e-05,0.02377566695213318,0.02499399706721306
3925,0.3701830506324768,4.244477167958394e-05,0.024414407089352608,0.027060529217123985
3926,0.4063396453857422,5.672986662830226e-05,0.023320745676755905,0.02419399470090866
3927,0.4364795982837677,5.9651640185620636e-05,0.02465236932039261,0.028221087530255318
3928,0.4470727741718292,6.86125858919695e-05,0.023102303966879845,0.023971615359187126
3929,0.43214884400367737,5.852130561834201e-05,0.024561498314142227,0.028129631653428078
3930,0.3965228497982025,5.3854928410146385e-05,0.02319994755089283,0.024232713505625725
3931,0.35711994767189026,3.917760477634147e-05,0.024094967171549797,0.02669253759086132
3932,0.3335385322570801,3.450692383921705e-05,0.02357564866542816,0.025240294635295868
3933,0.33747774362564087,3.590820779209025e-05,0.023452624678611755,0.02503616362810135
3934,0.36609184741973877,4.1421611967962235e-05,0.02401476912200451,0.026889586821198463
3935,0.40365511178970337,5.601714292424731e-05,0.02293359860777855,0.024122057482600212
3936,0.42959654331207275,5.783997767139226e-05,0.02422676794230938,0.028041915968060493
3937,0.42820116877555847,6.323056004475802e-05,0.022743426263332367,0.02395312860608101
3938,0.3994201421737671,4.99759080412332e-05,0.02400127612054348,0.02752409316599369
3939,0.35967880487442017,4.2971289076376706e-05,0.02295522764325142,0.024492420256137848
3940,0.3335692882537842,3.3725980756571516e-05,0.023402636870741844,0.02577017806470394
3941,0.3369726836681366,3.442256638663821e-05,0.02342066913843155,0.025957738980650902
3942,0.3668515682220459,4.5182583562564105e-05,0.022773388773202896,0.024370340630412102
3943,0.4034845530986786,5.106517346575856e-05,0.02379058115184307,0.02754521556198597
3944,0.4223555028438568,6.160735210869461e-05,0.022440655156970024,0.023922082036733627
3945,0.4103444218635559,5.2864801546093076e-05,0.023734044283628464,0.027638759464025497
3946,0.3746935725212097,4.755780901177786e-05,0.02255184017121792,0.024257168173789978
3947,0.34039443731307983,3.52112838299945e-05,0.02320617251098156,0.026058755815029144
3948,0.3315364122390747,3.3400734537281096e-05,0.023005064576864243,0.025560494512319565
3949,0.3536841571331024,4.123420512769371e-05,0.022552551701664925,0.02449290081858635
3950,0.3900419771671295,4.762987373396754e-05,0.023429090157151222,0.02723214030265808
3951,0.41340401768684387,5.9050107665825635e-05,0.022174810990691185,0.02391732484102249
3952,0.40602484345436096,5.17777880304493e-05,0.023421328514814377,0.02749970182776451
3953,0.3727189898490906,4.705173341790214e-05,0.02226531133055687,0.02420562505722046
3954,0.33923977613449097,3.498104342725128e-05,0.02290126122534275,0.025963226333260536
3955,0.33143162727355957,3.3384672860847786e-05,0.022717738524079323,0.025526242330670357
3956,0.35462474822998047,4.1615578084019944e-05,0.022241277620196342,0.024395586922764778
3957,0.38966691493988037,4.754006658913568e-05,0.02312520146369934,0.027179449796676636
3958,0.40794000029563904,5.755025631515309e-05,0.02189037948846817,0.02386336959898472
3959,0.39434510469436646,4.8750440328149125e-05,0.023067191243171692,0.02724972553551197
3960,0.3595460057258606,4.3162679503438994e-05,0.02204200066626072,0.024281876161694527
3961,0.3326312005519867,3.358488902449608e-05,0.022512884810566902,0.025594482198357582
3962,0.33575084805488586,3.42243947670795e-05,0.022534286603331566,0.02576032653450966
3963,0.3653571903705597,4.495652683544904e-05,0.021898353472352028,0.024181699380278587
3964,0.3956465423107147,4.9113739805761725e-05,0.022893983870744705,0.027222923934459686
3965,0.4000886082649231,5.530472844839096e-05,0.021661272272467613,0.02385997399687767
3966,0.3746560513973236,4.374131094664335e-05,0.02271491102874279,0.026802655309438705
3967,0.34144288301467896,3.760596155188978e-05,0.021929601207375526,0.024541061371564865
3968,0.3297843635082245,3.352778730913997e-05,0.022096816450357437,0.02505527436733246
3969,0.3492982089519501,3.741846012417227e-05,0.02243155613541603,0.02618224546313286
3970,0.3816590905189514,4.989314766135067e-05,0.021553775295615196,0.02396286651492119
3971,0.3973510265350342,4.9597689212532714e-05,0.022644147276878357,0.027193356305360794
3972,0.38164883852005005,4.9918155127670616e-05,0.021475957706570625,0.023941151797771454
3973,0.3489867150783539,3.737296356121078e-05,0.022277643904089928,0.026145586743950844
3974,0.3294249475002289,3.348904647282325e-05,0.02186698466539383,0.02500254288315773
3975,0.3406081199645996,3.744856076082215e-05,0.021625861525535583,0.02447422780096531
3976,0.37123849987983704,4.293340316507965e-05,0.022314226254820824,0.026660360395908356
3977,0.3919711410999298,5.306020102580078e-05,0.021232398226857185,0.023798059672117233
3978,0.3830602169036865,4.595336577040143e-05,0.022302323952317238,0.026883821934461594
3979,0.3527260720729828,4.1289167711511254e-05,0.021364547312259674,0.024196889251470566
3980,0.3301398754119873,3.31963601638563e-05,0.02176181972026825,0.025315459817647934
3981,0.336560994386673,3.4482465707696974e-05,0.021846633404493332,0.025674929842352867
3982,0.36492085456848145,4.502698720898479e-05,0.021180134266614914,0.024006875231862068
3983,0.3871675729751587,4.7019282646942884e-05,0.022148778662085533,0.026917310431599617
3984,0.3812035918235779,4.991522655473091e-05,0.02103055827319622,0.023828664794564247
3985,0.3529222905635834,3.838045449811034e-05,0.02187982387840748,0.02616048976778984
3986,0.3301854729652405,3.40069891535677e-05,0.02138499543070793,0.02475038543343544
3987,0.3351677656173706,3.578105679480359e-05,0.021261131390929222,0.024507928639650345
3988,0.3620886504650116,4.066779001732357e-05,0.021848972886800766,0.026357274502515793
3989,0.38343772292137146,5.0613532948773354e-05,0.02085537277162075,0.023769168183207512
3990,0.37764886021614075,4.4609056203626096e-05,0.02187161333858967,0.026671411469578743
3991,0.35038453340530396,4.0656374039826915e-05,0.020969480276107788,0.024125901982188225
3992,0.32936784625053406,3.3062868169508874e-05,0.021351242437958717,0.025195959955453873
3993,0.3355107307434082,3.427728734095581e-05,0.021431170403957367,0.025547564029693604
3994,0.3617367744445801,4.416292722453363e-05,0.020778216421604156,0.023932024836540222
3995,0.3807409405708313,4.541066300589591e-05,0.021696940064430237,0.026697712019085884
3996,0.37270063161849976,4.749214349430986e-05,0.020639318972826004,0.023787561804056168
3997,0.34599611163139343,3.673474202514626e-05,0.021390102803707123,0.025879932567477226
3998,0.3282025456428528,3.33377938659396e-05,0.020987922325730324,0.024767348542809486
3999,0.3373378813266754,3.662727613118477e-05,0.020774025470018387,0.024305248633027077
4000,0.36313697695732117,4.096183693036437e-05,0.021401215344667435,0.026289651170372963
4001,0.37816619873046875,4.917252226732671e-05,0.020418982952833176,0.023685898631811142
4002,0.36662551760673523,4.183888449915685e-05,0.021348752081394196,0.02634785696864128
4003,0.3405663073062897,3.7690751923946664e-05,0.020588545128703117,0.024184713140130043
4004,0.32745668292045593,3.295361966593191e-05,0.020810043439269066,0.02483823522925377
4005,0.3405712842941284,3.544778155628592e-05,0.021045977249741554,0.025644458830356598
4006,0.3652957081794739,4.5332402805797756e-05,0.020311463624238968,0.02377389743924141
4007,0.375089168548584,4.398132659844123e-05,0.021230390295386314,0.026476019993424416
4008,0.3593448996543884,4.354011616669595e-05,0.0202814731746912,0.023825628682971
4009,0.3349933326244354,3.41757622663863e-05,0.020855538547039032,0.02540665678679943
4010,0.327889084815979,3.281547105871141e-05,0.020680908113718033,0.02496723085641861
4011,0.34502577781677246,3.915065826731734e-05,0.020283399149775505,0.02401154115796089
4012,0.3674028515815735,4.203134812996723e-05,0.021022498607635498,0.026279296725988388
4013,0.3706284761428833,4.698077464126982e-05,0.020050866529345512,0.02364603988826275
4014,0.3512733280658722,3.8013546145521104e-05,0.020845847204327583,0.025888919830322266
4015,0.3302239775657654,3.4317497920710593e-05,0.020316611975431442,0.02438674494624138
4016,0.33002370595932007,3.4252938348799944e-05,0.020286383107304573,0.024385036900639534
4017,0.35022056102752686,3.775365257752128e-05,0.020738640800118446,0.025839675217866898
4018,0.36834967136383057,4.633410571841523e-05,0.0198973435908556,0.023616794496774673
4019,0.36459437012672424,4.131881723878905e-05,0.020776275545358658,0.026166049763560295
4020,0.3429863750934601,3.85692146664951e-05,0.02000301703810692,0.023956378921866417
4021,0.3271515965461731,3.267358260927722e-05,0.020314866676926613,0.024844203144311905
4022,0.3339660167694092,3.39339894708246e-05,0.020429905503988266,0.025274354964494705
4023,0.35531678795814514,4.240221460349858e-05,0.01982363685965538,0.023729616776108742
4024,0.36748671531677246,4.2038544052047655e-05,0.020648499950766563,0.026183951646089554
4025,0.3569783866405487,4.291112782084383e-05,0.019756417721509933,0.02369219809770584
4026,0.3354478180408478,3.4247394069097936e-05,0.02033945359289646,0.025307562202215195
4027,0.3264196515083313,3.258994547650218e-05,0.020119359716773033,0.024713080376386642
4028,0.3393169641494751,3.7422993045765907e-05,0.019810255616903305,0.0239636842161417
4029,0.3593774735927582,3.999446926172823e-05,0.020467258989810944,0.025966674089431763
4030,0.36419981718063354,4.512142186285928e-05,0.019583331421017647,0.023560842499136925
4031,0.34851425886154175,3.7316469388315454e-05,0.02033918723464012,0.025684891268610954
4032,0.32962456345558167,3.420618668315001e-05,0.019829075783491135,0.02422749251127243
4033,0.32819968461990356,3.368412217241712e-05,0.019831115379929543,0.024294259026646614
4034,0.34523582458496094,3.651497536338866e-05,0.020232370123267174,0.025575555860996246
4035,0.3614073693752289,4.4301799789536744e-05,0.019463863223791122,0.023542875424027443
4036,0.3587263524532318,3.9810991438571364e-05,0.02027682401239872,0.025905992835760117
4037,0.34013113379478455,3.7723973946413025e-05,0.01955762319266796,0.02385622076690197
4038,0.3262626826763153,3.244171239202842e-05,0.01985040493309498,0.02469407580792904
4039,0.332112193107605,3.347692108945921e-05,0.019956005737185478,0.025086630135774612
4040,0.35061824321746826,4.1021325159817934e-05,0.01939454860985279,0.02364160120487213
4041,0.36095792055130005,4.035401434521191e-05,0.020158832892775536,0.025917209684848785
4042,0.35155364871025085,4.131648893235251e-05,0.019336994737386703,0.023611241951584816
4043,0.33294677734375,3.364792064530775e-05,0.019869109615683556,0.02509531006217003
4044,0.32565078139305115,3.236969860154204e-05,0.01967763900756836,0.024583473801612854
4045,0.33730489015579224,3.684914190671407e-05,0.019376838579773903,0.02384824864566326
4046,0.3544941246509552,3.87407089874614e-05,0.01999211311340332,0.025726398453116417
4047,0.3579001724720001,4.327436909079552e-05,0.019171016290783882,0.02348560467362404
4048,0.3438005745410919,3.613526496337727e-05,0.019860902801156044,0.025432240217924118
4049,0.32783347368240356,3.364043004694395e-05,0.019406436011195183,0.024138353765010834
4050,0.32751500606536865,3.352540807100013e-05,0.019388452172279358,0.02414608746767044
4051,0.3426892161369324,3.586285311030224e-05,0.019779693335294724,0.025380535051226616
4052,0.35612356662750244,4.275696483091451e-05,0.019060738384723663,0.02346050925552845
4053,0.35285842418670654,3.832353831967339e-05,0.01981360837817192,0.02563883736729622
4054,0.33650854229927063,3.6633115087170154e-05,0.019162708893418312,0.023780163377523422
4055,0.32520145177841187,3.2230993383564055e-05,0.019414369016885757,0.024507232010364532
4056,0.33110544085502625,3.3215663279406726e-05,0.01953245885670185,0.0249334666877985
4057,0.34718963503837585,4.002956848125905e-05,0.01899486407637596,0.023540884256362915
4058,0.35541361570358276,3.89375927625224e-05,0.019705193117260933,0.02566472254693508
4059,0.3466097414493561,3.985337752965279e-05,0.018945306539535522,0.023533234372735023
4060,0.3306017518043518,3.309359817649238e-05,0.01942160539329052,0.024884404614567757
4061,0.3249340355396271,3.215405740775168e-05,0.019257383421063423,0.0244585033506155
4062,0.3354496955871582,3.631989238783717e-05,0.018962057307362556,0.02373143844306469
4063,0.3501431345939636,3.7633297324646264e-05,0.019536450505256653,0.025494351983070374
4064,0.35262393951416016,4.173564229859039e-05,0.018771708011627197,0.023400256410241127
4065,0.34022125601768494,3.525212378008291e-05,0.019402509555220604,0.025202715769410133
4066,0.3265734612941742,3.327550075482577e-05,0.01898394711315632,0.024021679535508156
4067,0.3264932930469513,3.325267607579008e-05,0.018957529217004776,0.024015303701162338
4068,0.33962708711624146,3.5110853787045926e-05,0.01931535080075264,0.025162717327475548
4069,0.35121873021125793,4.133069887757301e-05,0.01864340901374817,0.02337409369647503
4070,0.34851396083831787,3.723103509400971e-05,0.019333666190505028,0.025400539860129356
4071,0.334476113319397,3.605212259571999e-05,0.018723299726843834,0.02366938441991806
4072,0.32446563243865967,3.2039119105320424e-05,0.018959807232022285,0.024370020255446434
4073,0.329116553068161,3.276644565630704e-05,0.01905357465147972,0.02472829446196556
4074,0.3429245352745056,3.8779522583354264e-05,0.018564565107226372,0.023457329720258713
4075,0.3506210446357727,3.773956632358022e-05,0.019214479252696037,0.02541929855942726
4076,0.3437647521495819,3.9055747038219124e-05,0.018505072221159935,0.023423122242093086
4077,0.3298938274383545,3.29197064274922e-05,0.018962856382131577,0.024740062654018402
4078,0.323962926864624,3.200902938260697e-05,0.01878012716770172,0.02425808273255825
4079,0.33205923438072205,3.529544119373895e-05,0.018534207716584206,0.02365824207663536
4080,0.34504517912864685,3.6376230127643794e-05,0.019040504470467567,0.02523522637784481
4081,0.3486925959587097,4.060748324263841e-05,0.018335212022066116,0.023301025852560997
4082,0.3391091227531433,3.4962045901920646e-05,0.01893646828830242,0.0250474251806736
4083,0.32662978768348694,3.340872353874147e-05,0.018506407737731934,0.02383098006248474
4084,0.3245548605918884,3.258032666053623e-05,0.018532784655690193,0.02396528422832489
4085,0.3347402811050415,3.394678788026795e-05,0.01881411112844944,0.02488095313310623
4086,0.34592607617378235,3.9764094253769144e-05,0.018221406266093254,0.023300955072045326
4087,0.34605205059051514,3.659890353446826e-05,0.018865006044507027,0.02520919404923916
4088,0.3349814713001251,3.6293320590630174e-05,0.01825934462249279,0.023496000096201897
4089,0.32457131147384644,3.190395364072174e-05,0.018544726073741913,0.02433701790869236
4090,0.3257046043872833,3.206577821401879e-05,0.018549559637904167,0.024426598101854324
4091,0.3368082642555237,3.690156154334545e-05,0.01815878227353096,0.023424794897437096
4092,0.34584370255470276,3.653797466540709e-05,0.018727341666817665,0.025171594694256783
4093,0.3431469798088074,3.8924852560739964e-05,0.018049485981464386,0.023282840847969055
4094,0.3316449522972107,3.3239932236028835e-05,0.018537284806370735,0.024707753211259842
4095,0.32344186305999756,3.214824027963914e-05,0.01826544851064682,0.02395753189921379
4096,0.32695871591567993,3.360783739481121e-05,0.018140027299523354,0.023679595440626144
4097,0.33814892172813416,3.470667070359923e-05,0.01852830871939659,0.024916214868426323
4098,0.34504565596580505,3.954190106014721e-05,0.017901966348290443,0.0232076533138752
4099,0.3404214084148407,3.523510167724453e-05,0.018497968092560768,0.024970529600977898
4100,0.32912737131118774,3.439235297264531e-05,0.018000660464167595,0.02355409599840641
4101,0.3229120969772339,3.178282349836081e-05,0.018155524507164955,0.024040011689066887
4102,0.32798242568969727,3.2446299883304164e-05,0.018281783908605576,0.024493444710969925
4103,0.33874762058258057,3.756341902771965e-05,0.017820917069911957,0.02328001707792282
4104,0.343900203704834,3.6040150007465854e-05,0.018399132415652275,0.025033392012119293
4105,0.3380785882472992,3.7352969229687005e-05,0.01777571439743042,0.023276351392269135
4106,0.32735463976860046,3.229928552173078e-05,0.018173346295952797,0.024438222870230675
4107,0.3226793110370636,3.168743569403887e-05,0.01800885610282421,0.024005623534321785
4108,0.32859063148498535,3.422595182200894e-05,0.01780342310667038,0.023498674854636192
4109,0.3387422561645508,3.479870792943984e-05,0.018235571682453156,0.024852225556969643
4110,0.3426089584827423,3.8805890653748065e-05,0.01761869341135025,0.0231452826410532
4111,0.3362770676612854,3.421849760343321e-05,0.018165400251746178,0.024762112647294998
4112,0.32619601488113403,3.3389638701919466e-05,0.017742544412612915,0.02355644479393959
4113,0.32251986861228943,3.182070213370025e-05,0.017827587202191353,0.023851338773965836
4114,0.3286990523338318,3.253067552577704e-05,0.018004480749368668,0.024457545951008797
4115,0.33822163939476013,3.742306580534205e-05,0.01752864569425583,0.02318243496119976
4116,0.3414018154144287,3.5389544791541994e-05,0.01808648556470871,0.02488573268055916
4117,0.3350333571434021,3.639733768068254e-05,0.017505250871181488,0.0232339296489954
4118,0.3255438208580017,3.188997652614489e-05,0.01785299926996231,0.02427024208009243
4119,0.3223046660423279,3.149778058286756e-05,0.01772625371813774,0.02395329810678959
4120,0.3282918632030487,3.4156830224674195e-05,0.017502622678875923,0.023395800963044167
4121,0.33731579780578613,3.441518492763862e-05,0.01792272739112377,0.024727221578359604
4122,0.3403223752975464,3.810800990322605e-05,0.017330124974250793,0.023083293810486794
4123,0.3343747854232788,3.37346427841112e-05,0.017841726541519165,0.024617325514554977
4124,0.32533523440361023,3.31149494741112e-05,0.017440970987081528,0.02347954735159874
4125,0.3220031261444092,3.1654592021368444e-05,0.017519161105155945,0.023763760924339294
4126,0.32740020751953125,3.220932194381021e-05,0.017678067088127136,0.024321774020791054
4127,0.33601629734039307,3.674309846246615e-05,0.017232727259397507,0.023124124854803085
4128,0.3393777310848236,3.486539571895264e-05,0.017758091911673546,0.024742556735873222
4129,0.33421194553375244,3.616415779106319e-05,0.017199326306581497,0.023145655170083046
4130,0.32556113600730896,3.1831568776397035e-05,0.017551515251398087,0.024202819913625717
4131,0.3216775059700012,3.1418356229551136e-05,0.017398430034518242,0.023796338587999344
4132,0.3260772228240967,3.341496267239563e-05,0.01722545176744461,0.023365452885627747
4133,0.33431631326675415,3.367544923094101e-05,0.017596429213881493,0.024551158770918846
4134,0.33840546011924744,3.75290255760774e-05,0.017047220841050148,0.023011643439531326
4135,0.33447739481925964,3.3701038773870096e-05,0.01755324751138687,0.024543480947613716
4136,0.3262631595134735,3.348883910803124e-05,0.017129259184002876,0.023320181295275688
4137,0.3214882016181946,3.130273398710415e-05,0.017271440476179123,0.023778656497597694
4138,0.3244577944278717,3.158225445076823e-05,0.01735273003578186,0.02409229427576065
4139,0.3321545422077179,3.5504152037901804e-05,0.01698542758822441,0.023107994347810745
4140,0.3372642397880554,3.431562799960375e-05,0.017462804913520813,0.024597270414233208
4141,0.3349963426589966,3.6439287214307114e-05,0.016909167170524597,0.02302403934299946
4142,0.32750505208969116,3.215089236618951e-05,0.017307883128523827,0.024227941408753395
4143,0.3216836154460907,3.1689942261436954e-05,0.017060918733477592,0.023543065413832664
4144,0.3227485418319702,3.218715937691741e-05,0.016996558755636215,0.023427201434969902
4145,0.3295038342475891,3.2562180422246456e-05,0.017256800085306168,0.02429349347949028
4146,0.33561164140701294,3.666048723971471e-05,0.01677286997437477,0.02296558767557144
4147,0.33549031615257263,3.3890402846736833e-05,0.017266547307372093,0.024492483586072922
4148,0.3292554020881653,3.457178172538988e-05,0.016781190410256386,0.02310469187796116
4149,0.32256194949150085,3.123217902611941e-05,0.01703478768467903,0.023896439000964165
4150,0.32132434844970703,3.111941259703599e-05,0.0169651061296463,0.023754125460982323
4151,0.32645183801651,3.361884955666028e-05,0.016737518832087517,0.023168984800577164
4152,0.33319687843322754,3.335875226184726e-05,0.017115339636802673,0.024383749812841415
4153,0.33548009395599365,3.6649602407123893e-05,0.016591420397162437,0.022903865203261375
4154,0.3313085436820984,3.293360350653529e-05,0.017048131674528122,0.02430315874516964
4155,0.32436996698379517,3.288609877927229e-05,0.01667112670838833,0.023217197507619858
4156,0.320713609457016,3.113451020908542e-05,0.016785407438874245,0.023602303117513657
4157,0.3233756124973297,3.1319585104938596e-05,0.01686522737145424,0.023913532495498657
4158,0.3298456370830536,3.4809199860319495e-05,0.016524460166692734,0.02299562655389309
4159,0.3344150483608246,3.3611773687880486e-05,0.01696108654141426,0.02437334880232811
4160,0.33311209082603455,3.58965371560771e-05,0.01644263043999672,0.0228956937789917
4161,0.32709866762161255,3.200797800673172e-05,0.0168315302580595,0.02408565580844879
4162,0.32150113582611084,3.1769759516464546e-05,0.016561642289161682,0.023326294496655464
4163,0.32099026441574097,3.153215948259458e-05,0.016554856672883034,0.023369142785668373
4164,0.3258208632469177,3.17419835482724e-05,0.01674055866897106,0.024005908519029617
4165,0.3317640423774719,3.547632513800636e-05,0.016330650076270103,0.022880511358380318
4166,0.33378520607948303,3.345311779412441e-05,0.01678352802991867,0.024301398545503616
4167,0.3301902115345001,3.496465797070414e-05,0.01629503257572651,0.022900976240634918
4168,0.32400569319725037,3.1387811759486794e-05,0.01661156862974167,0.02388497069478035
4169,0.3203069567680359,3.1199138902593404e-05,0.016431936994194984,0.023401612415909767
4170,0.32200559973716736,3.2052677852334455e-05,0.016337303444743156,0.02319330908358097
4171,0.3275410830974579,3.2078758522402495e-05,0.016589678823947906,0.024037489667534828
4172,0.3322843015193939,3.568423562683165e-05,0.01614760048687458,0.022801034152507782
4173,0.332375705242157,3.31250557792373e-05,0.01659594476222992,0.02420569397509098
4174,0.32774651050567627,3.417375046410598e-05,0.016147252172231674,0.022904090583324432
4175,0.32213929295539856,3.105587529717013e-05,0.016408752650022507,0.023722317069768906
4176,0.3199659585952759,3.0948958738008514e-05,0.01629585772752762,0.023434551432728767
4177,0.32281023263931274,3.241865852032788e-05,0.01615014858543873,0.02307036519050598
4178,0.3282798230648041,3.222421946702525e-05,0.0164388008415699,0.024017881602048874
4179,0.3319873809814453,3.5616645618574694e-05,0.015988340601325035,0.0227450393140316
4180,0.3310384452342987,3.281806129962206e-05,0.016424456611275673,0.024106739088892937
4181,0.32618004083633423,3.366181772435084e-05,0.016004614531993866,0.02288956195116043
4182,0.3211825489997864,3.089184610871598e-05,0.016231181100010872,0.02360672317445278
4183,0.3198111355304718,3.083296905970201e-05,0.0161507036536932,0.023418745025992393
4184,0.3229734003543854,3.251745511079207e-05,0.01598399505019188,0.022990213707089424
4185,0.3281346559524536,3.217603443772532e-05,0.016281545162200928,0.02396325021982193
4186,0.331320583820343,3.54266885551624e-05,0.015836063772439957,0.022694796323776245
4187,0.33014893531799316,3.260652010794729e-05,0.016261611133813858,0.024025989696383476
4188,0.32550403475761414,3.346067387610674e-05,0.015857074409723282,0.02284311130642891
4189,0.32084423303604126,3.0818475352134556e-05,0.016076792031526566,0.023539938032627106
4190,0.3195352852344513,3.0776871426496655e-05,0.01599827967584133,0.02335302159190178
4191,0.3224116861820221,3.2342650229111314e-05,0.015841027721762657,0.022945770993828773
4192,0.3272523880004883,3.197186015313491e-05,0.016125796362757683,0.02388046309351921
4193,0.3304821848869324,3.517575532896444e-05,0.015696031972765923,0.0226494912058115
4194,0.32978448271751404,3.250862573622726e-05,0.0161148589104414,0.023964205756783485
4195,0.325665146112442,3.354295768076554e-05,0.015708185732364655,0.022770956158638
4196,0.3210696876049042,3.080891474382952e-05,0.015946323052048683,0.0235225111246109
4197,0.31918489933013916,3.078307054238394e-05,0.01583830825984478,0.02324030175805092
4198,0.3212198317050934,3.1908908567857e-05,0.015719452872872353,0.022942733019590378
4199,0.3256395757198334,3.1622766982764006e-05,0.015966279432177544,0.023761853575706482
4200,0.3293059766292572,3.4807249903678894e-05,0.015563043765723705,0.022616222500801086
4201,0.3296959698200226,3.247422137064859e-05,0.015971696004271507,0.02390972152352333
4202,0.3265506625175476,3.387968899914995e-05,0.015548814088106155,0.022675560787320137
4203,0.3220265209674835,3.0929630156606436e-05,0.015824109315872192,0.023547671735286713
4204,0.3191371262073517,3.096568616456352e-05,0.015654653310775757,0.023081099614501
4205,0.3197270929813385,3.130338154733181e-05,0.015602448023855686,0.02298353612422943
4206,0.32328730821609497,3.114243008894846e-05,0.01578233204782009,0.023601755499839783
4207,0.3273838460445404,3.418786218389869e-05,0.015429346822202206,0.022601164877414703
4208,0.32931020855903625,3.2372034183936194e-05,0.0158182792365551,0.023847268894314766
4209,0.3278129994869232,3.434196696616709e-05,0.015382912009954453,0.022569339722394943
4210,0.32388970255851746,3.124354043393396e-05,0.015711508691310883,0.023606378585100174
4211,0.3200433850288391,3.149480835418217e-05,0.015462682582437992,0.022883327677845955
4212,0.3186667859554291,3.0717626941623166e-05,0.015511183999478817,0.023077575489878654
4213,0.32053065299987793,3.0653231078758836e-05,0.015591738745570183,0.023384155705571175
4214,0.32436603307724,3.316090442240238e-05,0.015322601422667503,0.02263239212334156
4215,0.3277396857738495,3.20101753459312e-05,0.015663469210267067,0.023738594725728035
4216,0.32855477929115295,3.461074811639264e-05,0.015234077349305153,0.022485002875328064
4217,0.32634055614471436,3.170987474732101e-05,0.015607720240950584,0.023668166249990463
4218,0.32244500517845154,3.247732820454985e-05,0.015268383547663689,0.022671382874250412
4219,0.3192049264907837,3.0472698199446313e-05,0.015437411144375801,0.023228442296385765
4220,0.31848880648612976,3.0488541597151197e-05,0.015379338525235653,0.023104969412088394
4221,0.32062575221061707,3.1793540983926505e-05,0.015235865488648415,0.02273448370397091
4222,0.3242799639701843,3.127967283944599e-05,0.015475199557840824,0.023542705923318863
4223,0.3272797763347626,3.420753637328744e-05,0.01509442925453186,0.02245338074862957
4224,0.32790225744247437,3.202285370207392e-05,0.015473376959562302,0.02367992512881756
4225,0.32579830288887024,3.370937338331714e-05,0.015063407830893993,0.02247750572860241
4226,0.3221834599971771,3.087171717197634e-05,0.015351693145930767,0.023410310968756676
4227,0.31906795501708984,3.116301377303898e-05,0.015132009983062744,0.022785354405641556
4228,0.3181343376636505,3.0607698136009276e-05,0.015159589238464832,0.022927800193428993
4229,0.31981223821640015,3.0482719012070447e-05,0.015237636864185333,0.023235224187374115
4230,0.323103666305542,3.27820198435802e-05,0.014982474967837334,0.02252209559082985
4231,0.3261914849281311,3.1646271963836625e-05,0.015297110192477703,0.02356359362602234
4232,0.32741010189056396,3.429188654990867e-05,0.014886744320392609,0.022363312542438507
4233,0.32613566517829895,3.162850407534279e-05,0.015253517776727676,0.0235469751060009
4234,0.3230449855327606,3.277590440120548e-05,0.014894776977598667,0.022486161440610886
4235,0.319754421710968,3.0445748052443378e-05,0.015110315755009651,0.023196067661046982
4236,0.31791967153549194,3.059681330341846e-05,0.014977139420807362,0.022838003933429718
4237,0.31840780377388,3.091720282100141e-05,0.014923902228474617,0.02273671329021454
4238,0.320895791053772,3.060563176404685e-05,0.01506984606385231,0.023257235065102577
4239,0.32408592104911804,3.316713991807774e-05,0.014768118038773537,0.022400954738259315
4240,0.32639020681381226,3.1663646950619295e-05,0.015103358775377274,0.023507134988904
4241,0.32668182253837585,3.4077223972417414e-05,0.014691808260977268,0.022301262244582176
4242,0.3248499631881714,3.134199505439028e-05,0.015039116144180298,0.02343018911778927
4243,0.32177188992500305,3.2353280403185636e-05,0.014705909416079521,0.022451046854257584
4244,0.3189018964767456,3.0303321182145737e-05,0.014890252612531185,0.023074135184288025
4245,0.3175405263900757,3.044310687982943e-05,0.014780639670789242,0.02279498614370823
4246,0.3182525932788849,3.0928193154977635e-05,0.014709601178765297,0.022643577307462692
4247,0.3206480145454407,3.0541250453097746e-05,0.014860407449305058,0.02318613976240158
4248,0.32359886169433594,3.3044016163330525e-05,0.01456092856824398,0.0223308727145195
4249,0.32578301429748535,3.152294812025502e-05,0.014889121986925602,0.023421429097652435
4250,0.3262381851673126,3.3971846278291196e-05,0.014485282823443413,0.022229241207242012
4251,0.324798583984375,3.1316332751885056e-05,0.014834468252956867,0.02336699701845646
4252,0.3220842480659485,3.251753514632583e-05,0.014492408372461796,0.022350450977683067
4253,0.3192533850669861,3.0310937290778384e-05,0.014704394154250622,0.02305428497493267
4254,0.3174634873867035,3.057396679650992e-05,0.014558502472937107,0.02265171892940998
4255,0.31740325689315796,3.054671105928719e-05,0.014538646675646305,0.02264907769858837
4256,0.31903791427612305,3.0268380214693025e-05,0.014637134037911892,0.023020794615149498
4257,0.3216601610183716,3.2384104997618124e-05,0.01438931468874216,0.022321125492453575
4258,0.32421016693115234,3.11829790007323e-05,0.01467923168092966,0.023293161764740944
4259,0.3256882131099701,3.381965871085413e-05,0.014294246211647987,0.022164305672049522
4260,0.32555124163627625,3.145338996546343e-05,0.014651221223175526,0.023335205391049385
4261,0.32385706901550293,3.319469760754146e-05,0.014269779436290264,0.022201629355549812
4262,0.3212604820728302,3.060964081669226e-05,0.014550312422215939,0.023125506937503815
4263,0.3187136650085449,3.127089439658448e-05,0.01430603489279747,0.022415345534682274
4264,0.31712377071380615,3.0104589313850738e-05,0.014400741085410118,0.022766919806599617
4265,0.3170159161090851,3.0110712032183073e-05,0.014372620731592178,0.022741131484508514
4266,0.31837624311447144,3.1148651032708585e-05,0.014244434423744678,0.022407226264476776
4267,0.32069459557533264,3.0498456908389926e-05,0.014431015588343143,0.02306220307946205
4268,0.3231545090675354,3.298435331089422e-05,0.014119260013103485,0.022157952189445496
4269,0.3249421715736389,3.131305129500106e-05,0.014445955865085125,0.023248616605997086
4270,0.32547277212142944,3.380180714884773e-05,0.014049637131392956,0.022066807374358177
4271,0.32460343837738037,3.124076465610415e-05,0.014401069842278957,0.023220092058181763
4272,0.32261866331100464,3.281127646914683e-05,0.014040788635611534,0.022139159962534904
4273,0.3201567232608795,3.0388106097234413e-05,0.014298356138169765,0.02299191802740097
4274,0.31796640157699585,3.102193295489997e-05,0.014079498127102852,0.022352341562509537
4275,0.31668734550476074,3.0031023925403133e-05,0.014160643331706524,0.022656958550214767
4276,0.31665894389152527,3.0021579732419923e-05,0.014140361919999123,0.022649507969617844
4277,0.3178430497646332,3.098659362876788e-05,0.014018128626048565,0.0223292987793684
4278,0.31987136602401733,3.032208769582212e-05,0.014192302711308002,0.022942665964365005
4279,0.32216164469718933,3.267510328441858e-05,0.013899004086852074,0.022089172154664993
4280,0.3240969181060791,3.111426849500276e-05,0.014210879802703857,0.023135287687182426
4281,0.32516515254974365,3.374003790668212e-05,0.013821289874613285,0.021973032504320145
4282,0.32511791586875916,3.131901758024469e-05,0.014180577360093594,0.023162640631198883
4283,0.32397544384002686,3.3337528293486685e-05,0.013791016303002834,0.02198873832821846
4284,0.3220501244068146,3.0700026400154456e-05,0.014101183041930199,0.02301696129143238
4285,0.31981444358825684,3.1838862923905253e-05,0.013803331181406975,0.022125763818621635
4286,0.31780946254730225,2.9990360417286865e-05,0.0139845572412014,0.022749317809939384
4287,0.31648653745651245,3.0387906008400023e-05,0.01384325698018074,0.022355981171131134
4288,0.3161209523677826,3.00970295938896e-05,0.013852061703801155,0.02243996597826481
4289,0.3167591989040375,2.9884216928621754e-05,0.013892666436731815,0.022627608850598335
4290,0.3182310163974762,3.123337228316814e-05,0.013725846074521542,0.022161319851875305
4291,0.320215106010437,3.03366978187114e-05,0.01393189188092947,0.022876594215631485
4292,0.3223010003566742,3.278020813013427e-05,0.013622297905385494,0.021958278492093086
4293,0.32409095764160156,3.107804514002055e-05,0.013945921324193478,0.023042229935526848
4294,0.32525086402893066,3.381957867532037e-05,0.013550743460655212,0.021848347038030624
4295,0.3255947232246399,3.138497777399607e-05,0.013924232684075832,0.023086249828338623
4296,0.325066477060318,3.376285167178139e-05,0.013512235134840012,0.02183481492102146
4297,0.32379135489463806,3.1005947676021606e-05,0.013864112086594105,0.0230012945830822
4298,0.32199278473854065,3.269450826337561e-05,0.013504689559340477,0.021911224350333214
4299,0.3199911415576935,3.0270071874838322e-05,0.013771950267255306,0.02281051315367222
4300,0.3181123435497284,3.123520582448691e-05,0.01352097187191248,0.02206469513475895
4301,0.31664833426475525,2.9790258849970996e-05,0.013659773394465446,0.02255871705710888
4302,0.3158016800880432,3.0118662834865972e-05,0.013552580028772354,0.022270947694778442
4303,0.31567686796188354,3.002010635100305e-05,0.013542244210839272,0.022293440997600555
4304,0.31626254320144653,2.975105235236697e-05,0.013588517904281616,0.022498952224850655
4305,0.31746354699134827,3.099124660366215e-05,0.01343005895614624,0.022053081542253494
4306,0.3191204369068146,3.0092907763901167e-05,0.013618438504636288,0.022715242579579353
4307,0.32103464007377625,3.238227509427816e-05,0.01333061046898365,0.02185872569680214
4308,0.3230065405368805,3.081039903918281e-05,0.013634078204631805,0.022891266271471977
4309,0.32483258843421936,3.3725154935382307e-05,0.01324689481407404,0.021719379350543022
4310,0.3263619840145111,3.149789699818939e-05,0.013630183413624763,0.023006878793239594
4311,0.327448308467865,3.461774758761749e-05,0.013181185349822044,0.021634753793478012
4312,0.32802706956863403,3.185014065820724e-05,0.013605184853076935,0.02305002324283123
4313,0.3280423879623413,3.482244937913492e-05,0.013133887201547623,0.02160278707742691
4314,0.32753056287765503,3.173655568389222e-05,0.013558581471443176,0.023018764331936836
4315,0.32653048634529114,3.432274024817161e-05,0.013104473240673542,0.021619834005832672
4316,0.32515838742256165,3.122705311398022e-05,0.013493390753865242,0.02291942574083805
4317,0.3235182464122772,3.329915853100829e-05,0.013090807013213634,0.021681832149624825
4318,0.3217628598213196,3.053176624234766e-05,0.013412246480584145,0.022767623886466026
4319,0.3200192153453827,3.205365646863356e-05,0.013089110143482685,0.021782735362648964
4320,0.31841549277305603,2.9919629014329985e-05,0.013321164064109325,0.022582462057471275
4321,0.3170497417449951,3.089921665377915e-05,0.013096561655402184,0.021912673488259315
4322,0.31599700450897217,2.9601633286802098e-05,0.013226090930402279,0.022383837029337883
4323,0.3153010308742523,3.0053761292947456e-05,0.013109416700899601,0.022061312571167946
4324,0.3149789869785309,2.968362059618812e-05,0.013131966814398766,0.02218673750758171
4325,0.31503140926361084,2.9615868697874248e-05,0.013125541619956493,0.02221820130944252
4326,0.31544703245162964,3.0172475817380473e-05,0.013041016645729542,0.021999934688210487
4327,0.3162093758583069,2.9583616196759976e-05,0.01314121950417757,0.02237866260111332
4328,0.3173043727874756,3.1034775020089e-05,0.012951919808983803,0.021825889125466347
4329,0.31873029470443726,2.9930632081232034e-05,0.013155467808246613,0.022542059421539307
4330,0.32049572467803955,3.226303306291811e-05,0.012862816452980042,0.021661069244146347
4331,0.32263147830963135,3.065451528527774e-05,0.01316849235445261,0.02271435223519802
4332,0.3251749277114868,3.3911139325937256e-05,0.012770935893058777,0.02150007151067257
4333,0.32820355892181396,3.182159343850799e-05,0.013182926923036575,0.022904250770807266
4334,0.33177462220191956,3.6119869037065655e-05,0.012675249949097633,0.021336063742637634
4335,0.3360019624233246,3.357116656843573e-05,0.013202402740716934,0.02312205173075199
4336,0.3409377336502075,3.907643986167386e-05,0.012574108317494392,0.021166786551475525
4337,0.3466935157775879,3.60759804607369e-05,0.01322832703590393,0.023375429213047028
4338,0.3532067835330963,4.293193342164159e-05,0.012468397617340088,0.02099527418613434
4339,0.36047494411468506,3.940422902815044e-05,0.013259395956993103,0.023658588528633118
4340,0.36811143159866333,4.752084714709781e-05,0.012361753731966019,0.020834671333432198
4341,0.37577956914901733,4.317530692787841e-05,0.013286351226270199,0.02393781580030918
4342,0.38249871134757996,5.188956129131839e-05,0.012265479192137718,0.0207079965621233
4343,0.387450248003006,4.608607923728414e-05,0.01329175103455782,0.024128597229719162
4344,0.3891523778438568,5.389815487433225e-05,0.01219953317195177,0.02064749412238598
4345,0.38679641485214233,4.5915436203358695e-05,0.013246409595012665,0.024101167917251587
4346,0.37950244545936584,5.099350892123766e-05,0.012188955210149288,0.020695893093943596
4347,0.36785849928855896,4.1196213715011254e-05,0.013124190270900726,0.02374100312590599
4348,0.353107750415802,4.292899393476546e-05,0.012253456749022007,0.02091045491397381
4349,0.33781757950782776,3.395719249965623e-05,0.012920336797833443,0.023064859211444855
4350,0.3247297704219818,3.38188765454106e-05,0.012390789575874805,0.02134684845805168
4351,0.3163658380508423,2.9476683266693726e-05,0.012665331363677979,0.02225208654999733
4352,0.3142179548740387,2.9381611966528e-05,0.01257435791194439,0.021996792405843735
4353,0.31852298974990845,3.160837877658196e-05,0.012407179921865463,0.021521832793951035
4354,0.32830703258514404,3.177898906869814e-05,0.012760641984641552,0.022751424461603165
4355,0.3416275084018707,3.9326190744759515e-05,0.012184998951852322,0.02099774405360222
4356,0.35597097873687744,3.824550367426127e-05,0.012904467061161995,0.02342541143298149
4357,0.36836251616477966,4.761477612191811e-05,0.012025302276015282,0.02069864794611931
4358,0.3761592209339142,4.320583684602752e-05,0.0129597382619977,0.023800134658813477
4359,0.3770192265510559,5.025696009397507e-05,0.011949336156249046,0.020611200481653214
4360,0.37041306495666504,4.1776092984946445e-05,0.012887321412563324,0.023681307211518288
4361,0.35732316970825195,4.4259355490794405e-05,0.011977480724453926,0.020755520090460777
4362,0.3410797715187073,3.467481292318553e-05,0.012681869789958,0.023047327995300293
4363,0.32592177391052246,3.426372495596297e-05,0.012109596282243729,0.021196240559220314
4364,0.316045880317688,2.9376762540778145e-05,0.012392920441925526,0.022146617993712425
4365,0.3140415549278259,2.9240425647003576e-05,0.012311557307839394,0.0219331793487072
4366,0.320241779088974,3.2300769817084074e-05,0.012102408334612846,0.021328262984752655
4367,0.33274757862091064,3.2740797905717045e-05,0.012519883923232555,0.022788405418395996
4368,0.34799128770828247,4.138602889725007e-05,0.011876806616783142,0.020794756710529327
4369,0.3617421090602875,3.962111804867163e-05,0.012662308290600777,0.023441487923264503
4370,0.36981654167175293,4.8112629883689806e-05,0.011756130494177341,0.020569520071148872
4371,0.3696914613246918,4.157141302130185e-05,0.012672625482082367,0.02357439510524273
4372,0.36085405945777893,4.536830238066614e-05,0.011761108413338661,0.02063213288784027
4373,0.34599822759628296,3.580841439543292e-05,0.012520112097263336,0.023070290684700012
4374,0.32977327704429626,3.556332376319915e-05,0.011891176924109459,0.02101939171552658
4375,0.31760793924331665,2.956458047265187e-05,0.012244817800819874,0.02216709405183792
4376,0.31343957781791687,2.9249356884974986e-05,0.012104642577469349,0.021750640124082565
4377,0.31843289732933044,3.1656891223974526e-05,0.011940760537981987,0.021293312311172485
4378,0.33069467544555664,3.224025567760691e-05,0.012323160655796528,0.02264217473566532
4379,0.34598538279533386,4.077961784787476e-05,0.01169903390109539,0.020723070949316025
4380,0.3591757118701935,3.8951584429014474e-05,0.01245786715298891,0.02330545336008072
4381,0.36553236842155457,4.684644954977557e-05,0.011575065553188324,0.02050267718732357
4382,0.3627341091632843,3.9817405195208266e-05,0.012436662800610065,0.02336164563894272
4383,0.3513748049736023,4.249341873219237e-05,0.011595859192311764,0.020620128139853477
4384,0.33561253547668457,3.334891880513169e-05,0.012244245037436485,0.022735312581062317
4385,0.32123175263404846,3.271717287134379e-05,0.01175154373049736,0.02111736126244068
4386,0.3136146366596222,2.906359986809548e-05,0.011947655119001865,0.02178182825446129
4387,0.31542444229125977,2.9192882720963098e-05,0.011983112432062626,0.02195255272090435
4388,0.32571813464164734,3.426473995205015e-05,0.011659644544124603,0.020975783467292786
4389,0.34046629071235657,3.4458109439583495e-05,0.012193632312119007,0.02281956560909748
4390,0.35400083661079407,4.331494710640982e-05,0.011469155550003052,0.02054082602262497
4391,0.3611803650856018,3.942225157516077e-05,0.012283308431506157,0.023254305124282837
4392,0.358929306268692,4.484535020310432e-05,0.011422949843108654,0.020476272329688072
4393,0.3480757176876068,3.6260094930185005e-05,0.012189996428787708,0.022962694987654686
4394,0.3327653408050537,3.661479058791883e-05,0.011527194641530514,0.02078564092516899
4395,0.3192692697048187,2.9816123060300015e-05,0.011936289258301258,0.02210959419608116
4396,0.31299054622650146,2.9349908800213598e-05,0.01173895038664341,0.021491186693310738
4397,0.3162808120250702,3.0923565645935014e-05,0.01162888016551733,0.021196812391281128
4398,0.327542781829834,3.150746488245204e-05,0.011966410093009472,0.022398876026272774
4399,0.3420182764530182,3.959362948080525e-05,0.011384738609194756,0.02060168795287609
4400,0.3537866771221161,3.7602636439260095e-05,0.012101845815777779,0.023043612018227577
4401,0.35783061385154724,4.454553345567547e-05,0.011278653517365456,0.02040407806634903
4402,0.3524334132671356,3.727876901393756e-05,0.01206507533788681,0.022998787462711334
4403,0.339641273021698,3.88677253795322e-05,0.011335262097418308,0.0205959714949131
4404,0.32498955726623535,3.0957464332459494e-05,0.011851363815367222,0.022269925102591515
4405,0.31473344564437866,3.0340379453264177e-05,0.011524971574544907,0.02120290696620941
4406,0.3131707012653351,2.959682205982972e-05,0.011550742201507092,0.021328164264559746
4407,0.32071778178215027,3.0065426471992396e-05,0.011759433895349503,0.022090284153819084
4408,0.3339022696018219,3.702561298268847e-05,0.011287620291113853,0.020646121352910995
4409,0.346985399723053,3.595631642383523e-05,0.011923572048544884,0.022823400795459747
4410,0.35419562458992004,4.343449109001085e-05,0.01115200761705637,0.02037230134010315
4411,0.35239651799201965,3.725124406628311e-05,0.01192394644021988,0.022924652323126793
4412,0.34216177463531494,3.967908560298383e-05,0.011179943569004536,0.0204929132014513
4413,0.32809993624687195,3.161205677315593e-05,0.011738722212612629,0.022302523255348206
4414,0.31645873188972473,3.107512020505965e-05,0.011349163018167019,0.021027475595474243
4415,0.312382310628891,2.9116234145476483e-05,0.011444753035902977,0.021375248208642006
4416,0.3174625337123871,2.943832441815175e-05,0.011575039476156235,0.02188074216246605
4417,0.3291812539100647,3.5519347875379026e-05,0.011168057098984718,0.020649954676628113
4418,0.3422064781188965,3.481232124613598e-05,0.011740442365407944,0.02264786697924137
4419,0.35061243176460266,4.236038512317464e-05,0.011009473353624344,0.020328128710389137
4420,0.35063448548316956,3.680087684188038e-05,0.011750780045986176,0.022825628519058228
4421,0.3420797288417816,3.9688602555543184e-05,0.011016586795449257,0.020411672070622444
4422,0.32891327142715454,3.176007157890126e-05,0.011582009494304657,0.02226601541042328
4423,0.3171454966068268,3.137060411972925e-05,0.011176204308867455,0.02091318368911743
4424,0.3121403455734253,2.892613883886952e-05,0.01130590122193098,0.02135610394179821
4425,0.31598517298698425,2.91521519102389e-05,0.011406918056309223,0.021741146221756935
4426,0.3266763687133789,3.471062518656254e-05,0.011042488738894463,0.020620552822947502
4427,0.3392053246498108,3.407717667869292e-05,0.011586056090891361,0.022504562512040138
4428,0.3477447032928467,4.147854633629322e-05,0.010889655910432339,0.020286889746785164
4429,0.34839507937431335,3.6227247619535774e-05,0.01161007396876812,0.022704223170876503
4430,0.34070414304733276,3.925316923414357e-05,0.01089478563517332,0.02035941183567047
4431,0.3283098638057709,3.1585252145305276e-05,0.011450850404798985,0.022180618718266487
4432,0.31696438789367676,3.130815093754791e-05,0.011046994477510452,0.02084244415163994
4433,0.31192460656166077,2.8818372811656445e-05,0.01117972657084465,0.02129894681274891
4434,0.31534019112586975,2.900455547205638e-05,0.011267995461821556,0.021646592766046524
4435,0.32538801431655884,3.4291202609892935e-05,0.010917008854448795,0.020572785288095474
4436,0.33728650212287903,3.3607946534175426e-05,0.011437189765274525,0.022392254322767258
4437,0.3454303443431854,4.077908306499012e-05,0.010760504752397537,0.020236998796463013
4438,0.34606271982192993,3.5651719372253865e-05,0.011452607810497284,0.02258945256471634
4439,0.3387584090232849,3.8666788896080106e-05,0.010757745243608952,0.020307393744587898
4440,0.3270106613636017,3.1278570531867445e-05,0.011290288530290127,0.022080056369304657
4441,0.3163214921951294,3.109790850430727e-05,0.010901317931711674,0.02078692801296711
4442,0.3116759657859802,2.8766233299393207e-05,0.011026005260646343,0.021220555528998375
4443,0.31505805253982544,2.8920700060552917e-05,0.011118900962173939,0.021574825048446655
4444,0.32466453313827515,3.406395990168676e-05,0.010779747739434242,0.020513486117124557
4445,0.33589985966682434,3.3252552384510636e-05,0.011294110678136349,0.022292302921414375
4446,0.3434527516365051,4.0167222323361784e-05,0.010643246583640575,0.020190203562378883
4447,0.34382981061935425,3.5085824492853135e-05,0.011322672478854656,0.022470269352197647
4448,0.3367445468902588,3.802528226515278e-05,0.01065607089549303,0.020266393199563026
4449,0.3255939781665802,3.092885162914172e-05,0.011174174025654793,0.021970083937048912
4450,0.3156066834926605,3.0826544389128685e-05,0.010804218240082264,0.020740307867527008
4451,0.3114279806613922,2.8696356821455993e-05,0.010919129475951195,0.021140119060873985
4452,0.3148309886455536,2.8821774321841076e-05,0.01101477351039648,0.021507373079657555
4453,0.32401925325393677,3.383528019185178e-05,0.010676119476556778,0.020457211881875992
4454,0.3346160054206848,3.290657696197741e-05,0.011176617816090584,0.022198345512151718
4455,0.3416237235069275,3.958629531553015e-05,0.010537341237068176,0.020142344757914543
4456,0.3418227732181549,3.456852937233634e-05,0.0111928079277277,0.022363219410181046
4457,0.3350304365158081,3.748721064766869e-05,0.010541986674070358,0.020217165350914
4458,0.32448744773864746,3.065674172830768e-05,0.011037306860089302,0.021874209865927696
4459,0.3150980770587921,3.0657458410132676e-05,0.010675685480237007,0.0206813532859087
4460,0.31119441986083984,2.863192457880359e-05,0.010780964978039265,0.021068057045340538
4461,0.31441396474838257,2.8718124667648226e-05,0.010869831778109074,0.021427001804113388
4462,0.32307305932044983,3.353275315021165e-05,0.010540513321757317,0.020403174683451653
4463,0.33308371901512146,3.251989619457163e-05,0.011023007333278656,0.022095223888754845
4464,0.3397776484489441,3.901383752236143e-05,0.010407370515167713,0.02009478211402893
4465,0.34012117981910706,3.412963997106999e-05,0.011045839637517929,0.02225811593234539
4466,0.3338773250579834,3.712282341439277e-05,0.010418620891869068,0.02016405574977398
4467,0.32398974895477295,3.051046769542154e-05,0.010910569690167904,0.021794382482767105
4468,0.31499630212783813,3.063243275391869e-05,0.010557131841778755,0.020606957376003265
4469,0.31099018454551697,2.8510543415904976e-05,0.010675556026399136,0.021019162610173225
4470,0.3136432468891144,2.8553822630783543e-05,0.010752404108643532,0.021322891116142273
4471,0.3215651512145996,3.301441029179841e-05,0.010446119122207165,0.020367365330457687
4472,0.3310646712779999,3.2016338082030416e-05,0.010904465802013874,0.02197854220867157
4473,0.3377954065799713,3.837732583633624e-05,0.010310012847185135,0.02005181647837162
4474,0.3387611508369446,3.3760668884497136e-05,0.010928651317954063,0.022165775299072266
4475,0.3334570825099945,3.698688306030817e-05,0.010307698510587215,0.020099027082324028
4476,0.32434356212615967,3.0536910344380885e-05,0.010799059644341469,0.021748589351773262
4477,0.31551870703697205,3.085044227191247e-05,0.01042773388326168,0.0205062385648489
4478,0.31092461943626404,2.8357662813505158e-05,0.010568726807832718,0.02100481651723385
4479,0.31247827410697937,2.83675344689982e-05,0.010606672614812851,0.02118581533432007
4480,0.3193105459213257,3.2248855859506875e-05,0.010336475446820259,0.0203518308699131
4481,0.32829007506370544,3.137058956781402e-05,0.010752093978226185,0.02183692343533039
4482,0.335396945476532,3.763118729693815e-05,0.010188747197389603,0.02001361921429634
4483,0.33754637837409973,3.344781725900248e-05,0.010784182697534561,0.022072359919548035
4484,0.3337298333644867,3.709400334628299e-05,0.010169588029384613,0.02002391591668129
4485,0.32568904757499695,3.079077578149736e-05,0.010675134137272835,0.02173013612627983
4486,0.3169388771057129,3.1402421882376075e-05,0.010274959728121758,0.02037770114839077
4487,0.311311811208725,2.823852264555171e-05,0.01046665757894516,0.021032748743891716
4488,0.31114351749420166,2.8230771931703202e-05,0.01044968981295824,0.021007485687732697
4489,0.316345751285553,3.1190618756227195e-05,0.010245032608509064,0.020372912287712097
4490,0.32455599308013916,3.053122782148421e-05,0.010605474933981895,0.02166026644408703
4491,0.33219510316848755,3.660577567643486e-05,0.010090341791510582,0.01999262347817421
4492,0.3360360860824585,3.3065120078390464e-05,0.010660038329660892,0.02197299897670746
4493,0.3343955874443054,3.731878678081557e-05,0.010048756375908852,0.0199428778141737
4494,0.3280278444290161,3.1256553484126925e-05,0.010577134788036346,0.02174253761768341
4495,0.31961590051651,3.2375795854022726e-05,0.010125987231731415,0.020221402868628502
4496,0.31275084614753723,2.8295065931160934e-05,0.010386492125689983,0.021111924201250076
4497,0.3102535903453827,2.8325588573352434e-05,0.010282191447913647,0.020784424617886543
4498,0.3130301237106323,2.9915867344243452e-05,0.010166234336793423,0.02044018544256687
4499,0.3197889029979706,2.9508446459658444e-05,0.010440323501825333,0.02143431454896927
4500,0.32765188813209534,3.513191768433899e-05,0.00999489426612854,0.019998276606202126
4501,0.33339959383010864,3.242895400035195e-05,0.010519871488213539,0.02184191532433033
4502,0.33464789390563965,3.74219634977635e-05,0.009922913275659084,0.01986675336956978
4503,0.33093881607055664,3.186553294654004e-05,0.01047455333173275,0.02176264114677906
4504,0.32375040650367737,3.382177237654105e-05,0.009965591132640839,0.020046837627887726
4505,0.31605976819992065,2.8771090001100674e-05,0.010315966792404652,0.021240781992673874
4506,0.31094491481781006,2.899129322031513e-05,0.010098641738295555,0.020515713840723038
4507,0.31037798523902893,2.867226066882722e-05,0.010107195004820824,0.020574398338794708
4508,0.31444817781448364,2.848780422937125e-05,0.010259688831865788,0.02114119939506054
4509,0.32142695784568787,3.303989069536328e-05,0.009923309087753296,0.020058877766132355
4510,0.3285391330718994,3.1312680221162736e-05,0.010371343232691288,0.021647414192557335
4511,0.33298012614250183,3.689750155899674e-05,0.00981825403869152,0.019820835441350937
4512,0.3330688774585724,3.23116582876537e-05,0.01037552859634161,0.021759407594799995
4513,0.32873213291168213,3.550544352037832e-05,0.009816057048738003,0.019876256585121155
4514,0.3217073976993561,2.9831393476342782e-05,0.010261195711791515,0.021407417953014374
4515,0.314692884683609,3.061674942728132e-05,0.009909636341035366,0.020216574892401695
4516,0.31036776304244995,2.7991387469228357e-05,0.01007175911217928,0.020789464935660362
4517,0.3102833032608032,2.798682908178307e-05,0.010057215578854084,0.020773176103830338
4518,0.31434518098831177,3.049269253097009e-05,0.00987677276134491,0.02020423673093319
4519,0.3209415376186371,2.9655306207132526e-05,0.010193435475230217,0.021346163004636765
4520,0.32758015394210815,3.5140627005603164e-05,0.00973651185631752,0.01983981393277645
4521,0.3318457007408142,3.1995674362406135e-05,0.010254918597638607,0.021665211766958237
4522,0.332149475812912,3.664417454274371e-05,0.00968453660607338,0.019746391102671623
4523,0.32842764258384705,3.122512134723365e-05,0.010207297280430794,0.021557819098234177
4524,0.32201269268989563,3.3260661439271644e-05,0.00972864218056202,0.01992381177842617
4525,0.3152748644351959,2.85385649476666e-05,0.010063251480460167,0.021078916266560555
4526,0.31061965227127075,2.8921078410348855e-05,0.009847144596278667,0.020349739119410515
4527,0.30964410305023193,2.832856262102723e-05,0.009874810464680195,0.020472140982747078
4528,0.3125797212123871,2.8096370442654006e-05,0.00999126210808754,0.02091497741639614
4529,0.31829872727394104,3.196943362127058e-05,0.009703864343464375,0.019978756085038185
4530,0.3247811794281006,3.0405732104554772e-05,0.010100550018250942,0.021402981132268906
4531,0.3297761082649231,3.5876179026672617e-05,0.009594554081559181,0.019714925438165665
4532,0.33162379264831543,3.189558628946543e-05,0.010125065222382545,0.021587146446108818
4533,0.3296578824520111,3.5840093914885074e-05,0.00956933293491602,0.019701462239027023
4534,0.32460033893585205,3.034899418707937e-05,0.010047664865851402,0.02137121558189392
4535,0.31814560294151306,3.192383155692369e-05,0.009627610445022583,0.019934816285967827
4536,0.31248965859413147,2.8040134566253982e-05,0.009891612455248833,0.02086295187473297
4537,0.30947136878967285,2.831208985298872e-05,0.009745286777615547,0.020380862057209015
4538,0.3100026547908783,2.8659151212195866e-05,0.009709830395877361,0.02029290609061718
4539,0.31380775570869446,2.8224529160070233e-05,0.009877614676952362,0.020919933915138245
4540,0.3195878267288208,3.2443669624626637e-05,0.009555024094879627,0.019855095073580742
4541,0.32549160718917847,3.0506904295179993e-05,0.009972581639885902,0.02135320194065571
4542,0.3296395540237427,3.584743899409659e-05,0.009462643414735794,0.019631611183285713
4543,0.33078229427337646,3.165591260767542e-05,0.009990119375288486,0.0214922446757555
4544,0.3285234868526459,3.547895175870508e-05,0.009448090568184853,0.01963585428893566
4545,0.3236168324947357,3.008778912771959e-05,0.009915930218994617,0.02126997523009777
4546,0.3175702393054962,3.17311605613213e-05,0.009508098475635052,0.019863901659846306
4547,0.31227144598960876,2.7946212867391296e-05,0.009770876727998257,0.02078752964735031
4548,0.3092954754829407,2.8290802219999023e-05,0.009619480930268764,0.020283708348870277
4549,0.3094642162322998,2.841074274329003e-05,0.009598866105079651,0.020246876403689384
4550,0.3126343786716461,2.7983132895315066e-05,0.009742219932377338,0.02079201117157936
4551,0.3178069591522217,3.1825500627746806e-05,0.009446186013519764,0.01981765776872635
4552,0.323470801115036,3.003019082825631e-05,0.009832599200308323,0.02121993713080883
4553,0.32799583673477173,3.5317505535203964e-05,0.009344316087663174,0.019577082246541977
4554,0.3301439583301544,3.147016104776412e-05,0.009855370968580246,0.021402785554528236
4555,0.3292783200740814,3.574665242922492e-05,0.009309672750532627,0.019539494067430496
4556,0.3256899118423462,3.048944017791655e-05,0.009796496480703354,0.021262267604470253
4557,0.3203592002391815,3.2740612368797883e-05,0.009343770332634449,0.01970304735004902
4558,0.3148101270198822,2.8304357329034247e-05,0.009668858721852303,0.0208561010658741
4559,0.31055623292922974,2.9027909477008507e-05,0.009432254359126091,0.020050518214702606
4560,0.30871352553367615,2.776086694211699e-05,0.009508101269602776,0.020343726500868797
4561,0.3096970021724701,2.7608512027654797e-05,0.009546256624162197,0.020514199510216713
4562,0.31316813826560974,3.0126066121738404e-05,0.009354563429951668,0.019887475296854973
4563,0.3181833326816559,2.8907612431794405e-05,0.009648699313402176,0.020967327058315277
4564,0.3234376013278961,3.3808166335802525e-05,0.00923862773925066,0.01957961730659008
4565,0.32764458656311035,3.0872302886564285e-05,0.009705908596515656,0.021262655034661293
4566,0.3297358453273773,3.591320273699239e-05,0.009176493622362614,0.019448110833764076
4567,0.3292396068572998,3.121304325759411e-05,0.009694614447653294,0.02129455655813217
4568,0.32623469829559326,3.475416451692581e-05,0.00917421281337738,0.019494550302624702
4569,0.3215131163597107,2.955042691610288e-05,0.009611989371478558,0.021047916263341904
4570,0.31621891260147095,3.128780372207984e-05,0.009226572699844837,0.019714508205652237
4571,0.3116598427295685,2.773846972559113e-05,0.00947624258697033,0.02061351202428341
4572,0.3088991343975067,2.8235976060386747e-05,0.009316710755228996,0.02008148841559887
4573,0.3085322380065918,2.7982214305666275e-05,0.009321204386651516,0.020134402438998222
4574,0.31057170033454895,2.7591568141360767e-05,0.009418696165084839,0.020523635670542717
4575,0.3144957423210144,3.066567296627909e-05,0.009178920648992062,0.019731326028704643
4576,0.31941384077072144,2.9099855964886956e-05,0.009503715671598911,0.020930880680680275
4577,0.32424694299697876,3.410944918869063e-05,0.009072482585906982,0.019464006647467613
4578,0.32799893617630005,3.090281461481936e-05,0.009547690860927105,0.021188393235206604
4579,0.3298465311527252,3.5979745007352903e-05,0.009014466777443886,0.019348306581377983
4580,0.32944419980049133,3.1212810426950455e-05,0.009534805081784725,0.02121651917695999
4581,0.32682958245277405,3.498384103295393e-05,0.009009859524667263,0.019385037943720818
4582,0.32259973883628845,2.9731152608292177e-05,0.009463328868150711,0.02100246213376522
4583,0.3176225423812866,3.182738510076888e-05,0.009055312722921371,0.01957203634083271
4584,0.3129676878452301,2.787908488244284e-05,0.009346211329102516,0.020613405853509903
4585,0.30957138538360596,2.8673102860921063e-05,0.009137728251516819,0.019891876727342606
4586,0.30808597803115845,2.7550759114092216e-05,0.009208143688738346,0.02016347646713257
4587,0.3087422549724579,2.739780757110566e-05,0.009236426092684269,0.02029363624751568
4588,0.311355322599411,2.946826680272352e-05,0.00907421950250864,0.01975788176059723
4589,0.31539952754974365,2.827726893883664e-05,0.009327009320259094,0.02069658599793911
4590,0.3201201856136322,3.2717267458792776e-05,0.008963069878518581,0.019456354901194572
4591,0.3247056007385254,3.0141640309011564e-05,0.009388763457536697,0.02101055346429348
4592,0.3283376395702362,3.550180917955004e-05,0.0088858213275671,0.01927865855395794
4593,0.3304325342178345,3.1383395253214985e-05,0.009405629709362984,0.021160155534744263
4594,0.3305744230747223,3.62448554369621e-05,0.008849444799125195,0.01922704093158245
4595,0.3287797272205353,3.101298352703452e-05,0.009370598010718822,0.021103324368596077
4596,0.3253049850463867,3.45037697115913e-05,0.00885627418756485,0.019301848486065865
4597,0.32080164551734924,2.930645496235229e-05,0.009286947548389435,0.020851237699389458
4598,0.3160364329814911,3.129233300569467e-05,0.008902979083359241,0.01950206607580185
4599,0.31184765696525574,2.764398777799215e-05,0.009169659577310085,0.020468831062316895
4600,0.3089215159416199,2.8430758902686648e-05,0.008979485370218754,0.019810540601611137
4601,0.30770695209503174,2.7465077437227592e-05,0.009039468131959438,0.020048407837748528
4602,0.3083438575267792,2.7286932891001925e-05,0.009069674648344517,0.020185131579637527
4603,0.3106845021247864,2.9239552532089874e-05,0.008915732614696026,0.01966898888349533
4604,0.3143492341041565,2.8031525289407e-05,0.009155990555882454,0.02056320384144783
4605,0.3187975287437439,3.228622517781332e-05,0.008811102248728275,0.01937468908727169
4606,0.32342949509620667,2.9815670131938532e-05,0.009221448563039303,0.020879602059721947
4607,0.32760825753211975,3.528599700075574e-05,0.008732105605304241,0.019180359318852425
4608,0.3308129608631134,3.141114575555548e-05,0.00925303902477026,0.02107618749141693
4609,0.3325594365596771,3.6919118429068476e-05,0.00868325773626566,0.01908690296113491
4610,0.3326420783996582,3.1811490771360695e-05,0.009241227060556412,0.021111629903316498
4611,0.33096060156822205,3.6401779652806e-05,0.008666964247822762,0.01909557916224003
4612,0.32778024673461914,3.072799518122338e-05,0.009184140712022781,0.020970668643712997
4613,0.3234918415546417,3.392366488697007e-05,0.008685258217155933,0.019209671765565872
4614,0.31874486804008484,2.8824579203501344e-05,0.009088731370866299,0.020677916705608368
4615,0.3141928017139435,3.0651266570203006e-05,0.008734648115932941,0.0194284338504076
4616,0.310480535030365,2.7369678718969226e-05,0.0089696254581213,0.020295385271310806
4617,0.3080845773220062,2.8079193725716323e-05,0.008806991390883923,0.019734222441911697
4618,0.3072833716869354,2.741848220466636e-05,0.008844686672091484,0.01989668607711792
4619,0.30812934041023254,2.715202390390914e-05,0.008889940567314625,0.0200907401740551
4620,0.3104785680770874,2.9206803446868435e-05,0.008727367036044598,0.019540393725037575
4621,0.31404176354408264,2.7906953619094566e-05,0.00896993838250637,0.020450619980692863
4622,0.31841787695884705,3.2186584576265886e-05,0.008626183494925499,0.019255895167589188
4623,0.32317477464675903,2.9698621801799163e-05,0.009034917689859867,0.02076738514006138
4624,0.3278239965438843,3.538808960001916e-05,0.008543964475393295,0.01905209571123123
4625,0.3319385349750519,3.159831976518035e-05,0.009073956869542599,0.020999804139137268
4626,0.3350345492362976,3.7754420191049576e-05,0.008483697660267353,0.018928468227386475
4627,0.3368173837661743,3.269248554715887e-05,0.009078685194253922,0.02110913023352623
4628,0.3369593918323517,3.838390693999827e-05,0.008448462001979351,0.01888708770275116
4629,0.33545440435409546,3.2375646696891636e-05,0.009043264202773571,0.021066036075353622
4630,0.33233630657196045,3.689473305712454e-05,0.00844291690737009,0.018934747204184532
4631,0.3279975354671478,3.070790262427181e-05,0.008968994952738285,0.020862549543380737
4632,0.3228926956653595,3.376247332198545e-05,0.008469498716294765,0.019080081954598427
4633,0.31769081950187683,2.8546368412207812e-05,0.008863476105034351,0.02052885852754116
4634,0.3130103349685669,3.025367550435476e-05,0.008525636978447437,0.019322725012898445
4635,0.30942392349243164,2.7147380023961887e-05,0.008741767145693302,0.02012616954743862
4636,0.30732131004333496,2.775248503894545e-05,0.008603038266301155,0.019643783569335938
4637,0.30689555406570435,2.740556374192238e-05,0.008618077263236046,0.01972341351211071
4638,0.308145672082901,2.701603625610005e-05,0.008688918314874172,0.02000834420323372
4639,0.31090280413627625,2.943177241832018e-05,0.00850282795727253,0.01936912164092064
4640,0.31488311290740967,2.7979996957583353e-05,0.008770610205829144,0.02037452720105648
4641,0.3197171092033386,3.2671334338374436e-05,0.008400334976613522,0.019085559993982315
4642,0.32501113414764404,3.001543336722534e-05,0.00883590430021286,0.020704662427306175
4643,0.33029651641845703,3.623506199801341e-05,0.008312687277793884,0.01887628622353077
4644,0.3351638615131378,3.2251205993816257e-05,0.008875635452568531,0.02096152864396572
4645,0.3390865623950958,3.909567749360576e-05,0.008242838084697723,0.018740223720669746
4646,0.34171345829963684,3.3742046070983633e-05,0.00888141430914402,0.02110564336180687
4647,0.34258773922920227,4.022804932901636e-05,0.008196539245545864,0.018681494519114494
4648,0.34158656001091003,3.370648482814431e-05,0.008848159573972225,0.021094612777233124
4649,0.3385918438434601,3.8964681152720004e-05,0.008182315155863762,0.018711557611823082
4650,0.3339424729347229,3.19567734550219e-05,0.008774890564382076,0.02090476080775261
4651,0.3280659019947052,3.5541976103559136e-05,0.008205692283809185,0.018846407532691956
4652,0.32173657417297363,2.9295408239704557e-05,0.008668530732393265,0.020554276183247566
4653,0.3157217502593994,3.130475670332089e-05,0.008266719989478588,0.019092634320259094
4654,0.3108106851577759,2.724177102209069e-05,0.008542492985725403,0.020109102129936218
4655,0.307586133480072,2.802375820465386e-05,0.008356167003512383,0.019436748698353767
4656,0.30640077590942383,2.7098572900285944e-05,0.008412227965891361,0.01965329609811306
4657,0.3073311746120453,2.685899380594492e-05,0.008458944037556648,0.01984058879315853
4658,0.31021907925605774,2.9201495635788888e-05,0.008289234712719917,0.01925136335194111
4659,0.31472522020339966,2.787115408864338e-05,0.008556964807212353,0.02025575377047062
4660,0.3203772306442261,3.292867404525168e-05,0.008178471587598324,0.018933266401290894
4661,0.32664644718170166,3.0293147574411705e-05,0.008634552359580994,0.02063302882015705
4662,0.3328993618488312,3.711710451170802e-05,0.008083122782409191,0.01870347000658512
4663,0.3385601341724396,3.2947697036433965e-05,0.00867890752851963,0.020923657342791557
4664,0.34291529655456543,4.035497840959579e-05,0.008007707074284554,0.018561089411377907
4665,0.34548625349998474,3.454120451351628e-05,0.008680379949510098,0.021071795374155045
4666,0.34570762515068054,4.126313797314651e-05,0.00796184130012989,0.01851128786802292
4667,0.34349602460861206,3.407356416573748e-05,0.008633730933070183,0.021022776141762733
4668,0.33886995911598206,3.909930819645524e-05,0.007955938577651978,0.01857132837176323
4669,0.33244985342025757,3.1552706786897033e-05,0.008540892042219639,0.020754162222146988
4670,0.3250217139720917,3.457149796304293e-05,0.00799736101180315,0.018760770559310913
4671,0.3177129030227661,2.841346213244833e-05,0.008414319716393948,0.020308583974838257
4672,0.31157076358795166,2.980248063977342e-05,0.008082888089120388,0.019084636121988297
4673,0.3074897229671478,2.6769786927616224e-05,0.00827307254076004,0.019786624237895012
4674,0.3059968054294586,2.7024876544601284e-05,0.008198559284210205,0.019514117389917374
4675,0.3072251081466675,2.7931828299188055e-05,0.008136223070323467,0.01929405890405178
4676,0.310940146446228,2.715600930969231e-05,0.008322324603796005,0.019989853724837303
4677,0.3166094720363617,3.164361260132864e-05,0.008014394901692867,0.018897196277976036
4678,0.32351821660995483,2.9558195819845423e-05,0.008430048823356628,0.02044026553630829
4679,0.3307878375053406,3.645165270427242e-05,0.00791251938790083,0.018615396693348885
4680,0.3375591039657593,3.264984843553975e-05,0.008499905467033386,0.020792553201317787
4681,0.3428550958633423,4.035549136460759e-05,0.007834229618310928,0.01844693534076214
4682,0.34596508741378784,3.458082937868312e-05,0.008513880893588066,0.020972441881895065
4683,0.34618839621543884,4.1434046579524875e-05,0.007787738461047411,0.01839229092001915
4684,0.34343594312667847,3.3990134397754446e-05,0.008462859317660332,0.020913366228342056
4685,0.3378601372241974,3.8798036257503554e-05,0.007783819455653429,0.0184676144272089
4686,0.33035755157470703,3.102340269833803e-05,0.008350720629096031,0.02059704065322876
4687,0.32206597924232483,3.360150003572926e-05,0.007830179296433926,0.018696459010243416
4688,0.3144335150718689,2.7726873668143526e-05,0.008198805153369904,0.020088348537683487
4689,0.30872786045074463,2.8701611881842837e-05,0.007923721335828304,0.019081663340330124
4690,0.30587589740753174,2.6710229576565325e-05,0.008036565035581589,0.019517989829182625
4691,0.3062620460987091,2.6639565476216376e-05,0.008048727177083492,0.019578583538532257
4692,0.30973654985427856,2.9120416002115235e-05,0.007890477776527405,0.019009949639439583
4693,0.31568843126296997,2.7933514502365142e-05,0.008180594071745872,0.020100757479667664
4694,0.32317250967025757,3.396437386982143e-05,0.007773870602250099,0.018632180988788605
4695,0.33108147978782654,3.114263017778285e-05,0.008290449157357216,0.0205476526170969
4696,0.3381654918193817,3.88868065783754e-05,0.007691288832575083,0.018398398533463478
4697,0.34335824847221375,3.391741483937949e-05,0.008349877782166004,0.02082071453332901
4698,0.34562233090400696,4.126604471821338e-05,0.0076456391252577305,0.018302347511053085
4699,0.3445478081703186,3.418487176531926e-05,0.008335529826581478,0.020836936309933662
4700,0.34003856778144836,3.949671736336313e-05,0.007642003241926432,0.01834740675985813
4701,0.3328917920589447,3.152346471324563e-05,0.008240673691034317,0.02056264877319336
4702,0.3242967128753662,3.4359713026788086e-05,0.007684655953198671,0.018555300310254097
4703,0.31592631340026855,2.794074134726543e-05,0.008082358166575432,0.02005750685930252
4704,0.3093433380126953,2.8989757993258536e-05,0.00776981096714735,0.01893926039338112
4705,0.30576789379119873,2.6560261176200584e-05,0.00789786409586668,0.01946120522916317
4706,0.30577993392944336,2.6551935661700554e-05,0.007884042337536812,0.019460175186395645
4707,0.3092764616012573,2.8980586648685858e-05,0.007725484203547239,0.01891937293112278
4708,0.315556138753891,2.785977085295599e-05,0.008005647920072079,0.020018702372908592
4709,0.32346901297569275,3.411775469430722e-05,0.00759137375280261,0.01851855032145977
4710,0.3316659927368164,3.1225179554894567e-05,0.008109441958367825,0.02048555389046669
4711,0.3386533260345459,3.910377563443035e-05,0.007506991270929575,0.01828368753194809
4712,0.34321820735931396,3.3832584449555725e-05,0.008166510611772537,0.020738231018185616
4713,0.3443150520324707,4.090116999577731e-05,0.007476701866835356,0.01821107789874077
4714,0.34170591831207275,3.347400706843473e-05,0.00815254170447588,0.020688386633992195
4715,0.33565595746040344,3.8113292248453945e-05,0.007501700893044472,0.01830182410776615
4716,0.3273985981941223,3.0254315788624808e-05,0.008057605475187302,0.020329810678958893
4717,0.31854337453842163,3.239735815441236e-05,0.007577348966151476,0.018571682274341583
4718,0.3109644055366516,2.6984078431269154e-05,0.007899414747953415,0.019765198230743408
4719,0.3061874806880951,2.7589299861574546e-05,0.0076889768242836,0.019019417464733124
4720,0.30511897802352905,2.688821405172348e-05,0.007714997045695782,0.019160909578204155
4721,0.3078634440898895,2.6537309167906642e-05,0.007812476716935635,0.019584091380238533
4722,0.3137807548046112,3.0727860576007515e-05,0.0075433747842907906,0.018654540181159973
4723,0.3216814696788788,2.9019563953625038e-05,0.007921317592263222,0.02014131098985672
4724,0.3300163745880127,3.63207800546661e-05,0.007411716505885124,0.018311617895960808
4725,0.33722323179244995,3.2409672712674364e-05,0.00799067597836256,0.020542213693261147
4726,0.3417813777923584,4.014348814962432e-05,0.007336767390370369,0.018145961686968803
4727,0.3427850902080536,3.3672229619696736e-05,0.008000165224075317,0.020654970780014992
4728,0.33979153633117676,3.9502931031165645e-05,0.007328220177441835,0.01815836876630783
4729,0.3334248661994934,3.153887519147247e-05,0.007937604561448097,0.020422162488102913
4730,0.3249175250530243,3.461966844042763e-05,0.007387466263025999,0.018358806148171425
4731,0.3161783218383789,2.7878872060682625e-05,0.007811121642589569,0.019909735769033432
4732,0.3091018497943878,2.8939239200553857e-05,0.0075025311671197414,0.018751537427306175
4733,0.3052172064781189,2.6340798285673372e-05,0.007648213766515255,0.019288506358861923
4734,0.3052719831466675,2.6322490157326683e-05,0.0076453424990177155,0.019293857738375664
4735,0.3091440796852112,2.8952035791007802e-05,0.007483497727662325,0.01873045600950718
4736,0.3159433603286743,2.7804169803857803e-05,0.007779743988066912,0.019874796271324158
4737,0.3242174983024597,3.4370648791082203e-05,0.007345074787735939,0.018330128863453865
4738,0.3323010802268982,3.1242092518368736e-05,0.007870777510106564,0.020343584939837456
4739,0.3384591042995453,3.906154597643763e-05,0.00725106056779623,0.01811068505048752
4740,0.34143346548080444,3.3299511414952576e-05,0.007892097346484661,0.020551322028040886
4741,0.3403836190700531,3.969622775912285e-05,0.007214948069304228,0.018072498962283134
4742,0.3355313539505005,3.195272438460961e-05,0.007831308990716934,0.02040809951722622
4743,0.3277948796749115,3.560267941793427e-05,0.007244402542710304,0.018227577209472656
4744,0.31898102164268494,2.838151340256445e-05,0.007699341047555208,0.01994544081389904
4745,0.311076283454895,2.975499774038326e-05,0.007336569484323263,0.018587546423077583
4746,0.3058927059173584,2.623827640491072e-05,0.00752998935058713,0.01932353898882866
4747,0.3045324683189392,2.6381967472843826e-05,0.007471512537449598,0.01911771297454834
4748,0.3071884214878082,2.8168520657345653e-05,0.00736412825062871,0.018735913559794426
4749,0.31317704916000366,2.7235342713538557e-05,0.007616275921463966,0.019707078114151955
4750,0.32113388180732727,3.334510256536305e-05,0.007231695111840963,0.018304387107491493
4751,0.3293681740760803,3.053524051210843e-05,0.007731246761977673,0.020198391750454903
4752,0.3360603153705597,3.829056367976591e-05,0.007147407159209251,0.018063805997371674
4753,0.33979469537734985,3.285816637799144e-05,0.0077799782156944275,0.020437417551875114
4754,0.3395679295063019,3.941902832593769e-05,0.007118838839232922,0.018010161817073822
4755,0.3354305624961853,3.1859613955020905e-05,0.007739304099231958,0.020327940583229065
4756,0.32817256450653076,3.570557964849286e-05,0.007148934528231621,0.01814861036837101
4757,0.31953683495521545,2.8420903618098237e-05,0.0076131015084683895,0.01989227719604969
4758,0.31151968240737915,2.991408655361738e-05,0.007232970092445612,0.01849193125963211
4759,0.3060123026371002,2.614595359773375e-05,0.0074355630204081535,0.019282016903162003
4760,0.30422690510749817,2.635046257637441e-05,0.007352779619395733,0.01901310868561268
4761,0.3064667582511902,2.7867859898833558e-05,0.007253433112055063,0.018690332770347595
4762,0.31212300062179565,2.698920070542954e-05,0.00748000992462039,0.019604714587330818
4763,0.3198658525943756,3.29329413943924e-05,0.0071052368730306625,0.018247568979859352
4764,0.3279913365840912,3.0179715395206586e-05,0.0075821466743946075,0.020103400573134422
4765,0.33465686440467834,3.787068999372423e-05,0.0070127504877746105,0.017998548224568367
4766,0.33841776847839355,3.2486339478055015e-05,0.007628697901964188,0.020346129313111305
4767,0.33826473355293274,3.903220931533724e-05,0.0069865882396698,0.017943961545825005
4768,0.33424121141433716,3.153298530378379e-05,0.007598392199724913,0.02023514360189438
4769,0.32713890075683594,3.537823067745194e-05,0.007028635125607252,0.018086152151226997
4770,0.3186943531036377,2.8188107535243034e-05,0.007491160184144974,0.01979822665452957
4771,0.3108934164047241,2.9678338250960223e-05,0.007129206322133541,0.018431777134537697
4772,0.3055993914604187,2.6025751139968634e-05,0.0073327901773154736,0.019192645326256752
4773,0.3039923906326294,2.621281601022929e-05,0.007263117004185915,0.0189499594271183
4774,0.3063420355319977,2.7813126507680863e-05,0.007162683177739382,0.018611028790473938
4775,0.3120083510875702,2.689035864023026e-05,0.007394873537123203,0.0195342767983675
4776,0.3196437954902649,3.2835305319167674e-05,0.0070160082541406155,0.018178284168243408
4777,0.32755106687545776,3.0012022762093693e-05,0.007488586474210024,0.020023714751005173
4778,0.3339206576347351,3.761947664315812e-05,0.006915881298482418,0.017935195937752724
4779,0.3373560607433319,3.2177340472117066e-05,0.007516886107623577,0.02025701105594635
4780,0.3369201123714447,3.860471770167351e-05,0.006877323612570763,0.017884014174342155
4781,0.33273136615753174,3.113488492090255e-05,0.007466387003660202,0.02013736590743065
4782,0.3256402015686035,3.4899589081760496e-05,0.0069070495665073395,0.018030915409326553
4783,0.31739071011543274,2.787478115351405e-05,0.007346041966229677,0.01969592459499836
4784,0.3099290728569031,2.9336306397453882e-05,0.007000329438596964,0.018382582813501358
4785,0.3050386309623718,2.5927582100848667e-05,0.007187354378402233,0.019092746078968048
4786,0.3038009703159332,2.6077401344082318e-05,0.007134886458516121,0.018902147188782692
4787,0.3063991963863373,2.7870966732734814e-05,0.007029379718005657,0.018520593643188477
4788,0.3121423125267029,2.685097570065409e-05,0.0072759403847157955,0.019477620720863342
4789,0.31967177987098694,3.284835838712752e-05,0.006901981309056282,0.01810118928551674
4790,0.32731565833091736,2.989092536154203e-05,0.007383597549051046,0.019949447363615036
4791,0.33332404494285583,3.7413388781715184e-05,0.006821253802627325,0.017871269956231117
4792,0.3363879919052124,3.1883453630143777e-05,0.0074235317297279835,0.0201638825237751
4793,0.335665762424469,3.817716060439125e-05,0.006795397959649563,0.01782960444688797
4794,0.3313429653644562,3.075029235333204e-05,0.007376410532742739,0.02003399282693863
4795,0.324310839176178,3.443123569013551e-05,0.006827282253652811,0.01798119582235813
4796,0.31628572940826416,2.7582102120504715e-05,0.007250283379107714,0.01959487982094288
4797,0.30915138125419617,2.902610503952019e-05,0.006911679171025753,0.018332714214920998
4798,0.30459582805633545,2.581932130851783e-05,0.007080613635480404,0.019002392888069153
4799,0.30360907316207886,2.5951456336770207e-05,0.007030245382338762,0.01884743571281433
4800,0.3063175678253174,2.785841752483975e-05,0.0069121792912483215,0.01844106800854206
4801,0.3120180070400238,2.6770439944812097e-05,0.007154714781790972,0.01941402070224285
4802,0.3193807005882263,3.277049108874053e-05,0.006779259070754051,0.01802883669734001
4803,0.32679277658462524,2.9721071769017726e-05,0.0072524696588516235,0.01987529546022415
4804,0.332572877407074,3.7195291952230036e-05,0.006699854973703623,0.017803706228733063
4805,0.33547958731651306,3.161764470860362e-05,0.00729366997256875,0.02008124627172947
4806,0.334722101688385,3.788944013649598e-05,0.00668205926194787,0.017765900120139122
4807,0.33049771189689636,3.049893530260306e-05,0.007258883211761713,0.019949806854128838
4808,0.3236651122570038,3.421539076953195e-05,0.006725987885147333,0.017918355762958527
4809,0.3158738911151886,2.7432508431957103e-05,0.007151388097554445,0.019518256187438965
4810,0.3089209198951721,2.892995144065935e-05,0.006821933202445507,0.018264010548591614
4811,0.3044237494468689,2.5708894099807367e-05,0.006997913122177124,0.018938330933451653
4812,0.3033454418182373,2.5863260816549882e-05,0.00694656977429986,0.01876664347946644
4813,0.3058314621448517,2.763829252216965e-05,0.0068364799953997135,0.018387459218502045
4814,0.311244398355484,2.6557388991932385e-05,0.007068435661494732,0.019321531057357788
4815,0.318342000246048,3.239525904064067e-05,0.006699710618704557,0.01797831989824772
4816,0.325603187084198,2.939463229267858e-05,0.007156196050345898,0.019780265167355537
4817,0.3314230740070343,3.681523958221078e-05,0.0066083213314414024,0.017748111858963966
4818,0.33458372950553894,3.134926737402566e-05,0.007185324095189571,0.019998587667942047
4819,0.33426201343536377,3.7752368371002376e-05,0.006575357634574175,0.01769867353141308
4820,0.33054956793785095,3.0448722100118175e-05,0.00714371120557189,0.019891414791345596
4821,0.32416772842407227,3.4406471968395635e-05,0.006605667062103748,0.017834946513175964
4822,0.31662365794181824,2.7523217795533128e-05,0.0070376088842749596,0.01948556862771511
4823,0.3096141219139099,2.922536077676341e-05,0.006694194860756397,0.018161160871386528
4824,0.30474281311035156,2.5638290026108734e-05,0.006893392186611891,0.018921146169304848
4825,0.3030411899089813,2.5907498638844118e-05,0.006820180453360081,0.01864522695541382
4826,0.3047962486743927,2.717355891945772e-05,0.0067447093315422535,0.01837179809808731
4827,0.30953773856163025,2.6204421374131925e-05,0.006952103227376938,0.019190194085240364
4828,0.3161923289299011,3.163339351885952e-05,0.006619022227823734,0.017953531816601753
4829,0.3233637511730194,2.8847429348388687e-05,0.007055123336613178,0.019656773656606674
4830,0.3295201063156128,3.617141192080453e-05,0.006532211787998676,0.01770714297890663
4831,0.33341702818870544,3.10135364998132e-05,0.007099411450326443,0.019906776025891304
4832,0.3341144323348999,3.7685920688090846e-05,0.006493906490504742,0.017634203657507896
4833,0.3314853608608246,3.057942376472056e-05,0.007067723665386438,0.01985088735818863
4834,0.3259753882884979,3.500224556773901e-05,0.006508863065391779,0.017737463116645813
4835,0.3188459575176239,2.7894420782104135e-05,0.0069635785184800625,0.019496651366353035
4836,0.31164321303367615,2.9997612728038803e-05,0.0065757352858781815,0.018024051561951637
4837,0.3059849441051483,2.5664663553470746e-05,0.006814041640609503,0.01896091364324093
4838,0.30306750535964966,2.619493352540303e-05,0.00668147811666131,0.018473923206329346
4839,0.3034433126449585,2.6474577680346556e-05,0.006657149642705917,0.018408821895718575
4840,0.30694273114204407,2.5764089514268562e-05,0.006803247611969709,0.019006554037332535
4841,0.3127652108669281,3.0417046218644828e-05,0.006524473428726196,0.017965231090784073
4842,0.3197075426578522,2.8034621209371835e-05,0.00691156554967165,0.019494103267788887
4843,0.3263443112373352,3.5132747143507004e-05,0.006433474365621805,0.017683489248156548
4844,0.33138298988342285,3.050079794775229e-05,0.006977247539907694,0.01980089396238327
4845,0.3337128162384033,3.756210207939148e-05,0.006391777191311121,0.017570728436112404
4846,0.3328821361064911,3.0817576771369204e-05,0.006977180950343609,0.01982714794576168
4847,0.3289242386817932,3.597849718062207e-05,0.006401602644473314,0.017626535147428513
4848,0.32271528244018555,2.8615351766347885e-05,0.006903796456754208,0.019553063437342644
4849,0.3155204951763153,3.1393989047501236e-05,0.006460517644882202,0.017856460064649582
4850,0.3089263439178467,2.5985549655160867e-05,0.00677268672734499,0.019064269959926605
4851,0.30430883169174194,2.6969191821990535e-05,0.006556395906955004,0.018252352252602577
4852,0.30259573459625244,2.5705259758979082e-05,0.006616284605115652,0.018513362854719162
4853,0.3040523827075958,2.541022331570275e-05,0.006668762769550085,0.018757464364171028
4854,0.30830058455467224,2.87135972030228e-05,0.006468814332038164,0.018035566434264183
4855,0.3144530653953552,2.6936428184853867e-05,0.006772370543330908,0.019264638423919678
4856,0.32128214836120605,3.3422864362364635e-05,0.006354211363941431,0.017701145261526108
4857,0.3275071382522583,2.9593515137094073e-05,0.0068435752764344215,0.019645744934678078
4858,0.3318712115287781,3.6973058740841225e-05,0.006286497227847576,0.017527230083942413
4859,0.3335596024990082,3.090375321335159e-05,0.006862958427518606,0.01978854462504387
4860,0.33209872245788574,3.70446068700403e-05,0.00627249525859952,0.01751454919576645
4861,0.3278080224990845,2.963490078400355e-05,0.006819946691393852,0.019637463614344597
4862,0.32146304845809937,3.347735764691606e-05,0.0063133216463029385,0.01766827329993248
4863,0.3144216537475586,2.6885296392720193e-05,0.0067196437157690525,0.019231563434004784
4864,0.3081130385398865,2.8633048714254983e-05,0.006400701589882374,0.017990080639719963
4865,0.3038274943828583,2.5315854145446792e-05,0.006583608221262693,0.018698375672101974
4866,0.3023746609687805,2.5604029360692948e-05,0.006515610963106155,0.018447350710630417
4867,0.3039591312408447,2.681323530850932e-05,0.006441010627895594,0.018183596432209015
4868,0.3081984221935272,2.5775858375709504e-05,0.006631906144320965,0.01895751617848873
4869,0.31423914432525635,3.0932133086025715e-05,0.006315869279205799,0.01778385601937771
4870,0.32096007466316223,2.8138809284428135e-05,0.006722969003021717,0.01940658874809742
4871,0.32710105180740356,3.537411612342112e-05,0.006224294193089008,0.017533238977193832
4872,0.33158203959465027,3.039429611817468e-05,0.006767130456864834,0.0196802020072937
4873,0.3334677815437317,3.748617018572986e-05,0.006175972521305084,0.017435001209378242
4874,0.3324240446090698,3.057088179048151e-05,0.00675044534727931,0.01969427987933159
4875,0.3285052180290222,3.5854165616910905e-05,0.006177548319101334,0.017491212114691734
4876,0.3225160241127014,2.8436574211809784e-05,0.0066727520897984505,0.019430795684456825
4877,0.31557637453079224,3.1426738132722676e-05,0.006230126600712538,0.017711129039525986
4878,0.30910900235176086,2.587416020105593e-05,0.006550339981913567,0.018964316695928574
4879,0.3043651282787323,2.703854079300072e-05,0.006325285416096449,0.018087763339281082
4880,0.302231103181839,2.5397819626959972e-05,0.006411335431039333,0.018431222066283226
4881,0.3030376434326172,2.5206600184901617e-05,0.0064435359090566635,0.018570339307188988
4882,0.3065551221370697,2.7999169105896726e-05,0.006281309761106968,0.01795853301882744
4883,0.31208962202072144,2.6347601306042634e-05,0.006558755878359079,0.01906447671353817
4884,0.3186248242855072,3.2479685614816844e-05,0.006177290342748165,0.01761498674750328
4885,0.32504385709762573,2.890895848395303e-05,0.006643896922469139,0.019458917900919914
4886,0.33017900586128235,3.6384746636031196e-05,0.006107246037572622,0.017418719828128815
4887,0.33316630125045776,3.065489363507368e-05,0.006676152814179659,0.019653990864753723
4888,0.3333390951156616,3.7427122151711956e-05,0.006077359896153212,0.017367716878652573
4889,0.33068352937698364,3.010129148606211e-05,0.006643327418714762,0.01958623342216015
4890,0.3255584239959717,3.485003981040791e-05,0.006091465707868338,0.017465954646468163
4891,0.3189780116081238,2.7627336748992093e-05,0.006548828911036253,0.019263293594121933
4892,0.31215429306030273,3.0174727726262063e-05,0.006149709690362215,0.017721932381391525
4893,0.3064241111278534,2.53951657214202e-05,0.006414382718503475,0.018774865195155144
4894,0.30283719301223755,2.6257956051267684e-05,0.0062430016696453094,0.018123526126146317
4895,0.30200767517089844,2.5616816856199875e-05,0.0062700374983251095,0.01825442723929882
4896,0.30400508642196655,2.5126268155872822e-05,0.006353938952088356,0.018612461164593697
4897,0.30840542912483215,2.875093741749879e-05,0.0061422185972332954,0.017810983583331108
4898,0.31441599130630493,2.6699246518546715e-05,0.006460368167608976,0.019092053174972534
4899,0.3210000991821289,3.330097388243303e-05,0.006045772694051266,0.01749858632683754
4900,0.3270919919013977,2.9263641408761032e-05,0.006538822781294584,0.01945565827190876
4901,0.3316099941730499,3.6857076338492334e-05,0.005987411364912987,0.017328739166259766
4902,0.33382171392440796,3.071515675401315e-05,0.006568094249814749,0.01961064524948597
4903,0.3331944942474365,3.73728180420585e-05,0.0059701185673475266,0.01730019971728325
4904,0.32985538244247437,2.983543890877627e-05,0.006534155923873186,0.01950513944029808
4905,0.32427480816841125,3.44025029335171e-05,0.005994950421154499,0.01741737686097622
4906,0.3175268769264221,2.725337617448531e-05,0.006439154967665672,0.01915736123919487
4907,0.3108246326446533,2.9661940061487257e-05,0.00605887733399868,0.017687411978840828
4908,0.30543240904808044,2.5179311705869623e-05,0.006303567439317703,0.018663376569747925
4909,0.30229881405830383,2.594495890662074e-05,0.00615191925317049,0.01809525489807129
4910,0.30192530155181885,2.5657924197730608e-05,0.006157830357551575,0.018150988966226578
4911,0.30429887771606445,2.5051938791875727e-05,0.0062575568445026875,0.01858232170343399
4912,0.3089486360549927,2.8955073503311723e-05,0.006027868017554283,0.017720123752951622
4913,0.3150760531425476,2.6745752620627172e-05,0.006355818826705217,0.01905580796301365
4914,0.321664959192276,3.35257536789868e-05,0.005929355043917894,0.0174174252897501
4915,0.3276924788951874,2.931273411377333e-05,0.006426995620131493,0.019413189962506294
4916,0.3321147561073303,3.702504909597337e-05,0.00586992921307683,0.017253097146749496
4917,0.33423635363578796,3.0723571398993954e-05,0.006452698726207018,0.019564466550946236
4918,0.3335408866405487,3.748717426788062e-05,0.005853603128343821,0.017227057367563248
4919,0.3301611542701721,2.9818358598276973e-05,0.006420958787202835,0.019457148388028145
4920,0.3245532810688019,3.449112409725785e-05,0.005881812423467636,0.017344510182738304
4921,0.3177706301212311,2.721931377891451e-05,0.006332476623356342,0.01910889893770218
4922,0.3110032081604004,2.9716884455410764e-05,0.005950473248958588,0.01761249639093876
4923,0.305499792098999,2.5097378966165707e-05,0.006204132456332445,0.01861456036567688
4924,0.30221235752105713,2.5920080588548444e-05,0.006047416478395462,0.018016096204519272
4925,0.30165985226631165,2.5487890525255352e-05,0.006062318105250597,0.018101641908288002
4926,0.3038601279258728,2.4917710106819868e-05,0.006154173519462347,0.018499786034226418
4927,0.30837997794151306,2.871515607694164e-05,0.005931732710450888,0.017668597400188446
4928,0.314458429813385,2.6542549676378258e-05,0.006251188926398754,0.018974972888827324
4929,0.3211074769496918,3.331707193865441e-05,0.0058287824504077435,0.017360836267471313
4930,0.3273202180862427,2.9146423912607133e-05,0.006319521460682154,0.019342996180057526
4931,0.33204928040504456,3.699400622281246e-05,0.005762662272900343,0.01718815043568611
4932,0.334567666053772,3.071050741709769e-05,0.00634363479912281,0.01951349712908268
4933,0.334296315908432,3.773311618715525e-05,0.005739347543567419,0.017150772735476494
4934,0.331288605928421,2.997954834427219e-05,0.006312863435596228,0.019429007545113564
4935,0.32590749859809875,3.49453002854716e-05,0.0057618338614702225,0.017256077378988266
4936,0.319150447845459,2.741409480222501e-05,0.006228144746273756,0.019097212702035904
4937,0.31217679381370544,3.0145571145112626e-05,0.005828297231346369,0.017512649297714233
4938,0.30627378821372986,2.5110130081884563e-05,0.006105335894972086,0.018606703728437424
4939,0.30245891213417053,2.608990325825289e-05,0.005927623715251684,0.017908498644828796
4940,0.30135026574134827,2.521380338293966e-05,0.005969377234578133,0.018085885792970657
4941,0.3030603229999542,2.4772281904006377e-05,0.006041050888597965,0.018390297889709473
4942,0.30723267793655396,2.8243130145710893e-05,0.005842528771609068,0.017639627680182457
4943,0.31315746903419495,2.621226303745061e-05,0.00614540372043848,0.018872391432523727
4944,0.3198758363723755,3.2870149880182e-05,0.005739252083003521,0.017318112775683403
4945,0.3263775408267975,2.8855571144958958e-05,0.006219891831278801,0.019257524982094765
4946,0.33158761262893677,3.682152964756824e-05,0.00566815584897995,0.01713138446211815
4947,0.334713339805603,3.065023338422179e-05,0.006246991455554962,0.019455846399068832
4948,0.3350789546966553,3.7972691643517464e-05,0.005636226385831833,0.01707872375845909
4949,0.33262887597084045,3.0182694899849594e-05,0.006217120215296745,0.019402483478188515
4950,0.3276103138923645,3.5505188861861825e-05,0.005649037659168243,0.01716671697795391
4951,0.3209432065486908,2.769394632196054e-05,0.006132091861218214,0.019094694405794144
4952,0.31375637650489807,3.071271567023359e-05,0.005707340314984322,0.01740776002407074
4953,0.3073844909667969,2.5187644496327266e-05,0.006009038537740707,0.018611103296279907
4954,0.30294039845466614,2.6360037736594677e-05,0.0058031389489769936,0.017794182524085045
4955,0.3011634349822998,2.4951616069301963e-05,0.00587301654741168,0.01808127947151661
4956,0.30228421092033386,2.4661756469868124e-05,0.005918476264923811,0.018277056515216827
4957,0.3060339093208313,2.7743062673835084e-05,0.005747130606323481,0.017618179321289062
4958,0.31175801157951355,2.5874014681903645e-05,0.00603081239387393,0.018769174814224243
4959,0.3185146152973175,3.237901910324581e-05,0.00564564811065793,0.017279542982578278
4960,0.32527559995651245,2.8530985218822025e-05,0.00611616438254714,0.01917233131825924
4961,0.3309241831302643,3.658061541500501e-05,0.005575335584580898,0.017078615725040436
4962,0.3345978260040283,3.053033651667647e-05,0.006153884343802929,0.019393352791666985
4963,0.3355333209037781,3.809955524047837e-05,0.0055414908565580845,0.017012879252433777
4964,0.33357906341552734,3.029634171980433e-05,0.00612999964505434,0.019364716485142708
4965,0.328884482383728,3.590721098589711e-05,0.005548671819269657,0.017087994143366814
4966,0.322314590215683,2.788493293337524e-05,0.006044991314411163,0.01907573640346527
4967,0.3149774968624115,3.1131850846577436e-05,0.005599400494247675,0.01731669344007969
4968,0.3082565367221832,2.523378498153761e-05,0.005916923750191927,0.018598679453134537
4969,0.30333974957466125,2.655137359397486e-05,0.005687824450433254,0.017697200179100037
4970,0.3010738492012024,2.4758712243055925e-05,0.005774622783064842,0.018062079325318336
4971,0.3017788231372833,2.4577437216066755e-05,0.0057998294942080975,0.018182720988988876
4972,0.3052545487880707,2.7406922527006827e-05,0.005644458811730146,0.017584869638085365
4973,0.31086933612823486,2.5636234568082727e-05,0.005913263652473688,0.01868619956076145
4974,0.3176787495613098,3.207482222933322e-05,0.0055415211245417595,0.017232825979590416
4975,0.3246225416660309,2.8307153115747496e-05,0.0060047865845263,0.019103368744254112
4976,0.3305390775203705,3.644069147412665e-05,0.0054728309623897076,0.01702241785824299
4977,0.3345126807689667,3.041716990992427e-05,0.006051032338291407,0.019337575882673264
4978,0.3357219696044922,3.8141835830174387e-05,0.005441745277494192,0.016951583325862885
4979,0.3339649438858032,3.028468563570641e-05,0.006035767961293459,0.01931735873222351
4980,0.32935553789138794,3.6039986298419535e-05,0.005452131852507591,0.01702280156314373
4981,0.3227521479129791,2.7881915229954757e-05,0.005955550353974104,0.019031094387173653
4982,0.3152886927127838,3.121354166069068e-05,0.005504051689058542,0.01724972389638424
4983,0.30839061737060547,2.5164483304251917e-05,0.005826897919178009,0.01855139434337616
4984,0.30330711603164673,2.651965587574523e-05,0.0055916388519108295,0.017631281167268753
4985,0.30092811584472656,2.4644925360917114e-05,0.005679423920810223,0.01800946705043316
4986,0.30160170793533325,2.4474335077684373e-05,0.005699860863387585,0.018123725429177284
4987,0.3051270544528961,2.733421206357889e-05,0.005542597267776728,0.01752680167555809
4988,0.3108503520488739,2.5548106350470334e-05,0.005809469148516655,0.0186361875385046
4989,0.3177865445613861,3.209662827430293e-05,0.005435197148472071,0.017170792445540428
4990,0.3248276710510254,2.8261845727683976e-05,0.0058982837945222855,0.019059952348470688
4991,0.33077025413513184,3.650595317594707e-05,0.005365792196244001,0.016960088163614273
4992,0.33466577529907227,3.0360210075741634e-05,0.005944788455963135,0.01929165981709957
4993,0.33568891882896423,3.8121135730762035e-05,0.005338386166840792,0.016892991960048676
4994,0.3336624801158905,3.0126080673653632e-05,0.005931101739406586,0.019259411841630936
4995,0.3287602663040161,3.582219869713299e-05,0.005355016328394413,0.016973162069916725
4996,0.32191431522369385,2.7618367312243208e-05,0.005853308830410242,0.01895551010966301
4997,0.31433525681495667,3.084420313825831e-05,0.005414712242782116,0.017211847007274628
4998,0.30750009417533875,2.4933771783253178e-05,0.005726307164877653,0.01846170239150524
4999,0.302662193775177,2.618259168229997e-05,0.005508660338819027,0.017606690526008606
5000,0.3006814420223236,2.463127748342231e-05,0.005579803604632616,0.017914608120918274
5001,0.301836222410202,2.434759880998172e-05,0.005620279349386692,0.018109146505594254
5002,0.3058363199234009,2.7604077331488952e-05,0.005442544352263212,0.017435958608984947
5003,0.31193724274635315,2.5648205337347463e-05,0.005727504380047321,0.018625721335411072
5004,0.3190704882144928,3.251884118071757e-05,0.005333872511982918,0.01708977110683918
5005,0.3260733485221863,2.8430438760551624e-05,0.005809088237583637,0.019042061641812325
5006,0.33170321583747864,3.679695146274753e-05,0.005264068488031626,0.016891684383153915
5007,0.3350358009338379,3.034470501006581e-05,0.005845016799867153,0.019252285361289978
5008,0.3353089392185211,3.79800985683687e-05,0.005238979123532772,0.016841137781739235
5009,0.33247554302215576,2.9772902053082362e-05,0.005821795202791691,0.01918432116508484
5010,0.3268800377845764,3.517548248055391e-05,0.005262389779090881,0.016942789778113365
5011,0.3196195363998413,2.706325176404789e-05,0.0057380301877856255,0.01884288899600506
5012,0.312030553817749,2.9979411920066923e-05,0.005331530701369047,0.017208540812134743
5013,0.3056138753890991,2.4577262593084015e-05,0.0056106471456587315,0.018325043842196465
5014,0.3015606701374054,2.5575111067155376e-05,0.005435303784906864,0.01762825809419155
5015,0.300578236579895,2.4806880901451223e-05,0.005467998329550028,0.01777634024620056
5016,0.30276018381118774,2.4264734747703187e-05,0.005552893038839102,0.018145177513360977
5017,0.3076360523700714,2.8295358788454905e-05,0.005336700472980738,0.017313780263066292
5018,0.31431031227111816,2.5986530090449378e-05,0.0056607420556247234,0.018656820058822632
5019,0.32159623503685,3.335762448841706e-05,0.005234384443610907,0.016991928219795227
5020,0.3282822370529175,2.8796735932701267e-05,0.005734920967370272,0.019046787172555923
5021,0.3331299126148224,3.7237761716824025e-05,0.005170668940991163,0.016821112483739853
5022,0.3353089392185211,3.0303946914500557e-05,0.005756761413067579,0.019208338111639023
5023,0.33423739671707153,3.76035095541738e-05,0.005152000579982996,0.0168001726269722
5024,0.3301215171813965,2.9166263630031608e-05,0.005715059582144022,0.01908053830265999
5025,0.32359012961387634,3.4035103453788906e-05,0.005182006396353245,0.016937924548983574
5026,0.31595897674560547,2.6253175747115165e-05,0.005615924019366503,0.018686611205339432
5027,0.3086833655834198,2.8689668397419155e-05,0.005258975550532341,0.01724374108016491
5028,0.3032105267047882,2.4222601496148854e-05,0.005481694359332323,0.01814386062324047
5029,0.30055326223373413,2.4844939616741613e-05,0.005369728896766901,0.01769815757870674
5030,0.3011430501937866,2.5306155293947086e-05,0.005342543590813875,0.01760191097855568
5031,0.3047807216644287,2.435997339489404e-05,0.0054923854768276215,0.01822768524289131
5032,0.31073907017707825,2.9452996386680752e-05,0.005221559666097164,0.017168361693620682
5033,0.31794363260269165,2.6586738385958597e-05,0.005599255207926035,0.01872214302420616
5034,0.32509562373161316,3.4517215681262314e-05,0.005132149439305067,0.01688496023416519
5035,0.33098167181015015,2.927074092440307e-05,0.00566537119448185,0.019061697646975517
5036,0.3344390094280243,3.763394488487393e-05,0.005081749986857176,0.016754835844039917
5037,0.3348536789417267,3.0096358386799693e-05,0.0056705777533352375,0.019147561863064766
5038,0.3319486379623413,3.680907320813276e-05,0.005076124332845211,0.016777755692601204
5039,0.3263024389743805,2.8252032279851846e-05,0.005608781706541777,0.01893632300198078
5040,0.3189047873020172,3.238178032916039e-05,0.0051183211617171764,0.01696460321545601
5041,0.3112815022468567,2.5295432351413183e-05,0.005491903983056545,0.01848241686820984
5042,0.30492207407951355,2.7135301934322342e-05,0.00520360516384244,0.017321648076176643
5043,0.30107584595680237,2.407871579634957e-05,0.005349015351384878,0.01792241260409355
5044,0.3004223704338074,2.4222566935350187e-05,0.005317650269716978,0.01781279407441616
5045,0.3029993772506714,2.6269392037647776e-05,0.005210925824940205,0.017403125762939453
5046,0.3082487881183624,2.4754843252594583e-05,0.005437207408249378,0.01834803819656372
5047,0.31516262888908386,3.103765629930422e-05,0.005099926143884659,0.017013344913721085
5048,0.3225121796131134,2.74041904049227e-05,0.005536267999559641,0.018806088715791702
5049,0.32893747091293335,3.577979441615753e-05,0.005026353523135185,0.01678008772432804
5050,0.33331796526908875,2.9669952709809877e-05,0.0055887820199131966,0.019069256260991096
5051,0.3346954584121704,3.768486203625798e-05,0.004995182156562805,0.016702089458703995
5052,0.3328205347061157,2.954810952360276e-05,0.005576124880462885,0.01905149780213833
5053,0.3278709352016449,3.540991747286171e-05,0.005009846296161413,0.01678149402141571
5054,0.3208650052547455,2.7027279429603368e-05,0.005494887474924326,0.018742814660072327
5055,0.31314000487327576,3.027967431989964e-05,0.00506950169801712,0.017030803486704826
5056,0.3062988221645355,2.4395934815402143e-05,0.005364379845559597,0.01823275536298752
5057,0.3016849160194397,2.557760672061704e-05,0.00516629870980978,0.017444463446736336
5058,0.30016306042671204,2.4383138224948198e-05,0.005217047408223152,0.01767309568822384
5059,0.30194297432899475,2.3941231120261364e-05,0.005282001569867134,0.01796664670109749
5060,0.3065977990627289,2.7778869480243884e-05,0.0050837197341024876,0.017194412648677826
5061,0.3132196068763733,2.5510431441944093e-05,0.005393150728195906,0.018489331007003784
5062,0.32056060433387756,3.2903066312428564e-05,0.004983391147106886,0.01686202920973301
5063,0.3273242712020874,2.82995624729665e-05,0.005474146921187639,0.018887178972363472
5064,0.33219361305236816,3.68340770364739e-05,0.004924991633743048,0.01668894663453102
5065,0.334296852350235,2.9775852453894913e-05,0.005503016524016857,0.019046956673264503
5066,0.3330537974834442,3.7110996345290914e-05,0.004913300275802612,0.01667260006070137
5067,0.3287217915058136,2.8562910301843658e-05,0.005465706344693899,0.018908223137259483
5068,0.3220207691192627,3.338192618684843e-05,0.004949852824211121,0.016819598153233528
5069,0.3143604099750519,2.5660976461949758e-05,0.005366754252463579,0.018501564860343933
5070,0.3072650134563446,2.8007432774757035e-05,0.005030359141528606,0.017138583585619926
5071,0.3021864891052246,2.386137202847749e-05,0.005229542497545481,0.017953060567378998
5072,0.3000900149345398,2.436181966913864e-05,0.005140193272382021,0.017606763169169426
5073,0.3013072609901428,2.5326109607703984e-05,0.0050867353565990925,0.017415523529052734
5074,0.3055154085159302,2.4169938114937395e-05,0.005257071927189827,0.01814350299537182
5075,0.31185609102249146,2.9751188776572235e-05,0.0049644713290035725,0.016994833946228027
5076,0.3191516399383545,2.6535082724876702e-05,0.005355659872293472,0.018629467114806175
5077,0.3260316252708435,3.473355536698364e-05,0.004878345411270857,0.016729621216654778
5078,0.3312739133834839,2.902953201555647e-05,0.0054131802171468735,0.018938768655061722
5079,0.3337755501270294,3.7321871786843985e-05,0.004836533218622208,0.016622690483927727
5080,0.333077609539032,2.9403034204733558e-05,0.005411109421402216,0.018975071609020233
5081,0.3291301727294922,3.576866220100783e-05,0.004843547940254211,0.01667463779449463
5082,0.32275497913360596,2.7218760806135833e-05,0.0053447578102350235,0.01871134340763092
5083,0.3151613771915436,3.093426494160667e-05,0.004899702500551939,0.016895918175578117
5084,0.3079545497894287,2.4456494429614395e-05,0.0052274311892688274,0.018225261941552162
5085,0.3025776743888855,2.5950932467821985e-05,0.0049968590028584,0.017285535112023354
5086,0.30008381605148315,2.3961238184710965e-05,0.005088421981781721,0.017665399238467216
5087,0.300883948802948,2.3753640562063083e-05,0.0051161604933440685,0.017795035615563393
5088,0.30473247170448303,2.690911242098082e-05,0.004956644959747791,0.0171719491481781
5089,0.3108406066894531,2.489344660716597e-05,0.005231434945017099,0.018323425203561783
5090,0.3180316090583801,3.1928939279168844e-05,0.004852231126278639,0.016819192096590996
5091,0.32500800490379333,2.761293035291601e-05,0.0053160288371145725,0.018744289875030518
5092,0.3304227888584137,3.616539834183641e-05,0.004785348195582628,0.01662537269294262
5093,0.3333014249801636,2.935250086011365e-05,0.005347264930605888,0.018941670656204224
5094,0.33293017745018005,3.699821172631346e-05,0.004762615542858839,0.01658816449344158
5095,0.32939815521240234,2.8505906811915338e-05,0.005312899127602577,0.018843723461031914
5096,0.3232591450214386,3.373429353814572e-05,0.004788360092788935,0.01671316847205162
5097,0.31581205129623413,2.574630343588069e-05,0.0052176727913320065,0.01846880279481411
5098,0.30853718519210815,2.84243724308908e-05,0.004860747139900923,0.017010126262903214
5099,0.30294448137283325,2.372752351220697e-05,0.005085536278784275,0.017932837828993797
5100,0.30011942982673645,2.4447166651953012e-05,0.004968247842043638,0.017460599541664124
5101,0.30054762959480286,2.478664282534737e-05,0.00494755944237113,0.01739109680056572
5102,0.30405914783477783,2.381053491262719e-05,0.005088756326586008,0.01799110323190689
5103,0.30991441011428833,2.8932328859809786e-05,0.004829122684895992,0.016956893727183342
5104,0.3170064687728882,2.592079181340523e-05,0.005195796024054289,0.018484899774193764
5105,0.32399553060531616,3.395294334040955e-05,0.0047442312352359295,0.01667631044983864
5106,0.3296404480934143,2.8471518817241304e-05,0.005262615624815226,0.018817327916622162
5107,0.3327823281288147,3.690729135996662e-05,0.004699832759797573,0.016553014516830444
5108,0.33284851908683777,2.914138894993812e-05,0.0052686999551951885,0.01888774335384369
5109,0.32965028285980225,3.5856843169312924e-05,0.004699898883700371,0.016586190089583397
5110,0.3238495886325836,2.723871511989273e-05,0.005206621717661619,0.018660709261894226
5111,0.3165237009525299,3.133079007966444e-05,0.004745935555547476,0.016785336658358574
5112,0.3092193305492401,2.447130646032747e-05,0.005090116523206234,0.018199685961008072
5113,0.30340081453323364,2.624415537866298e-05,0.00483239209279418,0.01715298555791378
5114,0.3002220690250397,2.3654880351386964e-05,0.004949051421135664,0.017647134140133858
5115,0.3002412021160126,2.3642780433874577e-05,0.004944175481796265,0.017648151144385338
5116,0.30336514115333557,2.621841849759221e-05,0.0048154680989682674,0.01714562065899372
5117,0.3089316487312317,2.4392298655584455e-05,0.005058671347796917,0.01817530207335949
5118,0.3158622086048126,3.107404336333275e-05,0.0047103953547775745,0.01677803322672844
5119,0.32290181517601013,2.6982361305272207e-05,0.00515014911070466,0.018611181527376175
5120,0.3287133574485779,3.5513196053216234e-05,0.004644015338271856,0.016567250713706017
5121,0.3322638273239136,2.891980875574518e-05,0.005194328725337982,0.01883857510983944
5122,0.33273252844810486,3.684903640532866e-05,0.004620883148163557,0.016511743888258934
5123,0.33004987239837646,2.8432394174160436e-05,0.0051745702512562275,0.01878068596124649
5124,0.32458898425102234,3.409570490475744e-05,0.004643626045435667,0.01661430299282074
5125,0.3174867630004883,2.5864279450615868e-05,0.005090846214443445,0.01844240352511406
5126,0.3101362884044647,2.8931655833730474e-05,0.004710123874247074,0.01688508130609989
5127,0.30406293272972107,2.3642061933060177e-05,0.004962933715432882,0.01792689599096775
5128,0.3004520535469055,2.4639119146740995e-05,0.004809974227100611,0.017311852425336838
5129,0.2999551594257355,2.423351543257013e-05,0.004822632297873497,0.017385302111506462
5130,0.3025819957256317,2.3490001694881357e-05,0.004923779517412186,0.01783059537410736
5131,0.3077590763568878,2.799846333800815e-05,0.004698020406067371,0.01693728007376194
5132,0.3144959807395935,2.525454510760028e-05,0.005027842242270708,0.018331818282604218
5133,0.3215338885784149,3.30200455209706e-05,0.004606093280017376,0.016636233776807785
5134,0.32763445377349854,2.7845169825013727e-05,0.005098472349345684,0.018692703917622566
5135,0.33159518241882324,3.643375384854153e-05,0.004555284511297941,0.016490276902914047
5136,0.33271050453186035,2.89013514702674e-05,0.005115846637636423,0.018809301778674126
5137,0.33059483766555786,3.609104169299826e-05,0.004550098441541195,0.016497548669576645
5138,0.3256850242614746,2.7409312679083087e-05,0.005070212297141552,0.018633445724844933
5139,0.3188403248786926,3.205356188118458e-05,0.004591870587319136,0.016665805131196976
5140,0.31148993968963623,2.4657385438331403e-05,0.004969003144651651,0.018210574984550476
5141,0.3050893545150757,2.6867146516451612e-05,0.004675223492085934,0.0170005913823843
5142,0.30091655254364014,2.3361235435004346e-05,0.004836896900087595,0.01767074689269066
5143,0.2997334599494934,2.367667548242025e-05,0.0047851623967289925,0.017471056431531906
5144,0.3016863465309143,2.5292094505857676e-05,0.004703994374722242,0.01715894788503647
5145,0.30632731318473816,2.380194200668484e-05,0.004899473395198584,0.01799342781305313
5146,0.3127524256706238,2.983400372613687e-05,0.0045928037725389,0.016767699271440506
5147,0.3198015093803406,2.615377161419019e-05,0.004993084352463484,0.018451431766152382
5148,0.3261718153953552,3.455626210779883e-05,0.0045158215798437595,0.01652786135673523
5149,0.3307599425315857,2.8383488825056702e-05,0.005043371580541134,0.018728481605648994
5150,0.3325972557067871,3.671617014333606e-05,0.004479840397834778,0.01643967814743519
5151,0.331358939409256,2.8495556762209162e-05,0.005034381989389658,0.018738213926553726
5152,0.32711103558540344,3.4864187909988686e-05,0.004489369690418243,0.016504421830177307
5153,0.32072681188583374,2.62939756794367e-05,0.004964047111570835,0.018463464453816414
5154,0.3134000301361084,3.004476457135752e-05,0.004544839262962341,0.016732484102249146
5155,0.30664315819740295,2.3780236006132327e-05,0.004848133772611618,0.01798388734459877
5156,0.3017711043357849,2.5288047254434787e-05,0.0046389224007725716,0.01712031103670597
5157,0.29970312118530273,2.3566390154883265e-05,0.004715029615908861,0.017442641779780388
5158,0.3007566034793854,2.325812056369614e-05,0.0047540320083498955,0.017618369311094284
5159,0.30465149879455566,2.6602572688716464e-05,0.004591702949255705,0.01696953736245632
5160,0.31061872839927673,2.43630820477847e-05,0.004865977913141251,0.01812857948243618
5161,0.31754767894744873,3.1507395760854706e-05,0.004495156928896904,0.016632607206702232
5162,0.32423967123031616,2.6924557460006326e-05,0.004949216730892658,0.01853322982788086
5163,0.329440712928772,3.56051059497986e-05,0.004434159956872463,0.016446981579065323
5164,0.33225277066230774,2.8577616831171326e-05,0.004981872625648975,0.018724698573350906
5165,0.33200156688690186,3.64592851838097e-05,0.004413671791553497,0.01641014777123928
5166,0.3287524878978729,2.7825819415738806e-05,0.0049512749537825584,0.01863696426153183
5167,0.3229833245277405,3.339163595228456e-05,0.004437155090272427,0.016526855528354645
5168,0.315875768661499,2.524559386074543e-05,0.004861480090767145,0.01828397996723652
5169,0.30879339575767517,2.8243837732588872e-05,0.0045035602524876595,0.01680735871195793
5170,0.303165465593338,2.326225148863159e-05,0.00473477179184556,0.017771488055586815
5171,0.3000517785549164,2.417935866105836e-05,0.004603360313922167,0.01723637618124485
5172,0.29998427629470825,2.411829336779192e-05,0.004601579159498215,0.01724420115351677
5173,0.30289211869239807,2.321753891010303e-05,0.004718005657196045,0.01774788275361061
5174,0.3081761598587036,2.7977792342426255e-05,0.004486461635679007,0.016812628135085106
5175,0.31486591696739197,2.500364280422218e-05,0.004823603201657534,0.018235566094517708
5176,0.321755588054657,3.2927393476711586e-05,0.004402863327413797,0.01652423106133938
5177,0.32767802476882935,2.751230204012245e-05,0.004895514342933893,0.018583424389362335
5178,0.3314933776855469,3.6238703614799306e-05,0.00435643782839179,0.016385210677981377
5179,0.33254098892211914,2.8515800295281224e-05,0.0049126786179840565,0.018694190308451653
5180,0.3304518759250641,3.588075196603313e-05,0.004350975621491671,0.016393421217799187
5181,0.32564857602119446,2.706276973185595e-05,0.004865629132837057,0.018522411584854126
5182,0.31894055008888245,3.191483847331256e-05,0.004388279281556606,0.0165566336363554
5183,0.31169483065605164,2.4379398382734507e-05,0.0047631352208554745,0.018110666424036026
5184,0.3053062856197357,2.6765916118165478e-05,0.004464928526431322,0.016881417483091354
5185,0.30102023482322693,2.306258465978317e-05,0.004631145391613245,0.0175821203738451
5186,0.29960188269615173,2.3474112822441384e-05,0.004568872973322868,0.01734030805528164
5187,0.3012402355670929,2.4859145923983306e-05,0.004499869421124458,0.0170761626213789
5188,0.3055567145347595,2.3399867131956853e-05,0.0046804058365523815,0.017854757606983185
5189,0.3117198944091797,2.9268856451380998e-05,0.004391617141664028,0.016684262081980705
5190,0.3186510503292084,2.560286520747468e-05,0.0047766175121068954,0.018313579261302948
5191,0.325110524892807,3.402717993594706e-05,0.00431762496009469,0.016438528895378113
5192,0.33001604676246643,2.7879106710315682e-05,0.004834795370697975,0.018604522570967674
5193,0.3323804438114166,3.648050915217027e-05,0.0042829811573028564,0.016339601948857307
5194,0.3317992687225342,2.8236820071469992e-05,0.0048369658179581165,0.01864135079085827
5195,0.3282044529914856,3.5063232644461095e-05,0.004290473647415638,0.01638738624751568
5196,0.3223130404949188,2.627092180773616e-05,0.004776851739734411,0.01839987002313137
5197,0.3151739835739136,3.05007015413139e-05,0.004340313840657473,0.01659155637025833
5198,0.30822938680648804,2.370354013692122e-05,0.004666908644139767,0.017946304753422737
5199,0.30280256271362305,2.5580477085895836e-05,0.004426251631230116,0.01695299707353115
5200,0.2999093234539032,2.3100939870346338e-05,0.004534333944320679,0.017414499074220657
5201,0.3000246286392212,2.3060078092385083e-05,0.004533848725259304,0.017431844025850296
5202,0.30304500460624695,2.568010677350685e-05,0.004407986532896757,0.01693383976817131
5203,0.3083654046058655,2.3689477529842407e-05,0.004642325919121504,0.01794043555855751
5204,0.3150129020214081,3.04139030049555e-05,0.0043068802915513515,0.016578620299696922
5205,0.32186105847358704,2.6112124032806605e-05,0.0047290753573179245,0.01836697943508625
5206,0.32768240571022034,3.4845012123696506e-05,0.004240871407091618,0.016369257122278214
5207,0.33151009678840637,2.8070180633221753e-05,0.00477318000048399,0.01860431581735611
5208,0.33252108097076416,3.646989353001118e-05,0.004214590415358543,0.016304368153214455
5209,0.330552875995636,2.785230753943324e-05,0.004759775009006262,0.018577462062239647
5210,0.3258040249347687,3.418444248382002e-05,0.004231322556734085,0.016386322677135468
5211,0.3192201256752014,2.5547789846314117e-05,0.004687565378844738,0.01828046329319477
5212,0.31200215220451355,2.9262946554808877e-05,0.0042905015870928764,0.016625721007585526
5213,0.3055882155895233,2.322384898434393e-05,0.004572599194943905,0.01779838837683201
5214,0.30118274688720703,2.4680295609869063e-05,0.004384230822324753,0.017016634345054626
5215,0.2995751202106476,2.3299746317206882e-05,0.004442375618964434,0.017269562929868698
5216,0.30098336935043335,2.2851041649118997e-05,0.004495335277169943,0.01750875636935234
5217,0.30507853627204895,2.650037276907824e-05,0.004322408232837915,0.01681366190314293
5218,0.3110920786857605,2.4015711460378952e-05,0.004601897671818733,0.018007531762123108
5219,0.3179554343223572,3.1401898013427854e-05,0.004229014739394188,0.01649036817252636
5220,0.32452669739723206,2.6522091502556577e-05,0.004680817946791649,0.01840175688266754
5221,0.32961609959602356,3.543535422068089e-05,0.004170507192611694,0.01631231978535652
5222,0.33238115906715393,2.8127282348577864e-05,0.0047124275006353855,0.018589245155453682
5223,0.33216598629951477,3.628864942584187e-05,0.004151544533669949,0.016276676207780838
5224,0.3290312886238098,2.741159187280573e-05,0.004684749990701675,0.01850648783147335
5225,0.32340824604034424,3.329417813802138e-05,0.004175306297838688,0.01638878509402275
5226,0.3164164125919342,2.4901499273255467e-05,0.004600968677550554,0.01816481724381447
5227,0.30934709310531616,2.8179041692055762e-05,0.004240755923092365,0.016658861190080643
5228,0.30359193682670593,2.28962380788289e-05,0.004480873234570026,0.017663471400737762
5229,0.3002064824104309,2.3986764063010924e-05,0.004338982980698347,0.017074596136808395
5230,0.2997661530971527,2.3601805878570303e-05,0.004352598916739225,0.017142117023468018
5231,0.30226781964302063,2.277438215969596e-05,0.00445218663662672,0.01757499761879444
5232,0.30719485878944397,2.7297024644212797e-05,0.004239576403051615,0.016709893941879272
5233,0.31366267800331116,2.4343975383089855e-05,0.004557041451334953,0.01806093379855156
5234,0.32053983211517334,3.2245327020063996e-05,0.004154724534600973,0.016415204852819443
5235,0.32670116424560547,2.6838286430574954e-05,0.004630252718925476,0.018422173336148262
5236,0.33101052045822144,3.583936995710246e-05,0.004104445688426495,0.016264455392956734
5237,0.33275294303894043,2.8076141461497173e-05,0.004651911091059446,0.01856306567788124
5238,0.33144477009773254,3.5978118830826133e-05,0.004092788323760033,0.016255076974630356
5239,0.3273422420024872,2.693744499993045e-05,0.004612462129443884,0.018430886790156364
5240,0.32107996940612793,3.2410058338427916e-05,0.004122871905565262,0.016394155099987984
5241,0.3138986825942993,2.432688961562235e-05,0.004518924746662378,0.0180528461933136
5242,0.3071407973766327,2.722425779211335e-05,0.004193246364593506,0.016691237688064575
5243,0.30211347341537476,2.2687810997013003e-05,0.004394304472953081,0.017539065331220627
5244,0.2997181713581085,2.345188840990886e-05,0.004294049460440874,0.01712692528963089
5245,0.30032873153686523,2.3972055714693852e-05,0.004267212934792042,0.017028020694851875
5246,0.3037536144256592,2.2784237444284372e-05,0.004406920168548822,0.017632590606808662
5247,0.3093307614326477,2.8063472200301476e-05,0.004159430041909218,0.01661822572350502
5248,0.3160892724990845,2.466408295731526e-05,0.004508868791162968,0.018104705959558487
5249,0.32285645604133606,3.29841896018479e-05,0.004082050174474716,0.016348974779248238
5250,0.32853347063064575,2.7085960027761757e-05,0.004576638340950012,0.018434295430779457
5251,0.3320493698120117,3.612087311921641e-05,0.004040083847939968,0.016222558915615082
5252,0.3328137993812561,2.795856198645197e-05,0.004590737633407116,0.01853087544441223
5253,0.3305068910121918,3.559113611117937e-05,0.004036718979477882,0.016237221658229828
5254,0.3255789577960968,2.645210042828694e-05,0.004542526323348284,0.018353188410401344
5255,0.3188367486000061,3.154017758788541e-05,0.004074072930961847,0.016401905566453934
5256,0.3116191625595093,2.3815584427211434e-05,0.004441429395228624,0.01794351264834404
5257,0.305280476808548,2.63637430180097e-05,0.0041494606994092464,0.01672424003481865
5258,0.3010297119617462,2.2573769456357695e-05,0.004313252400606871,0.017421463504433632
5259,0.29960429668426514,2.3026661438052543e-05,0.004252207465469837,0.017177484929561615
5260,0.3011891841888428,2.4404656869592145e-05,0.004187289625406265,0.01692223735153675
5261,0.30542248487472534,2.2858985175844282e-05,0.0043636043556034565,0.01768569089472294
5262,0.31151512265205383,2.8821650630561635e-05,0.004083856008946896,0.016534473747015
5263,0.3184279203414917,2.4979917725431733e-05,0.00446117902174592,0.01814214140176773
5264,0.3249601125717163,3.3642783819232136e-05,0.004012604244053364,0.01628922112286091
5265,0.33005017042160034,2.7269968995824456e-05,0.004521829076111317,0.018439052626490593
5266,0.3326979875564575,3.626951001933776e-05,0.003977960906922817,0.016186516731977463
5267,0.3324606120586395,2.775267967081163e-05,0.004527402576059103,0.018490871414542198
5268,0.3291977345943451,3.507414658088237e-05,0.003982744179666042,0.01622537523508072
5269,0.3235475718975067,2.5918214305420406e-05,0.004471363965421915,0.018268771469593048
5270,0.31647464632987976,3.0610513931605965e-05,0.0040283044800162315,0.01641598902642727
5271,0.3093888759613037,2.333799420739524e-05,0.004365390632301569,0.01783035509288311
5272,0.30361852049827576,2.553733065724373e-05,0.004109976813197136,0.01676279865205288
5273,0.3002470135688782,2.2554568204213865e-05,0.004236042499542236,0.01730348728597164
5274,0.29983586072921753,2.2682568669551983e-05,0.004215092398226261,0.01723186857998371
5275,0.30237749218940735,2.4928744096541777e-05,0.00411191675812006,0.016818959265947342
5276,0.3073536157608032,2.2999960492597893e-05,0.004324379377067089,0.01773972436785698
5277,0.31386005878448486,2.9616032406920567e-05,0.004012309946119785,0.01645469106733799
5278,0.32080551981925964,2.5308185286121443e-05,0.0044157239608466625,0.018177755177021027
5279,0.3269737958908081,3.426188777666539e-05,0.003946543671190739,0.016233868896961212
5280,0.3313588798046112,2.741004209383391e-05,0.004467695485800505,0.018438922241330147
5281,0.33305880427360535,3.632096922956407e-05,0.003918536938726902,0.016154754906892776
5282,0.33178800344467163,2.7480940843815915e-05,0.004463426768779755,0.018444472923874855
5283,0.3275980055332184,3.4454067645128816e-05,0.003930963575839996,0.01621859148144722
5284,0.32131388783454895,2.5355007892358117e-05,0.00439888471737504,0.01817825622856617
5285,0.31404995918273926,2.963830775115639e-05,0.003984217997640371,0.016436472535133362
5286,0.3072497248649597,2.2907977836439386e-05,0.00428842194378376,0.017713820561766624
5287,0.3021896779537201,2.4750601369305514e-05,0.004072309471666813,0.016808364540338516
5288,0.29979655146598816,2.264149225084111e-05,0.004159585572779179,0.017185257747769356
5289,0.3004390299320221,2.242424125142861e-05,0.004180932883173227,0.017291363328695297
5290,0.3039199709892273,2.5556564651196823e-05,0.0040394626557827,0.016717562451958656
5291,0.3095698058605194,2.321165993635077e-05,0.004289006814360619,0.017795849591493607
5292,0.3163799047470093,3.0456032618531026e-05,0.00394512340426445,0.016377948224544525
5293,0.32321709394454956,2.5650013412814587e-05,0.0043740663677453995,0.018210971727967262
5294,0.328864723443985,3.4832366509363055e-05,0.0038847187533974648,0.016182849183678627
5295,0.3323926031589508,2.7490714273881167e-05,0.004415309522300959,0.01843223161995411
5296,0.33302056789398193,3.62335704267025e-05,0.003862807061523199,0.01612905226647854
5297,0.330655574798584,2.7113830583402887e-05,0.004398831166327,0.018387649208307266
5298,0.32556623220443726,3.367663157405332e-05,0.003882224205881357,0.016219936311244965
5299,0.3187587559223175,2.4743219910305925e-05,0.004324367269873619,0.018076974898576736
5300,0.3114776909351349,2.8584383471752517e-05,0.003942932467907667,0.01646694913506508
5301,0.30516698956489563,2.253490856674034e-05,0.004209608305245638,0.017588870599865913
5302,0.30100464820861816,2.3994613002287224e-05,0.004037181381136179,0.01686452142894268
5303,0.2997259497642517,2.286384187755175e-05,0.004082068335264921,0.017063181847333908
5304,0.3014862537384033,2.226049400633201e-05,0.004148690961301327,0.0173597764223814
5305,0.30589139461517334,2.6318519303458743e-05,0.003967286087572575,0.016616152599453926
5306,0.31212887167930603,2.3503464035457e-05,0.004255363252013922,0.017856400460004807
5307,0.3190930485725403,3.13472373818513e-05,0.003879851195961237,0.01630415953695774
5308,0.3256312310695648,2.599586696305778e-05,0.004334146622568369,0.01824226602911949
5309,0.33055201172828674,3.532825576257892e-05,0.0038269003853201866,0.01613660529255867
5310,0.33303260803222656,2.7487963961903006e-05,0.004364623222500086,0.018416106700897217
5311,0.33245792984962463,3.596535316319205e-05,0.003812138456851244,0.016110552474856377
5312,0.3289526700973511,2.6631389118847437e-05,0.004334793891757727,0.018316932022571564
5313,0.3230232894420624,3.2708689104765654e-05,0.003838828532025218,0.016231423243880272
5314,0.3158542215824127,2.408627733530011e-05,0.004249183926731348,0.017961254343390465
5315,0.3087873160839081,2.7442685677669942e-05,0.0039060513954609632,0.016510574147105217
5316,0.30321696400642395,2.2244619685807265e-05,0.004129020031541586,0.017454031854867935
5317,0.30016669631004333,2.3285872885026038e-05,0.004005390219390392,0.016934173181653023
5318,0.3001474440097809,2.325918831047602e-05,0.004003522917628288,0.01693594455718994
5319,0.3030804693698883,2.2213513148017228e-05,0.004118774551898241,0.01743907853960991
5320,0.3083745837211609,2.724272053455934e-05,0.0038949560839682817,0.016513975337147713
5321,0.31508463621139526,2.3888829673524015e-05,0.004223167896270752,0.017922556027770042
5322,0.3220243453979492,3.2303469197358936e-05,0.0038158202078193426,0.016232125461101532
5323,0.3280456066131592,2.6346315280534327e-05,0.004294715356081724,0.01827204041182995
5324,0.33200982213020325,3.5741395549848676e-05,0.0037713798228651285,0.01609526015818119
5325,0.33324867486953735,2.7394193239160813e-05,0.004313550423830748,0.018391162157058716
5326,0.3313538432121277,3.550929613993503e-05,0.0037657388020306826,0.016099639236927032
5327,0.32670342922210693,2.6042987883556634e-05,0.004270640201866627,0.01823209598660469
5328,0.3200501501560211,3.156923776259646e-05,0.003801042679697275,0.016254061833024025
5329,0.3127354383468628,2.342190418858081e-05,0.004174338653683662,0.017831964418292046
5330,0.306150883436203,2.626202149258461e-05,0.0038754611741751432,0.01656743511557579
5331,0.30157971382141113,2.2087808247306384e-05,0.004049588460475206,0.017310017719864845
5332,0.2998393177986145,2.267252784804441e-05,0.0039784107357263565,0.017016831785440445
5333,0.3011758029460907,2.3850412617321126e-05,0.00392560288310051,0.016806308180093765
5334,0.30526888370513916,2.2303336663753726e-05,0.004091392271220684,0.01752699539065361
5335,0.3113308548927307,2.8306882086326368e-05,0.0038235194515436888,0.016413787379860878
5336,0.3183024823665619,2.4343771656276658e-05,0.004190999548882246,0.01798989623785019
5337,0.3249495029449463,3.324256977066398e-05,0.003753187134861946,0.01616564393043518
5338,0.33016496896743774,2.6641186195774935e-05,0.004253619350492954,0.018293626606464386
5339,0.3329126238822937,3.596684109652415e-05,0.003718963358551264,0.016061333939433098
5340,0.33272814750671387,2.7148200388182886e-05,0.0042598857544362545,0.01834988035261631
5341,0.3294593393802643,3.4777804103214294e-05,0.003723476780578494,0.016099825501441956
5342,0.32375431060791016,2.532675352995284e-05,0.004203827120363712,0.018127858638763428
5343,0.31661346554756165,3.0234712539822794e-05,0.0037685937713831663,0.01629108190536499
5344,0.3094809055328369,2.2782956875744276e-05,0.004098071251064539,0.01768692396581173
5345,0.3037235736846924,2.5074723453144543e-05,0.0038503531832247972,0.016640422865748405
5346,0.3004361689090729,2.2112431906862184e-05,0.003970562946051359,0.01715834066271782
5347,0.30017518997192383,2.2197946236701682e-05,0.003956734202802181,0.017112234607338905
5348,0.30290496349334717,2.4659568225615658e-05,0.0038498046342283487,0.01667575165629387
5349,0.3080666661262512,2.2541167709277943e-05,0.004067407455295324,0.017621420323848724
5350,0.31470149755477905,2.9486131097655743e-05,0.0037544218357652426,0.01631748676300049
5351,0.32167187333106995,2.4847520762705244e-05,0.0041593569330871105,0.018055111169815063
5352,0.3277229070663452,3.411913348827511e-05,0.00369283533655107,0.016105368733406067
5353,0.33184248208999634,2.6846168111660518e-05,0.004209577571600676,0.018304692581295967
5354,0.33315297961235046,3.596452370402403e-05,0.003668631426990032,0.016036367043852806
5355,0.331434428691864,2.6744199203676544e-05,0.004201723728328943,0.018291421234607697
5356,0.32683461904525757,3.378693145350553e-05,0.003684470895677805,0.01611139252781868
5357,0.3202785551548004,2.453024535498116e-05,0.004133181646466255,0.01800595410168171
5358,0.3129710257053375,2.878036866604816e-05,0.0037404117174446583,0.016342516988515854
5359,0.3063866198062897,2.2245067157200538e-05,0.004020562395453453,0.017530055716633797
5360,0.3017800450325012,2.397108983132057e-05,0.0038302585016936064,0.016727130860090256
5361,0.299993634223938,2.236450745840557e-05,0.003892701119184494,0.017003579065203667
5362,0.3012864589691162,2.190558734582737e-05,0.003939048387110233,0.017217501997947693
5363,0.3053406774997711,2.5671464754850604e-05,0.003776874393224716,0.01654881238937378
5364,0.3113812506198883,2.2916457965038717e-05,0.004046205431222916,0.01771751046180725
5365,0.31831076741218567,3.071543324040249e-05,0.003689163364470005,0.016228148713707924
5366,0.3249565064907074,2.5348652343382128e-05,0.004128235392272472,0.01811322011053562
5367,0.33009570837020874,3.484943590592593e-05,0.0036366486456245184,0.016053592786192894
5368,0.33286064863204956,2.6917237846646458e-05,0.004164128098636866,0.018300039693713188
5369,0.3325822353363037,3.568672764231451e-05,0.003622538410127163,0.01602127030491829
5370,0.3293350040912628,2.618090366013348e-05,0.004140113014727831,0.018214069306850433
5371,0.32358449697494507,3.256105264881626e-05,0.0036491083446890116,0.016135556623339653
5372,0.31649473309516907,2.3711139874649234e-05,0.004058986436575651,0.01786854863166809
5373,0.30940788984298706,2.7292358936392702e-05,0.003715336322784424,0.01640758104622364
5374,0.3037388026714325,2.187372592743486e-05,0.003941225353628397,0.017366839572787285
5375,0.30054840445518494,2.3024873371468857e-05,0.0038128558080643415,0.016825679689645767
5376,0.30038216710090637,2.286541712237522e-05,0.0038161748088896275,0.01685059629380703
5377,0.3031896948814392,2.182005118811503e-05,0.003924196120351553,0.017327668145298958
5378,0.3083917200565338,2.6846781111089513e-05,0.0037074503488838673,0.016428951174020767
5379,0.315041184425354,2.3397753466269933e-05,0.004026615992188454,0.017810644581913948
5380,0.3219453990459442,3.192497024429031e-05,0.003628527745604515,0.016147619113326073
5381,0.32794713973999023,2.580195723567158e-05,0.004097458906471729,0.018159976229071617
5382,0.33189985156059265,3.5377583117224276e-05,0.0035852142609655857,0.01601133868098259
5383,0.3331313133239746,2.683141065062955e-05,0.004117284901440144,0.018278945237398148
5384,0.3312360644340515,3.513934643706307e-05,0.003581166500225663,0.016016356647014618
5385,0.3265979290008545,2.5499633920844644e-05,0.0040770284831523895,0.01811961457133293
5386,0.3199833035469055,3.1184325052890927e-05,0.003618186106905341,0.016170840710401535
5387,0.31273794174194336,2.2946383978705853e-05,0.003983962815254927,0.017721248790621758
5388,0.3062508702278137,2.587677226983942e-05,0.003693812992423773,0.01648334600031376
5389,0.3017946183681488,2.172099266317673e-05,0.003862641751766205,0.01720343716442585
5390,0.3001691997051239,2.2298354451777413e-05,0.003797064535319805,0.01693050190806389
5391,0.3016049265861511,2.359006612095982e-05,0.0037414447870105505,0.016705987975001335
5392,0.3057597577571869,2.1926427507423796e-05,0.003908999264240265,0.017437012866139412
5393,0.31183335185050964,2.810337900882587e-05,0.00364141003228724,0.01632019504904747
5394,0.31875741481781006,2.392718306509778e-05,0.004006171133369207,0.01789405196905136
5395,0.3252882659435272,3.300941170891747e-05,0.0035724639892578125,0.016078555956482887
5396,0.330335408449173,2.6140656700590625e-05,0.004065411631017923,0.018189840018749237
5397,0.3328821063041687,3.56229065801017e-05,0.0035394609440118074,0.015979856252670288
5398,0.3324933350086212,2.6559635443845764e-05,0.004069048445671797,0.01823686622083187
5399,0.3290645480155945,3.4300006518606097e-05,0.0035453173331916332,0.016023240983486176
5400,0.3232833743095398,2.471990228514187e-05,0.004012266639620066,0.018007922917604446
5401,0.31617671251296997,2.9693788746953942e-05,0.0035920615773648024,0.016218481585383415
5402,0.30919021368026733,2.2284119040705264e-05,0.003908789716660976,0.017565418034791946
5403,0.30366677045822144,2.458042035868857e-05,0.003675596322864294,0.01656992919743061
5404,0.3006543219089508,2.1806306904181838e-05,0.0037855051923543215,0.017042409628629684
5405,0.3006598949432373,2.1801548427902162e-05,0.003783121705055237,0.017040271311998367
5406,0.303599089384079,2.4521119485143572e-05,0.0036696947645395994,0.016569657251238823
5407,0.30887681245803833,2.2198906663106754e-05,0.0038936773780733347,0.0175434909760952
5408,0.31551915407180786,2.9397524485830218e-05,0.0035783809144049883,0.016222381964325905
5409,0.32238656282424927,2.446668440825306e-05,0.003983686678111553,0.01796715334057808
5410,0.3282376527786255,3.3942851587198675e-05,0.0035197630058974028,0.016019625589251518
5411,0.332089364528656,2.6352248823968694e-05,0.0040303971618413925,0.01820397935807705
5412,0.3331061899662018,3.5606135497801006e-05,0.0034972187131643295,0.01595822349190712
5413,0.3311263620853424,2.6140131012653e-05,0.004018712323158979,0.018178176134824753
5414,0.3263542354106903,3.326270234538242e-05,0.003513940144330263,0.016039259731769562
5415,0.31975167989730835,2.3925920686451718e-05,0.0039476132951676846,0.01788482442498207
5416,0.3125404119491577,2.8211705284775235e-05,0.003570002969354391,0.01627505198121071
5417,0.3061752915382385,2.1788580852444284e-05,0.0038356101140379906,0.017409170046448708
5418,0.3018629848957062,2.3487118596676737e-05,0.0036600236780941486,0.016661349684000015
5419,0.3003841042518616,2.2121641450212337e-05,0.0037117041647434235,0.016890302300453186
5420,0.30193841457366943,2.1533609469770454e-05,0.00376925989985466,0.017148595303297043
5421,0.3061641752719879,2.557607695052866e-05,0.0036016034428030252,0.016446884721517563
5422,0.3122633993625641,2.2581360099138692e-05,0.0038768339436501265,0.01764034479856491
5423,0.31913450360298157,3.062734685954638e-05,0.003519347868859768,0.01613752357661724
5424,0.3256204128265381,2.4948727514129132e-05,0.003958096262067556,0.01802445389330387
5425,0.3305222988128662,3.4638640499906614e-05,0.003470758907496929,0.015972260385751724
5426,0.3330165445804596,2.6398029149277136e-05,0.003991932142525911,0.018198560923337936
5427,0.33248287439346313,3.5299392038723454e-05,0.0034586722031235695,0.015946706756949425
5428,0.3290479779243469,2.5582436137483455e-05,0.003965035080909729,0.018102487549185753
5429,0.32321563363075256,3.2054580515250564e-05,0.0034856793936342,0.01606546901166439
5430,0.3161677420139313,2.3158141630119644e-05,0.003882064949721098,0.017752882093191147
5431,0.30923551321029663,2.678903183550574e-05,0.0035510279703885317,0.016339745372533798
5432,0.30379626154899597,2.148100975318812e-05,0.003764593042433262,0.01725495047867298
5433,0.30085769295692444,2.260653673147317e-05,0.003646872704848647,0.01675654947757721
5434,0.30091193318367004,2.264440627186559e-05,0.003642396070063114,0.016747772693634033
5435,0.30387061834335327,2.1465290046762675e-05,0.0037567398976534605,0.017253173515200615
5436,0.30913305282592773,2.670801586646121e-05,0.0035381284542381763,0.016336822882294655
5437,0.3157508969306946,2.302674693055451e-05,0.003858718555420637,0.017727285623550415
5438,0.322546124458313,3.175609890604392e-05,0.0034642028622329235,0.016064483672380447
5439,0.328386515378952,2.5349943825858645e-05,0.0039298320189118385,0.01806662045419216
5440,0.3321595788002014,3.510638271109201e-05,0.0034248530864715576,0.015934787690639496
5441,0.33322790265083313,2.6297253498341888e-05,0.00395003380253911,0.018177369609475136
5442,0.3312225937843323,3.477176869637333e-05,0.003423144808039069,0.01594325341284275
5443,0.3265472650527954,2.4953822503448464e-05,0.003909725230187178,0.018014727160334587
5444,0.3199727237224579,3.0785115086473525e-05,0.0034600775688886642,0.01609855331480503
5445,0.31282874941825867,2.247952033940237e-05,0.0038166812155395746,0.017618874087929726
5446,0.3064788579940796,2.550521276134532e-05,0.003533795941621065,0.016408750787377357
5447,0.3021555542945862,2.1371355614974163e-05,0.0036963035818189383,0.017107998952269554
5448,0.3006301522254944,2.1951575035927817e-05,0.0036343333777040243,0.01685076206922531
5449,0.30210986733436584,2.3318814783124253e-05,0.0035772102419286966,0.016618885099887848
5450,0.3062514662742615,2.1552665202762e-05,0.003743950044736266,0.017349984496831894
5451,0.31226739287376404,2.7843501811730675e-05,0.003480051876977086,0.01624007523059845
5452,0.31910842657089233,2.348316957068164e-05,0.0038398941978812218,0.01780042052268982
5453,0.32555851340293884,3.272447065683082e-05,0.003413826460018754,0.016003260388970375
5454,0.3305501341819763,2.5637182261561975e-05,0.0038997263181954622,0.018092291429638863
5455,0.3330879211425781,3.5330624086782336e-05,0.0033830306492745876,0.01590629294514656
5456,0.3327447474002838,2.6056563001475297e-05,0.0039056299719959497,0.018140435218811035
5457,0.32940685749053955,3.4044260246446356e-05,0.003389955498278141,0.01594824716448784
5458,0.3237438201904297,2.428035077173263e-05,0.003852073336020112,0.017917340621352196
5459,0.3167489469051361,2.949144982267171e-05,0.003436353523284197,0.01613812893629074
5460,0.3098314702510834,2.1914069293416105e-05,0.00375165231525898,0.017483847215771675
5461,0.30430740118026733,2.4374221538892016e-05,0.0035177445970475674,0.016481399536132812
5462,0.30121684074401855,2.1446074242703617e-05,0.0036306881811469793,0.016969207674264908
5463,0.3010748028755188,2.149975989595987e-05,0.0036223854403942823,0.016942307353019714
5464,0.30382707715034485,2.4108609068207443e-05,0.0035162351559847593,0.016501815989613533
5465,0.30891770124435425,2.1751236999989487e-05,0.0037302810233086348,0.017438504844903946
5466,0.31541043519973755,2.8935048248968087e-05,0.003425851697102189,0.016156408935785294
5467,0.32220548391342163,2.391237831034232e-05,0.003819522215053439,0.017859971150755882
5468,0.32808834314346313,3.351271152496338e-05,0.0033677322790026665,0.01595224253833294
5469,0.33208727836608887,2.5800636649364606e-05,0.0038679165299981833,0.018102511763572693
5470,0.3333550691604614,3.5324632335687056e-05,0.003345009870827198,0.015886401757597923
5471,0.3316892087459564,2.5703573555801995e-05,0.0038603167049586773,0.018090015277266502
5472,0.32722824811935425,3.318469680380076e-05,0.0033603429328650236,0.01595897600054741
5473,0.3208647072315216,2.3613734811078757e-05,0.0037945867516100407,0.0178141500800848
5474,0.3137527108192444,2.824135299306363e-05,0.0034141000360250473,0.01618237793445587
5475,0.30731630325317383,2.1483068849192932e-05,0.003687772899866104,0.017352724447846413
5476,0.3027655780315399,2.3423295715474524e-05,0.0035017540212720633,0.01655401848256588
5477,0.3009258806705475,2.1677595213986933e-05,0.0035674176178872585,0.016841035336256027
5478,0.3020648956298828,2.1220930648269132e-05,0.0036090470384806395,0.017029333859682083
5479,0.30589741468429565,2.4958953872555867e-05,0.003458760678768158,0.016397500410676003
5480,0.31169891357421875,2.202209725510329e-05,0.0037157393526285887,0.017516151070594788
5481,0.31842783093452454,2.9952474505989812e-05,0.0033760194201022387,0.016083406284451485
5482,0.3249641954898834,2.4290828150697052e-05,0.0037977327592670918,0.01790664903819561
5483,0.33012595772743225,3.41214872605633e-05,0.0033254404552280903,0.01591012254357338
5484,0.3330601155757904,2.5851813916233368e-05,0.003835050854831934,0.018098967149853706
5485,0.3330894410610199,3.513412593747489e-05,0.0033101793378591537,0.01587291620671749
5486,0.3302351236343384,2.527177639422007e-05,0.003814218332991004,0.018030639737844467
5487,0.32488054037094116,3.2249605283141136e-05,0.00333303096704185,0.0159749872982502
5488,0.3180888891220093,2.299100742675364e-05,0.003738542553037405,0.01770879700779915
5489,0.31111618876457214,2.7087195121566765e-05,0.0033939986024051905,0.01622799038887024
5490,0.30533871054649353,2.1189076505834237e-05,0.0036270576529204845,0.017228668555617332
5491,0.3018236458301544,2.265429066028446e-05,0.0034861681051552296,0.01662409119307995
5492,0.30117619037628174,2.2027215891284868e-05,0.0035082779359072447,0.01672498881816864
5493,0.3034348785877228,2.1084353647893295e-05,0.003594708861783147,0.01710743084549904
5494,0.30812734365463257,2.580705586296972e-05,0.003404917661100626,0.016306811943650246
5495,0.3144043982028961,2.231389589724131e-05,0.0036983166355639696,0.017582062631845474
5496,0.3211587965488434,3.084422496613115e-05,0.0033296067267656326,0.016021445393562317
5497,0.32728517055511475,2.459463939885609e-05,0.0037740436382591724,0.017939133569598198
5498,0.3316556215286255,3.455052137724124e-05,0.003286423161625862,0.015875650569796562
5499,0.3335508704185486,2.5804856704780832e-05,0.0038011204451322556,0.018084758892655373
5500,0.3324630558490753,3.481819658190943e-05,0.003278506686910987,0.01586381159722805
5501,0.3286178708076477,2.481548290234059e-05,0.0037693504709750414,0.017965903505682945
5502,0.32259631156921387,3.132222263957374e-05,0.003307910403236747,0.01599287986755371
5503,0.31560078263282776,2.2441632609115914e-05,0.0036845472641289234,0.01760740578174591
5504,0.3089369535446167,2.606674752314575e-05,0.003374547464773059,0.01627274788916111
5505,0.3039003610610962,2.1020650819991715e-05,0.003570048836991191,0.017114222049713135
5506,0.3013976514339447,2.2053885913919657e-05,0.0034705260768532753,0.016688814386725426
5507,0.30182939767837524,2.2449577954830602e-05,0.0034533340949565172,0.01662181131541729
5508,0.30504029989242554,2.1048712369520217e-05,0.003579765558242798,0.017176644876599312
5509,0.31040528416633606,2.6632300432538614e-05,0.003355474444106221,0.01622663252055645
5510,0.31698596477508545,2.2610198357142508e-05,0.003680082270875573,0.017636995762586594
5511,0.3236362934112549,3.162959546898492e-05,0.003286119317635894,0.015967901796102524
5512,0.32927438616752625,2.4837097953422926e-05,0.003748826216906309,0.017962366342544556
5513,0.33283963799476624,3.4858334402088076e-05,0.0032497288193553686,0.015846002846956253
5514,0.333743691444397,2.5697736418806016e-05,0.003766703885048628,0.018063860014081
5515,0.3316468894481659,3.4430802770657465e-05,0.0032483874820172787,0.015857921913266182
5516,0.32696476578712463,2.4357523216167465e-05,0.0037252868060022593,0.017899855971336365
5517,0.3204568326473236,3.0432947824010625e-05,0.0032844864763319492,0.016011197119951248
5518,0.3134220838546753,2.1972724425722845e-05,0.0036336206831038,0.01750975288450718
5519,0.30717599391937256,2.5172132154693827e-05,0.0033561489544808865,0.01631583832204342
5520,0.3029111921787262,2.0952878912794404e-05,0.0035164521541446447,0.017008962109684944
5521,0.3013758957386017,2.158814822905697e-05,0.003454962745308876,0.016748489812016487
5522,0.3027752637863159,2.2921791241969913e-05,0.003401970723643899,0.016528816893696785
5523,0.30678674578666687,2.108097578457091e-05,0.0035636425018310547,0.017238197848200798
5524,0.3126586973667145,2.7413014322519302e-05,0.0033089721109718084,0.01615646295249462
5525,0.3193887174129486,2.289143048983533e-05,0.003660645568743348,0.01768183894455433
5526,0.32580646872520447,3.229933645343408e-05,0.003245858708396554,0.01592116802930832
5527,0.330875426530838,2.500698246876709e-05,0.0037225051783025265,0.01797521859407425
5528,0.3336105942726135,3.502163599478081e-05,0.0032154126092791557,0.015821874141693115
5529,0.3335634469985962,2.5517536414554343e-05,0.003731364384293556,0.018034448847174644
5530,0.3305647373199463,3.394976374693215e-05,0.003220291342586279,0.015855418518185616
5531,0.32520419359207153,2.388641587458551e-05,0.0036810515448451042,0.017830073833465576
5532,0.3183886408805847,2.9549706596299075e-05,0.003262094222009182,0.016032159328460693
5533,0.3114716708660126,2.1566334908129647e-05,0.003583895042538643,0.017414480447769165
5534,0.30574825406074524,2.4375436623813584e-05,0.003338832873851061,0.016358017921447754
5535,0.302287757396698,2.097099059028551e-05,0.0034660182427614927,0.016910308972001076
5536,0.30167150497436523,2.1227944671409205e-05,0.0034398387651890516,0.01680418848991394
5537,0.3039356768131256,2.3427779524354264e-05,0.003354159649461508,0.016444284468889236
5538,0.30861374735832214,2.116327050316613e-05,0.0035476789344102144,0.01729227788746357
5539,0.31485655903816223,2.8151083824923262e-05,0.0032655587419867516,0.016093598678708076
5540,0.3216165006160736,2.3150299966800958e-05,0.003640030976384878,0.01771889440715313
5541,0.3277170956134796,3.2869451388251036e-05,0.0032075857743620872,0.015880394726991653
5542,0.3321729302406311,2.5118533812928945e-05,0.003695170395076275,0.017980249598622322
5543,0.3340877294540405,3.50838563463185e-05,0.0031829301733523607,0.01580127887427807
5544,0.33315038681030273,2.529152152419556e-05,0.0036954840179532766,0.017999999225139618
5545,0.3293518126010895,3.3418509701732546e-05,0.0031935605220496655,0.015855344012379646
5546,0.32344114780426025,2.3426789994118735e-05,0.0036374633200466633,0.017758430913090706
5547,0.31644871830940247,2.8698847017949447e-05,0.0032409450504928827,0.016053924337029457
5548,0.30975961685180664,2.1224175725365058e-05,0.0035355547443032265,0.017321964725852013
5549,0.30462104082107544,2.3662943931412883e-05,0.0033218725584447384,0.01640022173523903
5550,0.30197134613990784,2.106334432028234e-05,0.0034175426699221134,0.016816934570670128
5551,0.3022337853908539,2.0952084014425054e-05,0.0034251597244292498,0.016857320442795753
5552,0.30528247356414795,2.3968092136783525e-05,0.003308756509795785,0.016365839168429375
5553,0.31052547693252563,2.1283573005348444e-05,0.003532026894390583,0.0173422209918499
5554,0.31702855229377747,2.8864520572824404e-05,0.003224993823096156,0.016035733744502068
5555,0.3237173557281494,2.339553611818701e-05,0.003620035480707884,0.017749495804309845
5556,0.3294192850589752,3.3362357498845086e-05,0.003171768272295594,0.0158437080681324
5557,0.33321306109428406,2.5178727810271084e-05,0.0036673848517239094,0.017979217693209648
5558,0.33429616689682007,3.505187123664655e-05,0.0031521087512373924,0.015783987939357758
5559,0.33250242471694946,2.5020997782121412e-05,0.0036591326352208853,0.017959874123334885
5560,0.32799097895622253,3.2828385883476585e-05,0.00316816009581089,0.015858164057135582
5561,0.3216487169265747,2.2971325961407274e-05,0.0035938643850386143,0.01768461987376213
5562,0.3146059811115265,2.7865458832820877e-05,0.003221022430807352,0.016077538952231407
5563,0.30824899673461914,2.094362207571976e-05,0.003488716669380665,0.017230166122317314
5564,0.30375492572784424,2.302362918271683e-05,0.003306038910523057,0.016442477703094482
5565,0.30192774534225464,2.1224041120149195e-05,0.003371017286553979,0.016727782785892487
5566,0.3030262589454651,2.0747775124618784e-05,0.003410981735214591,0.016908464953303337
5567,0.3067810535430908,2.4537537683499977e-05,0.003265663981437683,0.016292158514261246
5568,0.31249484419822693,2.1432977518998086e-05,0.003516362514346838,0.017388178035616875
5569,0.3191629946231842,2.9548658858402632e-05,0.003186314832419157,0.015982775017619133
5570,0.3256937265396118,2.3621783839189447e-05,0.0036000022664666176,0.01777510531246662
5571,0.3309265971183777,3.378596011316404e-05,0.0031383573077619076,0.015810145065188408
5572,0.334017813205719,2.519425834179856e-05,0.0036402009427547455,0.017972111701965332
5573,0.334267258644104,3.493683834676631e-05,0.0031236554495990276,0.015769606456160545
5574,0.3316577672958374,2.4714729079278186e-05,0.0036232396960258484,0.017914945259690285
5575,0.3265071511268616,3.218985875719227e-05,0.0031448439694941044,0.01586327701807022
5576,0.3198307156562805,2.252434569527395e-05,0.003550693392753601,0.017607826739549637
5577,0.3128437101840973,2.703807331272401e-05,0.003202345920726657,0.016104213893413544
5578,0.30691128969192505,2.071831295324955e-05,0.003442293033003807,0.017138594761490822
5579,0.30312395095825195,2.2440966858994216e-05,0.003291436703875661,0.016486532986164093
5580,0.3021358549594879,2.1457948605529964e-05,0.003325863042846322,0.016640154644846916
5581,0.3040508031845093,2.0605062672984786e-05,0.0033979364670813084,0.016960225999355316
5582,0.30845990777015686,2.5153749447781593e-05,0.0032243337482213974,0.01622120290994644
5583,0.31456640362739563,2.161644442821853e-05,0.0035019200295209885,0.01743217557668686
5584,0.321305513381958,3.0228235118556768e-05,0.0031496654264628887,0.015932269394397736
5585,0.3275817930698395,2.3834412786527537e-05,0.003580221440643072,0.01779714599251747
5586,0.3322610557079315,3.414454113226384e-05,0.0031065046787261963,0.015779806300997734
5587,0.3345838785171509,2.51615001616301e-05,0.0036127399653196335,0.01795944571495056
5588,0.33397266268730164,3.472852040431462e-05,0.0030970664229243994,0.015758102759718895
5589,0.33056846261024475,2.436371323710773e-05,0.0035871537402272224,0.017863839864730835
5590,0.3248506486415863,3.148007090203464e-05,0.00312356767244637,0.015872148796916008
5591,0.31795111298561096,2.2083648218540475e-05,0.0035081265959888697,0.0175260491669178
5592,0.31113845109939575,2.6209785573882982e-05,0.003186034969985485,0.016134055331349373
5593,0.3057357966899872,2.0553274225676432e-05,0.0033967311028391123,0.017045190557837486
5594,0.30272430181503296,2.1907768314122222e-05,0.003278256393969059,0.01653369516134262
5595,0.3026004135608673,2.1768455553683452e-05,0.0032817430328577757,0.016553496941924095
5596,0.30530914664268494,2.0522264094324782e-05,0.003385931020602584,0.01701268181204796
5597,0.3103099465370178,2.581414082669653e-05,0.0031843227334320545,0.01615270785987377
5598,0.31671902537345886,2.1825588191859424e-05,0.003487806301563978,0.01747479848563671
5599,0.3234255015850067,3.0891329515725374e-05,0.003114894265308976,0.015884527936577797
5600,0.329346239566803,2.4028257030295208e-05,0.0035609439946711063,0.017814328894019127
5601,0.333389550447464,3.443101741140708e-05,0.003076777793467045,0.01575217954814434
5602,0.334894061088562,2.5078448743443005e-05,0.0035851087886840105,0.017940957099199295
5603,0.3334171772003174,3.442759771132842e-05,0.0030724063981324434,0.015749718993902206
5604,0.32925599813461304,2.3974929717951454e-05,0.0035507066641002893,0.0178065225481987
5605,0.3230561912059784,3.070924140047282e-05,0.0031039915047585964,0.01588478311896324
5606,0.31604689359664917,2.1656434910255484e-05,0.003465201472863555,0.017440393567085266
5607,0.30952903628349304,2.538719490985386e-05,0.0031713731586933136,0.016167858615517616
5608,0.304757297039032,2.0458437575143762e-05,0.003352152183651924,0.016950219869613647
5609,0.30257871747016907,2.1433992515085265e-05,0.0032669478096067905,0.016583243384957314
5610,0.30332475900650024,2.2155214537633583e-05,0.003239146200940013,0.016468288376927376
5611,0.3067875802516937,2.0499001038842835e-05,0.003375049214810133,0.0170652624219656
5612,0.31230276823043823,2.6510260795475915e-05,0.0031460337340831757,0.01608671434223652
5613,0.3189208507537842,2.205514465458691e-05,0.0034741079434752464,0.017515037208795547
5614,0.3254956007003784,3.1528350518783554e-05,0.003081520553678274,0.015839960426092148
5615,0.3309682607650757,2.4196629965445027e-05,0.0035414574667811394,0.017827246338129044
5616,0.33429762721061707,3.464095061644912e-05,0.0030488045886158943,0.0157270897179842
5617,0.33493900299072266,2.494398722774349e-05,0.0035573295317590237,0.017916161566972733
5618,0.3326001465320587,3.403218579478562e-05,0.0030497375410050154,0.015744570642709732
5619,0.3277432322502136,2.3555488951387815e-05,0.0035143624991178513,0.017743190750479698
5620,0.32116419076919556,2.9891132726334035e-05,0.0030865853186696768,0.01590065285563469
5621,0.3141687512397766,2.1256586478557438e-05,0.003422704990953207,0.017351148650050163
5622,0.30806460976600647,2.4586153813288547e-05,0.0031582796946167946,0.01620526798069477
5623,0.3040073812007904,2.0436949853319675e-05,0.0033081837464123964,0.01685503125190735
5624,0.3027006685733795,2.1025221940362826e-05,0.0032568287570029497,0.016634680330753326
5625,0.30430957674980164,2.2616735805058852e-05,0.0031977989710867405,0.0163846667855978
5626,0.3084771931171417,2.0531981135718524e-05,0.0033650717232376337,0.017117980867624283
5627,0.3144315779209137,2.724029400269501e-05,0.0031092343851923943,0.016023073345422745
5628,0.3211621046066284,2.2303889636532404e-05,0.0034610505681484938,0.01755252107977867
5629,0.3275006413459778,3.213755553588271e-05,0.00304979644715786,0.015797777101397514
5630,0.3324255645275116,2.4333981855306774e-05,0.003521551610901952,0.017835617065429688
5631,0.33497312664985657,3.4768432669807225e-05,0.003022302407771349,0.015704983845353127
5632,0.3347267508506775,2.4760442101978697e-05,0.0035290636587888002,0.017885331064462662
5633,0.33155015110969543,3.355226363055408e-05,0.003028733190149069,0.015742357820272446
5634,0.3260704576969147,2.3114131181500852e-05,0.0034776946995407343,0.01767481304705143
5635,0.3192204535007477,2.9037486456218176e-05,0.0030711013823747635,0.015920156612992287
5636,0.31236106157302856,2.08969104278367e-05,0.0033810266759246588,0.017258554697036743
5637,0.3067767024040222,2.3819095076760277e-05,0.0031472931150346994,0.016245730221271515
5638,0.30350857973098755,2.0496154320426285e-05,0.0032653147354722023,0.01675967127084732
5639,0.3031023144721985,2.0682129616034217e-05,0.0032480887603014708,0.016688646748661995
5640,0.30555635690689087,2.315480014658533e-05,0.0031576177570968866,0.01630246825516224
5641,0.31037142872810364,2.0619983843062073e-05,0.003355905879288912,0.017170675098896027
5642,0.31667524576187134,2.7996393328066915e-05,0.0030737004708498716,0.015962133184075356
5643,0.32341325283050537,2.256231164210476e-05,0.003448083996772766,0.017587658017873764
5644,0.32940542697906494,3.270824527135119e-05,0.0030197431333363056,0.015757998451590538
5645,0.33368274569511414,2.4436001694994047e-05,0.003501688130199909,0.017838187515735626
5646,0.3353709578514099,3.4798365959431976e-05,0.0029975257348269224,0.01568591222167015
5647,0.33419984579086304,2.4516841222066432e-05,0.003499834332615137,0.01784718967974186
5648,0.3302103877067566,3.2965668651741e-05,0.0030094904359430075,0.015743987634778023
5649,0.32418593764305115,2.2646125216851942e-05,0.0034401104785501957,0.017598848789930344
5650,0.3171902000904083,2.812995808199048e-05,0.0030572202522307634,0.01594473607838154
5651,0.31060904264450073,2.0577914256136864e-05,0.003338706213980913,0.017161456868052483
5652,0.30567046999931335,2.3078886442817748e-05,0.0031381933949887753,0.016290811821818352
5653,0.30327659845352173,2.0647081328206696e-05,0.0032232801895588636,0.0166626013815403
5654,0.30379781126976013,2.0408369891811162e-05,0.0032411436550319195,0.0167451910674572
5655,0.3070676028728485,2.3769545805407688e-05,0.0031188607681542635,0.016221776604652405
5656,0.31245750188827515,2.076098280667793e-05,0.003347783349454403,0.01722288876771927
5657,0.31900641322135925,2.8771362849511206e-05,0.0030396897345781326,0.015903480350971222
5658,0.3256330192089081,2.2822132450528443e-05,0.0034349989145994186,0.017619440332055092
5659,0.33116498589515686,3.322189877508208e-05,0.0029908777214586735,0.015721427276730537
5660,0.3347044289112091,2.449241219437681e-05,0.0034809953067451715,0.01783485896885395
5661,0.3354836106300354,3.4730343031696975e-05,0.0029743462800979614,0.015669573098421097
5662,0.3333897590637207,2.4221884814323857e-05,0.0034699353855103254,0.01780199259519577
5663,0.3286445736885071,3.229170761187561e-05,0.002992092166095972,0.01574922353029251
5664,0.3221878409385681,2.217378278146498e-05,0.003402368864044547,0.01751706190407276
5665,0.3151826858520508,2.7207717721466906e-05,0.00304526649415493,0.015972880646586418
5666,0.3090110123157501,2.032042175414972e-05,0.00329669495113194,0.017061872407794
5667,0.30481600761413574,2.239067543996498e-05,0.003130269004032016,0.016339480876922607
5668,0.30334413051605225,2.088915789499879e-05,0.003181925741955638,0.016566183418035507
5669,0.3047906458377838,2.0209894501022063e-05,0.0032352879643440247,0.016803061589598656
5670,0.30882588028907776,2.445282370899804e-05,0.00308136735111475,0.01614322140812874
5671,0.3147040009498596,2.094806040986441e-05,0.003340372582897544,0.017274221405386925
5672,0.32138943672180176,2.9554030334111303e-05,0.0030074489768594503,0.015847306698560715
5673,0.32778894901275635,2.3078529920894653e-05,0.0034224409610033035,0.01764684170484543
5674,0.33275529742240906,3.367418685229495e-05,0.0029638130217790604,0.015687458217144012
5675,0.3354775905609131,2.4500923245796002e-05,0.003459794446825981,0.01782563515007496
5676,0.33531591296195984,3.456303238635883e-05,0.002952794311568141,0.01565617136657238
5677,0.3323279023170471,2.388284519838635e-05,0.0034393598325550556,0.017750265076756477
5678,0.32691001892089844,3.154829755658284e-05,0.002976152580231428,0.015757784247398376
5679,0.3201412260532379,2.1709545762860216e-05,0.0033641760237514973,0.017431078478693962
5680,0.3132629096508026,2.6291174435755238e-05,0.003034967929124832,0.016004355624318123
5681,0.3076225817203522,2.0136623788857833e-05,0.0032556182704865932,0.016960827633738518
5682,0.30425140261650085,2.177336318709422e-05,0.0031238917727023363,0.016390083357691765
5683,0.30372145771980286,2.121844227076508e-05,0.0031420665327459574,0.016471976414322853
5684,0.30605289340019226,2.0087449229322374e-05,0.003230102127417922,0.016860248520970345
5685,0.3107658624649048,2.517746906960383e-05,0.0030456127133220434,0.01606825180351734
5686,0.31701570749282837,2.1165918951737694e-05,0.003332932945340872,0.017321627587080002
5687,0.32371264696121216,3.0301143851829693e-05,0.002976794959977269,0.01579541712999344
5688,0.32976552844047546,2.3306580260396004e-05,0.0034093125723302364,0.01766788214445114
5689,0.33406227827072144,3.4026925277430564e-05,0.002938794204965234,0.015656813979148865
5690,0.33589959144592285,2.444306664983742e-05,0.003437826642766595,0.017807863652706146
5691,0.33478161692619324,3.426560215302743e-05,0.002933120122179389,0.015646740794181824
5692,0.3309430181980133,2.3488644728786312e-05,0.0034077498130500317,0.017689978703856468
5693,0.32496050000190735,3.0716852052137256e-05,0.0029622092843055725,0.015770532190799713
5694,0.3180292248725891,2.125739229086321e-05,0.003325457451865077,0.017339017242193222
5695,0.31143447756767273,2.5373126845806837e-05,0.0030262544751167297,0.01604062132537365
5696,0.3064541816711426,2.003182817134075e-05,0.003214792814105749,0.016857871785759926
5697,0.30398252606391907,2.1224595911917277e-05,0.0031192058231681585,0.016443384811282158
5698,0.30441075563430786,2.164045326935593e-05,0.0031033875420689583,0.016378842294216156
5699,0.3075859248638153,2.0036952264490537e-05,0.003226048545911908,0.0169178806245327
5700,0.3128896951675415,2.594829857116565e-05,0.003011516062542796,0.015996070578694344
5701,0.319396048784256,2.141299773938954e-05,0.003325888654217124,0.017365768551826477
5702,0.3259759247303009,3.101812399108894e-05,0.0029477891512215137,0.01574663445353508
5703,0.33156314492225647,2.35040279221721e-05,0.003395494306460023,0.017683302983641624
5704,0.3351047933101654,3.428495256230235e-05,0.0029152415227144957,0.015629470348358154
5705,0.33602508902549744,2.4329334337380715e-05,0.003415079088881612,0.01778280735015869
5706,0.33398184180259705,3.387323522474617e-05,0.002915141871199012,0.015640120953321457
5707,0.3293839395046234,2.3069307644618675e-05,0.0033757295459508896,0.017624441534280777
5708,0.32297268509864807,2.9857335903216153e-05,0.002949776826426387,0.01578591950237751
5709,0.3160261809825897,2.0850015062023886e-05,0.0032874573953449726,0.017245154827833176
5710,0.3098396360874176,2.451309592288453e-05,0.0030187040101736784,0.016078202053904533
5711,0.30559489130973816,2.0011362721561454e-05,0.003175112884491682,0.016757696866989136
5712,0.3040347695350647,2.076744203804992e-05,0.003114783437922597,0.016496166586875916
5713,0.3053732216358185,2.2127205738797784e-05,0.00306658074259758,0.016290390864014626
5714,0.3092987835407257,2.005097303481307e-05,0.003221944672986865,0.016971712931990623
5715,0.31507501006126404,2.6716776119428687e-05,0.002979438751935959,0.01592915691435337
5716,0.32171472907066345,2.1664467567461543e-05,0.003318565431982279,0.01740395836532116
5717,0.3280665874481201,3.166721580782905e-05,0.002920952858403325,0.01570178009569645
5718,0.33310645818710327,2.3657266865484416e-05,0.0033810536842793226,0.01769118756055832
5719,0.33585426211357117,3.443821697146632e-05,0.002893237629905343,0.015605502761900425
5720,0.33586180210113525,2.4160648536053486e-05,0.0033913368824869394,0.017750989645719528
5721,0.33295199275016785,3.339731119922362e-05,0.0028984614182263613,0.01563594676554203
5722,0.32770270109176636,2.2637699657934718e-05,0.0033432897180318832,0.017554055899381638
5723,0.32100003957748413,2.8985567041672766e-05,0.0029384184163063765,0.01580371893942356
5724,0.3141731917858124,2.0494015188887715e-05,0.003249877830967307,0.0171506330370903
5725,0.308499276638031,2.372017115703784e-05,0.0030121179297566414,0.016116363927721977
5726,0.30504098534584045,2.007343209697865e-05,0.0031370960641652346,0.016660282388329506
5727,0.3043808043003082,2.0397819753270596e-05,0.0031107678078114986,0.01654750667512417
5728,0.3065648674964905,2.2662668925477192e-05,0.0030316575430333614,0.01620696671307087
5729,0.3111407458782196,2.011738615692593e-05,0.003217848017811775,0.01702115125954151
5730,0.31727463006973267,2.7470645363791846e-05,0.0029492266476154327,0.015866871923208237
5731,0.32394012808799744,2.1910276700509712e-05,0.003310578176751733,0.017436401918530464
5732,0.32997751235961914,3.224582178518176e-05,0.002895786426961422,0.01566067337989807
5733,0.3344156742095947,2.3769749532220885e-05,0.003366312710568309,0.017692390829324722
5734,0.33635979890823364,3.4507997042965144e-05,0.002872982993721962,0.015583648346364498
5735,0.3354988098144531,2.3955661163199693e-05,0.0033674014266580343,0.017714345827698708
5736,0.331815630197525,3.287879007984884e-05,0.002882995642721653,0.015633409842848778
5737,0.32603690028190613,2.2220279788598418e-05,0.0033114240504801273,0.01748196966946125
5738,0.3191661238670349,2.8150130674475804e-05,0.0029277873691171408,0.015821682289242744
5739,0.312563419342041,2.0201077859383076e-05,0.0032134109642356634,0.01705889217555523
5740,0.3074573278427124,2.301501444890164e-05,0.0030056843534111977,0.01615353487432003
5741,0.3047877550125122,2.020602005359251e-05,0.003101082518696785,0.016567785292863846
5742,0.3049788475036621,2.011514334299136e-05,0.003106926567852497,0.016595015302300453
5743,0.30792275071144104,2.32247566600563e-05,0.002998838433995843,0.016129285097122192
5744,0.31304609775543213,2.022081935137976e-05,0.0032133031636476517,0.017065487802028656
5745,0.3194345235824585,2.819379005813971e-05,0.002921061357483268,0.015809113159775734
5746,0.32603150606155396,2.2142387024359778e-05,0.003302122699096799,0.01746220327913761
5747,0.3316841125488281,3.274632035754621e-05,0.0028722016140818596,0.015623149462044239
5748,0.3354848623275757,2.3836008040234447e-05,0.0033507447224110365,0.01768767461180687
5749,0.33663538098335266,3.449714131420478e-05,0.0028541346546262503,0.015563862398266792
5750,0.33496174216270447,2.3721087927697226e-05,0.003343509044498205,0.017672792077064514
5751,0.33059871196746826,3.232675953768194e-05,0.0028686891309916973,0.015632018446922302
5752,0.32440707087516785,2.182014759455342e-05,0.0032800035551190376,0.017408940941095352
5753,0.3174842596054077,2.7354992198524997e-05,0.0029179700650274754,0.015839550644159317
5754,0.3111923635005951,1.997092113015242e-05,0.003178452607244253,0.016969433054327965
5755,0.30669450759887695,2.239626701339148e-05,0.002999396063387394,0.016188668087124825
5756,0.30479612946510315,2.039288119703997e-05,0.0030666908714920282,0.016481010243296623
5757,0.3057737350463867,1.990538112295326e-05,0.0031026150099933147,0.01663801819086075
5758,0.3093803822994232,2.379326178925112e-05,0.0029682135209441185,0.016057105734944344
5759,0.31494617462158203,2.034756835200824e-05,0.0032082856632769108,0.017103286460042
5760,0.3214911222457886,2.8864218620583415e-05,0.002894866745918989,0.01575622148811817
5761,0.32794520258903503,2.2350264771375805e-05,0.003293195739388466,0.01748102344572544
5762,0.33316996693611145,3.316803486086428e-05,0.002850321587175131,0.015588296577334404
5763,0.3363240361213684,2.3860060537117533e-05,0.0033346277195960283,0.01767694763839245
5764,0.3367050886154175,3.4412314562359825e-05,0.0028363896999508142,0.015546193346381187
5765,0.334275484085083,2.3460852389689535e-05,0.003319248091429472,0.017627300694584846
5766,0.3293192982673645,3.174748053424992e-05,0.0028554180171340704,0.015631617978215218
5767,0.32281559705734253,2.143956044164952e-05,0.003249175613746047,0.01733461394906044
5768,0.3159363567829132,2.6592970243655145e-05,0.002908924361690879,0.015857912600040436
5769,0.31002578139305115,1.9797298591583967e-05,0.0031448095105588436,0.016881633549928665
5770,0.3061659634113312,2.1847912648809142e-05,0.0029938393272459507,0.016222555190324783
5771,0.30502620339393616,2.0632798623410054e-05,0.0030340307857841253,0.01639770343899727
5772,0.3067394196987152,1.9753668311750516e-05,0.0030983099713921547,0.016678335145115852
5773,0.31093382835388184,2.437304829072673e-05,0.0029391637071967125,0.01598910614848137
5774,0.3168502151966095,2.049286376859527e-05,0.003202869324013591,0.01713631860911846
5775,0.323462575674057,2.9493776310118847e-05,0.0028700940310955048,0.015706876292824745
5776,0.3296988606452942,2.2533555238624103e-05,0.003283534198999405,0.017494264990091324
5777,0.33444392681121826,3.3513715607114136e-05,0.0028300094418227673,0.015556002967059612
5778,0.3369326889514923,2.384273466304876e-05,0.0033183542545884848,0.017660120502114296
5779,0.336568146944046,3.425482282182202e-05,0.0028201015666127205,0.015530165284872055
5780,0.33344611525535583,2.317745384061709e-05,0.003294903552159667,0.017577800899744034
5781,0.32799088954925537,3.114425635430962e-05,0.0028431008104234934,0.01563226245343685
5782,0.3212786614894867,2.108213084284216e-05,0.003218738129362464,0.017259085550904274
5783,0.3145328164100647,2.586749178590253e-05,0.002900430466979742,0.015876404941082
5784,0.309062123298645,1.9675939256558195e-05,0.0031121375504881144,0.016796059906482697
5785,0.30585598945617676,2.1365980501286685e-05,0.002988505410030484,0.01625489629805088
5786,0.3054509460926056,2.0917999790981412e-05,0.003003042656928301,0.016317635774612427
5787,0.3078465461730957,1.9653271010611206e-05,0.0030941790901124477,0.016715465113520622
5788,0.31255775690078735,2.4959523216239177e-05,0.00291163451038301,0.015924610197544098
5789,0.31875306367874146,2.0652092644013464e-05,0.003197349375113845,0.017165184020996094
5790,0.3253600597381592,3.009039573953487e-05,0.002846750430762768,0.015659969300031662
5791,0.33131808042526245,2.2696014639222994e-05,0.003273382782936096,0.017502671107649803
5792,0.33554285764694214,3.379518966539763e-05,0.0028106863610446453,0.015525941736996174
5793,0.33735498785972595,2.3790751583874226e-05,0.0033014025539159775,0.01763864792883396
5794,0.33626696467399597,3.404046583455056e-05,0.00280483765527606,0.015515304170548916
5795,0.3325055241584778,2.287877032358665e-05,0.0032704996410757303,0.017524823546409607
5796,0.32662612199783325,3.052029205719009e-05,0.0028317112009972334,0.015634171664714813
5797,0.31979265809059143,2.074848089250736e-05,0.003188835456967354,0.01718233898282051
5798,0.31325897574424744,2.5175146220135503e-05,0.002892842283472419,0.015895096585154533
5799,0.30827972292900085,1.9605506167863496e-05,0.003080445807427168,0.016711801290512085
5800,0.30574315786361694,2.0939962269039825e-05,0.0029834748711436987,0.01628665067255497
5801,0.30604854226112366,2.124258389812894e-05,0.002973353024572134,0.016240714117884636
5802,0.3090673089027405,1.9596580386860296e-05,0.003090207464993,0.016749313101172447
5803,0.31421616673469543,2.5541330614942126e-05,0.00288566155359149,0.015863629058003426
5804,0.3206035792827606,2.0814684830838814e-05,0.0031913991551846266,0.017189230769872665
5805,0.3271327316761017,3.0635856091976166e-05,0.002824893919751048,0.015616032294929028
5806,0.3327617645263672,2.283079993503634e-05,0.0032628988847136497,0.01750529743731022
5807,0.3364502191543579,3.400943387532607e-05,0.00279249157756567,0.015497647225856781
5808,0.33760181069374084,2.3705943021923304e-05,0.00328393024392426,0.017612949013710022
5809,0.3358395993709564,3.3779422665247694e-05,0.0027903469745069742,0.01550158392637968
5810,0.3315172791481018,2.257699270558078e-05,0.003246169537305832,0.01746947690844536
5811,0.32530665397644043,2.990551911352668e-05,0.0028209753800183535,0.015636030584573746
5812,0.3184361457824707,2.0449406292755157e-05,0.0031598566565662622,0.017106790095567703
5813,0.3121716380119324,2.4539207515772432e-05,0.00288564246147871,0.01591256447136402
5814,0.30770406126976013,1.9583851099014282e-05,0.00305052287876606,0.01663060672581196
5815,0.305816650390625,2.0578590920194983e-05,0.002978685311973095,0.0163154024630785
5816,0.30678483843803406,2.1590702090179548e-05,0.002945230109617114,0.016167905181646347
5817,0.31036683917045593,1.9574901671148837e-05,0.0030860297847539186,0.01677958108484745
5818,0.31589096784591675,2.6115254513570108e-05,0.0028610879089683294,0.01580553874373436
5819,0.3224177956581116,2.0979987311875448e-05,0.003185299225151539,0.017209341749548912
5820,0.32882818579673767,3.114815990556963e-05,0.0028040027245879173,0.015574139542877674
5821,0.3341010808944702,2.2948408513912e-05,0.0032522156834602356,0.017504436895251274
5822,0.33724215626716614,3.418454434722662e-05,0.0027753703761845827,0.015470046550035477
5823,0.33774513006210327,2.36034975387156e-05,0.0032665254548192024,0.017584258690476418
5824,0.33534297347068787,3.34920987370424e-05,0.002776617417111993,0.015488369390368462
5825,0.3305071294307709,2.2276472009252757e-05,0.0032220769207924604,0.01741269789636135
5826,0.3240247666835785,2.9297480068635195e-05,0.0028109820559620857,0.015637939795851707
5827,0.3171752095222473,2.0180506908218376e-05,0.003131501143798232,0.017031166702508926
5828,0.3112245202064514,2.3939563106978312e-05,0.002878965809941292,0.015930062159895897
5829,0.3072914481163025,1.9605915440479293e-05,0.0030216267332434654,0.0165509432554245
5830,0.30604955554008484,2.0265702914912254e-05,0.0029745427891612053,0.01634277030825615
5831,0.3076513409614563,2.196995774284005e-05,0.002918615471571684,0.016097167506814003
5832,0.31174567341804504,1.958359825948719e-05,0.0030821289401501417,0.016807381063699722
5833,0.31758010387420654,2.6682331736083142e-05,0.0028379103168845177,0.01575000397861004
5834,0.3241766393184662,2.1144618585822172e-05,0.0031792058143764734,0.01722530461847782
5835,0.33039984107017517,3.161340282531455e-05,0.002784458454698324,0.01553427241742611
5836,0.33525872230529785,2.3033360776025802e-05,0.0032409196719527245,0.017498649656772614
5837,0.33781394362449646,3.428048512432724e-05,0.00275932508520782,0.015444595366716385
5838,0.3376590311527252,2.346030123590026e-05,0.0032485893461853266,0.01754964143037796
5839,0.33464089035987854,3.313112392788753e-05,0.002764196367934346,0.01547690387815237
5840,0.32935193181037903,2.1957228454994038e-05,0.003197561949491501,0.017351102083921432
5841,0.3226779103279114,2.865453643607907e-05,0.0028020006138831377,0.015641942620277405
5842,0.3159348666667938,1.9933928342652507e-05,0.0031032359693199396,0.016952605918049812
5843,0.31037265062332153,2.3356464225798845e-05,0.0028732516802847385,0.01594880409538746
5844,0.3070198595523834,1.9673634596983902e-05,0.0029931918252259493,0.01647097058594227
5845,0.30643612146377563,1.9989744032500312e-05,0.0029709916561841965,0.016370661556720734
5846,0.30865275859832764,2.238706474599894e-05,0.002892919350415468,0.016027312725782394
5847,0.3132191598415375,1.9621968021965586e-05,0.003078785492107272,0.016833672299981117
5848,0.31930994987487793,2.7256173780187964e-05,0.002815714804455638,0.015695830807089806
5849,0.3259197771549225,2.1312429453246295e-05,0.003173229983076453,0.017238833010196686
5850,0.33190786838531494,3.205436223652214e-05,0.0027658783365041018,0.015495376661419868
5851,0.33632493019104004,2.310359377588611e-05,0.0032296115532517433,0.01748967543244362
5852,0.3382847011089325,3.434095560805872e-05,0.002743939170613885,0.015419802628457546
5853,0.33747994899749756,2.3300772227230482e-05,0.0032302606850862503,0.017512664198875427
5854,0.3338814675807953,3.274712435086258e-05,0.0027522628661245108,0.015465850941836834
5855,0.3281940221786499,2.1645366359734908e-05,0.0031731859780848026,0.017287958413362503
5856,0.3213930130004883,2.802502058329992e-05,0.0027935602702200413,0.015646062791347504
5857,0.31481507420539856,1.9722288925549947e-05,0.003075737738981843,0.0168746467679739
5858,0.30967357754707336,2.2817388526163995e-05,0.0028680034447461367,0.01596679911017418
5859,0.30690959095954895,1.9783261450356804e-05,0.0029659648425877094,0.01639271154999733
5860,0.3069647252559662,1.975916893570684e-05,0.0029676752164959908,0.016396740451455116
5861,0.3097558617591858,2.2823835024610162e-05,0.0028682013507932425,0.015960004180669785
5862,0.3147420585155487,1.9683528080349788e-05,0.003075431799516082,0.016857139766216278
5863,0.3210364580154419,2.782024603220634e-05,0.002794624539092183,0.015643509104847908
5864,0.32760879397392273,2.1476113033713773e-05,0.0031670574098825455,0.017249060794711113
5865,0.3333185613155365,3.245856350986287e-05,0.002748176222667098,0.015457920730113983
5866,0.33725705742836,2.3151140339905396e-05,0.0032180664129555225,0.017476761713624
5867,0.3386112153530121,3.4352269722148776e-05,0.00272951927036047,0.015395811758935452
5868,0.3371760845184326,2.3120832338463515e-05,0.0032117313239723444,0.017472323030233383
5869,0.33303922414779663,3.2330113754142076e-05,0.0027410550974309444,0.015455657616257668
5870,0.32700973749160767,2.1337535144994035e-05,0.00314880907535553,0.017222687602043152
5871,0.32014334201812744,2.7397974918130785e-05,0.002785776974633336,0.015650803223252296
5872,0.3137858211994171,1.9542336303857155e-05,0.0030485570896416903,0.016796192154288292
5873,0.3091062009334564,2.2310323402052745e-05,0.0028634159825742245,0.01598515547811985
5874,0.30694642663002014,1.9934850570280105e-05,0.002939683385193348,0.01631527952849865
5875,0.30762621760368347,1.9568826246540993e-05,0.0029649289790540934,0.01642157882452011
5876,0.3109540045261383,2.3281649191631004e-05,0.0028447159565985203,0.015894480049610138
5877,0.3163043260574341,1.976372004719451e-05,0.0030722166411578655,0.01687806099653244
5878,0.32273828983306885,2.8368465791572817e-05,0.002774543594568968,0.015593064948916435
5879,0.32921102643013,2.162992677767761e-05,0.0031605158001184464,0.017255131155252457
5880,0.334591805934906,3.2811334676807746e-05,0.002731267362833023,0.015422213822603226
5881,0.33802327513694763,2.316843529115431e-05,0.0032058171927928925,0.017459554597735405
5882,0.33876487612724304,3.43025749316439e-05,0.0027159019373357296,0.01537304650992155
5883,0.3367176353931427,2.2915619410923682e-05,0.0031927672680467367,0.01742759719491005
5884,0.33208832144737244,3.187086258549243e-05,0.0027306447736918926,0.015446670353412628
5885,0.32578516006469727,2.1032130462117493e-05,0.0031243632547557354,0.017154783010482788
5886,0.31892654299736023,2.677180600585416e-05,0.00277880672365427,0.015656357631087303
5887,0.31285175681114197,1.939632056746632e-05,0.003021871205419302,0.01671704091131687
5888,0.3086732029914856,2.1836945961695164e-05,0.0028593139722943306,0.016003716737031937
5889,0.307125061750412,2.0125484297750518e-05,0.002914136741310358,0.01623898558318615
5890,0.3084157109260559,1.9415216229390353e-05,0.0029627156909555197,0.016445595771074295
5891,0.31224772334098816,2.3764710931573063e-05,0.0028222640976309776,0.01583007723093033
5892,0.3179222047328949,1.9863586203427985e-05,0.0030693684238940477,0.01689746044576168
5893,0.3244537115097046,2.891587973863352e-05,0.0027554375119507313,0.015543722547590733
5894,0.3307885229587555,2.178340218961239e-05,0.003154377918690443,0.017259016633033752
5895,0.335806667804718,3.314451168989763e-05,0.0027152951806783676,0.015386868268251419
5896,0.3387109041213989,2.3172173314378597e-05,0.00319347670301795,0.01744004152715206
5897,0.3388383090496063,3.422405643505044e-05,0.0027028117328882217,0.015350759960711002
5898,0.3361969292163849,2.2702519345330074e-05,0.0031736509408801794,0.017380716279149055
5899,0.3311118185520172,3.1398907594848424e-05,0.0027207485400140285,0.015437858179211617
5900,0.3245813548564911,2.073989890050143e-05,0.003099945606663823,0.0170857273042202
5901,0.31778010725975037,2.6159748813370243e-05,0.0027722951490432024,0.01566237397491932
5902,0.3120291233062744,1.9286508177174255e-05,0.0029957799706608057,0.01663760468363762
5903,0.30837491154670715,2.1398633180069737e-05,0.0028558068443089724,0.01602216251194477
5904,0.307442307472229,2.035557190538384e-05,0.0028893277049064636,0.016163531690835953
5905,0.30932676792144775,1.92954576050397e-05,0.0029608309268951416,0.016468890011310577
5906,0.31362926959991455,2.4269444111268967e-05,0.002800607355311513,0.01576683111488819
5907,0.3195829689502716,1.9980481738457456e-05,0.003066839650273323,0.016914881765842438
5908,0.32616204023361206,2.945562664535828e-05,0.0027370965108275414,0.01549553219228983
5909,0.33231088519096375,2.1930080038146116e-05,0.003148112678900361,0.017260335385799408
5910,0.33693164587020874,3.344514698255807e-05,0.0027000263798981905,0.015352318994700909
5911,0.3392828106880188,2.3156160750659183e-05,0.003180960426107049,0.017417147755622864
5912,0.33878982067108154,3.4101940400432795e-05,0.0026903701946139336,0.015329244546592236
5913,0.3355715572834015,2.2473024728242308e-05,0.0031541946809738874,0.01733090542256832
5914,0.3300704061985016,3.089856909355149e-05,0.0027115405537188053,0.015429962426424026
5915,0.3233690559864044,2.045811925199814e-05,0.0030756378546357155,0.017014259472489357
5916,0.31668490171432495,2.5552699298714288e-05,0.002766481600701809,0.01566934585571289
5917,0.31130826473236084,1.9212006009183824e-05,0.0029700137674808502,0.01655765436589718
5918,0.30820778012275696,2.0992072677472606e-05,0.002853067358955741,0.016040915623307228
5919,0.3078981935977936,2.062786734313704e-05,0.002865311224013567,0.016088252887129784
5920,0.31036141514778137,1.9208586309105158e-05,0.002959506120532751,0.01649182103574276
5921,0.3151048719882965,2.479924660292454e-05,0.0027796654030680656,0.01570451445877552
5922,0.32129693031311035,2.0114595827180892e-05,0.0030646335799247026,0.01693098433315754
5923,0.3278728127479553,2.9993187126819976e-05,0.00271947612054646,0.015448051504790783
5924,0.33378204703330994,2.2070376871852204e-05,0.0031418001744896173,0.017259156331419945
5925,0.33795005083084106,3.3707558031892404e-05,0.002685493789613247,0.015318733640015125
5926,0.3397088944911957,2.3114756913855672e-05,0.003168202005326748,0.017390472814440727
5927,0.3385789692401886,3.392253347556107e-05,0.002678892109543085,0.015308779664337635
5928,0.33479565382003784,2.222134207841009e-05,0.0031343004666268826,0.017276760190725327
5929,0.32891714572906494,3.0350402084877715e-05,0.0027033169753849506,0.015423901379108429
5930,0.32210394740104675,2.01814418687718e-05,0.0030509564094245434,0.016939081251621246
5931,0.3156050443649292,2.4933071472332813e-05,0.0027616778388619423,0.015678521245718002
5932,0.3106657862663269,1.9175857232767157e-05,0.0029442673549056053,0.01647525280714035
5933,0.30816805362701416,2.0606395992217585e-05,0.0028513558208942413,0.01606186293065548
5934,0.30850327014923096,2.0952524209860712e-05,0.002841720823198557,0.016012020409107208
5935,0.31153935194015503,1.9154280380462296e-05,0.00295925117097795,0.016515525057911873
5936,0.31669124960899353,2.5363005988765508e-05,0.002759428694844246,0.015642425045371056
5937,0.3230670690536499,2.0265597413526848e-05,0.003062835428863764,0.016946110874414444
5938,0.3295741677284241,3.052379543078132e-05,0.0027026068419218063,0.015401405282318592
5939,0.3351728916168213,2.2198821170604788e-05,0.003135197563096881,0.017255008220672607
5940,0.3388255834579468,3.391845530131832e-05,0.002671681810170412,0.015286454930901527
5941,0.3399440348148346,2.3039185180095956e-05,0.0031544973608106375,0.01735910400748253
5942,0.3381570875644684,3.3666678064037114e-05,0.002668231725692749,0.015290097333490849
5943,0.33382636308670044,2.1940973965683952e-05,0.0031135096214711666,0.017217062413692474
5944,0.327625036239624,2.974291601276491e-05,0.0026960151735693216,0.015420304611325264
5945,0.3207780718803406,1.9912120478693396e-05,0.0030257159378379583,0.016859350726008415
5946,0.3145480751991272,2.430048698442988e-05,0.0027579679153859615,0.01569041609764099
5947,0.31012091040611267,1.918499947350938e-05,0.0029185032472014427,0.016390206292271614
5948,0.3082710802555084,2.024550485657528e-05,0.0028505437076091766,0.01608501560986042
5949,0.309268981218338,2.133146881533321e-05,0.0028184473048895597,0.015935100615024567
5950,0.31286531686782837,1.9134215108351782e-05,0.0029597615357488394,0.016539983451366425
5951,0.31838440895080566,2.5959390768548474e-05,0.002739843213930726,0.015580597333610058
5952,0.32488691806793213,2.0432384189916775e-05,0.003061407245695591,0.01696011796593666
5953,0.33125603199005127,3.104437200818211e-05,0.002686494030058384,0.015355633571743965
5954,0.3364778459072113,2.2315018213703297e-05,0.003128502517938614,0.017247667536139488
5955,0.33956101536750793,3.408018164918758e-05,0.002658518962562084,0.015255220234394073
5956,0.34001415967941284,2.2934620574233122e-05,0.003140038577839732,0.017323702573776245
5957,0.33757492899894714,3.335168003104627e-05,0.0026582179125398397,0.01527288556098938
5958,0.33272743225097656,2.1644604203174822e-05,0.003091957652941346,0.01715327985584736
5959,0.3262613117694855,2.9098979211994447e-05,0.0026896363124251366,0.015418640337884426
5960,0.3194524645805359,1.9661500118672848e-05,0.0030002749990671873,0.01677652634680271
5961,0.3135654628276825,2.3673512259847485e-05,0.0027553769759833813,0.015704438090324402
5962,0.30970755219459534,1.9244305804022588e-05,0.002893193392083049,0.016303708776831627
5963,0.3085368275642395,1.9920347767765634e-05,0.0028508994728326797,0.016109485179185867
5964,0.3101959824562073,2.1761166863143444e-05,0.0027958303689956665,0.01585828885436058
5965,0.31432580947875977,1.9148061255691573e-05,0.0029608053155243397,0.01656445674598217
5966,0.3201683759689331,2.6580812118481845e-05,0.0027207813691347837,0.015519577078521252
5967,0.3267434537410736,2.0612224034266546e-05,0.0030600435566157103,0.016972731798887253
5968,0.3329199254512787,3.155607919325121e-05,0.0026707551442086697,0.015310589224100113
5969,0.33771345019340515,2.2420605091610923e-05,0.003121345303952694,0.017237963154911995
5970,0.3401881158351898,3.4204014809802175e-05,0.0026459251530468464,0.015224631875753403
5971,0.3399512767791748,2.280828994116746e-05,0.003125064540654421,0.0172848179936409
5972,0.3368677794933319,3.2990090403473005e-05,0.0026487952563911676,0.015256700105965137
5973,0.3315444886684418,2.13413131859852e-05,0.00306992931291461,0.01708620972931385
5974,0.32487744092941284,2.8435881176847033e-05,0.0026838197372853756,0.015418476425111294
5975,0.31818297505378723,1.9439041352597997e-05,0.002974818693473935,0.016691921278834343
5976,0.3127026855945587,2.3070082534104586e-05,0.0027534309774637222,0.015719713643193245
5977,0.30945196747779846,1.9353150491951965e-05,0.002868376672267914,0.016217269003391266
5978,0.3089694082736969,1.9638040612335317e-05,0.00285191903822124,0.0161341093480587
5979,0.311269611120224,2.2231184630072676e-05,0.002774136373773217,0.01578262634575367
5980,0.31588754057884216,1.9193641492165625e-05,0.0029624339658766985,0.016587527468800545
5981,0.3219916522502899,2.7206941012991592e-05,0.002702595666050911,0.01546018198132515
5982,0.3285706639289856,2.0794223019038327e-05,0.003058542963117361,0.01698239892721176
5983,0.33448514342308044,3.202846710337326e-05,0.002655822318047285,0.015267254784703255
5984,0.33879387378692627,2.2499538317788392e-05,0.003113384125754237,0.017224004492163658
5985,0.3406289517879486,3.426167677389458e-05,0.002634006552398205,0.015195582993328571
5986,0.33970072865486145,2.2650154278380796e-05,0.003109236713498831,0.01724131964147091
5987,0.33600446581840515,3.2569012546446174e-05,0.0026401663199067116,0.015242093242704868
5988,0.33026593923568726,2.1031562937423587e-05,0.003047533566132188,0.01701529137790203
5989,0.3234769105911255,2.7754380425903946e-05,0.0026789295952767134,0.015419983305037022
5990,0.3169741928577423,1.92480056284694e-05,0.002949425019323826,0.016605369746685028
5991,0.31196364760398865,2.2489644834422506e-05,0.002752325963228941,0.015736542642116547
5992,0.309358149766922,1.9514336599968374e-05,0.002844130154699087,0.016130641102790833
5993,0.30957213044166565,1.9397282812860794e-05,0.002853692276403308,0.01615932397544384
5994,0.31249335408210754,2.2744061425328255e-05,0.002753184176981449,0.015707913786172867
5995,0.3175600469112396,1.9270244592917152e-05,0.0029644465539604425,0.016609936952590942
5996,0.32387641072273254,2.7848222089232877e-05,0.00268526840955019,0.015401693992316723
5997,0.3304052948951721,2.0983552531106398e-05,0.0030572237446904182,0.016990287229418755
5998,0.3360089659690857,3.2484789699083194e-05,0.0026414277963340282,0.015224630944430828
5999,0.33979371190071106,2.256536390632391e-05,0.0031050797551870346,0.017207583412528038
6000,0.3409673571586609,3.42827734129969e-05,0.0026224832981824875,0.015167088247835636
6001,0.33935657143592834,2.2477159291156568e-05,0.003092727158218622,0.01719527505338192
6002,0.335082471370697,3.212237425032072e-05,0.002631810028105974,0.015228256583213806
6003,0.32898637652397156,2.073076757369563e-05,0.003024865873157978,0.016942886635661125
6004,0.3221414387226105,2.7084384782938287e-05,0.0026744066271930933,0.015422058291733265
6005,0.3158906102180481,1.9096518371952698e-05,0.0029246758203953505,0.01651877909898758
6006,0.3113877773284912,2.1952311726636253e-05,0.0027517369017004967,0.015753421932458878
6007,0.3094389736652374,1.9722410797839984e-05,0.0028208824805915356,0.016045549884438515
6008,0.31032994389533997,1.9203096599085256e-05,0.0028558766935020685,0.016183285042643547
6009,0.31382644176483154,2.3279744709725492e-05,0.002733272034674883,0.01563546434044838
6010,0.3192804753780365,1.9369315850781277e-05,0.0029664309695363045,0.016629645600914955
6011,0.32573527097702026,2.8469568860600702e-05,0.0026687856297940016,0.015345643274486065
6012,0.33214083313941956,2.1162077246117406e-05,0.003055302891880274,0.016993915662169456
6013,0.33737021684646606,3.2880812796065584e-05,0.002627893118187785,0.015183912590146065
6014,0.34058648347854614,2.2595457267016172e-05,0.003095724619925022,0.01718594878911972
6015,0.3410792946815491,3.422307054279372e-05,0.002611669944599271,0.015140519477427006
6016,0.3387969732284546,2.2269390683504753e-05,0.0030751232989132404,0.01714381016790867
6017,0.33399471640586853,3.161124186590314e-05,0.0026241831947118044,0.015216360799968243
6018,0.32761627435684204,2.042707274085842e-05,0.003001391887664795,0.016866367310285568
6019,0.3208039104938507,2.63960610027425e-05,0.002670672722160816,0.015426475554704666
6020,0.3148898184299469,1.8982997062266804e-05,0.002899991814047098,0.016430282965302467
6021,0.3109542429447174,2.1444389858515933e-05,0.0027520726434886456,0.015771659091114998
6022,0.3096869885921478,1.9982206140412018e-05,0.0027983044274151325,0.015960756689310074
6023,0.3112451136112213,1.904973942146171e-05,0.0028587928973138332,0.016207335516810417
6024,0.31528332829475403,2.3849155695643276e-05,0.002714246977120638,0.015564177185297012
6025,0.32106778025627136,1.949214856722392e-05,0.002968716435134411,0.01664770394563675
6026,0.32759374380111694,2.90841289825039e-05,0.0026530122850090265,0.015291144140064716
6027,0.33380991220474243,2.1333682525437325e-05,0.003052755258977413,0.01699453964829445
6028,0.3386077880859375,3.32317576976493e-05,0.0026148585602641106,0.015144556760787964
6029,0.3412209153175354,2.2598705982090905e-05,0.0030854095239192247,0.017160357907414436
6030,0.34103116393089294,3.41054328600876e-05,0.0026012274902313948,0.015115182846784592
6031,0.3381054103374481,2.204208794864826e-05,0.0030566873028874397,0.017088860273361206
6032,0.3328271806240082,3.10651957988739e-05,0.0026171025820076466,0.0152057446539402
6033,0.3262397348880768,2.01357343030395e-05,0.002977917902171612,0.01678752712905407
6034,0.3195348083972931,2.571585719124414e-05,0.002667647320777178,0.015432202257215977
6035,0.3140166997909546,1.8911603547167033e-05,0.002875707345083356,0.016341563314199448
6036,0.3106859028339386,2.0978153770556673e-05,0.0027531336527317762,0.01579025574028492
6037,0.31010305881500244,2.0288074665586464e-05,0.002776692621409893,0.015877291560173035
6038,0.3123007118701935,1.8938499124487862e-05,0.002862128894776106,0.01623026467859745
6039,0.3168300986289978,2.4436496460111812e-05,0.002696129959076643,0.01549503207206726
6040,0.32288986444473267,1.9633149349829182e-05,0.002970924833789468,0.01666337065398693
6041,0.3294338881969452,2.96859179798048e-05,0.00263777794316411,0.01523817703127861
6042,0.33541223406791687,2.1497038687812164e-05,0.0030495277605950832,0.016992410644888878
6043,0.33974215388298035,3.354440923430957e-05,0.0026020740624517202,0.015106385573744774
6044,0.34173163771629333,2.258108179375995e-05,0.003074156353250146,0.017131634056568146
6045,0.3408624231815338,3.3945070754271e-05,0.002591177588328719,0.015090607106685638
6046,0.33732694387435913,2.1804027710459195e-05,0.0030376811046153307,0.017031366005539894
6047,0.33163151144981384,3.0502380468533374e-05,0.002610461786389351,0.015196002088487148
6048,0.3249027729034424,1.9864944988512434e-05,0.0029545961879193783,0.016707533970475197
6049,0.31837159395217896,2.506085547793191e-05,0.0026651667430996895,0.015438378788530827
6050,0.31329628825187683,1.8884778910432942e-05,0.002852273639291525,0.016253652051091194
6051,0.3105863332748413,2.055653567367699e-05,0.0027548116631805897,0.015808947384357452
6052,0.31068065762519836,2.063719875877723e-05,0.002756058704108,0.01579531840980053
6053,0.3134906589984894,1.88660851563327e-05,0.00286599132232368,0.016252368688583374
6054,0.3184681832790375,2.5044806534424424e-05,0.0026787358801811934,0.015427508391439915
6055,0.3247488737106323,1.9790830265264958e-05,0.0029732477851212025,0.016677143052220345
6056,0.33125612139701843,3.0276371035142802e-05,0.002623149659484625,0.015186498872935772
6057,0.336950421333313,2.165330806747079e-05,0.0030458075925707817,0.016987565904855728
6058,0.34078550338745117,3.382411159691401e-05,0.0025895454455167055,0.015069058164954185
6059,0.34214580059051514,2.2546944819623604e-05,0.0030619436874985695,0.017100566998124123
6060,0.3406141400337219,3.375500091351569e-05,0.0025811432860791683,0.015066579915583134
6061,0.33649998903274536,2.156167829525657e-05,0.0030180790927261114,0.016972118988633156
6062,0.3304385542869568,2.99320508929668e-05,0.0026040568482130766,0.015186978504061699
6063,0.3236263692378998,1.961789166671224e-05,0.0029315855354070663,0.016626862809062004
6064,0.31732064485549927,2.4431985366391018e-05,0.002663367660716176,0.015444978140294552
6065,0.312725692987442,1.890223029477056e-05,0.0028297738172113895,0.016166267916560173
6066,0.3106502592563629,2.017923179664649e-05,0.0027571336831897497,0.01582746021449566
6067,0.311408668756485,2.1025056412327103e-05,0.002736393827944994,0.01571502350270748
6068,0.31479591131210327,1.8830387489288114e-05,0.0028701317496597767,0.01627296395599842
6069,0.32016828656196594,2.566216244304087e-05,0.0026620214339345694,0.015362130478024483
6070,0.3266092538833618,1.995753700612113e-05,0.0029748822562396526,0.016688546165823936
6071,0.3330077826976776,3.08359412883874e-05,0.002608981216326356,0.015136675909161568
6072,0.3383428752422333,2.178773684136104e-05,0.0030409195460379124,0.016978347674012184
6073,0.34161052107810974,3.402532820473425e-05,0.002577528590336442,0.015033717267215252
6074,0.3422854542732239,2.246518670290243e-05,0.0030481573194265366,0.017063211649656296
6075,0.340072900056839,3.345793084008619e-05,0.002571958815678954,0.015045213513076305
6076,0.33541133999824524,2.1282194211380556e-05,0.002997057279571891,0.016905570402741432
6077,0.3290517330169678,2.9277340217959136e-05,0.0025987192057073116,0.015181689523160458
6078,0.32225385308265686,1.9375782358110882e-05,0.0029075415804982185,0.016540465876460075
6079,0.31627824902534485,2.37763742916286e-05,0.0026629925705492496,0.015455729328095913
6080,0.31225356459617615,1.8972599718836136e-05,0.0028072327841073275,0.016075219959020615
6081,0.31087395548820496,1.982510912057478e-05,0.0027609847020357847,0.015849310904741287
6082,0.312320351600647,2.1477899281308055e-05,0.0027170751709491014,0.015633681789040565
6083,0.31626957654953003,1.8831440684152767e-05,0.002875435631722212,0.016294993460178375
6084,0.3219916820526123,2.631903043948114e-05,0.002645854139700532,0.01529687363654375
6085,0.3285194933414459,2.014026904362254e-05,0.002976637100800872,0.016699034720659256
6086,0.3347288966178894,3.137972089461982e-05,0.0025950497947633266,0.01508818194270134
6087,0.3396296799182892,2.190529994550161e-05,0.0030349078588187695,0.01696615107357502
6088,0.342274010181427,3.4168311685789376e-05,0.0025658549275249243,0.014999767765402794
6089,0.3422390818595886,2.2352094674715772e-05,0.0030331038869917393,0.017021695151925087
6090,0.3393567204475403,3.309420935693197e-05,0.002563299611210823,0.015025774016976357
6091,0.33419522643089294,2.098969889630098e-05,0.002975399373099208,0.016834933310747147
6092,0.32761573791503906,2.8592927264980972e-05,0.0025943031068891287,0.015178335830569267
6093,0.32092052698135376,1.9161219825036824e-05,0.0028836720157414675,0.01645180583000183
6094,0.31535130739212036,2.313920958840754e-05,0.002663504332304001,0.015468478202819824
6095,0.31194671988487244,1.9095738025498576e-05,0.002785253804177046,0.01598423346877098
6096,0.31127679347991943,1.951509329956025e-05,0.002765681827440858,0.015871703624725342
6097,0.3133913576602936,2.197361391154118e-05,0.002698456170037389,0.015553857199847698
6098,0.31785523891448975,1.8866281607188284e-05,0.002880842424929142,0.01631600596010685
6099,0.32385799288749695,2.6980202164850198e-05,0.002630283124744892,0.015233639627695084
6100,0.3304024338722229,2.0327734091551974e-05,0.002977718599140644,0.016706496477127075
6101,0.3363579511642456,3.1886658689472824e-05,0.0025814026594161987,0.015041403472423553
6102,0.3407762050628662,2.2000338503858075e-05,0.003027566708624363,0.016950346529483795
6103,0.34277474880218506,3.4253163903485984e-05,0.0025543312076479197,0.014967169612646103
6104,0.3420417308807373,2.2214215277926996e-05,0.0030167747754603624,0.01697652041912079
6105,0.33853262662887573,3.2687472412362695e-05,0.002554861595854163,0.01500761229544878
6106,0.33293989300727844,2.069834226858802e-05,0.0029534921050071716,0.01676233485341072
6107,0.32622024416923523,2.791064980556257e-05,0.0025905349757522345,0.015175999142229557
6108,0.31969955563545227,1.898432310554199e-05,0.002860769396647811,0.016362857073545456
6109,0.3145884573459625,2.2544783860212192e-05,0.0026648887433111668,0.015481480397284031
6110,0.31182408332824707,1.926701770571526e-05,0.0027645216323435307,0.01589507982134819
6111,0.3118514120578766,1.9256873201811686e-05,0.0027708401903510094,0.015893056988716125
6112,0.3145924508571625,2.2497184545500204e-05,0.0026808087714016438,0.015476595610380173
6113,0.319515198469162,1.893009539344348e-05,0.0028858960140496492,0.016334878280758858
6114,0.3257407546043396,2.763564043561928e-05,0.0026150401681661606,0.01517275720834732
6115,0.3322465717792511,2.05162195925368e-05,0.0029778103344142437,0.016711212694644928
6116,0.3379010260105133,3.236076736357063e-05,0.0025679178070276976,0.014996014535427094
6117,0.34180086851119995,2.2076137611293234e-05,0.0030189042445272207,0.016931472346186638
6118,0.34313827753067017,3.42885177815333e-05,0.0025429462548345327,0.01493577565997839
6119,0.34171244502067566,2.205614509875886e-05,0.0029995334334671497,0.01692827232182026
6120,0.33761340379714966,3.2242438464891165e-05,0.0025468887761235237,0.014990638941526413
6121,0.3316487669944763,2.0410792785696685e-05,0.002931299153715372,0.01668764464557171
6122,0.3248620629310608,2.7227124519413337e-05,0.0025873917620629072,0.01517518050968647
6123,0.3185878396034241,1.884463199530728e-05,0.0028385338373482227,0.01627367176115513
6124,0.3139823377132416,2.1988489606883377e-05,0.002667204011231661,0.015495187602937222
6125,0.3118755519390106,1.948625867953524e-05,0.0027449456974864006,0.015807384625077248
6126,0.31258487701416016,1.9044924556510523e-05,0.0027768483851104975,0.015913665294647217
6127,0.3159102201461792,2.304627196281217e-05,0.0026641469448804855,0.015401610173285007
6128,0.3212268650531769,1.901907307910733e-05,0.002890779869630933,0.01635122299194336
6129,0.327600359916687,2.8270704206079245e-05,0.0026001175865530968,0.01511444989591837
6130,0.33399301767349243,2.069490437861532e-05,0.00297627504914999,0.016711922362446785
6131,0.33928436040878296,3.2773757993709296e-05,0.0025544820819050074,0.01495278812944889
6132,0.3426315188407898,2.211866740253754e-05,0.0030081875156611204,0.016907965764403343
6133,0.3433111310005188,3.425473551033065e-05,0.0025317040272057056,0.014905953779816628
6134,0.3412345349788666,2.1875210222788155e-05,0.0029812846332788467,0.016876257956027985
6135,0.3366178870201111,3.176462632836774e-05,0.002539333188906312,0.01497475616633892
6136,0.3303662836551666,2.0134921214776114e-05,0.0029094566125422716,0.01661154255270958
6137,0.32359451055526733,2.6563215214991942e-05,0.002584972884505987,0.015174862928688526
6138,0.3176254332065582,1.8744927729130723e-05,0.0028175734914839268,0.016185712069272995
6139,0.3135547637939453,2.1485204342752695e-05,0.0026702764444053173,0.01550807524472475
6140,0.31209826469421387,1.974180486286059e-05,0.0027268549893051386,0.015722865238785744
6141,0.3134481608867645,1.8879936760640703e-05,0.00278297858312726,0.015931999310851097
6142,0.3173002302646637,2.3601582142873667e-05,0.0026485100388526917,0.015329965390264988
6143,0.32295116782188416,1.912641164381057e-05,0.0028949673287570477,0.01636430434882641
6144,0.3294171094894409,2.888166272896342e-05,0.002585644368082285,0.015058552846312523
6145,0.33565405011177063,2.0864321413682774e-05,0.0029732941184192896,0.01670954003930092
6146,0.3405562937259674,3.314519562991336e-05,0.0025410845410078764,0.014910953119397163
6147,0.3433436453342438,2.214254709542729e-05,0.002996159717440605,0.016881564632058144
6148,0.34337368607521057,3.418019332457334e-05,0.00252050650306046,0.014877157285809517
6149,0.34067708253860474,2.1682868464267813e-05,0.0029623396694660187,0.01682228222489357
6150,0.33558809757232666,3.1268598831957206e-05,0.0025323121808469296,0.014959701336920261
6151,0.3291088342666626,1.9874783902196214e-05,0.0028883665800094604,0.01653427444398403
6152,0.3224099278450012,2.5915982405422255e-05,0.002583505120128393,0.015175341628491879
6153,0.3167942762374878,1.8684087990550324e-05,0.0027978112921118736,0.01609831117093563
6154,0.3132838010787964,2.1022882719989866e-05,0.0026743498165160418,0.015521109104156494
6155,0.31247633695602417,2.0039129594806582e-05,0.0027096958365291357,0.01563975214958191
6156,0.3144453167915344,1.8753105905489065e-05,0.0027894065715372562,0.015949752181768417
6157,0.3187808096408844,2.4175402359105647e-05,0.0026331788394600153,0.015260351821780205
6158,0.3247087299823761,1.9251634512329474e-05,0.0028983920346945524,0.016375375911593437
6159,0.33120545744895935,2.9475719202309847e-05,0.002571152290329337,0.015004351735115051
6160,0.3372301161289215,2.1023863155278377e-05,0.002968677319586277,0.016704263165593147
6161,0.34170058369636536,3.346904122736305e-05,0.002527645556256175,0.014870612882077694
6162,0.3439038097858429,2.214093183283694e-05,0.0029826974496245384,0.01685168780386448
6163,0.3432897627353668,3.405220923013985e-05,0.0025096226017922163,0.014849496074020863
6164,0.34000152349472046,2.147356644854881e-05,0.0029429160058498383,0.016765307635068893
6165,0.33449840545654297,3.0742510716663674e-05,0.002525945659726858,0.014946079812943935
6166,0.3278636932373047,1.9628343579825014e-05,0.0028677955269813538,0.01645544357597828
6167,0.32130753993988037,2.528335426177364e-05,0.002583125839009881,0.015176711603999138
6168,0.3160957992076874,1.86619654414244e-05,0.0027791601605713367,0.016011495143175125
6169,0.31316617131233215,2.060119186353404e-05,0.0026792713906615973,0.01553421001881361
6170,0.313000351190567,2.0373227016534656e-05,0.0026933783665299416,0.015558532439172268
6171,0.31555619835853577,1.8664326489670202e-05,0.002795708831399679,0.015966037288308144
6172,0.3203268349170685,2.475903238519095e-05,0.0026179079432040453,0.015193112194538116
6173,0.32647809386253357,1.938963760039769e-05,0.0029004064854234457,0.01638440601527691
6174,0.3329515755176544,3.0048846383579075e-05,0.002556378487497568,0.014951963908970356
6175,0.3387170433998108,2.1172623746679164e-05,0.0029623054433614016,0.016696125268936157
6176,0.34272539615631104,3.3748423447832465e-05,0.002514016581699252,0.014831667765974998
6177,0.3443337678909302,2.211766150139738e-05,0.0029680614825338125,0.01681906171143055
6178,0.3430888056755066,3.3881206036312506e-05,0.0024990940000861883,0.014822914265096188
6179,0.33925071358680725,2.1255651518004015e-05,0.0029236814007163048,0.016706116497516632
6180,0.33339089155197144,3.0201903427951038e-05,0.0025203702971339226,0.014933507889509201
6181,0.32666662335395813,1.9401530153118074e-05,0.0028483879286795855,0.016376079991459846
6182,0.32031071186065674,2.467582089593634e-05,0.002583751454949379,0.015178581699728966
6183,0.31554028391838074,1.8679076674743555e-05,0.0027617590967565775,0.015925832092761993
6184,0.3132014572620392,2.022338958340697e-05,0.002684753853827715,0.015546838752925396
6185,0.31365886330604553,2.0737690647365525e-05,0.002677696291357279,0.01547966618090868
6186,0.31676146388053894,1.8609818653203547e-05,0.00280152284540236,0.015980523079633713
6187,0.3219126760959625,2.534359009587206e-05,0.0026026058476418257,0.015128293074667454
6188,0.32822826504707336,1.9535513274604455e-05,0.002900616265833378,0.016390670090913773
6189,0.33462536334991455,3.058969014091417e-05,0.0025412370450794697,0.014901586808264256
6190,0.34008851647377014,2.1305180780473165e-05,0.0029537915252149105,0.016684725880622864
6191,0.34360209107398987,3.3974123653024435e-05,0.0025003112386912107,0.014794192276895046
6192,0.34460482001304626,2.206681892857887e-05,0.0029520844109356403,0.016783084720373154
6193,0.3427446782588959,3.3655844163149595e-05,0.0024890445638448,0.014797799289226532
6194,0.3383960425853729,2.1024616216891445e-05,0.00290464935824275,0.0166439488530159
6195,0.33224236965179443,2.963638871733565e-05,0.0025158915668725967,0.014922462403774261
6196,0.32549595832824707,1.9191487808711827e-05,0.0028300294652581215,0.016295496374368668
6197,0.3194001019001007,2.4082564777927473e-05,0.0025857207365334034,0.015181643888354301
6198,0.3151109516620636,1.8735283447313122e-05,0.0027454316150397062,0.01584045961499214
6199,0.31337812542915344,1.9881474145222455e-05,0.002690935740247369,0.015559784136712551
6200,0.31444910168647766,2.1136555005796254e-05,0.0026623872108757496,0.01540242601186037
6201,0.3180643618106842,1.858585346781183e-05,0.002806716365739703,0.01599419303238392
6202,0.32354849576950073,2.5936598831322044e-05,0.002586935181170702,0.015065229497849941
6203,0.32997357845306396,1.9689401597133838e-05,0.0028989575803279877,0.016395047307014465
6204,0.3362397849559784,3.110456236754544e-05,0.0025256432127207518,0.014852868393063545
6205,0.34135064482688904,2.1422049030661583e-05,0.0029433979652822018,0.016670413315296173
6206,0.3443356156349182,3.414730599615723e-05,0.0024867744650691748,0.014758093282580376
6207,0.34471940994262695,2.1990232198731974e-05,0.0029354477301239967,0.016743579879403114
6208,0.3422586917877197,3.3375254133716226e-05,0.0024798952508717775,0.014774274080991745
6209,0.3374435305595398,2.0782652427442372e-05,0.0028862773906439543,0.016578778624534607
6210,0.33105525374412537,2.9045515475445427e-05,0.00251295929774642,0.014913059771060944
6211,0.3243544399738312,1.900115967146121e-05,0.0028128433041274548,0.016213353723287582
6212,0.31857937574386597,2.3503122065449134e-05,0.0025890737306326628,0.015186159871518612
6213,0.314812034368515,1.8832204659702256e-05,0.002729816362261772,0.015755468979477882
6214,0.3136964440345764,1.9575634723878466e-05,0.002697643591091037,0.01557304710149765
6215,0.31536346673965454,2.156749542336911e-05,0.002646870445460081,0.015326808206737041
6216,0.31945571303367615,1.859052099462133e-05,0.0028107361868023872,0.016006961464881897
6217,0.32522380352020264,2.6534919015830383e-05,0.0025706628803163767,0.015003878623247147
6218,0.33170604705810547,1.984947084565647e-05,0.002895221346989274,0.01639748178422451
6219,0.3377859592437744,3.1590807338943705e-05,0.0025095557793974876,0.014805697835981846
6220,0.3425002098083496,2.1521176677197218e-05,0.002931356430053711,0.016653280705213547
6221,0.3449303209781647,3.42690764227882e-05,0.002473468193784356,0.014723354950547218
6222,0.3446909189224243,2.1889087292947806e-05,0.0029185526072978973,0.01670091785490513
6223,0.341652512550354,3.304657366243191e-05,0.0024717466440051794,0.014752251096069813
6224,0.33641162514686584,2.053334901574999e-05,0.00286885816603899,0.016510840505361557
6225,0.3298485279083252,2.8434764317353256e-05,0.002511453116312623,0.014905291609466076
6226,0.32325616478919983,1.883393997559324e-05,0.002796828281134367,0.016129791736602783
6227,0.317854642868042,2.2938773327041417e-05,0.002593671903014183,0.015192165970802307
6228,0.3146439492702484,1.8971542885992676e-05,0.002714490285143256,0.015670573338866234
6229,0.31415703892707825,1.9303430235595442e-05,0.002704269252717495,0.015587116591632366
6230,0.31640878319740295,2.203702024416998e-05,0.00263061560690403,0.01525215432047844
6231,0.32094791531562805,1.8623006326379254e-05,0.002813296392560005,0.016019731760025024
6232,0.3269566297531128,2.7147332730237395e-05,0.00255335820838809,0.01494370587170124
6233,0.33344465494155884,2.0017370843561366e-05,0.002889515832066536,0.016398804262280464
6234,0.33929574489593506,3.206150358892046e-05,0.0024930723011493683,0.014759496785700321
6235,0.34358152747154236,2.160985241062008e-05,0.0029182876460254192,0.016634546220302582
6236,0.34544098377227783,3.43600295309443e-05,0.0024606080260127783,0.014689448289573193
6237,0.34458765387535095,2.177621536247898e-05,0.0029023652896285057,0.01665644161403179
6238,0.3410003185272217,3.2696541893528774e-05,0.0024647386744618416,0.014731048606336117
6239,0.3353840410709381,2.0290422980906442e-05,0.0028531441930681467,0.01644223928451538
6240,0.32870417833328247,2.7836544177262112e-05,0.0025112710427492857,0.014898042194545269
6241,0.3222719430923462,1.8697883206186816e-05,0.0027823084965348244,0.016047153621912003
6242,0.3172747492790222,2.241562651761342e-05,0.002598898485302925,0.015197983011603355
6243,0.31462621688842773,1.9146282284054905e-05,0.002699553966522217,0.015588153153657913
6244,0.31474629044532776,1.907505065901205e-05,0.002710002940148115,0.01559984590858221
6245,0.3175424337387085,2.2521366190630943e-05,0.0026137218810617924,0.015180282294750214
6246,0.32247528433799744,1.8677952539292164e-05,0.00281347194686532,0.016030246391892433
6247,0.3286704421043396,2.7742134989239275e-05,0.0025352740194648504,0.014886016957461834
6248,0.3351166546344757,2.0181556465104222e-05,0.0028815660625696182,0.016397247090935707
6249,0.34069642424583435,3.248958819312975e-05,0.0024765983689576387,0.014715014956891537
6250,0.3445258140563965,2.1675943571608514e-05,0.0029043599497526884,0.01661260612308979
6251,0.3458081781864166,3.439649299252778e-05,0.0024486372712999582,0.014657060615718365
6252,0.34435051679611206,2.164068973797839e-05,0.0028869484085589647,0.016608932986855507
6253,0.34024739265441895,3.2304222258972004e-05,0.0024591167457401752,0.01471131294965744
6254,0.33430415391921997,2.0045794371981174e-05,0.0028387473430484533,0.01637130416929722
6255,0.3275609612464905,2.72236684395466e-05,0.00251258397474885,0.014892585575580597
6256,0.32134324312210083,1.858896212070249e-05,0.002768318634480238,0.015963317826390266
6257,0.3167963922023773,2.1908497728873044e-05,0.0026046852581202984,0.01520549040287733
6258,0.31473907828330994,1.9367093045730144e-05,0.002683705184608698,0.015505429357290268
6259,0.31547781825065613,1.8876504327636212e-05,0.0027147221844643354,0.015614152885973454
6260,0.31881237030029297,2.3051030439091846e-05,0.002595162484794855,0.015108658000826836
6261,0.3241191804409027,1.8760118109639734e-05,0.0028116290923208,0.016041776165366173
6262,0.3304675817489624,2.8364283934934065e-05,0.002516038715839386,0.014828633517026901
6263,0.33682680130004883,2.0355742890387774e-05,0.0028721841517835855,0.0163958128541708
6264,0.342080682516098,3.290930180810392e-05,0.002460143528878689,0.014671240001916885
6265,0.3453977704048157,2.172981658077333e-05,0.0028907409869134426,0.01658891886472702
6266,0.3460555970668793,3.438788917264901e-05,0.002437823684886098,0.014625879004597664
6267,0.3439699411392212,2.148137537005823e-05,0.00287295482121408,0.01655806042253971
6268,0.33935460448265076,3.185241075698286e-05,0.0024553274270147085,0.014693798497319221
6269,0.33312109112739563,1.9794482795987278e-05,0.0028254843782633543,0.016296450048685074
6270,0.3263795077800751,2.657720870047342e-05,0.0025154645554721355,0.014889977872371674
6271,0.32044869661331177,1.8510025256546214e-05,0.0027539324946701527,0.01587682217359543
6272,0.31641682982444763,2.1409716282505542e-05,0.00261080265045166,0.015215878374874592
6273,0.3149918019771576,1.964075636351481e-05,0.0026661406736820936,0.015422000549733639
6274,0.3163614571094513,1.8710661606746726e-05,0.0027179669123142958,0.015630241483449936
6275,0.32021602988243103,2.3623275410500355e-05,0.0025748489424586296,0.015037632547318935
6276,0.3258536159992218,1.886705467768479e-05,0.002807627199217677,0.016053490340709686
6277,0.33229196071624756,2.8989619750063866e-05,0.002496088854968548,0.01477258000522852
6278,0.33849242329597473,2.0527482774923556e-05,0.0028616550844162703,0.01639244332909584
6279,0.34335601329803467,3.328664388391189e-05,0.002444495214149356,0.014629031531512737
6280,0.3461032509803772,2.1754247427452356e-05,0.002877825405448675,0.01656155474483967
6281,0.3460996150970459,3.4301570849493146e-05,0.0024287488777190447,0.014596882276237011
6282,0.34338054060935974,2.1288389689289033e-05,0.002860361710190773,0.01650221459567547
6283,0.33828628063201904,3.132678830297664e-05,0.0024535160046070814,0.014678961597383022
6284,0.33182433247566223,1.9537730622687377e-05,0.0028126228135079145,0.016217147931456566
6285,0.3251640796661377,2.5895053113345057e-05,0.0025196135975420475,0.014890744350850582
6286,0.31960391998291016,1.846868690336123e-05,0.002738246927037835,0.015787413343787193
6287,0.3161538243293762,2.092239083140157e-05,0.0026164392475038767,0.015229413285851479
6288,0.3154042363166809,1.9976458133896813e-05,0.00264619174413383,0.015337355434894562
6289,0.3174195885658264,1.857810275396332e-05,0.0027193971909582615,0.01564899832010269
6290,0.3217819333076477,2.4251818103948608e-05,0.002552720019593835,0.014966362155973911
6291,0.3277122378349304,1.900245842989534e-05,0.0028021244797855616,0.01606629230082035
6292,0.33418378233909607,2.963492261187639e-05,0.0024759932421147823,0.014717154204845428
6293,0.34015631675720215,2.0701218090835027e-05,0.002851256402209401,0.01638827845454216
6294,0.34454941749572754,3.3631164114922285e-05,0.0024300268851220608,0.014588088728487492
6295,0.34665897488594055,2.175242843804881e-05,0.0028663044795393944,0.016530843451619148
6296,0.3459506928920746,3.4141143260058016e-05,0.002421585377305746,0.014569973573088646
6297,0.3425852954387665,2.1063300664536655e-05,0.0028491178527474403,0.016441568732261658
6298,0.3370397984981537,3.0723196687176824e-05,0.0024537034332752228,0.014667331241071224
6299,0.33041512966156006,1.9281302229501307e-05,0.002799504902213812,0.016132831573486328
6300,0.3239225447177887,2.517559187253937e-05,0.0025246813893318176,0.014895596541464329
6301,0.3188207149505615,1.847429302870296e-05,0.0027202903293073177,0.0156945139169693
6302,0.3160276412963867,2.04460939130513e-05,0.002621459774672985,0.015247375704348087
6303,0.3160032331943512,2.0388099073898047e-05,0.0026235247496515512,0.01525083463639021
6304,0.3186799883842468,1.8483344319975004e-05,0.0027191853150725365,0.015671109780669212
6305,0.32352909445762634,2.494198088243138e-05,0.0025290639605373144,0.014895016327500343
6306,0.32970231771469116,1.9166940546710975e-05,0.0027956960257142782,0.016080420464277267
6307,0.3361353278160095,3.0296661861939356e-05,0.0024561849422752857,0.014662393368780613
6308,0.34179991483688354,2.0873241737717763e-05,0.002841599052771926,0.016382930800318718
6309,0.34565478563308716,3.393967926967889e-05,0.002417075214907527,0.014548585750162601
6310,0.34707868099212646,2.1726049453718588e-05,0.0028567463159561157,0.016497094184160233
6311,0.34564584493637085,3.391945210751146e-05,0.0024163159541785717,0.0145448362454772
6312,0.3416513204574585,2.0818828488700092e-05,0.002839087974280119,0.016377368941903114
6313,0.3357076644897461,3.0074386813794263e-05,0.0024551739916205406,0.014658091589808464
6314,0.3289943039417267,1.904167584143579e-05,0.0027855962980538607,0.016045931726694107
6315,0.3227525055408478,2.445793870720081e-05,0.0025295366067439318,0.014902984723448753
6316,0.3181789219379425,1.853414869401604e-05,0.0026999504771083593,0.015600955113768578
6317,0.3160868287086487,2.0009953004773706e-05,0.002624527318403125,0.015267398208379745
6318,0.3167952001094818,2.0859792130067945e-05,0.0025986817199736834,0.015165179036557674
6319,0.32010895013809204,1.8432605429552495e-05,0.002716759918257594,0.015693925321102142
6320,0.3253989815711975,2.566442526585888e-05,0.00250478507950902,0.01482521090656519
6321,0.3317544758319855,1.935150612553116e-05,0.002788647310808301,0.01609383523464203
6322,0.33807915449142456,3.0948158382670954e-05,0.002437539165839553,0.014609265141189098
6323,0.34335944056510925,2.1032961740274914e-05,0.00283343018963933,0.01637488789856434
6324,0.34659749269485474,3.4184951800853014e-05,0.0024061191361397505,0.0145111083984375
6325,0.3472731113433838,2.1659532649209723e-05,0.0028488405514508486,0.01645856909453869
6326,0.3450891971588135,3.3600190363358706e-05,0.0024129501543939114,0.014522516168653965
6327,0.3404858708381653,2.0543266145978123e-05,0.0028289142064750195,0.016307171434164047
6328,0.334206759929657,2.934533949883189e-05,0.002457510679960251,0.014652847312390804
6329,0.32750096917152405,1.8817772797774523e-05,0.0027690238784998655,0.015954000875353813
6330,0.3216148912906647,2.371759546804242e-05,0.0025338593404740095,0.014915033243596554
6331,0.31766727566719055,1.8661474314285442e-05,0.0026761486660689116,0.015504170209169388
6332,0.3163425624370575,1.9602395695983432e-05,0.002626001602038741,0.015291904099285603
6333,0.31781476736068726,2.1414825823740102e-05,0.0025716274976730347,0.015078486874699593
6334,0.321757435798645,1.8426635506330058e-05,0.0027134546544402838,0.01571960374712944
6335,0.32743901014328003,2.6440955480211414e-05,0.002480629365891218,0.01475583016872406
6336,0.33389806747436523,1.9557930500013754e-05,0.0027825161814689636,0.016107430681586266
6337,0.34001365303993225,3.1587693229084834e-05,0.002420578384771943,0.01455776672810316
6338,0.34480568766593933,2.117464828188531e-05,0.002827424556016922,0.01636366918683052
6339,0.3473398983478546,3.435332837398164e-05,0.0023973293136805296,0.014475874602794647
6340,0.3472099304199219,2.1548861695919186e-05,0.0028422323521226645,0.01641453057527542
6341,0.34426650404930115,3.317619120934978e-05,0.002411136869341135,0.014503375627100468
6342,0.33909571170806885,2.0242012396920472e-05,0.002817391650751233,0.016230802983045578
6343,0.3325692117214203,2.8544704036903568e-05,0.002460089512169361,0.014651669189333916
6344,0.32598504424095154,1.862268618424423e-05,0.0027490167412906885,0.015857568010687828
6345,0.3205697536468506,2.29729812417645e-05,0.002536902902647853,0.014931651763617992
6346,0.31733742356300354,1.8864959201891907e-05,0.0026489724405109882,0.01540542021393776
6347,0.3168307840824127,1.9240183974034153e-05,0.0026258579455316067,0.015319891273975372
6348,0.31906819343566895,2.204521842941176e-05,0.0025433204136788845,0.014992192387580872
6349,0.3235972225666046,1.8466776964487508e-05,0.002709787804633379,0.015746476128697395
6350,0.3295927345752716,2.7245241653872654e-05,0.002457635011523962,0.014688185416162014
6351,0.3360542356967926,1.9775043256231584e-05,0.002777957823127508,0.016119156032800674
6352,0.34185221791267395,3.2182870199903846e-05,0.002405880019068718,0.01450880616903305
6353,0.3460579514503479,2.128328924300149e-05,0.0028234408237040043,0.016347801312804222
6354,0.34781745076179504,3.4421034797560424e-05,0.002390602370724082,0.014443479478359222
6355,0.3468582034111023,2.1390434994827956e-05,0.0028358036652207375,0.01636434905230999
6356,0.3431837856769562,3.264800034230575e-05,0.0024103219620883465,0.014487572014331818
6357,0.3375226855278015,1.992601391975768e-05,0.002803403651341796,0.016148943454027176
6358,0.33086270093917847,2.7695145035977475e-05,0.0024621214251965284,0.014654372818768024
6359,0.32452377676963806,1.8472315787221305e-05,0.0027250119019299746,0.01575801894068718
6360,0.31968650221824646,2.225122989329975e-05,0.0025381273590028286,0.014951971359550953
6361,0.3172367513179779,1.914730091812089e-05,0.002619272330775857,0.015306460671126842
6362,0.31756362318992615,1.893572334665805e-05,0.002624368527904153,0.015349853783845901
6363,0.3205387592315674,2.27363379963208e-05,0.002515267115086317,0.01490764319896698
6364,0.32558637857437134,1.855012851592619e-05,0.0027067852206528187,0.015772806480526924
6365,0.3318084180355072,2.8054797439835966e-05,0.0024367920123040676,0.014623111113905907
6366,0.33817803859710693,1.9994577087345533e-05,0.002775545697659254,0.01612802967429161
6367,0.3435753881931305,3.2727475627325475e-05,0.002393394010141492,0.014462308026850224
6368,0.3471321761608124,2.136076000169851e-05,0.0028210205491632223,0.016327956691384315
6369,0.34808817505836487,3.440911677898839e-05,0.0023851196747273207,0.014413319528102875
6370,0.3463107943534851,2.120209319400601e-05,0.0028285845182836056,0.01631001941859722
6371,0.3419616222381592,3.2060059311334044e-05,0.0024092718958854675,0.014474017545580864
6372,0.3359036445617676,1.9619279555627145e-05,0.002786060096696019,0.016064535826444626
6373,0.32921773195266724,2.6847366825677454e-05,0.002462404780089855,0.014659377746284008
6374,0.32322415709495544,1.8380153051111847e-05,0.0026977146044373512,0.01565827615559101
6375,0.31903088092803955,2.1584990463452414e-05,0.002537208842113614,0.014974008314311504
6376,0.3173888325691223,1.949932993738912e-05,0.0025884490460157394,0.015209676697850227
6377,0.3185289800167084,1.8698450730880722e-05,0.002622101455926895,0.015379614196717739
6378,0.3221763074398041,2.346118344576098e-05,0.0024887719191610813,0.014826483093202114
6379,0.32765570282936096,1.8667164113139734e-05,0.0027049940545111895,0.015796657651662827
6380,0.33399996161460876,2.8836297133238986e-05,0.0024186032824218273,0.014561614952981472
6381,0.3401756286621094,2.0200994185870513e-05,0.0027752320747822523,0.016132112592458725
6382,0.34508243203163147,3.318473682156764e-05,0.002383155282586813,0.01441903691738844
6383,0.3479308485984802,2.1392061171354726e-05,0.002818874316290021,0.01630220003426075
6384,0.3480726480484009,3.428946001804434e-05,0.0023803843650966883,0.014385959133505821
6385,0.3455185294151306,2.097741889883764e-05,0.002818645443767309,0.016250450164079666
6386,0.3405856192111969,3.140498301945627e-05,0.0024073165841400623,0.014463189989328384
6387,0.3342525362968445,1.9327737390995026e-05,0.002764655975624919,0.015977468341588974
6388,0.3276679813861847,2.60121396422619e-05,0.0024607456289231777,0.014666595496237278
6389,0.32211998105049133,1.8348973753745668e-05,0.0026680852752178907,0.015559492632746696
6390,0.31862473487854004,2.098957156704273e-05,0.002534822328016162,0.01499638706445694
6391,0.3177851438522339,1.9907514797523618e-05,0.0025583915412425995,0.015116531401872635
6392,0.31968382000923157,1.852619243436493e-05,0.002620006212964654,0.015407361090183258
6393,0.32392212748527527,2.4193479475798085e-05,0.0024650052655488253,0.014749783091247082
6394,0.3297359347343445,1.880680792964995e-05,0.0027050909120589495,0.015816405415534973
6395,0.3361157178878784,2.9571761842817068e-05,0.002403195481747389,0.014503930695354939
6396,0.3420293629169464,2.0389010387589224e-05,0.0027765599079430103,0.016131622716784477
6397,0.34641164541244507,3.3571857784409076e-05,0.0023743535857647657,0.014378242194652557
6398,0.34855911135673523,2.139534080924932e-05,0.002816217252984643,0.016273032873868942
6399,0.3479347229003906,3.4123295336030424e-05,0.0023751885164529085,0.014359826222062111
6400,0.3446849286556244,2.0751998818013817e-05,0.002805734984576702,0.01619010977447033
6401,0.33927005529403687,3.0764786060899496e-05,0.002403146354481578,0.014452761970460415
6402,0.33276212215423584,1.9077151591773145e-05,0.0027402767445892096,0.015892842784523964
6403,0.3263546824455261,2.5252860723412596e-05,0.0024566687643527985,0.014673094265162945
6404,0.3212886452674866,1.8375652871327475e-05,0.002637819852679968,0.015465481206774712
6405,0.3184789717197418,2.0485193090280518e-05,0.002531232312321663,0.015016467310488224
6406,0.3183869421482086,2.0344148651929572e-05,0.002530624158680439,0.015029261820018291
6407,0.3209597170352936,1.841394987422973e-05,0.0026187950279563665,0.015430490486323833
6408,0.3256869912147522,2.4897830371628515e-05,0.0024446898605674505,0.014678625389933586
6409,0.33174219727516174,1.8954284314531833e-05,0.002706845523789525,0.01583039201796055
6410,0.3380775451660156,3.023280623892788e-05,0.002390220295637846,0.014450601302087307
6411,0.34367966651916504,2.0548814063658938e-05,0.0027781270910054445,0.016125530004501343
6412,0.3475203514099121,3.387420656508766e-05,0.0023660026490688324,0.014339999295771122
6413,0.3489835858345032,2.1365831344155595e-05,0.0028109268750995398,0.016239868476986885
6414,0.3476432263851166,3.389847552170977e-05,0.0023685733322054148,0.014335250481963158
6415,0.3437785506248474,2.0522722479654476e-05,0.0027886948082596064,0.016127994284033775
6416,0.3379780352115631,3.012558227055706e-05,0.002396841999143362,0.014443115331232548
6417,0.3313905596733093,1.88613139471272e-05,0.002713089343160391,0.015809394419193268
6418,0.32523033022880554,2.454890272929333e-05,0.0024509960785508156,0.014679665677249432
6419,0.32067930698394775,1.8452066797181033e-05,0.002608346752822399,0.015374810434877872
6420,0.318546324968338,2.0052237232448533e-05,0.002528139390051365,0.015034845098853111
6421,0.319158673286438,2.0806799511774443e-05,0.002505934564396739,0.014946340583264828
6422,0.32234153151512146,1.834684007917531e-05,0.002619674662128091,0.015450576320290565
6423,0.3274850845336914,2.5589160941308364e-05,0.002427347470074892,0.014611437916755676
6424,0.3337090313434601,1.91094986803364e-05,0.0027100760489702225,0.015840569511055946
6425,0.3399403691291809,3.084602940361947e-05,0.0023783640936017036,0.01440024096518755
6426,0.3451860845088959,2.0688083168352023e-05,0.0027783624827861786,0.016115935519337654
6427,0.34846192598342896,3.411350917303935e-05,0.0023568205069750547,0.01430361345410347
6428,0.34924376010894775,2.131175460817758e-05,0.0028015763964504004,0.016203703358769417
6429,0.34722229838371277,3.3624834031797945e-05,0.0023600889835506678,0.014311976730823517
6430,0.34280720353126526,2.02907613129355e-05,0.002767642494291067,0.01606435887515545
6431,0.33670172095298767,2.9482884201570414e-05,0.002388936700299382,0.01443457044661045
6432,0.33011555671691895,1.867785249487497e-05,0.002684790175408125,0.01572616770863533
6433,0.32426702976226807,2.388744178460911e-05,0.0024452432990074158,0.01468677632510662
6434,0.3202633857727051,1.857312599895522e-05,0.002580867614597082,0.015286672860383987
6435,0.31879985332489014,1.96777891687816e-05,0.0025266907177865505,0.01505197025835514
6436,0.32007595896720886,2.129158383468166e-05,0.0024844950530678034,0.014867155812680721
6437,0.3238009512424469,1.8315800843993202e-05,0.0026224395260214806,0.01546771265566349
6438,0.32928594946861267,2.6259080186719075e-05,0.0024121166206896305,0.01454805489629507
6439,0.33560457825660706,1.9266233721282333e-05,0.0027133210096508265,0.015846645459532738
6440,0.3416717052459717,3.140226908726618e-05,0.002366627100855112,0.014352661557495594
6441,0.34652093052864075,2.0802603103220463e-05,0.0027753980830311775,0.016102606430649757
6442,0.3492225110530853,3.4284774301340804e-05,0.0023461163509637117,0.014269053936004639
6443,0.349347859621048,2.1234511223156005e-05,0.0027877541724592447,0.01616477780044079
6444,0.3467009961605072,3.331161497044377e-05,0.002349758753553033,0.01428986620157957
6445,0.3418098986148834,2.00624799617799e-05,0.002743844874203205,0.015999797731637955
6446,0.33548423647880554,2.8851656679762527e-05,0.0023803587537258863,0.014426745474338531
6447,0.3289721608161926,1.8528769942349754e-05,0.002657477045431733,0.015644144266843796
6448,0.32347962260246277,2.327825131942518e-05,0.002440551295876503,0.01469359453767538
6449,0.3200342655181885,1.8731991076492704e-05,0.0025565163232386112,0.015201647765934467
6450,0.3192186951637268,1.9357854398549534e-05,0.0025272711645811796,0.01506754755973816
6451,0.32111290097236633,2.179107650590595e-05,0.002465844387188554,0.014791679568588734
6452,0.32532259821891785,1.83155952981906e-05,0.0026263215113431215,0.01548216212540865
6453,0.331081748008728,2.6909279768005945e-05,0.0023977055680006742,0.014487954787909985
6454,0.3374325931072235,1.9423008779995143e-05,0.0027148753870278597,0.015849541872739792
6455,0.3432784080505371,3.190745337633416e-05,0.002353858668357134,0.014307337813079357
6456,0.34769126772880554,2.089486224576831e-05,0.002768154488876462,0.016085822135210037
6457,0.34980034828186035,3.438864951021969e-05,0.002333626849576831,0.014236201532185078
6458,0.3492770791053772,2.113131995429285e-05,0.0027697242330759764,0.01612265035510063
6459,0.34604325890541077,3.294378984719515e-05,0.002338450402021408,0.014269459992647171
6460,0.3407386243343353,1.9830447854474187e-05,0.0027187918312847614,0.015932826325297356
6461,0.3342635929584503,2.820406371029094e-05,0.0023725349456071854,0.014420844614505768
6462,0.32789644598960876,1.8407328752800822e-05,0.002632113406434655,0.015561122447252274
6463,0.32281622290611267,2.2693126084050164e-05,0.0024382721167057753,0.014701643027365208
6464,0.31995898485183716,1.8933515093522146e-05,0.002535020001232624,0.015117513947188854
6465,0.31978973746299744,1.9078557670582086e-05,0.002529870718717575,0.015082942321896553
6466,0.32226887345314026,2.231529106211383e-05,0.002448453102260828,0.014718531630933285
6467,0.32690930366516113,1.834243448683992e-05,0.002629597671329975,0.015494889579713345
6468,0.3328815996646881,2.7547259378479794e-05,0.0023824512027204037,0.014430426061153412
6469,0.3392040431499481,1.9579487343435176e-05,0.002712870016694069,0.015850074589252472
6470,0.34478142857551575,3.2370717235608026e-05,0.0023392599541693926,0.014263800345361233
6471,0.34872907400131226,2.0968298485968262e-05,0.002756761386990547,0.016066471114754677
6472,0.35023924708366394,3.44409781973809e-05,0.0023199054412543774,0.01420457474887371
6473,0.3490844964981079,2.1010409909649752e-05,0.002749686362221837,0.016078229993581772
6474,0.3453059494495392,3.254121111240238e-05,0.0023273462429642677,0.014250289648771286
6475,0.33965054154396057,1.9603274267865345e-05,0.0026949401944875717,0.015864495187997818
6476,0.3330990672111511,2.7562378818402067e-05,0.0023661928717046976,0.014416104182600975
6477,0.326939195394516,1.8317587091587484e-05,0.0026094713248312473,0.015478777699172497
6478,0.32230815291404724,2.2150490622152574e-05,0.0024377990048378706,0.014709671027958393
6479,0.3200434446334839,1.9170001905877143e-05,0.0025155488401651382,0.015035727992653847
6480,0.3204974830150604,1.8844555597752333e-05,0.0025328821502625942,0.01509704627096653
6481,0.32351839542388916,2.2853548216517083e-05,0.0024310664739459753,0.014648260548710823
6482,0.3285353481769562,1.8393500795355067e-05,0.0026306207291781902,0.015505535528063774
6483,0.33466485142707825,2.8168520657345653e-05,0.0023656138218939304,0.014375254511833191
6484,0.34090542793273926,1.9733153749257326e-05,0.0027067605406045914,0.01584823988378048
6485,0.34616902470588684,3.27879170072265e-05,0.002323127817362547,0.014221984893083572
6486,0.34961768984794617,2.1019568521296605e-05,0.0027422618586570024,0.016044359654188156
6487,0.3505212366580963,3.443421519477852e-05,0.002305986825376749,0.014174438081681728
6488,0.3487536609172821,2.0868725187028758e-05,0.0027296124026179314,0.01603095419704914
6489,0.3444748818874359,3.209659189451486e-05,0.0023175878450274467,0.014232788234949112
6490,0.33852943778038025,1.9379471268621273e-05,0.0026734385173767805,0.01579412631690502
6491,0.3319682776927948,2.691632107598707e-05,0.002362159313634038,0.014412958174943924
6492,0.3260742425918579,1.8258702766615897e-05,0.0025891270488500595,0.015396073460578918
6493,0.32193073630332947,2.163594399462454e-05,0.0024386465083807707,0.014718742109835148
6494,0.3202740252017975,1.9447623344603926e-05,0.0024962869938462973,0.014955068938434124
6495,0.3213404417037964,1.8647644537850283e-05,0.0025348064955323935,0.015111169777810574
6496,0.32487332820892334,2.341829167562537e-05,0.0024120130110532045,0.014579701237380505
6497,0.33022379875183105,1.846831764851231e-05,0.002628288697451353,0.01551538985222578
6498,0.3364594876766205,2.878693339880556e-05,0.0023468658328056335,0.014321614056825638
6499,0.3425711393356323,1.988723670365289e-05,0.0026972570922225714,0.01584509201347828
6500,0.3474840521812439,3.317564187454991e-05,0.0023061526007950306,0.014181321486830711
6501,0.350421667098999,2.10568086913554e-05,0.002726898528635502,0.016020743176341057
6502,0.3507233262062073,3.4394652175251395e-05,0.002292684046551585,0.01414522435516119
6503,0.3483702540397644,2.0718893210869282e-05,0.0027115498669445515,0.015982458367943764
6504,0.34363728761672974,3.164187364745885e-05,0.0023094883654266596,0.01421604584902525
6505,0.33745673298835754,1.9170269297319464e-05,0.0026547072920948267,0.01572360098361969
6506,0.33093491196632385,2.6293657356291078e-05,0.002359401900321245,0.01441026758402586
6507,0.3253439664840698,1.823438287829049e-05,0.0025697192177176476,0.01531461626291275
6508,0.32170426845550537,2.116526957252063e-05,0.002438998082652688,0.014727482572197914
6509,0.32064783573150635,1.9757844711421058e-05,0.002475803019478917,0.014876808039844036
6510,0.3222958743572235,1.849125874286983e-05,0.002533861668780446,0.01512405090034008
6511,0.3262958824634552,2.3991506168385968e-05,0.002390944166108966,0.01451374962925911
6512,0.3319244682788849,1.856087510532234e-05,0.002622409723699093,0.015523171983659267
6513,0.3382070064544678,2.9378690669545904e-05,0.0023270603269338608,0.014270180836319923
6514,0.3441329002380371,2.0030676751048304e-05,0.0026860027574002743,0.01583893969655037
6515,0.3486461937427521,3.350251790834591e-05,0.0022897422313690186,0.014142608270049095
6516,0.3510276675224304,2.106112333422061e-05,0.0027122332248836756,0.015993108972907066
6517,0.35070526599884033,3.4269174648215994e-05,0.002281197812408209,0.01411835290491581
6518,0.34777238965034485,2.0536162992357276e-05,0.00269524147734046,0.01592901349067688
6519,0.3426235318183899,3.110930265393108e-05,0.0023034214973449707,0.014202331192791462
6520,0.3362745940685272,1.895902278192807e-05,0.0026364699006080627,0.015648605301976204
6521,0.32987603545188904,2.563855377957225e-05,0.0023575143422931433,0.014410644769668579
6522,0.32466813921928406,1.8247985281050205e-05,0.002548691350966692,0.015230665914714336
6523,0.32159119844436646,2.0708992451545782e-05,0.002437995048239827,0.014738778583705425
6524,0.32116347551345825,2.0120523913647048e-05,0.0024525150656700134,0.014798242598772049
6525,0.32339316606521606,1.8367118173046038e-05,0.0025302027352154255,0.015138203278183937
6526,0.32782983779907227,2.4598070012871176e-05,0.002367971697822213,0.014448774978518486
6527,0.3336905241012573,1.867272294475697e-05,0.002614700235426426,0.015530935488641262
6528,0.3399656116962433,2.9968159651616588e-05,0.00230732886120677,0.014219929464161396
6529,0.34565237164497375,2.016930011450313e-05,0.0026754052378237247,0.01583153009414673
6530,0.3497188687324524,3.379298868821934e-05,0.0022748317569494247,0.014105115085840225
6531,0.3515167832374573,2.1044685126980767e-05,0.002699917880818248,0.015963144600391388
6532,0.3505699634552002,3.409576675039716e-05,0.002271433128044009,0.014092832803726196
6533,0.34708377718925476,2.0341245544841513e-05,0.002680511213839054,0.015873288735747337
6534,0.3415643274784088,3.054981061723083e-05,0.002298020990565419,0.014190085232257843
6535,0.3351045250892639,1.8763797925203107e-05,0.0026172855868935585,0.015572110190987587
6536,0.3288849890232086,2.4990536985569634e-05,0.0023545532021671534,0.014412597753107548
6537,0.3241046369075775,1.8304097466170788e-05,0.002524817129597068,0.015146374702453613
6538,0.32161945104599,2.0284924175939523e-05,0.00243465811945498,0.014751260168850422
6539,0.32182830572128296,2.0531515474431217e-05,0.002426744205877185,0.014720223844051361
6540,0.3246261179447174,1.8276103219250217e-05,0.002524536568671465,0.015153174288570881
6541,0.3294687569141388,2.5234479835489765e-05,0.002344447188079357,0.01438482478260994
6542,0.3355177044868469,1.8801594706019387e-05,0.002607166301459074,0.01553848385810852
6543,0.3417314291000366,3.055208799196407e-05,0.0022887433879077435,0.014170974493026733
6544,0.3471222221851349,2.030031828326173e-05,0.0026670810766518116,0.015822727233171463
6545,0.35069382190704346,3.404353992664255e-05,0.002261796733364463,0.01406888384371996
6546,0.35187554359436035,2.100620258715935e-05,0.002689681015908718,0.015930531546473503
6547,0.3502901792526245,3.386486059753224e-05,0.0022627178113907576,0.014068896882236004
6548,0.3462637662887573,2.0131194105488248e-05,0.00266492017544806,0.01581426151096821
6549,0.3404187560081482,2.9946499125799164e-05,0.002292139222845435,0.014179960824549198
6550,0.3339133560657501,1.858536052168347e-05,0.002594767604023218,0.015492962673306465
6551,0.32794472575187683,2.433918052702211e-05,0.0023497059009969234,0.014416923746466637
6552,0.32365354895591736,1.840715231082868e-05,0.0024977431166917086,0.01506105624139309
6553,0.3217957019805908,1.9891034753527492e-05,0.0024294820614159107,0.014765435829758644
6554,0.3226492404937744,2.099223274854012e-05,0.0023999707773327827,0.014642688445746899
6555,0.32599517703056335,1.821839759941213e-05,0.002518855733796954,0.01516867708414793
6556,0.3312034606933594,2.589402356534265e-05,0.0023221492301672697,0.01432221382856369
6557,0.33738601207733154,1.8943032046081498e-05,0.0026017893105745316,0.015545404516160488
6558,0.3434787094593048,3.1121220672503114e-05,0.00227214558981359,0.014123434200882912
6559,0.3485105037689209,2.0418061467353255e-05,0.0026609410997480154,0.01581195369362831
6560,0.3515301048755646,3.423837188165635e-05,0.0022498934995383024,0.014034264720976353
6561,0.35205408930778503,2.0938448869856074e-05,0.0026791496202349663,0.01589438132941723
6562,0.3498212695121765,3.355987792019732e-05,0.002253927756100893,0.01404687762260437
6563,0.3452792763710022,1.9904209693777375e-05,0.002646221313625574,0.015750976279377937
6564,0.33916622400283813,2.9289154554135166e-05,0.0022848849184811115,0.014172547496855259
6565,0.3326930105686188,1.84271702892147e-05,0.002568199997767806,0.0154102249071002
6566,0.3270556330680847,2.3679771402385086e-05,0.002343222498893738,0.01442418247461319
6567,0.3233201205730438,1.8563059711595997e-05,0.0024683955125510693,0.014973985031247139
6568,0.32213130593299866,1.9522776710800827e-05,0.002424190752208233,0.014782123267650604
6569,0.32363903522491455,2.1509853468160145e-05,0.0023738371673971415,0.014565039426088333
6570,0.3275154232978821,1.8192202333011664e-05,0.002515296218916774,0.015185382217168808
6571,0.33304575085639954,2.658322046045214e-05,0.0023018396459519863,0.014260551892220974
6572,0.3392987549304962,1.9096902178716846e-05,0.002599030267447233,0.015551907010376453
6573,0.34519296884536743,3.167065733578056e-05,0.0022570444270968437,0.014077344909310341
6574,0.34979140758514404,2.051928822766058e-05,0.0026552737690508366,0.0157989040017128
6575,0.35219866037368774,3.436876431806013e-05,0.0022381043527275324,0.014001226983964443
6576,0.35203325748443604,2.0840780052822083e-05,0.0026657788548618555,0.01585446111857891
6577,0.34915679693222046,3.317742084618658e-05,0.0022438960149884224,0.014027021825313568
6578,0.3441424071788788,1.9665931176859885e-05,0.002623171079903841,0.015683330595493317
6579,0.3378317058086395,2.858542575268075e-05,0.0022762338630855083,0.014167864806950092
6580,0.3314742147922516,1.829671236919239e-05,0.0025387622881680727,0.015324185602366924
6581,0.3262496888637543,2.3020937078399584e-05,0.0023365176748484373,0.01443443913012743
6582,0.3231319487094879,1.8776518118102103e-05,0.002439198549836874,0.014885557815432549
6583,0.32264283299446106,1.9187322322977707e-05,0.002420532051473856,0.014800875447690487
6584,0.32480189204216003,2.2078949768911116e-05,0.002349669812247157,0.014488172717392445
6585,0.3291703462600708,1.8197912140749395e-05,0.002514272928237915,0.015202458016574383
6586,0.3349582254886627,2.7285084797767922e-05,0.002283336129039526,0.014200592413544655
6587,0.3412018120288849,1.9256953237345442e-05,0.002597381826490164,0.015556799247860909
6588,0.3468160629272461,3.2180079870158806e-05,0.0022422729525715113,0.014033038169145584
6589,0.35090744495391846,2.059718462987803e-05,0.0026473572943359613,0.015782486647367477
6590,0.35265257954597473,3.441817170823924e-05,0.002225153613835573,0.013970107771456242
6591,0.35178303718566895,2.071072958642617e-05,0.0026478434447199106,0.01580991968512535
6592,0.34829190373420715,3.2714655390009284e-05,0.002232286613434553,0.014009549282491207
6593,0.3428698778152466,1.9420480384724215e-05,0.0025962567888200283,0.01561141386628151
6594,0.33645153045654297,2.7845475415233523e-05,0.002266951836645603,0.014165936037898064
6595,0.33030763268470764,1.8202099454356357e-05,0.0025087869726121426,0.015235559083521366
6596,0.3255750834941864,2.2381382223102264e-05,0.0023310247343033552,0.01444685086607933
6597,0.3231201171875,1.9043915017391555e-05,0.0024120057933032513,0.014797474257647991
6598,0.32333481311798096,1.8896174879046157e-05,0.0024191616103053093,0.01482006348669529
6599,0.3261103630065918,2.2681575501337647e-05,0.002327635418623686,0.014413443394005299
6600,0.33091264963150024,1.823329512262717e-05,0.0025145632680505514,0.015218331478536129
6601,0.33688613772392273,2.797701017698273e-05,0.0022654111962765455,0.014143112115561962
6602,0.3430488407611847,1.941663504112512e-05,0.0025941559579223394,0.015559414401650429
6603,0.3483242988586426,3.2642441510688514e-05,0.002226406242698431,0.013990417122840881
6604,0.3518728017807007,2.065450098598376e-05,0.00263544381596148,0.015763308852910995
6605,0.3529496192932129,3.440895670792088e-05,0.0022104589734226465,0.01394027378410101
6606,0.35140255093574524,2.056398443528451e-05,0.002626021858304739,0.015762941911816597
6607,0.3473525047302246,3.2218747946899384e-05,0.002219616202637553,0.013993301428854465
6608,0.3415983021259308,1.9187060388503596e-05,0.002568525727838278,0.015538038685917854
6609,0.33515727519989014,2.71207627520198e-05,0.0022582500241696835,0.014165127649903297
6610,0.3292953073978424,1.814850838854909e-05,0.0024811066687107086,0.015147823840379715
6611,0.32509177923202515,2.1797470253659412e-05,0.002327539725229144,0.01445884071290493
6612,0.3232978582382202,1.935073669301346e-05,0.0023877681232988834,0.014712362550199032
6613,0.3241784870624542,1.865867307060398e-05,0.0024192100390791893,0.014837310649454594
6614,0.3275090456008911,2.3289663658943027e-05,0.002306934678927064,0.01434241607785225
6615,0.3326707184314728,1.8293278117198497e-05,0.0025136684998869896,0.015231067314743996
6616,0.3387589454650879,2.863340705516748e-05,0.0022467835806310177,0.01408863253891468
6617,0.34478384256362915,1.9568853531382047e-05,0.0025871575344353914,0.015558737330138683
6618,0.3496847152709961,3.304643905721605e-05,0.0022091080900281668,0.01394957397133112
6619,0.3526781499385834,2.068921094178222e-05,0.0026197335682809353,0.015741171315312386
6620,0.3531055748462677,3.43463834724389e-05,0.0021948814392089844,0.013911587186157703
6621,0.3509282171726227,2.0406043404364027e-05,0.0026030372828245163,0.015713758766651154
6622,0.34639233350753784,3.1707102607470006e-05,0.002207393990829587,0.013978002592921257
6623,0.3403923809528351,1.8973056285176426e-05,0.002542727394029498,0.015464510768651962
6624,0.3339996039867401,2.6433444872964174e-05,0.0022510637063533068,0.014164374209940434
6625,0.3284653127193451,1.8134100173483603e-05,0.0024563660845160484,0.015062330290675163
6626,0.32480019330978394,2.127528568962589e-05,0.0023253089748322964,0.014469526708126068
6627,0.32364633679389954,1.9687620806507766e-05,0.0023651770316064358,0.014630834572017193
6628,0.32514688372612,1.8471664589014836e-05,0.0024185492657124996,0.014852139167487621
6629,0.32897284626960754,2.3897444407339208e-05,0.002285789465531707,0.014274888671934605
6630,0.3344317674636841,1.83734082384035e-05,0.002509663114324212,0.015241122804582119
6631,0.34057486057281494,2.9256972993607633e-05,0.0022265880834311247,0.014036567881703377
6632,0.3464104235172272,1.971148230950348e-05,0.0025761532597243786,0.015555384568870068
6633,0.3509027361869812,3.339416070957668e-05,0.002190581988543272,0.013910320587456226
6634,0.35333770513534546,2.0702049368992448e-05,0.0026019371580332518,0.01571623794734478
6635,0.35314154624938965,3.423714224481955e-05,0.00217951787635684,0.013883978128433228
6636,0.3503839671611786,2.0239593141013756e-05,0.0025812333915382624,0.015662536025047302
6637,0.345428466796875,3.118687163805589e-05,0.002196607179939747,0.013963436707854271
6638,0.3392524719238281,1.8778471712721512e-05,0.0025196154601871967,0.01539070438593626
6639,0.33297160267829895,2.5782090233406052e-05,0.0022452983539551497,0.014163545332849026
6640,0.3278040587902069,1.8156217265641317e-05,0.0024333838373422623,0.01497908215969801
6641,0.32468387484550476,2.0813196897506714e-05,0.0023228272330015898,0.014478649944067001
6642,0.3241395056247711,2.004598172788974e-05,0.002342312829568982,0.014553230255842209
6643,0.32620418071746826,1.83314969035564e-05,0.0024153231643140316,0.014863946475088596
6644,0.3304547071456909,2.4488501367159188e-05,0.0022632875479757786,0.01421115081757307
6645,0.336140513420105,1.8465989342075773e-05,0.0025018365122377872,0.01524750329554081
6646,0.3422796130180359,2.982799196615815e-05,0.002205462194979191,0.01398725900799036
6647,0.3478916585445404,1.98375346371904e-05,0.00256282277405262,0.015548517927527428
6648,0.35196447372436523,3.367970566614531e-05,0.002172452863305807,0.013872763141989708
6649,0.3538493812084198,2.0691173631348647e-05,0.0025847251527011395,0.015688322484493256
6650,0.35306084156036377,3.4080410841852427e-05,0.00216551311314106,0.013857647776603699
6651,0.3497772216796875,2.006618888117373e-05,0.002561743138357997,0.015609144233167171
6652,0.34446898102760315,3.066002682317048e-05,0.0021872171200811863,0.013949554413557053
6653,0.3381829559803009,1.860526026575826e-05,0.0024979820009320974,0.01531665213406086
6654,0.33206596970558167,2.516564927645959e-05,0.002239549532532692,0.014162594452500343
6655,0.32729262113571167,1.8213888324680738e-05,0.002409643493592739,0.014897680841386318
6656,0.3247170150279999,2.0402143491082825e-05,0.0023182383738458157,0.014486572705209255
6657,0.32475805282592773,2.0426978153409436e-05,0.002317646984010935,0.014478683471679688
6658,0.3273411989212036,1.8228862245450728e-05,0.002408912405371666,0.014873803593218327
6659,0.3319636881351471,2.507272074581124e-05,0.002239667344838381,0.014150138944387436
6660,0.33782246708869934,1.8567978258943185e-05,0.0024920725263655186,0.015251651406288147
6661,0.34391358494758606,3.036408088519238e-05,0.002184775657951832,0.01393978577107191
6662,0.3492674231529236,1.994991907849908e-05,0.0025500610936433077,0.015539202839136124
6663,0.35290467739105225,3.391626160009764e-05,0.002155635040253401,0.013836563564836979
6664,0.3542485237121582,2.066083652607631e-05,0.0025695061776787043,0.015658065676689148
6665,0.3529018759727478,3.3890690247062594e-05,0.002152769360691309,0.013832202181220055
6666,0.3491453230381012,1.9891625925083645e-05,0.002543441718444228,0.015554516576230526
6667,0.3435460329055786,3.014019239344634e-05,0.002177966758608818,0.013935980387032032
6668,0.3372078239917755,1.8457114492775872e-05,0.0024756798520684242,0.015243109315633774
6669,0.3312927186489105,2.4592663976363838e-05,0.0022322910372167826,0.014160854741930962
6670,0.3269289433956146,1.8304035620531067e-05,0.002384013496339321,0.014818716794252396
6671,0.32488709688186646,2.004174530156888e-05,0.002310973359271884,0.01449293177574873
6672,0.3254796862602234,2.0823081285925582e-05,0.0022916938178241253,0.014407170005142689
6673,0.3285365402698517,1.8157204976887442e-05,0.00240055238828063,0.01488164346665144
6674,0.3334769606590271,2.5640330932219513e-05,0.002216503955423832,0.014091948047280312
6675,0.3394579291343689,1.8673250451683998e-05,0.0024826552253216505,0.01525332685559988
6676,0.3454572260379791,3.085700154770166e-05,0.0021657110191881657,0.01389429159462452
6677,0.350522518157959,2.004453017434571e-05,0.0025391709059476852,0.015527225099503994
6678,0.3537100851535797,3.409869168535806e-05,0.0021403159480541945,0.013801699504256248
6679,0.354518324136734,2.0610339561244473e-05,0.002555162413045764,0.015624978579580784
6680,0.3526393175125122,3.365951488376595e-05,0.0021402789279818535,0.013807817362248898
6681,0.3484506607055664,1.9713232177309692e-05,0.002523519331589341,0.015497668646275997
6682,0.34261491894721985,2.9609978810185567e-05,0.0021674553863704205,0.013923184014856815
6683,0.33628079295158386,1.8330580132897012e-05,0.0024504303000867367,0.015168863348662853
6684,0.33061322569847107,2.4044496967690066e-05,0.00222305697388947,0.01415923796594143
6685,0.326684832572937,1.842668280005455e-05,0.002356692450121045,0.01474083587527275
6686,0.3251756429672241,1.9719647752935998e-05,0.0023025628179311752,0.014498483389616013
6687,0.32629671692848206,2.123549893440213e-05,0.0022662857081741095,0.014337927103042603
6688,0.3297845721244812,1.8110273231286556e-05,0.0023929239250719547,0.014887862838804722
6689,0.33499380946159363,2.6193349185632542e-05,0.0021951489616185427,0.014036054722964764
6690,0.34104710817337036,1.877856266219169e-05,0.002474997891113162,0.01525290496647358
6691,0.3469090461730957,3.13076852762606e-05,0.0021481539588421583,0.013850539922714233
6692,0.35165315866470337,2.0121142370044254e-05,0.002528955927118659,0.01551261730492115
6693,0.3543800115585327,3.422915324335918e-05,0.0021253013983368874,0.01376804243773222
6694,0.3546571731567383,2.054139258689247e-05,0.0025390919763594866,0.015589121729135513
6695,0.35227152705192566,3.338691749377176e-05,0.002126786159351468,0.013784460723400116
6696,0.34769803285598755,1.9533737940946594e-05,0.0025005261413753033,0.015438626520335674
6697,0.34168291091918945,2.907255111495033e-05,0.0021553991828113794,0.013911099173128605
6698,0.33540838956832886,1.822560079745017e-05,0.0024232075084000826,0.015094119124114513
6699,0.3300310969352722,2.3521683033322915e-05,0.002212960971519351,0.014157734811306
6700,0.3265564739704132,1.8578295566840097e-05,0.0023298042360693216,0.01466419082134962
6701,0.3255753219127655,1.9431858163443394e-05,0.002295037033036351,0.014503294602036476
6702,0.3271978497505188,2.166116792068351e-05,0.002242839429527521,0.014270809479057789
6703,0.33107948303222656,1.8083668692270294e-05,0.0023869858123362064,0.014892812818288803
6704,0.3365148603916168,2.6734949642559513e-05,0.002175363712012768,0.013982027769088745
6705,0.3425978124141693,1.888371662062127e-05,0.002467980608344078,0.015250946395099163
6706,0.34828850626945496,3.172639844706282e-05,0.0021307796705514193,0.013807980343699455
6707,0.3526902496814728,2.0185521862003952e-05,0.0025170044973492622,0.015496136620640755
6708,0.35494720935821533,3.432107769185677e-05,0.0021091559901833534,0.013735090382397175
6709,0.3547062575817108,2.0461444364627823e-05,0.002519812434911728,0.015551268123090267
6710,0.35184669494628906,3.30916082020849e-05,0.00211180467158556,0.013761589303612709
6711,0.34693220257759094,1.9359624275239184e-05,0.002475226763635874,0.015378239564597607
6712,0.34078532457351685,2.854048761946615e-05,0.0021427159663289785,0.013899325393140316
6713,0.33461320400238037,1.8143633496947587e-05,0.002396340947598219,0.015019383281469345
6714,0.32955485582351685,2.3028562281979248e-05,0.0022037860471755266,0.014155915938317776
6715,0.3265419900417328,1.8754053598968312e-05,0.0023050568997859955,0.0145892184227705
6716,0.32607460021972656,1.9177457943442278e-05,0.0022890560794621706,0.014507000334560871
6717,0.3281686305999756,2.2094265659688972e-05,0.00222121924161911,0.014205925166606903
6718,0.33240461349487305,1.8075472326017916e-05,0.002381536178290844,0.014896276406943798
6719,0.3380226194858551,2.726025013544131e-05,0.002155707683414221,0.013929864391684532
6720,0.34409695863723755,1.8988117517437786e-05,0.0024589633103460073,0.015247323550283909
6721,0.34958603978157043,3.211117291357368e-05,0.002112155081704259,0.013766522519290447
6722,0.35362350940704346,2.0236908312654123e-05,0.0025014986749738455,0.015477655455470085
6723,0.3554043173789978,3.437205305090174e-05,0.0020917365327477455,0.013702954165637493
6724,0.3546562194824219,2.036951991613023e-05,0.0024981375318020582,0.01551095861941576
6725,0.35135194659233093,3.27682719216682e-05,0.002096601529046893,0.013739440590143204
6726,0.3461410403251648,1.9189086742699146e-05,0.0024502782616764307,0.01531593594700098
6727,0.339912086725235,2.8007812943542376e-05,0.0021310807205736637,0.013888148590922356
6728,0.33388814330101013,1.808243541745469e-05,0.002371649257838726,0.014944528229534626
6729,0.3291760981082916,2.2560363504453562e-05,0.0021962167229503393,0.014154025353491306
6730,0.3266329765319824,1.8953327526105568e-05,0.002282263245433569,0.014515754766762257
6731,0.32666459679603577,1.8953145627165213e-05,0.002283753827214241,0.014509924687445164
6732,0.32919836044311523,2.253378443128895e-05,0.002199750393629074,0.014143119566142559
6733,0.3337443172931671,1.8084308976540342e-05,0.0023744679056108,0.014898180030286312
6734,0.3394984304904938,2.77646686299704e-05,0.0021349219605326653,0.013879352249205112
6735,0.3455227017402649,1.9089586203335784e-05,0.002446703612804413,0.015241670422255993
6736,0.35077980160713196,3.245451080147177e-05,0.0020923118572682142,0.013726177625358105
6737,0.3544408977031708,2.0272706024115905e-05,0.0024834598880261183,0.015456706285476685
6738,0.3557547628879547,3.438190105953254e-05,0.0020739829633384943,0.013671678490936756
6739,0.3545260429382324,2.0266816136427224e-05,0.0024765583220869303,0.01546829380095005
6740,0.35082197189331055,3.2427284168079495e-05,0.00208226777613163,0.01371788326650858
6741,0.3453677296638489,1.9026261725230142e-05,0.00242757354862988,0.015252592042088509
6742,0.3391079008579254,2.7494375899550505e-05,0.002120825694873929,0.013876757584512234
6743,0.33326613903045654,1.8043507225229405e-05,0.002348987851291895,0.014870818704366684
6744,0.32891204953193665,2.2131818695925176e-05,0.0021890460047870874,0.014150992035865784
6745,0.3268265724182129,1.916880501084961e-05,0.002259539905935526,0.014444944448769093
6746,0.3273291289806366,1.876236274256371e-05,0.002276685321703553,0.014511211775243282
6747,0.33026376366615295,2.2969798010308295e-05,0.0021769653540104628,0.014082830399274826
6748,0.33508169651031494,1.8107162759406492e-05,0.0023643062449991703,0.01489853486418724
6749,0.34093984961509705,2.824818693625275e-05,0.0021128992084413767,0.013830325566232204
6750,0.346891313791275,1.9187829821021296e-05,0.0024323209654539824,0.015234490856528282
6751,0.35190439224243164,3.2769581594038755e-05,0.0020722728222608566,0.01368661317974329
6752,0.3551882207393646,2.029776806011796e-05,0.0024656718596816063,0.01543405745178461
6753,0.3560485541820526,3.4369295462965965e-05,0.002057054778560996,0.013640879653394222
6754,0.35436755418777466,2.016008147620596e-05,0.0024569635279476643,0.015424166806042194
6755,0.3502958118915558,3.2084073609439656e-05,0.002069157548248768,0.013696479611098766
6756,0.34463265538215637,1.8874001398216933e-05,0.0024066660553216934,0.01518882717937231
6757,0.33837267756462097,2.7000807676813565e-05,0.00211102282628417,0.013865016400814056
6758,0.33273380994796753,1.8026472389465198e-05,0.0023262412287294865,0.014798170886933804
6759,0.32874614000320435,2.1735999325755984e-05,0.0021806226577609777,0.014147204346954823
6760,0.32710954546928406,1.9401895769988187e-05,0.0022352945525199175,0.014376229606568813
6761,0.3280580937862396,1.8600352632347494e-05,0.0022671448532491922,0.014511395245790482
6762,0.3313578963279724,2.340272840228863e-05,0.0021529223304241896,0.014024614356458187
6763,0.3364050090312958,1.814002462197095e-05,0.00235218764282763,0.014897339046001434
6764,0.3423248827457428,2.870158823498059e-05,0.0020908948499709368,0.013782931491732597
6765,0.3481660485267639,1.9276165403425694e-05,0.0024178531020879745,0.01522480882704258
6766,0.35290810465812683,3.303493213024922e-05,0.0020534140057861805,0.013648364692926407
6767,0.35580360889434814,2.0302741177147254e-05,0.002449386054649949,0.015408018603920937
6768,0.35621726512908936,3.430748620303348e-05,0.002041521016508341,0.0136112030595541
6769,0.35411134362220764,2.0040424715261906e-05,0.002438449766486883,0.01537683978676796
6770,0.34971997141838074,3.1717259844299406e-05,0.0020564498845487833,0.013675813563168049
6771,0.3439038097858429,1.8730697775026783e-05,0.0023849031422287226,0.015123804099857807
6772,0.3376923203468323,2.6522404368733987e-05,0.00210014870390296,0.0138531643897295
6773,0.3322901129722595,1.8030887076747604e-05,0.0023016890045255423,0.01472680177539587
6774,0.3286755084991455,2.137528281309642e-05,0.00217025401070714,0.014142381027340889
6775,0.3274719715118408,1.9646089640446007e-05,0.0022100366186350584,0.014309968799352646
6776,0.32883334159851074,1.8465350876795128e-05,0.0022561894729733467,0.014509930275380611
6777,0.332456111907959,2.3820746719138697e-05,0.002129322849214077,0.013968783430755138
6778,0.3376910388469696,1.8178716345573775e-05,0.0023403188679367304,0.014894015155732632
6779,0.34363675117492676,2.91187061520759e-05,0.0020702574402093887,0.013737212866544724
6780,0.3493448793888092,1.9352684830664657e-05,0.0024047826882451773,0.015212640166282654
6781,0.35381245613098145,3.326056685182266e-05,0.0020357309840619564,0.013611117377877235
6782,0.356334924697876,2.0295488866395317e-05,0.002433967078104615,0.015379602089524269
6783,0.35633349418640137,3.4225493436679244e-05,0.0020261434838175774,0.013581880368292332
6784,0.35384443402290344,1.9922525098081678e-05,0.0024189867544919252,0.015328280627727509
6785,0.3491760194301605,3.136185114271939e-05,0.0020426823757588863,0.013654770329594612
6786,0.34324386715888977,1.8603734133648686e-05,0.002361314371228218,0.01505949441343546
6787,0.33710652589797974,2.607861279102508e-05,0.0020876990165561438,0.013840259052813053
6788,0.3319486081600189,1.8053764506476e-05,0.00227623269893229,0.014657696709036827
6789,0.32869699597358704,2.1053390810266137e-05,0.0021589165553450584,0.014135975390672684
6790,0.32790112495422363,1.9892770069418475e-05,0.0021854981314390898,0.014246586710214615
6791,0.32963865995407104,1.8353162886342034e-05,0.0022455966100096703,0.014506636187434196
6792,0.3335469961166382,2.4220385967055336e-05,0.0021072987001389265,0.013915210030972958
6793,0.3389366567134857,1.8219201592728496e-05,0.002329510636627674,0.014888772740960121
6794,0.34488430619239807,2.950345879071392e-05,0.002050780924037099,0.013692932203412056
6795,0.3504467308521271,1.94199601537548e-05,0.0023919506929814816,0.015198339708149433
6796,0.3546406626701355,3.345611548866145e-05,0.0020180733408778906,0.01357454527169466
6797,0.3568022549152374,2.028013659582939e-05,0.002417023293673992,0.015349218621850014
6798,0.3564123511314392,3.413014201214537e-05,0.0020097375381737947,0.013552706688642502
6799,0.35357341170310974,1.980808337975759e-05,0.002397403819486499,0.015278756618499756
6800,0.34866902232170105,3.1019884772831574e-05,0.0020277651492506266,0.013633273541927338
6801,0.34265807271003723,1.8492295566829853e-05,0.0023368895053863525,0.01499610859900713
6802,0.3366200625896454,2.567205228842795e-05,0.0020747033413499594,0.01382614765316248
6803,0.3317101299762726,1.8090051526087336e-05,0.002251872094348073,0.014591360464692116
6804,0.32880455255508423,2.077030876534991e-05,0.0021480750292539597,0.014127623289823532
6805,0.32838037610054016,2.0132720237597823e-05,0.002162991790100932,0.014186419546604156
6806,0.3304501175880432,1.826217157940846e-05,0.002235766965895891,0.014500746503472328
6807,0.3345954716205597,2.4585777282482013e-05,0.002086615888401866,0.013864340260624886
6808,0.3400965631008148,1.8258861018694006e-05,0.002318201819434762,0.01488033588975668
6809,0.34602034091949463,2.983959529956337e-05,0.002031139098107815,0.013650313019752502
6810,0.3514319360256195,1.9474053260637447e-05,0.002376803895458579,0.015181082300841808
6811,0.355364590883255,3.3612352126510814e-05,0.00199937354773283,0.01353879552334547
6812,0.35719749331474304,2.0256869902368635e-05,0.0023975956719368696,0.015316518023610115
6813,0.3564653992652893,3.402606671443209e-05,0.0019925180822610855,0.013523553498089314
6814,0.35333317518234253,1.970091943803709e-05,0.0023751952685415745,0.015228991396725178
6815,0.3482413589954376,3.0707808036822826e-05,0.0020127492025494576,0.013610823079943657
6816,0.3421858549118042,1.8398553947918117e-05,0.002314297016710043,0.014934846200048923
6817,0.33625808358192444,2.5315684979432262e-05,0.0020624639000743628,0.013810095377266407
6818,0.3315839469432831,1.8132957848138176e-05,0.0022300060372799635,0.014528960920870304
6819,0.3289896249771118,2.053196294582449e-05,0.0021376037038862705,0.01411636546254158
6820,0.3288894295692444,2.035376019193791e-05,0.0021418225951492786,0.014130217023193836
6821,0.33123841881752014,1.819025055738166e-05,0.002224759664386511,0.014491654932498932
6822,0.3355804681777954,2.491131999704521e-05,0.002065578941255808,0.013816173188388348
6823,0.3411703109741211,1.8296605048817582e-05,0.0023042778484523296,0.01486896350979805
6824,0.34705859422683716,3.0134357075439766e-05,0.0020106483716517687,0.013609033077955246
6825,0.35232096910476685,1.9517616237862967e-05,0.0023591339122503996,0.015161117538809776
6826,0.35601314902305603,3.374011430423707e-05,0.0019802257884293795,0.01350354589521885
6827,0.3575545847415924,2.0228828361723572e-05,0.002377742202952504,0.015282116830348969
6828,0.3565269410610199,3.392509097466245e-05,0.0019757410045713186,0.013494180515408516
6829,0.3531493544578552,1.9602801330620423e-05,0.002354957163333893,0.015179513953626156
6830,0.34791120886802673,3.0433364372584037e-05,0.0019987025298178196,0.013587144203484058
6831,0.3418368697166443,1.8319804439670406e-05,0.0022940931376069784,0.014876483008265495
6832,0.33601951599121094,2.5012715923367068e-05,0.002050456590950489,0.013791775330901146
6833,0.3315582573413849,1.817887823563069e-05,0.002209257334470749,0.014470648020505905
6834,0.32923424243927,2.0335261069703847e-05,0.002125929808244109,0.014102116227149963
6835,0.32941052317619324,2.0552921341732144e-05,0.002120156539604068,0.014077731408178806
6836,0.33199140429496765,1.8135819118469954e-05,0.0022110785357654095,0.014479266479611397
6837,0.3364831805229187,2.5191759050358087e-05,0.002043779706582427,0.013770547695457935
6838,0.3421228229999542,1.8327984435018152e-05,0.0022878043819218874,0.014853782951831818
6839,0.34795787930488586,3.0370818421943113e-05,0.0019900044426321983,0.013569509610533714
6840,0.35307565331459045,1.954447361640632e-05,0.002341038081794977,0.015137342736124992
6841,0.35654976963996887,3.382502472959459e-05,0.0019619057420641184,0.013469250872731209
6842,0.35783615708351135,2.0189720089547336e-05,0.0023594286758452654,0.01524499524384737
6843,0.3565598130226135,3.381189162610099e-05,0.001959988148882985,0.013465060852468014
6844,0.35298651456832886,1.950858859345317e-05,0.0023366191890090704,0.01512960810214281
6845,0.3476465344429016,3.0183593480614945e-05,0.0019849801901727915,0.01356260385364294
6846,0.3415801525115967,1.825340950745158e-05,0.0022745286114513874,0.014820413663983345
6847,0.3358786404132843,2.475491419318132e-05,0.0020373824518173933,0.01377139613032341
6848,0.331613689661026,1.822626290959306e-05,0.002187740057706833,0.014416049234569073
6849,0.3295242488384247,2.0176541511318646e-05,0.00211167149245739,0.014085064642131329
6850,0.3299289047718048,2.0726121874758974e-05,0.002097472082823515,0.014028821140527725
6851,0.332693487405777,1.8094746337737888e-05,0.002195017645135522,0.014463498257100582
6852,0.33729830384254456,2.5424600607948378e-05,0.0020220756996423006,0.01372738927602768
6853,0.3429664373397827,1.8351373000768945e-05,0.0022709814365953207,0.014835070818662643
6854,0.3487439751625061,3.0559651349904016e-05,0.0019705812446773052,0.013531316071748734
6855,0.3537307381629944,1.9557843188522384e-05,0.002324389759451151,0.015110296197235584
6856,0.35702046751976013,3.388313780305907e-05,0.0019448739476501942,0.013435523957014084
6857,0.35810109972953796,2.0147956092841923e-05,0.002342664636671543,0.015206458978354931
6858,0.3566335439682007,3.371487036929466e-05,0.0019444823265075684,0.01343535352498293
6859,0.3529182970523834,1.9428985979175195e-05,0.002318289130926132,0.015081384219229221
6860,0.34751570224761963,2.998925992869772e-05,0.001970060169696808,0.013536151498556137
6861,0.34147483110427856,1.820375837269239e-05,0.002253877464681864,0.014768769964575768
6862,0.3358767628669739,2.4567212676629424e-05,0.0020219399593770504,0.01374767441302538
6863,0.33176738023757935,1.8265360267832875e-05,0.002165623242035508,0.014367057941854
6864,0.32985296845436096,2.006724025704898e-05,0.0020953938364982605,0.014063485898077488
6865,0.330415278673172,2.0851004592259414e-05,0.0020758865866810083,0.013984928838908672
6866,0.3332962691783905,1.8066462871502154e-05,0.002178564900532365,0.014442238956689835
6867,0.3379620313644409,2.557961124693975e-05,0.002002360299229622,0.01368788443505764
6868,0.343631774187088,1.8358805391471833e-05,0.002254900522530079,0.014810757711529732
6869,0.3493545651435852,3.067470242967829e-05,0.0019526463001966476,0.013495303690433502
6870,0.35424304008483887,1.955248080776073e-05,0.002308167517185211,0.015079041942954063
6871,0.3574067950248718,3.390937126823701e-05,0.0019280274864286184,0.013402450829744339
6872,0.3583606481552124,2.01073671632912e-05,0.00232514226809144,0.015166894532740116
6873,0.3567867577075958,3.365075826877728e-05,0.0019279676489531994,0.013404585421085358
6874,0.3530023992061615,1.9371818780200556e-05,0.002298956271260977,0.015036456286907196
6875,0.34758079051971436,2.9878145141992718e-05,0.001953423721715808,0.013506869785487652
6876,0.3415699899196625,1.8171318515669554e-05,0.0022334123495966196,0.014723493717610836
6877,0.3360445499420166,2.446775215503294e-05,0.0020051589235663414,0.01371950376778841
6878,0.3320305347442627,1.8286484191776253e-05,0.002145464066416025,0.014324991032481194
6879,0.33020955324172974,2.0011917513329536e-05,0.002078748308122158,0.014036291278898716
6880,0.3308509290218353,2.091631176881492e-05,0.002056753495708108,0.013946432620286942
6881,0.3337838649749756,1.804836756491568e-05,0.0021619624458253384,0.014414993114769459
6882,0.3384675085544586,2.5654568162281066e-05,0.0019840446766465902,0.013651919551193714
6883,0.34412407875061035,1.8351234757574275e-05,0.002237822161987424,0.014780983328819275
6884,0.349810391664505,3.0726983823115006e-05,0.0019348619971424341,0.01346090529114008
6885,0.35464921593666077,1.95347165572457e-05,0.0022902556229382753,0.01504440139979124
6886,0.3577621281147003,3.392488360987045e-05,0.0019104587845504284,0.013369430787861347
6887,0.35867103934288025,2.007635703193955e-05,0.0023062629625201225,0.015127738937735558
6888,0.3570694625377655,3.363910946063697e-05,0.0019105729879811406,0.013372239656746387
6889,0.353278249502182,1.9340495782671496e-05,0.002280023880302906,0.014995923265814781
6890,0.34787073731422424,2.9861659641028382e-05,0.0019361980957910419,0.01347440481185913
6891,0.34188538789749146,1.8154314602725208e-05,0.002215279033407569,0.014685327187180519
6892,0.33639001846313477,2.4462900910293683e-05,0.001988066826015711,0.01368641946464777
6893,0.33239805698394775,1.82838921318762e-05,0.0021280504297465086,0.014290249906480312
6894,0.3305882215499878,2.0013763787574135e-05,0.0020614296663552523,0.014002895914018154
6895,0.33122336864471436,2.0913888874929398e-05,0.0020392616279423237,0.013913826085627079
6896,0.334133505821228,1.8042446754407138e-05,0.002143668942153454,0.01438075676560402
6897,0.33878573775291443,2.5638171791797504e-05,0.001966148382052779,0.0136198028922081
6898,0.344409704208374,1.8327333236811683e-05,0.0022182350512593985,0.014744656160473824
6899,0.3500707745552063,3.0699004128109664e-05,0.0019168504513800144,0.01342869270592928
6900,0.3549005687236786,1.9498635083436966e-05,0.0022703525610268116,0.015005218796432018
6901,0.3580273985862732,3.3906399039551616e-05,0.0018928115023300052,0.013337005861103535
6902,0.35897669196128845,2.004524867516011e-05,0.0022876274306327105,0.015087821520864964
6903,0.35743704438209534,3.366120654391125e-05,0.0018933219835162163,0.013338844291865826
6904,0.35371339321136475,1.9329061615280807e-05,0.0022633871994912624,0.014959155581891537
6905,0.34836092591285706,2.9930848540971056e-05,0.001919018803164363,0.013438992202281952
6906,0.3424055874347687,1.815052019082941e-05,0.0021997704170644283,0.01465381495654583
6907,0.33690518140792847,2.4549601221224293e-05,0.001970164477825165,0.013648604974150658
6908,0.33287063241004944,1.825859180826228e-05,0.0021120489109307528,0.014262646436691284
6909,0.33098846673965454,2.007435068662744e-05,0.00204187398776412,0.013963204808533192
6910,0.331533282995224,2.0845691324211657e-05,0.0020221220329403877,0.013886913657188416
6911,0.33435213565826416,1.8050463040708564e-05,0.0021224317606538534,0.014339602552354336
6912,0.3389253616333008,2.553373997216113e-05,0.0019483523210510612,0.013591398485004902
6913,0.34449881315231323,1.8288506907992996e-05,0.002196773886680603,0.01470190566033125
6914,0.35015150904655457,3.059664959437214e-05,0.0018993818666785955,0.013398495502769947
6915,0.35502204298973083,1.9445862562861294e-05,0.0022506238892674446,0.01496220100671053
6916,0.3582379221916199,3.386621392564848e-05,0.0018759667873382568,0.013304956257343292
6917,0.35930880904197693,2.0017627321067266e-05,0.0022708086762577295,0.0150480130687356
6918,0.3579050898551941,3.372255014255643e-05,0.0018766360590234399,0.013304333202540874
6919,0.3543083071708679,1.9337505364092067e-05,0.0022484574001282454,0.014926286414265633
6920,0.3490462899208069,3.0083248930168338e-05,0.0019012553384527564,0.013400782831013203
6921,0.3431249260902405,1.816176882130094e-05,0.0021847712341696024,0.01462874561548233
6922,0.3375867009162903,2.472683263476938e-05,0.0019502134528011084,0.013606259599328041
6923,0.3334503471851349,1.821396108425688e-05,0.0020959083922207355,0.014241935685276985
6924,0.33141833543777466,2.0194504031678662e-05,0.002019657054916024,0.013917512260377407
6925,0.3317936062812805,2.0716453946079127e-05,0.0020053409971296787,0.01386545691639185
6926,0.33445268869400024,1.807401167752687e-05,0.0020996462553739548,0.014291688799858093
6927,0.3389035761356354,2.5346142138005234e-05,0.0019319565035402775,0.013566671870648861
6928,0.3444112539291382,1.8236343748867512e-05,0.0021755474153906107,0.014653109945356846
6929,0.35006874799728394,3.0425329896388575e-05,0.001883504563011229,0.013370147906243801
6930,0.35501423478126526,1.937669367180206e-05,0.0022321240976452827,0.014915353618562222
6931,0.3583710789680481,3.3795193303376436e-05,0.0018599837785586715,0.013273547403514385
6932,0.3596329092979431,1.998962943616789e-05,0.002254473278298974,0.015007766894996166
6933,0.35843798518180847,3.381036367500201e-05,0.0018594716675579548,0.013268915005028248
6934,0.3550316393375397,1.9362942111911252e-05,0.0022327981423586607,0.014896878041327
6935,0.3499007821083069,3.030823245353531e-05,0.0018818392418324947,0.013360198587179184
6936,0.3440208435058594,1.8187438399763778e-05,0.002169084968045354,0.014609310775995255
6937,0.33842259645462036,2.4985116397147067e-05,0.0019283231813460588,0.013560039922595024
6938,0.33413511514663696,1.8156253645429388e-05,0.0020804896485060453,0.014226965606212616
6939,0.33188900351524353,2.0369327103253454e-05,0.0019965136889368296,0.013866637833416462
6940,0.3320257365703583,2.05367905437015e-05,0.0019905969966202974,0.013848788104951382
6941,0.3344622552394867,1.8114427803084254e-05,0.002077004173770547,0.014237704686820507
6942,0.33874455094337463,2.5084626031457447e-05,0.0019175347406417131,0.013545296154916286
6943,0.3441607356071472,1.8173956050304696e-05,0.0021546678617596626,0.01459856890141964
6944,0.34982436895370483,3.0184692150214687e-05,0.0018686065450310707,0.01334379706531763
6945,0.354876846075058,1.9292601791676134e-05,0.002212969120591879,0.014865029603242874
6946,0.3584388494491577,3.369901969563216e-05,0.0018437010003253818,0.013242454268038273
6947,0.35997259616851807,1.9964736566180363e-05,0.0022365327458828688,0.0149681456387043
6948,0.35907402634620667,3.3939824788831174e-05,0.0018410305492579937,0.013232245109975338
6949,0.35593146085739136,1.9412094843573868e-05,0.002216329565271735,0.014871994033455849
6950,0.3509766459465027,3.0626826628576964e-05,0.0018610951956361532,0.01331663504242897
6951,0.34514880180358887,1.8233184164273553e-05,0.002154679736122489,0.014596612192690372
6952,0.33946311473846436,2.5345925678266212e-05,0.001905843848362565,0.013509159907698631
6953,0.33496665954589844,1.808592423913069e-05,0.0020678068976849318,0.014218875207006931
6954,0.332428514957428,2.0614603272406384e-05,0.0019732858054339886,0.013809522613883018
6955,0.33224615454673767,2.0303305063862354e-05,0.001978360814973712,0.013837658800184727
6956,0.3343895971775055,1.8180004190071486e-05,0.0020539520774036646,0.014176953583955765
6957,0.33844953775405884,2.474632128723897e-05,0.0019043090287595987,0.013527621515095234
6958,0.34374892711639404,1.810578760341741e-05,0.00213225232437253,0.014538162387907505
6959,0.34941521286964417,2.9872442610212602e-05,0.0018536812858656049,0.013319522142410278
6960,0.35459044575691223,1.919329588417895e-05,0.0021916250698268414,0.014810970984399319
6961,0.35838374495506287,3.3555170375620946e-05,0.0018269155407324433,0.013212203979492188
6962,0.3602227568626404,1.9928362235077657e-05,0.00221727741882205,0.01492699421942234
6963,0.3596576750278473,3.404895687708631e-05,0.0018225613748654723,0.013195773586630821
6964,0.35682034492492676,1.9459657778497785e-05,0.0022002968471497297,0.014847183600068092
6965,0.35208043456077576,3.0955387046560645e-05,0.0018409541808068752,0.013272794894874096
6966,0.3463345766067505,1.8285891201230697e-05,0.002141799544915557,0.014585101045668125
6967,0.34057679772377014,2.573716665210668e-05,0.0018840000266209245,0.01345728151500225
6968,0.3358713984489441,1.8020982679445297e-05,0.0020563858561217785,0.014212454669177532
6969,0.3330269157886505,2.0893752662232146e-05,0.001949913683347404,0.01375036034733057
6970,0.3324998617172241,2.0061806935700588e-05,0.00196639122441411,0.013828297145664692
6971,0.33432018756866455,1.8266749975737184e-05,0.0020296084694564342,0.014113476499915123
6972,0.33813196420669556,2.438701812934596e-05,0.0018907669000327587,0.013511297293007374
6973,0.34329256415367126,1.804235580493696e-05,0.0021083997562527657,0.01447540894150734
6974,0.3489554524421692,2.9536437068600208e-05,0.0018386375159025192,0.013295922428369522
6975,0.35426390171051025,1.9091443391516805e-05,0.0021700039505958557,0.014755972661077976
6976,0.3583119511604309,3.3403874112991616e-05,0.0018105527851730585,0.013181858696043491
6977,0.360494464635849,1.9894217984983698e-05,0.002199307782575488,0.014886843971908092
6978,0.3603098690509796,3.4185039112344384e-05,0.0018045478500425816,0.013158394955098629
6979,0.35782283544540405,1.952210732270032e-05,0.0021859081462025642,0.014825182035565376
6980,0.3533318042755127,3.134413782390766e-05,0.0018207599641755223,0.013227200135588646
6981,0.3476843535900116,1.835686452977825e-05,0.002129744039848447,0.014577471651136875
6982,0.34184807538986206,2.6200516003882512e-05,0.0018612085841596127,0.01340263057500124
6983,0.3369068205356598,1.7961367120733485e-05,0.0020450521260499954,0.014209872111678123
6984,0.33371564745903015,2.123011290677823e-05,0.001925034448504448,0.01368753332644701
6985,0.33279556035995483,1.9802664610324427e-05,0.001954608829692006,0.013822156004607677
6986,0.33424460887908936,1.8383905626251362e-05,0.002004249021410942,0.014045806601643562
6987,0.33776000142097473,2.3984790459508076e-05,0.0018781021935865283,0.013497625477612019
6988,0.34274017810821533,1.7982141798711382e-05,0.0020843814127147198,0.01440857257694006
6989,0.3483660817146301,2.9139308026060462e-05,0.0018247424159199,0.013274346478283405
6990,0.3537803590297699,1.897248330351431e-05,0.0021486994810402393,0.014697433449327946
6991,0.35806789994239807,3.318231392768212e-05,0.0017949675675481558,0.013153042644262314
6992,0.3605862259864807,1.9835484636132605e-05,0.0021809288300573826,0.014843369834125042
6993,0.3607865571975708,3.4251534088980407e-05,0.0017868262948468328,0.01312236487865448
6994,0.3586716949939728,1.956495179911144e-05,0.00216996343806386,0.014799954369664192
6995,0.35446596145629883,3.16835030389484e-05,0.0018003470031544566,0.01318298652768135
6996,0.34896430373191833,1.8427337636239827e-05,0.002115928800776601,0.014566883444786072
6997,0.3430982828140259,2.6646181140677072e-05,0.0018381406553089619,0.013349239714443684
6998,0.3379645049571991,1.7918082448886707e-05,0.0020328920800238848,0.014205346815288067
6999,0.3344544768333435,2.157501148758456e-05,0.0019004527712240815,0.01362534612417221
7000,0.3331550061702728,1.9563614841899835e-05,0.0019432716071605682,0.013815253041684628
7001,0.33423087000846863,1.8517283024266362e-05,0.0019799049478024244,0.013978269882500172
7002,0.33744218945503235,2.3596503524458967e-05,0.001866350183263421,0.013483813032507896
7003,0.34222927689552307,1.7933902199729346e-05,0.0020616359543055296,0.014341968111693859
7004,0.34780049324035645,2.8746866519213654e-05,0.0018113781698048115,0.013252724893391132
7005,0.35330119729042053,1.885784513433464e-05,0.0021276732441037893,0.014639247208833694
7006,0.3578130304813385,3.295506758149713e-05,0.0017792469589039683,0.013124079443514347
7007,0.360661119222641,1.977497413463425e-05,0.002161476295441389,0.014800308272242546
7008,0.3612484633922577,3.4314005461055785e-05,0.0017685004277154803,0.013086053542792797
7009,0.35950878262519836,1.9607692593126558e-05,0.0021527716889977455,0.014774545095860958
7010,0.3555994927883148,3.202154766768217e-05,0.001779574784450233,0.013138802722096443
7011,0.3502589762210846,1.850346234277822e-05,0.002101941965520382,0.014555593952536583
7012,0.3443840742111206,2.7103082175017335e-05,0.0018156165024265647,0.013295766897499561
7013,0.339073121547699,1.7887055946630426e-05,0.0020217897836118937,0.014200366102159023
7014,0.33525437116622925,2.193864929722622e-05,0.0018770374590530992,0.013562960550189018
7015,0.3335760235786438,1.933781459229067e-05,0.0019333360251039267,0.013808277435600758
7016,0.3342711329460144,1.8670007193577476e-05,0.0019565499387681484,0.013910348527133465
7017,0.33716294169425964,2.3212776795844547e-05,0.0018551890971139073,0.013470537029206753
7018,0.34173667430877686,1.789772250049282e-05,0.002038543811067939,0.014275030232965946
7019,0.3472290337085724,2.834707629517652e-05,0.0017977108946070075,0.013231487944722176
7020,0.3527962565422058,1.87443001777865e-05,0.0021051105577498674,0.014580894261598587
7021,0.3575139045715332,3.2709736842662096e-05,0.001762924948707223,0.013095330446958542
7022,0.3606750965118408,1.9707738829310983e-05,0.002140676137059927,0.014756475575268269
7023,0.3616407811641693,3.434967220528051e-05,0.0017500839894637465,0.013050033710896969
7024,0.36028262972831726,1.964147850230802e-05,0.0021355529315769672,0.014747672714293003
7025,0.35668691992759705,3.234016185160726e-05,0.0017596000107005239,0.013095080852508545
7026,0.3515331745147705,1.8580911273602396e-05,0.002089124172925949,0.01454237662255764
7027,0.34567490220069885,2.755508648988325e-05,0.0017942608101293445,0.0132428715005517
7028,0.3402121961116791,1.786888788046781e-05,0.0020116933155804873,0.014193857088685036
7029,0.33610376715660095,2.231321377621498e-05,0.0018542802426964045,0.013500915840268135
7030,0.33405694365501404,1.9130508007947356e-05,0.0019232096383348107,0.013800689950585365
7031,0.33437326550483704,1.8839800759451464e-05,0.001932547427713871,0.013842782936990261
7032,0.3369380533695221,2.284420042997226e-05,0.0018431221833452582,0.013457131572067738
7033,0.34128448367118835,1.7875488993013278e-05,0.0020141075365245342,0.014208526350557804
7034,0.3466806411743164,2.795138607325498e-05,0.0017833658494055271,0.013210323639214039
7035,0.35228851437568665,1.863480247266125e-05,0.0020819613710045815,0.014522634446620941
7036,0.35718265175819397,3.24502179864794e-05,0.001746792928315699,0.013066712766885757
7037,0.3606286346912384,1.9632692783488892e-05,0.0021206531673669815,0.014711489900946617
7038,0.36194801330566406,3.4351469366811216e-05,0.0017326181987300515,0.013014623895287514
7039,0.3609541058540344,1.966199852176942e-05,0.002119476441293955,0.014718014746904373
7040,0.3576694130897522,3.261552410549484e-05,0.0017406243132427335,0.013052447699010372
7041,0.3527161180973053,1.865153171820566e-05,0.00207627285271883,0.01452567707747221
7042,0.346904456615448,2.7974221666227095e-05,0.0017732932465150952,0.01319159846752882
7043,0.3413280248641968,1.7863651009975e-05,0.002000480657443404,0.01418415829539299
7044,0.3369686007499695,2.267850868520327e-05,0.001831353409215808,0.013440676964819431
7045,0.33458566665649414,1.8950509911519475e-05,0.0019119493663311005,0.013791227713227272
7046,0.334543377161026,1.901758514577523e-05,0.0019083941588178277,0.013777093961834908
7047,0.3367871642112732,2.2504726075567305e-05,0.0018307403661310673,0.01344279758632183
7048,0.34089788794517517,1.7865642803371884e-05,0.001990349031984806,0.014143460430204868
7049,0.34617865085601807,2.7569458325160667e-05,0.0017694903071969748,0.013188940472900867
7050,0.3518032431602478,1.8531605746829882e-05,0.002059938618913293,0.014464883133769035
7051,0.3568474352359772,3.2187410397455096e-05,0.0017313205171376467,0.013037989847362041
7052,0.3605547845363617,1.9554869140847586e-05,0.002101321704685688,0.01466589979827404
7053,0.3622114360332489,3.4336859243921936e-05,0.0017154391389340162,0.0129792969673872
7054,0.3615758717060089,1.967695243365597e-05,0.0021030360367149115,0.014686682261526585
7055,0.3586040139198303,3.287340950919315e-05,0.0017216382548213005,0.013010051101446152
7056,0.3538605570793152,1.8721362721407786e-05,0.0020625346805900335,0.01450685691088438
7057,0.34811121225357056,2.8379979994497262e-05,0.0017523287096992135,0.013141009956598282
7058,0.34244319796562195,1.7868116628960706e-05,0.001988697797060013,0.01417262852191925
7059,0.3378553092479706,2.3041031454340555e-05,0.001808784669265151,0.01338157057762146
7060,0.33515653014183044,1.8790409740176983e-05,0.001900824485346675,0.01378056313842535
7061,0.33476999402046204,1.9202063413104042e-05,0.0018852093489840627,0.013712911866605282
7062,0.33670347929000854,2.219129237346351e-05,0.0018188381800428033,0.013427557423710823
7063,0.340585321187973,1.786684151738882e-05,0.001967601478099823,0.014080203138291836
7064,0.34574857354164124,2.7214406145503744e-05,0.0017557404935359955,0.013166788034141064
7065,0.35138043761253357,1.8438833649270236e-05,0.002038197824731469,0.014408468268811703
7066,0.35655298829078674,3.194001328665763e-05,0.0017156389076262712,0.013008743524551392
7067,0.36049002408981323,1.9479826733004302e-05,0.0020812361035495996,0.014620158821344376
7068,0.36244696378707886,3.4312528441660106e-05,0.0016980648506432772,0.012943972833454609
7069,0.3621341288089752,1.968481228686869e-05,0.002085649874061346,0.014653227292001247
7070,0.3594534993171692,3.309699968667701e-05,0.0017028292641043663,0.012968466617166996
7071,0.35491541028022766,1.8783623090712354e-05,0.002048501744866371,0.014484869316220284
7072,0.3492422103881836,2.8748201657435857e-05,0.0017322477651759982,0.013091995380818844
7073,0.3435089886188507,1.7878523067338392e-05,0.001977265579625964,0.014158019796013832
7074,0.33872732520103455,2.3379250706057064e-05,0.0017874914919957519,0.013324812054634094
7075,0.3357499837875366,1.8655431631486863e-05,0.0018898701528087258,0.01376744732260704
7076,0.3350505232810974,1.9382867321837693e-05,0.0018629144178703427,0.01365138590335846
7077,0.33669230341911316,2.1912108422839083e-05,0.0018064499599859118,0.013410764746367931
7078,0.340347021818161,1.7877489881357178e-05,0.0019446599762886763,0.014018921181559563
7079,0.345380574464798,2.688344829948619e-05,0.0017413068562746048,0.013143816031515598
7080,0.35098984837532043,1.8354327039560303e-05,0.002015664940699935,0.014352375641465187
7081,0.35625120997428894,3.168890907545574e-05,0.0016995668411254883,0.01297941617667675
7082,0.36037546396255493,1.9400284145376645e-05,0.002060720231384039,0.014572680927813053
7083,0.36259374022483826,3.4253574995091185e-05,0.0016810662345960736,0.012909222394227982
7084,0.36257341504096985,1.967672142200172e-05,0.002068686531856656,0.014616444706916809
7085,0.3601687252521515,3.326622390886769e-05,0.0016851256368681788,0.012928140349686146
7086,0.3558388650417328,1.8831997294910252e-05,0.002035088837146759,0.014458984136581421
7087,0.35026443004608154,2.9065316994092427e-05,0.0017133366782218218,0.013044877909123898
7088,0.3445022404193878,1.7892069081426598e-05,0.0019657236989587545,0.014140076003968716
7089,0.33956876397132874,2.3688116925768554e-05,0.001766854664310813,0.013270523399114609
7090,0.33635005354881287,1.854303445725236e-05,0.0018778813537210226,0.013751925900578499
7091,0.3353724479675293,1.9556755432859063e-05,0.0018404520815238357,0.013592571951448917
7092,0.3367474675178528,2.166786725865677e-05,0.0017928560264408588,0.01339222863316536
7093,0.3401889204978943,1.7895956261781976e-05,0.0019214213825762272,0.013959979638457298
7094,0.3450939357280731,2.6587100364849903e-05,0.0017264168709516525,0.013119581155478954
7095,0.3506752550601959,1.8281018128618598e-05,0.001993653830140829,0.014297557063400745
7096,0.3560178279876709,3.1464842322748154e-05,0.0016839588060975075,0.012949235737323761
7097,0.3603132665157318,1.9328856069478206e-05,0.0020417198538780212,0.014525406062602997
7098,0.3627701997756958,3.4206917916890234e-05,0.0016648046439513564,0.012874005362391472
7099,0.3630191385746002,1.9669900211738423e-05,0.0020530198235064745,0.014578991569578648
7100,0.3608666658401489,3.342935087857768e-05,0.0016678659012541175,0.012887782417237759
7101,0.3567294776439667,1.8877633920055814e-05,0.0020217029377818108,0.014431918039917946
7102,0.3512473404407501,2.936456075985916e-05,0.0016944252420216799,0.012998341582715511
7103,0.34546083211898804,1.7908894733409397e-05,0.0019530649296939373,0.014120577834546566
7104,0.3403925895690918,2.3980510377441533e-05,0.0017458702204748988,0.013217665255069733
7105,0.3369588851928711,1.844703365350142e-05,0.001864766119979322,0.013734829612076283
7106,0.335725873708725,1.9727704057004303e-05,0.0018179939361289144,0.01353550236672163
7107,0.3368510901927948,2.144874815712683e-05,0.0017791163409128785,0.013372314162552357
7108,0.34008944034576416,1.792014154489152e-05,0.0018991203978657722,0.013902449049055576
7109,0.3448633551597595,2.631348979775794e-05,0.0017120367847383022,0.013094441033899784
7110,0.3504010736942291,1.8214665033156052e-05,0.001972990809008479,0.014242834411561489
7111,0.3557921051979065,3.124294016743079e-05,0.0016688697505742311,0.01291885506361723
7112,0.36022037267684937,1.925483775266912e-05,0.002023232402279973,0.014476589858531952
7113,0.3628776967525482,3.413366721360944e-05,0.0016487969551235437,0.012839195318520069
7114,0.3633623719215393,1.9650515241664834e-05,0.0020364916417747736,0.014538848772644997
7115,0.361443430185318,3.35447330144234e-05,0.0016505985986441374,0.012848333455622196
7116,0.35749414563179016,1.8909979189629667e-05,0.0020067922305315733,0.014401771128177643
7117,0.35211724042892456,2.961343852803111e-05,0.001675566891208291,0.01295342668890953
7118,0.346335768699646,1.7924943676916882e-05,0.0019393486436456442,0.014098182320594788
7119,0.3411703109741211,2.42393998632906e-05,0.001725554815493524,0.013166994787752628
7120,0.3375581204891205,1.8367471056990325e-05,0.0018515960546210408,0.013715340755879879
7121,0.3361022174358368,1.9887553207809106e-05,0.0017968193860724568,0.01348052080720663
7122,0.33699846267700195,2.125370519934222e-05,0.0017658657161518931,0.013350825756788254
7123,0.3400377631187439,1.7949101675185375e-05,0.0018779872916638851,0.013845788314938545
7124,0.34467238187789917,2.6055331545649096e-05,0.0016979629872366786,0.0130685456097126
7125,0.3501482903957367,1.8153968994738534e-05,0.0019525120733305812,0.014187616296112537
7126,0.3555656373500824,3.101951369899325e-05,0.0016537592746317387,0.012888319790363312
7127,0.3601014018058777,1.9179809896741062e-05,0.0020040066447108984,0.014426360838115215
7128,0.3629371225833893,3.404207018320449e-05,0.0016327835619449615,0.012804492376744747
7129,0.36364424228668213,1.9623559637693688e-05,0.002019338309764862,0.014497054740786552
7130,0.36195671558380127,3.363480209372938e-05,0.0016336282715201378,0.012809268198907375
7131,0.35820287466049194,1.893633816507645e-05,0.001992052886635065,0.014370329678058624
7132,0.3529480993747711,2.9844326491001993e-05,0.0016574218170717359,0.0129089979454875
7133,0.34719160199165344,1.79409580596257e-05,0.0019263310823589563,0.014075205661356449
7134,0.34194761514663696,2.449414569127839e-05,0.001706034759990871,0.013116809539496899
7135,0.3381725251674652,1.8294169422006235e-05,0.0018390638288110495,0.013695583678781986
7136,0.3365001082420349,2.0053685148013756e-05,0.0017759911715984344,0.013425618410110474
7137,0.3371671140193939,2.106361171172466e-05,0.0017525355797261,0.013329281471669674
7138,0.3400024473667145,1.7985579688684084e-05,0.0018564172787591815,0.013788672164082527
7139,0.34449106454849243,2.5798883143579587e-05,0.0016836450668051839,0.013042492792010307
7140,0.34989961981773376,1.8098213331541047e-05,0.001931530307047069,0.014131586067378521
7141,0.3553370535373688,3.0794482881901786e-05,0.0016387529904022813,0.012857659719884396
7142,0.35997912287712097,1.9106631953036413e-05,0.0019850335083901882,0.014375363476574421
7143,0.3629947602748871,3.3949832868529484e-05,0.0016171162715181708,0.012769579887390137
7144,0.3639315068721771,1.959708970389329e-05,0.0020031428430229425,0.014455285854637623
7145,0.3624860346317291,3.373190702404827e-05,0.0016170521266758442,0.012769761495292187
7146,0.3589453101158142,1.8966005882248282e-05,0.001978210173547268,0.014339865185320377
7147,0.3538273870944977,3.009606007253751e-05,0.0016393406549468637,0.012863781303167343
7148,0.34810465574264526,1.7962258425541222e-05,0.001913578249514103,0.014053844846785069
7149,0.3427817225456238,2.477789530530572e-05,0.0016859254101291299,0.013065347447991371
7150,0.33883345127105713,1.8219769117422402e-05,0.0018262576777487993,0.013677508570253849
7151,0.3369266390800476,2.0243618564563803e-05,0.0017542382702231407,0.01336891669780016
7152,0.3373415768146515,2.086083622998558e-05,0.0017393077723681927,0.013309010304510593
7153,0.3399501442909241,1.803429222491104e-05,0.001834461814723909,0.013729136437177658
7154,0.3442721962928772,2.5518374968669377e-05,0.0016699836123734713,0.013017483055591583
7155,0.34959596395492554,1.804215025913436e-05,0.001911033526994288,0.014072987250983715
7156,0.35504674911499023,3.054136686841957e-05,0.001624514814466238,0.012827648781239986
7157,0.3597986698150635,1.902756412164308e-05,0.0019667125307023525,0.01432257704436779
7158,0.3630126416683197,3.384087540325709e-05,0.0016018962487578392,0.012734836898744106
7159,0.36420515179634094,1.9569451978895813e-05,0.0019869550596922636,0.014413238503038883
7160,0.36303287744522095,3.383629518793896e-05,0.0016003163764253259,0.012729797512292862
7161,0.35973504185676575,1.9002094632014632e-05,0.001963672460988164,0.014310726895928383
7162,0.3547811508178711,3.0379851523321122e-05,0.0016205677529796958,0.012817499227821827
7163,0.3491077125072479,1.799227720766794e-05,0.0019006086513400078,0.014034837484359741
7164,0.34370726346969604,2.510749618522823e-05,0.0016652208287268877,0.013011901639401913
7165,0.3395688235759735,1.8141221516998485e-05,0.0018144509522244334,0.013662347570061684
7166,0.3373963236808777,2.0473731638048775e-05,0.0017325408989563584,0.01330894511193037
7167,0.3375185430049896,2.0629679056582972e-05,0.001727835275232792,0.013291621580719948
7168,0.3398551642894745,1.8101685782312416e-05,0.0018129019299522042,0.013665462844073772
7169,0.34396928548812866,2.5186571292579174e-05,0.0016577980713918805,0.0129948565736413
7170,0.3491784632205963,1.7983698853640817e-05,0.0018903171876445413,0.014010212384164333
7171,0.3546304702758789,3.0231392884161323e-05,0.0016109459102153778,0.012799176387488842
7172,0.3594971299171448,1.8936510969069786e-05,0.0019473982974886894,0.014266755431890488
7173,0.36293503642082214,3.369337355252355e-05,0.0015866352478042245,0.012700648047029972
7174,0.36442556977272034,1.9535815226845443e-05,0.0019696811214089394,0.01437018159776926
7175,0.36357972025871277,3.394171653781086e-05,0.0015832700300961733,0.012689432129263878
7176,0.3605786859989166,1.904480450320989e-05,0.0019492561696097255,0.014282835647463799
7177,0.3558308482170105,3.070486127398908e-05,0.0016018884489312768,0.012769832275807858
7178,0.3502354025840759,1.8033410015050322e-05,0.0018892784137278795,0.014018737711012363
7179,0.3447610139846802,2.5499799448880367e-05,0.0016448743408545852,0.012955764308571815
7180,0.34041300415992737,1.8058091882267036e-05,0.0018047750927507877,0.013651101849973202
7181,0.337932825088501,2.075784868793562e-05,0.0017109012696892023,0.013244973495602608
7182,0.33770960569381714,2.0366984244901687e-05,0.0017178686102852225,0.013277911581099033
7183,0.3397241234779358,1.819528370106127e-05,0.0017904766136780381,0.013597316108644009
7184,0.34359103441238403,2.480393959558569e-05,0.0016461762133985758,0.012974913232028484
7185,0.34866663813591003,1.792768125596922e-05,0.0018683176022022963,0.013943769969046116
7186,0.3541194498538971,2.9877126507926732e-05,0.001597448717802763,0.012771998532116413
7187,0.3591266870498657,1.8839915355783887e-05,0.001927159377373755,0.014209340326488018
7188,0.3628305494785309,3.353491410962306e-05,0.0015714417677372694,0.012666401453316212
7189,0.36467665433883667,1.9506402168190107e-05,0.0019528084667399526,0.014327781274914742
7190,0.36422231793403625,3.408493284950964e-05,0.0015664368402212858,0.012647953815758228
7191,0.36157771944999695,1.9106642866972834e-05,0.0019364366307854652,0.014258076436817646
7192,0.3570796847343445,3.111401019850746e-05,0.0015831048367545009,0.012719632126390934
7193,0.3515784442424774,1.809370041883085e-05,0.0018796860240399837,0.014007709920406342
7194,0.34601378440856934,2.598717219370883e-05,0.001623861026018858,0.012895839288830757
7195,0.34141552448272705,1.7973243302549236e-05,0.0017963474383577704,0.01364525780081749
7196,0.3385709226131439,2.111717185471207e-05,0.001687942654825747,0.013175961561501026
7197,0.3379362225532532,2.0068167941644788e-05,0.0017088199965655804,0.013269156217575073
7198,0.33956125378608704,1.8325990822631866e-05,0.0017667455831542611,0.01352373044937849
7199,0.3431248962879181,2.435832175251562e-05,0.0016355913830921054,0.012958581559360027
7200,0.34802332520484924,1.787440305633936e-05,0.0018453935626894236,0.013872393406927586
7201,0.3534572124481201,2.945038431789726e-05,0.0015848325565457344,0.012747115455567837
7202,0.35860511660575867,1.8729355360846967e-05,0.0019066078821197152,0.014148236252367496
7203,0.3625982999801636,3.3322718081763014e-05,0.0015568567905575037,0.012633210979402065
7204,0.36484211683273315,1.9466151570668444e-05,0.00193588191177696,0.01428353413939476
7205,0.36483240127563477,3.421635119593702e-05,0.0015497864224016666,0.012606441043317318
7206,0.3626047968864441,1.917350891744718e-05,0.0019235712243244052,0.014233321882784367
7207,0.35841551423072815,3.155799277010374e-05,0.0015641318168491125,0.012668554671108723
7208,0.35305270552635193,1.8171820556744933e-05,0.0018703776877373457,0.013998760841786861
7209,0.34742286801338196,2.6543764761299826e-05,0.001602429198101163,0.012833657674491405
7210,0.34256911277770996,1.7897684301715344e-05,0.0017891454044729471,0.013643267564475536
7211,0.3393283486366272,2.1542698959819973e-05,0.0016647165175527334,0.013103698380291462
7212,0.3382347524166107,1.975424493139144e-05,0.0017014703480526805,0.0132643673568964
7213,0.33941757678985596,1.8496330085326917e-05,0.001742904307320714,0.01344649214297533
7214,0.34262633323669434,2.387163112871349e-05,0.001626273151487112,0.01294542383402586
7215,0.34730812907218933,1.7831469449447468e-05,0.0018221542704850435,0.01379763800650835
7216,0.35269227623939514,2.8971124265808612e-05,0.0015728885773569345,0.012724117375910282
7217,0.3579631447792053,1.861013879533857e-05,0.001885232049971819,0.0140840457752347
7218,0.36224165558815,3.305910649942234e-05,0.001542450045235455,0.012601000256836414
7219,0.3648911714553833,1.9411976609262638e-05,0.0019178264774382114,0.014236456714570522
7220,0.36535149812698364,3.43110368703492e-05,0.0015332584735006094,0.012565539218485355
7221,0.3635813295841217,1.923568925121799e-05,0.0019103253725916147,0.014206532388925552
7222,0.35974884033203125,3.199871935066767e-05,0.0015454910462722182,0.012617591768503189
7223,0.35457274317741394,1.826012521632947e-05,0.0018617113819345832,0.013989323750138283
7224,0.3489169478416443,2.7129490263178013e-05,0.0015815452206879854,0.012771107256412506
7225,0.3438319265842438,1.7841726730694063e-05,0.0017830368597060442,0.01364225149154663
7226,0.34019842743873596,2.2013446141500026e-05,0.0016418230952695012,0.013030325062572956
7227,0.3386300802230835,1.9447714294074103e-05,0.0016950104618445039,0.013261833228170872
7228,0.33933916687965393,1.8705504771787673e-05,0.001718646613880992,0.01336743962019682
7229,0.34214910864830017,2.3368893380393274e-05,0.001617446425370872,0.012934536673128605
7230,0.3465639352798462,1.7805048628360964e-05,0.001797948032617569,0.013720434159040451
7231,0.35185128450393677,2.8447466320358217e-05,0.001561339246109128,0.012703003361821175
7232,0.35720351338386536,1.848540523496922e-05,0.0018629293190315366,0.014016534201800823
7233,0.3617396652698517,3.273424590588547e-05,0.0015285633271560073,0.012570127844810486
7234,0.3647877275943756,1.9339109712745994e-05,0.001899384893476963,0.014185699634253979
7235,0.3657335042953491,3.43507417710498e-05,0.0015173654537647963,0.012525690719485283
7236,0.36445602774620056,1.928641358972527e-05,0.0018971264362335205,0.014176476746797562
7237,0.3610307574272156,3.241545346099883e-05,0.0015274808974936604,0.012567424215376377
7238,0.35609906911849976,1.8355465726926923e-05,0.0018533373950049281,0.013978375121951103
7239,0.35047122836112976,2.7732286980608478e-05,0.0015609640395268798,0.012708771042525768
7240,0.34519508481025696,1.7806403775466606e-05,0.0017772160936146975,0.013641866855323315
7241,0.3411879241466522,2.25276035052957e-05,0.001618622918613255,0.012956442311406136
7242,0.3391364514827728,1.9154971596435644e-05,0.0016888631507754326,0.013261405751109123
7243,0.3393433392047882,1.895612513180822e-05,0.0016938952030614018,0.013286929577589035
7244,0.3417169451713562,2.2859090677229688e-05,0.001609204919077456,0.012925793416798115
7245,0.3458244204521179,1.779953163350001e-05,0.0017734195571392775,0.013641418889164925
7246,0.3509807884693146,2.7899175620405003e-05,0.0015504208859056234,0.012683219276368618
7247,0.3563931882381439,1.8362668924964964e-05,0.0018407285679131746,0.013947066850960255
7248,0.36117780208587646,3.2380827178712934e-05,0.001515255426056683,0.012539887800812721
7249,0.3646252751350403,1.9260367480455898e-05,0.0018812165362760425,0.014133053831756115
7250,0.36606869101524353,3.4372784284641966e-05,0.001501919236034155,0.012485913001000881
7251,0.36530494689941406,1.9334374883328564e-05,0.0018841158598661423,0.014144973829388618
7252,0.3623207211494446,3.283359546912834e-05,0.0015097549185156822,0.012517248280346394
7253,0.3576761782169342,1.8462755178916268e-05,0.0018451085779815912,0.013967093080282211
7254,0.35211506485939026,2.8365562684484757e-05,0.0015405438607558608,0.01264615636318922
7255,0.3466770350933075,1.779264675860759e-05,0.0017717938171699643,0.01364278607070446
7256,0.34230801463127136,2.3089718524715863e-05,0.0015954545233398676,0.012881863862276077
7257,0.33976736664772034,1.8880075003835373e-05,0.0016833556583151221,0.013263140805065632
7258,0.33944857120513916,1.925157630466856e-05,0.0016691135242581367,0.013205200433731079
7259,0.3413469195365906,2.234589192084968e-05,0.0016017844900488853,0.012919340282678604
7260,0.34510156512260437,1.7819629647419788e-05,0.001748779322952032,0.013560290448367596
7261,0.3500766456127167,2.7320529625285417e-05,0.001540286699309945,0.012665280140936375
7262,0.35549935698509216,1.8241094949189574e-05,0.0018182378262281418,0.013874371536076069
7263,0.36048951745033264,3.197212208760902e-05,0.0015026256442070007,0.012511036358773708
7264,0.3643092215061188,1.9164406694471836e-05,0.001862567150965333,0.014076431281864643
7265,0.366243451833725,3.433047459111549e-05,0.0014870758168399334,0.012447375804185867
7266,0.36600977182388306,1.936579792527482e-05,0.0018704751273617148,0.014109542593359947
7267,0.36350542306900024,3.3206582884304225e-05,0.0014925110153853893,0.012468256056308746
7268,0.35919925570487976,1.8570282918517478e-05,0.0018363907001912594,0.013953245244920254
7269,0.35376521944999695,2.899005812651012e-05,0.0015204910887405276,0.012584676966071129
7270,0.3482198715209961,1.780192178557627e-05,0.0017662636237218976,0.013642815873026848
7271,0.3435295522212982,2.367724482610356e-05,0.0015725560951977968,0.012808105908334255
7272,0.3405197262763977,1.863462784967851e-05,0.001678271102719009,0.013265499845147133
7273,0.3396710753440857,1.9585684640333056e-05,0.001644481671974063,0.013123373501002789
7274,0.3410738408565521,2.184978438890539e-05,0.0015948076033964753,0.012914071790874004
7275,0.3444417715072632,1.7868556824396364e-05,0.00172408705111593,0.013478181324899197
7276,0.3491934835910797,2.6736172003438696e-05,0.0015306179411709309,0.012648332864046097
7277,0.3545801341533661,1.8128172087017447e-05,0.0017955034272745252,0.01379967387765646
7278,0.35972845554351807,3.1527997634839267e-05,0.001490436727181077,0.012483143247663975
7279,0.3638758063316345,1.9057468307437375e-05,0.0018435564124956727,0.014016516506671906
7280,0.36626842617988586,3.4228971344418824e-05,0.0014727391535416245,0.012409842573106289
7281,0.36655545234680176,1.937726847245358e-05,0.0018564253114163876,0.014070278964936733
7282,0.36454153060913086,3.3516858820803463e-05,0.0014758758479729295,0.012420794926583767
7283,0.3606092035770416,1.8670780264073983e-05,0.0018271536100655794,0.013935647904872894
7284,0.3553554117679596,2.9578070098068565e-05,0.0015010387869551778,0.012525147758424282
7285,0.3497656583786011,1.7829534044722095e-05,0.001760172308422625,0.013640429824590683
7286,0.3448096513748169,2.426509490760509e-05,0.0015501469606533647,0.01273642759770155
7287,0.3413721024990082,1.8427475879434496e-05,0.0016728327609598637,0.013266692869365215
7288,0.3400156497955322,1.994596459553577e-05,0.001620223862119019,0.013042964041233063
7289,0.3409191370010376,2.138712807209231e-05,0.0015880769351497293,0.012908849865198135
7290,0.34387651085853577,1.7945563740795478e-05,0.0016997689381241798,0.01339615136384964
7291,0.3483652174472809,2.6160756533499807e-05,0.0015215579187497497,0.012631948105990887
7292,0.3536698520183563,1.802814040274825e-05,0.0017731556436046958,0.013723675161600113
7293,0.35893094539642334,3.1062765629030764e-05,0.0014788878615945578,0.012455947697162628
7294,0.36336877942085266,1.8944723706226796e-05,0.0018246325198560953,0.013954568654298782
7295,0.36619433760643005,3.408757038414478e-05,0.0014589270576834679,0.012372863478958607
7296,0.3669900894165039,1.9374736439203843e-05,0.0018420404521748424,0.014028549194335938
7297,0.3654775619506836,3.3785836421884596e-05,0.001459594233892858,0.012374146841466427
7298,0.36195504665374756,1.8767634173855186e-05,0.0018173487624153495,0.013915943913161755
7299,0.35693198442459106,3.015210859302897e-05,0.0014819353818893433,0.012466584332287312
7300,0.351347416639328,1.7873924662126228e-05,0.0017538705142214894,0.013636978343129158
7301,0.34617021679878235,2.4871704226825386e-05,0.0015281394589692354,0.01266547106206417
7302,0.34233358502388,1.8249391359859146e-05,0.0016678055981174111,0.013267923146486282
7303,0.34047746658325195,2.0341045456007123e-05,0.0015963324112817645,0.012962684966623783
7304,0.34087085723876953,2.094763476634398e-05,0.001581903314217925,0.012904333882033825
7305,0.3433929681777954,1.8053448002319783e-05,0.001675760606303811,0.013313384726643562
7306,0.34758350253105164,2.5588509743101895e-05,0.0015131656546145678,0.012616492807865143
7307,0.35276228189468384,1.7941325495485216e-05,0.0017508819000795484,0.013646231032907963
7308,0.3580922782421112,3.057365756831132e-05,0.0014678622828796506,0.012429585680365562
7309,0.36277884244918823,1.8826191080734134e-05,0.001805444248020649,0.013890414498746395
7310,0.36600732803344727,3.389954872545786e-05,0.0014454636257141829,0.012336735613644123
7311,0.3673018217086792,1.9356524717295542e-05,0.0018269820138812065,0.013984384015202522
7312,0.3663042187690735,3.4009699447778985e-05,0.0014436598867177963,0.01232838910073042
7313,0.363220751285553,1.8859034753404558e-05,0.001807057997211814,0.013893885537981987
7314,0.35847097635269165,3.0703042284585536e-05,0.0014632361708208919,0.012409200891852379
7315,0.3529466390609741,1.7933069102582522e-05,0.0017473904881626368,0.013631980866193771
7316,0.34759750962257385,2.5489754989393987e-05,0.001506603555753827,0.012595539912581444
7317,0.3433968722820282,1.810122557799332e-05,0.0016629764577373862,0.01326867938041687
7318,0.3410554528236389,2.076962664432358e-05,0.0015727747231721878,0.012882595881819725
7319,0.3409334719181061,2.053081516351085e-05,0.0015762320253998041,0.012900574132800102
7320,0.34299415349960327,1.8195039956481196e-05,0.00165191397536546,0.013229570351541042
7321,0.3468479514122009,2.5017207008204423e-05,0.0015051926020532846,0.012602035887539387
7322,0.35186058282852173,1.7869630028144456e-05,0.0017283892957493663,0.013567251153290272
7323,0.3572174310684204,3.0060804419917986e-05,0.0014572173822671175,0.012404095381498337
7324,0.3621157705783844,1.870499545475468e-05,0.0017858599312603474,0.01382414810359478
7325,0.3657194674015045,3.3669017284410074e-05,0.001432312885299325,0.012301241047680378
7326,0.36749354004859924,1.9322862499393523e-05,0.0018114428967237473,0.013937866315245628
7327,0.36701008677482605,3.418539199628867e-05,0.0014281569747254252,0.012283394113183022
7328,0.36438503861427307,1.8941122107207775e-05,0.001796394120901823,0.013869013637304306
7329,0.3599500060081482,3.12215015583206e-05,0.0014450924936681986,0.012353166937828064
7330,0.3545374870300293,1.8003396689891815e-05,0.001740685780532658,0.01362477894872427
7331,0.3490683138370514,2.6110585167771205e-05,0.0014857463538646698,0.012526785023510456
7332,0.34454822540283203,1.7983245925279334e-05,0.001658276654779911,0.013268425129354
7333,0.3417465388774872,2.1225405362201855e-05,0.0015497542917728424,0.012803344987332821
7334,0.34111177921295166,2.01451221073512e-05,0.001570967142470181,0.01289685070514679
7335,0.34269705414772034,1.8368637029198e-05,0.0016282874858006835,0.013145695440471172
7336,0.346186101436615,2.445811878715176e-05,0.001497679273597896,0.012588446028530598
7337,0.35099178552627563,1.7816595573094673e-05,0.001705780508928001,0.013487539254128933
7338,0.356331467628479,2.9535705834859982e-05,0.0014470004243776202,0.012379243038594723
7339,0.36140137910842896,1.8583265045890585e-05,0.0017661558231338859,0.013756469823420048
7340,0.3653492331504822,3.3402848202968016e-05,0.0014196453848853707,0.012266445904970169
7341,0.3675908148288727,1.9278140825917944e-05,0.001795798772946,0.013889377005398273
7342,0.3676275312900543,3.43260180670768e-05,0.0014131572097539902,0.01223887037485838
7343,0.3654875159263611,1.9017470549442805e-05,0.001785662374459207,0.013842321932315826
7344,0.3614092171192169,3.172704964526929e-05,0.0014274336863309145,0.012297745794057846
7345,0.3561563193798065,1.8086855561705306e-05,0.001734142191708088,0.013616351410746574
7346,0.35061225295066833,2.6750292818178423e-05,0.001465244684368372,0.012458434328436852
7347,0.345803827047348,1.7890548406285234e-05,0.0016538836061954498,0.013268284499645233
7348,0.3425576984882355,2.1719240976381116e-05,0.001526862382888794,0.012723976746201515
7349,0.34140732884407043,1.9782652088906616e-05,0.0015661681536585093,0.01289406418800354
7350,0.3424939811229706,1.857918869063724e-05,0.0016046508681029081,0.013060973957180977
7351,0.3455832898616791,2.3902235625428148e-05,0.0014907213626429439,0.012576124630868435
7352,0.3501432538032532,1.7783124349080026e-05,0.0016830837121233344,0.013406402431428432
7353,0.3554229140281677,2.8989532438572496e-05,0.0014372612349689007,0.012355433776974678
7354,0.3606235384941101,1.8460559658706188e-05,0.0017460060771554708,0.01368681900203228
7355,0.3648809790611267,3.309395833639428e-05,0.0014072571648284793,0.012232473120093346
7356,0.36756303906440735,1.9219305613660254e-05,0.0017795253079384565,0.013838039711117744
7357,0.3681104779243469,3.441322041908279e-05,0.0013984538381919265,0.012195270508527756
7358,0.3664657473564148,1.9080143829341978e-05,0.0017742124618962407,0.013812354765832424
7359,0.36277568340301514,3.2189425837714225e-05,0.0014102431014180183,0.012243743054568768
7360,0.35773035883903503,1.8176986486651003e-05,0.0017272931290790439,0.013604928739368916
7361,0.35216763615608215,2.7378802769817412e-05,0.0014454167103394866,0.012391730211675167
7362,0.3471224308013916,1.7825446775532328e-05,0.0016495134914293885,0.013266601599752903
7363,0.34346622228622437,2.2230804461287335e-05,0.0015047427732497454,0.012646102346479893
7364,0.3418179154396057,1.9457616872387007e-05,0.0015616723103448749,0.012890699319541454
7365,0.3424087166786194,1.8817871023202315e-05,0.0015813983045518398,0.012977366335690022
7366,0.3450819253921509,2.337226760573685e-05,0.0014838562346994877,0.012564137578010559
7367,0.34936392307281494,1.7773367289919406e-05,0.0016602901741862297,0.013325241394340992
7368,0.3545428216457367,2.8446120268199593e-05,0.0014276379952207208,0.012331984005868435
7369,0.3598269522190094,1.8342934708925895e-05,0.0017254484118893743,0.013616107404232025
7370,0.3643454313278198,3.275479321018793e-05,0.0013951503206044436,0.012199090793728828
7371,0.3674304187297821,1.9149949366692454e-05,0.0017630186630412936,0.013783973641693592
7372,0.36846891045570374,3.444962203502655e-05,0.0013843488413840532,0.01215256005525589
7373,0.3673219382762909,1.9128234271192923e-05,0.001762769534252584,0.013779214583337307
7374,0.3640423119068146,3.260798257542774e-05,0.0013939382042735815,0.012190916575491428
7375,0.35924816131591797,1.827011328714434e-05,0.0017204605974256992,0.013590455986559391
7376,0.35372060537338257,2.799107096507214e-05,0.0014262935146689415,0.012326698750257492
7377,0.3484901189804077,1.778485057002399e-05,0.0016450032126158476,0.013263334520161152
7378,0.3444676697254181,2.276186933158897e-05,0.001482888706959784,0.01256935577839613
7379,0.3423420190811157,1.9163857359671965e-05,0.0015570524847134948,0.012887407094240189
7380,0.34243157505989075,1.908818376250565e-05,0.00155806471593678,0.012894155457615852
7381,0.34466564655303955,2.285950176883489e-05,0.0014772547874599695,0.012552891857922077
7382,0.34863340854644775,1.778705518518109e-05,0.0016374536789953709,0.013243269175291061
7383,0.3536684513092041,2.789092468447052e-05,0.00141849834471941,0.012309621088206768
7384,0.35899150371551514,1.8228973203804344e-05,0.001704889815300703,0.013543530367314816
7385,0.36373403668403625,3.2381052733398974e-05,0.0013836678117513657,0.012166493572294712
7386,0.3671922981739044,1.9069504560320638e-05,0.0017464642878621817,0.013727161101996899
7387,0.3687054514884949,3.4436568967066705e-05,0.0013707464095205069,0.012110750190913677
7388,0.36805883049964905,1.9163155229762197e-05,0.0017508560558781028,0.013742884621024132
7389,0.36521705985069275,3.298687806818634e-05,0.0013779796427115798,0.012139069847762585
7390,0.36071789264678955,1.8364782590651885e-05,0.0017130605410784483,0.013573641888797283
7391,0.35527729988098145,2.859333653759677e-05,0.001407505595125258,0.012262889184057713
7392,0.34991398453712463,1.7767297322279774e-05,0.0016403637127950788,0.013259002938866615
7393,0.345560222864151,2.331437099201139e-05,0.0014614303363487124,0.012493486516177654
7394,0.34297674894332886,1.8899188944487832e-05,0.001552765490487218,0.01288435235619545
7395,0.34256353974342346,1.9391995010664687e-05,0.0015349622117355466,0.012811093591153622
7396,0.34433606266975403,2.236117870779708e-05,0.0014712563715875149,0.012542616575956345
7397,0.34795424342155457,1.7826878320192918e-05,0.0016146661946550012,0.013160129077732563
7398,0.3528011739253998,2.732362918322906e-05,0.0014099215622991323,0.012288421392440796
7399,0.35812124609947205,1.8121974790119566e-05,0.001684129936620593,0.013468816876411438
7400,0.36305058002471924,3.19742648571264e-05,0.0013725834432989359,0.012134606018662453
7401,0.36685946583747864,1.898025584523566e-05,0.001729472540318966,0.013667704537510872
7402,0.36883801221847534,3.438130806898698e-05,0.0013574890326708555,0.012069647200405598
7403,0.36869844794273376,1.9187100406270474e-05,0.0017385176615789533,0.013704043813049793
7404,0.36632055044174194,3.3335312764393166e-05,0.0013624400598928332,0.012087943963706493
7405,0.3621561825275421,1.8461138097336516e-05,0.0017055461648851633,0.013555203564465046
7406,0.3568507134914398,2.9192058718763292e-05,0.0013892205897718668,0.012200016528367996
7407,0.3513980209827423,1.7770462363841943e-05,0.0016359869623556733,0.01325412280857563
7408,0.34674784541130066,2.3891974706202745e-05,0.0014404761604964733,0.01241828128695488
7409,0.34372204542160034,1.8661117792362347e-05,0.0015488448552787304,0.012881872244179249
7410,0.3428076207637787,1.972988320630975e-05,0.0015120847383514047,0.012728245928883553
7411,0.3441047966480255,2.188536018365994e-05,0.001465494860894978,0.012532929889857769
7412,0.34734857082366943,1.7893329641083255e-05,0.00159172632265836,0.013076571747660637
7413,0.35197514295578003,2.675992072909139e-05,0.0014015539782121778,0.012267868034541607
7414,0.3572540879249573,1.8026543330051936e-05,0.0016631005564704537,0.013392687775194645
7415,0.36233243346214294,3.1548428523819894e-05,0.0013618730008602142,0.01210322231054306
7416,0.3664540946483612,1.8884940800489858e-05,0.0017123069847002625,0.01360612828284502
7417,0.3688756227493286,3.428638956393115e-05,0.0013446877710521221,0.012029172852635384
7418,0.36923855543136597,1.919975329656154e-05,0.0017263256013393402,0.013662634417414665
7419,0.36733826994895935,3.364764779689722e-05,0.001347457291558385,0.012037530541419983
7420,0.3635407090187073,1.8555416318122298e-05,0.0016978706698864698,0.013534829951822758
7421,0.35841459035873413,2.977785698021762e-05,0.0013713407097384334,0.01213817484676838
7422,0.35292020440101624,1.7793208826333284e-05,0.001631277846172452,0.013248046860098839
7423,0.34801438450813293,2.4484474124619737e-05,0.0014195756521075964,0.012344205752015114
7424,0.34457409381866455,1.8452392396284267e-05,0.0015446655452251434,0.012879461981356144
7425,0.34316450357437134,2.010319076362066e-05,0.0014892624458298087,0.012645391747355461
7426,0.34397047758102417,2.1427473257062957e-05,0.0014602511655539274,0.012524183839559555
7427,0.3468058705329895,1.798872835934162e-05,0.0015688936691731215,0.012991830706596375
7428,0.35116565227508545,2.618466896819882e-05,0.001393879298120737,0.012248706072568893
7429,0.3563533425331116,1.7941581972991116e-05,0.0016422144835814834,0.013313948176801205
7430,0.36153021454811096,3.1080278859008104e-05,0.0013518058694899082,0.012073098681867123
7431,0.3659268915653229,1.8777856894303113e-05,0.0016946449177339673,0.013541458174586296
7432,0.36876851320266724,3.413276499486528e-05,0.0013322505401447415,0.011989681981503963
7433,0.3696315586566925,1.919612623169087e-05,0.0017130565829575062,0.013617770746350288
7434,0.368232399225235,3.390747224329971e-05,0.0013326022308319807,0.011988287791609764
7435,0.3648449182510376,1.8644492229213938e-05,0.0016891859704628587,0.013512037694454193
7436,0.35995352268218994,3.0345683626364917e-05,0.0013537905178964138,0.012077334336936474
7437,0.3544764816761017,1.7832981029641815e-05,0.0016265729209408164,0.01324083749204874
7438,0.34936296939849854,2.50964003498666e-05,0.0013992919120937586,0.012270854786038399
7439,0.3455374836921692,1.8271477529197e-05,0.0015413479413837194,0.012877299450337887
7440,0.34363672137260437,2.0512830815277994e-05,0.0014671137323603034,0.012562510557472706
7441,0.34394189715385437,2.099132507282775e-05,0.001455619465559721,0.012516227550804615
7442,0.3463462293148041,1.811338370316662e-05,0.0015461831353604794,0.012906646355986595
7443,0.35040873289108276,2.5616391212679446e-05,0.001386606483720243,0.012230190448462963
7444,0.35546988248825073,1.7872307580546476e-05,0.0016209551831707358,0.0132340332493186
7445,0.36070773005485535,3.059608570765704e-05,0.0013418905436992645,0.012043620459735394
7446,0.36534374952316284,1.866955244622659e-05,0.0016764060128480196,0.013475006446242332
7447,0.3685740530490875,3.394371742615476e-05,0.0013201026013121009,0.011950629763305187
7448,0.3699190020561218,1.917957706609741e-05,0.0016994718462228775,0.01357064489275217
7449,0.36901766061782837,3.412089427001774e-05,0.001318246591836214,0.01193999219685793
7450,0.36605989933013916,1.8727081624092534e-05,0.0016805079067125916,0.013486518524587154
7451,0.3614461123943329,3.088708035647869e-05,0.0013368644285947084,0.012017658911645412
7452,0.3560415208339691,1.7886384739540517e-05,0.00162184436339885,0.013231915421783924
7453,0.3507724106311798,2.571670302131679e-05,0.001379405613988638,0.012198681943118572
7454,0.34659895300865173,1.8120703316526487e-05,0.0015379964606836438,0.012874660082161427
7455,0.3442247211933136,2.0956480511813425e-05,0.0014449196169152856,0.012479868717491627
7456,0.34402233362197876,2.057619349216111e-05,0.0014511754270642996,0.012509272433817387
7457,0.34596771001815796,1.8272030501975678e-05,0.0015232833102345467,0.012820523232221603
7458,0.34969356656074524,2.50461271207314e-05,0.001379825989715755,0.012212865054607391
7459,0.3545808792114258,1.781844548531808e-05,0.0015996242873370647,0.01315226312726736
7460,0.3598370850086212,3.0081257136771455e-05,0.001332545536570251,0.012015278451144695
7461,0.36467716097831726,1.8556815120973624e-05,0.0016580917872488499,0.013406132347881794
7462,0.3682767152786255,3.371138154761866e-05,0.0013083367375656962,0.011912276968359947
7463,0.37010130286216736,1.914998938445933e-05,0.0016853467095643282,0.013521159067749977
7464,0.36971914768218994,3.42998537234962e-05,0.0013040791964158416,0.011892247945070267
7465,0.367228627204895,1.8807739252224565e-05,0.001671300269663334,0.013459191657602787
7466,0.3629375100135803,3.142344212392345e-05,0.0013201157562434673,0.011958392336964607
7467,0.35765036940574646,1.7954220311366953e-05,0.0016169731970876455,0.0132223479449749
7468,0.3522651195526123,2.6360530682723038e-05,0.0013598755467683077,0.012126817367970943
7469,0.34777116775512695,1.7996615497395396e-05,0.001535122049972415,0.012872363440692425
7470,0.3449353873729706,2.1438987459987402e-05,0.001423159148544073,0.012397215701639652
7471,0.3442152440547943,2.0181316358502954e-05,0.0014475587522611022,0.012503547593951225
7472,0.34567904472351074,1.8467104382580146e-05,0.001500731217674911,0.012733545154333115
7473,0.349032461643219,2.447806764394045e-05,0.0013737078988924623,0.012196808122098446
7474,0.3537083566188812,1.7782622308004647e-05,0.0015780057292431593,0.01306925993412733
7475,0.3589450716972351,2.9547307349275798e-05,0.0013234324287623167,0.011987891048192978
7476,0.36395299434661865,1.8445347450324334e-05,0.0016389975789934397,0.013335256837308407
7477,0.36789125204086304,3.344084689160809e-05,0.0012966844951733947,0.011874641291797161
7478,0.37017616629600525,1.910779974423349e-05,0.0016703797737136483,0.013469232246279716
7479,0.37030550837516785,3.4432414395269006e-05,0.001290314830839634,0.01184528786689043
7480,0.36829403042793274,1.887981670734007e-05,0.0016618834342807531,0.01342870481312275
7481,0.3643578588962555,3.192348231095821e-05,0.0013041328638792038,0.01190047338604927
7482,0.35923507809638977,1.8030574210570194e-05,0.0016121630324050784,0.013210315257310867
7483,0.35378605127334595,2.6999688998330384e-05,0.0013411100953817368,0.012056357227265835
7484,0.34901756048202515,1.7902548279380426e-05,0.0015324316918849945,0.012868763878941536
7485,0.3457515239715576,2.194303488067817e-05,0.0014017610810697079,0.012315901927649975
7486,0.3445280194282532,1.982127650990151e-05,0.0014438028447329998,0.01249777339398861
7487,0.345502644777298,1.86949509952683e-05,0.0014780656201764941,0.012646986171603203
7488,0.34845688939094543,2.3928161681396887e-05,0.001367595512419939,0.012181367725133896
7489,0.3528795540332794,1.776787030394189e-05,0.0015559541061520576,0.012985614128410816
7490,0.3580431640148163,2.8998425477766432e-05,0.0013146329438313842,0.011961323209106922
7491,0.3631640374660492,1.8334223568672314e-05,0.0016196995275095105,0.013262077234685421
7492,0.3673921525478363,3.3119569707196206e-05,0.00128559663426131,0.011838068254292011
7493,0.3701017200946808,1.9048900867346674e-05,0.00165522750467062,0.013413604348897934
7494,0.37073254585266113,3.4500328183639795e-05,0.0012771458132192492,0.011799496598541737
7495,0.36921390891075134,1.8936665583169088e-05,0.0016518912743777037,0.013394222594797611
7496,0.3656729459762573,3.2374686270486563e-05,0.0012885482283309102,0.011844041757285595
7497,0.3607718050479889,1.81132709258236e-05,0.0016066000098362565,0.013195300474762917
7498,0.35532045364379883,2.7629706892184913e-05,0.0013225727016106248,0.011987346224486828
7499,0.35033127665519714,1.783537481969688e-05,0.0015291516901925206,0.012864076532423496
7500,0.34666988253593445,2.2470328985946253e-05,0.0013805433409288526,0.012235655449330807
7501,0.3449571132659912,1.9492759747663513e-05,0.0014403550885617733,0.012492244131863117
7502,0.3454340696334839,1.8955393898067996e-05,0.001455720979720354,0.012560730800032616
7503,0.34796789288520813,2.3395179596263915e-05,0.0013621333055198193,0.012166720815002918
7504,0.35210588574409485,1.7775755623006262e-05,0.0015343092381954193,0.01290147751569748
7505,0.3571605980396271,2.8446525902836584e-05,0.0013062561629340053,0.011935382150113583
7506,0.3623597323894501,1.8229815395898186e-05,0.0016003467608243227,0.013187565840780735
7507,0.3668481111526489,3.277726864325814e-05,0.001274656387977302,0.011801865883171558
7508,0.36996349692344666,1.898413393064402e-05,0.0016394585836678743,0.013356146402657032
7509,0.37108972668647766,3.454077523201704e-05,0.0012640290660783648,0.01175396703183651
7510,0.370075523853302,1.8988641386386007e-05,0.0016413778066635132,0.013357789255678654
7511,0.36695507168769836,3.2808569812914357e-05,0.0012731639435514808,0.011788186617195606
7512,0.36231204867362976,1.8203538274974562e-05,0.001601073076017201,0.013179025612771511
7513,0.3569025993347168,2.826953277690336e-05,0.0013045680243521929,0.011918896809220314
7514,0.3517329692840576,1.7791222489904612e-05,0.0015265342080965638,0.012859469279646873
7515,0.3477019965648651,2.303055953234434e-05,0.0013598001096397638,0.01215575821697712
7516,0.3455047607421875,1.918984344229102e-05,0.0014374610036611557,0.0124876219779253
7517,0.34547290205955505,1.925494143506512e-05,0.0014334021834656596,0.012473976239562035
7518,0.34755590558052063,2.2869426175020635e-05,0.001356820692308247,0.012153573334217072
7519,0.3513677418231964,1.780949969543144e-05,0.0015119652962312102,0.012815815396606922
7520,0.3562677800655365,2.7877254979102872e-05,0.0012981569161638618,0.01191054005175829
7521,0.3614988923072815,1.8128888768842444e-05,0.001580192125402391,0.01311065349727869
7522,0.36620813608169556,3.238891076762229e-05,0.001264170161448419,0.01176685094833374
7523,0.3697003424167633,1.890807288873475e-05,0.001623569754883647,0.013295255601406097
7524,0.3713117837905884,3.452633609413169e-05,0.0012515902053564787,0.011709376238286495
7525,0.37081462144851685,1.9025539586436935e-05,0.0016308199847117066,0.013318345881998539
7526,0.3681487739086151,3.320320320199244e-05,0.001258351025171578,0.011733361519873142
7527,0.3638157844543457,1.8298700524610467e-05,0.0015953313559293747,0.013160442933440208
7528,0.35850101709365845,2.8903450584039092e-05,0.0012867387849837542,0.01185157336294651
7529,0.3531983196735382,1.7769918486010283e-05,0.0015232672449201345,0.012854126282036304
7530,0.3488321006298065,2.361559381824918e-05,0.0013389900559559464,0.012076598592102528
7531,0.34616953134536743,1.891911779239308e-05,0.0014344466617330909,0.012483149766921997
7532,0.3456271290779114,1.9587709175539203e-05,0.0014111152850091457,0.012387610040605068
7533,0.34724414348602295,2.236619548057206e-05,0.0013519969070330262,0.012141037732362747
7534,0.35070329904556274,1.7870315787149593e-05,0.0014902078546583652,0.012729626148939133
7535,0.3554120659828186,2.7308695280225947e-05,0.0012907312484458089,0.01188642717897892
7536,0.36063119769096375,1.8036886103800498e-05,0.0015604804502800107,0.013032392598688602
7537,0.3655146062374115,3.197521436959505e-05,0.0012540796305984259,0.01173233613371849
7538,0.3693375587463379,1.882366450445261e-05,0.0016071017598733306,0.013231731951236725
7539,0.371396005153656,3.44553409377113e-05,0.0012392657808959484,0.011665734462440014
7540,0.37138959765434265,1.904477903735824e-05,0.001618745387531817,0.013274979777634144
7541,0.3691810369491577,3.352912608534098e-05,0.0012438177363947034,0.011680062860250473
7542,0.3651880621910095,1.838746902649291e-05,0.0015881790313869715,0.013137688860297203
7543,0.36002257466316223,2.94889814540511e-05,0.0012695335317403078,0.011786682531237602
7544,0.3546545207500458,1.7769794794730842e-05,0.0015197221655398607,0.012845654040575027
7545,0.3500165641307831,2.419751945126336e-05,0.00131926778703928,0.011999539099633694
7546,0.34693247079849243,1.8685750546865165e-05,0.0014318032190203667,0.012477539479732513
7547,0.345898300409317,1.994683589146007e-05,0.001389533281326294,0.012302328832447529
7548,0.34703871607780457,2.1890637071919627e-05,0.001347570912912488,0.012128776870667934
7549,0.35011130571365356,1.7959942852030508e-05,0.001468175440095365,0.01264276634901762
7550,0.35458001494407654,2.6734182029031217e-05,0.0012833902146667242,0.011863412335515022
7551,0.3597378730773926,1.795519347069785e-05,0.001539703574962914,0.012952178716659546
7552,0.3647496998310089,3.152567660436034e-05,0.001244163140654564,0.011698763817548752
7553,0.36887282133102417,1.8731498130364344e-05,0.001590084400959313,0.013165547512471676
7554,0.371366947889328,3.433637539274059e-05,0.00122734101023525,0.01162289921194315
7555,0.37186452746391296,1.9052436982747167e-05,0.0016068188706412911,0.013229222036898136
7556,0.37014269828796387,3.382476279512048e-05,0.0012297476641833782,0.011627345345914364
7557,0.36653071641921997,1.8476717741577886e-05,0.0015812887577340007,0.013113425113260746
7558,0.36156490445137024,3.0075541872065514e-05,0.0012526466744020581,0.011722277849912643
7559,0.3561759889125824,1.7789083358366042e-05,0.0015160265611484647,0.012836773879826069
7560,0.3512992262840271,2.4809225578792393e-05,0.0012993833515793085,0.011922639794647694
7561,0.3478097915649414,1.8477856428944506e-05,0.001428989227861166,0.012472565285861492
7562,0.3462837338447571,2.0344636141089723e-05,0.0013676834059879184,0.01221671886742115
7563,0.3469333052635193,2.143357414752245e-05,0.0013434201246127486,0.012117498554289341
7564,0.3495955169200897,1.8079155779560097e-05,0.001446320558898151,0.012555302120745182
7565,0.353793740272522,2.6162439098698087e-05,0.0012766483705490828,0.011841234751045704
7566,0.3588539659976959,1.7887003195937723e-05,0.0015195445157587528,0.012870860286056995
7567,0.3639577627182007,3.105846917605959e-05,0.0012347777374088764,0.0116657093167305
7568,0.36834660172462463,1.8635855667525902e-05,0.0015729344449937344,0.013097665272653103
7569,0.37124869227409363,3.4180498914793134e-05,0.001215567928738892,0.011580589227378368
7570,0.37223702669143677,1.9049388356506824e-05,0.0015937340212985873,0.013180996291339397
7571,0.3710092306137085,3.40803453582339e-05,0.0012157129822298884,0.011575412005186081
7572,0.36780890822410583,1.856323615356814e-05,0.0015732228057458997,0.013086797669529915
7573,0.36308807134628296,3.064715565415099e-05,0.0012360094115138054,0.011658784933388233
7574,0.35773223638534546,1.782537037797738e-05,0.0015124421333894134,0.012826556339859962
7575,0.35266217589378357,2.54392325587105e-05,0.0012801383854821324,0.011846425011754036
7576,0.3487977385520935,1.8297323549631983e-05,0.001427051960490644,0.012467809952795506
7577,0.34678736329078674,2.078046600217931e-05,0.0013464742805808783,0.012130996212363243
7578,0.3469325304031372,2.0994544684072025e-05,0.0013400280149653554,0.012107421644032001
7579,0.3491544723510742,1.8231148715130985e-05,0.0014243705663830042,0.012466897256672382
7580,0.35304349660873413,2.558667074481491e-05,0.001270222826860845,0.011820302344858646
7581,0.3579613268375397,1.7834077880252153e-05,0.0014984370209276676,0.012787801213562489
7582,0.3631110191345215,3.055977504118346e-05,0.0012254646280780435,0.01163365039974451
7583,0.3677246570587158,1.8534945411374792e-05,0.0015547135844826698,0.013027227483689785
7584,0.3710070550441742,3.39730286214035e-05,0.0012040931032970548,0.011539083905518055
7585,0.3724733889102936,1.9031271222047508e-05,0.0015803800197318196,0.01312943920493126
7586,0.3717482388019562,3.428257696214132e-05,0.0012022197479382157,0.011524529196321964
7587,0.3689875900745392,1.86421129910741e-05,0.0015652078436687589,0.013056900352239609
7588,0.36455580592155457,3.1186464184429497e-05,0.0012200871715322137,0.011596630327403545
7589,0.35928502678871155,1.7875974663184024e-05,0.0015087055508047342,0.012813931331038475
7590,0.35407599806785583,2.6072899345308542e-05,0.0012612673453986645,0.011771490797400475
7591,0.3498786687850952,1.8147296941606328e-05,0.0014247820945456624,0.012462468817830086
7592,0.34740734100341797,2.1248622942948714e-05,0.001325045945122838,0.012045779265463352
7593,0.3470453917980194,2.0581130229402333e-05,0.0013365877093747258,0.012098132632672787
7594,0.34880080819129944,1.8417111277813092e-05,0.0014019167283549905,0.012377940118312836
7595,0.35233646631240845,2.5007426302181557e-05,0.001264154794625938,0.01180083118379116
7596,0.35706135630607605,1.7798887711251155e-05,0.0014771539717912674,0.01270265318453312
7597,0.36220839619636536,3.00263382086996e-05,0.0012167389504611492,0.011602885089814663
7598,0.36700570583343506,1.8429756892146543e-05,0.0015364044811576605,0.012953851372003555
7599,0.3706413507461548,3.3712385629769415e-05,0.0011930149048566818,0.011498556472361088
7600,0.3725791275501251,1.899919516290538e-05,0.0015663295052945614,0.01307457871735096
7601,0.3723716735839844,3.443631430855021e-05,0.0011888904264196754,0.011474569328129292
7602,0.37009090185165405,1.8716171325650066e-05,0.0015563112683594227,0.013024438172578812
7603,0.3660053610801697,3.171449861838482e-05,0.0012041479349136353,0.011535008437931538
7604,0.36088237166404724,1.794126001186669e-05,0.0015045789768919349,0.012800726108253002
7605,0.35558462142944336,2.673548078746535e-05,0.0012424467131495476,0.01169669721275568
7606,0.35108616948127747,1.802232873160392e-05,0.0014230897650122643,0.012458260171115398
7607,0.348157674074173,2.176526322728023e-05,0.0013038157485425472,0.011959866620600224
7608,0.34727293252944946,2.0179899365757592e-05,0.0013340460136532784,0.012091046199202538
7609,0.3485298752784729,1.8645592717803083e-05,0.0013794538099318743,0.012287314981222153
7610,0.351669043302536,2.441800825181417e-05,0.0012587504461407661,0.011783364228904247
7611,0.3561539649963379,1.7784774172469042e-05,0.001455166726373136,0.012615111656486988
7612,0.3612520098686218,2.9457136406563222e-05,0.0012082539033144712,0.011573631316423416
7613,0.36619582772254944,1.832314046623651e-05,0.0015169072430580854,0.01287753414362669
7614,0.3701605796813965,3.340223338454962e-05,0.001182088628411293,0.01145896315574646
7615,0.3725622892379761,1.8953956896439195e-05,0.0015514889964833856,0.013016708195209503
7616,0.37288743257522583,3.454592661000788e-05,0.0011759315384551883,0.011425360105931759
7617,0.3711166977882385,1.8783550331136212e-05,0.001547384075820446,0.012989512644708157
7618,0.3674236834049225,3.222387022105977e-05,0.0011888344306498766,0.01147420983761549
7619,0.3625023365020752,1.8018519767792895e-05,0.0015008569462224841,0.012786435894668102
7620,0.3571683466434479,2.7417027013143525e-05,0.0012239539064466953,0.011622460559010506
7621,0.3524077534675598,1.7924412532011047e-05,0.0014215117553249002,0.012454655021429062
7622,0.34904149174690247,2.2326075850287452e-05,0.0012823255965486169,0.011873875744640827
7623,0.3476305603981018,1.9801595044555143e-05,0.001331564038991928,0.012085639871656895
7624,0.34836485981941223,1.891891224659048e-05,0.0013565008994191885,0.012195611372590065
7625,0.35106849670410156,2.3830521968193352e-05,0.0012537657748907804,0.011767593212425709
7626,0.3552713692188263,1.7795106032281183e-05,0.001433110679499805,0.012525806203484535
7627,0.36028173565864563,2.8868487788713537e-05,0.001200414728373289,0.011545529589056969
7628,0.3653382956981659,1.8220904166810215e-05,0.0014977161772549152,0.01279893796890974
7629,0.3696114718914032,3.30596485582646e-05,0.0011716752778738737,0.01142002735286951
7630,0.3724716603755951,1.890120438474696e-05,0.0015365853905677795,0.012956858612596989
7631,0.37334421277046204,3.4631921153049916e-05,0.00116308918222785,0.011376366019248962
7632,0.3721201419830322,1.8850707419915125e-05,0.0015379056567326188,0.012953506782650948
7633,0.3688730299472809,3.2742926123319194e-05,0.0011732365237548947,0.011413313448429108
7634,0.36420825123786926,1.8112201360054314e-05,0.0014967015013098717,0.012772892601788044
7635,0.35888436436653137,2.8147263947175816e-05,0.0012052895035594702,0.011547564528882504
7636,0.3538908064365387,1.7851567463367246e-05,0.0014205793850123882,0.012453341856598854
7637,0.350090354681015,2.2952352082938887e-05,0.0012607952812686563,0.011786505579948425
7638,0.348134309053421,1.943752431543544e-05,0.0013303275918588042,0.012083180248737335
7639,0.34830790758132935,1.9248373064328916e-05,0.001333481166511774,0.01210152916610241
7640,0.3505282402038574,2.3232234525494277e-05,0.0012497964780777693,0.011754530481994152
7641,0.3543934226036072,1.783524021448102e-05,0.0014103205176070333,0.012433480471372604
7642,0.35925984382629395,2.8239775929250754e-05,0.0011929140891879797,0.011519365943968296
7643,0.36438125371932983,1.8121485481970012e-05,0.0014771699206903577,0.012716751545667648
7644,0.368926465511322,3.265598206780851e-05,0.0011613573879003525,0.01138241495937109
7645,0.3722248673439026,1.8833590729627758e-05,0.0015204113442450762,0.012893237173557281
7646,0.37364479899406433,3.465404370217584e-05,0.0011505160946398973,0.011328419670462608
7647,0.37298697233200073,1.8904116586782038e-05,0.0015279771760106087,0.012913950718939304
7648,0.37022459506988525,3.321581971249543e-05,0.001158266793936491,0.011353758163750172
7649,0.3658753037452698,1.82129460881697e-05,0.0014925848226994276,0.012756670825183392
7650,0.36063095927238464,2.8874241252196953e-05,0.0011871742317453027,0.011473971419036388
7651,0.3554648458957672,1.78096324816579e-05,0.0014195824041962624,0.012451267801225185
7652,0.3512742817401886,2.36143205256667e-05,0.0012393563520163298,0.011699900962412357
7653,0.3487895727157593,1.91098060895456e-05,0.001329123042523861,0.012081537395715714
7654,0.34839269518852234,1.962560781976208e-05,0.0013101701624691486,0.012007182464003563
7655,0.350096732378006,2.2650148821412586e-05,0.0012461774749681354,0.011743036098778248
7656,0.3535766303539276,1.790989699657075e-05,0.0013874478172510862,0.012339575216174126
7657,0.35823947191238403,2.7592217520577833e-05,0.0011861909879371524,0.011494738981127739
7658,0.36336153745651245,1.8028691556537524e-05,0.001456547761335969,0.01263174694031477
7659,0.36811405420303345,3.219112113583833e-05,0.0011516209924593568,0.011346345767378807
7660,0.37179887294769287,1.8749622540781274e-05,0.0015034154057502747,0.012825203128159046
7661,0.3737335205078125,3.458813444012776e-05,0.001138339750468731,0.011282060295343399
7662,0.3736421465873718,1.8934375475510024e-05,0.001516295364126563,0.012869387865066528
7663,0.37139692902565,3.361103154020384e-05,0.0011436122003942728,0.011296081356704235
7664,0.3674217164516449,1.83123629540205e-05,0.0014869339065626264,0.012735887430608273
7665,0.3623286485671997,2.9561460905824788e-05,0.0011695114662870765,0.011402790434658527
7666,0.3570673167705536,1.7796071915654466e-05,0.0014181308215484023,0.012446455657482147
7667,0.35255134105682373,2.428610241622664e-05,0.0012188133550807834,0.01161531638354063
7668,0.349578320980072,1.8828457541530952e-05,0.001328477170318365,0.012078995816409588
7669,0.34862658381462097,2.0037134163430892e-05,0.0012877227272838354,0.0119142085313797
7670,0.3498053252696991,2.210576531069819e-05,0.001243012142367661,0.011731929145753384
7671,0.35286980867385864,1.801880353013985e-05,0.001364602241665125,0.012245873920619488
7672,0.3572864830493927,2.695622606552206e-05,0.0011794023448601365,0.011470818892121315
7673,0.36236006021499634,1.7950902474694885e-05,0.001434936886653304,0.012546058744192123
7674,0.3672696352005005,3.170740092173219e-05,0.0011417993810027838,0.011310730129480362
7675,0.37129223346710205,1.866115962911863e-05,0.001485659508034587,0.01275497768074274
7676,0.3737057149410248,3.447289782343432e-05,0.0011264241766184568,0.011236551217734814
7677,0.37415724992752075,1.8950428056996316e-05,0.0015043580206111073,0.012821194715797901
7678,0.3724316656589508,3.394627128727734e-05,0.001129484036937356,0.011239828541874886
7679,0.36886194348335266,1.8408178220852278e-05,0.0014809212880209088,0.012711207382380962
7680,0.36397290229797363,3.0211278499336913e-05,0.0011524432338774204,0.011333651840686798
7681,0.3586811423301697,1.7807589756557718e-05,0.0014159480342641473,0.012438751757144928
7682,0.3538977801799774,2.4959877919172868e-05,0.0011986101744696498,0.011532831005752087
7683,0.35048478841781616,1.8591361367725767e-05,0.0013271175557747483,0.012075359933078289
7684,0.34900104999542236,2.047873567789793e-05,0.0012654149904847145,0.011822805739939213
7685,0.3496541678905487,2.160436997655779e-05,0.0012398298131302,0.011720714159309864
7686,0.3522818088531494,1.8159273167839274e-05,0.001342016737908125,0.012152968905866146
7687,0.3564181327819824,2.6338790121371858e-05,0.0011729095131158829,0.011447351425886154
7688,0.3613986670970917,1.7891206880449317e-05,0.001413765363395214,0.012459888122975826
7689,0.36642318964004517,3.121570989605971e-05,0.001132336095906794,0.01127540785819292
7690,0.3707451820373535,1.8571650798548944e-05,0.0014678334118798375,0.012683462351560593
7691,0.37360548973083496,3.4328015317441896e-05,0.0011146002216264606,0.011191315948963165
7692,0.3745841085910797,1.8958413420477882e-05,0.0014916270738467574,0.012770570814609528
7693,0.37338167428970337,3.4245607821503654e-05,0.0011154657695442438,0.01118426863104105
7694,0.3702402114868164,1.85020671779057e-05,0.0014739062171429396,0.012684022076427937
7695,0.3655996024608612,3.084366471739486e-05,0.0011357222683727741,0.011265642009675503
7696,0.36032748222351074,1.7840229702414945e-05,0.0014135874807834625,0.012429218739271164
7697,0.3553307056427002,2.5649052986409515e-05,0.0011789738200604916,0.011451538652181625
7698,0.3515116274356842,1.8389559045317583e-05,0.0013262589927762747,0.012071600183844566
7699,0.3495115041732788,2.095878153340891e-05,0.0012435694225132465,0.011731904931366444
7700,0.3496306538581848,2.1132347683305852e-05,0.0012370418990030885,0.011710396967828274
7701,0.3517947494983673,1.8334820197196677e-05,0.001319219940342009,0.012059842236340046
7702,0.3556046187877655,2.572509038145654e-05,0.0011666700011119246,0.011424994096159935
7703,0.3604382574558258,1.7849612049758434e-05,0.0013919711345806718,0.012371961958706379
7704,0.3655135929584503,3.0688130209455267e-05,0.0011230665259063244,0.011241203173995018
7705,0.37007588148117065,1.84759046533145e-05,0.0014491523616015911,0.012608437798917294
7706,0.3733397126197815,3.411398938624188e-05,0.001103126211091876,0.011147274635732174
7707,0.37482210993766785,1.894601882668212e-05,0.001478011254221201,0.012715291231870651
7708,0.3741467595100403,3.446541086304933e-05,0.001101920148357749,0.011130431666970253
7709,0.371462881565094,1.858461109804921e-05,0.0014660409651696682,0.012652168050408363
7710,0.36711978912353516,3.142102650599554e-05,0.0011196053819730878,0.01119962614029646
7711,0.36192840337753296,1.7888080037664622e-05,0.0014104802394285798,0.012415931560099125
7712,0.356777161359787,2.6316554794902913e-05,0.0011598861310631037,0.011372851207852364
7713,0.352609783411026,1.8231465219287202e-05,0.0013246308080852032,0.012065188959240913
7714,0.3501361906528473,2.145003600162454e-05,0.0012221368961036205,0.011643593199551105
7715,0.3497438132762909,2.0711762772407383e-05,0.0012337950756773353,0.011698967777192593
7716,0.35144829750061035,1.8536491552367806e-05,0.0012968379305675626,0.011968660168349743
7717,0.3549176752567291,2.515487722121179e-05,0.0011604746105149388,0.011402001604437828
7718,0.3595736026763916,1.7829199350671843e-05,0.001370779937133193,0.012284974567592144
7719,0.36465683579444885,3.0174745916156098e-05,0.0011139950947836041,0.011206863448023796
7720,0.3694052994251251,1.8386297597317025e-05,0.0014307176461443305,0.012532626278698444
7721,0.37301257252693176,3.387328615644947e-05,0.0010918662883341312,0.011103535071015358
7722,0.3749470114707947,1.8920976799563505e-05,0.0014636415289714932,0.012657400220632553
7723,0.3747621476650238,3.462285894784145e-05,0.0010885910596698523,0.011077792383730412
7724,0.3725232183933258,1.8655155145097524e-05,0.0014569301856681705,0.012615748681128025
7725,0.3684946596622467,3.192730582668446e-05,0.001103916671127081,0.011135956272482872
7726,0.3634336590766907,1.794369745766744e-05,0.0014060490066185594,0.01239814329892397
7727,0.35819578170776367,2.6946896468871273e-05,0.001141544315032661,0.011296995915472507
7728,0.3537459969520569,1.8112079487764277e-05,0.0013224155409261584,0.012055525556206703
7729,0.35085010528564453,2.194050102843903e-05,0.0012014470994472504,0.011558229103684425
7730,0.34997957944869995,2.034298813669011e-05,0.0012303647818043828,0.011685880832374096
7731,0.35123321413993835,1.8760278180707246e-05,0.001275250338949263,0.011879435740411282
7732,0.35435059666633606,2.4626544472994283e-05,0.0011542235733941197,0.011378355324268341
7733,0.3588002622127533,1.7828631825977936e-05,0.0013497244799509645,0.012198966927826405
7734,0.36385080218315125,2.967702312162146e-05,0.001104924944229424,0.011172267608344555
7735,0.36873725056648254,1.8303489923710003e-05,0.001411980134434998,0.012456224299967289
7736,0.37263786792755127,3.360986738698557e-05,0.0010805267374962568,0.011060145683586597
7737,0.37497973442077637,1.8886330508394167e-05,0.0014485828578472137,0.012597354128956795
7738,0.3752600848674774,3.473236210993491e-05,0.0010754391551017761,0.011025868356227875
7739,0.37346234917640686,1.871494168881327e-05,0.001447130460292101,0.012576054781675339
7740,0.36976635456085205,3.238338467781432e-05,0.0010886642849072814,0.011073851026594639
7741,0.364869624376297,1.800616882974282e-05,0.0014009622391313314,0.012376769445836544
7742,0.35958874225616455,2.7546726414584555e-05,0.0011237531434744596,0.011223329231142998
7743,0.35490673780441284,1.802147198759485e-05,0.0013193112099543214,0.012043170630931854
7744,0.35163381695747375,2.242826303699985e-05,0.0011812672019004822,0.011475294828414917
7745,0.35031867027282715,2.002156907110475e-05,0.001226534484885633,0.011670924723148346
7746,0.3511354625225067,1.900125243992079e-05,0.0012540487805381417,0.011792199686169624
7747,0.3538959324359894,2.4138440494425595e-05,0.001147877424955368,0.011353951878845692
7748,0.35811731219291687,1.78480040631257e-05,0.0013290467904880643,0.01211386825889349
7749,0.3630996346473694,2.919593680417165e-05,0.0010958306957036257,0.01113740261644125
7750,0.36808261275291443,1.8226492102257907e-05,0.0013931670691817999,0.012379744090139866
7751,0.37223875522613525,3.333466884214431e-05,0.0010693114018067718,0.011016770265996456
7752,0.3749507963657379,1.8847280443878844e-05,0.0014333176659420133,0.01253565400838852
7753,0.37565940618515015,3.480132727418095e-05,0.0010624818969517946,0.010974516160786152
7754,0.37428250908851624,1.876364513009321e-05,0.0014364761300384998,0.012533247470855713
7755,0.3709239959716797,3.2787742384243757e-05,0.0010736879194155335,0.011013117618858814
7756,0.366216778755188,1.8071132217301056e-05,0.0013948524137958884,0.01235158834606409
7757,0.36093732714653015,2.810961814248003e-05,0.0011063689598813653,0.011151837185025215
7758,0.35607218742370605,1.795735261111986e-05,0.0013156257336959243,0.012027627788484097
7759,0.35246866941452026,2.2909654944669455e-05,0.0011618138523772359,0.011394551955163479
7760,0.35074225068092346,1.974260521819815e-05,0.0012224367819726467,0.011653976514935493
7761,0.351142019033432,1.9254526705481112e-05,0.001233493210747838,0.011707017198204994
7762,0.3535469174385071,2.3691369278822094e-05,0.001141466200351715,0.011328529566526413
7763,0.3575255572795868,1.7885562556330115e-05,0.001308774808421731,0.012029889971017838
7764,0.36240941286087036,2.8734484658343717e-05,0.0010867132805287838,0.011102172546088696
7765,0.3674478232860565,1.8157554222852923e-05,0.0013741730945184827,0.012303204275667667
7766,0.3718067705631256,3.3044365409296006e-05,0.0010580745292827487,0.010973426513373852
7767,0.374838262796402,1.8801143596647307e-05,0.0014173731906339526,0.012471897527575493
7768,0.3759431838989258,3.482260217424482e-05,0.0010496824979782104,0.010923914611339569
7769,0.37497270107269287,1.8800306861521676e-05,0.0014251972315832973,0.012486953288316727
7770,0.3719561994075775,3.31368028128054e-05,0.0010592006146907806,0.010953692719340324
7771,0.36746537685394287,1.813511516957078e-05,0.0013879991602152586,0.012322600930929184
7772,0.36222904920578003,2.863375084416475e-05,0.001089568599127233,0.011082298122346401
7773,0.3572292625904083,1.7914229829329997e-05,0.001311357831582427,0.012009033001959324
7774,0.3533403277397156,2.3381398932542652e-05,0.0011429132428020239,0.011315841227769852
7775,0.351237028837204,1.9499428162816912e-05,0.001217972836457193,0.011635297909379005
7776,0.35123950242996216,1.9519204215612262e-05,0.0012133775744587183,0.011623550206422806
7777,0.3532930016517639,2.3281681933440268e-05,0.0011348039843142033,0.011302119120955467
7778,0.3570167124271393,1.7937774828169495e-05,0.001288477797061205,0.01194716151803732
7779,0.36177948117256165,2.8292310162214562e-05,0.0010774165857583284,0.011066594161093235
7780,0.3668431043624878,1.809859531931579e-05,0.001355316024273634,0.012226569466292858
7781,0.3713730573654175,3.2751369872130454e-05,0.0010469048283994198,0.010929924435913563
7782,0.37469643354415894,1.875272937468253e-05,0.001401553861796856,0.012407233938574791
7783,0.3761744797229767,3.482324245851487e-05,0.0010370492236688733,0.010873387567698956
7784,0.3755958080291748,1.8830609405995347e-05,0.0014135484816506505,0.012438774108886719
7785,0.3729220926761627,3.345548248034902e-05,0.0010448296088725328,0.01089501567184925
7786,0.3686602711677551,1.81987870746525e-05,0.0013805445050820708,0.012291437946259975
7787,0.36349135637283325,2.9135866498108953e-05,0.0010730356443673372,0.011013890616595745
7788,0.3583875894546509,1.788754525477998e-05,0.0013065430102869868,0.01198835764080286
7789,0.35424429178237915,2.384695108048618e-05,0.0011243646731600165,0.011238706298172474
7790,0.3517904579639435,1.9286473616375588e-05,0.0012131370604038239,0.01161511056125164
7791,0.3514135479927063,1.979325315915048e-05,0.0011935157235711813,0.011541512794792652
7792,0.35312339663505554,2.290392149006948e-05,0.0011278692400082946,0.01127488911151886
7793,0.35659176111221313,1.8003647710429505e-05,0.0012685416731983423,0.011865670792758465
7794,0.3612232804298401,2.7878386390511878e-05,0.001068059355020523,0.011030256748199463
7795,0.3662886321544647,1.8049468053504825e-05,0.0013366496423259377,0.012150511145591736
7796,0.3709566593170166,3.246405685786158e-05,0.0010356929851695895,0.010886110365390778
7797,0.3745310306549072,1.8704238755162805e-05,0.0013855224242433906,0.012341710738837719
7798,0.3763378858566284,3.479651059024036e-05,0.0010244861477985978,0.010823147371411324
7799,0.3761175870895386,1.8850634660338983e-05,0.0014013121835887432,0.012388117611408234
7800,0.37376832962036133,3.37221754307393e-05,0.0010306885233148932,0.010837510228157043
7801,0.3697386384010315,1.8257327610626817e-05,0.001372121972963214,0.012256608344614506
7802,0.36466196179389954,2.9588336474262178e-05,0.0010569535661488771,0.010947459377348423
7803,0.35949456691741943,1.7875348930829205e-05,0.0013007745146751404,0.011964107863605022
7804,0.3551431894302368,2.4285880499519408e-05,0.0011062982957810163,0.011164050549268723
7805,0.35238268971443176,1.9108767446596175e-05,0.0012075923150405288,0.011592243798077106
7806,0.35165756940841675,2.0065243006683886e-05,0.0011742450296878815,0.011461859568953514
7807,0.35304170846939087,2.25668973143911e-05,0.0011205587070435286,0.01124611496925354
7808,0.3562546372413635,1.8080852896673605e-05,0.0012489885557442904,0.011785738170146942
7809,0.3607384264469147,2.7493015295476653e-05,0.0010585604468360543,0.010993105359375477
7810,0.36577945947647095,1.8009264749707654e-05,0.00131812016479671,0.01207491010427475
7811,0.37054958939552307,3.217893390683457e-05,0.0010244182776659727,0.010842072777450085
7812,0.37433701753616333,1.8655326130101457e-05,0.0013691242784261703,0.01227523759007454
7813,0.37644264101982117,3.474619734333828e-05,0.001011872896924615,0.010773083195090294
7814,0.37655678391456604,1.8862094293581322e-05,0.0013881976483389735,0.012335543520748615
7815,0.3745230436325073,3.3949829230550677e-05,0.0010166610591113567,0.010780729353427887
7816,0.37073156237602234,1.8312699467060156e-05,0.0013631164329126477,0.01221899688243866
7817,0.3657653033733368,3.0003855499671772e-05,0.0010412256233394146,0.010882411152124405
7818,0.3605622351169586,1.7873020624392666e-05,0.0012944680638611317,0.011937106028199196
7819,0.35603731870651245,2.4704633688088506e-05,0.0010887155076488853,0.011091090738773346
7820,0.35300204157829285,1.8958307919092476e-05,0.0012015394167974591,0.011567015200853348
7821,0.3519577383995056,2.033412965829484e-05,0.0011552020441740751,0.011384120211005211
7822,0.3530329465866089,2.22664912143955e-05,0.0011128807673230767,0.011215652339160442
7823,0.35599809885025024,1.8167851521866396e-05,0.0012298357905820012,0.011707225814461708
7824,0.3603309988975525,2.7139632948092185e-05,0.0010488928528502584,0.010954933241009712
7825,0.36533400416374207,1.7978691175812855e-05,0.0012999015161767602,0.012000331655144691
7826,0.37018775939941406,3.191347059328109e-05,0.0010131500894203782,0.010797237046062946
7827,0.37416356801986694,1.8610167899169028e-05,0.0013530703727155924,0.012209037318825722
7828,0.37653645873069763,3.469024522928521e-05,0.0009993220446631312,0.01072290912270546
7829,0.37695714831352234,1.8869692212319933e-05,0.0013751402730122209,0.01228200364857912
7830,0.3752170503139496,3.4153526939917356e-05,0.0010028562974184752,0.010724199935793877
7831,0.37165528535842896,1.836389856180176e-05,0.0013535699108615518,0.012179314158856869
7832,0.36680757999420166,3.038752038264647e-05,0.0010257423855364323,0.010818436741828918
7833,0.36159127950668335,1.7879832739708945e-05,0.0012874695239588618,0.011907510459423065
7834,0.35692259669303894,2.51049677899573e-05,0.0010714990785345435,0.011019582860171795
7835,0.3536439836025238,1.882859578472562e-05,0.0011950298212468624,0.011540009640157223
7836,0.3523023724555969,2.0602003132808022e-05,0.0011367864208295941,0.011307730339467525
7837,0.35308191180229187,2.1994408598402515e-05,0.001105134142562747,0.011183875612914562
7838,0.3558015823364258,1.8262893718201667e-05,0.001211042981594801,0.011629673652350903
7839,0.35997021198272705,2.680239049368538e-05,0.0010391295654699206,0.010916325263679028
7840,0.36491134762763977,1.7956494048121385e-05,0.0012816071975976229,0.011925541795790195
7841,0.36981239914894104,3.163971268804744e-05,0.001001708093099296,0.010752432979643345
7842,0.3739372789859772,1.8560796888777986e-05,0.0013361831661313772,0.012141578830778599
7843,0.37654662132263184,3.460103471297771e-05,0.0009867573389783502,0.01067302655428648
7844,0.3772537410259247,1.8868435290642083e-05,0.001361347152851522,0.012225883081555367
7845,0.37579962611198425,3.430979995755479e-05,0.0009891889058053493,0.010668562725186348
7846,0.37247610092163086,1.8407288735033944e-05,0.0013434671564027667,0.012136781588196754
7847,0.3677689731121063,3.073261905228719e-05,0.0010106186382472515,0.010755610652267933
7848,0.36257052421569824,1.7892207324621268e-05,0.001279957708902657,0.011875276453793049
7849,0.3577897250652313,2.5482686396571808e-05,0.0010545458644628525,0.010949634946882725
7850,0.35429883003234863,1.871879430836998e-05,0.001188010792247951,0.011510995216667652
7851,0.35268381237983704,2.087006942019798e-05,0.001118496642448008,0.011232368648052216
7852,0.35318031907081604,2.174336987081915e-05,0.0010969649301841855,0.01115125697106123
7853,0.35565316677093506,1.8366186850471422e-05,0.0011921811383217573,0.011552728712558746
7854,0.3596508204936981,2.6481073291506618e-05,0.0010291608050465584,0.010877191089093685
7855,0.36451759934425354,1.794075797079131e-05,0.0012631970457732677,0.011850983835756779
7856,0.36945492029190063,3.136995655950159e-05,0.0009902163874357939,0.010707516223192215
7857,0.3737185001373291,1.8514818293624558e-05,0.0013194811763241887,0.012073966674506664
7858,0.37655186653137207,3.451140219112858e-05,0.0009742444381117821,0.010622820816934109
7859,0.3775336444377899,1.8865195670514368e-05,0.001347575569525361,0.012169381603598595
7860,0.3763638138771057,3.445860784268007e-05,0.0009755585342645645,0.010612916201353073
7861,0.37328049540519714,1.845133738243021e-05,0.0013330602087080479,0.012093445286154747
7862,0.3687244951725006,3.1073574064066634e-05,0.000995483947917819,0.010692928917706013
7863,0.3635577857494354,1.790812166291289e-05,0.0012722669634968042,0.011842652224004269
7864,0.35868120193481445,2.5867868316709064e-05,0.0010377244325354695,0.010879645124077797
7865,0.35498765110969543,1.8619068214320578e-05,0.001181232393719256,0.011481717228889465
7866,0.3531028628349304,2.1150442989892326e-05,0.0011002341052517295,0.011156878434121609
7867,0.35331404209136963,2.149824649677612e-05,0.001088822027668357,0.011118818074464798
7868,0.355533242225647,1.848204010457266e-05,0.0011730926344171166,0.01147531159222126
7869,0.3593498468399048,2.6161114874412306e-05,0.0010191175388172269,0.010838177055120468
7870,0.36413294076919556,1.793068804545328e-05,0.0012444492895156145,0.011776057071983814
7871,0.36909759044647217,3.109980752924457e-05,0.000978724448941648,0.01066234614700079
7872,0.37349072098731995,1.8471791918273084e-05,0.00130281294696033,0.01200561411678791
7873,0.3765433132648468,3.4415017580613494e-05,0.0009617275791242719,0.010572580620646477
7874,0.3778025805950165,1.8860495401895605e-05,0.0013338001444935799,0.012112469412386417
7875,0.3769253194332123,3.4609569411259145e-05,0.0009619430638849735,0.010556877590715885
7876,0.37409722805023193,1.8496877601137385e-05,0.0013227988965809345,0.012050175108015537
7877,0.3697035312652588,3.142374043818563e-05,0.0009802592685446143,0.010629994794726372
7878,0.3645786941051483,1.793080627976451e-05,0.0012646187096834183,0.011810282245278358
7879,0.3596116602420807,2.627020512591116e-05,0.0010207464220002294,0.010809138417243958
7880,0.35571813583374023,1.8523984181229025e-05,0.0011742820497602224,0.01145309116691351
7881,0.3535623550415039,2.144707650586497e-05,0.0010817097499966621,0.011080959811806679
7882,0.3534812033176422,2.125805985997431e-05,0.0010808244114741683,0.0110866604372859
7883,0.3554360568523407,1.8612014173413627e-05,0.0011539544211700559,0.011397043243050575
7884,0.3590545058250427,2.5834402549662627e-05,0.0010092753218486905,0.010799637995660305
7885,0.3637348711490631,1.7928987290360965e-05,0.0012256227200850844,0.011699634604156017
7886,0.368704617023468,3.0811210308456793e-05,0.0009673055610619485,0.010617517866194248
7887,0.37321391701698303,1.8425966118229553e-05,0.0012854916276410222,0.01193584781140089
7888,0.376479834318161,3.4296179364901036e-05,0.0009491798118688166,0.010522495955228806
7889,0.37801483273506165,1.8851798813557252e-05,0.0013195625506341457,0.01205406989902258
7890,0.3774329125881195,3.473780816420913e-05,0.0009483742760494351,0.010501118376851082
7891,0.37486976385116577,1.853863250289578e-05,0.0013123336248099804,0.012005805969238281
7892,0.37065833806991577,3.176448808517307e-05,0.0009652792941778898,0.010567164048552513
7893,0.3656006455421448,1.7957643649424426e-05,0.00125704740639776,0.011777309700846672
7894,0.36056455969810486,2.6676792913349345e-05,0.0010038606123998761,0.010738891549408436
7895,0.3564833700656891,1.8438771803630516e-05,0.0011673602275550365,0.01142430305480957
7896,0.35406121611595154,2.1758592993137427e-05,0.0010631248587742448,0.011004778556525707
7897,0.3536858856678009,2.1025194655521773e-05,0.0010727733606472611,0.011054652743041515
7898,0.3553718328475952,1.8753351469058543e-05,0.001134556601755321,0.011318571865558624
7899,0.35878750681877136,2.5515444576740265e-05,0.0009994568536058068,0.010760967619717121
7900,0.3633573353290558,1.793485898815561e-05,0.001206871005706489,0.011622970923781395
7901,0.36832815408706665,3.052632018807344e-05,0.0009559287573210895,0.01057259552180767
7902,0.37294307351112366,1.8383279893896542e-05,0.0012683616951107979,0.011865862645208836
7903,0.37641003727912903,3.4175682230852544e-05,0.0009366584708914161,0.010472194291651249
7904,0.37821251153945923,1.8841545170289464e-05,0.001305161858908832,0.011995399370789528
7905,0.37792614102363586,3.486097921268083e-05,0.0009347054292447865,0.010445229709148407
7906,0.37563157081604004,1.8581178665044717e-05,0.0013014699798077345,0.011960998177528381
7907,0.3716109097003937,3.21026673191227e-05,0.0009501765598542988,0.010504402220249176
7908,0.36662667989730835,1.7988772015087306e-05,0.00124924979172647,0.011743877083063126
7909,0.3615332543849945,2.7087220587418415e-05,0.0009870228823274374,0.010668748058378696
7910,0.35727885365486145,1.8362934497417882e-05,0.0011605656472966075,0.011395206674933434
7911,0.35459810495376587,2.2080686903791502e-05,0.0010446964297443628,0.010928615927696228
7912,0.35393065214157104,2.080104241031222e-05,0.001064862823113799,0.011022676713764668
7913,0.3553406000137329,1.8908398487837985e-05,0.001115202670916915,0.011239657178521156
7914,0.3585408627986908,2.519755798857659e-05,0.0009895898401737213,0.010722506791353226
7915,0.36298495531082153,1.7948983440874144e-05,0.0011875879717990756,0.011545609682798386
7916,0.36793458461761475,3.023110912181437e-05,0.0009444471215829253,0.010527873411774635
7917,0.3726365268230438,1.8340626411372796e-05,0.0012505804188549519,0.011794778518378735
7918,0.37629076838493347,3.403354639885947e-05,0.000924070249311626,0.010422182269394398
7919,0.378351092338562,1.8825770894181915e-05,0.0012904321774840355,0.011935350485146046
7920,0.3783527612686157,3.495742566883564e-05,0.0009211949654854834,0.010389722883701324
7921,0.37633201479911804,1.8618589820107445e-05,0.0012904974864795804,0.011914570815861225
7922,0.3725162744522095,3.241973172407597e-05,0.0009353215573355556,0.010442178696393967
7923,0.36763104796409607,1.8022976291831583e-05,0.0012412129435688257,0.011709212325513363
7924,0.3625073730945587,2.7494905225466937e-05,0.0009702885872684419,0.010599030181765556
7925,0.3580990135669708,1.829678330977913e-05,0.0011534621007740498,0.011365694925189018
7926,0.35517191886901855,2.2413609258364886e-05,0.0010261016432195902,0.010852589271962643
7927,0.3542136549949646,2.058569953078404e-05,0.0010568489087745547,0.010990778915584087
7928,0.3553401529788971,1.9077860997640528e-05,0.0010956882033497095,0.011160277761518955
7929,0.35831212997436523,2.4878803742467426e-05,0.0009798458777368069,0.010684370063245296
7930,0.36261436343193054,1.797129698388744e-05,0.0011682251933962107,0.01146742980927229
7931,0.3675307631492615,2.992701411130838e-05,0.0009329941822215915,0.010483347810804844
7932,0.37230974435806274,1.829935354180634e-05,0.0012325780699029565,0.011722828261554241
7933,0.3761431574821472,3.3878706744872034e-05,0.0009114551940001547,0.01037222146987915
7934,0.3784596621990204,1.8808397726388648e-05,0.001275386312045157,0.011874430812895298
7935,0.37875738739967346,3.504714914015494e-05,0.0009076583082787693,0.010334024205803871
7936,0.3770224153995514,1.8655726307770237e-05,0.0012793571222573519,0.01186776626855135
7937,0.37342917919158936,3.2740848837420344e-05,0.0009204278467223048,0.010379754938185215
7938,0.3686603307723999,1.8061195078189485e-05,0.0012332814512774348,0.011674771085381508
7939,0.3635154962539673,2.7915057216887362e-05,0.0009535775752738118,0.010529152117669582
7940,0.35895875096321106,1.82372095878236e-05,0.0011466346913948655,0.011336544528603554
7941,0.35578668117523193,2.276234226883389e-05,0.0010076884645968676,0.010776273906230927
7942,0.3545371890068054,2.0379460693220608e-05,0.0010490275453776121,0.010958975180983543
7943,0.355377733707428,1.9259852706454694e-05,0.0010760354343801737,0.011080837808549404
7944,0.3581141531467438,2.4566803404013626e-05,0.0009698454523459077,0.010646277107298374
7945,0.36226633191108704,1.800234713300597e-05,0.0011484387796372175,0.011389080435037613
7946,0.36713966727256775,2.9624572562170215e-05,0.0009214162710122764,0.010438838042318821
7947,0.3719840943813324,1.8262149751535617e-05,0.0012144818902015686,0.011650496162474155
7948,0.37598687410354614,3.372180071892217e-05,0.0008989533525891602,0.010322061367332935
7949,0.3785501718521118,1.87903679034207e-05,0.0012606210075318813,0.011812913231551647
7950,0.3791362941265106,3.5126729926560074e-05,0.0008942035492509604,0.010278400965034962
7951,0.37768322229385376,1.8690347133087926e-05,0.0012682167580351233,0.01182019617408514
7952,0.374311238527298,3.3047930628526956e-05,0.000905602821148932,0.010317683219909668
7953,0.3696596026420593,1.8100941815646365e-05,0.0012248926796019077,0.011639167554676533
7954,0.3645053803920746,2.8321397621766664e-05,0.0009369433973915875,0.010460080578923225
7955,0.3598167598247528,1.8191323761129752e-05,0.0011392966844141483,0.01130583230406046
7956,0.35641980171203613,2.310495256097056e-05,0.0009893745882436633,0.01070116925984621
7957,0.35489585995674133,2.0194871467538178e-05,0.001040750415995717,0.010925952345132828
7958,0.3554631471633911,1.9444574718363583e-05,0.0010567140998318791,0.011002597399055958
7959,0.3579723834991455,2.428016705380287e-05,0.000959879020228982,0.010607253760099411
7960,0.3619734048843384,1.8040125723928213e-05,0.0011291014961898327,0.011311691254377365
7961,0.36679238080978394,2.9340913897613063e-05,0.0009098714799620211,0.010393718257546425
7962,0.3716835379600525,1.8230790374218486e-05,0.001196533557958901,0.011578251607716084
7963,0.3758291006088257,3.35641234414652e-05,0.0008863294497132301,0.010271770879626274
7964,0.37861168384552,1.876980604720302e-05,0.0012451817747205496,0.011750776320695877
7965,0.37946411967277527,3.518605444696732e-05,0.0008806738769635558,0.010222970508038998
7966,0.37827587127685547,1.8719314539339393e-05,0.0012563853524625301,0.01177102979272604
7967,0.3751191198825836,3.332188498461619e-05,0.0008909645839594305,0.010256405919790268
7968,0.37059304118156433,1.8140359316021204e-05,0.0012162141501903534,0.011601369827985764
7969,0.36544859409332275,2.8700527764158323e-05,0.0009208110277540982,0.01039216946810484
7970,0.36065542697906494,1.815654650272336e-05,0.0011316443560644984,0.011273128911852837
7971,0.357058584690094,2.343405139981769e-05,0.0009714310872368515,0.01062753051519394
7972,0.3552834689617157,2.0031984604429454e-05,0.0010320234578102827,0.010891376063227654
7973,0.35559430718421936,1.9628501831903122e-05,0.0010375389829277992,0.010925792157649994
7974,0.3578868508338928,2.4021890567382798e-05,0.0009494421537965536,0.01056700386106968
7975,0.3617428243160248,1.808425076887943e-05,0.0011100857518613338,0.011235571466386318
7976,0.3665097951889038,2.9086382710374892e-05,0.000898110622074455,0.010347647592425346
7977,0.37144264578819275,1.8205695596407168e-05,0.0011790861608460546,0.011507284827530384
7978,0.37571975588798523,3.3427393645979464e-05,0.0008736560121178627,0.010220837779343128
7979,0.3787020146846771,1.8752583855530247e-05,0.0012302283430472016,0.011689289472997189
7980,0.3797924816608429,3.524696148815565e-05,0.0008672068361192942,0.010167320258915424
7981,0.378842830657959,1.8745569832390174e-05,0.0012444260064512491,0.011721462942659855
7982,0.37588033080101013,3.3576950954739004e-05,0.0008763856021687388,0.010195481590926647
7983,0.3714695870876312,1.8179081962443888e-05,0.0012068571522831917,0.01156176719814539
7984,0.3663346767425537,2.9047329007880762e-05,0.0009048593929037452,0.010325642302632332
7985,0.36144983768463135,1.8132774130208418e-05,0.0011232398683205247,0.011237675324082375
7986,0.35767778754234314,2.3733346097287722e-05,0.0009541298495605588,0.010556169785559177
7987,0.35568350553512573,1.990117016248405e-05,0.0010227024322375655,0.0108537832275033
7988,0.35577380657196045,1.979729495360516e-05,0.0010192733025178313,0.010851900093257427
7989,0.35788002610206604,2.381307422183454e-05,0.0009384931763634086,0.01052430085837841
7990,0.36161133646965027,1.8130049284081906e-05,0.0010917786275967956,0.011162334121763706
7991,0.36632856726646423,2.88812934741145e-05,0.0008858615765348077,0.010299960151314735
7992,0.3712897002696991,1.8187873138231225e-05,0.0011617308482527733,0.011438439600169659
7993,0.3756669759750366,3.331662082928233e-05,0.0008606623159721494,0.010169102810323238
7994,0.37880250811576843,1.8737104255706072e-05,0.0012151221744716167,0.011628122068941593
7995,0.3800797462463379,3.529144305502996e-05,0.0008536615641787648,0.010111839510500431
7996,0.37931886315345764,1.8763956177281216e-05,0.0012321562971919775,0.01166978757828474
7997,0.37651097774505615,3.377542088855989e-05,0.000862181419506669,0.01013585738837719
7998,0.37219396233558655,1.8210741473012604e-05,0.0011965964222326875,0.011517842300236225
7999,0.3670726716518402,2.9316594009287655e-05,0.0008894522325135767,0.010261926800012589
8000,0.36212390661239624,1.8123055269825272e-05,0.0011131871724501252,0.011196729727089405
8001,0.3582272529602051,2.3968235836946405e-05,0.0009374654619023204,0.010488835163414478
8002,0.35607317090034485,1.9815586711047217e-05,0.0010119227226823568,0.010811208747327328
8003,0.35599833726882935,1.9934757801820524e-05,0.001001962460577488,0.010782372206449509
8004,0.35796117782592773,2.3668033463764004e-05,0.0009268061839975417,0.010478096082806587
8005,0.3615909218788147,1.817258271330502e-05,0.0010744882747530937,0.011092816479504108
8006,0.36626023054122925,2.8731932616210543e-05,0.0008733292343094945,0.010250448249280453
8007,0.37122973799705505,1.8177228412241675e-05,0.0011450317688286304,0.011371876113116741
8008,0.37567076086997986,3.323226701468229e-05,0.000847561052069068,0.010116624645888805
8009,0.37891167402267456,1.872322172857821e-05,0.001200003083795309,0.011567249894142151
8010,0.3803175985813141,3.531767288222909e-05,0.0008402184466831386,0.01005654875189066
8011,0.37968501448631287,1.8773558622342534e-05,0.0012191736605018377,0.011615671217441559
8012,0.3769872486591339,3.3907101169461384e-05,0.000848243129439652,0.010077820159494877
8013,0.3727416694164276,1.823182901716791e-05,0.0011850281152874231,0.01146929245442152
8014,0.367641419172287,2.950023190351203e-05,0.0008747770916670561,0.010201198048889637
8015,0.36265990138053894,1.8124344933312386e-05,0.0011018516961485147,0.011150033213198185
8016,0.3586873412132263,2.412996400380507e-05,0.000921880011446774,0.01042571384459734
8017,0.35643479228019714,1.9775910914177075e-05,0.0009998120367527008,0.010763045400381088
8018,0.3562588095664978,2.0030878658872098e-05,0.0009856848046183586,0.010717811062932014
8019,0.35814014077186584,2.360071084694937e-05,0.0009138560853898525,0.010427475906908512
8020,0.3617165982723236,1.8205100786872208e-05,0.001058211550116539,0.011028651148080826
8021,0.36636537313461304,2.867309558496345e-05,0.0008600357687100768,0.010197821073234081
8022,0.3713436424732208,1.8176710000261664e-05,0.0011296672746539116,0.011309697292745113
8023,0.3758167624473572,3.32126728608273e-05,0.0008342292858287692,0.010062417015433311
8024,0.37910643219947815,1.8718164938036352e-05,0.0011858202051371336,0.011508334428071976
8025,0.38056978583335876,3.5352328268345445e-05,0.0008267340017482638,0.010000835172832012
8026,0.3799973130226135,1.8777565855998546e-05,0.0012058299034833908,0.01156060490757227
8027,0.37734636664390564,3.398703847778961e-05,0.0008343907538801432,0.010020995512604713
8028,0.37312740087509155,1.8244860257254913e-05,0.0011720721377059817,0.011416428722441196
8029,0.36803168058395386,2.9594091756734997e-05,0.0008605605689808726,0.010143499821424484
8030,0.3630373775959015,1.8136450307792984e-05,0.001088799792341888,0.011097011156380177
8031,0.35904061794281006,2.42097994487267e-05,0.0009073372348211706,0.010367020033299923
8032,0.356755793094635,1.9782204617513344e-05,0.000986265717074275,0.010708911344408989
8033,0.3565477728843689,2.0081377442693338e-05,0.0009706579730845988,0.010658283717930317
8034,0.35839998722076416,2.360162397962995e-05,0.0008999246056191623,0.010372813791036606
8035,0.3619535565376282,1.8228874978376552e-05,0.0010429495014250278,0.010968619026243687
8036,0.366588294506073,2.867693910957314e-05,0.0008462573168799281,0.010142999701201916
8037,0.3715607821941376,1.8182385247200727e-05,0.0011149297934025526,0.011250215582549572
8038,0.3760339319705963,3.32280651491601e-05,0.0008207306964322925,0.01000717282295227
8039,0.3793264329433441,1.8715587430051528e-05,0.00117192801553756,0.011450309306383133
8040,0.38079139590263367,3.537480006343685e-05,0.0008132881484925747,0.009945271536707878
8041,0.3802204132080078,1.877350587164983e-05,0.001192151103168726,0.011503845453262329
8042,0.3775712847709656,3.400935383979231e-05,0.0008208497893065214,0.009965476579964161
8043,0.3733591139316559,1.8248934793518856e-05,0.0011580822756513953,0.01135958544909954
8044,0.3682727813720703,2.961388963740319e-05,0.0008468571468256414,0.010088223032653332
8045,0.3632901608943939,1.8157430531573482e-05,0.0010742326267063618,0.0110389469191432
8046,0.3593076169490814,2.4224622393376194e-05,0.0008934116340242326,0.010311797261238098
8047,0.3570420444011688,1.9822960894089192e-05,0.0009714019834063947,0.010650113224983215
8048,0.3568553030490875,2.0094626961508766e-05,0.0009565699147060513,0.010602647438645363
8049,0.35872694849967957,2.3661621526116505e-05,0.0008852790924720466,0.010314631275832653
8050,0.3622943162918091,1.8242881196783856e-05,0.0010288992198184133,0.010912504978477955
8051,0.36693111062049866,2.8745569579768926e-05,0.000832078920211643,0.01008594036102295
8052,0.37189510464668274,1.819474528019782e-05,0.0011009559966623783,0.01119382493197918
8053,0.37634575366973877,3.3286989491898566e-05,0.0008069444447755814,0.009950809180736542
8054,0.379604697227478,1.8717699276749045e-05,0.0011581244179978967,0.011394105851650238
8055,0.38102802634239197,3.540617399266921e-05,0.0007997506181709468,0.009889325127005577
8056,0.3804088234901428,1.8766575522022322e-05,0.0011783569352701306,0.011446723714470863
8057,0.37771838903427124,3.399827255634591e-05,0.0008075091172941029,0.009910723194479942
8058,0.37347838282585144,1.824758328439202e-05,0.0011435922933742404,0.011299745179712772
8059,0.36838629841804504,2.9570488550234586e-05,0.0008336462778970599,0.0100350147113204
8060,0.3634265661239624,1.8185412045568228e-05,0.0010584992123767734,0.010976227931678295
8061,0.35949406027793884,2.417660471110139e-05,0.0008800465147942305,0.01025986485183239
8062,0.3572961390018463,1.9900156985386275e-05,0.0009550995309837162,0.010586577467620373
8063,0.35718291997909546,2.007054354180582e-05,0.0009431460057385266,0.010550904087722301
8064,0.35912275314331055,2.3782049538567662e-05,0.0008695835713297129,0.01025288924574852
8065,0.3627398610115051,1.8248365449835546e-05,0.0010157247306779027,0.01086023822426796
8066,0.3674013018608093,2.8882275728392415e-05,0.0008174722897820175,0.010026579722762108
8067,0.37235844135284424,1.821173464122694e-05,0.0010881043272092938,0.011141110211610794
8068,0.37677064538002014,3.339877730468288e-05,0.0007929442799650133,0.00989307276904583
8069,0.379960834980011,1.872658685897477e-05,0.001145081128925085,0.011340084485709667
8070,0.38129398226737976,3.54520307155326e-05,0.0007861110498197377,0.009832956828176975
8071,0.3805803954601288,1.8759339582175016e-05,0.0011644536862149835,0.01138949766755104
8072,0.37780657410621643,3.396398096811026e-05,0.0007941873045638204,0.009856391698122025
8073,0.3735121488571167,1.8242721125716344e-05,0.0011281567858532071,0.011237657628953457
8074,0.36840981245040894,2.948054316220805e-05,0.0008205782505683601,0.009983440861105919
8075,0.36348599195480347,1.822087688196916e-05,0.0010417778976261616,0.010910145938396454
8076,0.35962826013565063,2.4087476049317047e-05,0.0008672424592077732,0.010210111737251282
8077,0.3575325906276703,2.0001816665171646e-05,0.000938170705921948,0.01052001304924488
8078,0.3575281500816345,2.0024293917231262e-05,0.0009304333943873644,0.010501565411686897
8079,0.3595627248287201,2.3941520339576527e-05,0.0008534669759683311,0.01018898282200098
8080,0.3632476329803467,1.824892206059303e-05,0.0010029507102444768,0.010810257866978645
8081,0.367933988571167,2.9053120670141652e-05,0.0008024112321436405,0.009966147132217884
8082,0.37287166714668274,1.8232534785056487e-05,0.0010753151727840304,0.011089819483458996
8083,0.37721869349479675,3.3524538594065234e-05,0.0007788396906107664,0.009834843687713146
8084,0.3803100883960724,1.8734966943156905e-05,0.0011321472702547908,0.011286395601928234
8085,0.38152238726615906,3.548436870914884e-05,0.0007725897012278438,0.009776733815670013
8086,0.3806833326816559,1.8747643480310217e-05,0.001150609808973968,0.011330953799188137
8087,0.37780529260635376,3.388963159522973e-05,0.0007810688111931086,0.009803109802305698
8088,0.3734488785266876,1.823322963900864e-05,0.0011120690032839775,0.01117299497127533
8089,0.3683420717716217,2.934387157438323e-05,0.0008077903185039759,0.009933441877365112
8090,0.36347395181655884,1.826525476644747e-05,0.001023957971483469,0.010840755887329578
8091,0.3597211539745331,2.3960577891557477e-05,0.0008545734453946352,0.01016244012862444
8092,0.357757568359375,2.0127063180552796e-05,0.0009203196386806667,0.010450736619532108
8093,0.3578900694847107,1.9961786165367812e-05,0.0009179948829114437,0.010453944094479084
8094,0.3600412905216217,2.412888534308877e-05,0.0008368957787752151,0.010123685002326965
8095,0.3638032376766205,1.8245036699227057e-05,0.000990625354461372,0.010761979967355728
8096,0.3685195744037628,2.925371882156469e-05,0.0007873293943703175,0.009904716163873672
8097,0.3734344244003296,1.8255372197018005e-05,0.001063135452568531,0.011039999313652515
8098,0.37770867347717285,3.366925739101134e-05,0.0007647144957445562,0.009776187129318714
8099,0.3806876242160797,1.8747648937278427e-05,0.0011196867562830448,0.011233621276915073
8100,0.3817664086818695,3.5526591091183946e-05,0.0007590226014144719,0.0097200907766819
8101,0.38079404830932617,1.8734468540060334e-05,0.001136547769419849,0.011273293755948544
8102,0.37780439853668213,3.381633723620325e-05,0.0007679096306674182,0.009749799966812134
8103,0.37337949872016907,1.8227467080578208e-05,0.0010960132349282503,0.011107906699180603
8104,0.3682641386985779,2.919915277743712e-05,0.0007950112340040505,0.00988383311778307
8105,0.3634509742259979,1.8311991880182177e-05,0.001005974248982966,0.010770647786557674
8106,0.3598077595233917,2.382775528531056e-05,0.0008421915699727833,0.010114944539964199
8107,0.3579864799976349,2.026391666731797e-05,0.0009022767771966755,0.010380391962826252
8108,0.3582673966884613,1.9888835595338605e-05,0.0009055915288627148,0.010407526046037674
8109,0.3605465590953827,2.433761619613506e-05,0.0008201001910492778,0.010057400912046432
8110,0.3643966019153595,1.8242229998577386e-05,0.000978564959950745,0.010714688338339329
8111,0.36914679408073425,2.947446955658961e-05,0.0007720693247392774,0.009842906147241592
8112,0.3740364611148834,1.828022868721746e-05,0.0010513118468225002,0.010991514660418034
8113,0.37822866439819336,3.383409057278186e-05,0.0007505688117817044,0.009716763161122799
8114,0.38108110427856445,1.876013629953377e-05,0.0011074712965637445,0.01118200458586216
8115,0.3820057511329651,3.556598676368594e-05,0.0007453959551639855,0.009663625620305538
8116,0.3808763921260834,1.8721540982369334e-05,0.0011224577901884913,0.011215182952582836
8117,0.3777564764022827,3.3723517844919115e-05,0.0007546731503680348,0.009696990251541138
8118,0.3732546269893646,1.821748992369976e-05,0.001079003093764186,0.011041530407965183
8119,0.36813727021217346,2.9028755307081155e-05,0.0007822748739272356,0.009835136123001575
8120,0.363392174243927,1.8369968529441394e-05,0.0009874164825305343,0.010698080994188786
8121,0.35987889766693115,2.367293564020656e-05,0.0008298257016576827,0.01006878912448883
8122,0.3582185208797455,2.041395055130124e-05,0.0008836090564727783,0.010308808647096157
8123,0.3586615025997162,1.9812314349110238e-05,0.0008933889330364764,0.010361664928495884
8124,0.36107876896858215,2.45640203502262e-05,0.0008030199678614736,0.009990490972995758
8125,0.3650212287902832,1.8236391042592004e-05,0.0009665046818554401,0.010668590664863586
8126,0.3698045313358307,2.9713730327785015e-05,0.0007567126885987818,0.009780503809452057
8127,0.3746681213378906,1.830943438108079e-05,0.0010398189770057797,0.010943897068500519
8128,0.37877756357192993,3.401076537556946e-05,0.0007362595642916858,0.009657164104282856
8129,0.38150036334991455,1.8773995179799385e-05,0.001095438376069069,0.011131687089800835
8130,0.38226640224456787,3.562019992386922e-05,0.0007317205891013145,0.009606627747416496
8131,0.38097772002220154,1.871037602541037e-05,0.0011087092570960522,0.011157919652760029
8132,0.37772685289382935,3.3637345040915534e-05,0.000741515657864511,0.00964418612420559
8133,0.37314876914024353,1.8213475414086133e-05,0.0010624380083754659,0.010975143872201443
8134,0.36802420020103455,2.8866634238511324e-05,0.000769582751672715,0.009786080569028854
8135,0.3633464276790619,1.842847268562764e-05,0.000968553067650646,0.010625719092786312
8136,0.3599589765071869,2.3519411115557887e-05,0.000817251275293529,0.010022594593465328
8137,0.3584599196910858,2.057326855720021e-05,0.0008649427909404039,0.01023669820278883
8138,0.3590690791606903,1.9734477973543108e-05,0.0008812153828330338,0.010316140949726105
8139,0.3616255223751068,2.479735849192366e-05,0.0007860318291932344,0.009923599660396576
8140,0.3656589686870575,1.8234170056530274e-05,0.0009549488895572722,0.01062259916216135
8141,0.3704720139503479,2.9961054679006338e-05,0.0007415307918563485,0.009717888198792934
8142,0.37530046701431274,1.833586793509312e-05,0.0010283876908943057,0.010897056199610233
8143,0.3793105185031891,3.418266715016216e-05,0.0007220299448817968,0.009597624652087688
8144,0.3818857669830322,1.878758121165447e-05,0.0010834191925823689,0.011080947704613209
8145,0.38247567415237427,3.565233782865107e-05,0.0007180820684880018,0.00955014768987894
8146,0.38101115822792053,1.8692835510591976e-05,0.0010944049572572112,0.011099491268396378
8147,0.3776225745677948,3.352064231876284e-05,0.000728523766156286,0.00959205161780119
8148,0.3729666769504547,1.820942088670563e-05,0.0010452617425471544,0.010906198062002659
8149,0.3678479492664337,2.8663784178206697e-05,0.0007570176967419684,0.009738769382238388
8150,0.3632555603981018,1.849760883487761e-05,0.0009488977957516909,0.010550683364272118
8151,0.36002129316329956,2.3343563952948898e-05,0.0008049735333770514,0.009977681562304497
8152,0.35870999097824097,2.075314478133805e-05,0.0008455769857391715,0.010162979364395142
8153,0.35950547456741333,1.964564035006333e-05,0.0008692376432009041,0.010272294282913208
8154,0.3622155785560608,2.5062767235795036e-05,0.000768794328905642,0.009855389595031738
8155,0.3663468360900879,1.8231918147648685e-05,0.0009437119588255882,0.010578258894383907
8156,0.371186226606369,3.0228577088564634e-05,0.0007261256687343121,0.00965504627674818
8157,0.375966340303421,1.836508818087168e-05,0.001017384696751833,0.01085145864635706
8158,0.37985894083976746,3.436706174397841e-05,0.0007078230264596641,0.009537585079669952
8159,0.38226476311683655,1.8798666133079678e-05,0.0010716452961787581,0.011030871421098709
8160,0.3826551139354706,3.567272506188601e-05,0.0007045390084385872,0.009493973106145859
8161,0.3809983432292938,1.8676095351111144e-05,0.0010799786541610956,0.011039764620363712
8162,0.3774581551551819,3.3375654311385006e-05,0.0007155562052503228,0.00954087357968092
8163,0.3727271854877472,1.820249599404633e-05,0.0010268620681017637,0.010835563763976097
8164,0.367625892162323,2.8434034902602434e-05,0.0007445894880220294,0.00969252735376358
8165,0.3631417155265808,1.8580311007099226e-05,0.0009290323941968381,0.010473432019352913
8166,0.3600812554359436,2.3149799744714983e-05,0.0007930355495773256,0.009934126399457455
8167,0.3589739501476288,2.0949490135535598e-05,0.0008261299808509648,0.010088341310620308
8168,0.3599649667739868,1.9557521227397956e-05,0.0008576183463446796,0.010228964500129223
8169,0.36283066868782043,2.534069790272042e-05,0.0007514120079576969,0.009787207469344139
8170,0.3670530617237091,1.8227492546429858e-05,0.000932213559281081,0.010534980334341526
8171,0.3719070255756378,3.0503457310260274e-05,0.0007108293357305229,0.009592030197381973
8172,0.3766266703605652,1.839706237660721e-05,0.0010068757692351937,0.01080608181655407
8173,0.38039010763168335,3.454252873780206e-05,0.0006937392754480243,0.009477946907281876
8174,0.38261786103248596,1.8806904336088337e-05,0.0010601339163258672,0.010980941355228424
8175,0.3828098773956299,3.568714964785613e-05,0.0006910665542818606,0.009437859989702702
8176,0.38096314668655396,1.865612284746021e-05,0.0010651851771399379,0.010979879647493362
8177,0.3772844672203064,3.322109114378691e-05,0.0007024470833130181,0.009490353055298328
8178,0.3724895715713501,1.820285433495883e-05,0.0010083777597174048,0.010764095932245255
8179,0.3674183189868927,2.8211998142069206e-05,0.0007320953300222754,0.009645967744290829
8180,0.3630477488040924,1.866390994109679e-05,0.0009086495265364647,0.010396594181656837
8181,0.3601611852645874,2.2964179152040742e-05,0.0007808509981259704,0.009890210814774036
8182,0.3592553734779358,2.115174720529467e-05,0.0008068800088949502,0.010013917461037636
8183,0.36043649911880493,1.94722342712339e-05,0.0008457765216007829,0.010185644961893559
8184,0.3634471595287323,2.5612231183913536e-05,0.0007342270691879094,0.009719941765069962
8185,0.36775052547454834,1.8231168724014424e-05,0.0009211697615683079,0.01049097254872322
8186,0.3726087510585785,3.0772316677030176e-05,0.000695670023560524,0.00952921248972416
8187,0.3772599697113037,1.842361052695196e-05,0.0009958669543266296,0.010761182755231857
8188,0.380890429019928,3.4708478779066354e-05,0.0006796175148338079,0.009418417699635029
8189,0.38294070959091187,1.8815921066561714e-05,0.001048437086865306,0.010930630378425121
8190,0.38293522596359253,3.568503598216921e-05,0.0006775634828954935,0.00938250869512558
8191,0.380906879901886,1.8634178559295833e-05,0.001050418009981513,0.01091963704675436
8192,0.3770972788333893,3.306612779852003e-05,0.0006896428531035781,0.009439637884497643
8193,0.37224864959716797,1.820678517105989e-05,0.0009900330333039165,0.010691852308809757
8194,0.3672161400318146,2.798320747388061e-05,0.0007194714271463454,0.009600029326975346
8195,0.36296597123146057,1.8755363271338865e-05,0.0008881367975845933,0.010319279506802559
8196,0.36025896668434143,2.2786305635236204e-05,0.0007685053278692067,0.009845963679254055
8197,0.3595527410507202,2.1352087060222402e-05,0.0007874029688537121,0.009940467774868011
8198,0.3609178960323334,1.9393137336010113e-05,0.0008340261992998421,0.010142125189304352
8199,0.3640672564506531,2.5890507458825596e-05,0.000717551214620471,0.00965263694524765
8200,0.36844402551651,1.8235088646179065e-05,0.000910459493752569,0.01044731680303812
8201,0.37330278754234314,3.103346534771845e-05,0.0006807111785747111,0.009467045776546001
8202,0.37788212299346924,1.8452748918207362e-05,0.000985503662377596,0.010716419667005539
8203,0.3813793957233429,3.487327921902761e-05,0.0006655749166384339,0.009358881041407585
8204,0.3832552433013916,1.8819626347976737e-05,0.001036503934301436,0.010881207883358002
8205,0.3830626308917999,3.5687480703927577e-05,0.0006640821229666471,0.009327058680355549
8206,0.3808673322200775,1.862037242972292e-05,0.0010358389699831605,0.01085908617824316
8207,0.3769433796405792,3.292246037744917e-05,0.000676602590829134,0.009388979524374008
8208,0.3720540404319763,1.821059049689211e-05,0.0009714207262732089,0.010620706714689732
8209,0.36706480383872986,2.778451562335249e-05,0.0007066449616104364,0.009552798233926296
8210,0.3629312217235565,1.884602170321159e-05,0.0008681176113896072,0.010243409313261509
8211,0.3603884279727936,2.2627304133493453e-05,0.000755665882024914,0.009800748899579048
8212,0.35986244678497314,2.1543812181334943e-05,0.0007685112068429589,0.009868539869785309
8213,0.3613904118537903,1.9332625015522353e-05,0.0008219358860515058,0.010096765123307705
8214,0.36465927958488464,2.6141955459024757e-05,0.0007009180844761431,0.009587246924638748
8215,0.3690994679927826,1.823932325351052e-05,0.0008991947397589684,0.010403056629002094
8216,0.37395820021629333,3.128317621303722e-05,0.0006659536738879979,0.009405049495398998
8217,0.3784784972667694,1.847987005021423e-05,0.0009752049809321761,0.010671887546777725
8218,0.3818626403808594,3.5032724554184824e-05,0.000651592155918479,0.009299824945628643
8219,0.38358646631240845,1.882877950265538e-05,0.0010252762585878372,0.01083224918693304
8220,0.38322585821151733,3.571002889657393e-05,0.0006505581550300121,0.009271146729588509
8221,0.38087549805641174,1.860465999925509e-05,0.0010207568993791938,0.01080015767365694
8222,0.37684062123298645,3.280107193859294e-05,0.0006632952718064189,0.009337934665381908
8223,0.3719092607498169,1.8224091036245227e-05,0.0009532015537843108,0.010549813508987427
8224,0.3669566810131073,2.7604406568570994e-05,0.0006935929995961487,0.009505046531558037
8225,0.362928569316864,1.8931194063043222e-05,0.000848237075842917,0.010169039480388165
8226,0.3605392277240753,2.249060162284877e-05,0.0007429924444295466,0.009754127822816372
8227,0.36018049716949463,2.1729483705712482e-05,0.0007501490181311965,0.009797828271985054
8228,0.3618602156639099,1.9272909412393346e-05,0.0008095552329905331,0.010051545687019825
8229,0.36524081230163574,2.6388544938527048e-05,0.0006846742471680045,0.009522452019155025
8230,0.3697381913661957,1.825083927542437e-05,0.0008882445399649441,0.010358377359807491
8231,0.37459057569503784,3.151805867673829e-05,0.0006512454710900784,0.009343907237052917
8232,0.3790448307991028,1.8502207240089774e-05,0.0009649028070271015,0.010627835057675838
8233,0.3823106586933136,3.5185457818442956e-05,0.0006378252292051911,0.009240644983947277
8234,0.38388344645500183,1.883378718048334e-05,0.0010140263475477695,0.010783056728541851
8235,0.383360892534256,3.571341585484333e-05,0.0006370904739014804,0.009216317906975746
8236,0.3808669447898865,1.8593318600323983e-05,0.001005933154374361,0.01073990948498249
8237,0.3767341673374176,3.2681116863386706e-05,0.0006500643212348223,0.009286808781325817
8238,0.3717723786830902,1.8232922229799442e-05,0.0009341624099761248,0.010479138232767582
8239,0.3668653070926666,2.743162440310698e-05,0.0006803061114624143,0.009457110427320004
8240,0.36294621229171753,1.902441363199614e-05,0.000828718242701143,0.010094624012708664
8241,0.3607061505317688,2.2361808078130707e-05,0.0007299776189029217,0.009707287885248661
8242,0.3605045676231384,2.1903753804508597e-05,0.0007318720454350114,0.009728868491947651
8243,0.36232149600982666,1.9227951270295307e-05,0.0007974161999300122,0.010005130432546139
8244,0.3657967150211334,2.661920734681189e-05,0.000668797641992569,0.009458737447857857
8245,0.37033340334892273,1.8256569092045538e-05,0.0008768916013650596,0.010313818231225014
8246,0.3751668334007263,3.173106233589351e-05,0.0006368057220242918,0.009283323772251606
8247,0.3795483410358429,1.852754212450236e-05,0.0009546460933052003,0.0105823939666152
8248,0.38269805908203125,3.530677349772304e-05,0.000623999978415668,0.009182712063193321
8249,0.38413041830062866,1.8832353816833347e-05,0.00100194092374295,0.010733176954090595
8250,0.3834652602672577,3.571095294319093e-05,0.000623695261310786,0.009161512367427349
8251,0.38085195422172546,1.8581402400741354e-05,0.000990775297395885,0.0106790317222476
8252,0.37664806842803955,3.256247509852983e-05,0.0006367211462929845,0.009236196987330914
8253,0.3716764450073242,1.8250058928970248e-05,0.000915937009267509,0.010408507660031319
8254,0.36682218313217163,2.7290294383419678e-05,0.0006669770227745175,0.009407760575413704
8255,0.3630053997039795,1.9103996237390675e-05,0.0008091742638498545,0.010022955015301704
8256,0.36089539527893066,2.2256874217418954e-05,0.000716398237273097,0.009659141302108765
8257,0.3608281910419464,2.2067508325562812e-05,0.0007143379771150649,0.009661421179771423
8258,0.36275896430015564,1.9192373656551354e-05,0.0007848149398341775,0.009957748465240002
8259,0.3663102090358734,2.6818855985766277e-05,0.0006533075938932598,0.009396939538419247
8260,0.3708787262439728,1.8271362932864577e-05,0.0008662079344503582,0.010267779231071472
8261,0.37569600343704224,3.19250684697181e-05,0.0006227517733350396,0.0092233307659626
8262,0.3800177574157715,1.8541932149673812e-05,0.0009441496222279966,0.010537774302065372
8263,0.38306912779808044,3.542459671734832e-05,0.0006103454506956041,0.009124974720180035
8264,0.384382426738739,1.88377671292983e-05,0.0009903014870360494,0.010682879947125912
8265,0.3835921585559845,3.571328124962747e-05,0.0006102024344727397,0.009107171557843685
8266,0.38087183237075806,1.85698845598381e-05,0.0009753131307661533,0.010618704371154308
8267,0.3766013979911804,3.247096174163744e-05,0.0006233692984096706,0.009184524416923523
8268,0.37161707878112793,1.8267848645336926e-05,0.000897652585990727,0.01033859234303236
8269,0.36680886149406433,2.7155872885487042e-05,0.0006532822735607624,0.00935867615044117
8270,0.3630860447883606,1.9185654309694655e-05,0.0007903263904154301,0.009952041320502758
8271,0.36109668016433716,2.217040309915319e-05,0.0007030908018350601,0.009609932079911232
8272,0.3611505329608917,2.2214364435058087e-05,0.0006970450049266219,0.009596040472388268
8273,0.3631834387779236,1.9163282559020445e-05,0.0007722625741735101,0.00991005264222622
8274,0.3668026924133301,2.701531775528565e-05,0.0006382924038916826,0.009335295297205448
8275,0.37139731645584106,1.828270615078509e-05,0.0008552282815799117,0.010222285985946655
8276,0.37619882822036743,3.210128488717601e-05,0.000608684029430151,0.009164434857666492
8277,0.3804658055305481,1.856088056229055e-05,0.000934165611397475,0.010492793284356594
8278,0.3834306597709656,3.55418051185552e-05,0.000596849131397903,0.009067406877875328
8279,0.3846362233161926,1.883598270069342e-05,0.0009783445857465267,0.01063324324786663
8280,0.38374146819114685,3.572677815100178e-05,0.0005967787001281977,0.009052769280970097
8281,0.3809344172477722,1.8569204257801175e-05,0.0009601846104487777,0.010558000765740871
8282,0.3766125738620758,3.2399289921158925e-05,0.0006096262368373573,0.00913284346461296
8283,0.3716234266757965,1.828167660278268e-05,0.0008791294530965388,0.010270766913890839
8284,0.3668574392795563,2.706729355850257e-05,0.000639485486317426,0.009307488799095154
8285,0.3632115125656128,1.925601827679202e-05,0.0007723040180280805,0.009883870370686054
8286,0.36131641268730164,2.210575621575117e-05,0.0006893332465551794,0.009559674188494682
8287,0.36146122217178345,2.2339547285810113e-05,0.0006809104233980179,0.009532880038022995
8288,0.36356624960899353,1.91535636986373e-05,0.0007598390220664442,0.00986020639538765
8289,0.3672301173210144,2.7164727725903504e-05,0.0006236498011276126,0.009276263415813446
8290,0.37183696031570435,1.8292435925104655e-05,0.000843845889903605,0.010175670497119427
8291,0.3766152858734131,3.2247266062768176e-05,0.0005951023777015507,0.009106040932238102
8292,0.3808284401893616,1.8572358385426924e-05,0.0009235839825123549,0.010446603409945965
8293,0.38371792435646057,3.561926860129461e-05,0.0005834767362102866,0.009011435322463512
8294,0.3848371207714081,1.8836903109331615e-05,0.0009664100944064558,0.010581432841718197
8295,0.38385656476020813,3.572740752133541e-05,0.0005835105548612773,0.008998890407383442
8296,0.3809843957424164,1.855898881331086e-05,0.0009442314621992409,0.010497021488845348
8297,0.3766334354877472,3.2333431590814143e-05,0.0005960591952316463,0.009081132709980011
8298,0.3716526925563812,1.8304315744899213e-05,0.000861389737110585,0.010202499106526375
8299,0.366932213306427,2.6988700483343564e-05,0.000625502725597471,0.009256355464458466
8300,0.36335742473602295,1.9316950783832e-05,0.0007544219843111932,0.009817755781114101
8301,0.36154356598854065,2.2065300072426908e-05,0.0006757020601071417,0.009508071467280388
8302,0.361764132976532,2.2450145479524508e-05,0.000665073748677969,0.009471572004258633
8303,0.3639287054538727,1.9141803932143375e-05,0.0007470075506716967,0.00981093104928732
8304,0.36762669682502747,2.730326377786696e-05,0.0006095418357290328,0.009217825718224049
8305,0.37224188446998596,1.8308870494365692e-05,0.0008331639692187309,0.010128477588295937
8306,0.3770032823085785,3.23733183904551e-05,0.000581600412260741,0.009048917330801487
8307,0.38117942214012146,1.8582144548418e-05,0.0009129082318395376,0.010400698520243168
8308,0.38401350378990173,3.5708973882719874e-05,0.0005701595218852162,0.008955178782343864
8309,0.3850677013397217,1.883644836198073e-05,0.000953660171944648,0.010530154220759869
8310,0.3840233087539673,3.5743909393204376e-05,0.0005699952598661184,0.008945363573729992
8311,0.3811017870903015,1.856149174273014e-05,0.00092896050773561,0.010436082258820534
8312,0.37672653794288635,3.230553193134256e-05,0.0005824114196002483,0.009028431959450245
8313,0.37175253033638,1.8318834918318316e-05,0.0008439416997134686,0.010137075558304787
8314,0.36706480383872986,2.6948822778649628e-05,0.0006113871349953115,0.009203863330185413
8315,0.36354053020477295,1.93711239262484e-05,0.0007376311696134508,0.009754055179655552
8316,0.3617807924747467,2.2044234356144443e-05,0.0006615538150072098,0.009455717168748379
8317,0.3620505928993225,2.2531821741722524e-05,0.0006499189184978604,0.00941301416605711
8318,0.3642461597919464,1.91523322428111e-05,0.0007343788747675717,0.009759403765201569
8319,0.36795657873153687,2.7402140403864905e-05,0.0005959803238511086,0.009161313064396381
8320,0.37256449460983276,1.8318209185963497e-05,0.0008217890281230211,0.010080497711896896
8321,0.3773001432418823,3.246067353757098e-05,0.0005685469950549304,0.008992974646389484
8322,0.38143792748451233,1.8588512830319814e-05,0.0009020413272082806,0.010352457873523235
8323,0.3842293322086334,3.575516166165471e-05,0.0005570757202804089,0.008900758810341358
8324,0.3852432668209076,1.8832994101103395e-05,0.0009407367324456573,0.010476687923073769
8325,0.3841702938079834,3.5758097510552034e-05,0.0005568244960159063,0.008891856297850609
8326,0.38123393058776855,1.8561950128059834e-05,0.0009132535196840763,0.01037508063018322
8327,0.3768644630908966,3.229253343306482e-05,0.0005685967626050115,0.0089759211987257
8328,0.37191247940063477,1.8336962966714054e-05,0.0008271887199953198,0.010073309764266014
8329,0.36725911498069763,2.6949230232276022e-05,0.0005971613572910428,0.009150078520178795
8330,0.36376845836639404,1.940170841407962e-05,0.0007218188839033246,0.00969461165368557
8331,0.3620319068431854,2.206551653216593e-05,0.0006474452093243599,0.009400849230587482
8332,0.36230796575546265,2.257599771837704e-05,0.0006361583946272731,0.0093576330691576
8333,0.36449262499809265,1.9176508430973627e-05,0.0007210412877611816,0.009705720469355583
8334,0.3681795597076416,2.7435171432443894e-05,0.0005829956498928368,0.009107918478548527
8335,0.37275803089141846,1.8334485503146425e-05,0.000809822347946465,0.010028994642198086
8336,0.37746575474739075,3.248267239541747e-05,0.0005557980039156973,0.008939300663769245
8337,0.3815848231315613,1.858418545452878e-05,0.0008899949607439339,0.010301881469786167
8338,0.38436880707740784,3.5771394323091954e-05,0.0005442151450552046,0.008847239427268505
8339,0.3853929042816162,1.8830874978448264e-05,0.0009275326738134027,0.01042147446423769
8340,0.38434845209121704,3.577880852390081e-05,0.0005434627528302372,0.008839000947773457
8341,0.38145554065704346,1.8567076040199026e-05,0.0008977354736998677,0.010315674357116222
8342,0.37713220715522766,3.234898395021446e-05,0.0005545616149902344,0.008921558037400246
8343,0.3722187876701355,1.8349435777054168e-05,0.0008115036180242896,0.010014738887548447
8344,0.36758336424827576,2.7031705030822195e-05,0.0005823071114718914,0.009093474596738815
8345,0.36408260464668274,1.9404706108616665e-05,0.0007080960203893483,0.009640992619097233
8346,0.362307608127594,2.2154717953526415e-05,0.0006325943977572024,0.009341765195131302
8347,0.3625205159187317,2.254267383250408e-05,0.0006237113266251981,0.009308421052992344
8348,0.3646336793899536,1.923431409522891e-05,0.000706792576238513,0.009647290222346783
8349,0.36825263500213623,2.738035618676804e-05,0.0005710645928047597,0.009058259427547455
8350,0.3727794289588928,1.834840986703057e-05,0.0007964783580973744,0.009973502717912197
8351,0.3774655759334564,3.2423293305328116e-05,0.000543624279089272,0.008888366632163525
8352,0.38159897923469543,1.8578677554614842e-05,0.0008774081943556666,0.010247149504721165
8353,0.3844375014305115,3.5752214898820966e-05,0.000531621219124645,0.008795184083282948
8354,0.38555026054382324,1.882494689198211e-05,0.0009136146982200444,0.010365841910243034
8355,0.3846161365509033,3.584177466109395e-05,0.0005302100325934589,0.008785496465861797
8356,0.3818362057209015,1.8583430573926307e-05,0.0008834622567519546,0.01025947742164135
8357,0.37760740518569946,3.250250665587373e-05,0.0005403243121691048,0.008865191601216793
8358,0.3727448582649231,1.835883449530229e-05,0.0007983382092788815,0.00996351893991232
8359,0.3681005537509918,2.7244122975389473e-05,0.0005669916281476617,0.009032012894749641
8360,0.36452716588974,1.9356608390808105e-05,0.0006965916254557669,0.009596729651093483
8361,0.3626251518726349,2.2338959752232768e-05,0.0006163306534290314,0.009276887401938438
8362,0.362681120634079,2.2414722479879856e-05,0.000613353680819273,0.009266598150134087
8363,0.36463263630867004,1.9340433937031776e-05,0.0006910483934916556,0.009581808932125568
8364,0.36811673641204834,2.7190326363779604e-05,0.0005604506004601717,0.009014650247991085
8365,0.37255892157554626,1.837175659602508e-05,0.0007816258585080504,0.009910578839480877
8366,0.3772304654121399,3.224895044695586e-05,0.0005321144126355648,0.008841033093631268
8367,0.381424218416214,1.8558066585683264e-05,0.000862560176756233,0.010187502950429916
8368,0.3843974173069,3.5680553992278874e-05,0.0005191699019633234,0.008744971826672554
8369,0.3857029378414154,1.8823153368430212e-05,0.0008994839736260474,0.010308390483260155
8370,0.38499200344085693,3.595159432734363e-05,0.0005169385694898665,0.00873145554214716
8371,0.3824306130409241,1.8609982362249866e-05,0.0008708132663741708,0.010208336636424065
8372,0.3783665597438812,3.279935481259599e-05,0.0005257674492895603,0.008805234916508198
8373,0.3735775053501129,1.8364506104262546e-05,0.0007880369084887207,0.009922441095113754
8374,0.3688896894454956,2.761954783636611e-05,0.0005505143781192601,0.008965262211859226
8375,0.3651622235774994,1.925375545397401e-05,0.0006882898160256445,0.009563862346112728
8376,0.363023579120636,2.2660547983832657e-05,0.0005987841868773103,0.009203805588185787
8377,0.3628010153770447,2.216481152572669e-05,0.0006056578131392598,0.009234834462404251
8378,0.36448079347610474,1.951381636899896e-05,0.0006732075707986951,0.009507312439382076
8379,0.3677430748939514,2.6843292289413512e-05,0.0005516876699402928,0.008978198282420635
8380,0.3720468580722809,1.840562981669791e-05,0.0007641689153388143,0.009838453494012356
8381,0.37669217586517334,3.191385985701345e-05,0.0005215316778048873,0.00879928469657898
8382,0.38097628951072693,1.852900822996162e-05,0.000845806032884866,0.010119473561644554
8383,0.38415831327438354,3.5517834476195276e-05,0.0005073337233625352,0.00869735237210989
8384,0.3857644200325012,1.8812976122717373e-05,0.0008842876413837075,0.01024784054607153
8385,0.38540542125701904,3.607729377108626e-05,0.0005038888193666935,0.008677673526108265
8386,0.3831866383552551,1.864942896645516e-05,0.0008592377416789532,0.010160780511796474
8387,0.3793815076351166,3.3214662835234776e-05,0.0005109619232825935,0.00874326005578041
8388,0.37471723556518555,1.836945375544019e-05,0.0007805493660271168,0.009891550987958908
8389,0.3699822723865509,2.8178184948046692e-05,0.000533620361238718,0.008892720565199852
8390,0.3660433292388916,1.9104418242932297e-05,0.0006838490953668952,0.009543406777083874
8391,0.3635627329349518,2.313952791155316e-05,0.0005795472534373403,0.009122715331614017
8392,0.3629319965839386,2.1794054191559553e-05,0.000600914005190134,0.00921463593840599
8393,0.3642074465751648,1.9783055904554203e-05,0.0006527508376166224,0.0094221830368042
8394,0.36713752150535583,2.6312318368582055e-05,0.0005446054856292903,0.008951426483690739
8395,0.37123197317123413,1.8465319953975268e-05,0.0007435205043293536,0.009755205363035202
8396,0.3758273720741272,3.1409712391905487e-05,0.0005120917339809239,0.008763168007135391
8397,0.38023632764816284,1.8490613001631573e-05,0.0008264440111815929,0.01004246436059475
8398,0.3837137818336487,3.525326610542834e-05,0.000495809770654887,0.008653010241687298
8399,0.3857516646385193,1.880086711025797e-05,0.0008681095787324011,0.010184084065258503
8400,0.3859008848667145,3.62379323632922e-05,0.0004907644470222294,0.008623876608908176
8401,0.38417911529541016,1.86984907486476e-05,0.0008487878949381411,0.010119491256773472
8402,0.3807661235332489,3.380632551852614e-05,0.0004959754296578467,0.00867772102355957
8403,0.3763054609298706,1.8390770492260344e-05,0.0007775331614539027,0.009873518720269203
8404,0.3715323805809021,2.8984013624722138e-05,0.0005157609120942652,0.008813436143100262
8405,0.3673173487186432,1.8907794583356008e-05,0.000684092054143548,0.009539770893752575
8406,0.36436888575553894,2.385320476605557e-05,0.0005584583268500865,0.009030712768435478
8407,0.36316582560539246,2.1282521629473194e-05,0.0006002314621582627,0.009210430085659027
8408,0.36386221647262573,2.0195351680740714e-05,0.0006288973381742835,0.009323650039732456
8409,0.36629635095596313,2.5565845135133713e-05,0.0005406124982982874,0.008936929516494274
8410,0.3700528144836426,1.858180621638894e-05,0.0007190571050159633,0.009656104259192944
8411,0.37452128529548645,3.065062264795415e-05,0.000504288705997169,0.00873654056340456
8412,0.37903285026550293,1.8443721273797564e-05,0.0008028161246329546,0.009951180778443813
8413,0.38284730911254883,3.4789962228387594e-05,0.0004852676938753575,0.008614066988229752
8414,0.3854160010814667,1.8764292690320872e-05,0.0008492695633322,0.010111858136951923
8415,0.3862241804599762,3.631810250226408e-05,0.00047830387484282255,0.008572714403271675
8416,0.3851827085018158,1.8756512872641906e-05,0.0008394054602831602,0.010077930055558681
8417,0.38234588503837585,3.4484117350075394e-05,0.0004813667619600892,0.008611459285020828
8418,0.37824746966362,1.8430007912684232e-05,0.0007771260570734739,0.009865746833384037
8419,0.3735312223434448,3.0011129638296552e-05,0.00049765215953812,0.00872951652854681
8420,0.3690568506717682,1.8706476112129167e-05,0.0006890082731842995,0.009551679715514183
8421,0.3655746281147003,2.4818593374220654e-05,0.0005359158385545015,0.00893009640276432
8422,0.3636643886566162,2.0677900465670973e-05,0.0006043566972948611,0.00922301597893238
8423,0.3636038601398468,2.080684862448834e-05,0.000602488056756556,0.009211331605911255
8424,0.3653548061847687,2.4620036128908396e-05,0.0005399155197665095,0.008937250822782516
8425,0.3686026930809021,1.8786275177262723e-05,0.0006897042621858418,0.009541076608002186
8426,0.3728139102458954,2.963791848742403e-05,0.0004984683473594487,0.008720461279153824
8427,0.3773570656776428,1.8406868548481725e-05,0.0007746939081698656,0.009843860752880573
8428,0.38151001930236816,3.408888733247295e-05,0.00047579407691955566,0.00858224742114544
8429,0.38468194007873535,1.870836604211945e-05,0.0008279792964458466,0.010028695687651634
8430,0.38629114627838135,3.628412014222704e-05,0.00046650218428112566,0.008524664677679539
8431,0.38612866401672363,1.8806804291671142e-05,0.000829347874969244,0.01003595907241106
8432,0.3840904235839844,3.522879705997184e-05,0.0004670939815696329,0.00854526087641716
8433,0.38056322932243347,1.8506820197217166e-05,0.0007799768354743719,0.009867191314697266
8434,0.37606552243232727,3.127848685835488e-05,0.0004796129942405969,0.008641738444566727
8435,0.3714141547679901,1.8531449313741177e-05,0.0006994488066993654,0.00958099402487278
8436,0.3673801124095917,2.6106456061825156e-05,0.0005125203169882298,0.008820443414151669
8437,0.3646506667137146,2.0018345821881667e-05,0.000614141405094415,0.009255727753043175
8438,0.3636479079723358,2.1686573745682836e-05,0.0005728279938921332,0.009085385128855705
8439,0.36449000239372253,2.3494128981838003e-05,0.0005437552463263273,0.008955810219049454
8440,0.36699947714805603,1.9149345462210476e-05,0.0006560266483575106,0.009407446719706059
8441,0.3707524538040161,2.8343109079287387e-05,0.0004956014454364777,0.008718395605683327
8442,0.3751782178878784,1.840918412199244e-05,0.0007414803258143365,0.009717443957924843
8443,0.379591166973114,3.3088337659137323e-05,0.00046801313874311745,0.008559495210647583
8444,0.38337084650993347,1.8622758943820372e-05,0.0008020630339160562,0.00993095338344574
8445,0.385874480009079,3.6025365261593834e-05,0.00045563536696136,0.008482486009597778
8446,0.3867614269256592,1.8838441974367015e-05,0.0008179579745046794,0.009987292811274529
8447,0.3857639729976654,3.593409564928152e-05,0.0004537351196631789,0.008481315337121487
8448,0.3830867111682892,1.861672535596881e-05,0.0007847772794775665,0.009873607195913792
8449,0.3790726661682129,3.273514084867202e-05,0.00046223693061619997,0.008552532643079758
8450,0.3744468092918396,1.8431081116432324e-05,0.0007145919953472912,0.009625512175261974
8451,0.3699583113193512,2.7732894523069263e-05,0.0004884891677647829,0.00870517548173666
8452,0.36638495326042175,1.9381006495677866e-05,0.0006299339001998305,0.00930971559137106
8453,0.3642997145652771,2.2921980416867882e-05,0.000541188579518348,0.008947020396590233
8454,0.3640053868293762,2.2258464014157653e-05,0.0005531386705115438,0.00899531226605177
8455,0.36550387740135193,1.9752547814277932e-05,0.0006180839845910668,0.009256076067686081
8456,0.3685189187526703,2.679083809198346e-05,0.0004965213593095541,0.008733238093554974
8457,0.37257257103919983,1.8505819753045216e-05,0.0007023602956905961,0.009570161812007427
8458,0.3770432472229004,3.1723353458801284e-05,0.00046229074359871447,0.008549635298550129
8459,0.3813042640686035,1.852063178375829e-05,0.0007704470190219581,0.009812871925532818
8460,0.3846743106842041,3.5405919334152713e-05,0.0004461493226699531,0.008448881097137928
8461,0.3866972327232361,1.8820286641130224e-05,0.000802535330876708,0.00992374587804079
8462,0.38694435358047485,3.6410401662578806e-05,0.0004415601724758744,0.008423340506851673
8463,0.3854166567325592,1.8740451196208596e-05,0.0007886061794124544,0.009874988347291946
8464,0.38224005699157715,3.4210792364319786e-05,0.00044614175567403436,0.00846706423908472
8465,0.3779853582382202,1.8432996512274258e-05,0.000732476357370615,0.009677965193986893
8466,0.37330901622772217,2.963700535474345e-05,0.000465730408905074,0.008589201606810093
8467,0.3690339922904968,1.8869139239541255e-05,0.0006516004214063287,0.00938095897436142
8468,0.3658539950847626,2.4538776415283792e-05,0.000509278557728976,0.008802597410976887
8469,0.3642771542072296,2.104464147123508e-05,0.0005685837240889668,0.00905526988208294
8470,0.3645150661468506,2.068003232125193e-05,0.0005777946207672358,0.009092004969716072
8471,0.3664817214012146,2.5083943910431117e-05,0.0005019652307964861,0.008766614831984043
8472,0.36984115839004517,1.877469549071975e-05,0.0006589668919332325,0.009405276738107204
8473,0.37406501173973083,3.004467362188734e-05,0.00045970684732310474,0.00855371542274952
8474,0.3785541355609894,1.8441378415445797e-05,0.0007334764231927693,0.009674361906945705
8475,0.3826197683811188,3.436861516092904e-05,0.0004384112253319472,0.00842621736228466
8476,0.38571542501449585,1.874451118055731e-05,0.0007813533884473145,0.009840106591582298
8477,0.387281596660614,3.6506011383607984e-05,0.0004307654162403196,0.008373899385333061
8478,0.38711944222450256,1.8833778085536323e-05,0.0007884001825004816,0.009862389415502548
8479,0.3851184844970703,3.551077315933071e-05,0.0004319322179071605,0.008388749323785305
8480,0.3816438913345337,1.8533857655711472e-05,0.000750632316339761,0.009726962074637413
8481,0.3771849572658539,3.165320958942175e-05,0.0004451394488569349,0.008479144424200058
8482,0.3725316524505615,1.8550905224401504e-05,0.00067650165874511,0.009461350739002228
8483,0.3684394955635071,2.6493209588807076e-05,0.00047892489237710834,0.008659513667225838
8484,0.3655930161476135,1.999236519623082e-05,0.000588956696446985,0.009131795726716518
8485,0.36442384123802185,2.1977662981953472e-05,0.0005373196909204125,0.00892320740967989
8486,0.3650763928890228,2.338199738005642e-05,0.0005125204334035516,0.00881712231785059
8487,0.3674032688140869,1.9299131963634863e-05,0.0006135168368928134,0.00922888983041048
8488,0.37101903557777405,2.8154905521660112e-05,0.00046041805762797594,0.008572983555495739
8489,0.37538471817970276,1.8448739865561947e-05,0.0006917965365573764,0.009518609382212162
8490,0.3798482418060303,3.294716589152813e-05,0.00043279139208607376,0.00841520819813013
8491,0.3838047385215759,1.8624263248057105e-05,0.0007541042868979275,0.00973527878522873
8492,0.3866046965122223,3.614135130192153e-05,0.0004214415093883872,0.008334468118846416
8493,0.3878740966320038,1.8870392523240298e-05,0.000782932504080236,0.009828425012528896
8494,0.38728567957878113,3.6456236557569355e-05,0.0004195015353616327,0.008320407010614872
8495,0.3849673569202423,1.8680742869037203e-05,0.0007650480838492513,0.009763254784047604
8496,0.3811778128147125,3.3598291338421404e-05,0.0004272245860192925,0.008378886617720127
8497,0.3765936493873596,1.843919380917214e-05,0.0007021229830570519,0.009540937840938568
8498,0.3719395399093628,2.866436079784762e-05,0.00045181805035099387,0.008524901233613491
8499,0.3680221736431122,1.920668910315726e-05,0.0006135475705377758,0.00921761803328991
8500,0.36546650528907776,2.363423482165672e-05,0.0004995734198018909,0.00875817146152258
8501,0.3646640181541443,2.1842686692252755e-05,0.0005275793373584747,0.008881774730980396
8502,0.3656953275203705,2.012900949921459e-05,0.0005684869247488678,0.009050445631146431
8503,0.3683558404445648,2.6230634830426425e-05,0.00046502857003360987,0.00860548671334982
8504,0.37222301959991455,1.861296550487168e-05,0.0006481616874225438,0.009353021159768105
8505,0.376707524061203,3.125859802821651e-05,0.00042962279985658824,0.008415802381932735
8506,0.38118478655815125,1.8510276277083904e-05,0.0007221091073006392,0.009611858054995537
8507,0.3849611282348633,3.5325097996974364e-05,0.0004137272189836949,0.008305612951517105
8508,0.38752564787864685,1.8826629457180388e-05,0.000769839680287987,0.009770500473678112
8509,0.3883741497993469,3.690326411742717e-05,0.00040874385740607977,0.008263716474175453
8510,0.38741010427474976,1.8813403585227206e-05,0.0007729187491349876,0.00977515708655119
8511,0.38464993238449097,3.5202621802454814e-05,0.00041227179463021457,0.008292905054986477
8512,0.38058900833129883,1.848612373578362e-05,0.0007241509156301618,0.009604403749108315
8513,0.3758341073989868,3.0792682082392275e-05,0.00042920158011838794,0.008406042121350765
8514,0.3712327778339386,1.8730530428001657e-05,0.0006377713871188462,0.009298941120505333
8515,0.36753782629966736,2.5482542696408927e-05,0.00046667541028000414,0.00860831793397665
8516,0.3653572201728821,2.0626257537514903e-05,0.0005451514152809978,0.008950278162956238
8517,0.3650071620941162,2.1228046534815803e-05,0.0005276306183077395,0.008881811052560806
8518,0.3664959967136383,2.4480596039211378e-05,0.00047272496158257127,0.008645780384540558
8519,0.3695533275604248,1.8973349142470397e-05,0.0006060724263079464,0.009188664145767689
8520,0.3736893832683563,2.950813177449163e-05,0.0004288380441721529,0.008424820378422737
8521,0.3783031404018402,1.8451384676154703e-05,0.0006872554658912122,0.009478877298533916
8522,0.38268792629241943,3.418705819058232e-05,0.0004076266195625067,0.008285967633128166
8523,0.3862460255622864,1.873151086329017e-05,0.0007508204434998333,0.00969064049422741
8524,0.388349324464798,3.6844041460426524e-05,0.00039962661685422063,0.008218317292630672
8525,0.3887143135070801,1.888171027530916e-05,0.0007728312630206347,0.00975853856652975
8526,0.3871351182460785,3.630433639045805e-05,0.00040003095637075603,0.008221767842769623
8527,0.3839087188243866,1.859888834587764e-05,0.0007388126105070114,0.009641189128160477
8528,0.37947311997413635,3.261463643866591e-05,0.00041110333404503763,0.00830670166760683
8529,0.374632328748703,1.8516049749450758e-05,0.0006585426162928343,0.009362504817545414
8530,0.37018200755119324,2.729792322497815e-05,0.0004401753831189126,0.008479653857648373
8531,0.36689266562461853,1.9777398847509176e-05,0.0005624857149086893,0.009011670015752316
8532,0.36528280377388,2.246372969239019e-05,0.0004929742426611483,0.008732439018785954
8533,0.36557474732398987,2.305463931406848e-05,0.0004817783774342388,0.008685807697474957
8534,0.36767056584358215,1.94956774066668e-05,0.0005679458263330162,0.009036768227815628
8535,0.3712047338485718,2.7898826374439523e-05,0.0004298220737837255,0.008437365293502808
8536,0.375633180141449,1.8489274225430563e-05,0.0006536833825521171,0.009346188977360725
8537,0.38027456402778625,3.2936037314357236e-05,0.00040293525671586394,0.008272144943475723
8538,0.3844774663448334,1.862350109149702e-05,0.0007282188162207603,0.00959811918437481
8539,0.38753849267959595,3.642385854618624e-05,0.0003916704445146024,0.00818147324025631
8540,0.3890320360660553,1.8883165466831997e-05,0.0007651261403225362,0.009717616252601147
8541,0.38858234882354736,3.690883022500202e-05,0.0003895360277965665,0.008163572289049625
8542,0.3862977623939514,1.8709390133153647e-05,0.0007456234889104962,0.009649299085140228
8543,0.38243672251701355,3.4012889955192804e-05,0.00039667263627052307,0.008224784396588802
8544,0.377708375453949,1.845919541665353e-05,0.0006732938345521688,0.00940241850912571
8545,0.37288495898246765,2.8895454306621104e-05,0.0004191088955849409,0.00837275106459856
8546,0.3688286244869232,1.924109528772533e-05,0.0005770525895059109,0.009058468975126743
8547,0.3662078082561493,2.3687487555434927e-05,0.00046470630331896245,0.00860522873699665
8548,0.3654305636882782,2.1978705262881704e-05,0.0004906309186480939,0.008719373494386673
8549,0.3665753901004791,2.0113053324166685e-05,0.0005358806811273098,0.008902295492589474
8550,0.36941227316856384,2.6553905627224594e-05,0.0004316132399253547,0.00844817515462637
8551,0.37347519397735596,1.8612223357195035e-05,0.0006230536964721978,0.009223169647157192
8552,0.3781205713748932,3.176051177433692e-05,0.0003991668054368347,0.008259965106844902
8553,0.3826740086078644,1.8540273231337778e-05,0.0007049365085549653,0.009502884931862354
8554,0.3863925337791443,3.583632496884093e-05,0.0003846084582619369,0.00814971886575222
8555,0.38874825835227966,1.884601624624338e-05,0.0007532406016252935,0.009661253541707993
8556,0.3892417252063751,3.715170169016346e-05,0.0003804842126555741,0.008114069700241089
8557,0.38783004879951477,1.8783444829750806e-05,0.0007455060258507729,0.009634106419980526
8558,0.3846164345741272,3.498920705169439e-05,0.00038481285446323454,0.008156964555382729
8559,0.38019683957099915,1.8476122932042927e-05,0.0006818569963797927,0.009418526664376259
8560,0.37527990341186523,3.0181239708326757e-05,0.0004025256494060159,0.008284633979201317
8561,0.3707643747329712,1.892747968668118e-05,0.0005878486554138362,0.00908713135868311
8562,0.36741524934768677,2.4780012608971447e-05,0.000442445685621351,0.00849897414445877
8563,0.3657853603363037,2.1219397240201943e-05,0.000497920555062592,0.008741780184209347
8564,0.3661005198955536,2.073253199341707e-05,0.0005093731451779604,0.008787532337009907
8565,0.368258535861969,2.550020144553855e-05,0.0004331360396463424,0.00845366157591343
8566,0.37188011407852173,1.8793642084347084e-05,0.0005964862066321075,0.009112900123000145
8567,0.3763720989227295,3.074143023695797e-05,0.0003956554864998907,0.008246753364801407
8568,0.3810630142688751,1.8492035451345146e-05,0.0006826846511103213,0.009410291910171509
8569,0.38518980145454407,3.521012331475504e-05,0.00037809708737768233,0.008120115846395493
8570,0.3881586492061615,1.8790324247675017e-05,0.0007386158686131239,0.009596399031579494
8571,0.38938596844673157,3.7154677556827664e-05,0.00037225233973003924,0.008070711977779865
8572,0.3887104094028473,1.8823186110239476e-05,0.0007405983633361757,0.009601677767932415
8573,0.3861055076122284,3.5621036658994853e-05,0.00037475285353139043,0.00809924304485321
8574,0.38206425309181213,1.8513288523536175e-05,0.0006851623766124249,0.009414988569915295
8575,0.3772192895412445,3.115417348453775e-05,0.00038921338273212314,0.008210870437324047
8576,0.37247297167778015,1.8753213225863874e-05,0.0005947090103290975,0.00909877847880125
8577,0.3686380684375763,2.5681303668534383e-05,0.0004247432225383818,0.008410601876676083
8578,0.3663750886917114,2.0702453184640035e-05,0.0005030291504226625,0.008752085268497467
8579,0.36602821946144104,2.1294341422617435e-05,0.00048818447976373136,0.008690694347023964
8580,0.3676067590713501,2.4720160581637174e-05,0.0004337915452197194,0.008451617322862148
8581,0.3708112835884094,1.8991719116456807e-05,0.0005743956426158547,0.009017414413392544
8582,0.375103235244751,2.9941533284727484e-05,0.00039216686855070293,0.008229554630815983
8583,0.37982070446014404,1.847470412030816e-05,0.000662780599668622,0.009325620718300343
8584,0.384196937084198,3.4665557905100286e-05,0.00037180769140832126,0.008090224117040634
8585,0.3875919282436371,1.874181180028245e-05,0.0007241315324790776,0.009530715644359589
8586,0.3893677294254303,3.7081059417687356e-05,0.0003646177938207984,0.008029830642044544
8587,0.3892744183540344,1.884168159449473e-05,0.0007335096597671509,0.009561507031321526
8588,0.3871880769729614,3.6056848330190405e-05,0.0003658088971860707,0.008047173731029034
8589,0.38351187109947205,1.8553280824562535e-05,0.000685396371409297,0.009399867616593838
8590,0.3788049519062042,3.190650750184432e-05,0.00037784449523314834,0.00814636331051588
8591,0.37395134568214417,1.865198828454595e-05,0.0005988037446513772,0.009099166840314865
8592,0.3697893023490906,2.6431071091792546e-05,0.0004100796941202134,0.008333916775882244
8593,0.36705318093299866,2.0338477042969316e-05,0.0005064954166300595,0.008753419853746891
8594,0.3661781847476959,2.179375587729737e-05,0.0004704978782683611,0.00860642734915018
8595,0.3672647476196289,2.4126786229317077e-05,0.0004336781275924295,0.008443622849881649
8596,0.3700868785381317,1.919218266266398e-05,0.0005551397334784269,0.008932056836783886
8597,0.37415316700935364,2.92847598757362e-05,0.0003883536555804312,0.008209878578782082
8598,0.37882259488105774,1.847989551606588e-05,0.0006445246981456876,0.009245757013559341
8599,0.38333314657211304,3.417263724259101e-05,0.00036581436870619655,0.008060120977461338
8600,0.3870195150375366,1.8695851395023055e-05,0.0007093846797943115,0.009464163333177567
8601,0.38920533657073975,3.693911276059225e-05,0.0003574823495000601,0.007991135120391846
8602,0.3895754814147949,1.8844699297915213e-05,0.0007248414913192391,0.009515325538814068
8603,0.3879294693470001,3.63291910616681e-05,0.0003577433817554265,0.007999700494110584
8604,0.38459545373916626,1.8584738427307457e-05,0.0006833134684711695,0.009376234374940395
8605,0.38006386160850525,3.2477408240083605e-05,0.0003681288508232683,0.008088452741503716
8606,0.37519365549087524,1.8595375877339393e-05,0.0006010046345181763,0.009090614505112171
8607,0.3708244860172272,2.7043535737902857e-05,0.00039776298217475414,0.008266222663223743
8608,0.36774176359176636,2.007987495744601e-05,0.0005085900775156915,0.008747460320591927
8609,0.3664510250091553,2.2231168259168044e-05,0.00045551249058917165,0.008531622588634491
8610,0.3671267032623291,2.3665177650400437e-05,0.0004328634822741151,0.008431057445704937
8611,0.36960723996162415,1.938691275427118e-05,0.0005383439129218459,0.008854406885802746
8612,0.37345069646835327,2.8749698685714975e-05,0.00038451404543593526,0.008187485858798027
8613,0.37803933024406433,1.8497787095839158e-05,0.0006276114145293832,0.009170791134238243
8614,0.3826240599155426,3.37426972691901e-05,0.0003599309711717069,0.00802957359701395
8615,0.3865233063697815,1.8659742636373267e-05,0.0006951743271201849,0.009399062022566795
8616,0.389035165309906,3.6788951547350734e-05,0.0003507026704028249,0.007953415624797344
8617,0.38979220390319824,1.884001903817989e-05,0.0007159528904594481,0.009468289092183113
8618,0.388531357049942,3.653902967926115e-05,0.00035027231206186116,0.00795408058911562
8619,0.3855137228965759,1.8613340216688812e-05,0.000680890865623951,0.009349636733531952
8620,0.38116902112960815,3.295947681181133e-05,0.000359265657607466,0.008034233935177326
8621,0.3763223886489868,1.855861410149373e-05,0.0006024206522852182,0.009078589268028736
8622,0.37180954217910767,2.759380186034832e-05,0.00038676810800097883,0.008203043602406979
8623,0.3684486150741577,1.987102223210968e-05,0.0005100982962176204,0.008738675154745579
8624,0.36679935455322266,2.2644660930382088e-05,0.0004418810422066599,0.008461426943540573
8625,0.36710160970687866,2.3270675228559412e-05,0.00043205026304349303,0.008416444063186646
8626,0.369255393743515,1.9585464542615227e-05,0.000522612826898694,0.008780119009315968
8627,0.3728652000427246,2.8258074962650426e-05,0.00038076131022535264,0.008164990693330765
8628,0.3773440420627594,1.8529115550336428e-05,0.0006112874252721667,0.009097148664295673
8629,0.3819581866264343,3.3324919058941305e-05,0.00035446579568088055,0.007999628782272339
8630,0.38601791858673096,1.8624745280249044e-05,0.0006810644990764558,0.009334111586213112
8631,0.38880613446235657,3.661115624709055e-05,0.000344488158589229,0.007916830480098724
8632,0.38991379737854004,1.8831275156117044e-05,0.0007073671440593898,0.009420222602784634
8633,0.3890247344970703,3.669656507554464e-05,0.00034341507125645876,0.007910257205367088
8634,0.3863327205181122,1.8637498214957304e-05,0.0006784165743738413,0.009322267025709152
8635,0.3822019696235657,3.3403026463929564e-05,0.00035122473491355777,0.007981804199516773
8636,0.37741854786872864,1.8533657566877082e-05,0.0006041511660441756,0.009065895341336727
8637,0.37280330061912537,2.8127113182563335e-05,0.00037656674976460636,0.008142164908349514
8638,0.36920008063316345,1.9688757674884982e-05,0.0005120146088302135,0.008729476481676102
8639,0.36721521615982056,2.3065014829626307e-05,0.00042890405165962875,0.008392969146370888
8640,0.36715441942214966,2.289728945470415e-05,0.00043135741725564003,0.008402387611567974
8641,0.3689776360988617,1.980024899239652e-05,0.0005071833729743958,0.00870658177882433
8642,0.37233978509902954,2.7783245968748815e-05,0.0003774060751311481,0.008142990060150623
8643,0.3766886293888092,1.8571168766357005e-05,0.0005951973143965006,0.009023855440318584
8644,0.38131147623062134,3.290709719294682e-05,0.00034936764859594405,0.007970568723976612
8645,0.385519802570343,1.8596152585814707e-05,0.0006675503682345152,0.009269682690501213
8646,0.3885812759399414,3.643245145212859e-05,0.0003385458549018949,0.007880842313170433
8647,0.3900480568408966,1.8821498088072985e-05,0.0006993631832301617,0.009374203160405159
8648,0.38954830169677734,3.687087883008644e-05,0.0003368882171344012,0.007866370491683483
8649,0.38720864057540894,1.866546881501563e-05,0.0006771066109649837,0.009297779761254787
8650,0.38332095742225647,3.38841273332946e-05,0.0003434931277297437,0.007929310202598572
8651,0.3786247670650482,1.8514936527935788e-05,0.0006070415838621557,0.009056697599589825
8652,0.37391963601112366,2.871940887416713e-05,0.0003665722324512899,0.008080441504716873
8653,0.3700697422027588,1.9501654605846852e-05,0.0005150435026735067,0.008724195882678032
8654,0.3677275478839874,2.3546497686766088e-05,0.0004157926596235484,0.008322472684085369
8655,0.3672662377357483,2.250134275527671e-05,0.0004319435975048691,0.00839182361960411
8656,0.36871445178985596,2.005699570872821e-05,0.0004912478034384549,0.008630127646028996
8657,0.3717883229255676,2.7260110073257238e-05,0.0003749784082174301,0.008124339394271374
8658,0.3759717643260956,1.8633512809174135e-05,0.0005786700057797134,0.008947694674134254
8659,0.3805809020996094,3.2436066248919815e-05,0.0003449611831456423,0.007943844422698021
8660,0.38492780923843384,1.856771450547967e-05,0.000653764873277396,0.009203938767313957
8661,0.3882691562175751,3.6213437851984054e-05,0.00033319531939923763,0.007846108637750149
8662,0.39011868834495544,1.8808654203894548e-05,0.0006918429280631244,0.009328367188572884
8663,0.39004939794540405,3.703259790199809e-05,0.0003308504819869995,0.007823308929800987
8664,0.38811370730400085,1.8696267943596467e-05,0.0006766720907762647,0.009275262244045734
8665,0.3845246434211731,3.440275031607598e-05,0.000336234865244478,0.00787669699639082
8666,0.3799607455730438,1.8502740203985013e-05,0.0006112127448432148,0.009051121771335602
8667,0.3751891255378723,2.9383565561147407e-05,0.000356799631845206,0.008017648011446
8668,0.37109124660491943,1.931436054292135e-05,0.0005197388236410916,0.008723115548491478
8669,0.36836695671081543,2.4103374016704038e-05,0.00040240236558020115,0.00824963953346014
8670,0.36746183037757874,2.207510442531202e-05,0.0004337226855568588,0.008385955356061459
8671,0.36848166584968567,2.0371529899421148e-05,0.0004747020429931581,0.008550113067030907
8672,0.3712098300457001,2.6680723749450408e-05,0.0003735726932063699,0.00810964498668909
8673,0.3751797676086426,1.8719372747000307e-05,0.0005612450186163187,0.008868366479873657
8674,0.37973999977111816,3.18952661473304e-05,0.00034130981657654047,0.007919950410723686
8675,0.3842065930366516,1.8542168618296273e-05,0.0006396212265826762,0.00913578737527132
8676,0.3878310024738312,3.592987559386529e-05,0.00032826760434545577,0.00781337171792984
8677,0.3900858461856842,1.878947477962356e-05,0.0006841686554253101,0.009281637147068977
8678,0.39048635959625244,3.716797800734639e-05,0.0003252217429690063,0.007781079038977623
8679,0.389006108045578,1.872591928986367e-05,0.0006766656297259033,0.009253277443349361
8680,0.3857717216014862,3.493495023576543e-05,0.0003294075431767851,0.007824734784662724
8681,0.38139867782592773,1.8503931642044336e-05,0.0006164116784930229,0.009047388099133968
8682,0.3766036629676819,3.010855107277166e-05,0.0003473315155133605,0.007954461500048637
8683,0.3722771108150482,1.9131122826365754e-05,0.0005255956202745438,0.00872612651437521
8684,0.36916011571884155,2.4743359972489998e-05,0.00038905779365450144,0.008174806833267212
8685,0.3677745461463928,2.163005410693586e-05,0.0004371523391455412,0.008384915068745613
8686,0.3683094382286072,2.075181510008406e-05,0.0004577105864882469,0.008467198349535465
8687,0.37062570452690125,2.6045512640848756e-05,0.00037359510315582156,0.00809961836785078
8688,0.3743174076080322,1.8843566067516804e-05,0.0005433637998066843,0.008785277605056763
8689,0.37877359986305237,3.126927185803652e-05,0.00033858834649436176,0.007899822667241096
8690,0.38332444429397583,1.8522086975281127e-05,0.0006246515549719334,0.009064317680895329
8691,0.38721963763237,3.5564182326197624e-05,0.00032400520285591483,0.007782878819853067
8692,0.3898935317993164,1.8761878891382366e-05,0.0006759854732081294,0.009232377633452415
8693,0.39080721139907837,3.7246831197990105e-05,0.00032007310073822737,0.0077406661584973335
8694,0.3898507356643677,1.8756498320726678e-05,0.0006766683072783053,0.009230285882949829
8695,0.387052983045578,3.547675078152679e-05,0.00032301334431394935,0.0077735017985105515
8696,0.3829452395439148,1.8514745534048416e-05,0.0006221640505827963,0.009045691229403019
8697,0.3781869113445282,3.090496829827316e-05,0.00033817661460489035,0.007890689186751842
8698,0.3736622929573059,1.8960497982334346e-05,0.0005329771665856242,0.008733410388231277
8699,0.37014782428741455,2.5480516342213377e-05,0.00037556179449893534,0.008098062127828598
8700,0.3682447671890259,2.1169531464693137e-05,0.0004423122154548764,0.008389542810618877
8701,0.3682345151901245,2.121749275829643e-05,0.00044030151912011206,0.008380992338061333
8702,0.3700713813304901,2.535848216211889e-05,0.0003749177267309278,0.008094819262623787
8703,0.37342068552970886,1.901209725474473e-05,0.0005247840308584273,0.00869902316480875
8704,0.37772229313850403,3.0575276468880475e-05,0.00033678862382657826,0.007883061654865742
8705,0.3823221027851105,1.851214256021194e-05,0.0006090354872867465,0.008990089409053326
8706,0.3864741921424866,3.5126053262501955e-05,0.0003202662046533078,0.007754769176244736
8707,0.389573872089386,1.873115252237767e-05,0.0006674092146568,0.009180526249110699
8708,0.39102861285209656,3.727828516275622e-05,0.0003153806319460273,0.007701756898313761
8709,0.39064350724220276,1.878321563708596e-05,0.0006762967677786946,0.009206016547977924
8710,0.3883466124534607,3.601931166485883e-05,0.0003172069264110178,0.0077231284230947495
8711,0.38457590341567993,1.854050424299203e-05,0.0006285580457188189,0.009044650010764599
8712,0.37991446256637573,3.175046367687173e-05,0.0003296198265161365,0.00782751478254795
8713,0.37523317337036133,1.8813301721820608e-05,0.0005417121574282646,0.008743814192712307
8714,0.3713364005088806,2.6300538593204692e-05,0.0003627126570791006,0.008020971901714802
8715,0.36890166997909546,2.071890776278451e-05,0.00044906861148774624,0.008398887701332569
8716,0.36830848455429077,2.1761712559964508e-05,0.0004232377395965159,0.00829384010285139
8717,0.3696078062057495,2.4654662411194295e-05,0.0003779045073315501,0.008094321936368942
8718,0.3725460469722748,1.923245145007968e-05,0.0005059955874457955,0.008610780350863934
8719,0.37662336230278015,2.9819491828675382e-05,0.0003359552938491106,0.007870270870625973
8720,0.3812117874622345,1.852311470429413e-05,0.0005929648759774864,0.008912373334169388
8721,0.38557347655296326,3.460342486505397e-05,0.00031713370117358863,0.007729521952569485
8722,0.38907739520072937,1.8691540390136652e-05,0.0006575083243660629,0.009124786593019962
8723,0.3910788297653198,3.723100235220045e-05,0.00031110478448681533,0.007664961274713278
8724,0.39129748940467834,1.880449963209685e-05,0.0006749104941263795,0.009177766740322113
8725,0.3895607590675354,3.651222141343169e-05,0.00031179620418697596,0.007675073109567165
8726,0.38620588183403015,1.8578575691208243e-05,0.0006345955189317465,0.009041963145136833
8727,0.3817272484302521,3.2616822863928974e-05,0.0003217493649572134,0.007765652611851692
8728,0.37696149945259094,1.869405241450295e-05,0.0005513313226401806,0.008756290189921856
8729,0.37272539734840393,2.719175608945079e-05,0.0003505148633848876,0.00794456247240305
8730,0.3697686493396759,2.029613642662298e-05,0.000457514775916934,0.008412241004407406
8731,0.36856603622436523,2.2388599973055534e-05,0.00040646741399541497,0.008206363767385483
8732,0.3692759573459625,2.3939537641126662e-05,0.0003821738064289093,0.00809882115572691
8733,0.3717330992221832,1.9515522581059486e-05,0.00048723554937168956,0.00852059293538332
8734,0.37550827860832214,2.9014605388510972e-05,0.00033633928978815675,0.007861278019845486
8735,0.3800085186958313,1.8555831047706306e-05,0.0005758576444350183,0.008831203915178776
8736,0.38451242446899414,3.398883200134151e-05,0.00031476811273023486,0.007707521785050631
8737,0.3883666396141052,1.865061858552508e-05,0.0006462716846726835,0.00906303059309721
8738,0.39089202880859375,3.706598363351077e-05,0.00030738068744540215,0.007631491869688034
8739,0.39172571897506714,1.8812515918398276e-05,0.0006718880613334477,0.009143561124801636
8740,0.3905963599681854,3.692004247568548e-05,0.0003071307437494397,0.007629525847733021
8741,0.38773679733276367,1.8622640709509142e-05,0.0006398574914783239,0.009035571478307247
8742,0.3835369348526001,3.3455638913437724e-05,0.000314759963657707,0.007706583943217993
8743,0.3787832260131836,1.86133347597206e-05,0.0005613537505269051,0.00876857340335846
8744,0.3742831349372864,2.812649472616613e-05,0.00033935956889763474,0.007870263420045376
8745,0.37084445357322693,1.9911833078367636e-05,0.0004671193892136216,0.008429025299847126
8746,0.36903345584869385,2.309548835910391e-05,0.00039069357444532216,0.008119529113173485
8747,0.3691174387931824,2.3242555471369997e-05,0.0003881931188516319,0.008107257075607777
8748,0.3710319399833679,1.98621055460535e-05,0.0004684471641667187,0.008429598063230515
8749,0.37442830204963684,2.817558379319962e-05,0.00033772754250094295,0.007856322452425957
8750,0.3787606954574585,1.86254401342012e-05,0.0005580363213084638,0.008746318519115448
8751,0.3833337426185608,3.329400351503864e-05,0.0003129691176582128,0.007688972633332014
8752,0.3874801993370056,1.8608869140734896e-05,0.0006332641351036727,0.008996049873530865
8753,0.390489786863327,3.680038935272023e-05,0.00030412033083848655,0.007600587327033281
8754,0.3919304609298706,1.8808488675858825e-05,0.0006670889561064541,0.009103340096771717
8755,0.3914393186569214,3.722896144608967e-05,0.0003029211366083473,0.007587106432765722
8756,0.3891364336013794,1.8670560166356154e-05,0.0006441433797590435,0.009024973027408123
8757,0.3853035569190979,3.4255026548635215e-05,0.00030864501604810357,0.007650142069905996
8758,0.38065847754478455,1.8562514014774933e-05,0.0005715056322515011,0.0087804663926363
8759,0.37598028779029846,2.9087943403283134e-05,0.0003293713671155274,0.007798513863235712
8760,0.3721182644367218,1.9581826563808136e-05,0.00047817773884162307,0.008447756990790367
8761,0.3697200417518616,2.3865457478677854e-05,0.00037579034687951207,0.008034779690206051
8762,0.36916279792785645,2.2577631170861423e-05,0.00039540824946016073,0.008119355887174606
8763,0.37049034237861633,2.027886876021512e-05,0.0004503853269852698,0.008338356390595436
8764,0.3734419345855713,2.7330137527314946e-05,0.0003402603615541011,0.007854717783629894
8765,0.37752750515937805,1.8730826923274435e-05,0.0005396490450948477,0.008659278973937035
8766,0.38208910822868347,3.254380135331303e-05,0.00031195287010632455,0.0076732574962079525
8767,0.3864564299583435,1.8575225112726912e-05,0.000618948950432241,0.008924189954996109
8768,0.3898988962173462,3.643412492237985e-05,0.00030131416860967875,0.007572842296212912
8769,0.39192137122154236,1.8794036805047654e-05,0.0006608627154491842,0.009057489223778248
8770,0.39207690954208374,3.7443722249008715e-05,0.00029927073046565056,0.00754704000428319
8771,0.39038175344467163,1.8714694306254387e-05,0.0006473323446698487,0.009010523557662964
8772,0.3869973123073578,3.500118327792734e-05,0.00030329529545269907,0.0075965141877532005
8773,0.38256075978279114,1.854410038504284e-05,0.0005819670623168349,0.008791306987404823
8774,0.3777974843978882,3.0067190891713835e-05,0.0003203662345185876,0.007729402277618647
8775,0.37358295917510986,1.9298138795420527e-05,0.0004899791674688458,0.008468979969620705
8776,0.3706310987472534,2.4707504053367302e-05,0.00036203896161168814,0.007951335050165653
8777,0.36942771077156067,2.195098204538226e-05,0.0004041066858917475,0.008134947158396244
8778,0.3701273500919342,2.0764766304637305e-05,0.0004324144101701677,0.008247142657637596
8779,0.372567743062973,2.6479603548068553e-05,0.0003438886778894812,0.007856729440391064
8780,0.376329243183136,1.8884697055909783e-05,0.000520712579600513,0.008569363504648209
8781,0.3807993531227112,3.1734383810544387e-05,0.00031154954922385514,0.007661102339625359
8782,0.3853127062320709,1.8554055714048445e-05,0.0006033692043274641,0.008847618475556374
8783,0.3891316056251526,3.5980243410449475e-05,0.0002989641507156193,0.00754751730710268
8784,0.39170780777931213,1.876811802503653e-05,0.0006529818056151271,0.009006799198687077
8785,0.39251574873924255,3.756256774067879e-05,0.0002960289712063968,0.007509586866945028
8786,0.39146408438682556,1.8755999917630106e-05,0.0006497316644527018,0.008992347866296768
8787,0.388597697019577,3.5688484786078334e-05,0.0002986570179928094,0.007545500062406063
8788,0.3844587206840515,1.8547427316661924e-05,0.0005922816344536841,0.008801312185823917
8789,0.3797067701816559,3.105622818111442e-05,0.0003125340736005455,0.007662721443921328
8790,0.3752188980579376,1.9068223991780542e-05,0.0005029219901189208,0.008491495624184608
8791,0.3717617392539978,2.5604098482290283e-05,0.0003491865936666727,0.007870309054851532
8792,0.3699236810207367,2.1373363779275678e-05,0.0004139736120123416,0.00815338920801878
8793,0.36997243762016296,2.132360532414168e-05,0.00041509472066536546,0.008156320080161095
8794,0.3718512952327728,2.564307942520827e-05,0.0003485239576548338,0.007862046360969543
8795,0.3752215504646301,1.909012826217804e-05,0.0005017381627112627,0.008477921597659588
8796,0.3795245587825775,3.090090103796683e-05,0.00031196672352962196,0.007651349063962698
8797,0.38411226868629456,1.8549875676399097e-05,0.0005868370062671602,0.00876818411052227
8798,0.3882406949996948,3.545353683875874e-05,0.00029700182494707406,0.007524789310991764
8799,0.3913181722164154,1.873852488643024e-05,0.0006441476289182901,0.008951930329203606
8800,0.39275500178337097,3.7586723919957876e-05,0.0002931439958047122,0.007474440615624189
8801,0.3923620581626892,1.878854527603835e-05,0.0006511304527521133,0.008970583789050579
8802,0.3900664746761322,3.63082617695909e-05,0.00029465960687957704,0.0074966964311897755
8803,0.3863069415092468,1.8570906831882894e-05,0.0006022991728968918,0.008809196762740612
8804,0.381660521030426,3.20265899063088e-05,0.0003055607376154512,0.007599223870784044
8805,0.3769909143447876,1.888916449388489e-05,0.0005162300076335669,0.008514245972037315
8806,0.3730962872505188,2.654898889886681e-05,0.0003375411033630371,0.007791514508426189
8807,0.37065252661705017,2.0849338397965766e-05,0.00042490713531151414,0.008174074813723564
8808,0.3700407147407532,2.1953319446765818e-05,0.000398600212065503,0.008066287264227867
8809,0.3713144361972809,2.4833228962961584e-05,0.0003542223712429404,0.007870077155530453
8810,0.3742251992225647,1.9348899513715878e-05,0.0004823395283892751,0.008385554887354374
8811,0.3782786726951599,3.0036939278943464e-05,0.0003130437689833343,0.0076447478495538235
8812,0.3828512132167816,1.857151073636487e-05,0.0005696704611182213,0.00868541095405817
8813,0.38721150159835815,3.4847151255235076e-05,0.000295584904961288,0.007504679728299379
8814,0.3907281160354614,1.8702234228840098e-05,0.0006341758999042213,0.008892733603715897
8815,0.3927653133869171,3.750597534235567e-05,0.00029070969321765006,0.007441619876772165
8816,0.39303505420684814,1.8809867469826713e-05,0.0006511681713163853,0.008944415487349033
8817,0.3913547694683075,3.6831956094829366e-05,0.00029124910361133516,0.007450887933373451
8818,0.3880530595779419,1.8608801838126965e-05,0.0006116849835962057,0.008813846856355667
8819,0.3836092948913574,3.296360227977857e-05,0.0002996791445184499,0.007538702338933945
8820,0.3788537085056305,1.87579462362919e-05,0.0005297792376950383,0.00853598304092884
8821,0.3745986223220825,2.7517880880623125e-05,0.00032711742096580565,0.007715863175690174
8822,0.37159958481788635,2.0391600628499873e-05,0.0004364627820905298,0.008195496164262295
8823,0.37033945322036743,2.2637672373093665e-05,0.0003827725595328957,0.007978685200214386
8824,0.3709873557090759,2.407068677712232e-05,0.00036073417868465185,0.007880053482949734
8825,0.37339159846305847,1.966408672160469e-05,0.00046365830348804593,0.008293665945529938
8826,0.3771289885044098,2.9179373086662963e-05,0.0003148478572256863,0.007640318479388952
8827,0.38161277770996094,1.8621292838361114e-05,0.0005525125889107585,0.00860183872282505
8828,0.38612422347068787,3.419761196710169e-05,0.0002945984888356179,0.0074865189380943775
8829,0.39000916481018066,1.866587444965262e-05,0.0006231772131286561,0.008831074461340904
8830,0.39258450269699097,3.7332480133045465e-05,0.0002885278663598001,0.007411070168018341
8831,0.39348462224006653,1.8821410776581615e-05,0.0006500183953903615,0.00891364086419344
8832,0.3924237787723541,3.724853741005063e-05,0.0002883078414015472,0.0074078659527003765
8833,0.38962307572364807,1.865054582594894e-05,0.0006197013426572084,0.008813577704131603
8834,0.3854612410068512,3.382302384125069e-05,0.0002947127213701606,0.007482023444026709
8835,0.3807186186313629,1.8672626538318582e-05,0.000542608555406332,0.008553948253393173
8836,0.3761986196041107,2.846821371349506e-05,0.0003178969491273165,0.007644692901521921
8837,0.3727179169654846,2.0009112631669268e-05,0.0004480346979107708,0.00821540504693985
8838,0.3708529472351074,2.3355602024821565e-05,0.00036851788172498345,0.0078947264701128
8839,0.3708834946155548,2.3377233446808532e-05,0.00036771385930478573,0.007890572771430016
8840,0.3727545142173767,2.0022973330924287e-05,0.00044602001435123384,0.00820449460297823
8841,0.3761221468448639,2.835532905010041e-05,0.0003173549775965512,0.007637165952473879
8842,0.38044434785842896,1.870048618002329e-05,0.0005356189794838428,0.008518998511135578
8843,0.38502565026283264,3.352240673848428e-05,0.0002940551785286516,0.007470158394426107
8844,0.38919755816459656,1.863658326328732e-05,0.0006119057070463896,0.008767384104430676
8845,0.3922433853149414,3.7082187191117555e-05,0.0002866910945158452,0.007382436189800501
8846,0.39372730255126953,1.881979187601246e-05,0.0006473801331594586,0.008878824301064014
8847,0.39327362179756165,3.755940269911662e-05,0.0002857973740901798,0.007367593236267567
8848,0.3910001218318939,1.8694528989726678e-05,0.0006263043615035713,0.008807727135717869
8849,0.3871782124042511,3.4591619623824954e-05,0.00029050337616354227,0.007429295219480991
8850,0.38253161311149597,1.862414319475647e-05,0.0005542805301956832,0.008567238226532936
8851,0.37783944606781006,2.9383965738816187e-05,0.00031000684248283505,0.007577836513519287
8852,0.37396085262298584,1.9697392417583615e-05,0.0004591871693264693,0.008232991211116314
8853,0.3715490996837616,2.4084685719572008e-05,0.00035554938949644566,0.007815510965883732
8854,0.37098753452301025,2.2763739252695814e-05,0.0003750158357433975,0.007900591939687729
8855,0.37232208251953125,2.0416837287484668e-05,0.0004297139239497483,0.008119155652821064
8856,0.37528905272483826,2.758440859906841e-05,0.00032025057589635253,0.0076347338035702705
8857,0.37939581274986267,1.8810782421496697e-05,0.0005196661804802716,0.00843823328614235
8858,0.38397684693336487,3.285442653577775e-05,0.0002938286052085459,0.0074547212570905685
8859,0.38835543394088745,1.8613967768033035e-05,0.0006000393186695874,0.008703340776264668
8860,0.3917955756187439,3.6776080378331244e-05,0.00028505141381174326,0.007355482317507267
8861,0.3937978148460388,1.8811464542523026e-05,0.0006437762640416622,0.008839961141347885
8862,0.3939126431941986,3.7766592868138105e-05,0.000283610075712204,0.007330046035349369
8863,0.39216113090515137,1.8734144759946503e-05,0.0006313237827271223,0.008795815519988537
8864,0.38871604204177856,3.525702777551487e-05,0.00028708510217256844,0.0073801614344120026
8865,0.38423147797584534,1.860262273112312e-05,0.0005642374162562191,0.008574786596000195
8866,0.37945252656936646,3.023028330062516e-05,0.00030325967236422,0.007516082841902971
8867,0.3752627968788147,1.9454162611509673e-05,0.0004696361138485372,0.00824667513370514
8868,0.3723767101764679,2.4798824597382918e-05,0.0003444266621954739,0.007741726469248533
8869,0.3712724447250366,2.2237243683775887e-05,0.0003824433370027691,0.007908903062343597
8870,0.37209025025367737,2.0829991626669653e-05,0.0004153302579652518,0.008038855157792568
8871,0.37464794516563416,2.6890211302088574e-05,0.00032345045474357903,0.007631761021912098
8872,0.37850528955459595,1.894270462798886e-05,0.0005044822464697063,0.008361350744962692
8873,0.38303035497665405,3.2218558772001415e-05,0.0002938739489763975,0.00743976840749383
8874,0.3875434696674347,1.8605098375701346e-05,0.0005886683356948197,0.008639761246740818
8875,0.39129650592803955,3.643825766630471e-05,0.0002836661005858332,0.007329889573156834
8876,0.39374133944511414,1.8798531527863815e-05,0.0006394681404344738,0.008797896094620228
8877,0.3943646252155304,3.788610047195107e-05,0.00028172502061352134,0.007294727489352226
8878,0.39310184121131897,1.8765365894068964e-05,0.000633992487564683,0.008777987211942673
8879,0.3900388181209564,3.5802626371150836e-05,0.0002841600216925144,0.007335060276091099
8880,0.3857627511024475,1.8603075659484603e-05,0.0005722923087887466,0.008575576357543468
8881,0.38097044825553894,3.098561137448996e-05,0.00029769231332466006,0.007459413260221481
8882,0.3765552043914795,1.9271908968221396e-05,0.0004791481769643724,0.00825539231300354
8883,0.37328043580055237,2.5474066205788404e-05,0.000334994459990412,0.007673775311559439
8884,0.3716990053653717,2.1798277884954587e-05,0.000389367516618222,0.007914614863693714
8885,0.37203705310821533,2.1241632566670887e-05,0.0004021669737994671,0.007964598014950752
8886,0.37419015169143677,2.627619687700644e-05,0.0003266927960794419,0.007627838756889105
8887,0.37777286767959595,1.9096254618489183e-05,0.0004907988477498293,0.008288010023534298
8888,0.3821908235549927,3.161883068969473e-05,0.00029420098871923983,0.007425093092024326
8889,0.38677090406417847,1.860885095084086e-05,0.0005777794867753983,0.008576665073633194
8890,0.39075955748558044,3.6075500247534364e-05,0.00028251216281205416,0.007305513136088848
8891,0.3935760259628296,1.877880458778236e-05,0.0006335526704788208,0.008753165602684021
8892,0.39465445280075073,3.7924517528153956e-05,0.00028008996741846204,0.007261700462549925
8893,0.39385855197906494,1.8792899936670437e-05,0.000635480391792953,0.00875486433506012
8894,0.39118871092796326,3.625672252383083e-05,0.00028176626074127853,0.007292817812412977
8895,0.38715964555740356,1.8613296560943127e-05,0.0005792014999315143,0.008571813814342022
8896,0.3824135363101959,3.167433533235453e-05,0.00029304224881343544,0.007406429387629032
8897,0.37784287333488464,1.9129882275592536e-05,0.00048772903392091393,0.008261223323643208
8898,0.3742414116859436,2.6119014364667237e-05,0.0003266242565587163,0.007610502652823925
8899,0.37223321199417114,2.1426272724056616e-05,0.000396366958739236,0.007918507792055607
8900,0.3721226453781128,2.1662002836819738e-05,0.00039060015114955604,0.007894307374954224
8901,0.3738793730735779,2.572218727436848e-05,0.00032997425296343863,0.007623572368174791
8902,0.3771769106388092,1.9266492017777637e-05,0.0004780092276632786,0.00821789912879467
8903,0.3814602792263031,3.105738869635388e-05,0.00029460532823577523,0.007410635240375996
8904,0.3860691487789154,1.8621210983837955e-05,0.0005667164805345237,0.008515102788805962
8905,0.3902476131916046,3.571748675312847e-05,0.0002814352046698332,0.007281726226210594
8906,0.3933798670768738,1.876484566309955e-05,0.0006277040229178965,0.008706824854016304
8907,0.39486265182495117,3.7920028262306005e-05,0.000278574152616784,0.007230230141431093
8908,0.39449542760849,1.881316893559415e-05,0.0006355236982926726,0.008728805929422379
8909,0.39220350980758667,3.6641067708842456e-05,0.00027969168149866164,0.007252862676978111
8910,0.3884311616420746,1.8628925317898393e-05,0.0005848744185641408,0.008564330637454987
8911,0.38376694917678833,3.22930354741402e-05,0.00028908165404573083,0.007356997113674879
8912,0.37909603118896484,1.902801523101516e-05,0.0004959965590387583,0.008263448253273964
8913,0.37522944808006287,2.6728483135229908e-05,0.0003194292658008635,0.007551378570497036
8914,0.3728479743003845,2.1109768567839637e-05,0.0004027357208542526,0.007920804433524609
8915,0.3723255395889282,2.2076546883909032e-05,0.0003801952407229692,0.007828432135283947
8916,0.3737047016620636,2.5232362531824037e-05,0.00033334665931761265,0.007618303876370192
8917,0.3767161965370178,1.9445196812739596e-05,0.00046623320668004453,0.008151262067258358
8918,0.3808433413505554,3.0542876629624516e-05,0.00029522954719141126,0.007395803928375244
8919,0.3854427635669708,1.8648748664418235e-05,0.0005563537124544382,0.008454409427940845
8920,0.38976168632507324,3.535875293891877e-05,0.00028049355023540556,0.007258964702486992
8921,0.3931637406349182,1.8750310118775815e-05,0.0006210107821971178,0.008659806102514267
8922,0.3950105607509613,3.7887242797296494e-05,0.00027724431129172444,0.007199709303677082
8923,0.39504343271255493,1.8829023247235455e-05,0.0006350683979690075,0.008700691163539886
8924,0.3931187689304352,3.697256397572346e-05,0.00027785482234321535,0.00721470732241869
8925,0.3896162807941437,1.865358353825286e-05,0.0005902640405111015,0.008554276078939438
8926,0.38506844639778137,3.286729406681843e-05,0.0002855818602256477,0.00731007382273674
8927,0.380338579416275,1.8945076590171084e-05,0.0005032659391872585,0.008264627307653427
8928,0.376249760389328,2.7322012101649307e-05,0.0003130028198938817,0.007494996767491102
8929,0.37353208661079407,2.08352485060459e-05,0.00040918728336691856,0.007922157645225525
8930,0.37262338399887085,2.2494506993098184e-05,0.00037062293267808855,0.007765405345708132
8931,0.37363243103027344,2.4783905246295035e-05,0.0003368930774740875,0.007612813729792833
8932,0.3763468265533447,1.9640803657239303e-05,0.00045477983076125383,0.008086106739938259
8933,0.380291610956192,3.0039405828574672e-05,0.00029580917907878757,0.0073820846155285835
8934,0.38484466075897217,1.8687123883864842e-05,0.0005456186481751502,0.008393662050366402
8935,0.3892615735530853,3.498861042317003e-05,0.0002797157794702798,0.007237015757709742
8936,0.3928901255130768,1.8736840502242558e-05,0.0006140141631476581,0.008611251600086689
8937,0.3950650095939636,3.780559927690774e-05,0.00027601857436820865,0.007170807104557753
8938,0.3954775035381317,1.8841945347958244e-05,0.0006339108804240823,0.008670187555253506
8939,0.39391830563545227,3.724219277501106e-05,0.00027626173687167466,0.0071786195039749146
8940,0.39070263504981995,1.8677250409382395e-05,0.0005945342127233744,0.008542343974113464
8941,0.38630586862564087,3.340121838846244e-05,0.00028265523724257946,0.007265070918947458
8942,0.381563663482666,1.8884555174736306e-05,0.0005106459138914943,0.008264110423624516
8943,0.37729740142822266,2.7896650863112882e-05,0.00030720923678018153,0.007441336289048195
8944,0.37427830696105957,2.0593504814314656e-05,0.0004156352370046079,0.007922949269413948
8945,0.3730037808418274,2.292021963512525e-05,0.0003615687892306596,0.007704461459070444
8946,0.37364906072616577,2.436004433548078e-05,0.00034037797013297677,0.0076079657301306725
8947,0.376058965921402,1.9853356207022443e-05,0.0004439068434294313,0.008022028021514416
8948,0.3798043727874756,2.95565932901809e-05,0.0002967024629469961,0.0073686507530510426
8949,0.3842858374118805,1.8735096091404557e-05,0.0005347258411347866,0.008333468809723854
8950,0.38877254724502563,3.461176311247982e-05,0.00027898710686713457,0.007216121070086956
8951,0.39260122179985046,1.8726379494182765e-05,0.0006066371570341289,0.00856244470924139
8952,0.3950831890106201,3.770110197365284e-05,0.0002748499973677099,0.007142985705286264
8953,0.3958597779273987,1.885155688796658e-05,0.0006326690781861544,0.008639123290777206
8954,0.39466702938079834,3.749031020561233e-05,0.0002748325641732663,0.007143193855881691
8955,0.39175209403038025,1.8703822206589393e-05,0.0005986904725432396,0.008529792539775372
8956,0.38752657175064087,3.391178688616492e-05,0.0002799388312269002,0.007221853826195002
8957,0.3827975392341614,1.8837574316421524e-05,0.0005174737889319658,0.008263232186436653
8958,0.37838172912597656,2.8467937227105722e-05,0.00030189400422386825,0.007389390375465155
8959,0.3750864267349243,2.037371632468421e-05,0.0004221666313242167,0.007923871278762817
8960,0.3734619915485382,2.3359731130767614e-05,0.0003532616246957332,0.00764487823471427
8961,0.3737465739250183,2.396378113189712e-05,0.0003441588196437806,0.007603271398693323
8962,0.3758450150489807,2.0079332898603752e-05,0.0004327119095250964,0.00795927457511425
8963,0.379375159740448,2.9083199478918687e-05,0.0002976064570248127,0.007356284186244011
8964,0.3837653696537018,1.879692354123108e-05,0.0005241367034614086,0.008273635059595108
8965,0.38829857110977173,3.4233224141644314e-05,0.00027845866861753166,0.007196066435426474
8966,0.3923044800758362,1.8719891158980317e-05,0.0005998462438583374,0.008513790555298328
8967,0.3950755000114441,3.7585410609608516e-05,0.0002738211187534034,0.0071156867779791355
8968,0.3962085247039795,1.8858705516322516e-05,0.0006307628937065601,0.008608199656009674
8969,0.3953838646411896,3.7716119550168514e-05,0.00027356919599696994,0.0071090515702962875
8970,0.3927861750125885,1.873427754617296e-05,0.0006026117480359972,0.008517133072018623
8971,0.38875994086265564,3.4422169846948236e-05,0.00027754605980589986,0.007179431151598692
8972,0.38407430052757263,1.8799197277985513e-05,0.0005249673849903047,0.008263016119599342
8973,0.37953516840934753,2.906214285758324e-05,0.0002969888155348599,0.0073379636742174625
8974,0.37597721815109253,2.0166626200079918e-05,0.0004290242795832455,0.007926085963845253
8975,0.3740023970603943,2.382619641139172e-05,0.0003445133042987436,0.007585809100419283
8976,0.37391406297683716,2.3568427423015237e-05,0.0003481333260424435,0.007600477430969477
8977,0.37567952275276184,2.0336523448349908e-05,0.0004218376998323947,0.007895744405686855
8978,0.3789669871330261,2.8596723495866172e-05,0.00029891732265241444,0.007345648016780615
8979,0.38323554396629333,1.8872644432121888e-05,0.0005134229431860149,0.008213083259761333
8980,0.3877868056297302,3.38260579155758e-05,0.00027806643629446626,0.007177442777901888
8981,0.39194414019584656,1.87144451047061e-05,0.0005917701055295765,0.008464165963232517
8982,0.39498600363731384,3.742364060599357e-05,0.00027283086092211306,0.007090000901371241
8983,0.3964689075946808,1.8866230675484985e-05,0.0006285543786361814,0.0085754981264472
8984,0.3960200548171997,3.790332630160265e-05,0.00027240629424341023,0.007076071109622717
8985,0.39375752210617065,1.8761369574349374e-05,0.0006062299944460392,0.008503297343850136
8986,0.3899616301059723,3.4907570807263255e-05,0.00027545393095351756,0.007138598710298538
8987,0.3853568136692047,1.87743098649662e-05,0.0005320634809322655,0.008261943235993385
8988,0.38072916865348816,2.9652583179995418e-05,0.0002922790008597076,0.007288398686796427
8989,0.3769341707229614,1.9980187062174082e-05,0.00043591338908299804,0.007928533479571342
8990,0.37462174892425537,2.4316919734701514e-05,0.0003365110023878515,0.007527494803071022
8991,0.3741605579853058,2.3187914848676883e-05,0.0003524648491293192,0.00759890815243125
8992,0.37558290362358093,2.061186751234345e-05,0.00041109355515800416,0.007833372801542282
8993,0.3786087930202484,2.8116459361626767e-05,0.0003005519974976778,0.007336230482906103
8994,0.3827325105667114,1.896276808110997e-05,0.0005025154678151011,0.008153056725859642
8995,0.38728001713752747,3.340814510011114e-05,0.0002777955960482359,0.007160060107707977
8996,0.39157095551490784,1.8717986677074805e-05,0.0005839100340381265,0.008414299227297306
8997,0.394872784614563,3.724755879375152e-05,0.00027191152912564576,0.007065149024128914
8998,0.3967035114765167,1.8868140614358708e-05,0.0006258856737986207,0.008542990311980247
8999,0.39663630723953247,3.80769488401711e-05,0.0002713231951929629,0.007044076453894377
9000,0.39472487568855286,1.8792678019963205e-05,0.0006099366000853479,0.008489033207297325
9001,0.3911832571029663,3.539312820066698e-05,0.0002735125890467316,0.007098722271621227
9002,0.38668763637542725,1.8758855730993673e-05,0.0005391655140556395,0.008261371403932571
9003,0.3819960951805115,3.0270231945905834e-05,0.00028786450275219977,0.007239183876663446
9004,0.37798207998275757,1.980148590519093e-05,0.0004430267435964197,0.007932947017252445
9005,0.37533310055732727,2.484065407770686e-05,0.0003285121056251228,0.007469655014574528
9006,0.3744874894618988,2.2810529117123224e-05,0.00035765583743341267,0.0075994920916855335
9007,0.37554141879081726,2.092270733555779e-05,0.0004004944348707795,0.007770481053739786
9008,0.3782762885093689,2.761911127890926e-05,0.00030254590092226863,0.007329068146646023
9009,0.3822234272956848,1.907429759739898e-05,0.0004910837160423398,0.008092046715319157
9010,0.3867349922657013,3.295624992460944e-05,0.0002776972542051226,0.007144555449485779
9011,0.3911329209804535,1.8723076209425926e-05,0.000575277314055711,0.008363200351595879
9012,0.39467310905456543,3.702551475726068e-05,0.00027107662754133344,0.00704184640198946
9013,0.39684051275253296,1.886976315290667e-05,0.0006230248836800456,0.008507998660206795
9014,0.397161066532135,3.82039652322419e-05,0.0002703570935409516,0.007013625930994749
9015,0.39562419056892395,1.8823062418960035e-05,0.0006123701459728181,0.008472951129078865
9016,0.392368882894516,3.585259401006624e-05,0.0002718325122259557,0.007060421165078878
9017,0.3880211412906647,1.8751539755612612e-05,0.0005458296509459615,0.008260284550487995
9018,0.3833029568195343,3.0889263143762946e-05,0.0002839223307091743,0.0071914587169885635
9019,0.3790961503982544,1.9644276108010672e-05,0.0004508363490458578,0.00793772004544735
9020,0.37612980604171753,2.5387782443431206e-05,0.00032101667602546513,0.007412981241941452
9021,0.37490132451057434,2.2447959054261446e-05,0.0003629547718446702,0.007601716555655003
9022,0.3755761981010437,2.1260333596728742e-05,0.0003896398702636361,0.007708454970270395
9023,0.3779979944229126,2.7123067411594093e-05,0.00030480383429676294,0.007323651108890772
9024,0.38174259662628174,1.9205261196475476e-05,0.000479912239825353,0.008031071163713932
9025,0.3861917555332184,3.249236033298075e-05,0.0002777912886813283,0.00713033601641655
9026,0.3906717300415039,1.8736382116912864e-05,0.0005664347554557025,0.008311279118061066
9027,0.3944353759288788,3.677714994410053e-05,0.0002702333149500191,0.007019920274615288
9028,0.39693307876586914,1.886981954157818e-05,0.0006187973194755614,0.008472029119729996
9029,0.39764440059661865,3.8307043723762035e-05,0.0002694460563361645,0.006984381005167961
9030,0.3964940905570984,1.885395249701105e-05,0.0006146231899037957,0.008455931209027767
9031,0.39354991912841797,3.630458741099574e-05,0.0002703446662053466,0.007023078855127096
9032,0.3893786370754242,1.8753202311927453e-05,0.0005527270841412246,0.008259271271526814
9033,0.3846622407436371,3.151720011373982e-05,0.0002802323433570564,0.0071450499817729
9034,0.38028815388679504,1.9502153008943424e-05,0.00045872555347159505,0.00794390682131052
9035,0.37701529264450073,2.5962062863982283e-05,0.0003138263418804854,0.007357356138527393
9036,0.3754052519798279,2.210015372838825e-05,0.0003688282740768045,0.007605700753629208
9037,0.37569060921669006,2.1630374249070883e-05,0.0003794198273681104,0.007646871730685234
9038,0.3777775168418884,2.6628385967342183e-05,0.00030751427402719855,0.00732004689052701
9039,0.38129204511642456,1.9355124095454812e-05,0.0004683639563154429,0.007970184087753296
9040,0.38564711809158325,3.2008647394832224e-05,0.00027805674471892416,0.007117917761206627
9041,0.3901781737804413,1.8758475562208332e-05,0.0005569088971242309,0.008258111774921417
9042,0.3941376507282257,3.649274731287733e-05,0.00026948165032081306,0.006999520119279623
9043,0.3969467580318451,1.8870021449401975e-05,0.0006141046760603786,0.008433833718299866
9044,0.39804497361183167,3.836851101368666e-05,0.00026859313948079944,0.006956594064831734
9045,0.39729195833206177,1.8880804418586195e-05,0.0006159359472803771,0.00843733362853527
9046,0.3946828544139862,3.672433376777917e-05,0.0002690260298550129,0.006987465545535088
9047,0.3907243311405182,1.876387068477925e-05,0.0005594778922386467,0.008257562294602394
9048,0.3860505223274231,3.214494790881872e-05,0.0002769205311778933,0.007100022863596678
9049,0.38154423236846924,1.9378290744498372e-05,0.00046689528971910477,0.007950937375426292
9050,0.377988338470459,2.6561498088994995e-05,0.00030704258824698627,0.007302827667444944
9051,0.3760027289390564,2.1766118152299896e-05,0.0003750453470274806,0.007611613254994154
9052,0.3758886158466339,2.202859104727395e-05,0.000369217770639807,0.007586102467030287
9053,0.3776196241378784,2.6135265215998515e-05,0.0003107068478129804,0.007318252697587013
9054,0.38087427616119385,1.9530834833858535e-05,0.00045684853103011847,0.007908620871603489
9055,0.3851037323474884,3.1506257073488086e-05,0.00027851617778651416,0.007107211276888847
9056,0.3896557092666626,1.8791868569678627e-05,0.0005466617294587195,0.008203405886888504
9057,0.39378276467323303,3.617177935666405e-05,0.0002688001550268382,0.006980752572417259
9058,0.3968826234340668,1.8865841411752626e-05,0.0006082765175960958,0.008393966592848301
9059,0.39835819602012634,3.838506745523773e-05,0.0002677977900020778,0.00693034753203392
9060,0.39800825715065,1.8908302081399597e-05,0.0006172125576995313,0.008416708558797836
9061,0.3957573473453522,3.7110021366970614e-05,0.0002678940072655678,0.006953352130949497
9062,0.39204639196395874,1.878196417237632e-05,0.0005656807916238904,0.008255255408585072
9063,0.3874560296535492,3.27657580783125e-05,0.00027399795362725854,0.0070565687492489815
9064,0.38285496830940247,1.927042831084691e-05,0.00047501761582680047,0.007958841510117054
9065,0.37904441356658936,2.718062387430109e-05,0.00030076131224632263,0.007249693386256695
9066,0.37669438123703003,2.145339203707408e-05,0.0003821516875177622,0.007618797477334738
9067,0.37617620825767517,2.2459840693045408e-05,0.00035930340527556837,0.00752580352127552
9068,0.3775305449962616,2.5643163098720834e-05,0.00031414529075846076,0.007318528834730387
9069,0.38049420714378357,1.9734143279492855e-05,0.0004446506791282445,0.00784638337790966
9070,0.3845592439174652,3.097919761785306e-05,0.0002791171718854457,0.007098624482750893
9071,0.3890928030014038,1.8835806258721277e-05,0.0005356887704692781,0.008147056214511395
9072,0.39335545897483826,3.580806151148863e-05,0.0002681637415662408,0.00696365674957633
9073,0.39672547578811646,1.886406244011596e-05,0.0006022180314175785,0.008351670578122139
9074,0.3985707759857178,3.834874223684892e-05,0.00026699050795286894,0.006905854679644108
9075,0.398632675409317,1.8931807062472217e-05,0.0006169005646370351,0.008394507691264153
9076,0.3967657685279846,3.74600276700221e-05,0.00026694656116887927,0.006920680403709412
9077,0.3933411240577698,1.8803593775373884e-05,0.0005715177394449711,0.008252529427409172
9078,0.38887667655944824,3.3381984394509345e-05,0.00027146912179887295,0.0070144254714250565
9079,0.38422060012817383,1.9182254618499428e-05,0.0004840304027311504,0.007967100478708744
9080,0.3801809847354889,2.781686453090515e-05,0.0002948463661596179,0.007198026869446039
9081,0.37748193740844727,2.115804272762034e-05,0.00038922965177334845,0.007627521641552448
9082,0.37655845284461975,2.292313365614973e-05,0.00034948092070408165,0.007466143928468227
9083,0.37752288579940796,2.5160297809634358e-05,0.0003178936894983053,0.0073204622603952885
9084,0.38017311692237854,1.9962084479629993e-05,0.0004328424693085253,0.007784262299537659
9085,0.3840494751930237,3.0451295970124193e-05,0.000280106149148196,0.007091288920491934
9086,0.38854092359542847,1.8891460058512166e-05,0.0005246751243248582,0.008090565912425518
9087,0.39291927218437195,3.5427819966571406e-05,0.0002675915602594614,0.006947923917323351
9088,0.3965409994125366,1.8866210666601546e-05,0.0005952112842351198,0.00830894149839878
9089,0.3987472355365753,3.829311390290968e-05,0.00026625371538102627,0.006882253102958202
9090,0.3992253541946411,1.8953847757074982e-05,0.0006166689563542604,0.008372130803763866
9091,0.3977595269680023,3.780048791668378e-05,0.0002660610480234027,0.006888844072818756
9092,0.39464887976646423,1.8830925910151564e-05,0.0005778918857686222,0.008250191807746887
9093,0.3903437554836273,3.400549030629918e-05,0.00026916380738839507,0.006973545998334885
9094,0.38566380739212036,1.9108627384412102e-05,0.0004930678987875581,0.007976673543453217
9095,0.3814181387424469,2.848989788617473e-05,0.0002892340999096632,0.00714678643271327
9096,0.3783755302429199,2.08747478609439e-05,0.00039682554779574275,0.007638340815901756
9097,0.3770388960838318,2.3425240215146914e-05,0.0003399784036446363,0.007406649645417929
9098,0.3775951564311981,2.4682005459908396e-05,0.0003223163657821715,0.007324340753257275
9099,0.3799079358577728,2.0216775737935677e-05,0.0004207902529742569,0.007722081150859594
9100,0.38356536626815796,2.9909224394941702e-05,0.000281260086921975,0.007085912860929966
9101,0.38798314332962036,1.896688263514079e-05,0.0005132141523063183,0.00803294125944376
9102,0.3924449682235718,3.501728497212753e-05,0.00026711809914559126,0.0069337342865765095
9103,0.3962947130203247,1.8868056940846145e-05,0.0005877052899450064,0.008265193551778793
9104,0.39884892106056213,3.819949415628798e-05,0.0002655012649483979,0.006859906017780304
9105,0.3997403383255005,1.8972112229675986e-05,0.0006161954952403903,0.008348504081368446
9106,0.3986862301826477,3.810201451415196e-05,0.0002653015253599733,0.006858628708869219
9107,0.3959139883518219,1.8864615412894636e-05,0.0005837212083861232,0.008246584795415401
9108,0.39180365204811096,3.461497544776648e-05,0.00026722793700173497,0.006934029515832663
9109,0.3871389627456665,1.9049548427574337e-05,0.0005016405484639108,0.007986201904714108
9110,0.38272255659103394,2.91711330646649e-05,0.0002841730893123895,0.007097276393324137
9111,0.37936222553253174,2.061729901470244e-05,0.0004050326533615589,0.007649804465472698
9112,0.37762150168418884,2.3952565243234858e-05,0.00033090129727497697,0.007348533719778061
9113,0.37776175141334534,2.4218903490691446e-05,0.0003270884626545012,0.007329798769205809
9114,0.3797142803668976,2.050451257673558e-05,0.00040878786239773035,0.007659963332116604
9115,0.38312020897865295,2.936149394372478e-05,0.000282628636341542,0.007082323543727398
9116,0.38742753863334656,1.905632234411314e-05,0.0005011524190194905,0.00797512847930193
9117,0.39193814992904663,3.45799999195151e-05,0.00026673226966522634,0.006921053864061832
9118,0.3959847390651703,1.8873539374908432e-05,0.0005800641374662519,0.008220139890909195
9119,0.39886364340782166,3.805937012657523e-05,0.0002646906941663474,0.00683919433504343
9120,0.4001590609550476,1.8989589079865254e-05,0.000614751479588449,0.008322777226567268
9121,0.3995243310928345,3.83583756047301e-05,0.00026465917471796274,0.006829945370554924
9122,0.39711183309555054,1.8898124835686758e-05,0.0005882454570382833,0.008241351693868637
9123,0.3932304382324219,3.519412348396145e-05,0.00026558409444987774,0.006896500941365957
9124,0.38862344622612,1.900914139696397e-05,0.0005106346216052771,0.007994508370757103
9125,0.38407614827156067,2.985029641422443e-05,0.0002796366170514375,0.007049764972180128
9126,0.3804295063018799,2.0387986296555027e-05,0.00041326420614495873,0.007661447860300541
9127,0.37830108404159546,2.4501325242454186e-05,0.0003222316736355424,0.007292012218385935
9128,0.378027081489563,2.377907367190346e-05,0.00033191932016052306,0.007336414884775877
9129,0.3796055316925049,2.0815255993511528e-05,0.0003970678080804646,0.007599163800477982
9130,0.38273513317108154,2.8821323212468997e-05,0.00028443001792766154,0.0070800031535327435
9131,0.386898010969162,1.9164283003192395e-05,0.0004897054750472307,0.007917330600321293
9132,0.3914162218570709,3.412103615119122e-05,0.00026647260528989136,0.006909901276230812
9133,0.395619660615921,1.8885904864873737e-05,0.000571425654925406,0.008173705078661442
9134,0.3987865149974823,3.786921297432855e-05,0.00026401234208606184,0.006820164620876312
9135,0.40045979619026184,1.9002018234459683e-05,0.000611945812124759,0.008294529281556606
9136,0.400237500667572,3.8552472688024864e-05,0.0002640717721078545,0.0068031372502446175
9137,0.3982020318508148,1.8932863895315677e-05,0.0005927039892412722,0.008233060128986835
9138,0.39458683133125305,3.5725861380342394e-05,0.00026426243130117655,0.006861195433884859
9139,0.39008527994155884,1.898485788842663e-05,0.0005186399212107062,0.008001136593520641
9140,0.3854578733444214,3.0518502171617e-05,0.0002756117610260844,0.007004416547715664
9141,0.38156571984291077,2.0184616005280986e-05,0.00042126592597924173,0.007673234678804874
9142,0.3790752589702606,2.5069344701478258e-05,0.00031427835347130895,0.007237203884869814
9143,0.37839019298553467,2.3363769287243485e-05,0.0003375586529728025,0.007344068959355354
9144,0.3795820474624634,2.115329152729828e-05,0.0003858865238726139,0.00753933098167181
9145,0.38241058588027954,2.8284663130762056e-05,0.0002864728157874197,0.0070793358609080315
9146,0.3864006996154785,1.929260542965494e-05,0.00047775846906006336,0.007859612815082073
9147,0.39089950919151306,3.364856820553541e-05,0.00026635327958501875,0.006900144275277853
9148,0.39523524045944214,1.890377825475298e-05,0.0005625732010230422,0.008126722648739815
9149,0.3986767828464508,3.766107693081722e-05,0.000263294845353812,0.006802000571042299
9150,0.40072426199913025,1.901370706036687e-05,0.0006092139519751072,0.00826540868729353
9151,0.40092024207115173,3.8725356716895476e-05,0.00026359199546277523,0.006777551490813494
9152,0.39927542209625244,1.8970737073686905e-05,0.0005963512812741101,0.008224130608141422
9153,0.3959515392780304,3.6254015867598355e-05,0.0002632449031807482,0.006826892960816622
9154,0.3915879726409912,1.8969902157550678e-05,0.0005267852684482932,0.008008275181055069
9155,0.3869105279445648,3.120671317446977e-05,0.0002720808843150735,0.006960005033761263
9156,0.3827935755252838,2.000118365685921e-05,0.000430219282861799,0.00768624572083354
9157,0.3799486756324768,2.5665216526249424e-05,0.00030667928513139486,0.007183656096458435
9158,0.37885040044784546,2.296377351740375e-05,0.0003434684476815164,0.007353522349148989
9159,0.37964436411857605,2.152275192202069e-05,0.00037493230774998665,0.007480187341570854
9160,0.3821524381637573,2.77549206657568e-05,0.00028883968479931355,0.00708019407466054
9161,0.3859425485134125,1.9440773030510172e-05,0.000466029392555356,0.007802051492035389
9162,0.39039096236228943,3.316781294415705e-05,0.0002664031635504216,0.006891572382301092
9163,0.3948272466659546,1.8928127246908844e-05,0.0005532314535230398,0.008078960701823235
9164,0.39851149916648865,3.741648106370121e-05,0.00026263389736413956,0.006785499397665262
9165,0.4009082615375519,1.9026305380975828e-05,0.0006056029815226793,0.008234160020947456
9166,0.4015125036239624,3.885400656145066e-05,0.00026315078139305115,0.00675341347232461
9167,0.40026766061782837,1.9006747606908903e-05,0.0005992338992655277,0.008213269524276257
9168,0.39725860953330994,3.6746296245837584e-05,0.00026242417516186833,0.006794276647269726
9169,0.39306640625,1.8967955838888884e-05,0.0005346590187400579,0.008014068938791752
9170,0.38837990164756775,3.187729089404456e-05,0.00026898138457909226,0.006917939987033606
9171,0.3840775489807129,1.9843701011268422e-05,0.0004390866379253566,0.007699202746152878
9172,0.3809073269367218,2.627778121677693e-05,0.0002997849660459906,0.0071317520923912525
9173,0.37940943241119385,2.259002940263599e-05,0.00034964922815561295,0.007363917771726847
9174,0.379800945520401,2.1916861442150548e-05,0.00036447556340135634,0.007422289811074734
9175,0.3819674551486969,2.7237463655183092e-05,0.00029161988641135395,0.007082260213792324
9176,0.3855251967906952,1.9607408830779605e-05,0.00045410345774143934,0.007744642440229654
9177,0.38988494873046875,3.266792555223219e-05,0.0002666407381184399,0.006884672679007053
9178,0.39438319206237793,1.8965469280374236e-05,0.0005436096689663827,0.008029413409531116
9179,0.39827731251716614,3.7130921555217355e-05,0.00026203144807368517,0.006770480424165726
9180,0.4009978175163269,1.903492920973804e-05,0.0006008995696902275,0.008200816810131073
9181,0.4019990861415863,3.8930495065869763e-05,0.0002627688809297979,0.006730729714035988
9182,0.40115708112716675,1.9039642211282626e-05,0.0006013570819050074,0.008200140669941902
9183,0.398483008146286,3.718892912729643e-05,0.00026182507281191647,0.006763647310435772
9184,0.39449888467788696,1.897809124784544e-05,0.0005422093672677875,0.00801804382354021
9185,0.389842689037323,3.25263972626999e-05,0.000266426766756922,0.006877870298922062
9186,0.38539743423461914,1.9711740605998784e-05,0.0004476532631088048,0.007711541838943958
9187,0.3819352686405182,2.6892001187661663e-05,0.00029358756728470325,0.007082172203809023
9188,0.3800594210624695,2.2249805624596775e-05,0.00035620934795588255,0.0073744733817875385
9189,0.38005366921424866,2.232703991467133e-05,0.0003545641666278243,0.007366360630840063
9190,0.3818727731704712,2.6745121431304142e-05,0.00029463000828400254,0.007085050921887159
9191,0.38518378138542175,1.979477019631304e-05,0.0004425690567586571,0.007688154466450214
9192,0.38943082094192505,3.217862104065716e-05,0.0002669973182491958,0.0068786186166107655
9193,0.3939630389213562,1.9011016775039025e-05,0.0005337191978469491,0.007980260998010635
9194,0.39803704619407654,3.6836710933130234e-05,0.00026150254416279495,0.006756329908967018
9195,0.4010583758354187,1.904516466311179e-05,0.000596032477915287,0.008166875690221786
9196,0.4024396538734436,3.8980891986284405e-05,0.0002624383196234703,0.006709213834255934
9197,0.40199899673461914,1.907496880448889e-05,0.0006033324752934277,0.008185883983969688
9198,0.3996751010417938,3.7609766877721995e-05,0.00026146857999265194,0.006734245922416449
9199,0.3959237337112427,1.8994946003658697e-05,0.0005493917851708829,0.008021753281354904
9200,0.3913353681564331,3.3175110729644075e-05,0.000264353962847963,0.006839084438979626
9201,0.38677778840065,1.9597533537307754e-05,0.00045670242980122566,0.007724455092102289
9202,0.3830470144748688,2.75246402452467e-05,0.00028790722717531025,0.00703395064920187
9203,0.3808019459247589,2.1931078663328663e-05,0.0003632282023318112,0.007386030629277229
9204,0.38039499521255493,2.2765796529711224e-05,0.00034492742270231247,0.0073111215606331825
9205,0.38185015320777893,2.6259567675879225e-05,0.0002979484270326793,0.007089350838214159
9206,0.38488781452178955,2.000647145905532e-05,0.0004310685908421874,0.007631430868059397
9207,0.3889908790588379,3.167648537782952e-05,0.00026757505838759243,0.006874045357108116
9208,0.39352360367774963,1.906705801957287e-05,0.0005235647549852729,0.007930153980851173
9209,0.3977445960044861,3.650920552900061e-05,0.0002610025694593787,0.006743543781340122
9210,0.40103980898857117,1.9056831661146134e-05,0.0005904126446694136,0.008131135255098343
9211,0.402787446975708,3.898367867805064e-05,0.0002621436142362654,0.006689102854579687
9212,0.4027459919452667,1.9107894331682473e-05,0.0006042359163984656,0.008169712498784065
9213,0.40078434348106384,3.798642865149304e-05,0.0002612516691442579,0.006706369109451771
9214,0.3972933888435364,1.9017850718228146e-05,0.0005562242586165667,0.008023794740438461
9215,0.3928050398826599,3.379557892912999e-05,0.0002626783971209079,0.006802316289395094
9216,0.3881770074367523,1.9507346223690547e-05,0.00046558724716305733,0.00773621117696166
9217,0.3842143714427948,2.815635707520414e-05,0.00028279470279812813,0.006987773347645998
9218,0.3816247582435608,2.1641088096657768e-05,0.0003702386165969074,0.007397693581879139
9219,0.38082846999168396,2.3221728042699397e-05,0.0003360331174917519,0.007257496472448111
9220,0.3819165527820587,2.5799032300710678e-05,0.00030158719164319336,0.007094271946698427
9221,0.3846670985221863,2.0234354451531544e-05,0.0004200062248855829,0.007575978059321642
9222,0.38860470056533813,3.118699532933533e-05,0.0002683943894226104,0.006870151497423649
9223,0.39311298727989197,1.91349936358165e-05,0.0005133030936121941,0.00788048841059208
9224,0.39745864272117615,3.617531183408573e-05,0.0002606258785817772,0.006731604225933552
9225,0.4010039269924164,1.9071219867328182e-05,0.0005846929270774126,0.00809524580836296
9226,0.40309542417526245,3.896458656527102e-05,0.0002618574071675539,0.006669900380074978
9227,0.4034401476383209,1.9138342395308428e-05,0.0006051382515579462,0.008152659051120281
9228,0.40184399485588074,3.8334575947374105e-05,0.00026118819369003177,0.006679704412817955
9229,0.3986278474330902,1.9047176465392113e-05,0.0005625197663903236,0.008024593815207481
9230,0.39426809549331665,3.439682041062042e-05,0.0002614010008983314,0.006767221260815859
9231,0.3895973861217499,1.9435901776887476e-05,0.00047421507770195603,0.007747162599116564
9232,0.38543063402175903,2.87851071334444e-05,0.00027834289357997477,0.0069435578770935535
9233,0.38252097368240356,2.1380861653597094e-05,0.0003774665528908372,0.007409094367176294
9234,0.38134923577308655,2.3688287910772488e-05,0.00032780476612970233,0.0072058639489114285
9235,0.38207218050956726,2.5368310161866248e-05,0.00030541070736944675,0.007099462673068047
9236,0.3845275938510895,2.0478801161516458e-05,0.000409268366638571,0.007522029802203178
9237,0.3882797956466675,3.0711649742443115e-05,0.0002693907590582967,0.006866981275379658
9238,0.3927318751811981,1.9214359781472012e-05,0.0005032268236391246,0.007831365801393986
9239,0.39715978503227234,3.582577483030036e-05,0.000260333763435483,0.006720728240907192
9240,0.40091127157211304,1.9087887267232873e-05,0.000578818959183991,0.00805816613137722
9241,0.4033130705356598,3.889943036483601e-05,0.0002616432320792228,0.006652024108916521
9242,0.4040212333202362,1.9166231140843593e-05,0.0006048362702131271,0.008133050985634327
9243,0.4027803838253021,3.861838922603056e-05,0.0002613273391034454,0.006654941011220217
9244,0.3998527526855469,1.9080838683294132e-05,0.0005678691668435931,0.008022160269320011
9245,0.39565205574035645,3.494287375360727e-05,0.00026050949236378074,0.00673459330573678
9246,0.3909829556941986,1.93852811207762e-05,0.0004824983770959079,0.0077556404285132885
9247,0.3866575062274933,2.938855323009193e-05,0.00027462575235404074,0.006901945453137159
9248,0.3834669589996338,2.1156552975298837e-05,0.0003843317390419543,0.007419286295771599
9249,0.38194555044174194,2.415333074168302e-05,0.0003201770014129579,0.007156890816986561
9250,0.3823183476924896,2.49768745561596e-05,0.000309337570797652,0.007104299962520599
9251,0.38447481393814087,2.0732775737997144e-05,0.0003992785350419581,0.00747029110789299
9252,0.38802698254585266,3.0259634513640776e-05,0.0002705466467887163,0.006864200811833143
9253,0.3924005627632141,1.930657890625298e-05,0.0004938627826049924,0.007783178705722094
9254,0.39688366651535034,3.547923915903084e-05,0.0002601295127533376,0.006710441783070564
9255,0.40081289410591125,1.91081126104109e-05,0.0005722200148738921,0.008021104149520397
9256,0.403493732213974,3.881343945977278e-05,0.00026152184000238776,0.006635021883994341
9257,0.4045383632183075,1.9192204490536824e-05,0.0006040342850610614,0.008111993782222271
9258,0.4036409258842468,3.8860554923303425e-05,0.00026147611788474023,0.0066316574811935425
9259,0.40100228786468506,1.9118426280329004e-05,0.000572963326703757,0.008017386309802532
9260,0.3969786763191223,3.5449709685053676e-05,0.0002599894069135189,0.006703762803226709
9261,0.39234334230422974,1.9350329239387065e-05,0.0004896523314528167,0.007762367371469736
9262,0.38789546489715576,2.9971810363349505e-05,0.00027144665364176035,0.006862588692456484
9263,0.3844577372074127,2.096204843837768e-05,0.0003913975087925792,0.00742859672755003
9264,0.3826107084751129,2.4619457690278068e-05,0.0003134803264401853,0.007110180798918009
9265,0.38264161348342896,2.461350777593907e-05,0.0003135806764476001,0.007109309546649456
9266,0.38449743390083313,2.1003168512834236e-05,0.0003898970317095518,0.007419940084218979
9267,0.38783639669418335,2.982466685352847e-05,0.00027184156351722777,0.00686196843162179
9268,0.3921108841896057,1.9407609215704724e-05,0.000484119460452348,0.0077360281720757484
9269,0.3966246545314789,3.513399860821664e-05,0.0002600546577014029,0.006700749974697828
9270,0.40070781111717224,1.9132394299958833e-05,0.0005660994211211801,0.007983786053955555
9271,0.4036487340927124,3.870944419759326e-05,0.0002613647375255823,0.00661898497492075
9272,0.405018150806427,1.922108458529692e-05,0.0006030219374224544,0.008089736104011536
9273,0.40445777773857117,3.9079637645045295e-05,0.00026186666218563914,0.0066093080677092075
9274,0.40211090445518494,1.9154900655848905e-05,0.0005767853581346571,0.008011656813323498
9275,0.3982771039009094,3.5934146580984816e-05,0.0002597261336632073,0.006674250587821007
9276,0.3936946988105774,1.9328861526446417e-05,0.0004973344039171934,0.007767912931740284
9277,0.38914889097213745,3.053992259083316e-05,0.0002687640953809023,0.006825189106166363
9278,0.3854868710041046,2.079366095131263e-05,0.00039831423782743514,0.007437222171574831
9279,0.3833352029323578,2.5087709218496457e-05,0.0003073014668188989,0.007065407000482082
9280,0.3830369710922241,2.4279595891130157e-05,0.0003176788450218737,0.007114263251423836
9281,0.3845987915992737,2.1279141947161406e-05,0.00038126902654767036,0.007371798157691956
9282,0.3877217173576355,2.941987622762099e-05,0.0002734180889092386,0.006859653629362583
9283,0.39188656210899353,1.951726881088689e-05,0.00047534028999507427,0.007690307684242725
9284,0.396411657333374,3.480242230580188e-05,0.0002601147862151265,0.006691415328532457
9285,0.40062111616134644,1.916358814924024e-05,0.0005595176480710506,0.007946621626615524
9286,0.4037872850894928,3.85932216886431e-05,0.00026140251429751515,0.006603672634810209
9287,0.40545186400413513,1.9246705051045865e-05,0.0006015424150973558,0.008066575974225998
9288,0.4052114486694336,3.926560748368502e-05,0.0002622109022922814,0.006588073913007975
9289,0.4031539261341095,1.9194092601537704e-05,0.0005807254347018898,0.008004097267985344
9290,0.39951732754707336,3.637863483163528e-05,0.00025972971343435347,0.006646530237048864
9291,0.3950071632862091,1.9320816136314534e-05,0.000503981951624155,0.00777177419513464
9292,0.39039310812950134,3.1083865906111896e-05,0.00026659807190299034,0.006789786741137505
9293,0.38653695583343506,2.064917134703137e-05,0.00040500317118130624,0.007444948423653841
9294,0.38410693407058716,2.5546713004587218e-05,0.00030200142646208405,0.007023056037724018
9295,0.38349977135658264,2.3982362108654343e-05,0.000322032137773931,0.00711848447099328
9296,0.3847745358943939,2.155789297830779e-05,0.00037302798591554165,0.007325872778892517
9297,0.38767728209495544,2.904183929786086e-05,0.0002749910927377641,0.006857397500425577
9298,0.39171698689460754,1.963764225365594e-05,0.0004667174944188446,0.007645593956112862
9299,0.3962301015853882,3.447717608651146e-05,0.0002602400491014123,0.006682653911411762
9300,0.4005391597747803,1.919812166306656e-05,0.000553258927538991,0.007909568957984447
9301,0.4039098620414734,3.846681647701189e-05,0.0002614285913296044,0.0065889800898730755
9302,0.40585073828697205,1.927231096487958e-05,0.0005995085812173784,0.008042758330702782
9303,0.40591660141944885,3.9424237911589444e-05,0.00026277778670191765,0.0065679047256708145
9304,0.40414148569107056,1.9236307707615197e-05,0.0005840901285409927,0.00799514725804329
9305,0.4007125198841095,3.679525980260223e-05,0.00025996583281084895,0.0066200438886880875
9306,0.3962944746017456,1.932035229401663e-05,0.0005105782183818519,0.007774651981890202
9307,0.39163443446159363,3.160956839565188e-05,0.00026491930475458503,0.006756048649549484
9308,0.38761183619499207,2.0525876607280225e-05,0.00041160668479278684,0.007451917976140976
9309,0.3849237263202667,2.6002646336564794e-05,0.00029704056214541197,0.0069825295358896255
9310,0.38402047753334045,2.371013761148788e-05,0.0003263740800321102,0.007122477516531944
9311,0.385013222694397,2.1845773517270572e-05,0.00036546101910062134,0.007281268481165171
9312,0.3876938223838806,2.868448427761905e-05,0.0002766718971543014,0.00685531459748745
9313,0.3916025161743164,1.97642275452381e-05,0.0004583897243719548,0.00760214077308774
9314,0.39609330892562866,3.4167402191087604e-05,0.00026048661675304174,0.0066740685142576694
9315,0.4004879891872406,1.9237821106798947e-05,0.0005470417672768235,0.007873186841607094
9316,0.404044508934021,3.8341517210938036e-05,0.0002615417179185897,0.006574714556336403
9317,0.4062400460243225,1.9301194697618484e-05,0.0005977489054203033,0.00801869947463274
9318,0.4065941870212555,3.956694126827642e-05,0.0002633974072523415,0.006548425182700157
9319,0.40509405732154846,1.9277016690466553e-05,0.0005870180320926011,0.007985723204910755
9320,0.40187183022499084,3.718939842656255e-05,0.0002604059991426766,0.0065945894457399845
9321,0.39755627512931824,1.932843224494718e-05,0.0005169453215785325,0.007776455022394657
9322,0.39286717772483826,3.2115422072820365e-05,0.00026361376512795687,0.006723885890096426
9323,0.3886963129043579,2.0424267859198153e-05,0.0004180289397481829,0.00745766144245863
9324,0.38577187061309814,2.6445668481756002e-05,0.0002926952438428998,0.0069441236555576324
9325,0.3845917880535126,2.346682595089078e-05,0.00033060507848858833,0.00712576974183321
9326,0.38531625270843506,2.213306652265601e-05,0.0003586547973100096,0.007238703779876232
9327,0.38777828216552734,2.8357257178868167e-05,0.00027847173623740673,0.0068529280833899975
9328,0.3915484845638275,1.989741576835513e-05,0.00045065759331919253,0.007560116704553366
9329,0.3959989547729492,3.387301694601774e-05,0.0002608589711599052,0.0066656372509896755
9330,0.4004529118537903,1.92812476598192e-05,0.0005406623240560293,0.007837392389774323
9331,0.4041597247123718,3.820120036834851e-05,0.00026172451907768846,0.006561228074133396
9332,0.4065738022327423,1.932992017827928e-05,0.0005957134999334812,0.007993624545633793
9333,0.4071846306324005,3.9666236261837184e-05,0.00026397337205708027,0.00653007673099637
9334,0.405935674905777,1.9316645193612203e-05,0.000589077768381685,0.007973761297762394
9335,0.40291547775268555,3.751939948415384e-05,0.0002610103983897716,0.006571085192263126
9336,0.3987123370170593,1.9345963664818555e-05,0.0005220053717494011,0.007774933706969023
9337,0.39402422308921814,3.2559804822085425e-05,0.00026268785586580634,0.006694579962641001
9338,0.3897450566291809,2.035063698713202e-05,0.00042393291369080544,0.007460429333150387
9339,0.3866255581378937,2.6856534532271326e-05,0.0002891974290832877,0.0069084977731108665
9340,0.3852035701274872,2.3264650735654868e-05,0.00033439876278862357,0.007127178832888603
9341,0.3856855034828186,2.2406089556170627e-05,0.0003524040221236646,0.0071992590092122555
9342,0.3879448175430298,2.807675627991557e-05,0.000280183827271685,0.006849399767816067
9343,0.3915812373161316,2.0028512153658085e-05,0.00044364112545736134,0.007520973216742277
9344,0.39598751068115234,3.3615739084780216e-05,0.0002612583339214325,0.006656821351498365
9345,0.4004869759082794,1.9331871953909285e-05,0.0005355227622203529,0.007803341839462519
9346,0.40432462096214294,3.808182736975141e-05,0.0002620523446239531,0.006547695957124233
9347,0.406937837600708,1.935883665282745e-05,0.0005932949716225266,0.007969758473336697
9348,0.407786101102829,3.9769460272509605e-05,0.00026472145691514015,0.006512010004371405
9349,0.40677186846733093,1.935726686497219e-05,0.0005913710920140147,0.007961682043969631
9350,0.4039402902126312,3.7834954127902165e-05,0.0002616944839246571,0.006548483390361071
9351,0.39984655380249023,1.9370603695278987e-05,0.0005272066337056458,0.007772272452712059
9352,0.3951643407344818,3.298654337413609e-05,0.0002621216408442706,0.006666422821581364
9353,0.3907887935638428,2.0288771338528022e-05,0.0004288849886506796,0.007462284993380308
9354,0.3874916136264801,2.72500874416437e-05,0.00028615776682272553,0.006874788086861372
9355,0.38584771752357483,2.3091390175977722e-05,0.00033829506719484925,0.007127446122467518
9356,0.386102557182312,2.2672869818052277e-05,0.00034689062158577144,0.0071619232185184956
9357,0.3881685733795166,2.7825735742226243e-05,0.00028193643083795905,0.0068453894928097725
9358,0.39167147874832153,2.016500548052136e-05,0.00043710501631721854,0.007483402267098427
9359,0.39602214097976685,3.337586531415582e-05,0.0002617455611471087,0.006648124661296606
9360,0.40055060386657715,1.938508103194181e-05,0.0005303587531670928,0.00777031946927309
9361,0.404498428106308,3.79659395548515e-05,0.00026234344113618135,0.006534362677484751
9362,0.40728431940078735,1.9389684894122183e-05,0.0005912166088819504,0.007945483550429344
9363,0.40834397077560425,3.984792056144215e-05,0.0002655377029441297,0.006494841072708368
9364,0.40754586458206177,1.9399760276428424e-05,0.0005928677273914218,0.007947915233671665
9365,0.4048939347267151,3.81103454856202e-05,0.0002625726629048586,0.006527169607579708
9366,0.40091124176979065,1.9398630684008822e-05,0.0005315116723068058,0.0077675567008554935
9367,0.3962477445602417,3.3371514291502535e-05,0.0002618393918965012,0.006640070118010044
9368,0.3917986750602722,2.0248640794306993e-05,0.0004336903220973909,0.007461716420948505
9369,0.3883512616157532,2.761029827524908e-05,0.00028354860842227936,0.006843612063676119
9370,0.38651373982429504,2.2951478968025185e-05,0.0003416346153244376,0.007125998847186565
9371,0.38656750321388245,2.2924166842130944e-05,0.0003422443987801671,0.00712729012593627
9372,0.3884597718715668,2.7616930310614407e-05,0.00028356927214190364,0.006840236019343138
9373,0.3918420374393463,2.0296545699238777e-05,0.0004316176346037537,0.007448653224855661
9374,0.3961391746997833,3.317976734251715e-05,0.0002622831962071359,0.006638542748987675
9375,0.40068525075912476,1.9439357856754214e-05,0.0005254573188722134,0.007739396765828133
9376,0.4047214686870575,3.786846355069429e-05,0.0002627788344398141,0.006521129049360752
9377,0.407652348279953,1.9424005586188287e-05,0.0005893878405913711,0.007921645417809486
9378,0.4088920056819916,3.99183772969991e-05,0.0002663415507413447,0.006478216499090195
9379,0.40828055143356323,1.9441260519670323e-05,0.0005940684932284057,0.007933213375508785
9380,0.40578949451446533,3.8354926800820976e-05,0.00026358768809586763,0.006506898440420628
9381,0.401910662651062,1.943057395692449e-05,0.0005348795093595982,0.007760941982269287
9382,0.3972747027873993,3.3715023164404556e-05,0.0002618121216073632,0.0066156042739748955
9383,0.3927727937698364,2.0224881154717878e-05,0.00043817024561576545,0.007459177169948816
9384,0.3892013430595398,2.794299325614702e-05,0.0002815440238919109,0.006814533844590187
9385,0.3871954381465912,2.2838157747173682e-05,0.0003447831841185689,0.007123283576220274
9386,0.38706934452056885,2.3163989681052044e-05,0.00033803170663304627,0.0070948610082268715
9387,0.38879966735839844,2.7436726668383926e-05,0.0002850778982974589,0.006834488827735186
9388,0.3920617401599884,2.0427567505976185e-05,0.0004265975148882717,0.007415626663714647
9389,0.3962988555431366,3.300044045317918e-05,0.0002628790680319071,0.006629010196775198
9390,0.4008476138114929,1.9497520042932592e-05,0.0005212941905483603,0.007709129247814417
9391,0.40495041012763977,3.777167876251042e-05,0.000263311987509951,0.006508200895041227
9392,0.4080013036727905,1.9459153918433003e-05,0.0005867840955033898,0.007897372357547283
9393,0.4093983471393585,3.9965540054254234e-05,0.0002673003473319113,0.006462428253144026
9394,0.40895527601242065,1.948236968019046e-05,0.0005949379992671311,0.007916984148323536
9395,0.4066137969493866,3.8560239772778004e-05,0.00026450370205566287,0.006487815175205469
9396,0.4028410017490387,1.9466609955998138e-05,0.000537997460924089,0.007752303499728441
9397,0.3982413113117218,3.4017743018921465e-05,0.00026202082517556846,0.006592676509171724
9398,0.3937031924724579,2.0215922631905414e-05,0.00044152853661216795,0.007454652339220047
9399,0.39003148674964905,2.8242237021913752e-05,0.00027991330716758966,0.006787583231925964
9400,0.38788390159606934,2.2752721633878537e-05,0.0003476665006019175,0.00711887888610363
9401,0.3876030743122101,2.3385155145660974e-05,0.0003348145692143589,0.0070648337714374065
9402,0.38919132947921753,2.729333755269181e-05,0.0002865816932171583,0.006827533710747957
9403,0.39234572649002075,2.055318145721685e-05,0.0004219809779897332,0.007384881377220154
9404,0.39652419090270996,3.285534694441594e-05,0.00026354711735621095,0.006618858315050602
9405,0.4010709822177887,1.955794323293958e-05,0.0005172750679776073,0.007680481765419245
9406,0.4052339494228363,3.769690738408826e-05,0.00026382922078482807,0.0064952620305120945
9407,0.4083910286426544,1.9496716049616225e-05,0.000585408415645361,0.007874099537730217
9408,0.40992844104766846,4.002280911663547e-05,0.00026826057001017034,0.006446738261729479
9409,0.40963658690452576,1.9524355593603104e-05,0.0005951751372776926,0.00790117122232914
9410,0.4074331820011139,3.8760295865358785e-05,0.0002657338627614081,0.006469225976616144
9411,0.40376007556915283,1.950667137862183e-05,0.0005408827564679086,0.007743357215076685
9412,0.3992013931274414,3.4311553463339806e-05,0.00026231331867165864,0.006570549216121435
9413,0.39463576674461365,2.0211184164509177e-05,0.0004454392474144697,0.007450024597346783
9414,0.3908737003803253,2.8540674975374714e-05,0.00027854854124598205,0.006761328317224979
9415,0.3885917663574219,2.2673513740301132e-05,0.00035029021091759205,0.00711468979716301
9416,0.388155996799469,2.3611937649548054e-05,0.00033134061959572136,0.0070352316834032536
9417,0.38959944248199463,2.7151349058840424e-05,0.0002881808904930949,0.006821025162935257
9418,0.3926389813423157,2.0685560230049305e-05,0.0004178265226073563,0.007354099303483963
9419,0.39675161242485046,3.2702795579098165e-05,0.00026426216936670244,0.006609403062611818
9420,0.40128886699676514,1.9622399122454226e-05,0.0005133317899890244,0.007651584688574076
9421,0.40549835562705994,3.7609403079841286e-05,0.0002645727654453367,0.006482842843979597
9422,0.40875473618507385,1.9535626051947474e-05,0.0005829465226270258,0.007850302383303642
9423,0.41043373942375183,4.006679228041321e-05,0.00026930548483505845,0.0064315032213926315
9424,0.4103046953678131,1.956709093065001e-05,0.0005961472052149475,0.007885031402111053
9425,0.408252477645874,3.895627014571801e-05,0.0002669010718818754,0.006451101507991552
9426,0.40469104051589966,1.954701656359248e-05,0.0005439508822746575,0.007734788581728935
9427,0.4001794755458832,3.461226151557639e-05,0.00026283200713805854,0.0065485648810863495
9428,0.3955911099910736,2.0209550712024793e-05,0.00044908063136972487,0.00744587229564786
9429,0.3917389214038849,2.8849541195086204e-05,0.0002773225132841617,0.006735122762620449
9430,0.3893212378025055,2.2594760594074614e-05,0.0003534260904416442,0.007111033424735069
9431,0.38872966170310974,2.384489562246017e-05,0.00032811114215292037,0.007005900610238314
9432,0.3900222182273865,2.700798177102115e-05,0.0002898941747844219,0.006815037690103054
9433,0.3929426670074463,2.0825165847782046e-05,0.00041333565604873,0.00732327438890934
9434,0.3969826102256775,3.254708644817583e-05,0.0002650638634804636,0.006600349210202694
9435,0.4015030860900879,1.9692181012942456e-05,0.000509373378008604,0.00762239471077919
9436,0.40575724840164185,3.751520125661045e-05,0.000265249953372404,0.006470942869782448
9437,0.4091154932975769,1.9574737962102517e-05,0.0005808144342154264,0.00782662071287632
9438,0.4109378755092621,4.0105966036207974e-05,0.00027038255939260125,0.006416747346520424
9439,0.4109700918197632,1.9612369214883074e-05,0.0005969374906271696,0.00786891020834446
9440,0.4090721905231476,3.915243723895401e-05,0.0002682873164303601,0.006433207541704178
9441,0.4056306481361389,1.959031942533329e-05,0.0005470442119985819,0.007726454176008701
9442,0.40117815136909485,3.492029645713046e-05,0.00026352459099143744,0.00652685109525919
9443,0.39657536149024963,2.02057071874151e-05,0.0004531600570771843,0.0074427626095712185
9444,0.3926365077495575,2.91731848847121e-05,0.00027622448396869004,0.006708979606628418
9445,0.3900792598724365,2.251332625746727e-05,0.0003569593536667526,0.007108372636139393
9446,0.38932135701179504,2.4097538698697463e-05,0.0003247736021876335,0.006975906435400248
9447,0.39045241475105286,2.6851208531297743e-05,0.0002917955571319908,0.006810263730585575
9448,0.39324188232421875,2.0975774532416835e-05,0.00040875570266507566,0.007291810587048531
9449,0.3972018361091614,3.237411874579266e-05,0.0002659440797287971,0.006592330988496542
9450,0.40170443058013916,1.9764969692914747e-05,0.0005054036737419665,0.007592916954308748
9451,0.40600645542144775,3.741422187886201e-05,0.0002659306046552956,0.0064593651331961155
9452,0.40946927666664124,1.9617556972661987e-05,0.0005783124943263829,0.007802756503224373
9453,0.41144344210624695,4.014336445834488e-05,0.00027165462961420417,0.00640226760879159
9454,0.41165128350257874,1.96576802409254e-05,0.0005975370295345783,0.007853387854993343
9455,0.4099217355251312,3.935892164008692e-05,0.00026966966106556356,0.0064155044965445995
9456,0.4066092073917389,1.9633565898402594e-05,0.0005509452894330025,0.007719137705862522
9457,0.40222108364105225,3.525096326484345e-05,0.00026431470178067684,0.006504895631223917
9458,0.39760592579841614,2.0203933672746643e-05,0.0004574603517539799,0.007440661080181599
9459,0.39357835054397583,2.9521461328840815e-05,0.000275138474535197,0.0066824499517679214
9460,0.390872597694397,2.2422549591283314e-05,0.0003607934631872922,0.007107311859726906
9461,0.3899359703063965,2.4372195184696466e-05,0.00032156967790797353,0.006945195607841015
9462,0.390889436006546,2.6678048016037792e-05,0.0002941832644864917,0.006806860212236643
9463,0.39353230595588684,2.114298149535898e-05,0.0004040233907289803,0.007259238976985216
9464,0.3973977267742157,3.21799743687734e-05,0.00026704269112087786,0.0065852440893650055
9465,0.4018721282482147,1.9844381313305348e-05,0.0005002889083698392,0.007562432903796434
9466,0.40621739625930786,3.728767478605732e-05,0.00026667758356779814,0.006448692176491022
9467,0.40979284048080444,1.9661612896015868e-05,0.0005763687076978385,0.007778107654303312
9468,0.4119379222393036,4.0173013985622674e-05,0.00027271229191683233,0.006388218142092228
9469,0.4123474359512329,1.9706263628904708e-05,0.0005985134630464017,0.007838018238544464
9470,0.41081559658050537,3.958634624723345e-05,0.0002714478468988091,0.006397613789886236
9471,0.4076630771160126,1.967695789062418e-05,0.0005546046304516494,0.007713807746767998
9472,0.4033578038215637,3.562777419574559e-05,0.0002652828407008201,0.006482257042080164
9473,0.3987329602241516,2.0194765966152772e-05,0.00046354602091014385,0.00744153605774045
9474,0.3946043848991394,2.9925457056378946e-05,0.0002740751951932907,0.006654384080320597
9475,0.39172640442848206,2.230971040262375e-05,0.0003654091851785779,0.007109373342245817
9476,0.3905789256095886,2.4692551960470155e-05,0.00031769616180099547,0.006912274286150932
9477,0.3913210928440094,2.646293432917446e-05,0.00029692347743548453,0.006806301884353161
9478,0.3937855362892151,2.1335770725272596e-05,0.00039876525988802314,0.007224148605018854
9479,0.3975341022014618,3.193647717125714e-05,0.00026830367278307676,0.006580146960914135
9480,0.4019681215286255,1.99341811821796e-05,0.0004949560388922691,0.007529534865170717
9481,0.4063594937324524,3.711914177983999e-05,0.00026755942963063717,0.0064392914064228535
9482,0.4100594222545624,1.9709159460035153e-05,0.0005729468539357185,0.007751984987407923
9483,0.41239649057388306,4.0181443182518706e-05,0.0002739685005508363,0.006374874152243137
9484,0.41303423047065735,1.9754010281758383e-05,0.0005998546257615089,0.007822558283805847
9485,0.4117322564125061,3.98237825720571e-05,0.0002730852284003049,0.006379812024533749
9486,0.40876534581184387,1.9722858269233257e-05,0.000559117819648236,0.007709612138569355
9487,0.40456265211105347,3.603751611080952e-05,0.0002665994397830218,0.0064592924900352955
9488,0.3999386429786682,2.0184994355076924e-05,0.0004697135300375521,0.007444589398801327
9489,0.39570456743240356,3.0373359550139867e-05,0.0002731230342760682,0.0066254050470888615
9490,0.3926401436328888,2.2182444809004664e-05,0.00037114130100235343,0.00711397547274828
9491,0.3912593722343445,2.505132943042554e-05,0.0003139879845548421,0.0068778968416154385
9492,0.3917662501335144,2.6225601686746813e-05,0.0003001426812261343,0.006807629484683275
9493,0.39403101801872253,2.1550436940742657e-05,0.00039246148662641644,0.007187643554061651
9494,0.3976481258869171,3.166545502608642e-05,0.00026973479543812573,0.006576367188245058
9495,0.4020341634750366,2.0034241970279254e-05,0.0004893430159427226,0.007495288271456957
9496,0.40647628903388977,3.693027974804863e-05,0.0002682319318410009,0.006430677603930235
9497,0.41031402349472046,1.975924169528298e-05,0.0005700280307792127,0.007725341245532036
9498,0.4128577709197998,4.0189814171753824e-05,0.0002753548906184733,0.006361638195812702
9499,0.41374388337135315,1.9802611859631725e-05,0.0006003315793350339,0.007807685993611813
9500,0.4126881957054138,4.0077557059703395e-05,0.00027502040029503405,0.006361954379826784
9501,0.40992164611816406,1.9772391169681214e-05,0.0005648424848914146,0.007706501986831427
9502,0.40583425760269165,3.647645644377917e-05,0.00026799016632139683,0.006436146330088377
9503,0.40121644735336304,2.017424048972316e-05,0.00047687298501841724,0.007449556142091751
9504,0.3968748152256012,3.085971547989175e-05,0.0002723970974329859,0.006595751736313105
9505,0.3936134874820709,2.2048785467632115e-05,0.00037709425669163465,0.007120617665350437
9506,0.39198508858680725,2.5442579499213025e-05,0.00031019325251691043,0.006842684932053089
9507,0.39223742485046387,2.5973160518333316e-05,0.0003040302835870534,0.006810641381889582
9508,0.39428406953811646,2.1785381250083447e-05,0.0003863662714138627,0.007150133606046438
9509,0.3977506160736084,3.13713971991092e-05,0.0002713494177442044,0.006573942024260759
9510,0.4020755887031555,2.0146018869127147e-05,0.00048292294377461076,0.007459806278347969
9511,0.40655142068862915,3.6713747249450535e-05,0.00026906427228823304,0.006423039361834526
9512,0.41051363945007324,1.9812036043731496e-05,0.0005664833588525653,0.007697246503084898
9513,0.4132600426673889,4.016674211015925e-05,0.00027644538204185665,0.0063492790795862675
9514,0.41439592838287354,1.985095877898857e-05,0.0006009316421113908,0.007791460957378149
9515,0.4135984778404236,4.030556738143787e-05,0.0002770352584775537,0.006344923283904791
9516,0.4110550582408905,1.98245033971034e-05,0.0005695148138329387,0.0077028158120810986
9517,0.40710586309432983,3.691137317218818e-05,0.0002696390147320926,0.006413472816348076
9518,0.4025169312953949,2.0170271454844624e-05,0.00048440112732350826,0.007454683538526297
9519,0.3980843424797058,3.135796214337461e-05,0.00027194677386432886,0.006566484924405813
9520,0.39463356137275696,2.1919506252743304e-05,0.00038355396827682853,0.007128080818802118
9521,0.39275607466697693,2.5851582904579118e-05,0.0003065008786506951,0.006807608064264059
9522,0.3927457630634308,2.5720306439325213e-05,0.0003081152681261301,0.00681453850120306
9523,0.39455893635749817,2.2039141185814515e-05,0.0003802257124334574,0.007112056016921997
9524,0.3978612720966339,3.106619988102466e-05,0.00027314404724165797,0.006572399288415909
9525,0.40210750699043274,2.0266677893232554e-05,0.0004766704805660993,0.007423589937388897
9526,0.40660664439201355,3.6478690162766725e-05,0.00026991029153577983,0.006416113115847111
9527,0.41068732738494873,1.986616916838102e-05,0.0005621940363198519,0.007668583653867245
9528,0.41363608837127686,4.012852878076956e-05,0.000277683197055012,0.006337273400276899
9529,0.4150253236293793,1.9902208805433474e-05,0.0006013750098645687,0.007774537429213524
9530,0.4144943952560425,4.0523489587940276e-05,0.0002790142607409507,0.00632829824462533
9531,0.4121836721897125,1.9878109014825895e-05,0.0005746129318140447,0.007698919624090195
9532,0.4083864688873291,3.734519850695506e-05,0.0002714853035286069,0.006391263101249933
9533,0.4038403034210205,2.017037149926182e-05,0.00049164320807904,0.007460101507604122
9534,0.39932793378829956,3.186637695762329e-05,0.00027176717412658036,0.006537594832479954
9535,0.3956964612007141,2.1802497940370813e-05,0.0003904835321009159,0.0071356757543981075
9536,0.39357149600982666,2.6274028641637415e-05,0.0003030876105185598,0.006772952154278755
9537,0.3932952880859375,2.5471892513451166e-05,0.0003124366339761764,0.006819124799221754
9538,0.3948711156845093,2.23059905692935e-05,0.0003743348643183708,0.007074243389070034
9539,0.39799731969833374,3.07614536723122e-05,0.00027506693731993437,0.006571444682776928
9540,0.40215349197387695,2.0397732441779226e-05,0.0004702874575741589,0.007387242279946804
9541,0.40666019916534424,3.623934026109055e-05,0.0002708251995500177,0.006409463472664356
9542,0.41084539890289307,1.992422403418459e-05,0.0005578352138400078,0.007639417890459299
9543,0.41398388147354126,4.007085954071954e-05,0.00027890066849067807,0.006325996946543455
9544,0.4156186878681183,1.9953651644755155e-05,0.0006017168052494526,0.007756780833005905
9545,0.41535070538520813,4.071953662787564e-05,0.00028099422343075275,0.006312299985438585
9546,0.4132741391658783,1.993431942537427e-05,0.0005792549345642328,0.007693885825574398
9547,0.4096364676952362,3.775974619202316e-05,0.0002734848822001368,0.006369738839566708
9548,0.4051450490951538,2.017918995989021e-05,0.0004985319683328271,0.007464422378689051
9549,0.40057194232940674,3.2357434974983335e-05,0.0002718936593737453,0.0065100546926259995
9550,0.39677730202674866,2.1701107471017167e-05,0.0003973406564909965,0.0071425954811275005
9551,0.39442116022109985,2.6693245672504418e-05,0.0003001522272825241,0.006739568896591663
9552,0.39389121532440186,2.5247403755201958e-05,0.000316706660669297,0.006823139265179634
9553,0.39523422718048096,2.2576448827749118e-05,0.00036874169018119574,0.0070376708172261715
9554,0.3981856107711792,3.047781137865968e-05,0.0002770354622043669,0.006570299621671438
9555,0.4022495746612549,2.0531544578261673e-05,0.0004644660803023726,0.007352143991738558
9556,0.4067574441432953,3.601586649892852e-05,0.00027169540408067405,0.0064027998596429825
9557,0.41103360056877136,1.9986908228020184e-05,0.0005538410041481256,0.007610836066305637
9558,0.4143429696559906,4.0017486753640696e-05,0.0002802407543640584,0.006314693950116634
9559,0.41620224714279175,2.0005960323032923e-05,0.0006014311802573502,0.007738880813121796
9560,0.41618087887763977,4.0900213207351044e-05,0.00028306845342740417,0.006296743173152208
9561,0.4143269658088684,1.9990249711554497e-05,0.0005838365759700537,0.007687938865274191
9562,0.4108456075191498,3.8146616134326905e-05,0.00027550687082111835,0.006349222734570503
9563,0.4064163267612457,2.0198738639010116e-05,0.00050523312529549,0.007467028684914112
9564,0.40179571509361267,3.2822481443872675e-05,0.0002723789948504418,0.006483955308794975
9565,0.397858202457428,2.162093369406648e-05,0.0004036769678350538,0.007147931028157473
9566,0.39529338479042053,2.70960372290574e-05,0.00029779347823932767,0.006708038505166769
9567,0.3945278823375702,2.50501288974192e-05,0.00032105244463309646,0.006826227530837059
9568,0.3956516683101654,2.2842868929728866e-05,0.00036404916318133473,0.007002906873822212
9569,0.39843255281448364,3.0224437068682164e-05,0.0002790809085126966,0.006568468641489744
9570,0.4023969769477844,2.0668088836828247e-05,0.00045842237886972725,0.007318474352359772
9571,0.406890869140625,3.580521297408268e-05,0.0002727638930082321,0.006396093871444464
9572,0.4112369418144226,2.005315946007613e-05,0.0005502517451532185,0.00758260628208518
9573,0.41469302773475647,3.9954644307726994e-05,0.0002813156461343169,0.006303850095719099
9574,0.4167548716068268,2.005952046602033e-05,0.0006012963713146746,0.007720106281340122
9575,0.41695642471313477,4.10538814321626e-05,0.00028519995976239443,0.0062817977741360664
9576,0.41531500220298767,2.004748603212647e-05,0.0005868984153494239,0.007680207956582308
9577,0.41199132800102234,3.849620043183677e-05,0.0002776203618850559,0.006329830270260572
9578,0.40763434767723083,2.0226594642736018e-05,0.0005117811961099505,0.007467600982636213
9579,0.40298396348953247,3.325303987367079e-05,0.0002730533597059548,0.006459483411163092
9580,0.39892780780792236,2.156219125026837e-05,0.00040966414962895215,0.007151483092457056
9581,0.3961772918701172,2.7478134143166244e-05,0.0002958538243547082,0.006678376812487841
9582,0.3951990604400635,2.4885714083211496e-05,0.00032495224149897695,0.006827908102422953
9583,0.3961208462715149,2.3099719328456558e-05,0.0003599071060307324,0.006970333866775036
9584,0.3987433612346649,3.0006745873834006e-05,0.00028117085457779467,0.006565719377249479
9585,0.4026130437850952,2.0803732695640065e-05,0.000453650311101228,0.007286683656275272
9586,0.40708741545677185,3.56243945134338e-05,0.00027385682915337384,0.006388891022652388
9587,0.41148751974105835,2.0123072317801416e-05,0.0005463431589305401,0.0075553907081484795
9588,0.4150669276714325,3.990261029684916e-05,0.0002826174604706466,0.006292835343629122
9589,0.41729965806007385,2.0112858692300506e-05,0.0006010344950482249,0.007701118476688862
9590,0.417696475982666,4.118759898119606e-05,0.0002869524760171771,0.00626736506819725
9591,0.41623955965042114,2.010585376410745e-05,0.0005899810930714011,0.007670707534998655
9592,0.41305655241012573,3.87985201086849e-05,0.00027983071049675345,0.006311669014394283
9593,0.4087750017642975,2.0264658814994618e-05,0.0005167978815734386,0.007465533446520567
9594,0.40411534905433655,3.3640397305134684e-05,0.000273989571724087,0.006436604540795088
9595,0.39996808767318726,2.1523124814848416e-05,0.00041513750329613686,0.007152881007641554
9596,0.3970620036125183,2.78313564194832e-05,0.00029453469323925674,0.006650857627391815
9597,0.3958979845046997,2.475408837199211e-05,0.0003287817817181349,0.006827990524470806
9598,0.3966355621814728,2.3344779037870467e-05,0.00035612034844234586,0.006939865183085203
9599,0.39910784363746643,2.982179466926027e-05,0.00028320829733274877,0.0065620774403214455
9600,0.4028836786746979,2.0941388356732205e-05,0.000449327751994133,0.007256289012730122
9601,0.4073333442211151,3.546480002114549e-05,0.00027493754168972373,0.006381443236023188
9602,0.4117783308029175,2.0194027456454933e-05,0.0005433483747765422,0.007529217749834061
9603,0.4154663383960724,3.9859776734374464e-05,0.00028397986898198724,0.006281813140958548
9604,0.41785603761672974,2.0168190530966967e-05,0.0006003130692988634,0.0076824058778584
9605,0.418437123298645,4.131990863243118e-05,0.000289001822238788,0.006253053899854422
9606,0.41715994477272034,2.0166455215075985e-05,0.0005930368788540363,0.007660901639610529
9607,0.4141160249710083,3.90946697734762e-05,0.00028192775789648294,0.006293910089880228
9608,0.40990522503852844,2.0303226847318e-05,0.0005219956510700285,0.007463041692972183
9609,0.4052371382713318,3.4014614357147366e-05,0.0002750507555902004,0.006414500996470451
9610,0.40100425481796265,2.1497404304682277e-05,0.00042018527165055275,0.00715321209281683
9611,0.39795514941215515,2.8171214580652304e-05,0.0002934260992333293,0.006624516099691391
9612,0.3966182470321655,2.4643275537528098e-05,0.00033247002284042537,0.006827095057815313
9613,0.3971853256225586,2.358265373914037e-05,0.0003529723617248237,0.006910861935466528
9614,0.39951685070991516,2.9658800485776737e-05,0.0002852118050213903,0.006557917222380638
9615,0.40320006012916565,2.1078310965094715e-05,0.00044534076005220413,0.007227176800370216
9616,0.4076189696788788,3.5324595955898985e-05,0.00027612081612460315,0.006373555865138769
9617,0.4120962619781494,2.026807123911567e-05,0.0005402134847827256,0.00750351045280695
9618,0.41587841510772705,3.9820697566028684e-05,0.00028526820824481547,0.0062708305194973946
9619,0.4184085428714752,2.0223515093675815e-05,0.0005999339045956731,0.007663480471819639
9620,0.4191555678844452,4.143852856941521e-05,0.00029087148141115904,0.006239155773073435
9621,0.41803932189941406,2.0227891582180746e-05,0.0005955986562184989,0.007650002837181091
9622,0.41512396931648254,3.936274879379198e-05,0.00028416613349691033,0.006276760250329971
9623,0.4109874665737152,2.0349114493001252e-05,0.0005263847415335476,0.007458923384547234
9624,0.4063190221786499,3.435673352214508e-05,0.00027625454822555184,0.006393615622073412
9625,0.4020150899887085,2.1484675016836263e-05,0.00042492401553317904,0.007152012549340725
9626,0.3988419473171234,2.848573240044061e-05,0.0002927189052570611,0.0065998658537864685
9627,0.3973541855812073,2.4561122700106353e-05,0.00033575930865481496,0.006824583280831575
9628,0.3977730870246887,2.380548176006414e-05,0.0003502549370750785,0.006883885245770216
9629,0.3999834656715393,2.953748480649665e-05,0.0002870502066798508,0.006552351173013449
9630,0.40359005331993103,2.1207404643064365e-05,0.000442161486716941,0.007200482301414013
9631,0.40798622369766235,3.522635961417109e-05,0.00027724483516067266,0.006364863365888596
9632,0.41249629855155945,2.034242970694322e-05,0.0005380666116252542,0.007479936815798283
9633,0.4163597524166107,3.981524059781805e-05,0.00028671699692495167,0.00625923927873373
9634,0.4190051555633545,2.0282535842852667e-05,0.0005994911771267653,0.007645568810403347
9635,0.41988158226013184,4.155820715823211e-05,0.0002929531328845769,0.006225304212421179
9636,0.41889306902885437,2.028837479883805e-05,0.0005980002461001277,0.007638540118932724
9637,0.41607609391212463,3.959876994485967e-05,0.00028614283655770123,0.006260449066758156
9638,0.41199392080307007,2.0400500943651423e-05,0.0005303043872117996,0.0074523757211863995
9639,0.40732449293136597,3.464842666289769e-05,0.00027757586212828755,0.006374297197908163
9640,0.40296852588653564,2.1495558030437678e-05,0.0004284533206373453,0.007147625554352999
9641,0.39970099925994873,2.875336940633133e-05,0.00029235659167170525,0.00657767103984952
9642,0.3980957865715027,2.451553154969588e-05,0.0003386927710380405,0.006819619797170162
9643,0.3983965218067169,2.4001934434636496e-05,0.00034851767122745514,0.006859582383185625
9644,0.40050914883613586,2.9460396035574377e-05,0.00028870676760561764,0.006545098964124918
9645,0.4040507674217224,2.13299244933296e-05,0.00043935031862929463,0.007176059763878584
9646,0.4084260165691376,3.5168319300282747e-05,0.0002785045944619924,0.0063551077619194984
9647,0.412959486246109,2.0415875042090192e-05,0.0005364189855754375,0.007458018604665995
9648,0.41688573360443115,3.9829439629102126e-05,0.00028797093546018004,0.006247397046536207
9649,0.4196248948574066,2.034196222666651e-05,0.0005997455446049571,0.007628133986145258
9650,0.42061278223991394,4.168002851656638e-05,0.00029496714705601335,0.0062114400789141655
9651,0.4197324514389038,2.0351752027636394e-05,0.0005996940890327096,0.007626516744494438
9652,0.41700056195259094,3.9818420191295445e-05,0.00028827672940678895,0.006244526710361242
9653,0.4129638075828552,2.0454344848985784e-05,0.0005338802002370358,0.00744470302015543
9654,0.40829017758369446,3.4909109672298655e-05,0.00027884182054549456,0.006356062367558479
9655,0.40388646721839905,2.1518588255275972e-05,0.0004317303537391126,0.007141449023038149
9656,0.40053778886795044,2.8988704798393883e-05,0.0002922730927821249,0.006557131186127663
9657,0.3988395929336548,2.4502531232428737e-05,0.00034081083140335977,0.006812441162765026
9658,0.39905041456222534,2.417300856905058e-05,0.00034725377918221056,0.006837747059762478
9659,0.40109002590179443,2.943021354440134e-05,0.0002901906264014542,0.006536076311022043
9660,0.40458837151527405,2.1439485863083974e-05,0.0004380146274343133,0.007154405117034912
9661,0.4089495539665222,3.515679418342188e-05,0.0002797500928863883,0.006344273220747709
9662,0.41349607706069946,2.0489158487180248e-05,0.000534893712028861,0.007438068278133869
9663,0.41746169328689575,3.986812225775793e-05,0.00028955042944289744,0.0062350379303097725
9664,0.42025622725486755,2.0403140297275968e-05,0.0006000098073855042,0.007610957138240337
9665,0.4213094711303711,4.178082599537447e-05,0.0002966468455269933,0.006198065355420113
9666,0.420491099357605,2.0413835954968818e-05,0.000601156847551465,0.007612491026520729
9667,0.41781216859817505,3.997777457698248e-05,0.000290275173028931,0.0062298583798110485
9668,0.4138084352016449,2.0514920834102668e-05,0.0005353885353542864,0.007433338090777397
9669,0.4091404974460602,3.509786620270461e-05,0.00028018117882311344,0.0063398308120667934
9670,0.4047161638736725,2.15669770113891e-05,0.00043397716945037246,0.007131210993975401
9671,0.4013253152370453,2.9161214115447365e-05,0.0002926316810771823,0.006539532449096441
9672,0.3995749056339264,2.4532195311621763e-05,0.00034233793849125504,0.006802131421864033
9673,0.39973509311676025,2.430844324408099e-05,0.0003467077331151813,0.006819065660238266
9674,0.4017341434955597,2.9454397008521482e-05,0.00029135256772860885,0.0065248580649495125
9675,0.40520602464675903,2.1535655832849443e-05,0.00043739244574680924,0.007135713938623667
9676,0.4095591902732849,3.51972266798839e-05,0.00028094404842704535,0.006331981625407934
9677,0.4141138792037964,2.0559184122248553e-05,0.0005345558747649193,0.007420355454087257
9678,0.41810065507888794,3.993553400505334e-05,0.0002912167110480368,0.006222212221473455
9679,0.4209253489971161,2.0466999558266252e-05,0.0006001593428663909,0.007594489958137274
9680,0.4220105707645416,4.1883293306455016e-05,0.0002985139435622841,0.006184660829603672
9681,0.42122387886047363,2.0477218640735373e-05,0.0006022860761731863,0.007597579155117273
9682,0.41856780648231506,4.0107413951773196e-05,0.0002919184626080096,0.006215773988515139
9683,0.41457676887512207,2.058020982076414e-05,0.0005364429671317339,0.0074196127243340015
9684,0.4099099338054657,3.5231430956628174e-05,0.0002815091866068542,0.006325199268758297
9685,0.40547630190849304,2.1633839423884638e-05,0.0004349123337306082,0.007117993198335171
9686,0.40207064151763916,2.928533467638772e-05,0.0002933020005002618,0.006524079013615847
9687,0.40030133724212646,2.4598972231615335e-05,0.0003432952507864684,0.006789062637835741
9688,0.40044426918029785,2.44118164118845e-05,0.00034691920154727995,0.006803099066019058
9689,0.4024302065372467,2.9526525395340286e-05,0.0002922781859524548,0.0065116919577121735
9690,0.4058944880962372,2.1618285245494917e-05,0.00043727157753892243,0.007119645830243826
9691,0.41024500131607056,3.5279586882097647e-05,0.0002821749076247215,0.006318724248558283
9692,0.41480231285095215,2.0630250219255686e-05,0.0005352968582883477,0.00740424171090126
9693,0.41879501938819885,4.003064532298595e-05,0.0002927776949945837,0.006208880804479122
9694,0.42162618041038513,2.0530093024717644e-05,0.0006004580063745379,0.0075788297690451145
9695,0.4227180480957031,4.198789974907413e-05,0.00030044137383811176,0.006171185523271561
9696,0.4219328761100769,2.0539877368719317e-05,0.0006027007475495338,0.007582101505249739
9697,0.4192752242088318,4.020845881314017e-05,0.00029349455144256353,0.006202344316989183
9698,0.41527917981147766,2.0649917132686824e-05,0.0005371144507080317,0.007403871044516563
9699,0.41060954332351685,3.53211653418839e-05,0.000282750406768173,0.006311742588877678
9700,0.40617743134498596,2.171563755837269e-05,0.00043489376548677683,0.0071022422052919865
9701,0.40277785062789917,2.936523742391728e-05,0.0002941629500128329,0.006510564591735601
9702,0.4010196924209595,2.469864375598263e-05,0.00034354027593508363,0.006773550994694233
9703,0.40117594599723816,2.4483502784278244e-05,0.00034778338158503175,0.006789717823266983
9704,0.4031774699687958,2.9647042538272217e-05,0.0002930022310465574,0.006496497895568609
9705,0.40665414929389954,2.1687159460270777e-05,0.0004380160244181752,0.007106196600943804
9706,0.41101035475730896,3.540915349731222e-05,0.0002835169725585729,0.0063041686080396175
9707,0.4155661165714264,2.0698134903796017e-05,0.0005361616495065391,0.007390192244201899
9708,0.4195486605167389,4.0153910958906636e-05,0.00029443117091432214,0.006195006892085075
9709,0.42236328125,2.0594869056367315e-05,0.0006015885155647993,0.007563785649836063
9710,0.42343297600746155,4.209426697343588e-05,0.00030221149791032076,0.006157694384455681
9711,0.42262405157089233,2.060433689621277e-05,0.000602740328758955,0.007565912790596485
9712,0.4199454188346863,4.0288708987645805e-05,0.00029512165929190814,0.0061892797239124775
9713,0.41593483090400696,2.072304778266698e-05,0.0005370558355934918,0.007386624347418547
9714,0.41126227378845215,3.5378776374273e-05,0.0002838886284735054,0.006299158092588186
9715,0.40683889389038086,2.1808813471579924e-05,0.00043458433356136084,0.007084663957357407
9716,0.4034609794616699,2.941388993349392e-05,0.0002952141803689301,0.006498392671346664
9717,0.40173348784446716,2.4823626517900266e-05,0.00034323212457820773,0.006756182760000229
9718,0.40192711353302,2.4534063413739204e-05,0.0003489021910354495,0.006778089329600334
9719,0.4039626121520996,2.9800365155097097e-05,0.0002935469674412161,0.006479968316853046
9720,0.4074662923812866,2.1746596758021042e-05,0.00043967715464532375,0.007094540633261204
9721,0.4118378162384033,3.557340824045241e-05,0.00028478456079028547,0.006288767792284489
9722,0.4163914918899536,2.076471719192341e-05,0.0005374784232117236,0.00737762963399291
9723,0.4203527867794037,4.030285344924778e-05,0.0002962510916404426,0.006180577911436558
9724,0.4231302738189697,2.066059096250683e-05,0.0006026184419170022,0.007549342233687639
9725,0.4241487979888916,4.2198782466584817e-05,0.0003038323193322867,0.006144269835203886
9726,0.42328575253486633,2.0669755031121895e-05,0.0006028100615367293,0.007548864930868149
9727,0.42056071758270264,4.0337705286219716e-05,0.00029661651933565736,0.0061768218874931335
9728,0.41652053594589233,2.080068225041032e-05,0.0005358722992241383,0.0073673608712852
9729,0.4118437170982361,3.539145473041572e-05,0.000285005517071113,0.006287666969001293
9730,0.4074428379535675,2.1918276615906507e-05,0.00043336563976481557,0.007064536213874817
9731,0.40411028265953064,2.9419195925584063e-05,0.0002964450395666063,0.0064881532453000546
9732,0.40244296193122864,2.4979337467812002e-05,0.00034257027436979115,0.006736611947417259
9733,0.40269869565963745,2.455877256579697e-05,0.00035046489210799336,0.006768557708710432
9734,0.40479034185409546,2.999215757881757e-05,0.0002938581455964595,0.0064618997275829315
9735,0.40833568572998047,2.179677176172845e-05,0.0004417959426064044,0.007084764074534178
9736,0.41272541880607605,3.5771430702880025e-05,0.00028603270766325295,0.006272506900131702
9737,0.4172724187374115,2.0828731067012995e-05,0.000539494096301496,0.007366500794887543
9738,0.42120233178138733,4.047339461976662e-05,0.0002981114375870675,0.006165727041661739
9739,0.42392563819885254,2.0727162336697802e-05,0.000603432534262538,0.007535524200648069
9740,0.4248778522014618,4.230836566421203e-05,0.00030555002740584314,0.006130694877356291
9741,0.4239450991153717,2.073627183563076e-05,0.0006029590149410069,0.007531570270657539
9742,0.4211583137512207,4.037591133965179e-05,0.00029784272192046046,0.006164572201669216
9743,0.41708171367645264,2.0879851945210248e-05,0.000534412800334394,0.007347270380705595
9744,0.4123987555503845,3.538436067174189e-05,0.0002861131215468049,0.006276719272136688
9745,0.40802475810050964,2.2037807866581716e-05,0.0004316415870562196,0.007043121382594109
9746,0.40474843978881836,2.9405509849311784e-05,0.0002977753465529531,0.0064787231385707855
9747,0.4031541049480438,2.5151492081931792e-05,0.0003417156985960901,0.0067159212194383144
9748,0.4034861624240875,2.4571887479396537e-05,0.0003523631312418729,0.006760020274668932
9749,0.4056433439254761,3.020106851181481e-05,0.0002940878039225936,0.006443226709961891
9750,0.4092327654361725,2.1843861759407446e-05,0.0004440805350895971,0.007075775880366564
9751,0.41364017128944397,3.59857440344058e-05,0.0002873261400964111,0.006255749147385359
9752,0.4181770384311676,2.0892824977636337e-05,0.0005416986532509327,0.007355842739343643
9753,0.42206791043281555,4.065113898832351e-05,0.0002998357522301376,0.00615067919716239
9754,0.4247297942638397,2.0794446754734963e-05,0.0006044676993042231,0.007521717809140682
9755,0.42560479044914246,4.241385613568127e-05,0.00030729369609616697,0.0061172074638307095
9756,0.424591988325119,2.0805087842745706e-05,0.0006026611081324518,0.0075137075036764145
9757,0.4217386543750763,4.04039237764664e-05,0.0002989920030813664,0.006152393762022257
9758,0.41762036085128784,2.0961862901458517e-05,0.0005327342078089714,0.0073263091035187244
9759,0.4129334092140198,3.536001167958602e-05,0.00028710265178233385,0.006266211159527302
9760,0.40859347581863403,2.2163832909427583e-05,0.0004295644466765225,0.007020858582109213
9761,0.40538161993026733,2.9378286853898317e-05,0.00029909861041232944,0.006469877436757088
9762,0.40387067198753357,2.5337269107694738e-05,0.00034061286714859307,0.006694368086755276
9763,0.4042889475822449,2.457606024108827e-05,0.00035453264717943966,0.006752246059477329
9764,0.40652304887771606,3.0431305276579224e-05,0.00029423722298815846,0.006423703860491514
9765,0.41016843914985657,2.1884130546823144e-05,0.00044667645124718547,0.0070679993368685246
9766,0.4146014451980591,3.622527947300114e-05,0.000288655050098896,0.0062383562326431274
9767,0.41913169622421265,2.095674062729813e-05,0.000544241804163903,0.0073462724685668945
9768,0.42298200726509094,4.085198452230543e-05,0.00030165258795022964,0.0061351642943918705
9769,0.42557579278945923,2.086312451865524e-05,0.0006058715516701341,0.007508737035095692
9770,0.4263642132282257,4.2534782551229e-05,0.00030901411082595587,0.00610334612429142
9771,0.4252602458000183,2.0872324967058375e-05,0.0006022034212946892,0.00749638956040144
9772,0.42232823371887207,4.043461012770422e-05,0.00030010382761247456,0.006140145007520914
9773,0.41815897822380066,2.1047875634394586e-05,0.0005311022978276014,0.007304980419576168
9774,0.4134608209133148,3.532762639224529e-05,0.0002880237007047981,0.006255920045077801
9775,0.409152090549469,2.22971684706863e-05,0.0004272288060747087,0.006997814401984215
9776,0.4060099124908447,2.9337348678382114e-05,0.0003005240869242698,0.006461677607148886
9777,0.4045916199684143,2.553719787101727e-05,0.000339196267304942,0.006671964190900326
9778,0.4051094353199005,2.4569906599936076e-05,0.0003569403197616339,0.006745413411408663
9779,0.40743038058280945,3.068274963879958e-05,0.0002943398430943489,0.006403394974768162
9780,0.4111330509185791,2.1920808649156243e-05,0.0004494383465498686,0.007061045616865158
9781,0.41558748483657837,3.647723497124389e-05,0.0002900240651797503,0.0062206583097577095
9782,0.4200976490974426,2.1020434360252693e-05,0.0005467731389217079,0.007336854003369808
9783,0.42388856410980225,4.104697654838674e-05,0.00030337204225361347,0.006119735538959503
9784,0.4263923764228821,2.0933421183144674e-05,0.0006070898380130529,0.007494749501347542
9785,0.42706963419914246,4.2628154915291816e-05,0.0003105513460468501,0.006089852657169104
9786,0.42585504055023193,2.0940897229593247e-05,0.0006009404314681888,0.007477046921849251
9787,0.4228368103504181,4.0419767174171284e-05,0.0003010380605701357,0.0061286804266273975
9788,0.4186229109764099,2.1138392185093835e-05,0.0005284726503305137,0.007281413301825523
9789,0.4139324128627777,3.525641659507528e-05,0.00028884265339002013,0.006246579810976982
9790,0.40967804193496704,2.2444954083766788e-05,0.0004244208103045821,0.006972888950258493
9791,0.40662893652915955,2.9274062399053946e-05,0.00030201516347005963,0.006454418879002333
9792,0.40532103180885315,2.5753221052582376e-05,0.00033752922900021076,0.006648581009358168
9793,0.4059465527534485,2.4556367861805484e-05,0.0003594321315176785,0.006739254575222731
9794,0.40835368633270264,3.094343628617935e-05,0.0002944002626463771,0.006382773630321026
9795,0.41211193799972534,2.1959021978545934e-05,0.00045245682122185826,0.00705411471426487
9796,0.41658005118370056,3.673070023069158e-05,0.0002913824573624879,0.006202870514243841
9797,0.4210594892501831,2.10859470826108e-05,0.0005489415489137173,0.007327103987336159
9798,0.42477908730506897,4.123182225157507e-05,0.00030504848109558225,0.00610444275662303
9799,0.427181601524353,2.100265737681184e-05,0.0006080452585592866,0.007480041589587927
9800,0.42774322628974915,4.2703661165433004e-05,0.0003117924206890166,0.006076594348996878
9801,0.42642173171043396,2.1011703211115673e-05,0.0005992238293401897,0.007456713821738958
9802,0.42332035303115845,4.038986298837699e-05,0.00030194863211363554,0.006117464974522591
9803,0.4190658926963806,2.1232859580777586e-05,0.0005253644776530564,0.007256968878209591
9804,0.41438767313957214,3.516971628414467e-05,0.0002895693469326943,0.006237702444195747
9805,0.4101976454257965,2.259993016195949e-05,0.0004214790533296764,0.006947282236069441
9806,0.4072498679161072,2.9202165023889393e-05,0.0003035615663975477,0.006447622552514076
9807,0.4060600697994232,2.5980538339354098e-05,0.0003357122768647969,0.006624686997383833
9808,0.4067981541156769,2.4540277081541717e-05,0.00036188418744131923,0.006733470130711794
9809,0.4092932939529419,3.121086774626747e-05,0.0002944495063275099,0.006362000480294228
9810,0.4131006598472595,2.199674054281786e-05,0.00045554747339338064,0.007047309074550867
9811,0.41757529973983765,3.6982728488510475e-05,0.00029262970201671124,0.006185113452374935
9812,0.4220219552516937,2.1153098714421503e-05,0.0005510213086381555,0.0073170471005141735
9813,0.42567363381385803,4.14165151596535e-05,0.0003068281803280115,0.006089057307690382
9814,0.4279855191707611,2.10728649108205e-05,0.0006086385692469776,0.007465416099876165
9815,0.42844948172569275,4.279330460121855e-05,0.0003129697870463133,0.006063034757971764
9816,0.42703571915626526,2.1082363673485816e-05,0.0005983156152069569,0.007437359541654587
9817,0.42386874556541443,4.039160558022559e-05,0.0003027880738954991,0.006105505395680666
9818,0.4195837676525116,2.1326140995370224e-05,0.0005226916400715709,0.00723433680832386
9819,0.414917528629303,3.512721013976261e-05,0.0002903545100707561,0.006227477453649044
9820,0.4107782542705536,2.2741831344319507e-05,0.0004191786574665457,0.006923901382833719
9821,0.4079093635082245,2.9169092158554122e-05,0.0003048914368264377,0.006439004559069872
9822,0.4068134129047394,2.618208236526698e-05,0.0003344655560795218,0.006602620705962181
9823,0.4076409935951233,2.4546867280150764e-05,0.0003638044581748545,0.006725780665874481
9824,0.4102087616920471,3.14526550937444e-05,0.0002946033200714737,0.006342156324535608
9825,0.4140634536743164,2.2042702767066658e-05,0.0004580929526127875,0.007039101328700781
9826,0.4185522496700287,3.722145629581064e-05,0.00029377383179962635,0.006167646963149309
9827,0.42298105359077454,2.122019031958189e-05,0.0005533560761250556,0.007306648883968592
9828,0.42658358812332153,4.160872776992619e-05,0.0003085151547566056,0.006073426455259323
9829,0.42882299423217773,2.1144500351510942e-05,0.0006090945098549128,0.007451367098838091
9830,0.42920151352882385,4.290551441954449e-05,0.0003143828653264791,0.006048909854143858
9831,0.4277060627937317,2.1154330170247704e-05,0.0005977083928883076,0.007419186178594828
9832,0.4244765043258667,4.042221189592965e-05,0.0003035223635379225,0.006092942785471678
9833,0.42016106843948364,2.1416170056909323e-05,0.0005208048969507217,0.007213250733911991
9834,0.41550207138061523,3.5117260267725214e-05,0.00029111732146702707,0.006216301582753658
9835,0.41140252351760864,2.2874704882269725e-05,0.0004170230822637677,0.006902084220200777
9836,0.4085981547832489,2.9164277293602936e-05,0.0003059771261177957,0.006429098546504974
9837,0.40757596492767334,2.6364863515482284e-05,0.0003335344954393804,0.006581904832273722
9838,0.40847495198249817,2.4570086679887027e-05,0.0003655179461929947,0.006716601550579071
9839,0.41109976172447205,3.166705573676154e-05,0.0002948186011053622,0.006323379930108786
9840,0.41499000787734985,2.2097900000517257e-05,0.0004597358638420701,0.007029247470200062
9841,0.4194895923137665,3.743532579392195e-05,0.0002949475310742855,0.006150687579065561
9842,0.42390498518943787,2.1290125005180016e-05,0.0005551593494601548,0.0072950501926243305
9843,0.4274744391441345,4.1788640373852104e-05,0.00030991830863058567,0.006057992111891508
9844,0.4296645224094391,2.121572833857499e-05,0.0006098379963077605,0.007437252905219793
9845,0.42998790740966797,4.303249443182722e-05,0.00031583261443302035,0.006034476682543755
9846,0.42843908071517944,2.1228026525932364e-05,0.0005972924409434199,0.007402296643704176
9847,0.4251684546470642,4.049693961860612e-05,0.0003044673358090222,0.0060793207958340645
9848,0.4208284616470337,2.1501280571101233e-05,0.0005198228172957897,0.007194539066404104
9849,0.4161682426929474,3.515790740493685e-05,0.0002917390957009047,0.006203595548868179
9850,0.4120893180370331,2.2990016077528708e-05,0.00041575805516913533,0.00688273087143898
9851,0.4093223214149475,2.9200169592513703e-05,0.0003066799254156649,0.006417170632630587
9852,0.40834593772888184,2.6517729565966874e-05,0.00033285716199316084,0.006563093513250351
9853,0.4092915952205658,2.4620507247163914e-05,0.0003665703407023102,0.006705014035105705
9854,0.4119543731212616,3.184453453286551e-05,0.0002950645866803825,0.006305886432528496
9855,0.41586852073669434,2.2161500965012237e-05,0.0004609887255355716,0.007017411757260561
9856,0.42037591338157654,3.7616882764268667e-05,0.0002959727426059544,0.006134372670203447
9857,0.42478111386299133,2.1362753614084795e-05,0.0005560761783272028,0.007281898520886898
9858,0.4283224642276764,4.194604844087735e-05,0.000311294716084376,0.006042741239070892
9859,0.430473655462265,2.1288553398335353e-05,0.0006103259511291981,0.007422109134495258
9860,0.4307488203048706,4.314396210247651e-05,0.0003170283744111657,0.0060202148742973804
9861,0.4291532337665558,2.130086977558676e-05,0.0005967290489934385,0.007384896278381348
9862,0.4258451461791992,4.056282705278136e-05,0.00030532677192240953,0.006065702065825462
9863,0.42148357629776,2.1588803065242246e-05,0.000518285552971065,0.007175254635512829
9864,0.4168259799480438,3.519152232911438e-05,0.0002923317370004952,0.0061909593641757965
9865,0.41277238726615906,2.3109027097234502e-05,0.0004143978003412485,0.0068629104644060135
9866,0.410047709941864,2.922976273111999e-05,0.00030735370819456875,0.0064055281691253185
9867,0.40912213921546936,2.6676854758989066e-05,0.000332148396410048,0.006543881259858608
9868,0.4101172387599945,2.4667217076057568e-05,0.0003675114130601287,0.006693693343549967
9869,0.4128207862377167,3.202989319106564e-05,0.0002952445938717574,0.006288046017289162
9870,0.4167616069316864,2.2225824068300426e-05,0.0004622864362318069,0.00700574554502964
9871,0.42127373814582825,3.7801379221491516e-05,0.0002969221386592835,0.006118027959018946
9872,0.425664484500885,2.1435183953144588e-05,0.0005570907960645854,0.007268824614584446
9873,0.4291713535785675,4.210323095321655e-05,0.0003125111688859761,0.006027378607541323
9874,0.43127572536468506,2.1361338440328836e-05,0.000610303832218051,0.00740666501224041
9875,0.43150120973587036,4.325221379986033e-05,0.0003181896172463894,0.0060058096423745155
9876,0.42985719442367554,2.137458068318665e-05,0.0005959611153230071,0.007367026526480913
9877,0.426514208316803,4.0620336221763864e-05,0.00030599936144426465,0.006052270065993071
9878,0.4221401810646057,2.1678504708688706e-05,0.0005170062649995089,0.007155662402510643
9879,0.41749000549316406,3.522640326991677e-05,0.00029287306824699044,0.006178142968565226
9880,0.41346386075019836,2.3229487851494923e-05,0.0004128396394662559,0.006843019276857376
9881,0.41078031063079834,2.9263321266626008e-05,0.00030796966166235507,0.006393535993993282
9882,0.40990322828292847,2.683305137907155e-05,0.00033140170853585005,0.006524809170514345
9883,0.4109456539154053,2.4716277039260603e-05,0.0003685006813611835,0.0066820839419960976
9884,0.4136880040168762,3.221338920411654e-05,0.000295396865112707,0.006270141340792179
9885,0.41765281558036804,2.229220626759343e-05,0.00046326013398356736,0.006993706338107586
9886,0.42217257618904114,3.798701072810218e-05,0.0002978594566229731,0.00610141409561038
9887,0.4265548884868622,2.150769068975933e-05,0.0005580328870564699,0.0072557274252176285
9888,0.4300366938114166,4.226594319334254e-05,0.00031365640461444855,0.006011858582496643
9889,0.4321008324623108,2.143504752893932e-05,0.0006107273511588573,0.007391517050564289
9890,0.43227729201316833,4.337120844866149e-05,0.000319285987643525,0.005991033744066954
9891,0.43058711290359497,2.1450181520776823e-05,0.0005950352642685175,0.007349513471126556
9892,0.4272053837776184,4.0689370507607237e-05,0.0003067510260734707,0.006038369610905647
9893,0.4228070080280304,2.1766871213912964e-05,0.0005156194092705846,0.007136262487620115
9894,0.41815686225891113,3.52603783539962e-05,0.000293269578833133,0.0061652930453419685
9895,0.4141537547111511,2.335309545742348e-05,0.00041129346936941147,0.006822753231972456
9896,0.41151362657546997,2.9292930776136927e-05,0.0003085242351517081,0.006381654180586338
9897,0.4106895327568054,2.6997315217158757e-05,0.00033043252187781036,0.0065052323043346405
9898,0.4117847681045532,2.4762355678831227e-05,0.0003695496707223356,0.006670735310763121
9899,0.41456955671310425,3.240421210648492e-05,0.00029544468270614743,0.006252008024603128
9900,0.4185611307621002,2.2355696273734793e-05,0.0004644555738195777,0.006982092279940844
9901,0.4230870306491852,3.81813952117227e-05,0.00029877322958782315,0.00608446728438139
9902,0.4274545907974243,2.1580850443569943e-05,0.0005584938917309046,0.007242677267640829
9903,0.4309026896953583,4.2427986045368016e-05,0.00031481223413720727,0.005996236577630043
9904,0.43291938304901123,2.1510082660824992e-05,0.0006111986003816128,0.007375955116003752
9905,0.4330374598503113,4.34786852565594e-05,0.000320126477163285,0.0059764813631772995
9906,0.431289404630661,2.152522574760951e-05,0.0005937782116234303,0.0073311906307935715
9907,0.4278619587421417,4.074021853739396e-05,0.00030731206061318517,0.006024659611284733
9908,0.4234412908554077,2.1859777916688472e-05,0.0005134803359396756,0.007115643937140703
9909,0.4187972843647003,3.527287481119856e-05,0.00029357551829889417,0.006152953486889601
9910,0.4148280918598175,2.3485636120312847e-05,0.00040951301343739033,0.006801410112529993
9911,0.41224247217178345,2.9305723728612065e-05,0.0003091519174631685,0.00637050112709403
9912,0.4114827513694763,2.7176218281965703e-05,0.0003292481123935431,0.0064847273752093315
9913,0.41264110803604126,2.479796967236325e-05,0.00037063524359837174,0.0066602700389921665
9914,0.41547906398773193,3.2617546821711585e-05,0.0002954522497020662,0.006232915446162224
9915,0.41950422525405884,2.2414515115087852e-05,0.0004659981350414455,0.006971397437155247
9916,0.4240419864654541,3.839566124952398e-05,0.000299564708257094,0.006067054346203804
9917,0.4283943474292755,2.1653810108546168e-05,0.0005596553673967719,0.007230351213365793
9918,0.43180224299430847,4.260604328010231e-05,0.00031599082285538316,0.005980208050459623
9919,0.43375787138938904,2.1585001377388835e-05,0.0006112629780545831,0.007360757328569889
9920,0.43380632996559143,4.3590924178715795e-05,0.0003209427813999355,0.005961590446531773
9921,0.43198835849761963,2.1601266780635342e-05,0.0005924922879785299,0.007312600035220385
9922,0.42850688099861145,4.078083293279633e-05,0.0003077097935602069,0.00601108418777585
9923,0.4240585267543793,2.195614797528833e-05,0.0005111501086503267,0.00709430081769824
9924,0.4194190204143524,3.527075023157522e-05,0.00029382281354628503,0.006140893325209618
9925,0.41548699140548706,2.362771556363441e-05,0.00040720636025071144,0.006778948940336704
9926,0.41296401619911194,2.930041591753252e-05,0.0003098549204878509,0.00636011827737093
9927,0.4122830629348755,2.7375332138035446e-05,0.00032785270013846457,0.006462978199124336
9928,0.41352081298828125,2.4819995815050788e-05,0.00037205556873232126,0.006650998722761869
9929,0.4164235293865204,3.285599814262241e-05,0.00029534311033785343,0.0062129441648721695
9930,0.42049115896224976,2.246858275611885e-05,0.00046780280536040664,0.006961866747587919
9931,0.42504018545150757,3.863483652821742e-05,0.0003004072932526469,0.006048948038369417
9932,0.42937228083610535,2.1725607439293526e-05,0.0005610815132968128,0.007218911778181791
9933,0.4327247440814972,4.279541099094786e-05,0.00031712168129161,0.005963826552033424
9934,0.4346020817756653,2.1659656340489164e-05,0.0006111263646744192,0.007345594000071287
9935,0.434558242559433,4.369328235043213e-05,0.00032162043498829007,0.005946789402514696
9936,0.43265336751937866,2.167968705180101e-05,0.0005908667808398604,0.007292919792234898
9937,0.4291062653064728,4.0795897803036496e-05,0.00030782606336288154,0.0059979138895869255
9938,0.4246264398097992,2.2058502509025857e-05,0.0005080880946479738,0.007071276195347309
9939,0.41999703645706177,3.5235083487350494e-05,0.0002939611440524459,0.006129744928330183
9940,0.41611623764038086,2.378546560066752e-05,0.0004042958316858858,0.006754725705832243
9941,0.41367655992507935,2.926967317762319e-05,0.0003106588847003877,0.006350927520543337
9942,0.4130939543247223,2.7600666726357304e-05,0.000326133391354233,0.006439714226871729
9943,0.41442784667015076,2.4826174922054633e-05,0.0003737479855772108,0.006643202155828476
9944,0.41741085052490234,3.312658373033628e-05,0.00029515186906792223,0.006191837601363659
9945,0.42152830958366394,2.2516605895361863e-05,0.0004700824501924217,0.006953750737011433
9946,0.42608901858329773,3.890036896336824e-05,0.00030122481985017657,0.006030214484781027
9947,0.43039071559906006,2.1798523448524065e-05,0.0005628591170534492,0.007208178751170635
9948,0.43367213010787964,4.29972424171865e-05,0.00031822765595279634,0.0059470972046256065
9949,0.4354482591152191,2.173447319364641e-05,0.0006108671659603715,0.0073303221724927425
9950,0.4352835416793823,4.3781059503089637e-05,0.000322110514389351,0.0059320661239326
9951,0.4332631230354309,2.1758889488410205e-05,0.000588637194596231,0.007271741516888142
9952,0.4296255111694336,4.076443292433396e-05,0.0003077179135289043,0.0059855324216187
9953,0.42510294914245605,2.217186920461245e-05,0.0005039239767938852,0.007045240607112646
9954,0.42049241065979004,3.5137498343829066e-05,0.0002940294216386974,0.006120265927165747
9955,0.4166874885559082,2.3973345378180966e-05,0.00040029664523899555,0.006727082654833794
9956,0.4143664240837097,2.918271638918668e-05,0.0003118513850495219,0.006344488821923733
9957,0.41392263770103455,2.787858284136746e-05,0.0003238806966692209,0.006413480266928673
9958,0.4153895676136017,2.4800194296403788e-05,0.0003762088599614799,0.0066384910605847836
9959,0.418478786945343,3.3458916732342914e-05,0.0002948549226857722,0.006168663967400789
9960,0.4226597249507904,2.2552234440809116e-05,0.00047323876060545444,0.0069485018029809
9961,0.42723044753074646,3.92181464121677e-05,0.00030211976263672113,0.006010265555232763
9962,0.43148839473724365,2.1867363102501258e-05,0.0005652602994814515,0.007199518382549286
9963,0.43467795848846436,4.322600580053404e-05,0.00031937501626089215,0.005929859820753336
9964,0.43632206320762634,2.181113995902706e-05,0.0006106937071308494,0.007315492257475853
9965,0.43600931763648987,4.386755608720705e-05,0.0003226195403840393,0.005917287897318602
9966,0.43384698033332825,2.18394270632416e-05,0.00058587989769876,0.007249730639159679
9967,0.4301069676876068,4.070928116561845e-05,0.00030730190337635577,0.0059736124239861965
9968,0.4255388677120209,2.2291707864496857e-05,0.0004994060727767646,0.007017744239419699
9969,0.4209537208080292,3.501012542983517e-05,0.0002939860860351473,0.0061116935685276985
9970,0.41723814606666565,2.4179977117455564e-05,0.00039570010267198086,0.006697759032249451
9971,0.4150554835796356,2.9071301469230093e-05,0.00031320209382101893,0.006339369807392359
9972,0.41477087140083313,2.8187190764583647e-05,0.00032128902967087924,0.006385745946317911
9973,0.416392982006073,2.4757337087066844e-05,0.0003793349605984986,0.0066356598399579525
9974,0.4196033477783203,3.383022340130992e-05,0.00029451039154082537,0.006144289392977953
9975,0.4238538444042206,2.2581187295145355e-05,0.00047668913612142205,0.0069450209848582745
9976,0.4284268319606781,3.956655564252287e-05,0.000303188047837466,0.0059895566664636135
9977,0.4326187074184418,2.1937337805866264e-05,0.0005678516463376582,0.007191381882876158
9978,0.4356769323348999,4.345086563262157e-05,0.0003203109372407198,0.005912634544074535
9979,0.4371446371078491,2.1887568436795846e-05,0.00061015848768875,0.007299299817532301
9980,0.4366370141506195,4.3903201003558934e-05,0.00032265824847854674,0.0059032440185546875
9981,0.43429580330848694,2.192337706219405e-05,0.0005814588512293994,0.007224247790873051
9982,0.430431991815567,4.056692705489695e-05,0.0003065208438783884,0.005963294766843319
9983,0.4258235692977905,2.2431901015806943e-05,0.000492906547151506,0.0069853775203228
9984,0.4212951958179474,3.4786757169058546e-05,0.0002938478719443083,0.006106092594563961
9985,0.41771793365478516,2.4435415980406106e-05,0.0003899665898643434,0.006663681007921696
9986,0.4157295823097229,2.889121969928965e-05,0.0003151118289679289,0.006337984465062618
9987,0.41565728187561035,2.8563857995322905e-05,0.0003180976491421461,0.006354635581374168
9988,0.4174712002277374,2.468277125444729e-05,0.00038332882104441524,0.006636372301727533
9989,0.42082586884498596,3.426950934226625e-05,0.0002941302955150604,0.006117955781519413
9990,0.42515164613723755,2.2600019292440265e-05,0.00048136431723833084,0.006944472435861826
9991,0.42971715331077576,3.9965700125321746e-05,0.00030431561754085124,0.005967827048152685
9992,0.4338177442550659,2.2005924620316364e-05,0.0005708402022719383,0.007184924092143774
9993,0.4367118179798126,4.36935260950122e-05,0.00032140733674168587,0.005894979927688837
9994,0.4379670321941376,2.19643916352652e-05,0.0006093594711273909,0.0072830598801374435
9995,0.4372304677963257,4.392000482766889e-05,0.00032244366593658924,0.005889435764402151
9996,0.4346866309642792,2.200993912992999e-05,0.0005765159148722887,0.007197133731096983
9997,0.4306904375553131,4.0381077269557863e-05,0.0003054766566492617,0.00595391821116209
9998,0.42604535818099976,2.2587133571505547e-05,0.0004855815786868334,0.0069504654966294765
9999,0.42158839106559753,3.451683005550876e-05,0.0002936970558948815,0.006102027837187052
