step,loss
0,5.041942596435547
1,1223.515380859375
2,49.76995086669922
3,1.9150136709213257
4,0.31520572304725647
5,0.2249840348958969
6,0.2130052149295807
7,0.20564252138137817
8,0.19958530366420746
9,0.19629190862178802
10,0.19429239630699158
11,0.19286103546619415
12,0.19108137488365173
13,0.1886068433523178
14,0.18700796365737915
15,0.18641160428524017
16,0.18557853996753693
17,0.18502606451511383
18,0.18457821011543274
19,0.184147447347641
20,0.18372784554958344
21,0.1834094226360321
22,0.18324525654315948
23,0.183087557554245
24,0.18293112516403198
25,0.1827796995639801
26,0.182702898979187
27,0.18258215487003326
28,0.18252335488796234
29,0.18245181441307068
30,0.18234257400035858
31,0.18216568231582642
32,0.18201376497745514
33,0.18189667165279388
34,0.18183821439743042
35,0.1817857325077057
36,0.18171168863773346
37,0.18160907924175262
38,0.18147975206375122
39,0.18132734298706055
40,0.18122048676013947
41,0.18112733960151672
42,0.1810668259859085
43,0.1809723824262619
44,0.18082799017429352
45,0.18072795867919922
46,0.18061497807502747
47,0.18048475682735443
48,0.18029099702835083
49,0.18002855777740479
50,0.17987971007823944
51,0.17976929247379303
52,0.1796320527791977
53,0.17947959899902344
54,0.17934611439704895
55,0.1792057305574417
56,0.1790940910577774
57,0.17893850803375244
58,0.17873546481132507
59,0.1786273568868637
60,0.17856581509113312
61,0.17851877212524414
62,0.17848174273967743
63,0.1784142404794693
64,0.1783623844385147
65,0.1782970279455185
66,0.17826205492019653
67,0.17819032073020935
68,0.17814135551452637
69,0.17804992198944092
70,0.17792978882789612
71,0.17774686217308044
72,0.17763961851596832
73,0.17757979035377502
74,0.17754976451396942
75,0.1774614453315735
76,0.1773006021976471
77,0.1771431863307953
78,0.17696210741996765
79,0.17682453989982605
80,0.17673051357269287
81,0.17666228115558624
82,0.1765879988670349
83,0.17640800774097443
84,0.1764245182275772
85,0.17614728212356567
86,0.17606283724308014
87,0.17599308490753174
88,0.17591245472431183
89,0.1757412701845169
90,0.1755121648311615
91,0.17527835071086884
92,0.1751377284526825
93,0.17497192323207855
94,0.17482444643974304
95,0.17469273507595062
96,0.1744561493396759
97,0.17421448230743408
98,0.17406463623046875
99,0.17387090623378754
100,0.1736154556274414
101,0.17337583005428314
102,0.17316821217536926
103,0.17299635708332062
104,0.17280377447605133
105,0.17247746884822845
106,0.1721685379743576
107,0.1720079630613327
108,0.17189186811447144
109,0.17177319526672363
110,0.17166072130203247
111,0.17151978611946106
112,0.17139151692390442
113,0.17131391167640686
114,0.17123666405677795
115,0.17108796536922455
116,0.17112931609153748
117,0.1708788275718689
118,0.1708070933818817
119,0.1707523912191391
120,0.17070752382278442
121,0.1706300973892212
122,0.17049217224121094
123,0.1703878492116928
124,0.17024821043014526
125,0.17020557820796967
126,0.17015883326530457
127,0.17010441422462463
128,0.17003238201141357
129,0.16995149850845337
130,0.1698341965675354
131,0.16961781680583954
132,0.16943039000034332
133,0.1693083792924881
134,0.1691865622997284
135,0.1691116988658905
136,0.16895663738250732
137,0.16870680451393127
138,0.16829907894134521
139,0.1680515706539154
140,0.16778557002544403
141,0.16764786839485168
142,0.16754856705665588
143,0.16740822792053223
144,0.16724103689193726
145,0.16704398393630981
146,0.16681444644927979
147,0.1666451096534729
148,0.16639727354049683
149,0.16609805822372437
150,0.16574719548225403
151,0.16552624106407166
152,0.16516487300395966
153,0.16479161381721497
154,0.1648181825876236
155,0.1643153727054596
156,0.1641739010810852
157,0.16405783593654633
158,0.16391295194625854
159,0.16364336013793945
160,0.1640355885028839
161,0.1633177101612091
162,0.16319623589515686
163,0.16311970353126526
164,0.16304969787597656
165,0.16298255324363708
166,0.1628119945526123
167,0.16262343525886536
168,0.1624150276184082
169,0.1621786206960678
170,0.1625054031610489
171,0.16196221113204956
172,0.16187897324562073
173,0.16181886196136475
174,0.16176116466522217
175,0.16164200007915497
176,0.16142551600933075
177,0.16124120354652405
178,0.16113561391830444
179,0.16096818447113037
180,0.16082726418972015
181,0.16069981455802917
182,0.16050229966640472
183,0.16024348139762878
184,0.15999369323253632
185,0.15969491004943848
186,0.159455344080925
187,0.15918438136577606
188,0.15899986028671265
189,0.15886037051677704
190,0.15859538316726685
191,0.15828335285186768
192,0.1581568866968155
193,0.15788552165031433
194,0.15775910019874573
195,0.15765486657619476
196,0.15750177204608917
197,0.15721237659454346
198,0.15738239884376526
199,0.15677416324615479
200,0.15659624338150024
201,0.15644283592700958
202,0.15627939999103546
203,0.15600889921188354
204,0.1556967794895172
205,0.15534989535808563
206,0.1551302671432495
207,0.15499264001846313
208,0.15482228994369507
209,0.1544622778892517
210,0.15437443554401398
211,0.15401895344257355
212,0.15389923751354218
213,0.15379318594932556
214,0.15362998843193054
215,0.15355682373046875
216,0.15337197482585907
217,0.15328830480575562
218,0.15323609113693237
219,0.1531655341386795
220,0.15295909345149994
221,0.1527416706085205
222,0.15260609984397888
223,0.1524888426065445
224,0.15239430963993073
225,0.1523495614528656
226,0.15226657688617706
227,0.15212014317512512
228,0.15192003548145294
229,0.1517498642206192
230,0.15160636603832245
231,0.15149089694023132
232,0.15140292048454285
233,0.1512472927570343
234,0.15134750306606293
235,0.1509452760219574
236,0.15077990293502808
237,0.1506449580192566
238,0.1505405604839325
239,0.1503659039735794
240,0.1499420404434204
241,0.1497778594493866
242,0.14952021837234497
243,0.14942753314971924
244,0.14936107397079468
245,0.1492559015750885
246,0.149086132645607
247,0.1489739716053009
248,0.14876173436641693
249,0.14863817393779755
250,0.14854992926120758
251,0.1484760046005249
252,0.14836052060127258
253,0.1481778472661972
254,0.14825662970542908
255,0.14786630868911743
256,0.14773960411548615
257,0.1476176381111145
258,0.14748525619506836
259,0.14733099937438965
260,0.14734911918640137
261,0.14704877138137817
262,0.14690519869327545
263,0.1468050181865692
264,0.14672346413135529
265,0.1465987116098404
266,0.14627352356910706
267,0.14616073668003082
268,0.14590537548065186
269,0.14582647383213043
270,0.14576493203639984
271,0.14566227793693542
272,0.1455010324716568
273,0.14528532326221466
274,0.14558148384094238
275,0.14503715932369232
276,0.1449463814496994
277,0.14487969875335693
278,0.14479809999465942
279,0.14463594555854797
280,0.14442798495292664
281,0.14414255321025848
282,0.14399242401123047
283,0.1438518464565277
284,0.14375534653663635
285,0.14359746873378754
286,0.14337031543254852
287,0.1431839019060135
288,0.14298096299171448
289,0.1427484154701233
290,0.14262455701828003
291,0.14238284528255463
292,0.14219658076763153
293,0.14196337759494781
294,0.14173465967178345
295,0.14158326387405396
296,0.14133429527282715
297,0.14116081595420837
298,0.14082302153110504
299,0.14089339971542358
300,0.14044445753097534
301,0.14032667875289917
302,0.14022353291511536
303,0.14009836316108704
304,0.13987146317958832
305,0.1405401974916458
306,0.13948673009872437
307,0.1393107920885086
308,0.13913004100322723
309,0.1389157474040985
310,0.1387423276901245
311,0.13858658075332642
312,0.13835637271404266
313,0.13818791508674622
314,0.13791874051094055
315,0.13769958913326263
316,0.13755694031715393
317,0.13746626675128937
318,0.13740676641464233
319,0.137272447347641
320,0.13734416663646698
321,0.1370173543691635
322,0.1369071900844574
323,0.13679441809654236
324,0.13665661215782166
325,0.13639235496520996
326,0.136545330286026
327,0.13614393770694733
328,0.1360865980386734
329,0.13605619966983795
330,0.13601471483707428
331,0.13590458035469055
332,0.13573132455348969
333,0.13571733236312866
334,0.13542523980140686
335,0.13529638946056366
336,0.13521839678287506
337,0.1351020336151123
338,0.13496153056621552
339,0.13472235202789307
340,0.13459473848342896
341,0.13439717888832092
342,0.13432380557060242
343,0.13426516950130463
344,0.13415637612342834
345,0.13395069539546967
346,0.1337275505065918
347,0.13355547189712524
348,0.13341228663921356
349,0.13326458632946014
350,0.133141428232193
351,0.1329135000705719
352,0.1326148509979248
353,0.1323041319847107
354,0.13215571641921997
355,0.13197854161262512
356,0.13184186816215515
357,0.1316421627998352
358,0.13189712166786194
359,0.13135915994644165
360,0.1312296986579895
361,0.1310950070619583
362,0.13093449175357819
363,0.1309896558523178
364,0.13070164620876312
365,0.13058757781982422
366,0.1304844170808792
367,0.13038739562034607
368,0.13027669489383698
369,0.1301354169845581
370,0.1300143599510193
371,0.12985974550247192
372,0.1297423243522644
373,0.1296369433403015
374,0.12949533760547638
375,0.12936195731163025
376,0.1292247772216797
377,0.129073366522789
378,0.1289273053407669
379,0.12880855798721313
380,0.12875396013259888
381,0.1286662220954895
382,0.12860530614852905
383,0.12847323715686798
384,0.12828820943832397
385,0.12801499664783478
386,0.12834924459457397
387,0.12769821286201477
388,0.1275906264781952
389,0.1275205910205841
390,0.12744079530239105
391,0.12730614840984344
392,0.12711873650550842
393,0.1268942803144455
394,0.1267721951007843
395,0.12660080194473267
396,0.12650234997272491
397,0.12631914019584656
398,0.12604700028896332
399,0.12632444500923157
400,0.12577670812606812
401,0.12568619847297668
402,0.12560807168483734
403,0.1254732608795166
404,0.12528730928897858
405,0.12507364153862
406,0.1249353438615799
407,0.1247330978512764
408,0.12455740571022034
409,0.12447880208492279
410,0.12419082224369049
411,0.12394864857196808
412,0.12374807894229889
413,0.12354432046413422
414,0.12318290770053864
415,0.12279379367828369
416,0.12245859950780869
417,0.12225501984357834
418,0.12191849946975708
419,0.1216299831867218
420,0.12140138447284698
421,0.12159991264343262
422,0.12115657329559326
423,0.12109546363353729
424,0.12105526775121689
425,0.12099161744117737
426,0.12088792026042938
427,0.12078449875116348
428,0.12064892053604126
429,0.12053831666707993
430,0.12042236328125
431,0.12041547894477844
432,0.12028428912162781
433,0.12022332847118378
434,0.12016687542200089
435,0.12011618167161942
436,0.12000888586044312
437,0.11975651979446411
438,0.11991292238235474
439,0.11950501799583435
440,0.11942987889051437
441,0.11936884373426437
442,0.11928781867027283
443,0.11916913837194443
444,0.11911100149154663
445,0.11895333975553513
446,0.1188783347606659
447,0.11880083382129669
448,0.11869409680366516
449,0.11850997805595398
450,0.11827730387449265
451,0.12044444680213928
452,0.11813604086637497
453,0.11799003183841705
454,0.11794400215148926
455,0.11788718402385712
456,0.11780501902103424
457,0.11765794456005096
458,0.1183483749628067
459,0.1174890547990799
460,0.11739858984947205
461,0.11734412610530853
462,0.11727308481931686
463,0.11716605722904205
464,0.11698251962661743
465,0.11711334437131882
466,0.11668217182159424
467,0.11656516790390015
468,0.11646358668804169
469,0.1163603663444519
470,0.11620492488145828
471,0.1166401356458664
472,0.11598142981529236
473,0.1158805787563324
474,0.11580760776996613
475,0.11572851985692978
476,0.11561450362205505
477,0.11600381880998611
478,0.11547046154737473
479,0.1154048889875412
480,0.11534947901964188
481,0.11527743935585022
482,0.11520996689796448
483,0.11512231826782227
484,0.11502868682146072
485,0.11496100574731827
486,0.11491428315639496
487,0.11478632688522339
488,0.11467377841472626
489,0.11453770101070404
490,0.11432463675737381
491,0.1142776682972908
492,0.11399583518505096
493,0.11388726532459259
494,0.11380130052566528
495,0.1136721819639206
496,0.11368530243635178
497,0.11347652971744537
498,0.11341419816017151
499,0.11334896087646484
500,0.11320577561855316
501,0.1129136011004448
502,0.1126452386379242
503,0.11237435042858124
504,0.11220546066761017
505,0.11200204491615295
506,0.11188091337680817
507,0.11175011098384857
508,0.11163068562746048
509,0.11151197552680969
510,0.11140715330839157
511,0.11121807992458344
512,0.11103014647960663
513,0.11084023118019104
514,0.11073912680149078
515,0.11056545376777649
516,0.11036045849323273
517,0.11013993620872498
518,0.11010412126779556
519,0.1098889410495758
520,0.10981833934783936
521,0.10975088179111481
522,0.10964736342430115
523,0.10944733023643494
524,0.1091543659567833
525,0.10917328298091888
526,0.10882163047790527
527,0.10871484875679016
528,0.10863450169563293
529,0.10853610932826996
530,0.10836892575025558
531,0.1085895374417305
532,0.10809680819511414
533,0.10798797011375427
534,0.10789652168750763
535,0.10780069231987
536,0.10868767648935318
537,0.10770799219608307
538,0.10761426389217377
539,0.10755333304405212
540,0.10748260468244553
541,0.10741540044546127
542,0.10731211304664612
543,0.10707655549049377
544,0.10694628953933716
545,0.10673580318689346
546,0.10661368072032928
547,0.10654442757368088
548,0.10645690560340881
549,0.10635548084974289
550,0.1061697006225586
551,0.10608068108558655
552,0.10595311224460602
553,0.10589423030614853
554,0.10576014220714569
555,0.10552844405174255
556,0.10593009740114212
557,0.10523681342601776
558,0.10511695593595505
559,0.10503141582012177
560,0.10494294762611389
561,0.10483305156230927
562,0.10464383661746979
563,0.10437542200088501
564,0.10520602017641068
565,0.10413609445095062
566,0.10403251647949219
567,0.10396651923656464
568,0.1038428470492363
569,0.10362172871828079
570,0.1033538356423378
571,0.10305613279342651
572,0.10290956497192383
573,0.10271342098712921
574,0.10257910937070847
575,0.10234349966049194
576,0.10240909457206726
577,0.10204464197158813
578,0.10194437205791473
579,0.10186842083930969
580,0.1018018126487732
581,0.10171432048082352
582,0.10162273794412613
583,0.10142713785171509
584,0.1013249009847641
585,0.10133561491966248
586,0.10104122012853622
587,0.10093268007040024
588,0.10078585147857666
589,0.10073664784431458
590,0.10067502409219742
591,0.10063512623310089
592,0.10058388113975525
593,0.10052099823951721
594,0.10045143961906433
595,0.10030893236398697
596,0.10027869045734406
597,0.10007208585739136
598,0.10002124309539795
599,0.0999438613653183
600,0.09987317025661469
601,0.09982545673847198
602,0.09998482465744019
603,0.09973536431789398
604,0.09968830645084381
605,0.09964453428983688
606,0.09959980845451355
607,0.09954290837049484
608,0.09941110759973526
609,0.09925507009029388
610,0.09915535151958466
611,0.09908072650432587
612,0.0990082249045372
613,0.09893032908439636
614,0.0987875908613205
615,0.09868918359279633
616,0.09851529449224472
617,0.09842407703399658
618,0.09832355380058289
619,0.09822357445955276
620,0.09800709784030914
621,0.09801261126995087
622,0.09777919203042984
623,0.09772989153862
624,0.09769204258918762
625,0.0976453423500061
626,0.09754808247089386
627,0.09736331552267075
628,0.09736748784780502
629,0.09711072593927383
630,0.09703343361616135
631,0.0969720333814621
632,0.09688565880060196
633,0.09671971946954727
634,0.09670619666576385
635,0.09643576294183731
636,0.09632155299186707
637,0.09622909128665924
638,0.09611426293849945
639,0.09590171277523041
640,0.09620010852813721
641,0.09567061066627502
642,0.09559687972068787
643,0.0955565869808197
644,0.09552556276321411
645,0.09548808634281158
646,0.09543764591217041
647,0.0952901542186737
648,0.09521585702896118
649,0.09508133679628372
650,0.09502890706062317
651,0.09498247504234314
652,0.09491166472434998
653,0.09474986791610718
654,0.09466994553804398
655,0.0944637730717659
656,0.09437302500009537
657,0.09430292993783951
658,0.09421205520629883
659,0.09405114501714706
660,0.09389983117580414
661,0.09379537403583527
662,0.09369824081659317
663,0.09363359957933426
664,0.0935191884636879
665,0.09343696385622025
666,0.09329281747341156
667,0.0932084172964096
668,0.0931343361735344
669,0.09302844107151031
670,0.09312602877616882
671,0.09282446652650833
672,0.09274464100599289
673,0.09267638623714447
674,0.09261096268892288
675,0.09250311553478241
676,0.09273781627416611
677,0.09233654290437698
678,0.09226886928081512
679,0.09222090989351273
680,0.09217134863138199
681,0.09208698570728302
682,0.09191050380468369
683,0.09171698987483978
684,0.0915994867682457
685,0.09149526059627533
686,0.0914440006017685
687,0.09137110412120819
688,0.09137553721666336
689,0.0912168025970459
690,0.09113368391990662
691,0.09104694426059723
692,0.09096129983663559
693,0.09084252268075943
694,0.09067294746637344
695,0.09058266878128052
696,0.09052321314811707
697,0.09046013653278351
698,0.0904008075594902
699,0.09031715989112854
700,0.09024327993392944
701,0.09035682678222656
702,0.09015140682458878
703,0.09010182321071625
704,0.09004834294319153
705,0.0899878740310669
706,0.08991429954767227
707,0.0897979587316513
708,0.08991910517215729
709,0.08963572978973389
710,0.08956262469291687
711,0.08950275927782059
712,0.08942010253667831
713,0.08934435248374939
714,0.08917157351970673
715,0.08904694765806198
716,0.08892714977264404
717,0.08877919614315033
718,0.08870144188404083
719,0.08857470750808716
720,0.08846494555473328
721,0.08839771151542664
722,0.08831160515546799
723,0.08814330399036407
724,0.08817384392023087
725,0.08789552748203278
726,0.08782435953617096
727,0.08776620030403137
728,0.0877075344324112
729,0.08759671449661255
730,0.08833003789186478
731,0.08743701875209808
732,0.08734130859375
733,0.08728715777397156
734,0.08723458647727966
735,0.08715834468603134
736,0.08696448057889938
737,0.0867733359336853
738,0.08666768670082092
739,0.08655247092247009
740,0.08646057546138763
741,0.0863397866487503
742,0.08624926209449768
743,0.08616648614406586
744,0.08608610928058624
745,0.08603261411190033
746,0.08595550060272217
747,0.08586485683917999
748,0.08580716699361801
749,0.0857548639178276
750,0.08571155369281769
751,0.08562661707401276
752,0.08549880236387253
753,0.08539070188999176
754,0.0853087455034256
755,0.08525914698839188
756,0.08520743995904922
757,0.08513413369655609
758,0.08504854887723923
759,0.08499719947576523
760,0.08495014905929565
761,0.08490729331970215
762,0.0848303735256195
763,0.08474873006343842
764,0.08468091487884521
765,0.084633007645607
766,0.08450852334499359
767,0.08439011871814728
768,0.08430640399456024
769,0.08421886712312698
770,0.08413879573345184
771,0.0840628519654274
772,0.08397000283002853
773,0.08387453109025955
774,0.083669513463974
775,0.08352846652269363
776,0.0834261029958725
777,0.08332344144582748
778,0.0832430049777031
779,0.08312476426362991
780,0.08299342542886734
781,0.08287970721721649
782,0.08272459357976913
783,0.0826583132147789
784,0.08246753364801407
785,0.08240549266338348
786,0.08235977590084076
787,0.08229987323284149
788,0.0822095274925232
789,0.08208578824996948
790,0.08201105892658234
791,0.08190856128931046
792,0.08177264034748077
793,0.08167678117752075
794,0.08146294206380844
795,0.0813404768705368
796,0.08122143894433975
797,0.08115176856517792
798,0.08105206489562988
799,0.08100266754627228
800,0.08090993762016296
801,0.08079883456230164
802,0.08073145896196365
803,0.08053269237279892
804,0.080363929271698
805,0.08075480163097382
806,0.08020273596048355
807,0.08012453466653824
808,0.08006413280963898
809,0.0799977108836174
810,0.0799056887626648
811,0.08011959493160248
812,0.07979058474302292
813,0.07974353432655334
814,0.07970743626356125
815,0.07965894788503647
816,0.0795784518122673
817,0.07998901605606079
818,0.07945726066827774
819,0.07938896119594574
820,0.07934622466564178
821,0.07931235432624817
822,0.07927340269088745
823,0.07917272299528122
824,0.07904144376516342
825,0.07894930988550186
826,0.07888570427894592
827,0.07881638407707214
828,0.0787675753235817
829,0.07868127524852753
830,0.0786038264632225
831,0.07854218780994415
832,0.07846112549304962
833,0.07840249687433243
834,0.07827950268983841
835,0.07889851182699203
836,0.0781199038028717
837,0.07803066074848175
838,0.0779801532626152
839,0.07793673127889633
840,0.07788296788930893
841,0.07774528115987778
842,0.07819755375385284
843,0.0775863379240036
844,0.07751686871051788
845,0.07746848464012146
846,0.07739903032779694
847,0.07730282843112946
848,0.07714670151472092
849,0.0773848295211792
850,0.0769946351647377
851,0.07694943249225616
852,0.07691176235675812
853,0.07684998214244843
854,0.07678917050361633
855,0.07670431584119797
856,0.07664057612419128
857,0.07660827040672302
858,0.07655765861272812
859,0.0764465183019638
860,0.07667945325374603
861,0.07632613182067871
862,0.07627454400062561
863,0.07624253630638123
864,0.07620835304260254
865,0.07613221555948257
866,0.07597993314266205
867,0.07618943601846695
868,0.07581295073032379
869,0.07575944066047668
870,0.07572820782661438
871,0.07570044696331024
872,0.07566756755113602
873,0.07561668753623962
874,0.07555654644966125
875,0.0754525288939476
876,0.07538361102342606
877,0.07533419877290726
878,0.07526196539402008
879,0.07522182911634445
880,0.07517144083976746
881,0.07512755692005157
882,0.07504041492938995
883,0.07509452104568481
884,0.07490966469049454
885,0.0748632624745369
886,0.07482707500457764
887,0.07478822767734528
888,0.07473079860210419
889,0.07463295012712479
890,0.0751839131116867
891,0.07455223798751831
892,0.0745038092136383
893,0.0744856595993042
894,0.07446298003196716
895,0.07442063093185425
896,0.0743371844291687
897,0.07490679621696472
898,0.07425667345523834
899,0.07419797778129578
900,0.07416780292987823
901,0.07413099706172943
902,0.07407546043395996
903,0.07435788214206696
904,0.07397408038377762
905,0.07391170412302017
906,0.07386747747659683
907,0.0738358423113823
908,0.0738033801317215
909,0.07378099858760834
910,0.07371009886264801
911,0.0736747682094574
912,0.07363296300172806
913,0.07359600067138672
914,0.07358166575431824
915,0.07350856065750122
916,0.07347498834133148
917,0.07343785464763641
918,0.07340043783187866
919,0.0733010470867157
920,0.0731961652636528
921,0.07311636209487915
922,0.07305978983640671
923,0.07298772782087326
924,0.07301551103591919
925,0.07290767133235931
926,0.07287200540304184
927,0.07283784449100494
928,0.07280158996582031
929,0.07274620234966278
930,0.07267303019762039
931,0.07258468866348267
932,0.07252867519855499
933,0.07246940582990646
934,0.0724266842007637
935,0.07233941555023193
936,0.07220335304737091
937,0.07226931303739548
938,0.072029709815979
939,0.07197512686252594
940,0.07193612307310104
941,0.07189077138900757
942,0.07181836664676666
943,0.07195503264665604
944,0.07171608507633209
945,0.07166990637779236
946,0.07163403928279877
947,0.07160131633281708
948,0.07155056297779083
949,0.07140782475471497
950,0.07126149535179138
951,0.07121650874614716
952,0.07109607756137848
953,0.07103294134140015
954,0.07099004089832306
955,0.07094767689704895
956,0.0708957314491272
957,0.07085764408111572
958,0.07075169682502747
959,0.07070665806531906
960,0.07064990699291229
961,0.07062229514122009
962,0.07056470215320587
963,0.07045160979032516
964,0.07528968155384064
965,0.07051384449005127
966,0.07028558850288391
967,0.07025156915187836
968,0.07022330164909363
969,0.07019072026014328
970,0.07022765278816223
971,0.07013457268476486
972,0.0701034665107727
973,0.07007190585136414
974,0.07004676014184952
975,0.07002115994691849
976,0.06996789574623108
977,0.06994940340518951
978,0.06983092427253723
979,0.06979039311408997
980,0.06975692510604858
981,0.06972357630729675
982,0.06965497881174088
983,0.07073071599006653
984,0.0696021243929863
985,0.06952374428510666
986,0.06949396431446075
987,0.06946173310279846
988,0.06942740082740784
989,0.06937488913536072
990,0.06932267546653748
991,0.06923965364694595
992,0.06917767226696014
993,0.06911367177963257
994,0.06906573474407196
995,0.06902406364679337
996,0.06898646801710129
997,0.06894747167825699
998,0.06888989359140396
999,0.0688212662935257
1000,0.06873278319835663
1001,0.06872173398733139
1002,0.06860681623220444
1003,0.06856364756822586
1004,0.06853251159191132
1005,0.06849996745586395
1006,0.06844326108694077
1007,0.0683571845293045
1008,0.07022250443696976
1009,0.06834639608860016
1010,0.06824707984924316
1011,0.06822697818279266
1012,0.06820769608020782
1013,0.06818442791700363
1014,0.06815247237682343
1015,0.06809407472610474
1016,0.06809565424919128
1017,0.06792078167200089
1018,0.06783715635538101
1019,0.06774227321147919
1020,0.06766603887081146
1021,0.06758936494588852
1022,0.06750018149614334
1023,0.06743517518043518
1024,0.06736679375171661
1025,0.06732747703790665
1026,0.06727509945631027
1027,0.06717856228351593
1028,0.06722447276115417
1029,0.06705637276172638
1030,0.06702768802642822
1031,0.06700023263692856
1032,0.06696566194295883
1033,0.06696874648332596
1034,0.06689675152301788
1035,0.0668606385588646
1036,0.06682723015546799
1037,0.06679322570562363
1038,0.0667320042848587
1039,0.06671620905399323
1040,0.06656965613365173
1041,0.0665070042014122
1042,0.06643462181091309
1043,0.06633622199296951
1044,0.06627145409584045
1045,0.0661647617816925
1046,0.06611055880784988
1047,0.06606307625770569
1048,0.06599543243646622
1049,0.0663403794169426
1050,0.06591130793094635
1051,0.06586596369743347
1052,0.06583759933710098
1053,0.06580276787281036
1054,0.0657564029097557
1055,0.06582067906856537
1056,0.06566915661096573
1057,0.06562367081642151
1058,0.06557835638523102
1059,0.06553861498832703
1060,0.06548602133989334
1061,0.06539364159107208
1062,0.06572961062192917
1063,0.06529451906681061
1064,0.06524313986301422
1065,0.06520940363407135
1066,0.06517123430967331
1067,0.0651189312338829
1068,0.0650063306093216
1069,0.06580928713083267
1070,0.06488995999097824
1071,0.06480962038040161
1072,0.06477273255586624
1073,0.06472592800855637
1074,0.06466597318649292
1075,0.06457369029521942
1076,0.06454480439424515
1077,0.06441454589366913
1078,0.0643545538187027
1079,0.06427180022001266
1080,0.06415721774101257
1081,0.06415349990129471
1082,0.06402997672557831
1083,0.06397674977779388
1084,0.06391357630491257
1085,0.0638478547334671
1086,0.06376271694898605
1087,0.06364350020885468
1088,0.06379950046539307
1089,0.06346888095140457
1090,0.06339376419782639
1091,0.06333441287279129
1092,0.06328083574771881
1093,0.06321726739406586
1094,0.0638948455452919
1095,0.06314913183450699
1096,0.06308302283287048
1097,0.0630452111363411
1098,0.06299754977226257
1099,0.06294447928667068
1100,0.06287463754415512
1101,0.062717504799366
1102,0.06304614990949631
1103,0.0625743418931961
1104,0.0625217854976654
1105,0.06249011307954788
1106,0.0624450147151947
1107,0.06238492205739021
1108,0.06230570748448372
1109,0.06226186454296112
1110,0.0621819794178009
1111,0.06213955953717232
1112,0.0621032789349556
1113,0.062065888196229935
1114,0.061999790370464325
1115,0.06189607083797455
1116,0.06191536784172058
1117,0.06177254766225815
1118,0.06174589693546295
1119,0.06169726699590683
1120,0.061605192720890045
1121,0.06152497977018356
1122,0.06145000457763672
1123,0.061398379504680634
1124,0.06133682653307915
1125,0.061252348124980927
1126,0.06121312826871872
1127,0.06108517944812775
1128,0.0610334649682045
1129,0.0609544962644577
1130,0.06092068552970886
1131,0.06077679619193077
1132,0.060704879462718964
1133,0.06064913049340248
1134,0.06058698520064354
1135,0.060527022927999496
1136,0.060435950756073
1137,0.060387007892131805
1138,0.06033767759799957
1139,0.0602753609418869
1140,0.06013215705752373
1141,0.06019262224435806
1142,0.059932857751846313
1143,0.059877242892980576
1144,0.0598282516002655
1145,0.05977160483598709
1146,0.05965523421764374
1147,0.05965369939804077
1148,0.059497736394405365
1149,0.05945219099521637
1150,0.05941839888691902
1151,0.05936509743332863
1152,0.05930318683385849
1153,0.05922897905111313
1154,0.05912334844470024
1155,0.059045642614364624
1156,0.05882704257965088
1157,0.05874616652727127
1158,0.058682020753622055
1159,0.05862272530794144
1160,0.058501288294792175
1161,0.05833271145820618
1162,0.05824057012796402
1163,0.05815115571022034
1164,0.0580860897898674
1165,0.05804190784692764
1166,0.05795929580926895
1167,0.057835161685943604
1168,0.05787878483533859
1169,0.05767641216516495
1170,0.057626716792583466
1171,0.05758795142173767
1172,0.057540565729141235
1173,0.05745291709899902
1174,0.057414229959249496
1175,0.05731569230556488
1176,0.05726281553506851
1177,0.05720120668411255
1178,0.0571228563785553
1179,0.05704883486032486
1180,0.05697439983487129
1181,0.056883297860622406
1182,0.056840091943740845
1183,0.05676082521677017
1184,0.056748561561107635
1185,0.05662859231233597
1186,0.05658331513404846
1187,0.05654194578528404
1188,0.056486617773771286
1189,0.05649372562766075
1190,0.05639585107564926
1191,0.056360531598329544
1192,0.05633121728897095
1193,0.05629691109061241
1194,0.056242685765028
1195,0.05619467422366142
1196,0.05615681782364845
1197,0.05611909180879593
1198,0.056096211075782776
1199,0.05604644864797592
1200,0.055944863706827164
1201,0.055851224809885025
1202,0.05573667958378792
1203,0.05573239177465439
1204,0.055636778473854065
1205,0.05559759959578514
1206,0.05555753782391548
1207,0.055492646992206573
1208,0.055394381284713745
1209,0.0553458109498024
1210,0.0552397184073925
1211,0.05517514422535896
1212,0.055119894444942474
1213,0.05504288896918297
1214,0.055350977927446365
1215,0.05494331195950508
1216,0.054888758808374405
1217,0.054852697998285294
1218,0.05482019484043121
1219,0.0547761470079422
1220,0.054901123046875
1221,0.054673392325639725
1222,0.054623112082481384
1223,0.05458015948534012
1224,0.05454456806182861
1225,0.05449577420949936
1226,0.05441349744796753
1227,0.054337456822395325
1228,0.05428796261548996
1229,0.05422280728816986
1230,0.05417729541659355
1231,0.054108284413814545
1232,0.05415543541312218
1233,0.05400538444519043
1234,0.05396468564867973
1235,0.05392114073038101
1236,0.053861163556575775
1237,0.05379971116781235
1238,0.0537281408905983
1239,0.05368955805897713
1240,0.0536181777715683
1241,0.05356992781162262
1242,0.053511980921030045
1243,0.05344834923744202
1244,0.05340303108096123
1245,0.05333010107278824
1246,0.05327008292078972
1247,0.053207870572805405
1248,0.05316084623336792
1249,0.05311235412955284
1250,0.0530550591647625
1251,0.05297474190592766
1252,0.05290377885103226
1253,0.0528424046933651
1254,0.05278579890727997
1255,0.05273616313934326
1256,0.05266907811164856
1257,0.052633948624134064
1258,0.052560023963451385
1259,0.05251266807317734
1260,0.05245509371161461
1261,0.052370741963386536
1262,0.05225736275315285
1263,0.05212204530835152
1264,0.05204319208860397
1265,0.05192818492650986
1266,0.051880739629268646
1267,0.05177487060427666
1268,0.05193794146180153
1269,0.05162173882126808
1270,0.05156007409095764
1271,0.05150752514600754
1272,0.0514274500310421
1273,0.05129043012857437
1274,0.05116444453597069
1275,0.05110849440097809
1276,0.051044076681137085
1277,0.050973787903785706
1278,0.050844963639974594
1279,0.05078333988785744
1280,0.05070754885673523
1281,0.05065229535102844
1282,0.0505870059132576
1283,0.05049247294664383
1284,0.05053434148430824
1285,0.05036256089806557
1286,0.05031805858016014
1287,0.05028337612748146
1288,0.05024106055498123
1289,0.050162434577941895
1290,0.05007856711745262
1291,0.05000997334718704
1292,0.0499260351061821
1293,0.04987986385822296
1294,0.049793411046266556
1295,0.04971539229154587
1296,0.04964010417461395
1297,0.04956057295203209
1298,0.04949651658535004
1299,0.049386437982320786
1300,0.04970908164978027
1301,0.04926595091819763
1302,0.04920964315533638
1303,0.04917806386947632
1304,0.049150675535202026
1305,0.04910513013601303
1306,0.048979341983795166
1307,0.04892716556787491
1308,0.048776499927043915
1309,0.04872056096792221
1310,0.048660971224308014
1311,0.048604339361190796
1312,0.048553258180618286
1313,0.04847731068730354
1314,0.048399925231933594
1315,0.048313770443201065
1316,0.04822038486599922
1317,0.048125576227903366
1318,0.048010677099227905
1319,0.04794340953230858
1320,0.04788227379322052
1321,0.04781970754265785
1322,0.047762781381607056
1323,0.047704413533210754
1324,0.047669120132923126
1325,0.047629810869693756
1326,0.047568220645189285
1327,0.047673895955085754
1328,0.04748661071062088
1329,0.04745124280452728
1330,0.0474245548248291
1331,0.04739926755428314
1332,0.04736147075891495
1333,0.04728955030441284
1334,0.04720419645309448
1335,0.04711740463972092
1336,0.04704303294420242
1337,0.046982333064079285
1338,0.0469229593873024
1339,0.04687945172190666
1340,0.04683380573987961
1341,0.046781957149505615
1342,0.046715669333934784
1343,0.046612806618213654
1344,0.04656378924846649
1345,0.04646635055541992
1346,0.046421222388744354
1347,0.04638862609863281
1348,0.046338897198438644
1349,0.04622885212302208
1350,0.04629550874233246
1351,0.04603356495499611
1352,0.045967768877744675
1353,0.04592088609933853
1354,0.045878514647483826
1355,0.04683627933263779
1356,0.04585011303424835
1357,0.04577982425689697
1358,0.0457465723156929
1359,0.04570496827363968
1360,0.04567079618573189
1361,0.04562141373753548
1362,0.045624036341905594
1363,0.045495957136154175
1364,0.04545985162258148
1365,0.04541416093707085
1366,0.0453447550535202
1367,0.04520980641245842
1368,0.045133326202631
1369,0.04503612220287323
1370,0.04498017206788063
1371,0.04493112117052078
1372,0.04486824944615364
1373,0.04478947073221207
1374,0.04471762478351593
1375,0.0446447916328907
1376,0.04458995908498764
1377,0.04451225325465202
1378,0.04443783685564995
1379,0.0443599596619606
1380,0.04426880553364754
1381,0.04422631859779358
1382,0.04419294744729996
1383,0.0441570021212101
1384,0.04404939338564873
1385,0.04393657296895981
1386,0.04383471608161926
1387,0.04374256730079651
1388,0.043690264225006104
1389,0.04363953694701195
1390,0.04360073059797287
1391,0.04355880245566368
1392,0.04348628595471382
1393,0.043380171060562134
1394,0.04341109097003937
1395,0.04329974949359894
1396,0.0432751327753067
1397,0.04325586557388306
1398,0.043231744319200516
1399,0.043187499046325684
1400,0.04322889447212219
1401,0.04307547211647034
1402,0.04303018003702164
1403,0.042981766164302826
1404,0.04294645041227341
1405,0.042911164462566376
1406,0.04287194460630417
1407,0.042803581804037094
1408,0.042764801532030106
1409,0.042723894119262695
1410,0.042780518531799316
1411,0.04264476150274277
1412,0.04261533170938492
1413,0.042593516409397125
1414,0.0425693579018116
1415,0.042520008981227875
1416,0.042445339262485504
1417,0.04237056523561478
1418,0.04231451451778412
1419,0.042270202189683914
1420,0.042188212275505066
1421,0.042233455926179886
1422,0.04206529259681702
1423,0.0420212522149086
1424,0.0419798344373703
1425,0.04201488196849823
1426,0.04192908853292465
1427,0.04190228134393692
1428,0.04186894744634628
1429,0.04183129966259003
1430,0.04178901016712189
1431,0.041682757437229156
1432,0.041742660105228424
1433,0.04158930853009224
1434,0.041563887149095535
1435,0.04154687747359276
1436,0.04152791202068329
1437,0.04150562733411789
1438,0.04147907346487045
1439,0.04144468903541565
1440,0.041413091123104095
1441,0.041385866701602936
1442,0.04136471450328827
1443,0.041332513093948364
1444,0.04127275571227074
1445,0.0412069596350193
1446,0.04160120338201523
1447,0.04110552370548248
1448,0.04116055369377136
1449,0.04105044901371002
1450,0.04103410616517067
1451,0.04102052375674248
1452,0.0409998781979084
1453,0.04096141830086708
1454,0.040891218930482864
1455,0.041710153222084045
1456,0.04084622114896774
1457,0.04078841209411621
1458,0.040767110884189606
1459,0.04074070230126381
1460,0.04070739448070526
1461,0.04065227508544922
1462,0.040801502764225006
1463,0.040570273995399475
1464,0.04053296148777008
1465,0.04050873965024948
1466,0.04048878327012062
1467,0.0404624417424202
1468,0.04040844738483429
1469,0.04037916660308838
1470,0.040314238518476486
1471,0.04027331620454788
1472,0.04024101793766022
1473,0.04019560292363167
1474,0.04011227563023567
1475,0.04019905626773834
1476,0.039988305419683456
1477,0.03993923217058182
1478,0.039900511503219604
1479,0.03985930234193802
1480,0.03981996700167656
1481,0.03977375105023384
1482,0.039734095335006714
1483,0.03970878943800926
1484,0.0396822988986969
1485,0.03964180126786232
1486,0.03959694504737854
1487,0.03956831246614456
1488,0.03953919932246208
1489,0.03951644152402878
1490,0.03946632146835327
1491,0.0394444540143013
1492,0.03939039632678032
1493,0.039366982877254486
1494,0.03934797644615173
1495,0.039312414824962616
1496,0.0392276830971241
1497,0.039154376834630966
1498,0.039097268134355545
1499,0.039061542600393295
1500,0.03902328386902809
1501,0.03900467976927757
1502,0.038977403193712234
1503,0.03894256427884102
1504,0.038906875997781754
1505,0.03882097825407982
1506,0.038752567023038864
1507,0.038693178445100784
1508,0.03864895552396774
1509,0.03857436403632164
1510,0.039073243737220764
1511,0.03851773962378502
1512,0.038467347621917725
1513,0.03843541815876961
1514,0.03839365020394325
1515,0.038340628147125244
1516,0.03870760649442673
1517,0.03829599916934967
1518,0.03825903683900833
1519,0.03823835030198097
1520,0.038213878870010376
1521,0.038184452801942825
1522,0.038111962378025055
1523,0.03811788186430931
1524,0.037986382842063904
1525,0.037957631051540375
1526,0.03793272003531456
1527,0.03790324181318283
1528,0.037863537669181824
1529,0.037838272750377655
1530,0.03777291253209114
1531,0.037731438875198364
1532,0.0376998633146286
1533,0.037668488919734955
1534,0.037704117596149445
1535,0.037607625126838684
1536,0.03757534176111221
1537,0.03754035755991936
1538,0.037513479590415955
1539,0.03748125582933426
1540,0.03747263178229332
1541,0.03742579370737076
1542,0.037406593561172485
1543,0.037386633455753326
1544,0.03736487776041031
1545,0.03751792758703232
1546,0.03733496740460396
1547,0.03731324523687363
1548,0.03729666769504547
1549,0.03727731108665466
1550,0.03725537657737732
1551,0.037207406014204025
1552,0.03722125664353371
1553,0.03711121901869774
1554,0.03708241507411003
1555,0.03706422075629234
1556,0.037045396864414215
1557,0.03701520711183548
1558,0.03695861995220184
1559,0.0369151271879673
1560,0.036891870200634
1561,0.03686976060271263
1562,0.03684983402490616
1563,0.036817390471696854
1564,0.03678940236568451
1565,0.03673657774925232
1566,0.03669397532939911
1567,0.03666018322110176
1568,0.03663403168320656
1569,0.03659752756357193
1570,0.03684532269835472
1571,0.03656148537993431
1572,0.03653465956449509
1573,0.03651861846446991
1574,0.036500148475170135
1575,0.03647606819868088
1576,0.036428943276405334
1577,0.036363039165735245
1578,0.03631746396422386
1579,0.036278966814279556
1580,0.036241963505744934
1581,0.03621499985456467
1582,0.036174848675727844
1583,0.036106303334236145
1584,0.036231160163879395
1585,0.03602704778313637
1586,0.0359996072947979
1587,0.03598068282008171
1588,0.035957492887973785
1589,0.03594842180609703
1590,0.03591001778841019
1591,0.03587878495454788
1592,0.03583885729312897
1593,0.035809993743896484
1594,0.03577868640422821
1595,0.03577928990125656
1596,0.03572762757539749
1597,0.03570722043514252
1598,0.03568669408559799
1599,0.03566277027130127
1600,0.03577233850955963
1601,0.03562282770872116
1602,0.035596951842308044
1603,0.03557338938117027
1604,0.03555174544453621
1605,0.03553314879536629
1606,0.03550151735544205
1607,0.03568999469280243
1608,0.03543873131275177
1609,0.03540757670998573
1610,0.03538894280791283
1611,0.035372644662857056
1612,0.03535628318786621
1613,0.03533362224698067
1614,0.03533344343304634
1615,0.03528858721256256
1616,0.03526715561747551
1617,0.03524702787399292
1618,0.03522857651114464
1619,0.035206686705350876
1620,0.03517185151576996
1621,0.03518952056765556
1622,0.03510699421167374
1623,0.03508205711841583
1624,0.03505997732281685
1625,0.03504284471273422
1626,0.035029906779527664
1627,0.03501046448945999
1628,0.034991033375263214
1629,0.03496784716844559
1630,0.03494661673903465
1631,0.03492461517453194
1632,0.03489527851343155
1633,0.034893594682216644
1634,0.03484713286161423
1635,0.03482449799776077
1636,0.034800268709659576
1637,0.034773558378219604
1638,0.034741662442684174
1639,0.03470486402511597
1640,0.034670449793338776
1641,0.03463214635848999
1642,0.03461473062634468
1643,0.03459489345550537
1644,0.03455110266804695
1645,0.034858059138059616
1646,0.034511275589466095
1647,0.034484706819057465
1648,0.034473322331905365
1649,0.034457236528396606
1650,0.034434475004673004
1651,0.03440426290035248
1652,0.034389276057481766
1653,0.03436039388179779
1654,0.03434482961893082
1655,0.03433077037334442
1656,0.03430747240781784
1657,0.034277863800525665
1658,0.03423507884144783
1659,0.034202177077531815
1660,0.0341341532766819
1661,0.03413810953497887
1662,0.034049779176712036
1663,0.034027647227048874
1664,0.034009166061878204
1665,0.03398624807596207
1666,0.0339498445391655
1667,0.0341048538684845
1668,0.033905643969774246
1669,0.03388190641999245
1670,0.033865880221128464
1671,0.03384669870138168
1672,0.03381811082363129
1673,0.033754169940948486
1674,0.033695679157972336
1675,0.03366636484861374
1676,0.03366491198539734
1677,0.0336272194981575
1678,0.03360728919506073
1679,0.033588893711566925
1680,0.03356938064098358
1681,0.03354058414697647
1682,0.03349733352661133
1683,0.03345361724495888
1684,0.033418405801057816
1685,0.03338012844324112
1686,0.033351924270391464
1687,0.033329252153635025
1688,0.033299174159765244
1689,0.03326358273625374
1690,0.0332258976995945
1691,0.033200040459632874
1692,0.033172719180583954
1693,0.03315580636262894
1694,0.03314071521162987
1695,0.03312110900878906
1696,0.03308190032839775
1697,0.03307054564356804
1698,0.033037666231393814
1699,0.03302185237407684
1700,0.033009037375450134
1701,0.0329912044107914
1702,0.032961875200271606
1703,0.03293919563293457
1704,0.03290841728448868
1705,0.032892145216464996
1706,0.0328807570040226
1707,0.032870229333639145
1708,0.03284719958901405
1709,0.032835058867931366
1710,0.032802045345306396
1711,0.03278813138604164
1712,0.032768890261650085
1713,0.03274793550372124
1714,0.03272024542093277
1715,0.03268744423985481
1716,0.032663822174072266
1717,0.03263898938894272
1718,0.03261776268482208
1719,0.03260058909654617
1720,0.032574109733104706
1721,0.03253316134214401
1722,0.0325821116566658
1723,0.032494768500328064
1724,0.032483041286468506
1725,0.03247540444135666
1726,0.032465219497680664
1727,0.032446570694446564
1728,0.03242693096399307
1729,0.032394811511039734
1730,0.03237462416291237
1731,0.032339178025722504
1732,0.03233163058757782
1733,0.032310813665390015
1734,0.032295625656843185
1735,0.03227996826171875
1736,0.032261643558740616
1737,0.03222409263253212
1738,0.032159268856048584
1739,0.03211378678679466
1740,0.032064978033304214
1741,0.032031647861003876
1742,0.032008275389671326
1743,0.031965434551239014
1744,0.03198136389255524
1745,0.03189145773649216
1746,0.03187066316604614
1747,0.03184977173805237
1748,0.03182283043861389
1749,0.031786929816007614
1750,0.03175225481390953
1751,0.03171858191490173
1752,0.0316690057516098
1753,0.0316331684589386
1754,0.03158345818519592
1755,0.03156198933720589
1756,0.03153292089700699
1757,0.031519994139671326
1758,0.031510356813669205
1759,0.03148583695292473
1760,0.03143569827079773
1761,0.03166738152503967
1762,0.03139776363968849
1763,0.03137343004345894
1764,0.03136282414197922
1765,0.031352028250694275
1766,0.03133469820022583
1767,0.03130275011062622
1768,0.031279828399419785
1769,0.031238464638590813
1770,0.031220577657222748
1771,0.031200841069221497
1772,0.031182847917079926
1773,0.031140688806772232
1774,0.03112265095114708
1775,0.031076006591320038
1776,0.031058210879564285
1777,0.03104540891945362
1778,0.031025517731904984
1779,0.03098352439701557
1780,0.030938606709241867
1781,0.030903279781341553
1782,0.03088408149778843
1783,0.030858417972922325
1784,0.030835870653390884
1785,0.030796699225902557
1786,0.030760256573557854
1787,0.030729226768016815
1788,0.030702218413352966
1789,0.030685167759656906
1790,0.030653096735477448
1791,0.030605219304561615
1792,0.0305720716714859
1793,0.03054664470255375
1794,0.030532333999872208
1795,0.030518537387251854
1796,0.030485613271594048
1797,0.030494093894958496
1798,0.030440038070082664
1799,0.030424736440181732
1800,0.03041430562734604
1801,0.030402006581425667
1802,0.03037477470934391
1803,0.030364729464054108
1804,0.03033761866390705
1805,0.030327752232551575
1806,0.03032078966498375
1807,0.030308254063129425
1808,0.0303487665951252
1809,0.03028227388858795
1810,0.030267992988228798
1811,0.030255362391471863
1812,0.030245818197727203
1813,0.030229467898607254
1814,0.030192259699106216
1815,0.030498743057250977
1816,0.03016263246536255
1817,0.030135540291666985
1818,0.03012371063232422
1819,0.03011200949549675
1820,0.030098218470811844
1821,0.030076513066887856
1822,0.03005480021238327
1823,0.030036285519599915
1824,0.03001570515334606
1825,0.02999730408191681
1826,0.029974065721035004
1827,0.02996136248111725
1828,0.029936712235212326
1829,0.029919439926743507
1830,0.02990449219942093
1831,0.029882144182920456
1832,0.029838871210813522
1833,0.029834168031811714
1834,0.029779963195323944
1835,0.02976134978234768
1836,0.029743731021881104
1837,0.029726700857281685
1838,0.029704302549362183
1839,0.02973458729684353
1840,0.029671864584088326
1841,0.02965822070837021
1842,0.029648173600435257
1843,0.029639115557074547
1844,0.02962590754032135
1845,0.02959384396672249
1846,0.029567919671535492
1847,0.029541321098804474
1848,0.02952686697244644
1849,0.02951253205537796
1850,0.02948865108191967
1851,0.02952045202255249
1852,0.02946295216679573
1853,0.02945193275809288
1854,0.029444456100463867
1855,0.02943834662437439
1856,0.029428178444504738
1857,0.029409795999526978
1858,0.029404116794466972
1859,0.029380297288298607
1860,0.029366403818130493
1861,0.029355617240071297
1862,0.029341671615839005
1863,0.029323197901248932
1864,0.029300637543201447
1865,0.029286401346325874
1866,0.029261751100420952
1867,0.02925129421055317
1868,0.029228417202830315
1869,0.02919374592602253
1870,0.029243983328342438
1871,0.02914739027619362
1872,0.029127087444067
1873,0.029112549498677254
1874,0.029100598767399788
1875,0.029083695262670517
1876,0.029062770307064056
1877,0.02903999201953411
1878,0.029021915048360825
1879,0.028987810015678406
1880,0.02896203100681305
1881,0.0290621817111969
1882,0.02893572859466076
1883,0.028919799253344536
1884,0.028907110914587975
1885,0.028888441622257233
1886,0.028864238411188126
1887,0.02882462926208973
1888,0.02905823290348053
1889,0.0287790484726429
1890,0.028746552765369415
1891,0.028716793283820152
1892,0.028683431446552277
1893,0.02865515649318695
1894,0.028634004294872284
1895,0.02858653850853443
1896,0.028541002422571182
1897,0.028514418751001358
1898,0.028507480397820473
1899,0.028486676514148712
1900,0.02847590669989586
1901,0.028466083109378815
1902,0.02845080941915512
1903,0.028427403420209885
1904,0.028389673680067062
1905,0.02866709977388382
1906,0.028360258787870407
1907,0.028336774557828903
1908,0.028326522558927536
1909,0.028311237692832947
1910,0.028287213295698166
1911,0.028257155790925026
1912,0.028332453221082687
1913,0.028225071728229523
1914,0.02820928394794464
1915,0.028197884559631348
1916,0.02818482741713524
1917,0.028166400268673897
1918,0.028158940374851227
1919,0.028127621859312057
1920,0.0281117744743824
1921,0.028097566217184067
1922,0.02808559685945511
1923,0.02806701697409153
1924,0.028043266385793686
1925,0.02802312560379505
1926,0.028006434440612793
1927,0.027994735166430473
1928,0.027975130826234818
1929,0.027979549020528793
1930,0.02794070355594158
1931,0.027928974479436874
1932,0.027918532490730286
1933,0.02790953777730465
1934,0.027895640581846237
1935,0.027869129553437233
1936,0.02789214998483658
1937,0.027825454249978065
1938,0.027808375656604767
1939,0.02779499441385269
1940,0.027783049270510674
1941,0.027765516191720963
1942,0.027730150148272514
1943,0.02767372876405716
1944,0.027678439393639565
1945,0.027616895735263824
1946,0.027600035071372986
1947,0.027585037052631378
1948,0.027559760957956314
1949,0.02752620354294777
1950,0.02750217169523239
1951,0.02747361548244953
1952,0.027449708431959152
1953,0.027417141944169998
1954,0.027381164953112602
1955,0.02735455334186554
1956,0.02733956091105938
1957,0.027314141392707825
1958,0.02727910503745079
1959,0.02725128084421158
1960,0.027230650186538696
1961,0.027214039117097855
1962,0.02720320224761963
1963,0.027185050770640373
1964,0.02714613452553749
1965,0.02711791917681694
1966,0.02708362601697445
1967,0.027065452188253403
1968,0.02705448493361473
1969,0.02704276144504547
1970,0.027021322399377823
1971,0.02700740285217762
1972,0.02699369192123413
1973,0.026986323297023773
1974,0.026977449655532837
1975,0.026958707720041275
1976,0.026936162263154984
1977,0.02691764198243618
1978,0.026900047436356544
1979,0.02687753178179264
1980,0.026852253824472427
1981,0.026827508583664894
1982,0.026786955073475838
1983,0.026780735701322556
1984,0.026735898107290268
1985,0.026724662631750107
1986,0.02671290934085846
1987,0.026687445119023323
1988,0.026646915823221207
1989,0.026606274768710136
1990,0.02658070996403694
1991,0.02655968815088272
1992,0.02653607167303562
1993,0.02652169018983841
1994,0.02649722993373871
1995,0.026458799839019775
1996,0.026433994993567467
1997,0.026393290609121323
1998,0.026377035304903984
1999,0.02635572850704193
2000,0.026326028630137444
2001,0.026308979839086533
2002,0.026266971603035927
2003,0.026251723989844322
2004,0.02623627707362175
2005,0.02621341496706009
2006,0.026172460988163948
2007,0.026160575449466705
2008,0.026127038523554802
2009,0.0261128731071949
2010,0.02610289677977562
2011,0.026087390258908272
2012,0.026538820937275887
2013,0.0260789692401886
2014,0.026051171123981476
2015,0.026043079793453217
2016,0.026035364717245102
2017,0.026028411462903023
2018,0.026009954512119293
2019,0.0260713379830122
2020,0.02597780153155327
2021,0.025965340435504913
2022,0.025957001373171806
2023,0.025947540998458862
2024,0.0259337667375803
2025,0.02600216120481491
2026,0.025923389941453934
2027,0.025916654616594315
2028,0.025912627577781677
2029,0.025905750691890717
2030,0.025895025581121445
2031,0.025885941460728645
2032,0.025872131809592247
2033,0.02586253732442856
2034,0.025850515812635422
2035,0.025838695466518402
2036,0.02582044154405594
2037,0.025797907263040543
2038,0.025775961577892303
2039,0.025763552635908127
2040,0.02574305608868599
2041,0.025730393826961517
2042,0.02571514993906021
2043,0.02568921074271202
2044,0.025672264397144318
2045,0.025661809369921684
2046,0.025654960423707962
2047,0.025640759617090225
2048,0.025616556406021118
2049,0.025613076984882355
2050,0.025594437494874
2051,0.02558938041329384
2052,0.025584731251001358
2053,0.025576289743185043
2054,0.02555793896317482
2055,0.0255275871604681
2056,0.025496358051896095
2057,0.02548861876130104
2058,0.025459423661231995
2059,0.025441482663154602
2060,0.025431238114833832
2061,0.0254218652844429
2062,0.025410186499357224
2063,0.02538922056555748
2064,0.025374025106430054
2065,0.025350112468004227
2066,0.025335244834423065
2067,0.02530781924724579
2068,0.0252985842525959
2069,0.02528912015259266
2070,0.0252794548869133
2071,0.02525928243994713
2072,0.02524704858660698
2073,0.02522386610507965
2074,0.025213854387402534
2075,0.025201208889484406
2076,0.025178920477628708
2077,0.025277547538280487
2078,0.025152361020445824
2079,0.025139624252915382
2080,0.025134015828371048
2081,0.025129271671175957
2082,0.02512207441031933
2083,0.0251076128333807
2084,0.025092724710702896
2085,0.025075940415263176
2086,0.02506142295897007
2087,0.02504918724298477
2088,0.025027744472026825
2089,0.025010064244270325
2090,0.02498723194003105
2091,0.024973860010504723
2092,0.02496294677257538
2093,0.02495098114013672
2094,0.02493320032954216
2095,0.024919908493757248
2096,0.02490820735692978
2097,0.024899132549762726
2098,0.024893589317798615
2099,0.024882430210709572
2100,0.024861741811037064
2101,0.024831846356391907
2102,0.024813594296574593
2103,0.02479284070432186
2104,0.02477366477251053
2105,0.024763021618127823
2106,0.02475094422698021
2107,0.024737458676099777
2108,0.024709276854991913
2109,0.024728897958993912
2110,0.024656640365719795
2111,0.024635909125208855
2112,0.024615690112113953
2113,0.024597711861133575
2114,0.024577423930168152
2115,0.024651609361171722
2116,0.02454533986747265
2117,0.024525927379727364
2118,0.024510666728019714
2119,0.024495795369148254
2120,0.024481192231178284
2121,0.02447221428155899
2122,0.02445734664797783
2123,0.024440858513116837
2124,0.02442973665893078
2125,0.02441895380616188
2126,0.024390187114477158
2127,0.02459658682346344
2128,0.024358032271265984
2129,0.024341221898794174
2130,0.024335671216249466
2131,0.024329490959644318
2132,0.024320144206285477
2133,0.02430497482419014
2134,0.024281317368149757
2135,0.024289127439260483
2136,0.02426198311150074
2137,0.02425534836947918
2138,0.02424507588148117
2139,0.02422906830906868
2140,0.024211280047893524
2141,0.02419225499033928
2142,0.024173079058527946
2143,0.024162400513887405
2144,0.024147581309080124
2145,0.024139298126101494
2146,0.024122251197695732
2147,0.02409740909934044
2148,0.024071810767054558
2149,0.024060025811195374
2150,0.02404756098985672
2151,0.024036705493927002
2152,0.024016600102186203
2153,0.023980729281902313
2154,0.024195179343223572
2155,0.023942431434988976
2156,0.023917799815535545
2157,0.02390516921877861
2158,0.023891866207122803
2159,0.023870494216680527
2160,0.023975888267159462
2161,0.0238383486866951
2162,0.023820821195840836
2163,0.02380846068263054
2164,0.023794684559106827
2165,0.023774726316332817
2166,0.023743292316794395
2167,0.023709826171398163
2168,0.02370232343673706
2169,0.023671329021453857
2170,0.023657139390707016
2171,0.023646561428904533
2172,0.023631306365132332
2173,0.023612115532159805
2174,0.023594602942466736
2175,0.023583069443702698
2176,0.023566875606775284
2177,0.023546474054455757
2178,0.0235118567943573
2179,0.02348165027797222
2180,0.023454247042536736
2181,0.02343520149588585
2182,0.02342323400080204
2183,0.0234157033264637
2184,0.02340586483478546
2185,0.023388266563415527
2186,0.023368578404188156
2187,0.023355767130851746
2188,0.023346439003944397
2189,0.02333756908774376
2190,0.023332085460424423
2191,0.023319536820054054
2192,0.023292865604162216
2193,0.023250142112374306
2194,0.023266233503818512
2195,0.023197077214717865
2196,0.023183248937129974
2197,0.02317304164171219
2198,0.023162830621004105
2199,0.023147398605942726
2200,0.02313058264553547
2201,0.023115528747439384
2202,0.023097623139619827
2203,0.023087531328201294
2204,0.023071467876434326
2205,0.023038091138005257
2206,0.02302698791027069
2207,0.022981252521276474
2208,0.02296055294573307
2209,0.022941969335079193
2210,0.022923681885004044
2211,0.022904135286808014
2212,0.02289045974612236
2213,0.02287711203098297
2214,0.022860286757349968
2215,0.022850891575217247
2216,0.022835854440927505
2217,0.022822564467787743
2218,0.022813711315393448
2219,0.022802229970693588
2220,0.022779220715165138
2221,0.022746821865439415
2222,0.022761616855859756
2223,0.02271069958806038
2224,0.022697288542985916
2225,0.022683635354042053
2226,0.022676652297377586
2227,0.02266469970345497
2228,0.022654728963971138
2229,0.022647004574537277
2230,0.022637873888015747
2231,0.02261003479361534
2232,0.022673871368169785
2233,0.022563975304365158
2234,0.022546593099832535
2235,0.022534551098942757
2236,0.02252192422747612
2237,0.022493457421660423
2238,0.022454071789979935
2239,0.022522620856761932
2240,0.022432396188378334
2241,0.022424107417464256
2242,0.0224203709512949
2243,0.02241586148738861
2244,0.022408492863178253
2245,0.02239208295941353
2246,0.0223696231842041
2247,0.022366497665643692
2248,0.022345297038555145
2249,0.022331617772579193
2250,0.022324085235595703
2251,0.02231559157371521
2252,0.022305311635136604
2253,0.022288355976343155
2254,0.02235361933708191
2255,0.022266289219260216
2256,0.022254472598433495
2257,0.022245338186621666
2258,0.022233810275793076
2259,0.022218408063054085
2260,0.022194577381014824
2261,0.022178001701831818
2262,0.02216656133532524
2263,0.022159025073051453
2264,0.022150985896587372
2265,0.02213369309902191
2266,0.022110849618911743
2267,0.022082529962062836
2268,0.022072406485676765
2269,0.022043704986572266
2270,0.022033318877220154
2271,0.022024834528565407
2272,0.022012686356902122
2273,0.021983064711093903
2274,0.02199132926762104
2275,0.021948887035250664
2276,0.02193865366280079
2277,0.021927524358034134
2278,0.02191268652677536
2279,0.02214638888835907
2280,0.02190673165023327
2281,0.021891387179493904
2282,0.021886203438043594
2283,0.021880924701690674
2284,0.02187475375831127
2285,0.021859200671315193
2286,0.021838946267962456
2287,0.021823197603225708
2288,0.021813852712512016
2289,0.021801376715302467
2290,0.021792512387037277
2291,0.021777836605906487
2292,0.021825049072504044
2293,0.021761901676654816
2294,0.02175327017903328
2295,0.021748248487710953
2296,0.021744277328252792
2297,0.02173873595893383
2298,0.021725472062826157
2299,0.02171914651989937
2300,0.021701538935303688
2301,0.021685127168893814
2302,0.02167775109410286
2303,0.021670367568731308
2304,0.02166115865111351
2305,0.02164214476943016
2306,0.021661322563886642
2307,0.021609719842672348
2308,0.021595990285277367
2309,0.021584486588835716
2310,0.021573886275291443
2311,0.02155689150094986
2312,0.02157498523592949
2313,0.021531926468014717
2314,0.02152332104742527
2315,0.02151433378458023
2316,0.02150280773639679
2317,0.021488532423973083
2318,0.021470148116350174
2319,0.021452991291880608
2320,0.021436166018247604
2321,0.021428633481264114
2322,0.02141813188791275
2323,0.021413423120975494
2324,0.021407756954431534
2325,0.021399080753326416
2326,0.021384213119745255
2327,0.02136997878551483
2328,0.021357297897338867
2329,0.02134818024933338
2330,0.02133476547896862
2331,0.021325508132576942
2332,0.021315230056643486
2333,0.021345680579543114
2334,0.02130229026079178
2335,0.021294865757226944
2336,0.021289663389325142
2337,0.021285580471158028
2338,0.021281037479639053
2339,0.021270230412483215
2340,0.021256472915410995
2341,0.021235842257738113
2342,0.021212803199887276
2343,0.02119375206530094
2344,0.021172642707824707
2345,0.021152155473828316
2346,0.021146725863218307
2347,0.021132726222276688
2348,0.02112530544400215
2349,0.02111854776740074
2350,0.021108588203787804
2351,0.02108972892165184
2352,0.021161995828151703
2353,0.021071672439575195
2354,0.021062854677438736
2355,0.021058708429336548
2356,0.021054286509752274
2357,0.021047696471214294
2358,0.021033985540270805
2359,0.021009456366300583
2360,0.021015552803874016
2361,0.020975245162844658
2362,0.02096213586628437
2363,0.02095266617834568
2364,0.0209443811327219
2365,0.020939113572239876
2366,0.020926613360643387
2367,0.020913930609822273
2368,0.02090456336736679
2369,0.02089577540755272
2370,0.020877107977867126
2371,0.020849209278821945
2372,0.020836319774389267
2373,0.020822759717702866
2374,0.02081512287259102
2375,0.020807525143027306
2376,0.02079710364341736
2377,0.020794600248336792
2378,0.020778661593794823
2379,0.02077103778719902
2380,0.020764872431755066
2381,0.02075798623263836
2382,0.02074611373245716
2383,0.020726000890135765
2384,0.02070968970656395
2385,0.020688476040959358
2386,0.02068001963198185
2387,0.020672986283898354
2388,0.020667817443609238
2389,0.020663117989897728
2390,0.02065548300743103
2391,0.02064596302807331
2392,0.02063126489520073
2393,0.020611867308616638
2394,0.020595315843820572
2395,0.020584020763635635
2396,0.020569948479533195
2397,0.02055905945599079
2398,0.020536446943879128
2399,0.02051272988319397
2400,0.020498689264059067
2401,0.02048393525183201
2402,0.02047228254377842
2403,0.020452208817005157
2404,0.020436447113752365
2405,0.020426642149686813
2406,0.020408790558576584
2407,0.02039954997599125
2408,0.020395271480083466
2409,0.020388931035995483
2410,0.020373325794935226
2411,0.02038644813001156
2412,0.020345598459243774
2413,0.020335383713245392
2414,0.020326729863882065
2415,0.02031908556818962
2416,0.02031172625720501
2417,0.020304996520280838
2418,0.020286567509174347
2419,0.0202774815261364
2420,0.02026955969631672
2421,0.020260142162442207
2422,0.020254218950867653
2423,0.02024567872285843
2424,0.020231541246175766
2425,0.02022467367351055
2426,0.020209673792123795
2427,0.020203102380037308
2428,0.02019273117184639
2429,0.020177247002720833
2430,0.020166395232081413
2431,0.020144982263445854
2432,0.020134933292865753
2433,0.020127322524785995
2434,0.020118288695812225
2435,0.020095720887184143
2436,0.020159972831606865
2437,0.02007419243454933
2438,0.020066116005182266
2439,0.02006264589726925
2440,0.020060177892446518
2441,0.02005668729543686
2442,0.02005300298333168
2443,0.020046278834342957
2444,0.02003546990454197
2445,0.020015375688672066
2446,0.020049549639225006
2447,0.019982023164629936
2448,0.019968779757618904
2449,0.019958393648266792
2450,0.01994774304330349
2451,0.019937701523303986
2452,0.01992463879287243
2453,0.019910410046577454
2454,0.01989271678030491
2455,0.0198847446590662
2456,0.019875340163707733
2457,0.019863013178110123
2458,0.019848214462399483
2459,0.019840767607092857
2460,0.019827617332339287
2461,0.019818734377622604
2462,0.019802648574113846
2463,0.01978587731719017
2464,0.01977253332734108
2465,0.019758790731430054
2466,0.019740600138902664
2467,0.01972547173500061
2468,0.019713398069143295
2469,0.019702749326825142
2470,0.01969272457063198
2471,0.019680224359035492
2472,0.019667986780405045
2473,0.019648589193820953
2474,0.019634220749139786
2475,0.01961985044181347
2476,0.01960797794163227
2477,0.01959499530494213
2478,0.019594263285398483
2479,0.019576624035835266
2480,0.01957039348781109
2481,0.0195656456053257
2482,0.01956109330058098
2483,0.01955445483326912
2484,0.019541054964065552
2485,0.019516967236995697
2486,0.01954280026257038
2487,0.019497863948345184
2488,0.019490761682391167
2489,0.019487034529447556
2490,0.019482728093862534
2491,0.019482657313346863
2492,0.019473103806376457
2493,0.019467506557703018
2494,0.01946050301194191
2495,0.019453374668955803
2496,0.01944383606314659
2497,0.01942453347146511
2498,0.019562292844057083
2499,0.01940048858523369
2500,0.019382840022444725
2501,0.019370900467038155
2502,0.019357815384864807
2503,0.019345037639141083
2504,0.019346490502357483
2505,0.01932280883193016
2506,0.01931248977780342
2507,0.019302386790513992
2508,0.019293740391731262
2509,0.019282426685094833
2510,0.019351772964000702
2511,0.019267017021775246
2512,0.019257253035902977
2513,0.019250057637691498
2514,0.019241265952587128
2515,0.019230395555496216
2516,0.019205788150429726
2517,0.019243204966187477
2518,0.01918000727891922
2519,0.019173134118318558
2520,0.019168345257639885
2521,0.019160985946655273
2522,0.0191519595682621
2523,0.019151104614138603
2524,0.019139718264341354
2525,0.019135398790240288
2526,0.019132334738969803
2527,0.019128940999507904
2528,0.0191226527094841
2529,0.019109854474663734
2530,0.01908811554312706
2531,0.01914321631193161
2532,0.019059915095567703
2533,0.019045569002628326
2534,0.0190347321331501
2535,0.019025692716240883
2536,0.01901523396372795
2537,0.018996920436620712
2538,0.01907195895910263
2539,0.01898062601685524
2540,0.018971804529428482
2541,0.01896582543849945
2542,0.018955208361148834
2543,0.018940892070531845
2544,0.018922466784715652
2545,0.018969178199768066
2546,0.018901048228144646
2547,0.018892385065555573
2548,0.018887508660554886
2549,0.018882429227232933
2550,0.018875345587730408
2551,0.018860887736082077
2552,0.01883954182267189
2553,0.018829599022865295
2554,0.01880909688770771
2555,0.01879713498055935
2556,0.018784094601869583
2557,0.018766550347208977
2558,0.018771184608340263
2559,0.0187465138733387
2560,0.018739869818091393
2561,0.018735229969024658
2562,0.01873026415705681
2563,0.018721040338277817
2564,0.018708612769842148
2565,0.018699608743190765
2566,0.018687596544623375
2567,0.01867677830159664
2568,0.01866845414042473
2569,0.018656663596630096
2570,0.018639296293258667
2571,0.018625352531671524
2572,0.018615370616316795
2573,0.018609434366226196
2574,0.018594026565551758
2575,0.018574800342321396
2576,0.018566742539405823
2577,0.018547233194112778
2578,0.01854134351015091
2579,0.018536094576120377
2580,0.018526196479797363
2581,0.01850717142224312
2582,0.01853032410144806
2583,0.018484575673937798
2584,0.018475109711289406
2585,0.01846824586391449
2586,0.018462516367435455
2587,0.018467647954821587
2588,0.018453216180205345
2589,0.01844785548746586
2590,0.01844187080860138
2591,0.018436625599861145
2592,0.0184307973831892
2593,0.01841922104358673
2594,0.018412083387374878
2595,0.018401386216282845
2596,0.018396303057670593
2597,0.018390821292996407
2598,0.018382858484983444
2599,0.01838180422782898
2600,0.01836829073727131
2601,0.01836097612977028
2602,0.01835477724671364
2603,0.01835055835545063
2604,0.018342290073633194
2605,0.018321413546800613
2606,0.01830684207379818
2607,0.01829998940229416
2608,0.018294179812073708
2609,0.018288083374500275
2610,0.018279556185007095
2611,0.018272439017891884
2612,0.018307175487279892
2613,0.018264712765812874
2614,0.018260229378938675
2615,0.018257735297083855
2616,0.01825474016368389
2617,0.01825106330215931
2618,0.018244853243231773
2619,0.018229812383651733
2620,0.01821225695312023
2621,0.01819850504398346
2622,0.018187951296567917
2623,0.018178679049015045
2624,0.018182141706347466
2625,0.018170595169067383
2626,0.018165476620197296
2627,0.018157556653022766
2628,0.018148154020309448
2629,0.01813831739127636
2630,0.01812884211540222
2631,0.018123213201761246
2632,0.018115386366844177
2633,0.018110355362296104
2634,0.018101070076227188
2635,0.01808052323758602
2636,0.018139224499464035
2637,0.0180550217628479
2638,0.01804450899362564
2639,0.018037866801023483
2640,0.018027976155281067
2641,0.018019910901784897
2642,0.01801067590713501
2643,0.018005412071943283
2644,0.01799589768052101
2645,0.017985377460718155
2646,0.017971841618418694
2647,0.017961611971259117
2648,0.01795322820544243
2649,0.017946816980838776
2650,0.017939208075404167
2651,0.017933016642928123
2652,0.01792721450328827
2653,0.017922203987836838
2654,0.017915431410074234
2655,0.017905378714203835
2656,0.017897337675094604
2657,0.017888732254505157
2658,0.01787838526070118
2659,0.017870783805847168
2660,0.017867540940642357
2661,0.017858682200312614
2662,0.017852554097771645
2663,0.01784428022801876
2664,0.017834212630987167
2665,0.01782512664794922
2666,0.017817795276641846
2667,0.017812544479966164
2668,0.017803769558668137
2669,0.017796169966459274
2670,0.01778956688940525
2671,0.017780136317014694
2672,0.01777397096157074
2673,0.01776258833706379
2674,0.01774345338344574
2675,0.01780504360795021
2676,0.01772727444767952
2677,0.017718838527798653
2678,0.01771405339241028
2679,0.01770750805735588
2680,0.017697518691420555
2681,0.017712801694869995
2682,0.017687097191810608
2683,0.01768273115158081
2684,0.017679622396826744
2685,0.017675817012786865
2686,0.01766839250922203
2687,0.01767444983124733
2688,0.017653610557317734
2689,0.017647549510002136
2690,0.017642781138420105
2691,0.017638426274061203
2692,0.01763094961643219
2693,0.017624186351895332
2694,0.01761111617088318
2695,0.017605293542146683
2696,0.017596419900655746
2697,0.01758650690317154
2698,0.01757008396089077
2699,0.017555858939886093
2700,0.017547689378261566
2701,0.01753869280219078
2702,0.017528748139739037
2703,0.01751917600631714
2704,0.017508720979094505
2705,0.01749994046986103
2706,0.01748858578503132
2707,0.01747886650264263
2708,0.017467811703681946
2709,0.01745433732867241
2710,0.01744602993130684
2711,0.017441276460886
2712,0.01743590272963047
2713,0.01742628589272499
2714,0.017417673021554947
2715,0.017408747225999832
2716,0.01739824190735817
2717,0.01739155314862728
2718,0.017386307939887047
2719,0.017376281321048737
2720,0.017367100343108177
2721,0.017360204830765724
2722,0.017355216667056084
2723,0.01734558679163456
2724,0.017349010333418846
2725,0.0173267163336277
2726,0.0173205453902483
2727,0.017315607517957687
2728,0.01731003448367119
2729,0.017301419749855995
2730,0.017298268154263496
2731,0.017289724200963974
2732,0.01728629320859909
2733,0.017282817512750626
2734,0.01727745495736599
2735,0.017271045595407486
2736,0.01726258173584938
2737,0.017255954444408417
2738,0.017251159995794296
2739,0.017246948555111885
2740,0.017237475141882896
2741,0.017223963513970375
2742,0.017209183424711227
2743,0.0172019824385643
2744,0.017193060368299484
2745,0.017188817262649536
2746,0.01717985048890114
2747,0.017167115584015846
2748,0.01715826988220215
2749,0.017151858657598495
2750,0.017147166654467583
2751,0.017142659053206444
2752,0.017133861780166626
2753,0.01712912507355213
2754,0.017116494476795197
2755,0.017109397798776627
2756,0.01710406504571438
2757,0.017100641503930092
2758,0.017095625400543213
2759,0.017090708017349243
2760,0.017084971070289612
2761,0.017079876735806465
2762,0.01707681454718113
2763,0.017072930932044983
2764,0.017065413296222687
2765,0.01705501228570938
2766,0.01704365387558937
2767,0.017052674666047096
2768,0.017024662345647812
2769,0.01701720990240574
2770,0.017011672258377075
2771,0.01700778678059578
2772,0.017003441229462624
2773,0.01699937880039215
2774,0.016994088888168335
2775,0.016988202929496765
2776,0.01697920821607113
2777,0.016967836767435074
2778,0.017014598473906517
2779,0.01695847697556019
2780,0.01695319265127182
2781,0.016950398683547974
2782,0.016946446150541306
2783,0.01694076508283615
2784,0.01693124882876873
2785,0.01693367213010788
2786,0.016918765380978584
2787,0.016910530626773834
2788,0.016907356679439545
2789,0.016901809722185135
2790,0.016897359862923622
2791,0.01688624545931816
2792,0.01687464490532875
2793,0.016866527497768402
2794,0.01685495302081108
2795,0.016850601881742477
2796,0.016839943826198578
2797,0.016832459717988968
2798,0.016824869439005852
2799,0.016814859583973885
2800,0.016796162351965904
2801,0.01677989587187767
2802,0.016769079491496086
2803,0.016761183738708496
2804,0.01675010845065117
2805,0.016735581681132317
2806,0.016729172319173813
2807,0.016713634133338928
2808,0.01670609973371029
2809,0.016696326434612274
2810,0.016680778935551643
2811,0.01667805016040802
2812,0.016663584858179092
2813,0.01665760949254036
2814,0.016652537509799004
2815,0.016645492985844612
2816,0.016634654253721237
2817,0.016642335802316666
2818,0.016620997339487076
2819,0.016615942120552063
2820,0.016611391678452492
2821,0.016605207696557045
2822,0.016596544533967972
2823,0.016583334654569626
2824,0.016573268920183182
2825,0.016561873257160187
2826,0.016553236171603203
2827,0.016548939049243927
2828,0.016543151810765266
2829,0.016530906781554222
2830,0.016545776277780533
2831,0.01651117391884327
2832,0.01650313287973404
2833,0.016496967524290085
2834,0.01649155095219612
2835,0.016483886167407036
2836,0.01646679826080799
2837,0.016534091904759407
2838,0.016452979296445847
2839,0.016445904970169067
2840,0.016443602740764618
2841,0.016441918909549713
2842,0.016439490020275116
2843,0.016437433660030365
2844,0.01643414981663227
2845,0.016428856179118156
2846,0.01641911081969738
2847,0.0164176095277071
2848,0.016402998939156532
2849,0.01639629527926445
2850,0.016394972801208496
2851,0.016383353620767593
2852,0.016376718878746033
2853,0.01636798493564129
2854,0.016357894986867905
2855,0.01636754535138607
2856,0.016343126073479652
2857,0.016337808221578598
2858,0.01633346453309059
2859,0.01632901281118393
2860,0.016322871670126915
2861,0.01631944067776203
2862,0.016306163743138313
2863,0.01629936881363392
2864,0.016293931752443314
2865,0.01628933846950531
2866,0.0162866972386837
2867,0.016280844807624817
2868,0.01627660170197487
2869,0.016269132494926453
2870,0.016255974769592285
2871,0.016235314309597015
2872,0.016223475337028503
2873,0.01621244288980961
2874,0.016207465901970863
2875,0.016198303550481796
2876,0.01618778146803379
2877,0.016373161226511
2878,0.01618049293756485
2879,0.01616734266281128
2880,0.01616273634135723
2881,0.01615813747048378
2882,0.01615392602980137
2883,0.016138393431901932
2884,0.016129301860928535
2885,0.016123268753290176
2886,0.01612057536840439
2887,0.016114337369799614
2888,0.01610991545021534
2889,0.01610240340232849
2890,0.016087543219327927
2891,0.01610834337770939
2892,0.016069896519184113
2893,0.016064584255218506
2894,0.016061443835496902
2895,0.016058307141065598
2896,0.01605325937271118
2897,0.016044849529862404
2898,0.016038835048675537
2899,0.016028035432100296
2900,0.016018096357584
2901,0.016008369624614716
2902,0.01599518023431301
2903,0.016013693064451218
2904,0.015980932861566544
2905,0.015973741188645363
2906,0.01596798002719879
2907,0.01596205122768879
2908,0.015952588990330696
2909,0.01594078540802002
2910,0.01592671126127243
2911,0.015919649973511696
2912,0.015906434506177902
2913,0.015893928706645966
2914,0.015880826860666275
2915,0.015868166461586952
2916,0.01585335284471512
2917,0.015856198966503143
2918,0.015842009335756302
2919,0.015838753432035446
2920,0.015836602076888084
2921,0.015833768993616104
2922,0.01582856848835945
2923,0.015819812193512917
2924,0.015810590237379074
2925,0.015799080953001976
2926,0.015790101140737534
2927,0.015780478715896606
2928,0.015774384140968323
2929,0.015763510018587112
2930,0.015747349709272385
2931,0.01573522388935089
2932,0.015727270394563675
2933,0.01571979746222496
2934,0.015713410452008247
2935,0.015698105096817017
2936,0.015708353370428085
2937,0.015679363161325455
2938,0.015672262758016586
2939,0.015665754675865173
2940,0.015661723911762238
2941,0.015653517097234726
2942,0.015645503997802734
2943,0.01563795655965805
2944,0.015628958120942116
2945,0.015632066875696182
2946,0.01561442669481039
2947,0.01560852862894535
2948,0.015603022649884224
2949,0.015597115270793438
2950,0.015579788945615292
2951,0.01558954082429409
2952,0.015560118481516838
2953,0.015555556863546371
2954,0.015550562180578709
2955,0.01554087270051241
2956,0.015528899617493153
2957,0.015521345660090446
2958,0.015513536520302296
2959,0.015506821684539318
2960,0.015500916168093681
2961,0.015488166362047195
2962,0.015474538318812847
2963,0.01546542439609766
2964,0.01545785553753376
2965,0.015451209619641304
2966,0.015438664704561234
2967,0.015423379838466644
2968,0.015407874248921871
2969,0.015395315364003181
2970,0.015393748879432678
2971,0.015376966446638107
2972,0.015373007394373417
2973,0.015368492342531681
2974,0.015363785438239574
2975,0.01535782776772976
2976,0.01534411683678627
2977,0.015331177040934563
2978,0.01532316766679287
2979,0.015314964577555656
2980,0.015307199209928513
2981,0.015300007537007332
2982,0.015287592075765133
2983,0.015377648174762726
2984,0.01527675986289978
2985,0.015268437564373016
2986,0.01526440680027008
2987,0.015259360894560814
2988,0.015251792967319489
2989,0.015237409621477127
2990,0.015225982293486595
2991,0.015215873718261719
2992,0.015210568904876709
2993,0.015202994458377361
2994,0.015196203254163265
2995,0.01518919225782156
2996,0.015175691805779934
2997,0.015165051445364952
2998,0.015159359201788902
2999,0.015152288600802422
3000,0.01514594629406929
3001,0.015141100622713566
3002,0.01513715460896492
3003,0.015129908919334412
3004,0.015116937458515167
3005,0.015150807797908783
3006,0.015101536177098751
3007,0.015094052068889141
3008,0.015088077634572983
3009,0.015081839635968208
3010,0.015072686597704887
3011,0.01505330204963684
3012,0.01504050474613905
3013,0.015028657391667366
3014,0.015022926032543182
3015,0.015015985816717148
3016,0.01499672420322895
3017,0.015049051493406296
3018,0.014980142936110497
3019,0.014972567558288574
3020,0.01496855914592743
3021,0.014964294619858265
3022,0.014956803061068058
3023,0.014946551993489265
3024,0.014934834092855453
3025,0.014928325079381466
3026,0.014918247237801552
3027,0.014905102550983429
3028,0.014886116608977318
3029,0.014879466034471989
3030,0.014859072864055634
3031,0.014849059283733368
3032,0.01483954582363367
3033,0.01482608262449503
3034,0.014803837984800339
3035,0.014784387312829494
3036,0.01476120762526989
3037,0.014749148860573769
3038,0.014739890582859516
3039,0.014729510992765427
3040,0.014719790779054165
3041,0.014704481698572636
3042,0.014681531116366386
3043,0.0148910041898489
3044,0.01467004232108593
3045,0.014656678773462772
3046,0.014653563499450684
3047,0.014650211669504642
3048,0.014645244926214218
3049,0.014635992236435413
3050,0.014618045650422573
3051,0.015020432882010937
3052,0.014616942033171654
3053,0.014596078544855118
3054,0.014592567458748817
3055,0.014589861035346985
3056,0.014586564153432846
3057,0.014580706134438515
3058,0.014576601795852184
3059,0.014568907208740711
3060,0.014565211720764637
3061,0.014561752788722515
3062,0.014557676389813423
3063,0.014549577608704567
3064,0.014553296379745007
3065,0.01453840546309948
3066,0.014533869922161102
3067,0.014529586769640446
3068,0.014524556696414948
3069,0.014515619724988937
3070,0.014499075710773468
3071,0.014512347057461739
3072,0.01447666622698307
3073,0.01446844357997179
3074,0.014462732709944248
3075,0.014457575976848602
3076,0.014454348012804985
3077,0.014447771944105625
3078,0.014440920203924179
3079,0.014434145763516426
3080,0.014426535926759243
3081,0.0144132599234581
3082,0.014404283836483955
3083,0.014388911426067352
3084,0.014383801259100437
3085,0.014376875013113022
3086,0.01436968706548214
3087,0.014355989173054695
3088,0.014369363896548748
3089,0.014339016750454903
3090,0.014331275597214699
3091,0.01432533748447895
3092,0.014320098794996738
3093,0.014311238192021847
3094,0.014295544475317001
3095,0.014279666356742382
3096,0.014269968494772911
3097,0.014259173534810543
3098,0.014252910390496254
3099,0.014242669567465782
3100,0.014228538610041142
3101,0.01421663910150528
3102,0.01420534960925579
3103,0.014195090159773827
3104,0.014188356697559357
3105,0.014179696328938007
3106,0.014233257621526718
3107,0.014171851798892021
3108,0.014166079461574554
3109,0.014163238927721977
3110,0.014160565100610256
3111,0.01415724866092205
3112,0.014149580150842667
3113,0.014138787053525448
3114,0.01413097232580185
3115,0.014122148975729942
3116,0.01411627046763897
3117,0.014103759080171585
3118,0.014087837189435959
3119,0.01408767607063055
3120,0.01407252624630928
3121,0.01406791526824236
3122,0.014064022339880466
3123,0.014057574793696404
3124,0.014044856652617455
3125,0.01403539627790451
3126,0.014022755436599255
3127,0.014018304646015167
3128,0.014010464772582054
3129,0.014007152058184147
3130,0.014002672396600246
3131,0.013996156863868237
3132,0.013990864157676697
3133,0.013986638747155666
3134,0.013979746960103512
3135,0.013991938903927803
3136,0.013967867009341717
3137,0.013963006436824799
3138,0.013958727940917015
3139,0.01395372487604618
3140,0.013944452628493309
3141,0.013931529596447945
3142,0.013918131589889526
3143,0.013909148052334785
3144,0.01389679592102766
3145,0.013889618217945099
3146,0.013873502612113953
3147,0.013858919963240623
3148,0.013848886825144291
3149,0.013842068612575531
3150,0.013826854526996613
3151,0.013818729668855667
3152,0.013810441829264164
3153,0.013801006600260735
3154,0.013792954385280609
3155,0.013782038353383541
3156,0.013803958892822266
3157,0.013766893185675144
3158,0.013759332709014416
3159,0.013751295395195484
3160,0.01374323945492506
3161,0.01373569667339325
3162,0.013723993673920631
3163,0.013711245730519295
3164,0.013695063069462776
3165,0.013686061836779118
3166,0.013673783279955387
3167,0.013670254498720169
3168,0.01366722397506237
3169,0.013662440702319145
3170,0.013652467168867588
3171,0.013639792799949646
3172,0.013632824644446373
3173,0.013627978973090649
3174,0.013624420389533043
3175,0.01362091675400734
3176,0.013614708557724953
3177,0.013602787628769875
3178,0.013599617406725883
3179,0.013589381240308285
3180,0.013584844768047333
3181,0.013581469655036926
3182,0.013578172773122787
3183,0.013574333861470222
3184,0.013569911010563374
3185,0.01356276124715805
3186,0.013557394035160542
3187,0.01355123333632946
3188,0.01354319415986538
3189,0.013542743399739265
3190,0.013533096760511398
3191,0.01352990698069334
3192,0.01352690253406763
3193,0.01352369599044323
3194,0.013517373241484165
3195,0.01352937426418066
3196,0.013509857468307018
3197,0.013506980612874031
3198,0.013505101203918457
3199,0.013502261601388454
3200,0.01349804550409317
3201,0.013490205630660057
3202,0.013485200703144073
3203,0.013471568003296852
3204,0.013464251533150673
3205,0.013457803055644035
3206,0.013452060520648956
3207,0.013445142656564713
3208,0.01343611441552639
3209,0.013429525308310986
3210,0.013419633731245995
3211,0.013407357968389988
3212,0.013423347845673561
3213,0.013393821194767952
3214,0.013388886116445065
3215,0.01338551938533783
3216,0.013382798060774803
3217,0.013377093710005283
3218,0.013385429978370667
3219,0.013365664519369602
3220,0.013362297788262367
3221,0.013359887525439262
3222,0.013356178998947144
3223,0.013346986845135689
3224,0.013332461938261986
3225,0.01336388848721981
3226,0.013321034610271454
3227,0.013316480442881584
3228,0.013313623145222664
3229,0.013309316709637642
3230,0.013302190229296684
3231,0.013292087242007256
3232,0.013283129781484604
3233,0.013271675445139408
3234,0.013263091444969177
3235,0.01325804553925991
3236,0.013253660872578621
3237,0.013247608207166195
3238,0.013234332203865051
3239,0.013240162283182144
3240,0.013216913677752018
3241,0.01321098767220974
3242,0.013210263103246689
3243,0.013199947774410248
3244,0.013194093480706215
3245,0.01318762730807066
3246,0.013181589543819427
3247,0.013169203884899616
3248,0.013151248916983604
3249,0.01314719207584858
3250,0.013134455308318138
3251,0.013128353282809258
3252,0.013122794218361378
3253,0.013116519898176193
3254,0.01310874242335558
3255,0.0130997933447361
3256,0.013089247047901154
3257,0.013102668337523937
3258,0.013074731454253197
3259,0.013069352135062218
3260,0.01306612603366375
3261,0.013062311336398125
3262,0.013057773001492023
3263,0.013053527101874352
3264,0.01304782833904028
3265,0.013040239922702312
3266,0.013033628463745117
3267,0.013027682900428772
3268,0.01302340067923069
3269,0.01301618106663227
3270,0.013012337498366833
3271,0.013007438741624355
3272,0.013000656850636005
3273,0.0129967350512743
3274,0.012987099587917328
3275,0.012980008497834206
3276,0.012971227988600731
3277,0.012960804626345634
3278,0.012946758419275284
3279,0.012929674237966537
3280,0.012989392504096031
3281,0.012911778874695301
3282,0.012902945280075073
3283,0.012896943837404251
3284,0.012889135628938675
3285,0.012880600988864899
3286,0.012870727106928825
3287,0.012861421331763268
3288,0.012849580496549606
3289,0.012840669602155685
3290,0.012831389904022217
3291,0.012822499498724937
3292,0.012813575565814972
3293,0.012807399034500122
3294,0.012800212018191814
3295,0.012789405882358551
3296,0.012783109210431576
3297,0.01277353335171938
3298,0.012768303975462914
3299,0.012765314429998398
3300,0.012760794721543789
3301,0.012749445624649525
3302,0.01274101436138153
3303,0.012734520249068737
3304,0.01273023709654808
3305,0.012727512046694756
3306,0.012721015140414238
3307,0.012705717235803604
3308,0.012734595686197281
3309,0.012683340348303318
3310,0.01267278753221035
3311,0.012665585614740849
3312,0.012655764818191528
3313,0.012640517204999924
3314,0.012656988576054573
3315,0.01261952519416809
3316,0.01260884664952755
3317,0.012599606066942215
3318,0.012592598795890808
3319,0.012592492625117302
3320,0.01258461456745863
3321,0.012581554241478443
3322,0.012578010559082031
3323,0.012574180960655212
3324,0.012569013983011246
3325,0.012584852986037731
3326,0.012560606002807617
3327,0.01255664974451065
3328,0.012553418055176735
3329,0.012549991719424725
3330,0.01254600752145052
3331,0.012538115493953228
3332,0.012529011815786362
3333,0.01251685619354248
3334,0.012511266395449638
3335,0.012498963624238968
3336,0.012491846457123756
3337,0.012485917657613754
3338,0.012478494085371494
3339,0.012473808601498604
3340,0.012466633692383766
3341,0.01245737262070179
3342,0.012446343898773193
3343,0.012446252629160881
3344,0.012428505346179008
3345,0.012421248480677605
3346,0.012413994409143925
3347,0.012405430898070335
3348,0.012402154505252838
3349,0.012393897399306297
3350,0.012389082461595535
3351,0.012384944595396519
3352,0.012381443753838539
3353,0.012374352663755417
3354,0.012369503267109394
3355,0.012362286448478699
3356,0.012359476648271084
3357,0.012354373000562191
3358,0.012347793206572533
3359,0.012334071099758148
3360,0.012323707342147827
3361,0.012316444888710976
3362,0.012310353107750416
3363,0.01230529509484768
3364,0.012298577465116978
3365,0.012287539429962635
3366,0.012284214608371258
3367,0.012271754443645477
3368,0.012266958132386208
3369,0.012262716889381409
3370,0.012256838381290436
3371,0.012246953323483467
3372,0.012246347963809967
3373,0.012234946712851524
3374,0.01223205029964447
3375,0.012230375781655312
3376,0.012228193692862988
3377,0.012222561985254288
3378,0.012212797068059444
3379,0.012260045856237411
3380,0.012200876139104366
3381,0.012193378061056137
3382,0.012188220396637917
3383,0.01218347903341055
3384,0.012181123718619347
3385,0.012175202369689941
3386,0.012171315960586071
3387,0.012168169021606445
3388,0.012164643034338951
3389,0.012158067896962166
3390,0.012157049030065536
3391,0.01214512437582016
3392,0.012140202336013317
3393,0.012135718017816544
3394,0.012131286785006523
3395,0.012124214321374893
3396,0.012113184668123722
3397,0.012105914764106274
3398,0.012093382887542248
3399,0.012086079455912113
3400,0.012081295251846313
3401,0.0120778176933527
3402,0.012071456760168076
3403,0.012568471021950245
3404,0.01208227314054966
3405,0.0120591651648283
3406,0.012055833823978901
3407,0.012053236365318298
3408,0.012050915509462357
3409,0.012048108503222466
3410,0.012040365487337112
3411,0.012031691148877144
3412,0.012026888318359852
3413,0.012019077315926552
3414,0.012012425810098648
3415,0.011999613605439663
3416,0.011994468048214912
3417,0.011982682161033154
3418,0.011978860944509506
3419,0.011975696310400963
3420,0.011971822939813137
3421,0.011976681649684906
3422,0.011962894350290298
3423,0.011958638206124306
3424,0.01195453479886055
3425,0.011950774118304253
3426,0.011949166655540466
3427,0.011945029720664024
3428,0.011942032724618912
3429,0.011938177049160004
3430,0.011933835223317146
3431,0.011927301064133644
3432,0.011917995288968086
3433,0.011908424086868763
3434,0.011908695101737976
3435,0.011897282674908638
3436,0.011893099173903465
3437,0.01188948005437851
3438,0.011885777115821838
3439,0.011887896806001663
3440,0.011880810372531414
3441,0.011878475546836853
3442,0.011875960975885391
3443,0.011873363517224789
3444,0.01186988316476345
3445,0.011862989515066147
3446,0.011864641681313515
3447,0.01185288093984127
3448,0.011850249022245407
3449,0.011848442256450653
3450,0.011845427565276623
3451,0.01183913554996252
3452,0.011838322505354881
3453,0.011827884241938591
3454,0.011822773143649101
3455,0.01181848905980587
3456,0.01181427575647831
3457,0.011806722730398178
3458,0.011799746192991734
3459,0.011788123287260532
3460,0.01178200077265501
3461,0.011770793236792088
3462,0.011763415299355984
3463,0.011764243245124817
3464,0.011752856895327568
3465,0.011748557910323143
3466,0.011744384653866291
3467,0.011739418841898441
3468,0.011730043217539787
3469,0.011726265773177147
3470,0.011711287312209606
3471,0.011704917997121811
3472,0.011699186637997627
3473,0.011692525818943977
3474,0.011681628413498402
3475,0.011678148061037064
3476,0.011665118858218193
3477,0.011658471077680588
3478,0.011654266156256199
3479,0.011649725027382374
3480,0.011640102602541447
3481,0.01163187250494957
3482,0.01162542961537838
3483,0.011621043086051941
3484,0.011616982519626617
3485,0.011608405038714409
3486,0.011596951633691788
3487,0.011608496308326721
3488,0.01158474013209343
3489,0.01158082578331232
3490,0.011577259749174118
3491,0.01157199777662754
3492,0.01156699936836958
3493,0.01156183984130621
3494,0.0115565350279212
3495,0.011550414375960827
3496,0.011540703475475311
3497,0.011539511382579803
3498,0.011528706178069115
3499,0.011525219306349754
3500,0.011522704735398293
3501,0.01152024045586586
3502,0.011515866965055466
3503,0.011510737240314484
3504,0.01150737889111042
3505,0.011500452645123005
3506,0.011495614424347878
3507,0.01149126049131155
3508,0.011483559384942055
3509,0.011478058993816376
3510,0.0114741250872612
3511,0.011470524594187737
3512,0.011465806514024734
3513,0.011459887027740479
3514,0.01145249605178833
3515,0.011445760726928711
3516,0.011439657770097256
3517,0.011432180181145668
3518,0.011424451135098934
3519,0.011418399401009083
3520,0.01141110435128212
3521,0.011400040239095688
3522,0.011419352144002914
3523,0.011388961225748062
3524,0.011384617537260056
3525,0.011381563730537891
3526,0.011377200484275818
3527,0.011368357576429844
3528,0.011370652355253696
3529,0.01135430857539177
3530,0.011349519714713097
3531,0.011345723643898964
3532,0.011340320110321045
3533,0.01132935844361782
3534,0.011317030526697636
3535,0.011311331763863564
3536,0.011304300278425217
3537,0.011299872770905495
3538,0.011291256174445152
3539,0.011321688070893288
3540,0.011281844228506088
3541,0.01127710472792387
3542,0.011273665353655815
3543,0.011268447153270245
3544,0.011264260858297348
3545,0.01125818770378828
3546,0.011254755780100822
3547,0.011250432580709457
3548,0.011243456043303013
3549,0.011231562122702599
3550,0.011225339025259018
3551,0.01121728215366602
3552,0.011212410405278206
3553,0.011209407821297646
3554,0.01120341382920742
3555,0.011196569539606571
3556,0.011190485209226608
3557,0.011187403462827206
3558,0.011181887239217758
3559,0.011177053675055504
3560,0.011170645244419575
3561,0.0111679807305336
3562,0.011160515248775482
3563,0.011156361550092697
3564,0.011153094470500946
3565,0.011148329824209213
3566,0.011147145181894302
3567,0.011138932779431343
3568,0.011134995147585869
3569,0.011130676604807377
3570,0.011125328950583935
3571,0.011118778958916664
3572,0.011113140732049942
3573,0.01110947784036398
3574,0.011105106212198734
3575,0.011101849377155304
3576,0.011098109185695648
3577,0.011095096357166767
3578,0.011089358478784561
3579,0.01108516100794077
3580,0.011077998206019402
3581,0.011078748852014542
3582,0.011067023500800133
3583,0.011062929406762123
3584,0.011059632524847984
3585,0.01105654239654541
3586,0.011050988920032978
3587,0.011066842824220657
3588,0.011043481528759003
3589,0.011040108278393745
3590,0.011037947610020638
3591,0.011035790666937828
3592,0.011033112183213234
3593,0.011028524488210678
3594,0.011021474376320839
3595,0.011016475036740303
3596,0.01101108267903328
3597,0.01100805401802063
3598,0.011005994863808155
3599,0.011003319174051285
3600,0.010996614582836628
3601,0.010990388691425323
3602,0.010994515381753445
3603,0.010974368080496788
3604,0.010968616232275963
3605,0.010961202904582024
3606,0.010954735800623894
3607,0.010949847288429737
3608,0.01094546914100647
3609,0.010939102619886398
3610,0.010931943543255329
3611,0.010923022404313087
3612,0.0109126977622509
3613,0.010904498398303986
3614,0.010911121964454651
3615,0.01089505199342966
3616,0.010890781879425049
3617,0.010886015370488167
3618,0.010880721732974052
3619,0.010873880237340927
3620,0.010871254839003086
3621,0.010860566049814224
3622,0.010856946930289268
3623,0.010853538289666176
3624,0.01085053849965334
3625,0.010843551717698574
3626,0.010849041864275932
3627,0.010833580046892166
3628,0.010830559767782688
3629,0.010827905498445034
3630,0.010824192315340042
3631,0.01081931497901678
3632,0.010814059525728226
3633,0.010808498598635197
3634,0.010804291814565659
3635,0.010799828916788101
3636,0.010796885937452316
3637,0.010794432833790779
3638,0.010783283971250057
3639,0.010776451788842678
3640,0.010769838467240334
3641,0.010765215381979942
3642,0.0107610784471035
3643,0.010758346877992153
3644,0.010751347988843918
3645,0.010747223161160946
3646,0.010739748366177082
3647,0.010737016797065735
3648,0.010732647031545639
3649,0.010730667971074581
3650,0.010728896595537663
3651,0.010724719613790512
3652,0.010716431774199009
3653,0.010706369765102863
3654,0.010727114975452423
3655,0.010695567354559898
3656,0.0106908418238163
3657,0.010686919093132019
3658,0.010681740939617157
3659,0.01067390851676464
3660,0.010678838938474655
3661,0.010662204585969448
3662,0.01065806858241558
3663,0.010654277168214321
3664,0.010649513453245163
3665,0.01064157485961914
3666,0.010627592913806438
3667,0.01061984896659851
3668,0.010610470548272133
3669,0.01060714665800333
3670,0.010602105408906937
3671,0.010594411753118038
3672,0.010579850524663925
3673,0.010578872635960579
3674,0.010564637370407581
3675,0.010560473427176476
3676,0.010554380714893341
3677,0.010548766702413559
3678,0.010544976219534874
3679,0.01053753960877657
3680,0.01053090300410986
3681,0.010526727885007858
3682,0.010520633310079575
3683,0.010514412075281143
3684,0.010508831590414047
3685,0.010503608733415604
3686,0.010498909279704094
3687,0.010494722984731197
3688,0.010498967953026295
3689,0.0104891462251544
3690,0.010486623272299767
3691,0.010484470054507256
3692,0.010482422076165676
3693,0.010479873046278954
3694,0.010474766604602337
3695,0.010469608008861542
3696,0.010465745814144611
3697,0.010460169985890388
3698,0.010454922914505005
3699,0.010447965003550053
3700,0.010572066530585289
3701,0.010445565916597843
3702,0.010437915101647377
3703,0.010435953736305237
3704,0.010434162802994251
3705,0.010432297363877296
3706,0.010428473353385925
3707,0.010420242324471474
3708,0.010414021089673042
3709,0.010409221984446049
3710,0.01040498074144125
3711,0.010402762331068516
3712,0.0103989252820611
3713,0.010391764342784882
3714,0.010409028269350529
3715,0.010382979176938534
3716,0.010379030369222164
3717,0.010375136509537697
3718,0.010369119234383106
3719,0.010360931977629662
3720,0.010351791977882385
3721,0.01034011971205473
3722,0.010334930382668972
3723,0.010326488874852657
3724,0.010320349596440792
3725,0.010308336466550827
3726,0.010448560118675232
3727,0.010301988571882248
3728,0.010293219238519669
3729,0.01029093749821186
3730,0.010288139805197716
3731,0.010284898802638054
3732,0.010280895978212357
3733,0.010275471955537796
3734,0.010270887054502964
3735,0.010266771540045738
3736,0.01026085764169693
3737,0.010254479944705963
3738,0.010251186788082123
3739,0.010245527140796185
3740,0.010240416042506695
3741,0.010236451402306557
3742,0.010232551954686642
3743,0.010226365178823471
3744,0.010221565142273903
3745,0.01021726243197918
3746,0.010213975794613361
3747,0.010207953862845898
3748,0.010204387828707695
3749,0.010199402458965778
3750,0.010192607529461384
3751,0.01018615998327732
3752,0.010181810706853867
3753,0.010177221149206161
3754,0.010174201801419258
3755,0.010168829001486301
3756,0.010263179428875446
3757,0.010165011510252953
3758,0.010158265009522438
3759,0.010155901312828064
3760,0.010153789073228836
3761,0.010151999071240425
3762,0.010148068889975548
3763,0.01014602743089199
3764,0.010137521661818027
3765,0.010134058073163033
3766,0.010130619630217552
3767,0.010126613080501556
3768,0.010119388811290264
3769,0.010108796879649162
3770,0.010099298320710659
3771,0.010092837736010551
3772,0.010088547132909298
3773,0.01008619274944067
3774,0.010082704946398735
3775,0.01007955614477396
3776,0.010075530037283897
3777,0.010071411728858948
3778,0.010065935552120209
3779,0.010057328268885612
3780,0.01005552802234888
3781,0.010042248293757439
3782,0.010035732761025429
3783,0.010029259137809277
3784,0.010033223778009415
3785,0.010021397843956947
3786,0.01001832541078329
3787,0.010015237145125866
3788,0.010011628270149231
3789,0.010006916709244251
3790,0.010018745437264442
3791,0.009996425360441208
3792,0.0099919643253088
3793,0.00998910516500473
3794,0.009987310506403446
3795,0.009985770098865032
3796,0.009981578215956688
3797,0.009976180270314217
3798,0.009972304105758667
3799,0.009967733174562454
3800,0.009963948279619217
3801,0.009958749637007713
3802,0.009953713044524193
3803,0.009948953986167908
3804,0.009945599362254143
3805,0.00994236208498478
3806,0.009939657524228096
3807,0.009935322217643261
3808,0.009928546845912933
3809,0.009920586831867695
3810,0.009939657524228096
3811,0.009915007278323174
3812,0.009912279434502125
3813,0.009910604916512966
3814,0.009908515959978104
3815,0.009905827231705189
3816,0.009901773184537888
3817,0.009902674704790115
3818,0.00989479199051857
3819,0.009891653433442116
3820,0.009888643398880959
3821,0.009885174222290516
3822,0.009879380464553833
3823,0.009870997630059719
3824,0.009864232502877712
3825,0.009859940968453884
3826,0.009855957701802254
3827,0.009852190501987934
3828,0.009848067536950111
3829,0.00984128937125206
3830,0.009836019016802311
3831,0.009831046685576439
3832,0.009823042899370193
3833,0.009832124225795269
3834,0.00981135480105877
3835,0.0098064374178648
3836,0.009801396168768406
3837,0.009796441532671452
3838,0.009791465476155281
3839,0.009787516668438911
3840,0.00977913849055767
3841,0.009769391268491745
3842,0.00976107083261013
3843,0.009752154350280762
3844,0.009751122444868088
3845,0.0097447345033288
3846,0.009741871617734432
3847,0.009738787077367306
3848,0.00973473209887743
3849,0.009728829376399517
3850,0.009719060733914375
3851,0.009709598496556282
3852,0.00970486644655466
3853,0.009700511582195759
3854,0.009697229601442814
3855,0.009692175313830376
3856,0.00968679878860712
3857,0.009681529365479946
3858,0.009677358902990818
3859,0.009673399850726128
3860,0.009667379781603813
3861,0.0096580870449543
3862,0.009655075147747993
3863,0.009644216857850552
3864,0.009639761410653591
3865,0.009637684561312199
3866,0.009635732509195805
3867,0.009630223736166954
3868,0.0096266008913517
3869,0.00961910467594862
3870,0.009615805000066757
3871,0.009612319990992546
3872,0.009608166292309761
3873,0.009602592326700687
3874,0.009596255607903004
3875,0.009588683024048805
3876,0.009582789614796638
3877,0.009577220305800438
3878,0.009571717120707035
3879,0.009565833024680614
3880,0.009570538997650146
3881,0.009560876525938511
3882,0.009558689780533314
3883,0.009556451812386513
3884,0.009552838280797005
3885,0.009547456167638302
3886,0.009538965299725533
3887,0.00952803436666727
3888,0.009523320943117142
3889,0.009514596313238144
3890,0.009510147385299206
3891,0.009506059810519218
3892,0.009500067681074142
3893,0.009498462080955505
3894,0.00949002057313919
3895,0.009485676884651184
3896,0.009481295011937618
3897,0.009477207437157631
3898,0.00950546469539404
3899,0.009473124518990517
3900,0.009469622746109962
3901,0.009466960094869137
3902,0.009463680908083916
3903,0.00946001149713993
3904,0.009454512968659401
3905,0.009463725611567497
3906,0.009446836076676846
3907,0.00944414734840393
3908,0.009441842325031757
3909,0.009439152665436268
3910,0.009433960542082787
3911,0.009437613189220428
3912,0.009425525553524494
3913,0.009422346949577332
3914,0.009418394416570663
3915,0.009416276589035988
3916,0.009410154074430466
3917,0.009405931457877159
3918,0.009402315132319927
3919,0.009399160742759705
3920,0.009392116218805313
3921,0.009403198957443237
3922,0.009385578334331512
3923,0.009383145719766617
3924,0.00938118901103735
3925,0.009378515183925629
3926,0.009374371729791164
3927,0.009368672966957092
3928,0.009377676993608475
3929,0.009361745789647102
3930,0.009359081275761127
3931,0.009356938302516937
3932,0.00935429148375988
3933,0.00935044139623642
3934,0.009343384765088558
3935,0.00948881171643734
3936,0.009340253658592701
3937,0.009331641718745232
3938,0.009329527616500854
3939,0.009326998144388199
3940,0.009323949925601482
3941,0.009319359436631203
3942,0.00935622863471508
3943,0.009313516318798065
3944,0.009309101849794388
3945,0.00930636003613472
3946,0.009303625673055649
3947,0.009300598874688148
3948,0.009294204413890839
3949,0.009304133243858814
3950,0.00928230956196785
3951,0.009278200566768646
3952,0.009275353513658047
3953,0.009272623807191849
3954,0.00926949456334114
3955,0.009265586733818054
3956,0.009263124316930771
3957,0.009258735924959183
3958,0.009256217628717422
3959,0.009253403171896935
3960,0.009251645766198635
3961,0.009248816408216953
3962,0.009244807064533234
3963,0.009237742982804775
3964,0.009232907555997372
3965,0.009226297959685326
3966,0.009222710505127907
3967,0.009218164719641209
3968,0.009214626625180244
3969,0.009207865223288536
3970,0.009201079607009888
3971,0.009194547310471535
3972,0.00918535329401493
3973,0.00918020959943533
3974,0.009174419566988945
3975,0.00916854478418827
3976,0.009164313785731792
3977,0.009157880209386349
3978,0.009150192141532898
3979,0.009138708002865314
3980,0.009130266495049
3981,0.009125221520662308
3982,0.009120996110141277
3983,0.009117183275520802
3984,0.009107718244194984
3985,0.009096456691622734
3986,0.009080585092306137
3987,0.009069137275218964
3988,0.009059494361281395
3989,0.009048046544194221
3990,0.009038188494741917
3991,0.009034443646669388
3992,0.009026126936078072
3993,0.009020701050758362
3994,0.00901743583381176
3995,0.009012543596327305
3996,0.009037038311362267
3997,0.009005594998598099
3998,0.00900171510875225
3999,0.008999300189316273
4000,0.008997185155749321
4001,0.0089938435703516
4002,0.008988160640001297
4003,0.0089816153049469
4004,0.008977845311164856
4005,0.008971411734819412
4006,0.009068362414836884
4007,0.008971145376563072
4008,0.008965816348791122
4009,0.008964267559349537
4010,0.008962424471974373
4011,0.00896005891263485
4012,0.008956708945333958
4013,0.008968580514192581
4014,0.008949823677539825
4015,0.00894641038030386
4016,0.008943825028836727
4017,0.008941751904785633
4018,0.00893905945122242
4019,0.00892992876470089
4020,0.008921995759010315
4021,0.008917390368878841
4022,0.008915471844375134
4023,0.008911059238016605
4024,0.008903855457901955
4025,0.008905956521630287
4026,0.008893165737390518
4027,0.008889068849384785
4028,0.008885783143341541
4029,0.008882306516170502
4030,0.008877892978489399
4031,0.008873517625033855
4032,0.008868430741131306
4033,0.008864973671734333
4034,0.008861065842211246
4035,0.00885523296892643
4036,0.008851132355630398
4037,0.008847235701978207
4038,0.008844209834933281
4039,0.008841987699270248
4040,0.008838235400617123
4041,0.008829794824123383
4042,0.008832002989947796
4043,0.008819581009447575
4044,0.008816400542855263
4045,0.008812992833554745
4046,0.00880872830748558
4047,0.008802133612334728
4048,0.008793164975941181
4049,0.008784241043031216
4050,0.008778753690421581
4051,0.008776392787694931
4052,0.008774835616350174
4053,0.008770514279603958
4054,0.008767437189817429
4055,0.008760448545217514
4056,0.0087658129632473
4057,0.008751691319048405
4058,0.008748910389840603
4059,0.008746452629566193
4060,0.008743315935134888
4061,0.008742121048271656
4062,0.008737873286008835
4063,0.008735519833862782
4064,0.008733410388231277
4065,0.008731651119887829
4066,0.008729162625968456
4067,0.008724815212190151
4068,0.008729948662221432
4069,0.008718879893422127
4070,0.008716711774468422
4071,0.0087150689214468
4072,0.008713319897651672
4073,0.008710881695151329
4074,0.008705701678991318
4075,0.008705642074346542
4076,0.008697155863046646
4077,0.00869493093341589
4078,0.008692992851138115
4079,0.008690238930284977
4080,0.008685743436217308
4081,0.008683472871780396
4082,0.008676839992403984
4083,0.008674001321196556
4084,0.008669843897223473
4085,0.008665710687637329
4086,0.008660146035254002
4087,0.00865290965884924
4088,0.00864544976502657
4089,0.008639954030513763
4090,0.008635241538286209
4091,0.008632225915789604
4092,0.008627102710306644
4093,0.008620510809123516
4094,0.008613520301878452
4095,0.008605879731476307
4096,0.00860038585960865
4097,0.008596225641667843
4098,0.008592665195465088
4099,0.00858910009264946
4100,0.00858182180672884
4101,0.00857483595609665
4102,0.008570636622607708
4103,0.00856801774352789
4104,0.008563860319554806
4105,0.008567549288272858
4106,0.0085563063621521
4107,0.008553138934075832
4108,0.008550377562642097
4109,0.008547045290470123
4110,0.008542947471141815
4111,0.008538161404430866
4112,0.008534975349903107
4113,0.008531669154763222
4114,0.008531037718057632
4115,0.00852920114994049
4116,0.008527887053787708
4117,0.008526023477315903
4118,0.008523648604750633
4119,0.008521012961864471
4120,0.008515744470059872
4121,0.008511567488312721
4122,0.008509536273777485
4123,0.008507877588272095
4124,0.008507050573825836
4125,0.008505458012223244
4126,0.008503072895109653
4127,0.00849941000342369
4128,0.008496353402733803
4129,0.008492612279951572
4130,0.00849099736660719
4131,0.008488278836011887
4132,0.008485732600092888
4133,0.008479880169034004
4134,0.008474201895296574
4135,0.008466606959700584
4136,0.008461053483188152
4137,0.008454524911940098
4138,0.008448107168078423
4139,0.008441347628831863
4140,0.00843797903507948
4141,0.008434588089585304
4142,0.008432204835116863
4143,0.008428340777754784
4144,0.008423250168561935
4145,0.008417187258601189
4146,0.008411060087382793
4147,0.008407526649534702
4148,0.008404489606618881
4149,0.008401774801313877
4150,0.00839824415743351
4151,0.008392204530537128
4152,0.008386684581637383
4153,0.008384225890040398
4154,0.00838265847414732
4155,0.008380372077226639
4156,0.008377328515052795
4157,0.00836919154971838
4158,0.008364676497876644
4159,0.008361893706023693
4160,0.008359679020941257
4161,0.00835659634321928
4162,0.008352050557732582
4163,0.008347591385245323
4164,0.00834440067410469
4165,0.008340930566191673
4166,0.008338813669979572
4167,0.008333375677466393
4168,0.00833852868527174
4169,0.008324251510202885
4170,0.008320963941514492
4171,0.008318381384015083
4172,0.00831615924835205
4173,0.008312661200761795
4174,0.008313177153468132
4175,0.008306942880153656
4176,0.008304792456328869
4177,0.008303230628371239
4178,0.00830191932618618
4179,0.00829889066517353
4180,0.008295200765132904
4181,0.008292248472571373
4182,0.008291593752801418
4183,0.008288814686238766
4184,0.00828657578676939
4185,0.008284464478492737
4186,0.00828135572373867
4187,0.0082772271707654
4188,0.008272453211247921
4189,0.008307906799018383
4190,0.00826770719140768
4191,0.008264252915978432
4192,0.00826186966150999
4193,0.008257524110376835
4194,0.008253678679466248
4195,0.008249182254076004
4196,0.008244791999459267
4197,0.00824163481593132
4198,0.008237821981310844
4199,0.008232779800891876
4200,0.008229861035943031
4201,0.00822523795068264
4202,0.008221259340643883
4203,0.008219149895012379
4204,0.008216498419642448
4205,0.008213462308049202
4206,0.008209501393139362
4207,0.008206866681575775
4208,0.008204516023397446
4209,0.008202746510505676
4210,0.008199188858270645
4211,0.008196908049285412
4212,0.008191455155611038
4213,0.008187416009604931
4214,0.008183307945728302
4215,0.008177915588021278
4216,0.008172772824764252
4217,0.008167661726474762
4218,0.008165312930941582
4219,0.008160180412232876
4220,0.00815686583518982
4221,0.008159521967172623
4222,0.008151410147547722
4223,0.008149095810949802
4224,0.008147437125444412
4225,0.008146078325808048
4226,0.008143343031406403
4227,0.008141882717609406
4228,0.008137096650898457
4229,0.008135354146361351
4230,0.00813361257314682
4231,0.008131096139550209
4232,0.008128625340759754
4233,0.00812341459095478
4234,0.00812006089836359
4235,0.00811771210283041
4236,0.008116018027067184
4237,0.008115202188491821
4238,0.008113321848213673
4239,0.008112006820738316
4240,0.00810939259827137
4241,0.008105304092168808
4242,0.008098662830889225
4243,0.008110065944492817
4244,0.008090835995972157
4245,0.008087782189249992
4246,0.00808579009026289
4247,0.008084147237241268
4248,0.008080949075520039
4249,0.00807718001306057
4250,0.008074487559497356
4251,0.00807062815874815
4252,0.008066818118095398
4253,0.008063885383307934
4254,0.008060604333877563
4255,0.00805861596018076
4256,0.008055570535361767
4257,0.008053423836827278
4258,0.008049878291785717
4259,0.008047360926866531
4260,0.008041969500482082
4261,0.008038115687668324
4262,0.008035335689783096
4263,0.008032855577766895
4264,0.008029531687498093
4265,0.008025040850043297
4266,0.008019652217626572
4267,0.008015360683202744
4268,0.008011147379875183
4269,0.008007824420928955
4270,0.008004659786820412
4271,0.008000750094652176
4272,0.007994108833372593
4273,0.007987869903445244
4274,0.007982773706316948
4275,0.00812496617436409
4276,0.00798354297876358
4277,0.00797596387565136
4278,0.007973913103342056
4279,0.007971536368131638
4280,0.007969080470502377
4281,0.007966015487909317
4282,0.00796428695321083
4283,0.007957984693348408
4284,0.007953648455440998
4285,0.007950096391141415
4286,0.007947353646159172
4287,0.007942833937704563
4288,0.007937552407383919
4289,0.007933543063700199
4290,0.007928317412734032
4291,0.00792439840734005
4292,0.007918942719697952
4293,0.007911709137260914
4294,0.007906683720648289
4295,0.007902335375547409
4296,0.007896996103227139
4297,0.007893333211541176
4298,0.007887845858931541
4299,0.007881587371230125
4300,0.007877044379711151
4301,0.007874060422182083
4302,0.00787020567804575
4303,0.007866754196584225
4304,0.007860558107495308
4305,0.007874405942857265
4306,0.007854192517697811
4307,0.007851388305425644
4308,0.007849279791116714
4309,0.007846644148230553
4310,0.007842523977160454
4311,0.00783632043749094
4312,0.007875723764300346
4313,0.007831067778170109
4314,0.007827512919902802
4315,0.007825812324881554
4316,0.007823093794286251
4317,0.007819023914635181
4318,0.007814891636371613
4319,0.0078103914856910706
4320,0.007806030102074146
4321,0.0078023397363722324
4322,0.0077972980216145515
4323,0.0077936528250575066
4324,0.0077899908646941185
4325,0.007786608301103115
4326,0.007784591056406498
4327,0.007780959364026785
4328,0.007774903904646635
4329,0.007837902754545212
4330,0.007772406563162804
4331,0.007768614217638969
4332,0.007767647039145231
4333,0.007766758091747761
4334,0.007765272166579962
4335,0.0077628945000469685
4336,0.0077591631561517715
4337,0.007764207664877176
4338,0.007753996178507805
4339,0.007752005942165852
4340,0.007750698830932379
4341,0.0077493758872151375
4342,0.007747246418148279
4343,0.007741795387119055
4344,0.007747171446681023
4345,0.007734445855021477
4346,0.00773227633908391
4347,0.007730492390692234
4348,0.0077280509285628796
4349,0.007724542170763016
4350,0.007719603832811117
4351,0.007719217799603939
4352,0.007714088074862957
4353,0.007712638005614281
4354,0.007711118087172508
4355,0.007709639612585306
4356,0.007706081960350275
4357,0.007703660521656275
4358,0.007701266556978226
4359,0.0076984623447060585
4360,0.007696274667978287
4361,0.007694357540458441
4362,0.007692066021263599
4363,0.00768953375518322
4364,0.007687008008360863
4365,0.007683616131544113
4366,0.007680138107389212
4367,0.007676628418266773
4368,0.00767349312081933
4369,0.0076697757467627525
4370,0.007666515652090311
4371,0.007663539610803127
4372,0.007660164497792721
4373,0.007656257599592209
4374,0.007649530656635761
4375,0.007646884769201279
4376,0.0076401736587285995
4377,0.0076369415037333965
4378,0.007633919827640057
4379,0.00763001898303628
4380,0.007623413112014532
4381,0.007613489404320717
4382,0.00761517696082592
4383,0.007605548016726971
4384,0.007603699341416359
4385,0.007602641358971596
4386,0.007601190824061632
4387,0.007599255070090294
4388,0.007595798932015896
4389,0.007616565562784672
4390,0.0075884731486439705
4391,0.007586914114654064
4392,0.00758327916264534
4393,0.007581901736557484
4394,0.007579805329442024
4395,0.00757751427590847
4396,0.007570432499051094
4397,0.007563943509012461
4398,0.00755917327478528
4399,0.007556322030723095
4400,0.0075533692725002766
4401,0.007550832349807024
4402,0.007546842098236084
4403,0.007540587801486254
4404,0.007531971205025911
4405,0.007527271285653114
4406,0.007522886618971825
4407,0.007520969025790691
4408,0.0075178202241659164
4409,0.007517335005104542
4410,0.007514255587011576
4411,0.007512458134442568
4412,0.0075105931609869
4413,0.007508605252951384
4414,0.007504667155444622
4415,0.007504898123443127
4416,0.007494587916880846
4417,0.007490873336791992
4418,0.007488129660487175
4419,0.0074855913408100605
4420,0.007480890490114689
4421,0.007481432519853115
4422,0.007471510674804449
4423,0.007468096911907196
4424,0.0074656070210039616
4425,0.0074629224836826324
4426,0.007458849810063839
4427,0.007453844882547855
4428,0.0074506523087620735
4429,0.007448370102792978
4430,0.007444904185831547
4431,0.007440350949764252
4432,0.007435223087668419
4433,0.007431427948176861
4434,0.007428557612001896
4435,0.007426414638757706
4436,0.00742480531334877
4437,0.0074232579208910465
4438,0.007420816458761692
4439,0.007417719811201096
4440,0.007412837352603674
4441,0.007409511134028435
4442,0.007403763011097908
4443,0.007400686852633953
4444,0.007399188820272684
4445,0.007396688684821129
4446,0.0073946742340922356
4447,0.007392397150397301
4448,0.007390055805444717
4449,0.0073870206251740456
4450,0.007382601033896208
4451,0.007376972585916519
4452,0.007372075226157904
4453,0.007395666558295488
4454,0.007367470767349005
4455,0.007364860735833645
4456,0.007363131735473871
4457,0.007359808310866356
4458,0.007360168267041445
4459,0.007353669963777065
4460,0.00735154002904892
4461,0.0073495046235620975
4462,0.007347459904849529
4463,0.00734744081273675
4464,0.0073436168022453785
4465,0.007341983262449503
4466,0.007340523414313793
4467,0.007339112926274538
4468,0.007336154580116272
4469,0.00734670739620924
4470,0.007330435793846846
4471,0.007327929139137268
4472,0.007326154038310051
4473,0.007324109319597483
4474,0.007321016862988472
4475,0.007316347677260637
4476,0.00731414370238781
4477,0.007310244254767895
4478,0.007308568339794874
4479,0.0073070647194981575
4480,0.0073047811165452
4481,0.007301821373403072
4482,0.0072996048256754875
4483,0.00729723833501339
4484,0.007294869050383568
4485,0.007294020615518093
4486,0.007292584981769323
4487,0.007291674613952637
4488,0.007289221044629812
4489,0.007287798449397087
4490,0.007285939529538155
4491,0.007283185143023729
4492,0.0072787110693752766
4493,0.0072778379544615746
4494,0.007271701004356146
4495,0.0072697787545621395
4496,0.007267748937010765
4497,0.0072677964344620705
4498,0.007265591528266668
4499,0.007264660205692053
4500,0.00726371118798852
4501,0.007262831553816795
4502,0.0072610024362802505
4503,0.007257279008626938
4504,0.007254166528582573
4505,0.007251860108226538
4506,0.007249703165143728
4507,0.007248295471072197
4508,0.0072457618080079556
4509,0.007243219763040543
4510,0.007240925915539265
4511,0.007239085156470537
4512,0.007237243466079235
4513,0.007235127501189709
4514,0.007231409195810556
4515,0.007225854322314262
4516,0.007221697364002466
4517,0.007217490114271641
4518,0.007215460762381554
4519,0.007211729884147644
4520,0.007207539398223162
4521,0.007200503721833229
4522,0.007202973589301109
4523,0.0071938117034733295
4524,0.0071921274065971375
4525,0.007190919481217861
4526,0.007189727853983641
4527,0.0071867723017930984
4528,0.007181466091424227
4529,0.007176235783845186
4530,0.007173039950430393
4531,0.007169930264353752
4532,0.007167994976043701
4533,0.0071625784039497375
4534,0.007157932035624981
4535,0.0071548959240317345
4536,0.007153240032494068
4537,0.007151549682021141
4538,0.007150397170335054
4539,0.007147824391722679
4540,0.007143313996493816
4541,0.007144522853195667
4542,0.007137740030884743
4543,0.00713620288297534
4544,0.007135151885449886
4545,0.007133916951715946
4546,0.007131345570087433
4547,0.007128235884010792
4548,0.007125288713723421
4549,0.007121960166841745
4550,0.007119316607713699
4551,0.007123115006834269
4552,0.0071161468513309956
4553,0.007114512845873833
4554,0.007113007828593254
4555,0.007111671380698681
4556,0.007109454832971096
4557,0.007104719989001751
4558,0.007103276904672384
4559,0.007095572538673878
4560,0.007091235369443893
4561,0.007086561527103186
4562,0.007090686820447445
4563,0.007081328891217709
4564,0.007078746799379587
4565,0.007076539099216461
4566,0.00707466434687376
4567,0.007072677835822105
4568,0.0070726098492741585
4569,0.007068923208862543
4570,0.007066668476909399
4571,0.007063928060233593
4572,0.007060771342366934
4573,0.007056373171508312
4574,0.007072167936712503
4575,0.0070509170182049274
4576,0.007048163563013077
4577,0.007046009413897991
4578,0.0070439730770885944
4579,0.007039997726678848
4580,0.007036320865154266
4581,0.007032313384115696
4582,0.0070298099890351295
4583,0.0070274146273732185
4584,0.0070245759561657906
4585,0.0070222243666648865
4586,0.007017633877694607
4587,0.00701628252863884
4588,0.007009321823716164
4589,0.0070065599866211414
4590,0.007003939710557461
4591,0.007000104524195194
4592,0.006993214134126902
4593,0.00698834378272295
4594,0.006987673230469227
4595,0.006983787752687931
4596,0.006981986574828625
4597,0.006980190984904766
4598,0.006977906450629234
4599,0.006974199786782265
4600,0.0069825127720832825
4601,0.006967354100197554
4602,0.006963899824768305
4603,0.006959898862987757
4604,0.006955638527870178
4605,0.006990193855017424
4606,0.006952282041311264
4607,0.006949101109057665
4608,0.006947512272745371
4609,0.006945502944290638
4610,0.006943621672689915
4611,0.00693983631208539
4612,0.006933632306754589
4613,0.006931670941412449
4614,0.006925657857209444
4615,0.0069226427003741264
4616,0.0069207558408379555
4617,0.006919142324477434
4618,0.0069176433607935905
4619,0.006915527395904064
4620,0.00691255321726203
4621,0.006907852366566658
4622,0.006914904806762934
4623,0.0069006672129035
4624,0.006897543556988239
4625,0.006895490922033787
4626,0.006893941201269627
4627,0.006891496479511261
4628,0.0068867322988808155
4629,0.006881583482027054
4630,0.006878848187625408
4631,0.006875461898744106
4632,0.006873399019241333
4633,0.006868827622383833
4634,0.006866023875772953
4635,0.0068611809983849525
4636,0.006858951412141323
4637,0.006857005879282951
4638,0.006854947190731764
4639,0.0068518538028001785
4640,0.006849269382655621
4641,0.00684758834540844
4642,0.006845708936452866
4643,0.00684497831389308
4644,0.006843306124210358
4645,0.0068404278717935085
4646,0.006836660206317902
4647,0.006841312628239393
4648,0.006831977982074022
4649,0.006830394268035889
4650,0.006829277612268925
4651,0.006827917881309986
4652,0.0068253581412136555
4653,0.006821999326348305
4654,0.006817360874265432
4655,0.006815148517489433
4656,0.006811961997300386
4657,0.006810006685554981
4658,0.006804948206990957
4659,0.006806752644479275
4660,0.006797908805310726
4661,0.006795985624194145
4662,0.006794477812945843
4663,0.006791651248931885
4664,0.006785956211388111
4665,0.006785530596971512
4666,0.006778606213629246
4667,0.006775119807571173
4668,0.006772604305297136
4669,0.006778170354664326
4670,0.006769649218767881
4671,0.006767629645764828
4672,0.00676494836807251
4673,0.0067617204040288925
4674,0.006758471019566059
4675,0.006755371578037739
4676,0.006752351764589548
4677,0.006750870496034622
4678,0.006747785024344921
4679,0.0067450059577822685
4680,0.006740519776940346
4681,0.006736947223544121
4682,0.0067343562841415405
4683,0.006732030771672726
4684,0.006730645429342985
4685,0.0067273350432515144
4686,0.006721902638673782
4687,0.006732745096087456
4688,0.006715497467666864
4689,0.006712644826620817
4690,0.006710712797939777
4691,0.006708529777824879
4692,0.006705248262733221
4693,0.006711461115628481
4694,0.006700911559164524
4695,0.006699238438159227
4696,0.006697901524603367
4697,0.0066962409764528275
4698,0.006692860741168261
4699,0.006687166169285774
4700,0.006681995932012796
4701,0.006678241770714521
4702,0.006675008684396744
4703,0.006672528572380543
4704,0.0066704959608614445
4705,0.006668839603662491
4706,0.006667181383818388
4707,0.006664387881755829
4708,0.006660140585154295
4709,0.006656027864664793
4710,0.00665226299315691
4711,0.00664643244817853
4712,0.006670848466455936
4713,0.006641054060310125
4714,0.006638041231781244
4715,0.006636409554630518
4716,0.0066351694986224174
4717,0.006633717566728592
4718,0.006630559917539358
4719,0.006624605506658554
4720,0.0066206445917487144
4721,0.00661570206284523
4722,0.006612478755414486
4723,0.006611363496631384
4724,0.0066080885007977486
4725,0.006606152281165123
4726,0.006603697780519724
4727,0.006601244676858187
4728,0.006599894259124994
4729,0.0065966104157269
4730,0.006594199221581221
4731,0.00659206323325634
4732,0.006590353325009346
4733,0.006588068790733814
4734,0.006584557704627514
4735,0.006580786779522896
4736,0.006579236127436161
4737,0.0065773120149970055
4738,0.006575847044587135
4739,0.006572405807673931
4740,0.006566417869180441
4741,0.006563224829733372
4742,0.00655628927052021
4743,0.006553565617650747
4744,0.0065496861934661865
4745,0.00654604472219944
4746,0.006548678502440453
4747,0.006540204863995314
4748,0.006538283079862595
4749,0.006537061184644699
4750,0.0065354579128324986
4751,0.006531930062919855
4752,0.006539464928209782
4753,0.006526530254632235
4754,0.006524402182549238
4755,0.006523176562041044
4756,0.006522061303257942
4757,0.006520367227494717
4758,0.006519467569887638
4759,0.006514937616884708
4760,0.006512234453111887
4761,0.006508822552859783
4762,0.006505071185529232
4763,0.006502777338027954
4764,0.006499910727143288
4765,0.0064985426142811775
4766,0.0064966315403580666
4767,0.006493843160569668
4768,0.006490773521363735
4769,0.006488231476396322
4770,0.006486054509878159
4771,0.006483599543571472
4772,0.006480130832642317
4773,0.0064765578135848045
4774,0.006472430191934109
4775,0.006486536469310522
4776,0.0064690192230045795
4777,0.006467215716838837
4778,0.006466296501457691
4779,0.006465293932706118
4780,0.006464141886681318
4781,0.006460933480411768
4782,0.006456444039940834
4783,0.006454036571085453
4784,0.006452436558902264
4785,0.00645088916644454
4786,0.006448384374380112
4787,0.006445601116865873
4788,0.006442190147936344
4789,0.006438449025154114
4790,0.006435684394091368
4791,0.006433258764445782
4792,0.006429843604564667
4793,0.006424902006983757
4794,0.006421227473765612
4795,0.006418242119252682
4796,0.006416365038603544
4797,0.00641275942325592
4798,0.006411764770746231
4799,0.006406551226973534
4800,0.006404341198503971
4801,0.0064028589986264706
4802,0.006401226855814457
4803,0.006396964192390442
4804,0.006391719914972782
4805,0.006386279594153166
4806,0.006383239291608334
4807,0.0063810935243964195
4808,0.006379714235663414
4809,0.006375309079885483
4810,0.006372546777129173
4811,0.006370223127305508
4812,0.0063665639609098434
4813,0.006364719942212105
4814,0.006362047977745533
4815,0.006359427236020565
4816,0.0063593415543437
4817,0.006352308671921492
4818,0.006349601782858372
4819,0.006346907000988722
4820,0.006345442496240139
4821,0.006343630142509937
4822,0.0063420068472623825
4823,0.006337417289614677
4824,0.006333512254059315
4825,0.006328458432108164
4826,0.006326629780232906
4827,0.006320605520159006
4828,0.006318004801869392
4829,0.006316139362752438
4830,0.006314409896731377
4831,0.0063127377070486546
4832,0.0063104224391281605
4833,0.0063080512918531895
4834,0.00630949018523097
4835,0.006304949522018433
4836,0.006303504109382629
4837,0.006301970686763525
4838,0.006300103850662708
4839,0.00629738625138998
4840,0.006293317303061485
4841,0.006289237178862095
4842,0.00628671795129776
4843,0.0062837619334459305
4844,0.006281237117946148
4845,0.006278012879192829
4846,0.006275116465985775
4847,0.0062730638310313225
4848,0.006270818877965212
4849,0.006269184872508049
4850,0.006266873329877853
4851,0.006264751777052879
4852,0.0062630390748381615
4853,0.006260458379983902
4854,0.0062583452090620995
4855,0.00625540129840374
4856,0.006251531187444925
4857,0.006248233839869499
4858,0.006252709776163101
4859,0.0062448992393910885
4860,0.006243371404707432
4861,0.006242070347070694
4862,0.006240684539079666
4863,0.006239239126443863
4864,0.00623670406639576
4865,0.006233737803995609
4866,0.006229495629668236
4867,0.006226630881428719
4868,0.006223869509994984
4869,0.00622184295207262
4870,0.006217591464519501
4871,0.006233676336705685
4872,0.0062121376395225525
4873,0.006209694780409336
4874,0.0062084682285785675
4875,0.006207432132214308
4876,0.006205419078469276
4877,0.006201086565852165
4878,0.00620103906840086
4879,0.006195853464305401
4880,0.006194415036588907
4881,0.006193011533468962
4882,0.006190797314047813
4883,0.0061891945078969
4884,0.006186073645949364
4885,0.006184362806379795
4886,0.006182512734085321
4887,0.006180496886372566
4888,0.006177964620292187
4889,0.006175503600388765
4890,0.006171105429530144
4891,0.006167232058942318
4892,0.0061667561531066895
4893,0.006160790100693703
4894,0.006158726289868355
4895,0.0061568608507514
4896,0.0061551169492304325
4897,0.006152034737169743
4898,0.006154573522508144
4899,0.006146946921944618
4900,0.0061445157043635845
4901,0.006142373196780682
4902,0.006140589714050293
4903,0.0061376383528113365
4904,0.0061364020220935345
4905,0.006133025046437979
4906,0.00613146647810936
4907,0.006130075082182884
4908,0.00612766295671463
4909,0.006123373284935951
4910,0.006117445416748524
4911,0.006114915944635868
4912,0.006110597867518663
4913,0.0061088670045137405
4914,0.006107212044298649
4915,0.006105039268732071
4916,0.006101696752011776
4917,0.006110874004662037
4918,0.006098955404013395
4919,0.006097458768635988
4920,0.006096585188060999
4921,0.006095636636018753
4922,0.006094319745898247
4923,0.006091759540140629
4924,0.006112586706876755
4925,0.00608860794454813
4926,0.006086226552724838
4927,0.006084915716201067
4928,0.006083936430513859
4929,0.006082709413021803
4930,0.006079716142266989
4931,0.006074610166251659
4932,0.006070234812796116
4933,0.006065331399440765
4934,0.006060095503926277
4935,0.006059189327061176
4936,0.0060572451911866665
4937,0.006056292913854122
4938,0.006054950412362814
4939,0.006053723394870758
4940,0.006051613017916679
4941,0.00605139322578907
4942,0.006046089343726635
4943,0.006043421570211649
4944,0.006041062995791435
4945,0.006039334926754236
4946,0.00603637145832181
4947,0.006030465010553598
4948,0.00603224104270339
4949,0.0060227056965231895
4950,0.006019363179802895
4951,0.006016242317855358
4952,0.006012847647070885
4953,0.006008264608681202
4954,0.006003960967063904
4955,0.006001828238368034
4956,0.005998591426759958
4957,0.005995680578052998
4958,0.005993174854665995
4959,0.005989952012896538
4960,0.005986463278532028
4961,0.00598091259598732
4962,0.005975967273116112
4963,0.005971756763756275
4964,0.005995610728859901
4965,0.0059681362472474575
4966,0.00596579210832715
4967,0.005964417010545731
4968,0.005962207913398743
4969,0.005959165282547474
4970,0.0059549156576395035
4971,0.005956273525953293
4972,0.005950917489826679
4973,0.005949922371655703
4974,0.0059491368010640144
4975,0.005948040634393692
4976,0.00594625249505043
4977,0.005943365395069122
4978,0.005943022668361664
4979,0.0059404391795396805
4980,0.005939604714512825
4981,0.005938944406807423
4982,0.005937947891652584
4983,0.005936325527727604
4984,0.005933478474617004
4985,0.005929483100771904
4986,0.005942652001976967
4987,0.005925057455897331
4988,0.005923287943005562
4989,0.005921866279095411
4990,0.0059209661558270454
4991,0.005919690243899822
4992,0.0059178718365728855
4993,0.005915234796702862
4994,0.005912388674914837
4995,0.005910658277571201
4996,0.005908562336117029
4997,0.005906578153371811
4998,0.005902696400880814
4999,0.005898730829358101
5000,0.005895710550248623
5001,0.005893942434340715
5002,0.005891226232051849
5003,0.005888321902602911
5004,0.005885398015379906
5005,0.005880923941731453
5006,0.005876894108951092
5007,0.0058739869855344296
5008,0.005871756002306938
5009,0.00586953479796648
5010,0.005866502411663532
5011,0.005863075610250235
5012,0.0058610811829566956
5013,0.005858412943780422
5014,0.005855706054717302
5015,0.005851397290825844
5016,0.005848925560712814
5017,0.005844228435307741
5018,0.0058416640385985374
5019,0.005839808844029903
5020,0.0058379159308969975
5021,0.005834388546645641
5022,0.005831622052937746
5023,0.005828338675200939
5024,0.005825902801007032
5025,0.005824536085128784
5026,0.00582235399633646
5027,0.005821107886731625
5028,0.0058176349848508835
5029,0.005815493408590555
5030,0.005813721567392349
5031,0.0058111161924898624
5032,0.0058105820789933205
5033,0.005806915462017059
5034,0.005805735010653734
5035,0.005804881919175386
5036,0.005803612992167473
5037,0.005800300277769566
5038,0.005795889068394899
5039,0.0057930247858166695
5040,0.0057908534072339535
5041,0.005788841284811497
5042,0.005787982139736414
5043,0.005787078756839037
5044,0.005785991437733173
5045,0.005784451495856047
5046,0.005782001186162233
5047,0.005782244727015495
5048,0.005777942482382059
5049,0.005776321515440941
5050,0.0057750605046749115
5051,0.005773802287876606
5052,0.005771922413259745
5053,0.005770394578576088
5054,0.005768186412751675
5055,0.005767255090177059
5056,0.0057652974501252174
5057,0.005763704422861338
5058,0.005761557258665562
5059,0.005758961662650108
5060,0.005757433827966452
5061,0.005755429156124592
5062,0.005754228215664625
5063,0.005751549266278744
5064,0.005748482886701822
5065,0.0057456884533166885
5066,0.005743172485381365
5067,0.0057400064542889595
5068,0.005737505853176117
5069,0.0057342322543263435
5070,0.00573585694655776
5071,0.005730117671191692
5072,0.005728545598685741
5073,0.005727329291403294
5074,0.0057259490713477135
5075,0.005723678041249514
5076,0.005719637963920832
5077,0.005723610054701567
5078,0.005712713114917278
5079,0.005709849298000336
5080,0.005707334727048874
5081,0.005705038085579872
5082,0.005701749585568905
5083,0.005700381007045507
5084,0.005696927197277546
5085,0.0056957765482366085
5086,0.0056949760764837265
5087,0.005693732760846615
5088,0.005692658480256796
5089,0.005689940415322781
5090,0.0056870002299547195
5091,0.005680715665221214
5092,0.00572305079549551
5093,0.005674584768712521
5094,0.00567043898627162
5095,0.005668861325830221
5096,0.0056676436215639114
5097,0.0056651681661605835
5098,0.0056612733751535416
5099,0.005657467991113663
5100,0.005654272623360157
5101,0.005652669817209244
5102,0.005651240702718496
5103,0.0056498097255826
5104,0.005647085607051849
5105,0.005643635056912899
5106,0.005645293742418289
5107,0.005639815703034401
5108,0.005638528149574995
5109,0.005637316964566708
5110,0.005635330453515053
5111,0.005631853360682726
5112,0.0056334990076720715
5113,0.005627215839922428
5114,0.005625775083899498
5115,0.005624629091471434
5116,0.005623035132884979
5117,0.005620368756353855
5118,0.005626740399748087
5119,0.00561646418645978
5120,0.005614722613245249
5121,0.0056135221384465694
5122,0.005612224340438843
5123,0.005610345862805843
5124,0.005607294850051403
5125,0.0056182327680289745
5126,0.005603372119367123
5127,0.005601481534540653
5128,0.005600316449999809
5129,0.00559881329536438
5130,0.0055965855717659
5131,0.005593059118837118
5132,0.005592742003500462
5133,0.005587517283856869
5134,0.005585227161645889
5135,0.005583260208368301
5136,0.005581115838140249
5137,0.005589453503489494
5138,0.005578749347478151
5139,0.00557732442393899
5140,0.005576399154961109
5141,0.005575442686676979
5142,0.005574050825089216
5143,0.005571601912379265
5144,0.00556805357336998
5145,0.005564170889556408
5146,0.00556236831471324
5147,0.005559962242841721
5148,0.005558882374316454
5149,0.005557090975344181
5150,0.005552303045988083
5151,0.005547964945435524
5152,0.005545982625335455
5153,0.005543272010982037
5154,0.005541892722249031
5155,0.005540661979466677
5156,0.005538489669561386
5157,0.0055340430699288845
5158,0.0055326977744698524
5159,0.00552718061953783
5160,0.00552573474124074
5161,0.005524781532585621
5162,0.005523475352674723
5163,0.005520668812096119
5164,0.005520898383110762
5165,0.005516920238733292
5166,0.005515716504305601
5167,0.005514673423022032
5168,0.005513347219675779
5169,0.005510551854968071
5170,0.005506264511495829
5171,0.005503029562532902
5172,0.005501203704625368
5173,0.005499360151588917
5174,0.005497484002262354
5175,0.00549391470849514
5176,0.0054901097901165485
5177,0.005486124195158482
5178,0.0054835425689816475
5179,0.005480872467160225
5180,0.005478460341691971
5181,0.005476292222738266
5182,0.005469988565891981
5183,0.005465003661811352
5184,0.005459439009428024
5185,0.005459479987621307
5186,0.005453525111079216
5187,0.0054514650255441666
5188,0.005449309945106506
5189,0.005447050090879202
5190,0.005444345995783806
5191,0.005452094599604607
5192,0.005442182533442974
5193,0.005441003479063511
5194,0.00544015783816576
5195,0.005439052823930979
5196,0.005437497049570084
5197,0.00543444138020277
5198,0.005434239283204079
5199,0.00542989419773221
5200,0.005428658332675695
5201,0.005427477415651083
5202,0.00542523805052042
5203,0.005422921385616064
5204,0.005420280620455742
5205,0.005419062916189432
5206,0.005417877808213234
5207,0.005416316911578178
5208,0.0054143075831234455
5209,0.005411418154835701
5210,0.005409150384366512
5211,0.00540684862062335
5212,0.005405558738857508
5213,0.005404257215559483
5214,0.005401977803558111
5215,0.005400305613875389
5216,0.005397954024374485
5217,0.005395852494984865
5218,0.005392181687057018
5219,0.005389974918216467
5220,0.0053870417177677155
5221,0.005384604446589947
5222,0.005382076371461153
5223,0.005379154346883297
5224,0.005377664230763912
5225,0.0053727515041828156
5226,0.00536801852285862
5227,0.005381215363740921
5228,0.005362333729863167
5229,0.005359593313187361
5230,0.005359579809010029
5231,0.0053576272912323475
5232,0.005356770474463701
5233,0.005355872213840485
5234,0.005354684311896563
5235,0.005352815147489309
5236,0.005349461454898119
5237,0.005348651669919491
5238,0.005344750825315714
5239,0.005343188997358084
5240,0.0053418707102537155
5241,0.005340013653039932
5242,0.005336522590368986
5243,0.0053341928869485855
5244,0.005331844091415405
5245,0.005330605898052454
5246,0.005329558625817299
5247,0.005327899008989334
5248,0.005326285492628813
5249,0.005324136465787888
5250,0.005322747398167849
5251,0.005321510136127472
5252,0.00531996414065361
5253,0.005317543633282185
5254,0.00531440693885088
5255,0.005311730317771435
5256,0.0053102122619748116
5257,0.005308321677148342
5258,0.005307504441589117
5259,0.005306145641952753
5260,0.005304351914674044
5261,0.005301617085933685
5262,0.005298664327710867
5263,0.005296016111969948
5264,0.005294313654303551
5265,0.005291505716741085
5266,0.005289996042847633
5267,0.005288976244628429
5268,0.005287651903927326
5269,0.005286479368805885
5270,0.005284685641527176
5271,0.005285940133035183
5272,0.005281583871692419
5273,0.005280199460685253
5274,0.005278830416500568
5275,0.00527745857834816
5276,0.00527556985616684
5277,0.005279450211673975
5278,0.005273276474326849
5279,0.005272415932267904
5280,0.005271415691822767
5281,0.00526981707662344
5282,0.005267743021249771
5283,0.0052661350928246975
5284,0.00526248337700963
5285,0.005260314326733351
5286,0.005257501266896725
5287,0.005254807882010937
5288,0.0052508218213915825
5289,0.005249349400401115
5290,0.00524558499455452
5291,0.00524368230253458
5292,0.0052420273423194885
5293,0.00524001382291317
5294,0.005236417520791292
5295,0.005232386291027069
5296,0.005228321999311447
5297,0.005226312205195427
5298,0.005223052576184273
5299,0.005220142658799887
5300,0.00521619338542223
5301,0.005221654660999775
5302,0.0052116340957582
5303,0.005209815688431263
5304,0.005208711139857769
5305,0.00520795863121748
5306,0.005206923931837082
5307,0.005205315537750721
5308,0.005202757194638252
5309,0.005200981628149748
5310,0.005198804661631584
5311,0.005197737365961075
5312,0.005196917802095413
5313,0.005195580422878265
5314,0.005194039549678564
5315,0.005191583186388016
5316,0.0051895189099013805
5317,0.005187457427382469
5318,0.0051850262098014355
5319,0.005183759611099958
5320,0.005182577762752771
5321,0.00518064945936203
5322,0.005178273189812899
5323,0.005175492260605097
5324,0.005175949074327946
5325,0.005173393525183201
5326,0.005172843113541603
5327,0.005172196310013533
5328,0.005171557888388634
5329,0.005170400720089674
5330,0.005168751813471317
5331,0.0051670740358531475
5332,0.005165566224604845
5333,0.0051641641184687614
5334,0.005162338726222515
5335,0.005159343592822552
5336,0.005157916806638241
5337,0.005155515857040882
5338,0.005154092330485582
5339,0.005152719095349312
5340,0.005150981713086367
5341,0.005147537216544151
5342,0.005146333947777748
5343,0.005140196532011032
5344,0.00513741560280323
5345,0.0051346211694180965
5346,0.0051322509534657
5347,0.005128888413310051
5348,0.005125599447637796
5349,0.005122816655784845
5350,0.0051198601722717285
5351,0.005117934197187424
5352,0.00511473324149847
5353,0.005108636803925037
5354,0.005122350063174963
5355,0.005102461203932762
5356,0.005100068636238575
5357,0.0050986455753445625
5358,0.005097328685224056
5359,0.005094967316836119
5360,0.0050905910320580006
5361,0.005092267878353596
5362,0.005085695534944534
5363,0.005084216594696045
5364,0.005083256866782904
5365,0.005082157906144857
5366,0.0050802817568182945
5367,0.005078624468296766
5368,0.005077076144516468
5369,0.005075611174106598
5370,0.005074746441096067
5371,0.005073170177638531
5372,0.005101674702018499
5373,0.005071467254310846
5374,0.005069011822342873
5375,0.005067938007414341
5376,0.0050665466114878654
5377,0.0050652711652219296
5378,0.005063457880169153
5379,0.005070828832685947
5380,0.00506103178486228
5381,0.005059857852756977
5382,0.005059163086116314
5383,0.00505858426913619
5384,0.0050575342029333115
5385,0.005067137535661459
5386,0.00505540706217289
5387,0.0050540585070848465
5388,0.00505352858453989
5389,0.005053077358752489
5390,0.005052636843174696
5391,0.005050884559750557
5392,0.0050485022366046906
5393,0.005046287085860968
5394,0.005043933168053627
5395,0.005040748510509729
5396,0.005040275864303112
5397,0.005037674214690924
5398,0.005035957787185907
5399,0.005033963359892368
5400,0.005032131914049387
5401,0.005029676947742701
5402,0.0050293877720832825
5403,0.00502656027674675
5404,0.0050256522372365
5405,0.0050244745798408985
5406,0.005022324621677399
5407,0.00501946359872818
5408,0.0050202421844005585
5409,0.005016472190618515
5410,0.005015634931623936
5411,0.005014906637370586
5412,0.005013981368392706
5413,0.0050121271051466465
5414,0.005009192042052746
5415,0.0050215646624565125
5416,0.005005913786590099
5417,0.0050042178481817245
5418,0.005003027152270079
5419,0.005001612938940525
5420,0.0050006285309791565
5421,0.004998566582798958
5422,0.004997142590582371
5423,0.004995912313461304
5424,0.0049945637583732605
5425,0.004991963505744934
5426,0.004989853594452143
5427,0.0049881115555763245
5428,0.004987264052033424
5429,0.0049857767298817635
5430,0.004984378814697266
5431,0.00498210871592164
5432,0.004979826044291258
5433,0.004977855831384659
5434,0.0049769459292292595
5435,0.004975985269993544
5436,0.004975255113095045
5437,0.004973564762622118
5438,0.0049711852334439754
5439,0.004975451622158289
5440,0.004968775901943445
5441,0.004967902787029743
5442,0.004967272747308016
5443,0.00496646948158741
5444,0.004964788444340229
5445,0.004961810540407896
5446,0.004962501116096973
5447,0.004957235883921385
5448,0.004955588839948177
5449,0.004954450763761997
5450,0.004953350871801376
5451,0.004952080547809601
5452,0.004950407426804304
5453,0.004947748966515064
5454,0.004947951063513756
5455,0.004944488871842623
5456,0.004943531937897205
5457,0.004942810162901878
5458,0.004941949620842934
5459,0.004940382204949856
5460,0.004937889985740185
5461,0.004935513716191053
5462,0.004933231510221958
5463,0.004931638948619366
5464,0.004930322058498859
5465,0.004928211215883493
5466,0.0049259234219789505
5467,0.0049220360815525055
5468,0.0049192095175385475
5469,0.004916815087199211
5470,0.004915087483823299
5471,0.004911657422780991
5472,0.0049090757966041565
5473,0.004906928166747093
5474,0.004905517213046551
5475,0.004903487861156464
5476,0.004902363289147615
5477,0.004900423344224691
5478,0.004904978442937136
5479,0.004898611456155777
5480,0.004897641483694315
5481,0.0048968605697155
5482,0.0048958975821733475
5483,0.004894400481134653
5484,0.004891269840300083
5485,0.004896322265267372
5486,0.0048882849514484406
5487,0.004887350834906101
5488,0.004886898677796125
5489,0.004886419512331486
5490,0.004885467234998941
5491,0.0048833885230124
5492,0.004884197376668453
5493,0.004880765452980995
5494,0.004880100954324007
5495,0.004879637621343136
5496,0.004878799431025982
5497,0.004876716062426567
5498,0.0048749931156635284
5499,0.004872648976743221
5500,0.004871094599366188
5501,0.004869687370955944
5502,0.004868881776928902
5503,0.004866953939199448
5504,0.004863537382334471
5505,0.004861938301473856
5506,0.004858580883592367
5507,0.0048570651561021805
5508,0.0048561980947852135
5509,0.004854892380535603
5510,0.004853110760450363
5511,0.004852204117923975
5512,0.004850128665566444
5513,0.004848716780543327
5514,0.004847870208323002
5515,0.004846908152103424
5516,0.004845082759857178
5517,0.0048604197800159454
5518,0.004843486472964287
5519,0.004842124879360199
5520,0.004841485992074013
5521,0.004840846173465252
5522,0.004840170033276081
5523,0.004838885739445686
5524,0.004837416112422943
5525,0.004835743457078934
5526,0.004835098050534725
5527,0.004834284540265799
5528,0.004833722487092018
5529,0.004832357633858919
5530,0.004830334335565567
5531,0.004828418139368296
5532,0.004827010445296764
5533,0.0048260800540447235
5534,0.0048255929723382
5535,0.00482500996440649
5536,0.004823778755962849
5537,0.004821659065783024
5538,0.0048206704668700695
5539,0.004819641821086407
5540,0.00481920363381505
5541,0.0048188092187047005
5542,0.00481812097132206
5543,0.0048168194480240345
5544,0.0048162187449634075
5545,0.004814649932086468
5546,0.004813720937818289
5547,0.004812953993678093
5548,0.004811880178749561
5549,0.004809501115232706
5550,0.004808207042515278
5551,0.004805264063179493
5552,0.004803805146366358
5553,0.004802852403372526
5554,0.0048021734692156315
5555,0.00480137811973691
5556,0.004800061229616404
5557,0.004797711502760649
5558,0.004795171320438385
5559,0.004795296583324671
5560,0.00479268841445446
5561,0.004791716113686562
5562,0.0047906734980642796
5563,0.004789014346897602
5564,0.0047871749848127365
5565,0.004785051569342613
5566,0.0047838338650763035
5567,0.004782918840646744
5568,0.004782027564942837
5569,0.004779563285410404
5570,0.004776851274073124
5571,0.004774400033056736
5572,0.004772949032485485
5573,0.004771024454385042
5574,0.004769599065184593
5575,0.004768570885062218
5576,0.004766993224620819
5577,0.004765751771628857
5578,0.0047637359239161015
5579,0.004762439057230949
5580,0.0047612315975129604
5581,0.004760150797665119
5582,0.0047585973516106606
5583,0.004756026901304722
5584,0.0047633047215640545
5585,0.004753606393933296
5586,0.004752640146762133
5587,0.004752090200781822
5588,0.004751440137624741
5589,0.004750407300889492
5590,0.004748574458062649
5591,0.004753289744257927
5592,0.004746662452816963
5593,0.004745663609355688
5594,0.004745067562907934
5595,0.004744493868201971
5596,0.004743591882288456
5597,0.004750601015985012
5598,0.004742528777569532
5599,0.004741602577269077
5600,0.004740750417113304
5601,0.004739859607070684
5602,0.004739054478704929
5603,0.004737719427794218
5604,0.004735670052468777
5605,0.004733951296657324
5606,0.00473239179700613
5607,0.004730562213808298
5608,0.004728790372610092
5609,0.004727174527943134
5610,0.004724798258394003
5611,0.004723059944808483
5612,0.004721079487353563
5613,0.004719816148281097
5614,0.004716955125331879
5615,0.004714531823992729
5616,0.004712061956524849
5617,0.00470922002568841
5618,0.0047213127836585045
5619,0.004706574138253927
5620,0.004705019295215607
5621,0.004704122431576252
5622,0.004702725447714329
5623,0.004700843710452318
5624,0.0046975077129900455
5625,0.004693190101534128
5626,0.0046899085864424706
5627,0.004688233137130737
5628,0.004686659201979637
5629,0.004685862921178341
5630,0.004683921113610268
5631,0.0046820268034935
5632,0.00467940978705883
5633,0.004677817225456238
5634,0.004676396027207375
5635,0.004675049800425768
5636,0.004672319162636995
5637,0.0046697454527020454
5638,0.004667151719331741
5639,0.0046645705588161945
5640,0.004662282764911652
5641,0.004659674596041441
5642,0.0046556913293898106
5643,0.004652852192521095
5644,0.00465145381167531
5645,0.004650676157325506
5646,0.004649005830287933
5647,0.004646410699933767
5648,0.004644561558961868
5649,0.0046415249817073345
5650,0.004638858139514923
5651,0.004637501202523708
5652,0.0046362485736608505
5653,0.004634933080524206
5654,0.004633940756320953
5655,0.004632765892893076
5656,0.004630630370229483
5657,0.004628380294889212
5658,0.00462591927498579
5659,0.004623399116098881
5660,0.0046211532317101955
5661,0.004618306644260883
5662,0.004615484736859798
5663,0.004614152014255524
5664,0.0046126628294587135
5665,0.0046104565262794495
5666,0.004607937298715115
5667,0.004605759400874376
5668,0.0046030813828110695
5669,0.004600760526955128
5670,0.004599228035658598
5671,0.004597490653395653
5672,0.004594297148287296
5673,0.004591591656208038
5674,0.0045892479829490185
5675,0.004587625619024038
5676,0.004585891962051392
5677,0.004582742229104042
5678,0.0045835720375180244
5679,0.004577071871608496
5680,0.004575299099087715
5681,0.004573902115225792
5682,0.0045722732320427895
5683,0.004569004289805889
5684,0.004571919329464436
5685,0.004565073177218437
5686,0.004563950002193451
5687,0.004563134163618088
5688,0.0045618717558681965
5689,0.004559400957077742
5690,0.004556117579340935
5691,0.004554186016321182
5692,0.004551759921014309
5693,0.004550185054540634
5694,0.004549102392047644
5695,0.004547842312604189
5696,0.004546638578176498
5697,0.004545428790152073
5698,0.004543931223452091
5699,0.004542983137071133
5700,0.004541194997727871
5701,0.0045377048663794994
5702,0.004535662475973368
5703,0.004532292485237122
5704,0.004531573504209518
5705,0.004529825411736965
5706,0.004529151134192944
5707,0.004528389312326908
5708,0.004527278710156679
5709,0.0045253559947013855
5710,0.004522673785686493
5711,0.004524272866547108
5712,0.004518729634582996
5713,0.004516971297562122
5714,0.00451503973454237
5715,0.004513024818152189
5716,0.004511156119406223
5717,0.004509468097239733
5718,0.0045075793750584126
5719,0.004505337215960026
5720,0.0045037781819701195
5721,0.004501999821513891
5722,0.0045007700100541115
5723,0.004499462433159351
5724,0.0044984715059399605
5725,0.004497190937399864
5726,0.004495446570217609
5727,0.0044934554025530815
5728,0.004491714294999838
5729,0.004490422550588846
5730,0.0044880276545882225
5731,0.004495701286941767
5732,0.004484514240175486
5733,0.004483029246330261
5734,0.00448206439614296
5735,0.004481152631342411
5736,0.004479731433093548
5737,0.004478110931813717
5738,0.004476242698729038
5739,0.004475547932088375
5740,0.00447433814406395
5741,0.004473158624023199
5742,0.00447111576795578
5743,0.00446845730766654
5744,0.004465798381716013
5745,0.004463615827262402
5746,0.004460333380848169
5747,0.0044568367302417755
5748,0.004454483278095722
5749,0.004450831562280655
5750,0.004449928179383278
5751,0.004448129795491695
5752,0.00444544292986393
5753,0.004442141856998205
5754,0.004439673386514187
5755,0.004438269883394241
5756,0.004436834249645472
5757,0.004434393718838692
5758,0.0044335126876831055
5759,0.004432525020092726
5760,0.004431526176631451
5761,0.004430339206010103
5762,0.00442923977971077
5763,0.0044268351048231125
5764,0.004425147548317909
5765,0.00442199781537056
5766,0.0044194431975483894
5767,0.004416272975504398
5768,0.004413509741425514
5769,0.0044106002897024155
5770,0.004408273845911026
5771,0.004406530410051346
5772,0.00440480001270771
5773,0.004403135273605585
5774,0.00440183375030756
5775,0.004400084260851145
5776,0.004397374577820301
5777,0.004394073970615864
5778,0.004406573250889778
5779,0.004391682334244251
5780,0.00439021922647953
5781,0.004389398265630007
5782,0.0043885004706680775
5783,0.004387505352497101
5784,0.00438600592315197
5785,0.004388350993394852
5786,0.0043840063735842705
5787,0.004383067600429058
5788,0.004382336977869272
5789,0.0043815020471811295
5790,0.0043802764266729355
5791,0.0043792701326310635
5792,0.004376629367470741
5793,0.004375186748802662
5794,0.004374266602098942
5795,0.004373309202492237
5796,0.0043717436492443085
5797,0.0043698446825146675
5798,0.0043673766776919365
5799,0.004365665838122368
5800,0.004363014828413725
5801,0.0043618036434054375
5802,0.004367857705801725
5803,0.0043599288910627365
5804,0.004358705133199692
5805,0.004357796162366867
5806,0.0043570734560489655
5807,0.004356391727924347
5808,0.004354648757725954
5809,0.004352290648967028
5810,0.004350185394287109
5811,0.004349144175648689
5812,0.00434801634401083
5813,0.004347127862274647
5814,0.0043451846577227116
5815,0.00434378394857049
5816,0.004341813735663891
5817,0.0043397750705480576
5818,0.004336734302341938
5819,0.004334680736064911
5820,0.0043325116857886314
5821,0.004329928196966648
5822,0.004328018054366112
5823,0.004325986374169588
5824,0.004323850851505995
5825,0.004321996122598648
5826,0.004320184234529734
5827,0.004318355582654476
5828,0.004316399805247784
5829,0.004314469173550606
5830,0.004311857745051384
5831,0.004310266114771366
5832,0.00431464146822691
5833,0.004309090320020914
5834,0.004308235831558704
5835,0.0043074507266283035
5836,0.004306378308683634
5837,0.004305507987737656
5838,0.004303290043026209
5839,0.004317767918109894
5840,0.0043001617304980755
5841,0.004298696294426918
5842,0.004298149608075619
5843,0.0042975889518857
5844,0.004296774044632912
5845,0.004295119550079107
5846,0.004298271145671606
5847,0.004292515106499195
5848,0.004291304387152195
5849,0.0042904396541416645
5850,0.004289694596081972
5851,0.004288753028959036
5852,0.004287327639758587
5853,0.004286974668502808
5854,0.0042844596318900585
5855,0.004283330403268337
5856,0.004282260313630104
5857,0.00428030826151371
5858,0.004278707783669233
5859,0.004277203232049942
5860,0.004276074469089508
5861,0.004275481216609478
5862,0.004274125676602125
5863,0.004273564554750919
5864,0.004272631369531155
5865,0.004271575715392828
5866,0.004270308651030064
5867,0.0042681703343987465
5868,0.004267687909305096
5869,0.004265746101737022
5870,0.0042645581997931
5871,0.004263775888830423
5872,0.004262751899659634
5873,0.004261314403265715
5874,0.0042591579258441925
5875,0.004256713669747114
5876,0.004254919942468405
5877,0.004253079183399677
5878,0.004251559264957905
5879,0.004250299651175737
5880,0.004245340824127197
5881,0.004246797412633896
5882,0.004241667687892914
5883,0.004240614362061024
5884,0.004239579662680626
5885,0.004238205961883068
5886,0.004238315857946873
5887,0.004236551932990551
5888,0.0042359232902526855
5889,0.0042353407479822636
5890,0.004234796389937401
5891,0.004233189858496189
5892,0.004231033381074667
5893,0.0042293560691177845
5894,0.004228469915688038
5895,0.004226884339004755
5896,0.0042258501052856445
5897,0.004224018193781376
5898,0.004220878705382347
5899,0.004217677749693394
5900,0.004215691238641739
5901,0.004214091692119837
5902,0.004211991094052792
5903,0.004208628088235855
5904,0.004206082783639431
5905,0.00420414237305522
5906,0.004201838746666908
5907,0.004201821517199278
5908,0.004199727438390255
5909,0.004198945127427578
5910,0.0041982028633356094
5911,0.004197375848889351
5912,0.004195946268737316
5913,0.004193153232336044
5914,0.0042050909250974655
5915,0.004190206527709961
5916,0.004188712686300278
5917,0.0041879224590957165
5918,0.004186986945569515
5919,0.004185886587947607
5920,0.004183817654848099
5921,0.004183820448815823
5922,0.00417971471324563
5923,0.0041782064363360405
5924,0.004176764283329248
5925,0.0041754585690796375
5926,0.004172136075794697
5927,0.004170546308159828
5928,0.004167363978922367
5929,0.004166669677942991
5930,0.004165929742157459
5931,0.004165127873420715
5932,0.004164019599556923
5933,0.004162513185292482
5934,0.004159875214099884
5935,0.004157682415097952
5936,0.004156399518251419
5937,0.0041550383903086185
5938,0.004153624176979065
5939,0.004151842091232538
5940,0.004149770829826593
5941,0.004147952888160944
5942,0.004144987091422081
5943,0.004143084399402142
5944,0.0041411034762859344
5945,0.004148619249463081
5946,0.0041381786577403545
5947,0.004136811010539532
5948,0.004135965369641781
5949,0.004135246388614178
5950,0.004134241491556168
5951,0.004132217727601528
5952,0.004131900146603584
5953,0.004128619097173214
5954,0.004127392545342445
5955,0.004126146901398897
5956,0.004124435130506754
5957,0.004122134298086166
5958,0.004120668862015009
5959,0.004119326360523701
5960,0.004118481185287237
5961,0.004117900971323252
5962,0.004116903990507126
5963,0.0041165887378156185
5964,0.004114392679184675
5965,0.004113365430384874
5966,0.004112422466278076
5967,0.00411172304302454
5968,0.004110776819288731
5969,0.004111297894269228
5970,0.004108787979930639
5971,0.004107607062906027
5972,0.00410642521455884
5973,0.00410549296066165
5974,0.004104480147361755
5975,0.004103471525013447
5976,0.004101207945495844
5977,0.004100147634744644
5978,0.004098218400031328
5979,0.0040974244475364685
5980,0.004095870070159435
5981,0.004096406511962414
5982,0.004093097522854805
5983,0.004092176910489798
5984,0.004091520793735981
5985,0.004090717062354088
5986,0.004089442081749439
5987,0.004088251385837793
5988,0.004086568020284176
5989,0.004085009917616844
5990,0.004083678126335144
5991,0.004082696512341499
5992,0.004085591062903404
5993,0.004081203136593103
5994,0.004080229438841343
5995,0.004079262726008892
5996,0.004078369587659836
5997,0.004077545832842588
5998,0.004074990749359131
5999,0.00407466059550643
6000,0.004072010982781649
6001,0.00407133623957634
6002,0.004070770926773548
6003,0.0040698545053601265
6004,0.004068363457918167
6005,0.004066019784659147
6006,0.004068292677402496
6007,0.00406276248395443
6008,0.004061366431415081
6009,0.004060087725520134
6010,0.00405878946185112
6011,0.004056919366121292
6012,0.004072230309247971
6013,0.004055085591971874
6014,0.004053556825965643
6015,0.0040526906959712505
6016,0.004051434341818094
6017,0.0040497202426195145
6018,0.004046781454235315
6019,0.004084795713424683
6020,0.004045381210744381
6021,0.004042807966470718
6022,0.004041958134621382
6023,0.004040825180709362
6024,0.004039356019347906
6025,0.004037857986986637
6026,0.004036135971546173
6027,0.004035209305584431
6028,0.004033986013382673
6029,0.0040331045165658
6030,0.00403133500367403
6031,0.0040283831767737865
6032,0.004026167094707489
6033,0.004021889995783567
6034,0.004019740037620068
6035,0.00401837844401598
6036,0.004016529768705368
6037,0.004013909958302975
6038,0.004011003766208887
6039,0.004008657764643431
6040,0.004007323179394007
6041,0.004006285220384598
6042,0.004004490561783314
6043,0.004002613481134176
6044,0.004001197870820761
6045,0.004000556189566851
6046,0.0039998493157327175
6047,0.003999026492238045
6048,0.0039982786402106285
6049,0.003997811581939459
6050,0.003996954765170813
6051,0.003995769657194614
6052,0.003994577098637819
6053,0.003993362188339233
6054,0.003991391975432634
6055,0.003990333992987871
6056,0.003988216631114483
6057,0.003984987270087004
6058,0.003982196561992168
6059,0.003980169538408518
6060,0.003977212589234114
6061,0.003975405357778072
6062,0.003973493818193674
6063,0.003971007186919451
6064,0.003967786207795143
6065,0.003965449519455433
6066,0.0039642127230763435
6067,0.003963310271501541
6068,0.003962288610637188
6069,0.003961034584790468
6070,0.003958364948630333
6071,0.003956399857997894
6072,0.003952555358409882
6073,0.0039511979557573795
6074,0.00394909642636776
6075,0.003947082441300154
6076,0.0039443071000278
6077,0.003944442607462406
6078,0.0039418102242052555
6079,0.003940809052437544
6080,0.003939892631024122
6081,0.003938853740692139
6082,0.003937152214348316
6083,0.003935325890779495
6084,0.0039329370483756065
6085,0.003931080922484398
6086,0.003928857855498791
6087,0.003928681835532188
6088,0.003926689736545086
6089,0.003925620578229427
6090,0.0039244708605110645
6091,0.003923289943486452
6092,0.0039215246215462685
6093,0.003919615410268307
6094,0.003916631452739239
6095,0.003915175795555115
6096,0.0039135608822107315
6097,0.003912993706762791
6098,0.00391225703060627
6099,0.0039122868329286575
6100,0.003911084961146116
6101,0.003910435829311609
6102,0.003909888211637735
6103,0.003909354098141193
6104,0.003908494953066111
6105,0.003911576699465513
6106,0.003907450009137392
6107,0.0039069633930921555
6108,0.003906621597707272
6109,0.0039061838760972023
6110,0.0039055345114320517
6111,0.0039042984135448933
6112,0.0039065247401595116
6113,0.003902692813426256
6114,0.003902119817212224
6115,0.0039017538074404
6116,0.003901265561580658
6117,0.0039005447179079056
6118,0.0038994094356894493
6119,0.003900742158293724
6120,0.0038974443450570107
6121,0.0038966801948845387
6122,0.003896069712936878
6123,0.0038955407217144966
6124,0.003894865745678544
6125,0.0038934536278247833
6126,0.0038931367453187704
6127,0.003890804247930646
6128,0.0038899946957826614
6129,0.003889190498739481
6130,0.0038895150646567345
6131,0.003888096194714308
6132,0.0038875024765729904
6133,0.0038866116665303707
6134,0.003885681973770261
6135,0.0038845886010676622
6136,0.003882830496877432
6137,0.003882836317643523
6138,0.0038809548132121563
6139,0.003878916148096323
6140,0.0038783345371484756
6141,0.0038776632864028215
6142,0.0038766921497881413
6143,0.0038755349814891815
6144,0.003874324494972825
6145,0.0038726432248950005
6146,0.003872302360832691
6147,0.0038712206296622753
6148,0.003870569635182619
6149,0.0038698879070580006
6150,0.0038688788190484047
6151,0.0038679116405546665
6152,0.0038666080217808485
6153,0.0038649537600576878
6154,0.0038637476973235607
6155,0.00386275933124125
6156,0.0038620945997536182
6157,0.003861498786136508
6158,0.003860068041831255
6159,0.0038603078573942184
6160,0.003857058472931385
6161,0.003856274299323559
6162,0.003855769755318761
6163,0.0038552312180399895
6164,0.0038537485525012016
6165,0.003851801622658968
6166,0.0038498914800584316
6167,0.003848086576908827
6168,0.003845969680696726
6169,0.0038445964455604553
6170,0.0038425736129283905
6171,0.0038407123647630215
6172,0.003838894423097372
6173,0.0038373719435185194
6174,0.0038361353799700737
6175,0.0038345574866980314
6176,0.0038327155634760857
6177,0.003830497618764639
6178,0.0038286286871880293
6179,0.003825626103207469
6180,0.0038242246955633163
6181,0.003823152743279934
6182,0.0038220807909965515
6183,0.003819860517978668
6184,0.003837751690298319
6185,0.0038178327959030867
6186,0.003816253738477826
6187,0.003815671429038048
6188,0.003814931958913803
6189,0.0038140243850648403
6190,0.0038124846760183573
6191,0.003812541486695409
6192,0.0038092664908617735
6193,0.003808068810030818
6194,0.0038071549497544765
6195,0.0038062785752117634
6196,0.003804683918133378
6197,0.0038022776134312153
6198,0.003800579346716404
6199,0.0037986128591001034
6200,0.003797059878706932
6201,0.0037961918860673904
6202,0.003794871736317873
6203,0.003793193958699703
6204,0.003791326656937599
6205,0.003789252368733287
6206,0.0037886842619627714
6207,0.0037884432822465897
6208,0.00378770986571908
6209,0.0037867380306124687
6210,0.003785658162087202
6211,0.0037845682818442583
6212,0.0037830558139830828
6213,0.003784622997045517
6214,0.0037810856010764837
6215,0.0037804623134434223
6216,0.0037800190038979053
6217,0.0037794760428369045
6218,0.003778583835810423
6219,0.003776802681386471
6220,0.003774888115003705
6221,0.003773163538426161
6222,0.0037712878547608852
6223,0.003769478527829051
6224,0.0037711223121732473
6225,0.0037674561608582735
6226,0.0037666161078959703
6227,0.0037658289074897766
6228,0.0037649176083505154
6229,0.0037634246982634068
6230,0.0037654866464436054
6231,0.0037607597187161446
6232,0.003759528510272503
6233,0.003758577397093177
6234,0.0037577063776552677
6235,0.0037563873920589685
6236,0.0037546767853200436
6237,0.003752834163606167
6238,0.0037512327544391155
6239,0.0037496881559491158
6240,0.003748479299247265
6241,0.003747168928384781
6242,0.0037453456316143274
6243,0.0037441167514771223
6244,0.003742751432582736
6245,0.0037406261544674635
6246,0.0037388233467936516
6247,0.003737493883818388
6248,0.00373635720461607
6249,0.003734910860657692
6250,0.0037323448341339827
6251,0.003732738085091114
6252,0.003729337826371193
6253,0.003728266339749098
6254,0.0037271343171596527
6255,0.003725604619830847
6256,0.0037251580506563187
6257,0.003723139874637127
6258,0.003721905406564474
6259,0.003720791544765234
6260,0.003719508182257414
6261,0.003720046952366829
6262,0.003717731451615691
6263,0.0037168795242905617
6264,0.0037161349318921566
6265,0.003715583821758628
6266,0.003714559134095907
6267,0.0037140173371881247
6268,0.003712212899699807
6269,0.0037116450257599354
6270,0.003711010329425335
6271,0.0037101581692695618
6272,0.003708559786900878
6273,0.003713766345754266
6274,0.003706444287672639
6275,0.003705498995259404
6276,0.003704786766320467
6277,0.0037040405441075563
6278,0.0037030461244285107
6279,0.00370198511518538
6280,0.0037002102471888065
6281,0.003699386492371559
6282,0.003698501968756318
6283,0.003697947133332491
6284,0.003698214190080762
6285,0.0036964919418096542
6286,0.0036956840194761753
6287,0.0036948120687156916
6288,0.003694214392453432
6289,0.0036934013478457928
6290,0.0036918451078236103
6291,0.0036925957538187504
6292,0.0036893722135573626
6293,0.0036884788423776627
6294,0.0036877980455756187
6295,0.0036865933798253536
6296,0.003685269970446825
6297,0.0036842920817434788
6298,0.0036830520257353783
6299,0.0036816797219216824
6300,0.003680052235722542
6301,0.003679159563034773
6302,0.003678340930491686
6303,0.003677542321383953
6304,0.003675867337733507
6305,0.0036742528900504112
6306,0.0036732410080730915
6307,0.003672037273645401
6308,0.0036710004787892103
6309,0.0036696093156933784
6310,0.003668306628242135
6311,0.0036669662222266197
6312,0.0036657960154116154
6313,0.0036650204565376043
6314,0.003664968768134713
6315,0.003663964569568634
6316,0.003663401585072279
6317,0.0036627755034714937
6318,0.003662294242531061
6319,0.003661690279841423
6320,0.0036604232154786587
6321,0.0036590183153748512
6322,0.0036582753527909517
6323,0.0036577412392944098
6324,0.0036574024707078934
6325,0.0036565023474395275
6326,0.00365513120777905
6327,0.0036542511079460382
6328,0.0036526285111904144
6329,0.0036515281535685062
6330,0.003650736529380083
6331,0.003649662947282195
6332,0.0036485290620476007
6333,0.0036474999506026506
6334,0.003646309021860361
6335,0.003645283170044422
6336,0.003643979551270604
6337,0.003642840078100562
6338,0.0036418093368411064
6339,0.0036409348249435425
6340,0.0036397045478224754
6341,0.0036379725206643343
6342,0.0036357645876705647
6343,0.0036334285978227854
6344,0.00363124068826437
6345,0.0036299293860793114
6346,0.0036286069080233574
6347,0.0036273826844990253
6348,0.003625852055847645
6349,0.0036246860399842262
6350,0.003623425727710128
6351,0.0036220226902514696
6352,0.0036206464283168316
6353,0.0036194641143083572
6354,0.0036171169485896826
6355,0.0036151872482150793
6356,0.0036140079610049725
6357,0.0036134333349764347
6358,0.0036121299490332603
6359,0.0036109492648392916
6360,0.0036096367985010147
6361,0.003607825841754675
6362,0.0036061652936041355
6363,0.0036045792512595654
6364,0.003603717777878046
6365,0.00360258761793375
6366,0.0036018523387610912
6367,0.0036003661807626486
6368,0.0035995072685182095
6369,0.0035989275202155113
6370,0.00359818316064775
6371,0.0035967130679637194
6372,0.0035977030638605356
6373,0.00359512260183692
6374,0.003594476729631424
6375,0.003593963338062167
6376,0.0035932580940425396
6377,0.0035921710077673197
6378,0.0035914613399654627
6379,0.0035895821638405323
6380,0.0035884431563317776
6381,0.0035876270849257708
6382,0.0035867318511009216
6383,0.0035847092512995005
6384,0.003587693441659212
6385,0.0035807345993816853
6386,0.0035790265537798405
6387,0.0035777396988123655
6388,0.0035766661167144775
6389,0.003588966093957424
6390,0.003576128277927637
6391,0.0035752602852880955
6392,0.003574878443032503
6393,0.0035743885673582554
6394,0.003573867492377758
6395,0.0035731573589146137
6396,0.0035714907571673393
6397,0.0035700430162250996
6398,0.0035686681512743235
6399,0.0035678581334650517
6400,0.003567394334822893
6401,0.00356672122143209
6402,0.003565447870641947
6403,0.0035654096864163876
6404,0.0035634818486869335
6405,0.0035628383047878742
6406,0.003562290919944644
6407,0.0035617281682789326
6408,0.0035605330485850573
6409,0.0035622166469693184
6410,0.0035587826278060675
6411,0.003558092750608921
6412,0.003557360963895917
6413,0.003556197974830866
6414,0.003554973751306534
6415,0.003553342539817095
6416,0.0035522812977433205
6417,0.0035511660389602184
6418,0.0035501052625477314
6419,0.0035488540306687355
6420,0.003547586500644684
6421,0.003546143416315317
6422,0.003544445615261793
6423,0.003543021623045206
6424,0.0035417370963841677
6425,0.0035407566465437412
6426,0.0035398134496062994
6427,0.003538261167705059
6428,0.0035366977099329233
6429,0.0035349975805729628
6430,0.0035330052487552166
6431,0.00353121105581522
6432,0.003530395682901144
6433,0.003528505563735962
6434,0.0035269989166408777
6435,0.0035249064676463604
6436,0.0035225918982177973
6437,0.003520302940160036
6438,0.0035186661407351494
6439,0.003517329227179289
6440,0.0035156812518835068
6441,0.0035128258168697357
6442,0.0035094053018838167
6443,0.0035187769681215286
6444,0.0035056769847869873
6445,0.003503852291032672
6446,0.003502740990370512
6447,0.0035018697381019592
6448,0.003500746563076973
6449,0.00349880987778306
6450,0.003499693237245083
6451,0.0034966017119586468
6452,0.003495965152978897
6453,0.003495496464893222
6454,0.0034948275424540043
6455,0.0034938519820570946
6456,0.0034934808500111103
6457,0.003491841722279787
6458,0.0034910195972770452
6459,0.0034904656931757927
6460,0.0034896584693342447
6461,0.0034883557818830013
6462,0.003501390339806676
6463,0.0034872679971158504
6464,0.003486062865704298
6465,0.003485450055450201
6466,0.0034849457442760468
6467,0.0034844190813601017
6468,0.003483690321445465
6469,0.0034854270052164793
6470,0.0034821408335119486
6471,0.003481461899355054
6472,0.0034808460623025894
6473,0.003480168990790844
6474,0.0034798344131559134
6475,0.0034790681675076485
6476,0.003478536382317543
6477,0.0034778683912009
6478,0.0034772988874465227
6479,0.003476788057014346
6480,0.0034761587157845497
6481,0.0034755412489175797
6482,0.0034747356548905373
6483,0.0034736688248813152
6484,0.0034726369194686413
6485,0.0034716364461928606
6486,0.0034701195545494556
6487,0.0034695956856012344
6488,0.003468551207333803
6489,0.0034670112654566765
6490,0.003465285524725914
6491,0.0034642445389181376
6492,0.003462698310613632
6493,0.003460837993770838
6494,0.0034583555534482002
6495,0.0034567788243293762
6496,0.0034558188635855913
6497,0.0034552467986941338
6498,0.0034548714756965637
6499,0.0034539580810815096
6500,0.003452747594565153
6501,0.0034511941485106945
6502,0.003449589479714632
6503,0.0034481470938771963
6504,0.0034467759542167187
6505,0.0034444602206349373
6506,0.003441867185756564
6507,0.003440453205257654
6508,0.003438852960243821
6509,0.003438336309045553
6510,0.003437175415456295
6511,0.00343624921515584
6512,0.003435454796999693
6513,0.0034347630571573973
6514,0.0034335856325924397
6515,0.0034318407997488976
6516,0.0034297851379960775
6517,0.0034303111024200916
6518,0.0034272545017302036
6519,0.00342632201500237
6520,0.003425522008910775
6521,0.0034246339928358793
6522,0.0034232388716191053
6523,0.0034212321043014526
6524,0.00342506542801857
6525,0.0034192618913948536
6526,0.0034184190444648266
6527,0.0034179119393229485
6528,0.0034171396400779486
6529,0.0034160627983510494
6530,0.003413913771510124
6531,0.0034233559854328632
6532,0.0034111463464796543
6533,0.003409791272133589
6534,0.003409079508855939
6535,0.0034083998762071133
6536,0.0034071975387632847
6537,0.0034055644646286964
6538,0.0034043309278786182
6539,0.0034031709656119347
6540,0.003402185160666704
6541,0.0034011865500360727
6542,0.003399359993636608
6543,0.003397897118702531
6544,0.0033962903544306755
6545,0.0033951462246477604
6546,0.003394534345716238
6547,0.003393466118723154
6548,0.00339213153347373
6549,0.0033907985780388117
6550,0.0033895145170390606
6551,0.0033885841257870197
6552,0.0033870560582727194
6553,0.003387059085071087
6554,0.003384851384907961
6555,0.003384198294952512
6556,0.003383620409294963
6557,0.003383099799975753
6558,0.0033820655662566423
6559,0.0033836960792541504
6560,0.003380791749805212
6561,0.003380240872502327
6562,0.0033797728829085827
6563,0.003379253903403878
6564,0.0033787237480282784
6565,0.0033779707737267017
6566,0.0033771595917642117
6567,0.0033764359541237354
6568,0.003375781001523137
6569,0.0033748492132872343
6570,0.003374421037733555
6571,0.0033738426864147186
6572,0.003373389132320881
6573,0.003373122541233897
6574,0.00337245874106884
6575,0.0033710983116179705
6576,0.0033695055171847343
6577,0.0033680894412100315
6578,0.0033690116833895445
6579,0.003366823773831129
6580,0.0033662053756415844
6581,0.0033655930310487747
6582,0.003364784177392721
6583,0.003363759256899357
6584,0.0033630430698394775
6585,0.003361837938427925
6586,0.0033611201215535402
6587,0.00336033059284091
6588,0.00335947098210454
6589,0.003357785055413842
6590,0.003375288099050522
6591,0.0033565021585673094
6592,0.0033552434761077166
6593,0.0033548392821103334
6594,0.003354250220581889
6595,0.0033535051625221968
6596,0.0033525521866977215
6597,0.0033508576452732086
6598,0.003348949830979109
6599,0.003347716061398387
6600,0.003349095582962036
6601,0.0033467167522758245
6602,0.0033462971914559603
6603,0.003345776814967394
6604,0.00334498705342412
6605,0.003343883203342557
6606,0.0033424803987145424
6607,0.0033494203817099333
6608,0.0033413064666092396
6609,0.0033405169378966093
6610,0.0033401581458747387
6611,0.003339681774377823
6612,0.003339078277349472
6613,0.0033377453219145536
6614,0.0033362344838678837
6615,0.0033351785968989134
6616,0.0033340193331241608
6617,0.003333511296659708
6618,0.003332701977342367
6619,0.003332704771310091
6620,0.0033312940504401922
6621,0.0033306232653558254
6622,0.003330068662762642
6623,0.0033296861220151186
6624,0.003328992985188961
6625,0.0033280763309448957
6626,0.003326785285025835
6627,0.003325826721265912
6628,0.003324589692056179
6629,0.0033239428885281086
6630,0.0033233549911528826
6631,0.003322628792375326
6632,0.003322165459394455
6633,0.0033210432156920433
6634,0.003320342395454645
6635,0.0033197407610714436
6636,0.0033188853412866592
6637,0.003321222495287657
6638,0.003318031318485737
6639,0.003317632246762514
6640,0.003317394061014056
6641,0.0033169640228152275
6642,0.0033164166379719973
6643,0.0033153288532048464
6644,0.003314661793410778
6645,0.003313702531158924
6646,0.003313229652121663
6647,0.003312519518658519
6648,0.0033119036816060543
6649,0.003310611704364419
6650,0.003309692721813917
6651,0.0033079376444220543
6652,0.0033071425277739763
6653,0.0033064824528992176
6654,0.0033061434514820576
6655,0.0033055711537599564
6656,0.003304434474557638
6657,0.003303954377770424
6658,0.003302822122350335
6659,0.0033020193222910166
6660,0.0033012679778039455
6661,0.0033000577241182327
6662,0.0032992144115269184
6663,0.003298042342066765
6664,0.003297528252005577
6665,0.003296388778835535
6666,0.0032948560547083616
6667,0.003293185029178858
6668,0.003292107954621315
6669,0.0032913661561906338
6670,0.003290402702987194
6671,0.0032895414624363184
6672,0.0032887409906834364
6673,0.0032878699712455273
6674,0.0032873600721359253
6675,0.003286690218374133
6676,0.0032860087230801582
6677,0.003285052487626672
6678,0.0032836557365953922
6679,0.003309680614620447
6680,0.0032829525880515575
6681,0.0032815164886415005
6682,0.0032812785357236862
6683,0.003280969802290201
6684,0.003280365839600563
6685,0.0032794601283967495
6686,0.003279035445302725
6687,0.003278501331806183
6688,0.003277829848229885
6689,0.003277355805039406
6690,0.0032765804789960384
6691,0.003275236813351512
6692,0.0032745185308158398
6693,0.0032734449487179518
6694,0.0032729858066886663
6695,0.0032721185125410557
6696,0.0032714619301259518
6697,0.0032705506309866905
6698,0.003269356209784746
6699,0.0032687941566109657
6700,0.003267428372055292
6701,0.003266735002398491
6702,0.0032660451252013445
6703,0.003265437902882695
6704,0.0032646646723151207
6705,0.0032641806174069643
6706,0.003263652790337801
6707,0.003263204824179411
6708,0.003261950798332691
6709,0.003260772442445159
6710,0.003259573597460985
6711,0.003258901182562113
6712,0.0032578646205365658
6713,0.0032569749746471643
6714,0.0032554627396166325
6715,0.0032576234079897404
6716,0.0032540587708353996
6717,0.0032535779755562544
6718,0.0032532718032598495
6719,0.0032529239542782307
6720,0.003252229653298855
6721,0.003251568879932165
6722,0.003250585403293371
6723,0.003249943722039461
6724,0.003249136731028557
6725,0.0032483593095093966
6726,0.0032476354390382767
6727,0.0032472223974764347
6728,0.003246245440095663
6729,0.003245281521230936
6730,0.003244203981012106
6731,0.0032433695159852505
6732,0.00324288965202868
6733,0.003242086386308074
6734,0.003241550177335739
6735,0.0032403140794485807
6736,0.0032385005615651608
6737,0.003236733842641115
6738,0.003235494252294302
6739,0.003234212752431631
6740,0.003232871647924185
6741,0.0032317626755684614
6742,0.003230903297662735
6743,0.003230120986700058
6744,0.0032290660310536623
6745,0.0032276040874421597
6746,0.003226448316127062
6747,0.0032253703102469444
6748,0.0032242361921817064
6749,0.003223692998290062
6750,0.003223046427592635
6751,0.003221843158826232
6752,0.003220044309273362
6753,0.0032208424527198076
6754,0.0032177199609577656
6755,0.003216941375285387
6756,0.003216301556676626
6757,0.003215700387954712
6758,0.0032150631304830313
6759,0.003213257994502783
6760,0.0032113203778862953
6761,0.0032105369027704
6762,0.003209879621863365
6763,0.0032093387562781572
6764,0.00320824165828526
6765,0.00320705259218812
6766,0.0032059275545179844
6767,0.003204342443495989
6768,0.003202725201845169
6769,0.0032017570920288563
6770,0.0032010108698159456
6771,0.0032003349624574184
6772,0.003198527032509446
6773,0.0032007135450839996
6774,0.0031962927896529436
6775,0.003195524215698242
6776,0.003194991499185562
6777,0.0031943998765200377
6778,0.0031933030113577843
6779,0.003193778684362769
6780,0.0031917253509163857
6781,0.0031911323312669992
6782,0.0031906645745038986
6783,0.0031900987960398197
6784,0.003189368173480034
6785,0.003188401460647583
6786,0.003187764436006546
6787,0.00318704335950315
6788,0.003186132526025176
6789,0.003184968139976263
6790,0.0031833958346396685
6791,0.0031814309768378735
6792,0.00318005308508873
6793,0.0031793045345693827
6794,0.0031783604063093662
6795,0.003177397884428501
6796,0.0031762050930410624
6797,0.0031746458262205124
6798,0.0031734127551317215
6799,0.003172778058797121
6800,0.0031723331194370985
6801,0.0031719631515443325
6802,0.003171684918925166
6803,0.003171290270984173
6804,0.0031703896820545197
6805,0.003169075585901737
6806,0.0031670937314629555
6807,0.0031680772081017494
6808,0.003164634807035327
6809,0.0031640364322811365
6810,0.0031636403873562813
6811,0.0031632089521735907
6812,0.0031626832205802202
6813,0.003162198234349489
6814,0.003161696018651128
6815,0.0031612026505172253
6816,0.0031608333811163902
6817,0.0031603765673935413
6818,0.0031596701592206955
6819,0.0031594394240528345
6820,0.0031587984412908554
6821,0.0031583879608660936
6822,0.0031578787602484226
6823,0.003157007275149226
6824,0.003155912272632122
6825,0.0031547152902930975
6826,0.0031537075992673635
6827,0.003152580000460148
6828,0.0031516961753368378
6829,0.0031508412212133408
6830,0.0031488765962421894
6831,0.003147521521896124
6832,0.0031463569030165672
6833,0.003145648632198572
6834,0.0031447475776076317
6835,0.0031435047276318073
6836,0.0031426420900970697
6837,0.0031412853859364986
6838,0.003140445798635483
6839,0.003139740787446499
6840,0.003138684667646885
6841,0.003136960556730628
6842,0.0031360015273094177
6843,0.0031346685718744993
6844,0.003133996855467558
6845,0.003133452031761408
6846,0.003132931422442198
6847,0.0031323651783168316
6848,0.003131774254143238
6849,0.00313070067204535
6850,0.0031296666711568832
6851,0.0031300613190978765
6852,0.003128646407276392
6853,0.003128121141344309
6854,0.0031276231165975332
6855,0.0031270356848835945
6856,0.003126309020444751
6857,0.003125265007838607
6858,0.003128593787550926
6859,0.0031240666285157204
6860,0.0031234929338097572
6861,0.0031230978202074766
6862,0.003122666385024786
6863,0.003121694317087531
6864,0.0031212270259857178
6865,0.003120405599474907
6866,0.0031200824305415154
6867,0.0031197541393339634
6868,0.003119290340691805
6869,0.0031185259576886892
6870,0.0031191043090075254
6871,0.003117660991847515
6872,0.003117387881502509
6873,0.0031171294394880533
6874,0.0031166658736765385
6875,0.003115737345069647
6876,0.0031147764530032873
6877,0.003113838844001293
6878,0.003113188548013568
6879,0.003112398087978363
6880,0.0031117345206439495
6881,0.0031113189179450274
6882,0.0031101410277187824
6883,0.003109593875706196
6884,0.003108752192929387
6885,0.0031083158683031797
6886,0.003107332391664386
6887,0.0031063801143318415
6888,0.0031057707965373993
6889,0.003104547969996929
6890,0.0031038708984851837
6891,0.003102910704910755
6892,0.0031022096518427134
6893,0.0031012799590826035
6894,0.003103384282439947
6895,0.0030996992718428373
6896,0.0030990224331617355
6897,0.0030984911136329174
6898,0.003097880631685257
6899,0.0030968952924013138
6900,0.003098508110269904
6901,0.0030955993570387363
6902,0.0030951497610658407
6903,0.003094775602221489
6904,0.0030943367164582014
6905,0.0030936587136238813
6906,0.0031006946228444576
6907,0.003093043575063348
6908,0.003092390950769186
6909,0.0030921432189643383
6910,0.0030919681303203106
6911,0.0030916822142899036
6912,0.003091209102421999
6913,0.0030936358962208033
6914,0.0030904514715075493
6915,0.0030900146812200546
6916,0.0030896763782948256
6917,0.0030894302763044834
6918,0.0030889539048075676
6919,0.0030879646074026823
6920,0.0030911779031157494
6921,0.003086761338636279
6922,0.0030862612184137106
6923,0.003085917327553034
6924,0.00308558763936162
6925,0.003085019998252392
6926,0.00308447377756238
6927,0.0030837333761155605
6928,0.0030830828472971916
6929,0.0030824923887848854
6930,0.0030812728218734264
6931,0.003079698421061039
6932,0.003080781316384673
6933,0.003078071866184473
6934,0.0030776173807680607
6935,0.003077192697674036
6936,0.0030765915289521217
6937,0.003075620625168085
6938,0.003074889536947012
6939,0.0030738390050828457
6940,0.0030728778801858425
6941,0.0030724608805030584
6942,0.0030720988288521767
6943,0.0030714855529367924
6944,0.003070670645684004
6945,0.003069952130317688
6946,0.0030692522414028645
6947,0.003068390768021345
6948,0.0030684536322951317
6949,0.0030669248662889004
6950,0.0030664384830743074
6951,0.003066019155085087
6952,0.003065641038119793
6953,0.003064905758947134
6954,0.0030634994618594646
6955,0.003064625896513462
6956,0.0030621266923844814
6957,0.003061613067984581
6958,0.0030613041017204523
6959,0.003060826798900962
6960,0.003060127142816782
6961,0.0030593236442655325
6962,0.0030587478540837765
6963,0.0030580000020563602
6964,0.003057276364415884
6965,0.0030557019636034966
6966,0.0030542027670890093
6967,0.0030567911453545094
6968,0.0030528632923960686
6969,0.0030523529276251793
6970,0.003052034182474017
6971,0.003051726147532463
6972,0.0030511324293911457
6973,0.003050435334444046
6974,0.0030501829460263252
6975,0.0030495140235871077
6976,0.0030491617508232594
6977,0.0030488288030028343
6978,0.003048345912247896
6979,0.0030474320519715548
6980,0.0030460089910775423
6981,0.003044916782528162
6982,0.003043907694518566
6983,0.0030430667102336884
6984,0.003042695578187704
6985,0.003042242955416441
6986,0.0030412585474550724
6987,0.003039730479940772
6988,0.003039136528968811
6989,0.003038384485989809
6990,0.0030379423405975103
6991,0.0030376925133168697
6992,0.003037180518731475
6993,0.0030362308025360107
6994,0.003035331843420863
6995,0.0030346079729497433
6996,0.0030339076183736324
6997,0.0030335374176502228
6998,0.003033268265426159
6999,0.003032843116670847
7000,0.003032304346561432
7001,0.003031631466001272
7002,0.0030308596324175596
7003,0.0030300982762128115
7004,0.0030295364558696747
7005,0.0030290361028164625
7006,0.0030281273648142815
7007,0.0030269278213381767
7008,0.0030260796193033457
7009,0.0030244593508541584
7010,0.003023850964382291
7011,0.0030230367556214333
7012,0.003022280288860202
7013,0.003021889366209507
7014,0.003021019510924816
7015,0.003020367817953229
7016,0.0030199335888028145
7017,0.003019568510353565
7018,0.0030184402130544186
7019,0.0030167833901941776
7020,0.0030156676657497883
7021,0.0030153736006468534
7022,0.003014689777046442
7023,0.0030142487958073616
7024,0.003013810608536005
7025,0.0030132592655718327
7026,0.0030125449411571026
7027,0.003011534921824932
7028,0.0030101025477051735
7029,0.00301212165504694
7030,0.003008700907230377
7031,0.003008226165547967
7032,0.0030078920535743237
7033,0.0030074825044721365
7034,0.0030067896004766226
7035,0.0030193959828466177
7036,0.003005947917699814
7037,0.003004944883286953
7038,0.003004657570272684
7039,0.0030043311417102814
7040,0.0030038333497941494
7041,0.003003025660291314
7042,0.003002504352480173
7043,0.003001118078827858
7044,0.003000344382598996
7045,0.0029995571821928024
7046,0.002998935291543603
7047,0.002998027252033353
7048,0.0030007874593138695
7049,0.002996558789163828
7050,0.0029959219973534346
7051,0.002995443530380726
7052,0.0029950360767543316
7053,0.002994710812345147
7054,0.0029942949768155813
7055,0.0029938884545117617
7056,0.002993038622662425
7057,0.0029925284907221794
7058,0.00299155549146235
7059,0.002991698682308197
7060,0.0029897489584982395
7061,0.0029891286976635456
7062,0.002988585736602545
7063,0.002988017164170742
7064,0.002987156854942441
7065,0.0029861247166991234
7066,0.002985224826261401
7067,0.0029841314535588026
7068,0.0029834138695150614
7069,0.002981695579364896
7070,0.002979464130476117
7071,0.0029781039338558912
7072,0.002977434080094099
7073,0.002976822666823864
7074,0.0029762147460132837
7075,0.0029755327850580215
7076,0.0029747902881354094
7077,0.002974194474518299
7078,0.00297364080324769
7079,0.002973228460177779
7080,0.0029727271758019924
7081,0.0029720403254032135
7082,0.002971086883917451
7083,0.002974763512611389
7084,0.0029695099219679832
7085,0.0029686482157558203
7086,0.002967857290059328
7087,0.0029670358635485172
7088,0.0029660810250788927
7089,0.002965918043628335
7090,0.0029641916044056416
7091,0.0029633287340402603
7092,0.0029624784365296364
7093,0.002961590653285384
7094,0.002960260258987546
7095,0.0029590409249067307
7096,0.0029582239221781492
7097,0.002957528457045555
7098,0.0029566618613898754
7099,0.002954915864393115
7100,0.0029536138754338026
7101,0.002952057868242264
7102,0.002951274625957012
7103,0.0029503940604627132
7104,0.0029494985938072205
7105,0.002948283450677991
7106,0.00294743524864316
7107,0.002946679713204503
7108,0.0029462361708283424
7109,0.0029448959976434708
7110,0.0029438191559165716
7111,0.002942007500678301
7112,0.0029394906014204025
7113,0.002940553007647395
7114,0.002936826553195715
7115,0.002935954835265875
7116,0.0029349937103688717
7117,0.0029339371249079704
7118,0.0029336395673453808
7119,0.0029324055649340153
7120,0.0029318591114133596
7121,0.0029314891435205936
7122,0.0029309121891856194
7123,0.0029297885484993458
7124,0.0029290509410202503
7125,0.0029276590794324875
7126,0.002926717046648264
7127,0.0029260204173624516
7128,0.0029255885165184736
7129,0.0029250679071992636
7130,0.0029245633631944656
7131,0.002923693973571062
7132,0.00292238499969244
7133,0.0029243165627121925
7134,0.002921067411080003
7135,0.0029205901082605124
7136,0.002920320024713874
7137,0.0029199225828051567
7138,0.0029192003421485424
7139,0.002921178936958313
7140,0.002918065059930086
7141,0.0029173584189265966
7142,0.002916626399382949
7143,0.0029160133562982082
7144,0.0029153903014957905
7145,0.002914925804361701
7146,0.0029138363897800446
7147,0.002913382835686207
7148,0.002912939293310046
7149,0.002912467811256647
7150,0.0029119071550667286
7151,0.002910841256380081
7152,0.002910429611802101
7153,0.002909715985879302
7154,0.002909109927713871
7155,0.0029079345986247063
7156,0.002906849142163992
7157,0.0029058060608804226
7158,0.0029052854515612125
7159,0.0029049227014184
7160,0.0029044232796877623
7161,0.0029036644846200943
7162,0.0029026619158685207
7163,0.002901853993535042
7164,0.0029012621380388737
7165,0.0029006963595747948
7166,0.0029002935625612736
7167,0.0028998409397900105
7168,0.0028991501312702894
7169,0.00289847981184721
7170,0.002897784812375903
7171,0.002897174097597599
7172,0.0028967363759875298
7173,0.0028959738556295633
7174,0.0028946995735168457
7175,0.00289385998621583
7176,0.0028932481072843075
7177,0.0028929528780281544
7178,0.002892193617299199
7179,0.002891805488616228
7180,0.0028915160801261663
7181,0.002891288371756673
7182,0.002890880685299635
7183,0.002890127245336771
7184,0.0028895793948322535
7185,0.002888987772166729
7186,0.0028886592481285334
7187,0.002888146322220564
7188,0.002886994741857052
7189,0.002885687630623579
7190,0.002885391004383564
7191,0.002884293906390667
7192,0.0028838077560067177
7193,0.0028834156692028046
7194,0.0028829227667301893
7195,0.0028820442967116833
7196,0.002881258260458708
7197,0.0028803737368434668
7198,0.0028797381091862917
7199,0.0028794370591640472
7200,0.0028789560310542583
7201,0.0028779362328350544
7202,0.002878027968108654
7203,0.0028763527516275644
7204,0.002875866834074259
7205,0.0028754540253430605
7206,0.0028750509954988956
7207,0.00287439301609993
7208,0.0028734940569847822
7209,0.0028729881159961224
7210,0.0028731783386319876
7211,0.0028722984716296196
7212,0.0028720502741634846
7213,0.0028717461973428726
7214,0.002871318254619837
7215,0.002870843978598714
7216,0.0028700465336441994
7217,0.002869143383577466
7218,0.002868607174605131
7219,0.0028680223040282726
7220,0.00286741741001606
7221,0.0028670034371316433
7222,0.002866563620045781
7223,0.002865992719307542
7224,0.0028651091270148754
7225,0.0028642225079238415
7226,0.002863430418074131
7227,0.002862530527636409
7228,0.002861147280782461
7229,0.0028599801007658243
7230,0.00287183141335845
7231,0.0028592757880687714
7232,0.002858332823961973
7233,0.0028578995261341333
7234,0.0028573779854923487
7235,0.002856922335922718
7236,0.0028561423532664776
7237,0.002855319995433092
7238,0.0028540310449898243
7239,0.002853516722097993
7240,0.0028521609492599964
7241,0.002850794233381748
7242,0.0028494992293417454
7243,0.0028485427610576153
7244,0.002847726456820965
7245,0.002847307361662388
7246,0.0028466058429330587
7247,0.0028456118889153004
7248,0.002844560891389847
7249,0.0028435243293642998
7250,0.0028431257233023643
7251,0.0028423587791621685
7252,0.0028414707630872726
7253,0.0028402388561517
7254,0.0028392572421580553
7255,0.002838355489075184
7256,0.0028377536218613386
7257,0.002836978994309902
7258,0.0028368013445287943
7259,0.0028356527909636497
7260,0.002835016930475831
7261,0.0028343850281089544
7262,0.0028338830452412367
7263,0.002833309583365917
7264,0.0028365887701511383
7265,0.002832747297361493
7266,0.0028324166778475046
7267,0.002832290017977357
7268,0.002832073252648115
7269,0.0028317426331341267
7270,0.002831270918250084
7271,0.0028301384299993515
7272,0.0028297777753323317
7273,0.0028286240994930267
7274,0.0028282064013183117
7275,0.002827882533892989
7276,0.0028275807853788137
7277,0.0028271633200347424
7278,0.002826714888215065
7279,0.0028262767009437084
7280,0.002825821517035365
7281,0.0028256112709641457
7282,0.002825372852385044
7283,0.0028250091709196568
7284,0.002824479015544057
7285,0.0028247700538486242
7286,0.0028236722573637962
7287,0.0028233728371560574
7288,0.0028231563046574593
7289,0.0028229730669409037
7290,0.0028225877322256565
7291,0.0028218307998031378
7292,0.0028246832080185413
7293,0.0028207958675920963
7294,0.0028203227557241917
7295,0.002820092486217618
7296,0.0028198629152029753
7297,0.0028196307830512524
7298,0.0028190521989017725
7299,0.0028179632499814034
7300,0.0028399736620485783
7301,0.0028176375199109316
7302,0.0028164172545075417
7303,0.0028161490336060524
7304,0.002815985819324851
7305,0.0028157278429716825
7306,0.0028150994330644608
7307,0.0028147785924375057
7308,0.002814161591231823
7309,0.002813959028571844
7310,0.0028137443587183952
7311,0.0028134980238974094
7312,0.002813145285472274
7313,0.0028126733377575874
7314,0.0028121741488575935
7315,0.0028116379398852587
7316,0.0028109606355428696
7317,0.0028103902004659176
7318,0.002809844445437193
7319,0.002809226280078292
7320,0.0028087212704122066
7321,0.002807955490425229
7322,0.0028076060116291046
7323,0.0028069615364074707
7324,0.0028065815567970276
7325,0.0028060246258974075
7326,0.0028052942361682653
7327,0.0028044497594237328
7328,0.002803895389661193
7329,0.002803466282784939
7330,0.0028031589463353157
7331,0.0028025039937347174
7332,0.0028022131882607937
7333,0.002801874652504921
7334,0.0028014457784593105
7335,0.002801267197355628
7336,0.002800932852551341
7337,0.002800394780933857
7338,0.0027992730028927326
7339,0.0027993167750537395
7340,0.002798028290271759
7341,0.0027973775286227465
7342,0.0027969733346253633
7343,0.0027961875312030315
7344,0.0027953556273132563
7345,0.0027944312896579504
7346,0.0027949651703238487
7347,0.0027934350073337555
7348,0.0027930657379329205
7349,0.0027928785420954227
7350,0.0027925940230488777
7351,0.002792126266285777
7352,0.0027911777142435312
7353,0.002790875965729356
7354,0.002789283636957407
7355,0.0027887108735740185
7356,0.002788309007883072
7357,0.0027879723347723484
7358,0.0027875122614204884
7359,0.0027871052734553814
7360,0.0027866815216839314
7361,0.0027862400747835636
7362,0.002785829361528158
7363,0.0027851464692503214
7364,0.002784343436360359
7365,0.0027842093259096146
7366,0.002783328527584672
7367,0.002782911527901888
7368,0.0027826197911053896
7369,0.0027822668198496103
7370,0.0027816121000796556
7371,0.00278080184943974
7372,0.0027803825214505196
7373,0.002780081005766988
7374,0.002779868431389332
7375,0.002779653063043952
7376,0.0027792227920144796
7377,0.0027783927507698536
7378,0.0027771065942943096
7379,0.00277614314109087
7380,0.0027756448835134506
7381,0.002775320317596197
7382,0.0027750618755817413
7383,0.0027747212443500757
7384,0.002774309366941452
7385,0.0027738248463720083
7386,0.002773221815004945
7387,0.002772787120193243
7388,0.002772329607978463
7389,0.0027718949131667614
7390,0.0027716485783457756
7391,0.0027713971212506294
7392,0.002770807594060898
7393,0.002769813872873783
7394,0.0027696662582457066
7395,0.0027677968610078096
7396,0.002766903955489397
7397,0.002766332821920514
7398,0.0027656902093440294
7399,0.002765121404081583
7400,0.0027641248889267445
7401,0.0027629374526441097
7402,0.0027621490880846977
7403,0.0027608145028352737
7404,0.002760047558695078
7405,0.002758392132818699
7406,0.0027567166835069656
7407,0.00275633716955781
7408,0.0027550379745662212
7409,0.002754399087280035
7410,0.0027537746354937553
7411,0.0027530610095709562
7412,0.0027521417941898108
7413,0.0027518547140061855
7414,0.002750738523900509
7415,0.0027502113953232765
7416,0.0027496633119881153
7417,0.0027490744832903147
7418,0.002748404163867235
7419,0.0027492335066199303
7420,0.002747360384091735
7421,0.002746809972450137
7422,0.0027462050784379244
7423,0.002745655830949545
7424,0.0027450225315988064
7425,0.0027508693747222424
7426,0.0027443449944257736
7427,0.002743814140558243
7428,0.002743449294939637
7429,0.0027428080793470144
7430,0.0027420800179243088
7431,0.0027410900220274925
7432,0.002739907242357731
7433,0.0027381249237805605
7434,0.0027373675256967545
7435,0.0027367915026843548
7436,0.0027361826505512
7437,0.002735318150371313
7438,0.002734194742515683
7439,0.002732568420469761
7440,0.0027319095097482204
7441,0.002731354907155037
7442,0.002730622887611389
7443,0.00273001566529274
7444,0.002729058265686035
7445,0.002727832645177841
7446,0.0027263914234936237
7447,0.002724675228819251
7448,0.002722544129937887
7449,0.0027211150154471397
7450,0.002720275428146124
7451,0.0027195452712476254
7452,0.002718408592045307
7453,0.0027179098688066006
7454,0.002717073541134596
7455,0.002715755719691515
7456,0.00271416874602437
7457,0.0027126306667923927
7458,0.0027114879339933395
7459,0.00271059712395072
7460,0.002709459513425827
7461,0.002708754036575556
7462,0.002707722131162882
7463,0.0027080480940639973
7464,0.002706435276195407
7465,0.00270593399181962
7466,0.0027054171077907085
7467,0.002704879967495799
7468,0.002704265061765909
7469,0.00270402105525136
7470,0.0027031528297811747
7471,0.0027027525939047337
7472,0.0027024289593100548
7473,0.002702154219150543
7474,0.0027016480453312397
7475,0.0027007749304175377
7476,0.0027015386149287224
7477,0.002699474338442087
7478,0.0026989728212356567
7479,0.002698637079447508
7480,0.0026983623392879963
7481,0.002697859425097704
7482,0.0026973863132297993
7483,0.002696611452847719
7484,0.0026961923576891422
7485,0.0026956875808537006
7486,0.002695356495678425
7487,0.0026948433369398117
7488,0.002694294787943363
7489,0.0026938091032207012
7490,0.002693322254344821
7491,0.0026929322630167007
7492,0.0026931685861200094
7493,0.0026925229467451572
7494,0.002692308509722352
7495,0.0026920288801193237
7496,0.002691839123144746
7497,0.002691485220566392
7498,0.0026906225830316544
7499,0.0026898530777543783
7500,0.0026893634349107742
7501,0.0026890947483479977
7502,0.002688861917704344
7503,0.0026885843835771084
7504,0.002688055858016014
7505,0.0026876660995185375
7506,0.0026871124282479286
7507,0.0026863955426961184
7508,0.0026859240606427193
7509,0.002685446524992585
7510,0.002684948965907097
7511,0.0026843110099434853
7512,0.0026839175261557102
7513,0.0026828201953321695
7514,0.0026819841004908085
7515,0.0026812138967216015
7516,0.002680373378098011
7517,0.002679403405636549
7518,0.0026783233042806387
7519,0.002677611308172345
7520,0.002677070675417781
7521,0.00267663411796093
7522,0.0026759221218526363
7523,0.0026755440048873425
7524,0.0026750308461487293
7525,0.0026744105853140354
7526,0.0026741630863398314
7527,0.0026735628489404917
7528,0.0026724038179963827
7529,0.00267152301967144
7530,0.0026707137003540993
7531,0.0026702256873250008
7532,0.0026692901737987995
7533,0.0026686610653996468
7534,0.0026676494162529707
7535,0.002668033353984356
7536,0.0026664561592042446
7537,0.0026658102869987488
7538,0.002665327861905098
7539,0.002664864994585514
7540,0.00266439002007246
7541,0.0026662093587219715
7542,0.0026633625384420156
7543,0.002662814687937498
7544,0.0026623590383678675
7545,0.0026619350537657738
7546,0.002661511767655611
7547,0.002660650061443448
7548,0.002660712692886591
7549,0.002659149933606386
7550,0.0026587708853185177
7551,0.002658456563949585
7552,0.002657921053469181
7553,0.0026568348985165358
7554,0.002656327560544014
7555,0.0026556123048067093
7556,0.0026551680639386177
7557,0.00265490566380322
7558,0.0026545836590230465
7559,0.0026541659608483315
7560,0.0026531966868788004
7561,0.002652382478117943
7562,0.0026515889912843704
7563,0.002651275135576725
7564,0.002650931477546692
7565,0.0026506211142987013
7566,0.0026502064429223537
7567,0.0026497445069253445
7568,0.002649165689945221
7569,0.0026480411179363728
7570,0.0026470625307410955
7571,0.002646429929882288
7572,0.0026457137428224087
7573,0.0026449784636497498
7574,0.0026444322429597378
7575,0.0026443847455084324
7576,0.002643182873725891
7577,0.0026426692493259907
7578,0.0026422429364174604
7579,0.002641913015395403
7580,0.002641388913616538
7581,0.0026401099748909473
7582,0.0026429560966789722
7583,0.0026385579258203506
7584,0.002637868747115135
7585,0.00263749691657722
7586,0.0026371649000793695
7587,0.002636417280882597
7588,0.0026353560388088226
7589,0.0026352994609624147
7590,0.002634062198922038
7591,0.002633596770465374
7592,0.0026332433335483074
7593,0.0026326633524149656
7594,0.002631933894008398
7595,0.0026310051325708628
7596,0.0026304302737116814
7597,0.0026297341100871563
7598,0.0026290863752365112
7599,0.002628412563353777
7600,0.002627854933962226
7601,0.0026274232659488916
7602,0.0026269624941051006
7603,0.002626232337206602
7604,0.002625686815008521
7605,0.0026253373362123966
7606,0.002624743152409792
7607,0.0026252944953739643
7608,0.002624040236696601
7609,0.0026237149722874165
7610,0.0026232111267745495
7611,0.0026228418573737144
7612,0.002622102852910757
7613,0.002621327992528677
7614,0.0026203044690191746
7615,0.0026198606938123703
7616,0.002619489561766386
7617,0.0026190190110355616
7618,0.0026183894369751215
7619,0.0026174630038440228
7620,0.002616528421640396
7621,0.002615948673337698
7622,0.0026153824292123318
7623,0.002614311408251524
7624,0.0026236625853925943
7625,0.002613527700304985
7626,0.0026126704178750515
7627,0.0026121996343135834
7628,0.0026117535308003426
7629,0.002611280418932438
7630,0.0026113204658031464
7631,0.0026103900745511055
7632,0.0026099635288119316
7633,0.002609401009976864
7634,0.0026086955331265926
7635,0.002607891568914056
7636,0.002607217989861965
7637,0.002606706228107214
7638,0.0026064312551170588
7639,0.002605999819934368
7640,0.0026056324131786823
7641,0.002605212153866887
7642,0.002604333683848381
7643,0.0026040063239634037
7644,0.0026026933919638395
7645,0.0026020524092018604
7646,0.0026015285402536392
7647,0.0026010465808212757
7648,0.002600119449198246
7649,0.002598536666482687
7650,0.0025996684562414885
7651,0.0025967161636799574
7652,0.002596092177554965
7653,0.0025957648176699877
7654,0.0025955040473490953
7655,0.0025951475836336613
7656,0.002594670280814171
7657,0.0025939960032701492
7658,0.002593366662040353
7659,0.002592797391116619
7660,0.002592419972643256
7661,0.002592067001387477
7662,0.002591666765511036
7663,0.0025911491829901934
7664,0.0025906844530254602
7665,0.0025902974884957075
7666,0.0025896034203469753
7667,0.0025892143603414297
7668,0.0025885729119181633
7669,0.002587975235655904
7670,0.002587184077128768
7671,0.002586804796010256
7672,0.002586317714303732
7673,0.0025859917514026165
7674,0.0025856071151793003
7675,0.0025851759128272533
7676,0.0025844541378319263
7677,0.0025839670561254025
7678,0.002583308145403862
7679,0.002583244349807501
7680,0.0025822632014751434
7681,0.0025819074362516403
7682,0.0025812762323766947
7683,0.002580381464213133
7684,0.002580562373623252
7685,0.002579208230599761
7686,0.0025787942577153444
7687,0.002578501123934984
7688,0.0025781644508242607
7689,0.0025777132250368595
7690,0.0025770561769604683
7691,0.0025762980803847313
7692,0.0025758203119039536
7693,0.0025755115784704685
7694,0.002574979793280363
7695,0.0025742794387042522
7696,0.0025743055157363415
7697,0.0025734067894518375
7698,0.0025731511414051056
7699,0.002572926227003336
7700,0.0025726028252393007
7701,0.002571855438873172
7702,0.002570921555161476
7703,0.0025701026897877455
7704,0.0025693215429782867
7705,0.002568960189819336
7706,0.0025686249136924744
7707,0.0025682428386062384
7708,0.0025679466780275106
7709,0.002567507792264223
7710,0.002566612558439374
7711,0.0025693969801068306
7712,0.0025654861237853765
7713,0.0025649992749094963
7714,0.00256469682790339
7715,0.0025644542183727026
7716,0.0025640283711254597
7717,0.0025641173124313354
7718,0.0025627356953918934
7719,0.0025619652587920427
7720,0.0025612828321754932
7721,0.0025607303250581026
7722,0.0025598956272006035
7723,0.00255931681022048
7724,0.002558480016887188
7725,0.0025580967776477337
7726,0.0025576234329491854
7727,0.002557136584073305
7728,0.0025562485679984093
7729,0.002560229040682316
7730,0.0025553987361490726
7731,0.0025548997800797224
7732,0.0025544967502355576
7733,0.0025539137423038483
7734,0.0025534387677907944
7735,0.0025527244433760643
7736,0.0025521311908960342
7737,0.002551604760810733
7738,0.0025512026622891426
7739,0.0025505078956484795
7740,0.0025497223250567913
7741,0.0025488066021353006
7742,0.002548145828768611
7743,0.002547616371884942
7744,0.0025467972736805677
7745,0.002545913914218545
7746,0.002544691087678075
7747,0.0025436030700802803
7748,0.0025426470674574375
7749,0.00254237512126565
7750,0.0025418212171643972
7751,0.0025414065457880497
7752,0.0025410130620002747
7753,0.002540445886552334
7754,0.0025395071133971214
7755,0.002538335509598255
7756,0.002536785090342164
7757,0.0025358223356306553
7758,0.002535304520279169
7759,0.0025348744820803404
7760,0.002534430008381605
7761,0.002533836057409644
7762,0.0025332781951874495
7763,0.0025323338340967894
7764,0.002530735917389393
7765,0.0025363494642078876
7766,0.0025292541831731796
7767,0.0025283810682594776
7768,0.0025277964305132627
7769,0.002527224365621805
7770,0.002526566619053483
7771,0.0025293228682130575
7772,0.0025255028158426285
7773,0.0025248939637094736
7774,0.002524353563785553
7775,0.0025239295791834593
7776,0.0025235232897102833
7777,0.002523627132177353
7778,0.002522228518500924
7779,0.0025217377115041018
7780,0.002521260641515255
7781,0.0025206462014466524
7782,0.002519631292670965
7783,0.0025181276723742485
7784,0.0025170273147523403
7785,0.0025163956452161074
7786,0.0025154517497867346
7787,0.002514706226065755
7788,0.00251382845453918
7789,0.0025129804853349924
7790,0.0025121821090579033
7791,0.002511552069336176
7792,0.002510911552235484
7793,0.0025104377418756485
7794,0.002509844256564975
7795,0.0025095995515584946
7796,0.0025088051334023476
7797,0.0025084447115659714
7798,0.0025080011691898108
7799,0.002507462864741683
7800,0.0025066311936825514
7801,0.002505581360310316
7802,0.0025050933472812176
7803,0.0025045261718332767
7804,0.0025039140600711107
7805,0.0025034283753484488
7806,0.0025027638766914606
7807,0.0025017657317221165
7808,0.002500693080946803
7809,0.0024999496527016163
7810,0.0024994038976728916
7811,0.0024987072683870792
7812,0.0024981647729873657
7813,0.00249776360578835
7814,0.002497381530702114
7815,0.0024968027137219906
7816,0.002497233683243394
7817,0.002495645312592387
7818,0.002495178487151861
7819,0.002494717948138714
7820,0.002494283951818943
7821,0.0024937407579272985
7822,0.002505318960174918
7823,0.0024931507650762796
7824,0.0024921779986470938
7825,0.0024916541296988726
7826,0.002491029677912593
7827,0.00249038846231997
7828,0.0024895942769944668
7829,0.002488610800355673
7830,0.0024877984542399645
7831,0.00248702266253531
7832,0.002486363984644413
7833,0.0024854782968759537
7834,0.002484898315742612
7835,0.0024843739811331034
7836,0.0024839555844664574
7837,0.002483086660504341
7838,0.0024821781553328037
7839,0.0024814438074827194
7840,0.0024807527661323547
7841,0.0024802188854664564
7842,0.0024796538054943085
7843,0.0024791688192635775
7844,0.002478628419339657
7845,0.002478300593793392
7846,0.002477961126714945
7847,0.0024774426128715277
7848,0.0024769920855760574
7849,0.002476378809660673
7850,0.0024758800864219666
7851,0.002475555520504713
7852,0.0024750479497015476
7853,0.002474243985489011
7854,0.0024731832090765238
7855,0.0024799020029604435
7856,0.002472171327099204
7857,0.0024715636391192675
7858,0.002471247920766473
7859,0.0024708586279302835
7860,0.0024703573435544968
7861,0.0024690960999578238
7862,0.0024678613990545273
7863,0.0024672856088727713
7864,0.002466838574036956
7865,0.0024664902593940496
7866,0.0024662893265485764
7867,0.002465928439050913
7868,0.0024654411245137453
7869,0.0024646699894219637
7870,0.0024653130676597357
7871,0.002463577315211296
7872,0.002463162411004305
7873,0.0024627179373055696
7874,0.002462232019752264
7875,0.00246161175891757
7876,0.002460709773004055
7877,0.002459151204675436
7878,0.0024581733159720898
7879,0.00245737936347723
7880,0.0024570340756326914
7881,0.002456843852996826
7882,0.002456303918734193
7883,0.002455286681652069
7884,0.0024539874866604805
7885,0.0024531763046979904
7886,0.0024523793254047632
7887,0.002451901789754629
7888,0.002451568841934204
7889,0.002451173961162567
7890,0.002450552536174655
7891,0.0024496400728821754
7892,0.002449087332934141
7893,0.0024480707943439484
7894,0.0024477203842252493
7895,0.0024473064113408327
7896,0.002446957863867283
7897,0.0024463157169520855
7898,0.0024493574164807796
7899,0.002445393241941929
7900,0.0024448996409773827
7901,0.002444661222398281
7902,0.0024443750735372305
7903,0.0024440153501927853
7904,0.0024432982318103313
7905,0.002442485187202692
7906,0.002442000200971961
7907,0.0024412081111222506
7908,0.002440878190100193
7909,0.0024402556009590626
7910,0.002451081294566393
7911,0.002439814619719982
7912,0.0024389969184994698
7913,0.0024387259036302567
7914,0.0024384157732129097
7915,0.0024380299728363752
7916,0.0024375910870730877
7917,0.0024372637271881104
7918,0.002436705632135272
7919,0.0024360688403248787
7920,0.0024353163316845894
7921,0.0024345386773347855
7922,0.002434025052934885
7923,0.0024331449531018734
7924,0.002432681620121002
7925,0.0024323398247361183
7926,0.0024316671770066023
7927,0.0024307062849402428
7928,0.0024295661132782698
7929,0.00242850324138999
7930,0.002428122330456972
7931,0.0024271588772535324
7932,0.002426725812256336
7933,0.0024265185929834843
7934,0.0024262089282274246
7935,0.0024255842436105013
7936,0.0024266191758215427
7937,0.0024243402294814587
7938,0.002423865022137761
7939,0.002423532772809267
7940,0.0024230657145380974
7941,0.0024226175155490637
7942,0.002422103425487876
7943,0.002421468496322632
7944,0.0024210785049945116
7945,0.002420450560748577
7946,0.0024200580082833767
7947,0.002419248688966036
7948,0.002418957185000181
7949,0.002418327145278454
7950,0.0024169643875211477
7951,0.002415334340184927
7952,0.002413767157122493
7953,0.002413105685263872
7954,0.002412001136690378
7955,0.0024110591039061546
7956,0.002409794367849827
7957,0.002409841865301132
7958,0.0024078725837171078
7959,0.0024069780483841896
7960,0.0024060914292931557
7961,0.0024052076041698456
7962,0.0024036646354943514
7963,0.002402201760560274
7964,0.002400805242359638
7965,0.0024000802077353
7966,0.002398538403213024
7967,0.002402705606073141
7968,0.0023978138342499733
7969,0.002397453412413597
7970,0.0023972075432538986
7971,0.0023968578316271305
7972,0.0023962710984051228
7973,0.0023955104406923056
7974,0.0023946219589561224
7975,0.0023935330100357533
7976,0.0023929092567414045
7977,0.0023923558183014393
7978,0.002391887828707695
7979,0.00239083101041615
7980,0.002390137640759349
7981,0.002388826571404934
7982,0.0023880857042968273
7983,0.0023876915220171213
7984,0.0023872372694313526
7985,0.002386848907917738
7986,0.002386443316936493
7987,0.0023859688080847263
7988,0.0023850896395742893
7989,0.0023839478380978107
7990,0.0023833438754081726
7991,0.002382436767220497
7992,0.0023816374596208334
7993,0.002380980644375086
7994,0.002380378544330597
7995,0.002379640704020858
7996,0.002379432087764144
7997,0.0023784274235367775
7998,0.002377711934968829
7999,0.002377093769609928
8000,0.0023764974903315306
8001,0.002375710289925337
8002,0.0023744849022477865
8003,0.0023766150698065758
8004,0.0023732574190944433
8005,0.0023728476371616125
8006,0.0023726143408566713
8007,0.0023723391350358725
8008,0.0023718252778053284
8009,0.0023708497174084187
8010,0.002369805471971631
8011,0.002368151443079114
8012,0.0023670755326747894
8013,0.0023659293074160814
8014,0.002365030348300934
8015,0.0023648012429475784
8016,0.002363706473261118
8017,0.0023632808588445187
8018,0.002362881088629365
8019,0.0023626014590263367
8020,0.002362092025578022
8021,0.0023616324178874493
8022,0.0023608114570379257
8023,0.0023603527806699276
8024,0.0023599080741405487
8025,0.0023592058569192886
8026,0.0023580961860716343
8027,0.0023571630008518696
8028,0.002356723416596651
8029,0.0023564230650663376
8030,0.002355907578021288
8031,0.002355146687477827
8032,0.002354359021410346
8033,0.0023534810170531273
8034,0.0023522470146417618
8035,0.0023547420278191566
8036,0.002350678201764822
8037,0.0023500469978898764
8038,0.0023496714420616627
8039,0.002349298447370529
8040,0.0023485086858272552
8041,0.0023478667717427015
8042,0.0023469803854823112
8043,0.0023465529084205627
8044,0.0023457242641597986
8045,0.0023448034189641476
8046,0.0023430162109434605
8047,0.0023416713811457157
8048,0.0023408441338688135
8049,0.0023401170037686825
8050,0.0023397807963192463
8051,0.002339339815080166
8052,0.002338682534173131
8053,0.0023380606435239315
8054,0.002337520243600011
8055,0.0023368611000478268
8056,0.0023359055630862713
8057,0.0023370864801108837
8058,0.00233516376465559
8059,0.002334829419851303
8060,0.0023345472291111946
8061,0.002334190532565117
8062,0.0023337709717452526
8063,0.0023332906421273947
8064,0.0023327164817601442
8065,0.002331842202693224
8066,0.0023313574492931366
8067,0.0023307078517973423
8068,0.002329693641513586
8069,0.0023343954235315323
8070,0.0023290461394935846
8071,0.002328538103029132
8072,0.0023283781483769417
8073,0.0023281225003302097
8074,0.0023278521839529276
8075,0.0023273173719644547
8076,0.0023267206270247698
8077,0.002326173707842827
8078,0.002325200941413641
8079,0.002324651926755905
8080,0.002324026543647051
8081,0.002323451451957226
8082,0.00232286611571908
8083,0.0023217741400003433
8084,0.002321154111996293
8085,0.0023200372233986855
8086,0.002318733371794224
8087,0.0023181757424026728
8088,0.002317439066246152
8089,0.0023167934268712997
8090,0.002316197147592902
8091,0.002315471414476633
8092,0.002314604353159666
8093,0.002313230186700821
8094,0.002313889330253005
8095,0.0023113624192774296
8096,0.00231057102791965
8097,0.0023100078105926514
8098,0.0023094122298061848
8099,0.0023084902204573154
8100,0.002308288123458624
8101,0.0023070615716278553
8102,0.0023065637797117233
8103,0.0023060215171426535
8104,0.0023053581826388836
8105,0.002308016875758767
8106,0.0023044543340802193
8107,0.002303832210600376
8108,0.002303340472280979
8109,0.0023028405848890543
8110,0.0023021926172077656
8111,0.002301148371770978
8112,0.0023022613022476435
8113,0.0022995518520474434
8114,0.002298859879374504
8115,0.002298490609973669
8116,0.002298080362379551
8117,0.0022975546307861805
8118,0.002296869643032551
8119,0.0022963767405599356
8120,0.0022959797643125057
8121,0.0022956416942179203
8122,0.0022950167767703533
8123,0.002297973958775401
8124,0.002294268226251006
8125,0.002293865429237485
8126,0.002293654717504978
8127,0.0022934526205062866
8128,0.0022930274717509747
8129,0.002292223507538438
8130,0.002293239813297987
8131,0.0022907208185642958
8132,0.002290146192535758
8133,0.0022896593436598778
8134,0.0022891568951308727
8135,0.0022886651568114758
8136,0.0022880586329847574
8137,0.002287437440827489
8138,0.002287016250193119
8139,0.0022866246290504932
8140,0.00228597829118371
8141,0.002289943862706423
8142,0.0022852392867207527
8143,0.0022847705986350775
8144,0.002284514717757702
8145,0.0022842450998723507
8146,0.002283949637785554
8147,0.002283317968249321
8148,0.002282273955643177
8149,0.0022810620721429586
8150,0.002280459040775895
8151,0.0022796199191361666
8152,0.0022792124655097723
8153,0.002278793603181839
8154,0.0022781824227422476
8155,0.0022774548269808292
8156,0.0022766024339944124
8157,0.0022761665750294924
8158,0.0022753295488655567
8159,0.002274966798722744
8160,0.002274357480928302
8161,0.0022765030153095722
8162,0.0022735893726348877
8163,0.002273205667734146
8164,0.0022728093899786472
8165,0.0022722850553691387
8166,0.0022715155500918627
8167,0.0022713004145771265
8168,0.002270459895953536
8169,0.0022700778208673
8170,0.002269924385473132
8171,0.0022695339284837246
8172,0.0022689010947942734
8173,0.0022679627873003483
8174,0.0022675152868032455
8175,0.002266678959131241
8176,0.002266342518851161
8177,0.0022660023532807827
8178,0.0022657238878309727
8179,0.0022652933839708567
8180,0.002264901529997587
8181,0.0022637329529970884
8182,0.0022632740437984467
8183,0.0022626291029155254
8184,0.0022621573880314827
8185,0.0022616733331233263
8186,0.002260956447571516
8187,0.0022601799573749304
8188,0.0022596647031605244
8189,0.0022587801795452833
8190,0.0022583501413464546
8191,0.0022580581717193127
8192,0.002256884938105941
8193,0.0022560933139175177
8194,0.002254393883049488
8195,0.0022541778162121773
8196,0.0022530625574290752
8197,0.0022527864202857018
8198,0.002252513775601983
8199,0.0022520828060805798
8200,0.002251380356028676
8201,0.0022503933869302273
8202,0.0022499680053442717
8203,0.0022491959389299154
8204,0.002248861361294985
8205,0.0022486005909740925
8206,0.0022480448242276907
8207,0.002247242024168372
8208,0.002246337477117777
8209,0.0022450352553278208
8210,0.002244231989607215
8211,0.0022433290723711252
8212,0.002242429181933403
8213,0.0022414776030927896
8214,0.0022407269570976496
8215,0.0022399048320949078
8216,0.002239105524495244
8217,0.0022385460324585438
8218,0.0022376044653356075
8219,0.00223662331700325
8220,0.0022359013091772795
8221,0.0022348505444824696
8222,0.0022342074662446976
8223,0.002233728766441345
8224,0.0022332333028316498
8225,0.0022324365563690662
8226,0.002231098245829344
8227,0.0022385092452168465
8228,0.0022302267607301474
8229,0.0022296200040727854
8230,0.0022294085938483477
8231,0.0022291608620435
8232,0.0022288637701421976
8233,0.0022282612044364214
8234,0.0022277329117059708
8235,0.0022265210282057524
8236,0.0022258185781538486
8237,0.0022249568719416857
8238,0.0022243214771151543
8239,0.002223097486421466
8240,0.002221799222752452
8241,0.002221359871327877
8242,0.002220886293798685
8243,0.002220539841800928
8244,0.002220325404778123
8245,0.0022198755759745836
8246,0.0022192257456481457
8247,0.0022184387780725956
8248,0.002217447618022561
8249,0.002216190565377474
8250,0.002215367741882801
8251,0.002214213367551565
8252,0.002213426399976015
8253,0.0022120445501059294
8254,0.0022118203341960907
8255,0.002209889702498913
8256,0.0022091197315603495
8257,0.0022083884105086327
8258,0.002207315992563963
8259,0.002205771394073963
8260,0.0022102324292063713
8261,0.0022042745258659124
8262,0.002203558571636677
8263,0.002203107811510563
8264,0.0022027059458196163
8265,0.002202055649831891
8266,0.00220100162550807
8267,0.002201822819188237
8268,0.002199713373556733
8269,0.00219929963350296
8270,0.0021990148816257715
8271,0.0021986623760312796
8272,0.0021981769241392612
8273,0.002197392052039504
8274,0.002197480062022805
8275,0.002195904264226556
8276,0.00219530938193202
8277,0.0021948262583464384
8278,0.0021945731714367867
8279,0.0021941240411251783
8280,0.002193546388298273
8281,0.0021933841053396463
8282,0.0021926029585301876
8283,0.0021921773441135883
8284,0.002191755222156644
8285,0.002191331936046481
8286,0.0021905212197452784
8287,0.0021892047952860594
8288,0.0021884660236537457
8289,0.0021875316742807627
8290,0.0021870576310902834
8291,0.002186442958191037
8292,0.0021858825348317623
8293,0.0021854513324797153
8294,0.0021847235038876534
8295,0.002184163313359022
8296,0.002183811040595174
8297,0.002183381002396345
8298,0.0021824368741363287
8299,0.00218233373016119
8300,0.0021814899519085884
8301,0.0021812324412167072
8302,0.0021810138132423162
8303,0.0021808212623000145
8304,0.0021801795810461044
8305,0.002179362578317523
8306,0.0021791651379317045
8307,0.0021778051741421223
8308,0.002177219605073333
8309,0.002176837297156453
8310,0.0021764247212558985
8311,0.0021757115609943867
8312,0.0021742726676166058
8313,0.002173248678445816
8314,0.002172414679080248
8315,0.0021721571683883667
8316,0.00217170687392354
8317,0.002171080559492111
8318,0.002170170657336712
8319,0.0021689615678042173
8320,0.0021679953206330538
8321,0.0021671864669770002
8322,0.002166557591408491
8323,0.0021658020559698343
8324,0.0021644262596964836
8325,0.0021638565231114626
8326,0.002162773394957185
8327,0.002162366174161434
8328,0.0021621084306389093
8329,0.0021616120357066393
8330,0.002160880248993635
8331,0.00216012098826468
8332,0.0021597088780254126
8333,0.0021590834949165583
8334,0.002159038558602333
8335,0.0021583319175988436
8336,0.0021579789463430643
8337,0.0021575232967734337
8338,0.0021572578698396683
8339,0.0021568110678344965
8340,0.0021557302679866552
8341,0.0021574751008301973
8342,0.002154417335987091
8343,0.0021540492307394743
8344,0.0021538115106523037
8345,0.002153522800654173
8346,0.002153682755306363
8347,0.002153008710592985
8348,0.0021526552736759186
8349,0.00215225201100111
8350,0.002151999156922102
8351,0.002151580061763525
8352,0.00215116492472589
8353,0.0021508634090423584
8354,0.0021507376804947853
8355,0.0021505129989236593
8356,0.0021500354632735252
8357,0.002149415435269475
8358,0.002148931147530675
8359,0.0021482391748577356
8360,0.0021473956294357777
8361,0.0021467357873916626
8362,0.0021461357828229666
8363,0.0021456752438098192
8364,0.002145039848983288
8365,0.0021443429868668318
8366,0.0021437378600239754
8367,0.0021432272624224424
8368,0.002142351120710373
8369,0.002142008626833558
8370,0.0021414265502244234
8371,0.002140695694833994
8372,0.002139646327123046
8373,0.0021381902042776346
8374,0.002140101045370102
8375,0.002137135248631239
8376,0.0021367627196013927
8377,0.0021366318687796593
8378,0.002136338036507368
8379,0.0021359294187277555
8380,0.0021361904218792915
8381,0.0021350914612412453
8382,0.0021346393041312695
8383,0.0021341745741665363
8384,0.0021337741054594517
8385,0.00213331519626081
8386,0.002136453054845333
8387,0.002132873982191086
8388,0.002132543595507741
8389,0.002132390858605504
8390,0.002132142661139369
8391,0.002131814369931817
8392,0.0021312229800969362
8393,0.0021316143684089184
8394,0.002130363369360566
8395,0.0021300134249031544
8396,0.002129668602719903
8397,0.0021293535828590393
8398,0.0021287433337420225
8399,0.0021306483540683985
8400,0.002127992920577526
8401,0.002127637155354023
8402,0.0021274692844599485
8403,0.00212721130810678
8404,0.0021269030403345823
8405,0.0021265801042318344
8406,0.0021261260844767094
8407,0.0021259253844618797
8408,0.002125631785020232
8409,0.0021254264283925295
8410,0.002125002210959792
8411,0.0021241256035864353
8412,0.00212333956733346
8413,0.0021225917153060436
8414,0.002122259698808193
8415,0.002121618017554283
8416,0.00212123803794384
8417,0.002120557939633727
8418,0.002119823358952999
8419,0.0021193809807300568
8420,0.002118983305990696
8421,0.002118536736816168
8422,0.002117717871442437
8423,0.0021181071642786264
8424,0.0021166454534977674
8425,0.002116279909387231
8426,0.0021159849129617214
8427,0.002115568146109581
8428,0.0021149779204279184
8429,0.0021143413614481688
8430,0.002113629598170519
8431,0.0021128393709659576
8432,0.002112077083438635
8433,0.002111359965056181
8434,0.0021105108316987753
8435,0.0021110051311552525
8436,0.0021096039563417435
8437,0.0021093657705932856
8438,0.002109120599925518
8439,0.0021088947542011738
8440,0.002108327578753233
8441,0.0021078886929899454
8442,0.0021072709932923317
8443,0.0021069280337542295
8444,0.0021066779736429453
8445,0.002106353873386979
8446,0.0021055429242551327
8447,0.002104509621858597
8448,0.0021035100799053907
8449,0.0021029403433203697
8450,0.002102389233186841
8451,0.002101765712723136
8452,0.0021008746698498726
8453,0.002099665580317378
8454,0.002098984783515334
8455,0.002098164986819029
8456,0.002097128890454769
8457,0.0020958115346729755
8458,0.002095484407618642
8459,0.0020943605341017246
8460,0.0020938822999596596
8461,0.0020934122148901224
8462,0.0020928133744746447
8463,0.0020916934590786695
8464,0.0020915428176522255
8465,0.0020904727280139923
8466,0.002090143971145153
8467,0.002089774003252387
8468,0.0020893882028758526
8469,0.002088602166622877
8470,0.002087714383378625
8471,0.0020870782900601625
8472,0.0020863343961536884
8473,0.002085856394842267
8474,0.0020853732712566853
8475,0.002084947656840086
8476,0.002084126928821206
8477,0.002083414699882269
8478,0.0020828917622566223
8479,0.002082433784380555
8480,0.002081969752907753
8481,0.002081567421555519
8482,0.0020810088608413935
8483,0.0020805501844733953
8484,0.002079984173178673
8485,0.0020796554163098335
8486,0.002078917110338807
8487,0.002078437013551593
8488,0.0020781944040209055
8489,0.0020779932383447886
8490,0.0020775310695171356
8491,0.002076976001262665
8492,0.0020760828629136086
8493,0.002075433498248458
8494,0.002074969932436943
8495,0.002074708230793476
8496,0.00207413244061172
8497,0.0020751957781612873
8498,0.0020730493124574423
8499,0.002072608796879649
8500,0.0020722656045109034
8501,0.0020720341708511114
8502,0.002071593888103962
8503,0.002071202266961336
8504,0.002070664893835783
8505,0.002070341259241104
8506,0.002069853711873293
8507,0.0020691892132163048
8508,0.0020685545168817043
8509,0.0020680830348283052
8510,0.002067230176180601
8511,0.002068431582301855
8512,0.0020669091027230024
8513,0.002066705608740449
8514,0.0020665449555963278
8515,0.002066363114863634
8516,0.00206619780510664
8517,0.0020658252760767937
8518,0.0020651500672101974
8519,0.002064512809738517
8520,0.002063827821984887
8521,0.0020633991807699203
8522,0.0020627689082175493
8523,0.0020621707662940025
8524,0.0020615295507013798
8525,0.002061122562736273
8526,0.0020607495680451393
8527,0.002060242462903261
8528,0.0020597579423338175
8529,0.0020589896012097597
8530,0.002058094833046198
8531,0.0020576308015733957
8532,0.0020571169443428516
8533,0.002056603319942951
8534,0.0020562068093568087
8535,0.00205558305606246
8536,0.00205488339997828
8537,0.0020541204139590263
8538,0.002053316216915846
8539,0.002052866853773594
8540,0.002052407944574952
8541,0.002052072435617447
8542,0.0020512831397354603
8543,0.0020504293497651815
8544,0.0020495522767305374
8545,0.0020489718299359083
8546,0.002048531547188759
8547,0.00204806262627244
8548,0.002047395333647728
8549,0.0020463434047997
8550,0.002045550150796771
8551,0.0020450185984373093
8552,0.0020447669085115194
8553,0.0020441533997654915
8554,0.0020432646851986647
8555,0.0020426271948963404
8556,0.0020423205569386482
8557,0.0020418197382241488
8558,0.002041368978098035
8559,0.0020413841120898724
8560,0.0020404059905558825
8561,0.002040004590526223
8562,0.0020396916661411524
8563,0.0020393328741192818
8564,0.0020386059768497944
8565,0.002038561040535569
8566,0.0020377198234200478
8567,0.002037519821897149
8568,0.002037297934293747
8569,0.002037087921053171
8570,0.002036483958363533
8571,0.0020415664184838533
8572,0.002035842277109623
8573,0.002035313518717885
8574,0.002035060664638877
8575,0.002034752396866679
8576,0.0020343370269984007
8577,0.002034000586718321
8578,0.002033321652561426
8579,0.0020329991821199656
8580,0.0020324031356722116
8581,0.002032074611634016
8582,0.002031582174822688
8583,0.002031004289165139
8584,0.002030386123806238
8585,0.0020300799515098333
8586,0.0020297341980040073
8587,0.0020294967107474804
8588,0.0020293311681598425
8589,0.00202914304099977
8590,0.0020288119558244944
8591,0.0020281942561268806
8592,0.0020277476869523525
8593,0.002027197042480111
8594,0.002026870846748352
8595,0.0020263504702597857
8596,0.002026629401370883
8597,0.002025882015004754
8598,0.0020255977287888527
8599,0.0020251963287591934
8600,0.0020247267093509436
8601,0.002024280373007059
8602,0.0020241853781044483
8603,0.002023375825956464
8604,0.0020229187794029713
8605,0.0020225271582603455
8606,0.0020221457816660404
8607,0.0020217581186443567
8608,0.0020216277334839106
8609,0.0020203478634357452
8610,0.0020199022255837917
8611,0.0020193438977003098
8612,0.0020187431946396828
8613,0.0020178640261292458
8614,0.002017153659835458
8615,0.0020163217559456825
8616,0.0020158831030130386
8617,0.0020154560916125774
8618,0.0020180419087409973
8619,0.0020149308256804943
8620,0.002014601370319724
8621,0.0020143575966358185
8622,0.0020141848362982273
8623,0.00201393011957407
8624,0.0020130621269345284
8625,0.0020122083369642496
8626,0.0020111175253987312
8627,0.002009965479373932
8628,0.002009078860282898
8629,0.0020084509160369635
8630,0.0020080034155398607
8631,0.0020072662737220526
8632,0.002006733324378729
8633,0.0020065943244844675
8634,0.002006188966333866
8635,0.0020057528745383024
8636,0.0020054641645401716
8637,0.002005138201639056
8638,0.0020047444850206375
8639,0.002022983506321907
8640,0.0020049039740115404
8641,0.002003924222663045
8642,0.002003676490858197
8643,0.002003350295126438
8644,0.002002932131290436
8645,0.0020025463309139013
8646,0.0020014599431306124
8647,0.002000584965571761
8648,0.0019999011419713497
8649,0.001999140251427889
8650,0.0019987057894468307
8651,0.001998285297304392
8652,0.001997782848775387
8653,0.001997017301619053
8654,0.0019968077540397644
8655,0.001995885744690895
8656,0.0019955981988459826
8657,0.001995373982936144
8658,0.0019952019210904837
8659,0.0019948813132941723
8660,0.0019946666434407234
8661,0.0019943511579185724
8662,0.001993879908695817
8663,0.0019931220449507236
8664,0.0019920463673770428
8665,0.001991438679397106
8666,0.00199066661298275
8667,0.0019903199281543493
8668,0.0019900912884622812
8669,0.001989601645618677
8670,0.0019888924434781075
8671,0.001988066593185067
8672,0.0019872530829161406
8673,0.001986774383112788
8674,0.001985922222957015
8675,0.0019848383963108063
8676,0.0019837035797536373
8677,0.001982649089768529
8678,0.0019812402315437794
8679,0.001979927299544215
8680,0.0019784884061664343
8681,0.0019775377586483955
8682,0.0019766653422266245
8683,0.0019758844282478094
8684,0.0019750273786485195
8685,0.0019738413393497467
8686,0.0019753966480493546
8687,0.0019726657774299383
8688,0.0019722457509487867
8689,0.0019718932453542948
8690,0.0019715363159775734
8691,0.001970936544239521
8692,0.0019697099924087524
8693,0.0019681721460074186
8694,0.0019689372275024652
8695,0.001966779353097081
8696,0.001966221956536174
8697,0.0019658736418932676
8698,0.0019655469805002213
8699,0.0019649071618914604
8700,0.001964943716302514
8701,0.0019634601194411516
8702,0.001962998416274786
8703,0.0019624317064881325
8704,0.001961740432307124
8705,0.0019611448515206575
8706,0.0019603734835982323
8707,0.0019598379731178284
8708,0.0019595010671764612
8709,0.0019592493772506714
8710,0.0019589702133089304
8711,0.0019585005939006805
8712,0.0019582039676606655
8713,0.0019579653162509203
8714,0.0019577734638005495
8715,0.00195723632350564
8716,0.0019565019756555557
8717,0.001955143641680479
8718,0.0019649602472782135
8719,0.0019537070766091347
8720,0.0019527109107002616
8721,0.0019522111397236586
8722,0.001951666665263474
8723,0.0019509017001837492
8724,0.001951316837221384
8725,0.0019500667694956064
8726,0.0019495885353535414
8727,0.0019491540733724833
8728,0.0019487341633066535
8729,0.001948051736690104
8730,0.0019468485843390226
8731,0.0019457635935395956
8732,0.0019451312255114317
8733,0.0019445683574303985
8734,0.001944112591445446
8735,0.0019431759137660265
8736,0.0019427862716838717
8737,0.0019420082680881023
8738,0.001941528171300888
8739,0.0019410117529332638
8740,0.0019403286278247833
8741,0.001939629903063178
8742,0.001938658650033176
8743,0.0019377210410311818
8744,0.0019368496723473072
8745,0.0019360014703124762
8746,0.0019352346425876021
8747,0.0019349000649526715
8748,0.0019341334700584412
8749,0.001933646504767239
8750,0.001933304127305746
8751,0.0019330151844769716
8752,0.0019325029570609331
8753,0.0019317932892590761
8754,0.0019310472998768091
8755,0.0019304268062114716
8756,0.0019292855868116021
8757,0.0019288897747173905
8758,0.0019285535672679543
8759,0.0019282682333141565
8760,0.001927749253809452
8761,0.001926980447024107
8762,0.0019282435532659292
8763,0.0019256497034803033
8764,0.0019251160556450486
8765,0.0019246491137892008
8766,0.0019243673887103796
8767,0.0019235692452639341
8768,0.0019241650588810444
8769,0.0019223049748688936
8770,0.0019218369852751493
8771,0.0019214438507333398
8772,0.0019210344180464745
8773,0.0019202985567972064
8774,0.0019198884256184101
8775,0.0019189626909792423
8776,0.0019185296259820461
8777,0.0019181790994480252
8778,0.0019178487127646804
8779,0.0019174801418557763
8780,0.0019171563908457756
8781,0.0019166612764820457
8782,0.0019161880481988192
8783,0.001915505388751626
8784,0.0019146658014506102
8785,0.001914105610921979
8786,0.0019134364556521177
8787,0.0019129891879856586
8788,0.0019124437822028995
8789,0.0019115530885756016
8790,0.0019104096572846174
8791,0.0019095190800726414
8792,0.0019086881075054407
8793,0.0019081281498074532
8794,0.0019074998563155532
8795,0.001906846184283495
8796,0.0019061164930462837
8797,0.0019051511771976948
8798,0.0019043415086343884
8799,0.0019037100719287992
8800,0.0019032587297260761
8801,0.001902907039038837
8802,0.0019023824715986848
8803,0.0019015708239749074
8804,0.0019006447400897741
8805,0.0018997705774381757
8806,0.0018991143442690372
8807,0.0018982883775606751
8808,0.0018970469245687127
8809,0.001896799192763865
8810,0.001895737717859447
8811,0.001895239343866706
8812,0.0018949040677398443
8813,0.0018944472540169954
8814,0.0018935676198452711
8815,0.0018934020772576332
8816,0.0018925959011539817
8817,0.0018922616727650166
8818,0.0018919931026175618
8819,0.0018916120752692223
8820,0.00189081986900419
8821,0.0018900299910455942
8822,0.0018898756243288517
8823,0.0018891209037974477
8824,0.001888552913442254
8825,0.0018878239206969738
8826,0.0018871866632252932
8827,0.0018865400925278664
8828,0.0018859074916690588
8829,0.0018852746579796076
8830,0.001884382450953126
8831,0.0018835400696843863
8832,0.0018829535692930222
8833,0.0018819861579686403
8834,0.0018814437789842486
8835,0.001880873809568584
8836,0.001880393479950726
8837,0.0018797863740473986
8838,0.001878576586022973
8839,0.0018789494642987847
8840,0.0018769856542348862
8841,0.0018764768028631806
8842,0.0018759237136691809
8843,0.0018750443123281002
8844,0.0018748071743175387
8845,0.0018734049517661333
8846,0.0018727310234680772
8847,0.001872160704806447
8848,0.0018717000493779778
8849,0.0018710552249103785
8850,0.0018706840928643942
8851,0.0018701221561059356
8852,0.0018697429914027452
8853,0.0018694651080295444
8854,0.0018690251745283604
8855,0.0018681498477235436
8856,0.0018674780149012804
8857,0.001866949605755508
8858,0.001866071717813611
8859,0.0018651564605534077
8860,0.0018643027869984508
8861,0.001863802201114595
8862,0.0018634786829352379
8863,0.0018630500417202711
8864,0.0018626052187755704
8865,0.0018620628397911787
8866,0.0018615309381857514
8867,0.001860901596955955
8868,0.0018603254575282335
8869,0.0018598452443256974
8870,0.0018594905268400908
8871,0.0018591225380077958
8872,0.0018586264923214912
8873,0.001858089817687869
8874,0.0018574758432805538
8875,0.0018572532571852207
8876,0.0018565827049314976
8877,0.0018558257725089788
8878,0.0018546944484114647
8879,0.0018537214491516352
8880,0.001853102003224194
8881,0.0018526050262153149
8882,0.001852092333137989
8883,0.001851445296779275
8884,0.001850951579399407
8885,0.0018501748563721776
8886,0.001849853782914579
8887,0.0018494557589292526
8888,0.0018487893976271152
8889,0.0018478026613593102
8890,0.0018472501542419195
8891,0.0018467094050720334
8892,0.001846234081313014
8893,0.001845870865508914
8894,0.0018449737690389156
8895,0.0018440794665366411
8896,0.0018431104253977537
8897,0.0018421185668557882
8898,0.0018411988858133554
8899,0.0018402733840048313
8900,0.0018395335646346211
8901,0.0018383449641987681
8902,0.0018387106247246265
8903,0.0018374912906438112
8904,0.0018371774349361658
8905,0.0018368888413533568
8906,0.0018365662544965744
8907,0.001836207928135991
8908,0.0018361040856689215
8909,0.0018354742787778378
8910,0.0018350095488131046
8911,0.0018345750868320465
8912,0.0018341779941692948
8913,0.0018336605280637741
8914,0.0018341015093028545
8915,0.001832803012803197
8916,0.0018323343247175217
8917,0.0018319194205105305
8918,0.0018315946217626333
8919,0.0018313492182642221
8920,0.0018309863517060876
8921,0.0018308025319129229
8922,0.0018305309349671006
8923,0.0018301364034414291
8924,0.0018296848284080625
8925,0.0018292670138180256
8926,0.0018285801634192467
8927,0.0018273565219715238
8928,0.0018325865967199206
8929,0.0018261517398059368
8930,0.0018253535963594913
8931,0.0018247488187626004
8932,0.001824206323362887
8933,0.0018233961891382933
8934,0.001822697464376688
8935,0.00182213238440454
8936,0.001821674290113151
8937,0.0018211782444268465
8938,0.0018206867389380932
8939,0.0018202379578724504
8940,0.001819670433178544
8941,0.0018185283988714218
8942,0.0018177754245698452
8943,0.00181658286601305
8944,0.00181602593511343
8945,0.0018151584081351757
8946,0.0018140615429729223
8947,0.0018127525690943003
8948,0.0018112719990313053
8949,0.001810184447094798
8950,0.0018090623198077083
8951,0.00180823914706707
8952,0.0018077328568324447
8953,0.001806494314223528
8954,0.0018052228260785341
8955,0.0018053129315376282
8956,0.0018039884744212031
8957,0.0018035001121461391
8958,0.001803072402253747
8959,0.0018027590122073889
8960,0.0018019117414951324
8961,0.0018005284946411848
8962,0.001800059573724866
8963,0.0017990067135542631
8964,0.0017983857542276382
8965,0.0017976934323087335
8966,0.0017964406870305538
8967,0.0017950448673218489
8968,0.0017972345231100917
8969,0.0017937126103788614
8970,0.0017931811744347215
8971,0.0017928890883922577
8972,0.0017925233114510775
8973,0.0017921910621225834
8974,0.0017918884987011552
8975,0.001791687565855682
8976,0.0017913449555635452
8977,0.0017911300528794527
8978,0.0017906540306285024
8979,0.0017899877857416868
8980,0.0017891594907268882
8981,0.001789296162314713
8982,0.0017881653038784862
8983,0.0017877491191029549
8984,0.0017874469049274921
8985,0.0017870706506073475
8986,0.0017863623797893524
8987,0.0017862174427136779
8988,0.0017851867014542222
8989,0.0017848227871581912
8990,0.0017845421098172665
8991,0.0017843223176896572
8992,0.0017839745851233602
8993,0.0017834767932072282
8994,0.0017828632844612002
8995,0.0017822921508923173
8996,0.0017818951746448874
8997,0.0017814927268773317
8998,0.0017809172859415412
8999,0.0017804609378799796
9000,0.0017795958556234837
9001,0.0017788310069590807
9002,0.0017784039955586195
9003,0.0017781374044716358
9004,0.001777895726263523
9005,0.0017776440363377333
9006,0.0017773743020370603
9007,0.0017767256358638406
9008,0.001776087679900229
9009,0.0017756784800440073
9010,0.0017753508873283863
9011,0.0017747273668646812
9012,0.001774044707417488
9013,0.001773417228832841
9014,0.0017728141974657774
9015,0.0017723165219649673
9016,0.0017719384049996734
9017,0.0017713543493300676
9018,0.0017705229111015797
9019,0.0017693667905405164
9020,0.0017682570032775402
9021,0.0017676397692412138
9022,0.001767104142345488
9023,0.0017666732892394066
9024,0.0017657638527452946
9025,0.0017651838716119528
9026,0.001764872344210744
9027,0.001764513086527586
9028,0.0017639744328334928
9029,0.001763074193149805
9030,0.0017622988671064377
9031,0.0017617247067391872
9032,0.0017611368093639612
9033,0.0017607142217457294
9034,0.0017601820873096585
9035,0.0017598099075257778
9036,0.001759157283231616
9037,0.0017586026806384325
9038,0.0017582711298018694
9039,0.0017580458661541343
9040,0.0017574349185451865
9041,0.0017568221082910895
9042,0.001756412209942937
9043,0.0017562619177624583
9044,0.0017559068510308862
9045,0.0017555014928802848
9046,0.0017548867035657167
9047,0.0017546297749504447
9048,0.0017538497922942042
9049,0.001753465854562819
9050,0.0017530920449644327
9051,0.0017526056617498398
9052,0.0017519230023026466
9053,0.0017513276543468237
9054,0.0017508398741483688
9055,0.0017505165887996554
9056,0.0017501700203865767
9057,0.0017495083156973124
9058,0.0017482631374150515
9059,0.001747907605022192
9060,0.0017468718579038978
9061,0.0017466539284214377
9062,0.0017463747644796968
9063,0.001745851244777441
9064,0.0017450982704758644
9065,0.001744134584441781
9066,0.001742964843288064
9067,0.0017423286335542798
9068,0.0017413366585969925
9069,0.0017403317615389824
9070,0.001739421277306974
9071,0.001738854800350964
9072,0.0017384993843734264
9073,0.001737923827022314
9074,0.0017376297619193792
9075,0.0017368985572829843
9076,0.0017366473330184817
9077,0.0017366422107443213
9078,0.0017363640945404768
9079,0.0017362101934850216
9080,0.0017360637430101633
9081,0.0017358656041324139
9082,0.001735552679747343
9083,0.001735082594677806
9084,0.0017354076262563467
9085,0.0017342735081911087
9086,0.0017340334597975016
9087,0.0017339145997539163
9088,0.001733739278279245
9089,0.0017335927113890648
9090,0.0017332477727904916
9091,0.0017331645358353853
9092,0.0017326406668871641
9093,0.0017323765205219388
9094,0.0017322322819381952
9095,0.0017321251798421144
9096,0.0017319784965366125
9097,0.0017315619625151157
9098,0.0017310574185103178
9099,0.0017304905923083425
9100,0.001730130286887288
9101,0.0017297400627285242
9102,0.0017294178251177073
9103,0.0017289741663262248
9104,0.0017287131631746888
9105,0.0017283339984714985
9106,0.001728043775074184
9107,0.0017278350424021482
9108,0.0017275974387302995
9109,0.0017273292178288102
9110,0.0017268373630940914
9111,0.0017264707712456584
9112,0.0017263193149119616
9113,0.0017258781008422375
9114,0.001725627575069666
9115,0.0017250787932425737
9116,0.0017247919458895922
9117,0.0017246247734874487
9118,0.00172432663384825
9119,0.0017238804139196873
9120,0.0017235095147043467
9121,0.0017229956574738026
9122,0.0017224627081304789
9123,0.0017218046123161912
9124,0.0017214231193065643
9125,0.0017208453500643373
9126,0.0017205022741109133
9127,0.001719909138046205
9128,0.0017194399842992425
9129,0.001718989573419094
9130,0.0017184644239023328
9131,0.0017189132049679756
9132,0.001718232873827219
9133,0.0017180959694087505
9134,0.0017178955022245646
9135,0.0017176317051053047
9136,0.001717300619930029
9137,0.0017168261110782623
9138,0.0017162553267553449
9139,0.0017159224953502417
9140,0.001715477672405541
9141,0.0017150581115856767
9142,0.0017143371514976025
9143,0.001713405130431056
9144,0.0017125442391261458
9145,0.001711736200377345
9146,0.0017113430658355355
9147,0.001710961339995265
9148,0.001710518728941679
9149,0.0017098316457122564
9150,0.0017100130207836628
9151,0.001709019299596548
9152,0.0017086989246308804
9153,0.0017083723796531558
9154,0.0017079806420952082
9155,0.0017072608461603522
9156,0.0017062469851225615
9157,0.0017054025083780289
9158,0.001704798312857747
9159,0.0017042411491274834
9160,0.0017039116937667131
9161,0.0017034674528986216
9162,0.0017034878255799413
9163,0.0017024416010826826
9164,0.001701859524473548
9165,0.0017013407777994871
9166,0.0017008914146572351
9167,0.0017004230758175254
9168,0.0016997730126604438
9169,0.001699371263384819
9170,0.0016988571733236313
9171,0.001698440290056169
9172,0.0016978172352537513
9173,0.0016974634490907192
9174,0.0016968874260783195
9175,0.0016966303810477257
9176,0.0016962316585704684
9177,0.0016959330532699823
9178,0.0016953051090240479
9179,0.0016946718096733093
9180,0.0016944989329203963
9181,0.001693850732408464
9182,0.001693332102149725
9183,0.0016928853001445532
9184,0.0016923965886235237
9185,0.0016918544424697757
9186,0.0016914686420932412
9187,0.0016912161372601986
9188,0.0016909856349229813
9189,0.0016905157826840878
9190,0.0016897509340196848
9191,0.0016896132146939635
9192,0.001688850112259388
9193,0.0016885758377611637
9194,0.001688135089352727
9195,0.001687629846855998
9196,0.0016876966692507267
9197,0.0016866426449269056
9198,0.001686143223196268
9199,0.0016857378650456667
9200,0.0016853355336934328
9201,0.0016847214428707957
9202,0.0016839478630572557
9203,0.0016832530964165926
9204,0.0016827189829200506
9205,0.0016823243349790573
9206,0.0016819002339616418
9207,0.0016814629780128598
9208,0.001681033754721284
9209,0.0016806089552119374
9210,0.001680135726928711
9211,0.0016797283897176385
9212,0.0016792765818536282
9213,0.0016788500361144543
9214,0.0016784877516329288
9215,0.0016779734287410975
9216,0.0016774808755144477
9217,0.0016772353556007147
9218,0.0016768465284258127
9219,0.0016765419859439135
9220,0.0016764143947511911
9221,0.0016758639831095934
9222,0.0016755188116803765
9223,0.0016753413947299123
9224,0.001675138482823968
9225,0.001674732193350792
9226,0.0016740781720727682
9227,0.0016735318349674344
9228,0.0016731496434658766
9229,0.0016727960901334882
9230,0.001672622049227357
9231,0.0016721559222787619
9232,0.0016716148238629103
9233,0.0016716215759515762
9234,0.0016707463655620813
9235,0.0016703427536413074
9236,0.0016699442639946938
9237,0.0016695854719728231
9238,0.0016693390207365155
9239,0.0016688820905983448
9240,0.0016684908187016845
9241,0.0016680674161762
9242,0.0016674567013978958
9243,0.0016673149075359106
9244,0.0016666959272697568
9245,0.0016663859132677317
9246,0.0016661792760714889
9247,0.0016657945234328508
9248,0.001665499759837985
9249,0.001664604526013136
9250,0.0016642074333503842
9251,0.0016639439854770899
9252,0.0016637808876112103
9253,0.0016632277984172106
9254,0.0016628480516374111
9255,0.0016626711003482342
9256,0.0016623401315882802
9257,0.0016621282557025552
9258,0.00166188960429281
9259,0.0016616996144875884
9260,0.0016613566549494863
9261,0.0016622240655124187
9262,0.001660750014707446
9263,0.0016605871496722102
9264,0.0016602810937911272
9265,0.001660033012740314
9266,0.0016595631605014205
9267,0.0016590208979323506
9268,0.0016588846920058131
9269,0.0016583462711423635
9270,0.0016581269446760416
9271,0.0016579716466367245
9272,0.0016578170470893383
9273,0.001657548127695918
9274,0.0016571921296417713
9275,0.0016569665167480707
9276,0.0016565495170652866
9277,0.00165632925927639
9278,0.0016557651106268167
9279,0.0016551613807678223
9280,0.0016544446116313338
9281,0.001653827028349042
9282,0.001653348095715046
9283,0.0016530477441847324
9284,0.00165256904438138
9285,0.00165164889767766
9286,0.0016505707753822207
9287,0.0016497792676091194
9288,0.0016495531890541315
9289,0.0016491605201736093
9290,0.0016488500405102968
9291,0.0016486792592331767
9292,0.001648477977141738
9293,0.0016480851918458939
9294,0.0016474520089104772
9295,0.001647397642955184
9296,0.0016468585235998034
9297,0.0016466835513710976
9298,0.0016466081142425537
9299,0.0016464656218886375
9300,0.0016462609637528658
9301,0.001646033488214016
9302,0.0016457056626677513
9303,0.0016453210264444351
9304,0.0016449805116280913
9305,0.0016446803929284215
9306,0.0016442066989839077
9307,0.001646731747314334
9308,0.0016435933066532016
9309,0.0016431992407888174
9310,0.0016429969109594822
9311,0.0016427491791546345
9312,0.0016425050562247634
9313,0.0016420000465586782
9314,0.0016414347337558866
9315,0.0016422036569565535
9316,0.001640726113691926
9317,0.0016404185444116592
9318,0.0016401810571551323
9319,0.0016397341387346387
9320,0.0016392810503020883
9321,0.001639102352783084
9322,0.001638572197407484
9323,0.0016382784815505147
9324,0.0016380392480641603
9325,0.00163769512437284
9326,0.0016404137713834643
9327,0.0016374930273741484
9328,0.0016372918616980314
9329,0.00163715286180377
9330,0.0016369959339499474
9331,0.0016367546049878001
9332,0.0016364292241632938
9333,0.0016360983718186617
9334,0.001635570079088211
9335,0.0016352972015738487
9336,0.0016350285150110722
9337,0.001634787768125534
9338,0.0016343016177415848
9339,0.0016336231492459774
9340,0.0016337453853338957
9341,0.0016328059136867523
9342,0.001632516854442656
9343,0.0016322522424161434
9344,0.001631955849006772
9345,0.0016313232481479645
9346,0.0016366837080568075
9347,0.0016307684127241373
9348,0.0016303646843880415
9349,0.0016301553696393967
9350,0.0016299209091812372
9351,0.0016294794622808695
9352,0.0016320546856150031
9353,0.0016289304476231337
9354,0.0016286475583910942
9355,0.0016284844605252147
9356,0.001628424390219152
9357,0.0016283011063933372
9358,0.0016281645512208343
9359,0.0016279126284644008
9360,0.0016275726957246661
9361,0.0016273644287139177
9362,0.0016270506894215941
9363,0.0016271688509732485
9364,0.0016265264712274075
9365,0.0016262333374470472
9366,0.0016259654657915235
9367,0.0016257206443697214
9368,0.0016253384528681636
9369,0.001624829019419849
9370,0.0016242830315604806
9371,0.0016239939723163843
9372,0.001623507123440504
9373,0.0016230399487540126
9374,0.0016242421697825193
9375,0.0016224085120484233
9376,0.0016220691613852978
9377,0.0016218106029555202
9378,0.0016214718343690038
9379,0.0016208572778850794
9380,0.0016207328299060464
9381,0.0016198827652260661
9382,0.0016195934731513262
9383,0.001619292888790369
9384,0.001618972048163414
9385,0.0016183607513085008
9386,0.0016191651811823249
9387,0.0016177379293367267
9388,0.0016175006749108434
9389,0.0016173138283193111
9390,0.0016170931048691273
9391,0.0016168557340279222
9392,0.0016164113767445087
9393,0.0016196862561628222
9394,0.00161596923135221
9395,0.0016156979836523533
9396,0.0016155503690242767
9397,0.0016153004253283143
9398,0.001614989247173071
9399,0.0016144507098942995
9400,0.0016152765601873398
9401,0.001613651867955923
9402,0.0016133220633491874
9403,0.0016130795702338219
9404,0.001612853491678834
9405,0.0016125873662531376
9406,0.0016122396336868405
9407,0.0016127574490383267
9408,0.0016116851475089788
9409,0.0016114786267280579
9410,0.0016113385790959
9411,0.0016111236764118075
9412,0.0016107994597405195
9413,0.0016105774557217956
9414,0.0016100421780720353
9415,0.0016097116749733686
9416,0.0016094576567411423
9417,0.0016091407742351294
9418,0.0016086644027382135
9419,0.0016083023510873318
9420,0.0016080283094197512
9421,0.0016074992017820477
9422,0.001606884179636836
9423,0.0016064553055912256
9424,0.0016060932539403439
9425,0.0016057223547250032
9426,0.001605285331606865
9427,0.0016047768294811249
9428,0.0016046131495386362
9429,0.0016041009221225977
9430,0.0016038386384025216
9431,0.001603606273420155
9432,0.001603420008905232
9433,0.0016030442202463746
9434,0.0016030706465244293
9435,0.0016025075456127524
9436,0.001602336298674345
9437,0.0016021468909457326
9438,0.0016020431648939848
9439,0.0016017479356378317
9440,0.0016012649284675717
9441,0.0016008130041882396
9442,0.0016005940269678831
9443,0.0016002925112843513
9444,0.0015999895986169577
9445,0.001599419629201293
9446,0.0015990405809134245
9447,0.0015986035577952862
9448,0.0015983422053977847
9449,0.0015980746829882264
9450,0.0015978593146428466
9451,0.0015974089037626982
9452,0.0015967849176377058
9453,0.0015965072670951486
9454,0.0015960208838805556
9455,0.0015956370625644922
9456,0.0015953400870785117
9457,0.0015949624357745051
9458,0.0015946024795994163
9459,0.0015942407771945
9460,0.0015940360026434064
9461,0.0015936718555167317
9462,0.0015931986272335052
9463,0.0015933674294501543
9464,0.0015924056060612202
9465,0.0015922174789011478
9466,0.0015921408776193857
9467,0.0015919110737740993
9468,0.0015915061812847853
9469,0.0015911734662950039
9470,0.0015909201465547085
9471,0.0015905320178717375
9472,0.001590233063325286
9473,0.0015896317781880498
9474,0.001588941551744938
9475,0.0015884077874943614
9476,0.0015880957944318652
9477,0.001587728620506823
9478,0.0015874867094680667
9479,0.0015870161587372422
9480,0.0015863000880926847
9481,0.0015860132407397032
9482,0.0015855252277106047
9483,0.0015852036885917187
9484,0.0015849471092224121
9485,0.0015844162553548813
9486,0.0015838349936529994
9487,0.0015833053039386868
9488,0.0015829438343644142
9489,0.0015826092567294836
9490,0.0015822683926671743
9491,0.0015817476669326425
9492,0.0015816506929695606
9493,0.001580941490828991
9494,0.0015805570874363184
9495,0.0015802003908902407
9496,0.0015798495151102543
9497,0.0015791035257279873
9498,0.0015784840798005462
9499,0.0015779363457113504
9500,0.0015775220235809684
9501,0.0015768485609441996
9502,0.0015763579867780209
9503,0.0015758884837850928
9504,0.0015752541366964579
9505,0.0015745951095595956
9506,0.0015741446986794472
9507,0.0015736529603600502
9508,0.0015732364263385534
9509,0.0015726328128948808
9510,0.0015730141894891858
9511,0.0015719219809398055
9512,0.0015717322239652276
9513,0.0015716302441433072
9514,0.0015714943874627352
9515,0.0015711903106421232
9516,0.001570863532833755
9517,0.0015708846040070057
9518,0.0015704302350059152
9519,0.0015702677192166448
9520,0.001570109510794282
9521,0.0015698604984208941
9522,0.001569566666148603
9523,0.0015692680608481169
9524,0.0015690010040998459
9525,0.0015686452388763428
9526,0.0015685168327763677
9527,0.0015682465163990855
9528,0.001567915314808488
9529,0.0015675716567784548
9530,0.0015672834124416113
9531,0.0015669685089960694
9532,0.0015667395200580359
9533,0.001566446851938963
9534,0.001566031714901328
9535,0.0015665029641240835
9536,0.0015653885202482343
9537,0.0015649017877876759
9538,0.0015646443935111165
9539,0.0015644080704078078
9540,0.0015642208745703101
9541,0.0015639022458344698
9542,0.0015635080635547638
9543,0.0015631192363798618
9544,0.001562751829624176
9545,0.0015629611443728209
9546,0.0015624359948560596
9547,0.0015623525250703096
9548,0.0015622057253494859
9549,0.001562015968374908
9550,0.0015618051402270794
9551,0.001561471028253436
9552,0.0015612626448273659
9553,0.0015606156084686518
9554,0.0015603447100147605
9555,0.0015600679907947779
9556,0.0015599381877109408
9557,0.0015596788143739104
9558,0.0015592437703162432
9559,0.0015588845126330853
9560,0.0015585466753691435
9561,0.0015582668129354715
9562,0.0015578953316435218
9563,0.001557536656036973
9564,0.0015571301337331533
9565,0.001556994509883225
9566,0.0015568091766908765
9567,0.001556596253067255
9568,0.001556245144456625
9569,0.0015559232560917735
9570,0.0015556139405816793
9571,0.0015554176643490791
9572,0.0015552158001810312
9573,0.0015550635289400816
9574,0.001554788090288639
9575,0.0015545461792498827
9576,0.0015542590990662575
9577,0.0015540649183094501
9578,0.0015538381412625313
9579,0.001553512760438025
9580,0.0015531328972429037
9581,0.0015529519878327847
9582,0.001552656409330666
9583,0.0015524865593761206
9584,0.0015523368492722511
9585,0.0015520805027335882
9586,0.0015517047140747309
9587,0.0015511420788243413
9588,0.0015505290357396007
9589,0.0015500830486416817
9590,0.001549794222228229
9591,0.001549344975501299
9592,0.0015489431098103523
9593,0.0015486725606024265
9594,0.001548364176414907
9595,0.0015481344889849424
9596,0.0015479701105505228
9597,0.0015477214474231005
9598,0.001547336345538497
9599,0.0015474370447918773
9600,0.001546851359307766
9601,0.0015467433258891106
9602,0.001546597108244896
9603,0.0015464368043467402
9604,0.0015461249276995659
9605,0.001545703038573265
9606,0.0015455596148967743
9607,0.0015450830105692148
9608,0.0015447578625753522
9609,0.0015443838201463223
9610,0.0015439899871125817
9611,0.0015433249063789845
9612,0.0015429018530994654
9613,0.0015419208211824298
9614,0.0015414869412779808
9615,0.001541174715384841
9616,0.0015408943872898817
9617,0.0015407177852466702
9618,0.0015401619020849466
9619,0.0015399372205138206
9620,0.0015395911177620292
9621,0.0015390804037451744
9622,0.0015385259175673127
9623,0.0015378547832369804
9624,0.0015374881913885474
9625,0.001537257805466652
9626,0.001537018222734332
9627,0.0015367609448730946
9628,0.0015364005230367184
9629,0.0015361018013209105
9630,0.0015358416130766273
9631,0.0015353122726082802
9632,0.0015345602296292782
9633,0.0015343365957960486
9634,0.0015338354278355837
9635,0.0015335597563534975
9636,0.0015333232004195452
9637,0.0015330665046349168
9638,0.0015326765133067966
9639,0.0015321460086852312
9640,0.0015317038632929325
9641,0.0015320645179599524
9642,0.0015312356408685446
9643,0.0015310450689867139
9644,0.00153089698869735
9645,0.0015306978020817041
9646,0.001530368230305612
9647,0.0015298533253371716
9648,0.0015297613572329283
9649,0.0015289904549717903
9650,0.0015287050046026707
9651,0.0015285569243133068
9652,0.001528342254459858
9653,0.0015280824154615402
9654,0.0015276793856173754
9655,0.0015270335134118795
9656,0.001526614767499268
9657,0.001526138512417674
9658,0.0015255265170708299
9659,0.0015250463038682938
9660,0.0015245303511619568
9661,0.001524179009720683
9662,0.0015236600302159786
9663,0.0015232168370857835
9664,0.001522464444860816
9665,0.0015215649036690593
9666,0.0015204180963337421
9667,0.0015198900364339352
9668,0.0015195151790976524
9669,0.001519329147413373
9670,0.0015192190185189247
9671,0.001519090961664915
9672,0.0015188551042228937
9673,0.001518556266091764
9674,0.0015180886257439852
9675,0.001524383551441133
9676,0.0015174070140346885
9677,0.0015168137615546584
9678,0.0015164935030043125
9679,0.0015162969939410686
9680,0.0015159634640440345
9681,0.001515725045464933
9682,0.0015150324907153845
9683,0.0015147767262533307
9684,0.0015144739300012589
9685,0.0015141492476686835
9686,0.0015142586780712008
9687,0.0015134726418182254
9688,0.0015131576219573617
9689,0.0015129521489143372
9690,0.0015126842772588134
9691,0.0015122932381927967
9692,0.0015116091817617416
9693,0.0015114177949726582
9694,0.0015107053332030773
9695,0.0015104163903743029
9696,0.0015101935714483261
9697,0.001509769819676876
9698,0.0015094876289367676
9699,0.0015090041561052203
9700,0.00150849181227386
9701,0.0015087731881067157
9702,0.0015081084566190839
9703,0.0015079486183822155
9704,0.0015077920397743583
9705,0.0015077001880854368
9706,0.0015075427945703268
9707,0.0015073423273861408
9708,0.001507161883637309
9709,0.0015068467473611236
9710,0.0015065764309838414
9711,0.0015061988960951567
9712,0.0015058983117341995
9713,0.0015056217089295387
9714,0.001505429856479168
9715,0.0015052501112222672
9716,0.001505065243691206
9717,0.0015047264751046896
9718,0.0015042969025671482
9719,0.0015039971331134439
9720,0.0015038612764328718
9721,0.0015036070253700018
9722,0.001503422623500228
9723,0.0015032985247671604
9724,0.0015029676724225283
9725,0.0015025880420580506
9726,0.0015021426370367408
9727,0.0015017137629911304
9728,0.0015013501979410648
9729,0.0015010891947895288
9730,0.0015009668422862887
9731,0.0015007175970822573
9732,0.001500405604019761
9733,0.0014998225960880518
9734,0.001506177126429975
9735,0.0014995657838881016
9736,0.0014991473872214556
9737,0.00149901257827878
9738,0.0014988859184086323
9739,0.0014986670576035976
9740,0.0014984094304963946
9741,0.001497922814451158
9742,0.0015020702267065644
9743,0.0014973944053053856
9744,0.0014969408512115479
9745,0.0014967513270676136
9746,0.00149658159352839
9747,0.001496368320658803
9748,0.001496124779805541
9749,0.0014959368854761124
9750,0.0014955311780795455
9751,0.0014952428173273802
9752,0.0014950614422559738
9753,0.0014948993921279907
9754,0.0014945794828236103
9755,0.0014950737822800875
9756,0.0014939005486667156
9757,0.0014936397783458233
9758,0.0014933646889403462
9759,0.0014931265031918883
9760,0.0014927682932466269
9761,0.001493072952143848
9762,0.0014922546688467264
9763,0.001492075971327722
9764,0.0014918702654540539
9765,0.0014916404616087675
9766,0.001491344883106649
9767,0.0014913739869371057
9768,0.0014908747980371118
9769,0.0014906562864780426
9770,0.0014904701383784413
9771,0.0014903153060004115
9772,0.0014901314862072468
9773,0.0014899112284183502
9774,0.001489637535996735
9775,0.001489525893703103
9776,0.0014891799073666334
9777,0.0014890091260895133
9778,0.001488670939579606
9779,0.0014882104005664587
9780,0.0014888985315337777
9781,0.0014878158690407872
9782,0.0014876581262797117
9783,0.0014874616172164679
9784,0.0014873117906972766
9785,0.0014869965380057693
9786,0.0014866123674437404
9787,0.0014877369394525886
9788,0.0014862236566841602
9789,0.0014860178343951702
9790,0.0014858966460451484
9791,0.0014857557835057378
9792,0.0014854376204311848
9793,0.0014853503089398146
9794,0.0014848785940557718
9795,0.0014846638077870011
9796,0.0014845100231468678
9797,0.001484379405155778
9798,0.00148420047480613
9799,0.0014839258510619402
9800,0.0014835628680884838
9801,0.0014833081513643265
9802,0.0014830901054665446
9803,0.0014829722931608558
9804,0.0014828070998191833
9805,0.0014824247919023037
9806,0.0014821572694927454
9807,0.0014817910268902779
9808,0.0014815139584243298
9809,0.0014812411973252892
9810,0.0014810753054916859
9811,0.0014809301355853677
9812,0.0014806997496634722
9813,0.0014803603990003467
9814,0.0014799423515796661
9815,0.0014796972973272204
9816,0.001479339087381959
9817,0.001479221973568201
9818,0.0014789560809731483
9819,0.001478708814829588
9820,0.0014782750513404608
9821,0.0014778129989281297
9822,0.001477325800806284
9823,0.0014769951812922955
9824,0.0014766600215807557
9825,0.001476486213505268
9826,0.0014762552455067635
9827,0.0014761092606931925
9828,0.0014757553581148386
9829,0.0014750756090506911
9830,0.0014745532535016537
9831,0.0014741966733708978
9832,0.0014738303143531084
9833,0.0014736413722857833
9834,0.0014734161086380482
9835,0.0014732145937159657
9836,0.0014730548718944192
9837,0.0014727957313880324
9838,0.0014723590575158596
9839,0.0014717542799189687
9840,0.00147133762948215
9841,0.001470927381888032
9842,0.0014707031659781933
9843,0.0014705655630677938
9844,0.0014702348271384835
9845,0.0014697499573230743
9846,0.001469331094995141
9847,0.0014690718380734324
9848,0.001468709553591907
9849,0.001468444592319429
9850,0.0014680959284305573
9851,0.0014677263097837567
9852,0.0014674036065116525
9853,0.001467033987864852
9854,0.0014666046481579542
9855,0.0014663395704701543
9856,0.0014658730942755938
9857,0.0014656961429864168
9858,0.0014655622653663158
9859,0.001465397304855287
9860,0.0014651387464255095
9861,0.0014649275690317154
9862,0.001464674947783351
9863,0.0014644656330347061
9864,0.001464345259591937
9865,0.0014641318703070283
9866,0.0014639653963968158
9867,0.0014638358261436224
9868,0.0014635900733992457
9869,0.0014634362887591124
9870,0.0014632372185587883
9871,0.0014630014775320888
9872,0.0014626220799982548
9873,0.0014622359303757548
9874,0.001462022541090846
9875,0.0014617228880524635
9876,0.001461634412407875
9877,0.0014615107793360949
9878,0.0014612998347729445
9879,0.001461175736039877
9880,0.001461112522520125
9881,0.0014609143836423755
9882,0.001460626139305532
9883,0.001460357685573399
9884,0.0014601910952478647
9885,0.0014599165879189968
9886,0.0014601130969822407
9887,0.001459758379496634
9888,0.0014597096014767885
9889,0.0014596405671909451
9890,0.0014595123939216137
9891,0.0014594376552850008
9892,0.0014591447543352842
9893,0.001458949176594615
9894,0.001458748709410429
9895,0.001458522630855441
9896,0.0014583207666873932
9897,0.0014581212308257818
9898,0.001457573613151908
9899,0.001456917030736804
9900,0.0014568873448297381
9901,0.0014563009608536959
9902,0.0014561224961653352
9903,0.0014559758128598332
9904,0.0014557860558852553
9905,0.0014556340174749494
9906,0.0014554092194885015
9907,0.001455224002711475
9908,0.001454909797757864
9909,0.0014547663740813732
9910,0.0014544647419825196
9911,0.0014542661374434829
9912,0.0014539147960022092
9913,0.0014534892980009317
9914,0.0014537123497575521
9915,0.0014530050102621317
9916,0.0014528353931382298
9917,0.001452714903280139
9918,0.0014524990692734718
9919,0.0014521812554448843
9920,0.0014518984826281667
9921,0.001451594289392233
9922,0.0014512543566524982
9923,0.0014511077897623181
9924,0.00145073386374861
9925,0.0014503970742225647
9926,0.0014500371180474758
9927,0.0014498969539999962
9928,0.0014497539959847927
9929,0.0014496634248644114
9930,0.001449526404030621
9931,0.0014493254711851478
9932,0.0014490446774289012
9933,0.0014487269800156355
9934,0.0014485471183434129
9935,0.0014483140548691154
9936,0.0014480273239314556
9937,0.001447719638235867
9938,0.0014474010095000267
9939,0.0014471235917881131
9940,0.0014469792367890477
9941,0.001446792739443481
9942,0.0014466135762631893
9943,0.0014464592095464468
9944,0.00144627271220088
9945,0.001445976784452796
9946,0.0014457349898293614
9947,0.0014455071650445461
9948,0.0014452125178650022
9949,0.0014450150774791837
9950,0.0014447084395214915
9951,0.0014444678090512753
9952,0.001444254769012332
9953,0.0014440747909247875
9954,0.0014435811899602413
9955,0.0014431291492655873
9956,0.0014427232090383768
9957,0.0014424280961975455
9958,0.0014423825778067112
9959,0.0014420776860788465
9960,0.001441842527128756
9961,0.001441648229956627
9962,0.0014414197066798806
9963,0.0014411165611818433
9964,0.0014408521819859743
9965,0.00144079455640167
9966,0.001440378138795495
9967,0.0014401316875591874
9968,0.0014399588108062744
9969,0.0014398035127669573
9970,0.0014396392507478595
9971,0.0014393775491043925
9972,0.0014391338918358088
9973,0.0014389468124136329
9974,0.0014387767296284437
9975,0.0014385684626176953
9976,0.0014383024536073208
9977,0.001438220264390111
9978,0.0014378875494003296
9979,0.0014377983752638102
9980,0.001437670667655766
9981,0.001437522703781724
9982,0.0014374884776771069
9983,0.001437218626961112
9984,0.0014369494747370481
9985,0.001436747726984322
9986,0.0014365907991304994
9987,0.0014362502843141556
9988,0.0014357799664139748
9989,0.0014354705344885588
9990,0.0014353158185258508
9991,0.0014350044075399637
9992,0.0014347702963277698
9993,0.0014346330426633358
9994,0.0014345345553010702
9995,0.0014341897331178188
9996,0.001433915225788951
9997,0.001433401950635016
9998,0.0014331716811284423
9999,0.0014328849501907825
10000,0.0014328849501907825
