step,loss
0,0.9504913687705994
1,5260.98974609375
2,179.7176055908203
3,16.54654312133789
4,1.444364070892334
5,1.050177812576294
6,1.0313057899475098
7,1.02516770362854
8,1.013427734375
9,0.9970613718032837
10,0.981014609336853
11,0.9720118045806885
12,0.968188464641571
13,0.9663245677947998
14,0.96373450756073
15,0.9601236581802368
16,0.9556522369384766
17,0.9515763521194458
18,0.9491492509841919
19,0.9472638368606567
20,0.9453984498977661
21,0.9406342506408691
22,0.9393538236618042
23,0.9347918629646301
24,0.9336496591567993
25,0.9327508211135864
26,0.9314274787902832
27,0.9291198253631592
28,0.9250974655151367
29,0.9205117225646973
30,0.9165970087051392
31,0.9125652313232422
32,0.9091938734054565
33,0.9049211144447327
34,0.8959429860115051
35,0.887362539768219
36,0.8834553360939026
37,0.8801656365394592
38,0.8777117133140564
39,0.8726680278778076
40,0.865581750869751
41,0.8564018607139587
42,0.8463253974914551
43,0.8393992781639099
44,0.8355101346969604
45,0.833199679851532
46,0.8313552737236023
47,0.8272333145141602
48,0.8197782039642334
49,0.8110544681549072
50,0.8045700788497925
51,0.7970118522644043
52,0.7892564535140991
53,0.7820593118667603
54,0.7755182981491089
55,0.7691103219985962
56,0.7616771459579468
57,0.754435658454895
58,0.7484451532363892
59,0.7561008930206299
60,0.7421001195907593
61,0.7400913238525391
62,0.7389714121818542
63,0.7377747297286987
64,0.7342512011528015
65,0.7278487086296082
66,0.7238191366195679
67,0.7207865715026855
68,0.7213874459266663
69,0.719386100769043
70,0.7190225124359131
71,0.7185259461402893
72,0.7176450490951538
73,0.7163461446762085
74,0.7145431637763977
75,0.7137060165405273
76,0.7108253240585327
77,0.7095309495925903
78,0.7087926864624023
79,0.7082223296165466
80,0.707197904586792
81,0.7050554752349854
82,0.7036793828010559
83,0.7012484073638916
84,0.6999146938323975
85,0.6984195113182068
86,0.6964291334152222
87,0.694101870059967
88,0.692476749420166
89,0.6911503076553345
90,0.6893707513809204
91,0.6872704029083252
92,0.6844393014907837
93,0.6811970472335815
94,0.6783877611160278
95,0.6762440204620361
96,0.6748555898666382
97,0.6736382246017456
98,0.67144775390625
99,0.669258713722229
100,0.6665878295898438
101,0.664040207862854
102,0.6622070074081421
103,0.6606914401054382
104,0.6595357656478882
105,0.6577180624008179
106,0.6529347896575928
107,0.6484905481338501
108,0.645994246006012
109,0.6440451145172119
110,0.6428058743476868
111,0.640509307384491
112,0.6386187076568604
113,0.6371251344680786
114,0.6363827586174011
115,0.6346208453178406
116,0.6317468881607056
117,0.6289666295051575
118,0.6265890598297119
119,0.6254988312721252
120,0.624119758605957
121,0.6228868961334229
122,0.6216720938682556
123,0.620240330696106
124,0.617583155632019
125,0.6158481240272522
126,0.6139676570892334
127,0.6113940477371216
128,0.6187059879302979
129,0.6088440418243408
130,0.6076064109802246
131,0.6066746711730957
132,0.6056128144264221
133,0.6042584180831909
134,0.6016263365745544
135,0.6005620956420898
136,0.5957575440406799
137,0.5937172770500183
138,0.5919187068939209
139,0.5899274349212646
140,0.5864173769950867
141,0.5829297304153442
142,0.5809038281440735
143,0.5782442092895508
144,0.5757263898849487
145,0.5733355283737183
146,0.569940984249115
147,0.5662156939506531
148,0.5613178610801697
149,0.559131383895874
150,0.5568086504936218
151,0.5539235472679138
152,0.5503078699111938
153,0.5462945699691772
154,0.5425220727920532
155,0.541873037815094
156,0.540054202079773
157,0.5392021536827087
158,0.5379784107208252
159,0.535362958908081
160,0.5351530313491821
161,0.5306252837181091
162,0.5288922190666199
163,0.5271872878074646
164,0.5251315236091614
165,0.5321716666221619
166,0.5216742753982544
167,0.5195087194442749
168,0.5174290537834167
169,0.5157278776168823
170,0.51432865858078
171,0.5119110941886902
172,0.5082603096961975
173,0.5062644481658936
174,0.5089584589004517
175,0.5041473507881165
176,0.5035099387168884
177,0.502857506275177
178,0.502002477645874
179,0.5011346340179443
180,0.49987372756004333
181,0.49807462096214294
182,0.49701517820358276
183,0.4958832859992981
184,0.4940427243709564
185,0.4925903379917145
186,0.49074292182922363
187,0.4893021881580353
188,0.4881722927093506
189,0.48715466260910034
190,0.48616811633110046
191,0.48508965969085693
192,0.48421624302864075
193,0.48328420519828796
194,0.4826253652572632
195,0.4815167188644409
196,0.47949647903442383
197,0.47637057304382324
198,0.473713755607605
199,0.4719937741756439
200,0.47097286581993103
201,0.4699055850505829
202,0.46880394220352173
203,0.46765559911727905
204,0.4664216637611389
205,0.4651116132736206
206,0.4634866416454315
207,0.4621272385120392
208,0.4609270989894867
209,0.45979776978492737
210,0.458565890789032
211,0.456984281539917
212,0.45453765988349915
213,0.4521706998348236
214,0.4498410224914551
215,0.4485417604446411
216,0.4470074772834778
217,0.4456985592842102
218,0.4429185390472412
219,0.44554460048675537
220,0.4388793706893921
221,0.43721693754196167
222,0.4359777271747589
223,0.4348554015159607
224,0.43295174837112427
225,0.43035688996315
226,0.4280533492565155
227,0.4251439571380615
228,0.42415499687194824
229,0.4224890172481537
230,0.4213854670524597
231,0.4200655221939087
232,0.4191432297229767
233,0.4179117977619171
234,0.4158746004104614
235,0.415250301361084
236,0.41375797986984253
237,0.4131072461605072
238,0.4125268757343292
239,0.4119051694869995
240,0.4110516607761383
241,0.40929239988327026
242,0.4065466523170471
243,0.40401729941368103
244,0.402893602848053
245,0.40167367458343506
246,0.4007338583469391
247,0.3998642861843109
248,0.39820027351379395
249,0.3960602879524231
250,0.39625534415245056
251,0.3936058282852173
252,0.39235275983810425
253,0.3913002610206604
254,0.39015132188796997
255,0.3884974420070648
256,0.38586854934692383
257,0.38465020060539246
258,0.38325995206832886
259,0.382415235042572
260,0.3819845914840698
261,0.38155442476272583
262,0.3808349072933197
263,0.37961530685424805
264,0.37876373529434204
265,0.37664639949798584
266,0.37642478942871094
267,0.374295175075531
268,0.3722240626811981
269,0.37060779333114624
270,0.3686976730823517
271,0.36811962723731995
272,0.36573871970176697
273,0.3646530508995056
274,0.36358126997947693
275,0.3623814284801483
276,0.3607903718948364
277,0.35915765166282654
278,0.35812506079673767
279,0.35722455382347107
280,0.35668542981147766
281,0.35622116923332214
282,0.3556259870529175
283,0.3550971448421478
284,0.35410067439079285
285,0.35291117429733276
286,0.3521444797515869
287,0.3512827157974243
288,0.3499702513217926
289,0.3707297742366791
290,0.3493378162384033
291,0.3480199873447418
292,0.34762924909591675
293,0.34710875153541565
294,0.34648358821868896
295,0.3455788195133209
296,0.34415751695632935
297,0.34242403507232666
298,0.3409806191921234
299,0.3403366804122925
300,0.33907780051231384
301,0.33800798654556274
302,0.3367525041103363
303,0.3362959027290344
304,0.3349534273147583
305,0.33430787920951843
306,0.3338296115398407
307,0.3333181142807007
308,0.33258411288261414
309,0.33149290084838867
310,0.32992932200431824
311,0.3365195691585541
312,0.3282439708709717
313,0.3273879587650299
314,0.3268687427043915
315,0.3263363838195801
316,0.32575464248657227
317,0.3248329758644104
318,0.33031073212623596
319,0.3237478733062744
320,0.32312294840812683
321,0.3227052688598633
322,0.32215142250061035
323,0.3214437663555145
324,0.32040032744407654
325,0.3197382092475891
326,0.31785163283348083
327,0.31689515709877014
328,0.3160337507724762
329,0.31531548500061035
330,0.314477801322937
331,0.3153584599494934
332,0.31329452991485596
333,0.31272703409194946
334,0.31228992342948914
335,0.311962366104126
336,0.3116222023963928
337,0.31101199984550476
338,0.310106486082077
339,0.3103122115135193
340,0.3080059587955475
341,0.3066212236881256
342,0.3051263391971588
343,0.30347609519958496
344,0.30187615752220154
345,0.32704734802246094
346,0.30149322748184204
347,0.30004268884658813
348,0.2997467517852783
349,0.29942846298217773
350,0.29901209473609924
351,0.2983205318450928
352,0.29797881841659546
353,0.29658085107803345
354,0.295499712228775
355,0.2945284843444824
356,0.2938309907913208
357,0.29323869943618774
358,0.29315266013145447
359,0.29230520129203796
360,0.2919005751609802
361,0.29153314232826233
362,0.29114770889282227
363,0.2905539274215698
364,0.28988775610923767
365,0.29012173414230347
366,0.2887701392173767
367,0.2882985472679138
368,0.2878530025482178
369,0.2873670756816864
370,0.2865943908691406
371,0.2855956554412842
372,0.2845520079135895
373,0.2837589979171753
374,0.283703476190567
375,0.28215596079826355
376,0.2816525995731354
377,0.2810865044593811
378,0.28047975897789
379,0.2797163724899292
380,0.2802811563014984
381,0.27803856134414673
382,0.27727335691452026
383,0.27662646770477295
384,0.2761327624320984
385,0.27537447214126587
386,0.27852118015289307
387,0.27458658814430237
388,0.2742479741573334
389,0.2740597724914551
390,0.2737734019756317
391,0.27324122190475464
392,0.27229294180870056
393,0.2711961269378662
394,0.27007681131362915
395,0.26934295892715454
396,0.26809367537498474
397,0.26743581891059875
398,0.2663530707359314
399,0.26498186588287354
400,0.26406362652778625
401,0.26324978470802307
402,0.2626330852508545
403,0.2616611123085022
404,0.260917991399765
405,0.2601819336414337
406,0.25957605242729187
407,0.25901728868484497
408,0.2581287920475006
409,0.2573778033256531
410,0.2568754255771637
411,0.25639307498931885
412,0.25599613785743713
413,0.25551387667655945
414,0.25430718064308167
415,0.25306692719459534
416,0.25240200757980347
417,0.2517886161804199
418,0.2514582574367523
419,0.2511777877807617
420,0.2508416175842285
421,0.25038251280784607
422,0.24990692734718323
423,0.24947668612003326
424,0.24896025657653809
425,0.24845311045646667
426,0.24771293997764587
427,0.24632607400417328
428,0.24487659335136414
429,0.24357779324054718
430,0.2429511547088623
431,0.24200201034545898
432,0.24124100804328918
433,0.24375338852405548
434,0.2401757538318634
435,0.2396429479122162
436,0.23926407098770142
437,0.23887000977993011
438,0.23841699957847595
439,0.23867496848106384
440,0.2377079427242279
441,0.23740823566913605
442,0.23715953528881073
443,0.2369704395532608
444,0.23663900792598724
445,0.23603905737400055
446,0.23636570572853088
447,0.2350030243396759
448,0.23447959125041962
449,0.23394033312797546
450,0.23339006304740906
451,0.23277071118354797
452,0.23208466172218323
453,0.23146820068359375
454,0.2307993471622467
455,0.2303958237171173
456,0.22981835901737213
457,0.22913086414337158
458,0.22859850525856018
459,0.22803433239459991
460,0.22765475511550903
461,0.22708003222942352
462,0.22629520297050476
463,0.22688238322734833
464,0.22540882229804993
465,0.22507187724113464
466,0.2248217910528183
467,0.22459501028060913
468,0.22405804693698883
469,0.22307869791984558
470,0.22336001694202423
471,0.2221226841211319
472,0.2218082845211029
473,0.22164076566696167
474,0.2214755266904831
475,0.22120817005634308
476,0.2208130657672882
477,0.22038251161575317
478,0.21969878673553467
479,0.21919266879558563
480,0.21874864399433136
481,0.21861302852630615
482,0.2181418538093567
483,0.21782125532627106
484,0.21755297482013702
485,0.21724750101566315
486,0.21679112315177917
487,0.2161623239517212
488,0.21599817276000977
489,0.2153148204088211
490,0.21505022048950195
491,0.2148645669221878
492,0.21471962332725525
493,0.21447092294692993
494,0.21428178250789642
495,0.21407078206539154
496,0.21392910182476044
497,0.21362265944480896
498,0.2129877358675003
499,0.21288055181503296
500,0.21208730340003967
501,0.21181300282478333
502,0.2114676535129547
503,0.21118618547916412
504,0.21094027161598206
505,0.21046189963817596
506,0.20994752645492554
507,0.20942606031894684
508,0.20899417996406555
509,0.20861876010894775
510,0.20824745297431946
511,0.2078426629304886
512,0.20747947692871094
513,0.20710334181785583
514,0.2066270262002945
515,0.20614579319953918
516,0.2057802528142929
517,0.20545972883701324
518,0.20492598414421082
519,0.2041732519865036
520,0.20346486568450928
521,0.2028598040342331
522,0.20237386226654053
523,0.20194458961486816
524,0.20158085227012634
525,0.20104223489761353
526,0.2006208896636963
527,0.20025672018527985
528,0.19994042813777924
529,0.1996372789144516
530,0.1992960274219513
531,0.19898608326911926
532,0.1986745148897171
533,0.19820469617843628
534,0.19782289862632751
535,0.19719481468200684
536,0.19690267741680145
537,0.19628487527370453
538,0.1956920474767685
539,0.1950644701719284
540,0.19469615817070007
541,0.19445790350437164
542,0.19424867630004883
543,0.19395758211612701
544,0.1938042789697647
545,0.19331607222557068
546,0.1930217742919922
547,0.19283808767795563
548,0.19270460307598114
549,0.19242648780345917
550,0.19188934564590454
551,0.1912333220243454
552,0.19044248759746552
553,0.19296973943710327
554,0.18955430388450623
555,0.1891045868396759
556,0.1887063831090927
557,0.18813617527484894
558,0.20273621380329132
559,0.18794681131839752
560,0.1870388239622116
561,0.1867406964302063
562,0.18640170991420746
563,0.186080664396286
564,0.185645192861557
565,0.18570715188980103
566,0.18486995995044708
567,0.18455475568771362
568,0.18421562016010284
569,0.1838073432445526
570,0.1831052005290985
571,0.18300200998783112
572,0.1820087730884552
573,0.18167012929916382
574,0.18137845396995544
575,0.1810380220413208
576,0.1807173490524292
577,0.18035513162612915
578,0.17982830107212067
579,0.17936046421527863
580,0.17856480181217194
581,0.17822906374931335
582,0.17764894664287567
583,0.17734725773334503
584,0.17699119448661804
585,0.17646080255508423
586,0.17604152858257294
587,0.17541033029556274
588,0.17493681609630585
589,0.17438837885856628
590,0.1739444136619568
591,0.17332324385643005
592,0.17303891479969025
593,0.17241685092449188
594,0.17199859023094177
595,0.17159691452980042
596,0.1710682213306427
597,0.17232486605644226
598,0.17043691873550415
599,0.17021344602108002
600,0.17010106146335602
601,0.16998407244682312
602,0.16973647475242615
603,0.16922079026699066
604,0.16868534684181213
605,0.1681043952703476
606,0.1677231341600418
607,0.16718289256095886
608,0.166805699467659
609,0.16625170409679413
610,0.16769924759864807
611,0.16547711193561554
612,0.1651502400636673
613,0.16504338383674622
614,0.1647443324327469
615,0.16443994641304016
616,0.16415099799633026
617,0.16377206146717072
618,0.16300806403160095
619,0.16229133307933807
620,0.1618455946445465
621,0.16143813729286194
622,0.16120512783527374
623,0.1606023609638214
624,0.15975059568881989
625,0.1591944545507431
626,0.15869590640068054
627,0.15838512778282166
628,0.15776412189006805
629,0.15723378956317902
630,0.15670382976531982
631,0.15642647445201874
632,0.1561756432056427
633,0.15601658821105957
634,0.15576985478401184
635,0.15538203716278076
636,0.15494029223918915
637,0.1546018272638321
638,0.15447193384170532
639,0.15411043167114258
640,0.15391120314598083
641,0.15352734923362732
642,0.15293465554714203
643,0.15234625339508057
644,0.15173204243183136
645,0.1512587070465088
646,0.15086990594863892
647,0.15061374008655548
648,0.1503114253282547
649,0.14988142251968384
650,0.1493494212627411
651,0.1490081250667572
652,0.14870603382587433
653,0.14841902256011963
654,0.14819490909576416
655,0.14780595898628235
656,0.14722178876399994
657,0.1470174789428711
658,0.14640364050865173
659,0.14615240693092346
660,0.14593727886676788
661,0.14573678374290466
662,0.14536920189857483
663,0.14470021426677704
664,0.14429941773414612
665,0.1438785344362259
666,0.14363336563110352
667,0.14344069361686707
668,0.143230140209198
669,0.14296109974384308
670,0.14252671599388123
671,0.1421547383069992
672,0.1419079303741455
673,0.1417531669139862
674,0.14161813259124756
675,0.14139975607395172
676,0.1412818431854248
677,0.14109453558921814
678,0.14102286100387573
679,0.14064915478229523
680,0.1404440551996231
681,0.1402723640203476
682,0.1400694102048874
683,0.13975775241851807
684,0.139669269323349
685,0.13925981521606445
686,0.13902558386325836
687,0.13883036375045776
688,0.13858136534690857
689,0.13819199800491333
690,0.13794629275798798
691,0.13747291266918182
692,0.1372738480567932
693,0.13705050945281982
694,0.1368337720632553
695,0.13652099668979645
696,0.13608837127685547
697,0.13576622307300568
698,0.13542689383029938
699,0.135053813457489
700,0.13466991484165192
701,0.13428592681884766
702,0.1429840624332428
703,0.1342225968837738
704,0.13388413190841675
705,0.13372822105884552
706,0.13365434110164642
707,0.13353189826011658
708,0.13334204256534576
709,0.13317015767097473
710,0.1330585777759552
711,0.13297398388385773
712,0.13285870850086212
713,0.1327211707830429
714,0.1325562447309494
715,0.1323271542787552
716,0.13211758434772491
717,0.13197298347949982
718,0.13179337978363037
719,0.13148966431617737
720,0.131132110953331
721,0.1307624876499176
722,0.13051825761795044
723,0.1301623284816742
724,0.1299162656068802
725,0.12968160212039948
726,0.1295030266046524
727,0.12935897707939148
728,0.12924951314926147
729,0.129133939743042
730,0.12895645201206207
731,0.1287154108285904
732,0.1286097764968872
733,0.1284080445766449
734,0.12825776636600494
735,0.12813039124011993
736,0.12802165746688843
737,0.1277805119752884
738,0.12731313705444336
739,0.12693724036216736
740,0.12672209739685059
741,0.12656861543655396
742,0.1264708936214447
743,0.1262032389640808
744,0.12577000260353088
745,0.12547147274017334
746,0.12524142861366272
747,0.12501853704452515
748,0.12491271644830704
749,0.12480096518993378
750,0.12423115223646164
751,0.12376359105110168
752,0.12335463613271713
753,0.1234365776181221
754,0.1230936273932457
755,0.12300316989421844
756,0.12290208041667938
757,0.12276636809110641
758,0.12259841710329056
759,0.12237745523452759
760,0.12223908305168152
761,0.12191838026046753
762,0.12173537164926529
763,0.121555395424366
764,0.12141561508178711
765,0.12131025642156601
766,0.12107906490564346
767,0.12095147371292114
768,0.1207687184214592
769,0.12058528512716293
770,0.12039875984191895
771,0.12011939287185669
772,0.11990447342395782
773,0.11971432715654373
774,0.11957219988107681
775,0.1194600909948349
776,0.11933440715074539
777,0.11944402009248734
778,0.11919986456632614
779,0.11913685500621796
780,0.11906304955482483
781,0.11896198987960815
782,0.11883552372455597
783,0.11863560974597931
784,0.11847995966672897
785,0.11833132058382034
786,0.11817589402198792
787,0.1179879903793335
788,0.11780166625976562
789,0.11744780838489532
790,0.11713557690382004
791,0.11686871945858002
792,0.11651159077882767
793,0.1161113753914833
794,0.11580349504947662
795,0.11557059735059738
796,0.11541828513145447
797,0.11527617275714874
798,0.11509145796298981
799,0.11492352187633514
800,0.11472510546445847
801,0.11454331129789352
802,0.11439315974712372
803,0.1141495630145073
804,0.11384934186935425
805,0.11372360587120056
806,0.11354602873325348
807,0.11340227723121643
808,0.11331711709499359
809,0.1131957471370697
810,0.112944096326828
811,0.11269095540046692
812,0.11246094107627869
813,0.1122354045510292
814,0.11205677688121796
815,0.11186590045690536
816,0.11147308349609375
817,0.11116458475589752
818,0.11082825809717178
819,0.11058364808559418
820,0.11043840646743774
821,0.11031176894903183
822,0.11017421633005142
823,0.1100275069475174
824,0.10980477929115295
825,0.109469935297966
826,0.10969377309083939
827,0.10903365910053253
828,0.10885193943977356
829,0.1086643636226654
830,0.10848358273506165
831,0.1082654744386673
832,0.10801403224468231
833,0.10800787061452866
834,0.10731423646211624
835,0.10704738646745682
836,0.10686967521905899
837,0.10666749626398087
838,0.10646653175354004
839,0.1061246320605278
840,0.1063598245382309
841,0.10568640381097794
842,0.10554210096597672
843,0.1053890585899353
844,0.1052490621805191
845,0.10512310266494751
846,0.10501327365636826
847,0.10488381236791611
848,0.10478120297193527
849,0.10465788841247559
850,0.10443443804979324
851,0.10421032458543777
852,0.10398241877555847
853,0.10385389626026154
854,0.10377421230077744
855,0.10371499508619308
856,0.10366000235080719
857,0.10356833785772324
858,0.10380291193723679
859,0.10344590246677399
860,0.10338032990694046
861,0.1033160462975502
862,0.10324957966804504
863,0.10317599773406982
864,0.10304471105337143
865,0.10281074792146683
866,0.10556667298078537
867,0.10248088091611862
868,0.10215659439563751
869,0.1019970253109932
870,0.10183180123567581
871,0.10168331116437912
872,0.10153555124998093
873,0.10173539072275162
874,0.10116761177778244
875,0.10098277777433395
876,0.10080388188362122
877,0.1006760448217392
878,0.10055825859308243
879,0.1003003641963005
880,0.09998901188373566
881,0.09974191337823868
882,0.09950492531061172
883,0.09928975254297256
884,0.09907730668783188
885,0.09880991280078888
886,0.09850730001926422
887,0.09823634475469589
888,0.0980679988861084
889,0.09791787713766098
890,0.09781071543693542
891,0.09767648577690125
892,0.09746981412172318
893,0.09723372012376785
894,0.09704896807670593
895,0.09689480811357498
896,0.09676940739154816
897,0.09669018536806107
898,0.09658921509981155
899,0.09646890312433243
900,0.09637249261140823
901,0.09629980474710464
902,0.09613626450300217
903,0.0959106981754303
904,0.09567553550004959
905,0.0957813560962677
906,0.09539640694856644
907,0.0952923595905304
908,0.09521704912185669
909,0.09515705704689026
910,0.09507424384355545
911,0.09495729207992554
912,0.09481124579906464
913,0.11416155099868774
914,0.0954042449593544
915,0.09460955858230591
916,0.09448356181383133
917,0.09438515454530716
918,0.09423696994781494
919,0.09407337754964828
920,0.09390054643154144
921,0.0937856063246727
922,0.09352359920740128
923,0.09332536906003952
924,0.0931234136223793
925,0.09300081431865692
926,0.09287326037883759
927,0.09271159023046494
928,0.09266281127929688
929,0.09247935563325882
930,0.09228026866912842
931,0.09212502837181091
932,0.09195154160261154
933,0.09167716652154922
934,0.09174322336912155
935,0.09144921600818634
936,0.09139765053987503
937,0.09136570245027542
938,0.09132173657417297
939,0.09124349057674408
940,0.09114030003547668
941,0.09098416566848755
942,0.0907924547791481
943,0.09059152752161026
944,0.09046324342489243
945,0.09033375978469849
946,0.09017807245254517
947,0.09002353996038437
948,0.08978129178285599
949,0.08950969576835632
950,0.08931126445531845
951,0.08925549685955048
952,0.08909892290830612
953,0.08899861574172974
954,0.08890166878700256
955,0.0887625589966774
956,0.08856065571308136
957,0.0887872651219368
958,0.08836129307746887
959,0.08829128742218018
960,0.08823924511671066
961,0.08818080276250839
962,0.08809105306863785
963,0.08797510713338852
964,0.08786557614803314
965,0.08773601800203323
966,0.08761344850063324
967,0.08747325837612152
968,0.08733246475458145
969,0.08726419508457184
970,0.08712972700595856
971,0.08705175668001175
972,0.08697599917650223
973,0.08685391396284103
974,0.08665025234222412
975,0.08637320250272751
976,0.08603641390800476
977,0.08584436029195786
978,0.08560050278902054
979,0.08546092361211777
980,0.0853470042347908
981,0.08520914614200592
982,0.08504277467727661
983,0.08485634624958038
984,0.08473438769578934
985,0.08459950238466263
986,0.08453161269426346
987,0.08447923511266708
988,0.08439187705516815
989,0.08428525924682617
990,0.08416614681482315
991,0.08407030254602432
992,0.08385897427797318
993,0.08375537395477295
994,0.083656445145607
995,0.08356831222772598
996,0.08345235139131546
997,0.08329801261425018
998,0.08369873464107513
999,0.08314459770917892
1000,0.08308099955320358
1001,0.0830325335264206
1002,0.08296608179807663
1003,0.08287233114242554
1004,0.08274780958890915
1005,0.08260154724121094
1006,0.08246196061372757
1007,0.0822458267211914
1008,0.08205881714820862
1009,0.08184671401977539
1010,0.08162939548492432
1011,0.08138535916805267
1012,0.08108197152614594
1013,0.08087754994630814
1014,0.08071274310350418
1015,0.08064630627632141
1016,0.08059777319431305
1017,0.08051237463951111
1018,0.08029687404632568
1019,0.08117643743753433
1020,0.08000176399946213
1021,0.0798535868525505
1022,0.07974112033843994
1023,0.07965551316738129
1024,0.07954338937997818
1025,0.07929255813360214
1026,0.07889752089977264
1027,0.07863408327102661
1028,0.07840762287378311
1029,0.07827416807413101
1030,0.07816073298454285
1031,0.07799557596445084
1032,0.07770667225122452
1033,0.07751043140888214
1034,0.07723763585090637
1035,0.0771096870303154
1036,0.07697506994009018
1037,0.07687688618898392
1038,0.07677999883890152
1039,0.07659245282411575
1040,0.07638145983219147
1041,0.0761752799153328
1042,0.07605868577957153
1043,0.07597353309392929
1044,0.07584228366613388
1045,0.07566395401954651
1046,0.07546727359294891
1047,0.07532855123281479
1048,0.0751483365893364
1049,0.07504492253065109
1050,0.07482296228408813
1051,0.07452400773763657
1052,0.07442270964384079
1053,0.07419679313898087
1054,0.0740656852722168
1055,0.07395824044942856
1056,0.07385428249835968
1057,0.07368521392345428
1058,0.07390860468149185
1059,0.07341891527175903
1060,0.07329433411359787
1061,0.07318851351737976
1062,0.07310067117214203
1063,0.07297473400831223
1064,0.07299086451530457
1065,0.0727563425898552
1066,0.07266881316900253
1067,0.07258312404155731
1068,0.0724981427192688
1069,0.07231952995061874
1070,0.07208584994077682
1071,0.0719062015414238
1072,0.07178992033004761
1073,0.071668840944767
1074,0.07154020667076111
1075,0.07140611857175827
1076,0.07128510624170303
1077,0.07117228955030441
1078,0.07107265293598175
1079,0.07094644010066986
1080,0.07080242037773132
1081,0.0706624910235405
1082,0.07058374583721161
1083,0.0704767182469368
1084,0.0703575387597084
1085,0.07021414488554001
1086,0.07005969434976578
1087,0.06997724622488022
1088,0.06980928778648376
1089,0.06973714381456375
1090,0.06966474652290344
1091,0.06960450857877731
1092,0.06953176856040955
1093,0.06945646554231644
1094,0.06937907636165619
1095,0.06929415464401245
1096,0.06916867941617966
1097,0.06898666173219681
1098,0.06876470148563385
1099,0.06883639842271805
1100,0.06857092678546906
1101,0.06849818676710129
1102,0.06842061132192612
1103,0.06831546127796173
1104,0.06818192452192307
1105,0.06804164499044418
1106,0.06793402135372162
1107,0.06781920790672302
1108,0.06771400570869446
1109,0.06761500239372253
1110,0.06741278618574142
1111,0.06744209676980972
1112,0.06720499694347382
1113,0.06712964177131653
1114,0.06705637276172638
1115,0.06699110567569733
1116,0.066912941634655
1117,0.06682375818490982
1118,0.06675238162279129
1119,0.0665927305817604
1120,0.06645634025335312
1121,0.0662597045302391
1122,0.0660492330789566
1123,0.0659010261297226
1124,0.06577327847480774
1125,0.06568087637424469
1126,0.06553756445646286
1127,0.06524526327848434
1128,0.0649302750825882
1129,0.06469082832336426
1130,0.0644993707537651
1131,0.06435554474592209
1132,0.06410931795835495
1133,0.06395269185304642
1134,0.06417141854763031
1135,0.06380228698253632
1136,0.06374278664588928
1137,0.06369473040103912
1138,0.06363221257925034
1139,0.063555046916008
1140,0.06345514208078384
1141,0.06357786059379578
1142,0.06326254457235336
1143,0.06316449493169785
1144,0.06305943429470062
1145,0.06291928142309189
1146,0.06276878714561462
1147,0.06265318393707275
1148,0.06256569921970367
1149,0.06244942545890808
1150,0.062314294278621674
1151,0.062189731746912
1152,0.062056757509708405
1153,0.06195273622870445
1154,0.06189300864934921
1155,0.061854176223278046
1156,0.061828166246414185
1157,0.06174349784851074
1158,0.06158481910824776
1159,0.06147840991616249
1160,0.06138132885098457
1161,0.061255455017089844
1162,0.06116088479757309
1163,0.06102947145700455
1164,0.06090065836906433
1165,0.06091585382819176
1166,0.060709986835718155
1167,0.06062430888414383
1168,0.060552626848220825
1169,0.06049426272511482
1170,0.06040162965655327
1171,0.06027950346469879
1172,0.06019067019224167
1173,0.060058917850255966
1174,0.05991150438785553
1175,0.0598023496568203
1176,0.05967959761619568
1177,0.059574760496616364
1178,0.05945342779159546
1179,0.059333160519599915
1180,0.05923718959093094
1181,0.05916446074843407
1182,0.05948559194803238
1183,0.05911201983690262
1184,0.05907638370990753
1185,0.05905245244503021
1186,0.05902666598558426
1187,0.05899812653660774
1188,0.05895116552710533
1189,0.05887574329972267
1190,0.0590028241276741
1191,0.058797091245651245
1192,0.05876536667346954
1193,0.05873114615678787
1194,0.05867139250040054
1195,0.058613743633031845
1196,0.058561913669109344
1197,0.058517470955848694
1198,0.05847448483109474
1199,0.058422427624464035
1200,0.05837110057473183
1201,0.05832505226135254
1202,0.05823233351111412
1203,0.05817313492298126
1204,0.058073438704013824
1205,0.05797640606760979
1206,0.057879477739334106
1207,0.057819925248622894
1208,0.05776424705982208
1209,0.05773032829165459
1210,0.05769375339150429
1211,0.05762820690870285
1212,0.057540345937013626
1213,0.057423803955316544
1214,0.057318489998579025
1215,0.05722200870513916
1216,0.057163599878549576
1217,0.05712006241083145
1218,0.05705551430583
1219,0.05701744183897972
1220,0.056986287236213684
1221,0.05693959817290306
1222,0.05692880228161812
1223,0.05685165151953697
1224,0.05680912360548973
1225,0.056757401674985886
1226,0.05668442323803902
1227,0.05659375339746475
1228,0.05674557387828827
1229,0.05648735165596008
1230,0.056436095386743546
1231,0.05638973042368889
1232,0.056332748383283615
1233,0.05625751614570618
1234,0.05613189563155174
1235,0.05610213428735733
1236,0.055916596204042435
1237,0.05585205927491188
1238,0.05579794943332672
1239,0.05574023723602295
1240,0.05566968023777008
1241,0.055619120597839355
1242,0.055526576936244965
1243,0.05543423816561699
1244,0.05536702275276184
1245,0.05527939274907112
1246,0.055217500776052475
1247,0.055163346230983734
1248,0.055082887411117554
1249,0.05634232610464096
1250,0.055027928203344345
1251,0.05494661629199982
1252,0.05492149665951729
1253,0.05489329993724823
1254,0.05484464019536972
1255,0.05476265028119087
1256,0.05472840368747711
1257,0.05464378744363785
1258,0.05461075156927109
1259,0.05456524342298508
1260,0.054529789835214615
1261,0.05446827411651611
1262,0.054392337799072266
1263,0.054290857166051865
1264,0.054230090230703354
1265,0.054125286638736725
1266,0.054035965353250504
1267,0.05397186428308487
1268,0.053921177983284
1269,0.05384255573153496
1270,0.05379530042409897
1271,0.05373644456267357
1272,0.05365336313843727
1273,0.053520381450653076
1274,0.05339493602514267
1275,0.05328921601176262
1276,0.053216028958559036
1277,0.053160592913627625
1278,0.05312835052609444
1279,0.053056128323078156
1280,0.052992336452007294
1281,0.05292769894003868
1282,0.05282498523592949
1283,0.053207606077194214
1284,0.05269554257392883
1285,0.05263667553663254
1286,0.05259769409894943
1287,0.05256110429763794
1288,0.0525045208632946
1289,0.05238473787903786
1290,0.05226101726293564
1291,0.05217606574296951
1292,0.052027322351932526
1293,0.05193714424967766
1294,0.05185442790389061
1295,0.05168553814291954
1296,0.051541440188884735
1297,0.05131381005048752
1298,0.05118616297841072
1299,0.051086753606796265
1300,0.050963521003723145
1301,0.05078762024641037
1302,0.050777506083250046
1303,0.05059513822197914
1304,0.050509292632341385
1305,0.050434377044439316
1306,0.05034062638878822
1307,0.0502205528318882
1308,0.050100188702344894
1309,0.04997354745864868
1310,0.04984091594815254
1311,0.04976330325007439
1312,0.049703530967235565
1313,0.049633435904979706
1314,0.04955229535698891
1315,0.049435921013355255
1316,0.04931088536977768
1317,0.049187179654836655
1318,0.04917632043361664
1319,0.04909121245145798
1320,0.04906245321035385
1321,0.04903898388147354
1322,0.049004875123500824
1323,0.04896526038646698
1324,0.04894251003861427
1325,0.04889857396483421
1326,0.04885077103972435
1327,0.04879986494779587
1328,0.04872734844684601
1329,0.04870724305510521
1330,0.04859103262424469
1331,0.04852965846657753
1332,0.04847584292292595
1333,0.04843068867921829
1334,0.048374056816101074
1335,0.04828991740942001
1336,0.0482381172478199
1337,0.04819343984127045
1338,0.048157282173633575
1339,0.04810250923037529
1340,0.04804205521941185
1341,0.04796604812145233
1342,0.04793425649404526
1343,0.047884270548820496
1344,0.047854915261268616
1345,0.04783577844500542
1346,0.04781070351600647
1347,0.04778110980987549
1348,0.047736212611198425
1349,0.04768681898713112
1350,0.047649722546339035
1351,0.04760650172829628
1352,0.047582920640707016
1353,0.04754740372300148
1354,0.047489408403635025
1355,0.04762803018093109
1356,0.0474124513566494
1357,0.047371719032526016
1358,0.04733734577894211
1359,0.04729171469807625
1360,0.0472337007522583
1361,0.047161683440208435
1362,0.04708213359117508
1363,0.047046080231666565
1364,0.04699428007006645
1365,0.04693545028567314
1366,0.04685414582490921
1367,0.0467417947947979
1368,0.04661555588245392
1369,0.04651619493961334
1370,0.046441640704870224
1371,0.04636552557349205
1372,0.04637126624584198
1373,0.04624868184328079
1374,0.046204496175050735
1375,0.04617166891694069
1376,0.04614206776022911
1377,0.04608246311545372
1378,0.04638933017849922
1379,0.045993104577064514
1380,0.045935869216918945
1381,0.04589400067925453
1382,0.045854855328798294
1383,0.045797768980264664
1384,0.04574722424149513
1385,0.04565804824233055
1386,0.04558268561959267
1387,0.04550202190876007
1388,0.045442014932632446
1389,0.04539848119020462
1390,0.04532730206847191
1391,0.04523664712905884
1392,0.045105043798685074
1393,0.04497016221284866
1394,0.0450194850564003
1395,0.044848911464214325
1396,0.044813066720962524
1397,0.04478153958916664
1398,0.04474254325032234
1399,0.04469329118728638
1400,0.04459983855485916
1401,0.04455479606986046
1402,0.044504109770059586
1403,0.044484008103609085
1404,0.04445548355579376
1405,0.04440975561738014
1406,0.04434981197118759
1407,0.04427630081772804
1408,0.04418967664241791
1409,0.044106341898441315
1410,0.04408847540616989
1411,0.04402840510010719
1412,0.04399272799491882
1413,0.043958257883787155
1414,0.043922875076532364
1415,0.04387110099196434
1416,0.04382982850074768
1417,0.04372604563832283
1418,0.04365640506148338
1419,0.043577875941991806
1420,0.04351912811398506
1421,0.0434647798538208
1422,0.043403416872024536
1423,0.04335032403469086
1424,0.04325892776250839
1425,0.04315704479813576
1426,0.043074026703834534
1427,0.042989544570446014
1428,0.04291398078203201
1429,0.042833615094423294
1430,0.042767543345689774
1431,0.042673081159591675
1432,0.04258987680077553
1433,0.042512282729148865
1434,0.04244470223784447
1435,0.04240250959992409
1436,0.04233527556061745
1437,0.042271938174963
1438,0.04223009943962097
1439,0.04217170178890228
1440,0.04208556190133095
1441,0.04199937731027603
1442,0.041916076093912125
1443,0.04185822233557701
1444,0.041790980845689774
1445,0.04175575450062752
1446,0.041690394282341
1447,0.041610997170209885
1448,0.041502695530653
1449,0.04144251346588135
1450,0.04139659181237221
1451,0.041332680732011795
1452,0.04124623164534569
1453,0.041170671582221985
1454,0.04110247641801834
1455,0.04104899615049362
1456,0.04100342094898224
1457,0.04094843566417694
1458,0.040864478796720505
1459,0.04081057012081146
1460,0.04070798680186272
1461,0.040666718035936356
1462,0.040635447949171066
1463,0.040610138326883316
1464,0.04069487005472183
1465,0.04057367891073227
1466,0.040548816323280334
1467,0.04053166136145592
1468,0.04050994664430618
1469,0.0404813215136528
1470,0.0404338575899601
1471,0.04036153852939606
1472,0.04026821255683899
1473,0.04016352817416191
1474,0.04012807086110115
1475,0.04009179398417473
1476,0.0400325246155262
1477,0.03993422910571098
1478,0.0398268885910511
1479,0.03975144028663635
1480,0.03968864679336548
1481,0.03964035212993622
1482,0.03956389054656029
1483,0.039447441697120667
1484,0.03936195746064186
1485,0.03927098214626312
1486,0.0392218716442585
1487,0.03916972875595093
1488,0.039128609001636505
1489,0.03910192474722862
1490,0.0390763059258461
1491,0.03903982415795326
1492,0.038972701877355576
1493,0.03887920081615448
1494,0.038806091994047165
1495,0.03873758018016815
1496,0.03870691731572151
1497,0.0386800691485405
1498,0.038638997822999954
1499,0.038605183362960815
1500,0.038573674857616425
1501,0.0385354720056057
1502,0.03851424530148506
1503,0.03846806660294533
1504,0.03841089829802513
1505,0.03835097327828407
1506,0.038290318101644516
1507,0.03823772817850113
1508,0.03819119185209274
1509,0.03814750909805298
1510,0.0380944162607193
1511,0.038064274936914444
1512,0.03804215043783188
1513,0.03801334276795387
1514,0.03796413540840149
1515,0.03790231794118881
1516,0.03783304616808891
1517,0.03776497021317482
1518,0.03769224137067795
1519,0.037697840481996536
1520,0.037630219012498856
1521,0.03760239854454994
1522,0.03756364807486534
1523,0.03751529008150101
1524,0.037451863288879395
1525,0.03736363723874092
1526,0.03731027990579605
1527,0.03724375367164612
1528,0.03721025213599205
1529,0.0371786504983902
1530,0.03712533786892891
1531,0.03705308958888054
1532,0.03700065240263939
1533,0.03701860457658768
1534,0.03693276643753052
1535,0.036908432841300964
1536,0.03688003867864609
1537,0.03683982044458389
1538,0.036793071776628494
1539,0.03682169318199158
1540,0.03673426806926727
1541,0.03671170398592949
1542,0.036698706448078156
1543,0.0366860069334507
1544,0.036672044545412064
1545,0.036655887961387634
1546,0.03662586957216263
1547,0.036591824144124985
1548,0.036551378667354584
1549,0.03651482239365578
1550,0.036464717239141464
1551,0.036447811871767044
1552,0.03641717508435249
1553,0.03638775646686554
1554,0.03635808452963829
1555,0.036328431218862534
1556,0.036279357969760895
1557,0.036238837987184525
1558,0.036156658083200455
1559,0.03611484915018082
1560,0.03608700633049011
1561,0.03607197478413582
1562,0.036054402589797974
1563,0.03603862226009369
1564,0.0359952375292778
1565,0.035952627658843994
1566,0.03589614853262901
1567,0.03585916757583618
1568,0.0357857383787632
1569,0.035751551389694214
1570,0.03571426123380661
1571,0.03569036349654198
1572,0.03570393845438957
1573,0.0356440544128418
1574,0.03562522679567337
1575,0.0356052927672863
1576,0.035588718950748444
1577,0.03556235879659653
1578,0.03552261367440224
1579,0.03548703342676163
1580,0.03544873371720314
1581,0.03542890399694443
1582,0.03538846597075462
1583,0.035364825278520584
1584,0.03534478694200516
1585,0.03531864285469055
1586,0.03528153523802757
1587,0.03523765131831169
1588,0.035201676189899445
1589,0.03516538068652153
1590,0.03514151647686958
1591,0.03512079641222954
1592,0.035085901618003845
1593,0.03505619987845421
1594,0.035030074417591095
1595,0.034996435046195984
1596,0.03499630093574524
1597,0.03492598608136177
1598,0.03490138798952103
1599,0.034869492053985596
1600,0.03483499214053154
1601,0.03496571630239487
1602,0.03479442372918129
1603,0.034771036356687546
1604,0.034763384610414505
1605,0.0347377248108387
1606,0.034715685993433
1607,0.03469076380133629
1608,0.03466154634952545
1609,0.03475707024335861
1610,0.034607332199811935
1611,0.03457403928041458
1612,0.034545205533504486
1613,0.03452129289507866
1614,0.034496765583753586
1615,0.03447803109884262
1616,0.034434590488672256
1617,0.0343993715941906
1618,0.03436319902539253
1619,0.034325603395700455
1620,0.0342676155269146
1621,0.03419695794582367
1622,0.03414144366979599
1623,0.03408059850335121
1624,0.03404567763209343
1625,0.03396882116794586
1626,0.03418675437569618
1627,0.03390282765030861
1628,0.03387172520160675
1629,0.03384855017066002
1630,0.033812493085861206
1631,0.03376443311572075
1632,0.033711060881614685
1633,0.0337129607796669
1634,0.03365172818303108
1635,0.033635228872299194
1636,0.033625733107328415
1637,0.03361785039305687
1638,0.03359999135136604
1639,0.03355934098362923
1640,0.03353143855929375
1641,0.033537399023771286
1642,0.03349239006638527
1643,0.03347604721784592
1644,0.03346124291419983
1645,0.03344142064452171
1646,0.033437371253967285
1647,0.033395085483789444
1648,0.03337067738175392
1649,0.033347245305776596
1650,0.03333376720547676
1651,0.033312391489744186
1652,0.03328115493059158
1653,0.03325692191720009
1654,0.03314927965402603
1655,0.03309467434883118
1656,0.033046286553144455
1657,0.033012937754392624
1658,0.03299308940768242
1659,0.032976649701595306
1660,0.032956723123788834
1661,0.03291729837656021
1662,0.03288032487034798
1663,0.03285328298807144
1664,0.03280333802103996
1665,0.03275938704609871
1666,0.032693661749362946
1667,0.03264768049120903
1668,0.03261837363243103
1669,0.032594695687294006
1670,0.03257016837596893
1671,0.03255198895931244
1672,0.03252355009317398
1673,0.032507989555597305
1674,0.03247132524847984
1675,0.03243272006511688
1676,0.032397326081991196
1677,0.032373085618019104
1678,0.032352425158023834
1679,0.032322198152542114
1680,0.03227768838405609
1681,0.03221653029322624
1682,0.03214143589138985
1683,0.032140009105205536
1684,0.032048240303993225
1685,0.03201999515295029
1686,0.03199020028114319
1687,0.03195726126432419
1688,0.031962476670742035
1689,0.03191449120640755
1690,0.03189854696393013
1691,0.03188858926296234
1692,0.03187543526291847
1693,0.03184988349676132
1694,0.031808700412511826
1695,0.03175129368901253
1696,0.031701795756816864
1697,0.031619731336832047
1698,0.031595002859830856
1699,0.03155296668410301
1700,0.03153695911169052
1701,0.03146613761782646
1702,0.03144535422325134
1703,0.031424205750226974
1704,0.03140668198466301
1705,0.031368743628263474
1706,0.031319789588451385
1707,0.0312749408185482
1708,0.031245587393641472
1709,0.03121166117489338
1710,0.03120456077158451
1711,0.031190667301416397
1712,0.03117002360522747
1713,0.031194422394037247
1714,0.0311429500579834
1715,0.03112928569316864
1716,0.031116072088479996
1717,0.031096098944544792
1718,0.031067607924342155
1719,0.031027771532535553
1720,0.03099450096487999
1721,0.030973464250564575
1722,0.030954090878367424
1723,0.030941231176257133
1724,0.030920876190066338
1725,0.030900863930583
1726,0.030877064913511276
1727,0.030845029279589653
1728,0.030801059678196907
1729,0.03074197843670845
1730,0.030706902965903282
1731,0.03066585585474968
1732,0.03064703568816185
1733,0.03061554953455925
1734,0.030594969168305397
1735,0.030567357316613197
1736,0.030530646443367004
1737,0.03048994019627571
1738,0.030457668006420135
1739,0.030435306951403618
1740,0.030403370037674904
1741,0.030382150784134865
1742,0.030408920720219612
1743,0.03036506660282612
1744,0.030356379225850105
1745,0.030345162376761436
1746,0.030331222340464592
1747,0.030315425246953964
1748,0.030291156843304634
1749,0.03025674633681774
1750,0.0302164014428854
1751,0.03018338605761528
1752,0.030126452445983887
1753,0.030099892988801003
1754,0.03027154691517353
1755,0.030062425881624222
1756,0.030039595440030098
1757,0.030026808381080627
1758,0.030014965683221817
1759,0.030003642663359642
1760,0.0299829188734293
1761,0.03000721149146557
1762,0.029939349740743637
1763,0.029923873022198677
1764,0.029907960444688797
1765,0.029890026897192
1766,0.02985956333577633
1767,0.030640413984656334
1768,0.029843753203749657
1769,0.029790515080094337
1770,0.029770823195576668
1771,0.029750371351838112
1772,0.02973005548119545
1773,0.02970331534743309
1774,0.029721088707447052
1775,0.029665503650903702
1776,0.029657946899533272
1777,0.02965308539569378
1778,0.029644615948200226
1779,0.029628466814756393
1780,0.02960054762661457
1781,0.029572127386927605
1782,0.02955426089465618
1783,0.02953457273542881
1784,0.029517151415348053
1785,0.02950044721364975
1786,0.029482878744602203
1787,0.029460806399583817
1788,0.029426783323287964
1789,0.029417281970381737
1790,0.0293625146150589
1791,0.02933989092707634
1792,0.029326925054192543
1793,0.029304005205631256
1794,0.029281320050358772
1795,0.02924889326095581
1796,0.02922797203063965
1797,0.029202541336417198
1798,0.029187776148319244
1799,0.02917567640542984
1800,0.029156794771552086
1801,0.029130615293979645
1802,0.029186727479100227
1803,0.02911003679037094
1804,0.029101578518748283
1805,0.029096610844135284
1806,0.029092025011777878
1807,0.029085684567689896
1808,0.02907576784491539
1809,0.029058046638965607
1810,0.029071273282170296
1811,0.02903531864285469
1812,0.02902575582265854
1813,0.02901838719844818
1814,0.029008688405156136
1815,0.02899639867246151
1816,0.02898164466023445
1817,0.028978651389479637
1818,0.02896038442850113
1819,0.028950106352567673
1820,0.028944145888090134
1821,0.028936758637428284
1822,0.028928404673933983
1823,0.028912369161844254
1824,0.028886297717690468
1825,0.028848271816968918
1826,0.02881825529038906
1827,0.02879667840898037
1828,0.028771227225661278
1829,0.028757477179169655
1830,0.028742948547005653
1831,0.028713766485452652
1832,0.028683511540293694
1833,0.028654607012867928
1834,0.02862713299691677
1835,0.028602877631783485
1836,0.02857990562915802
1837,0.02855285257101059
1838,0.028528766706585884
1839,0.028509799391031265
1840,0.028495237231254578
1841,0.02848135307431221
1842,0.028469456359744072
1843,0.02845599874854088
1844,0.028431996703147888
1845,0.02840021252632141
1846,0.028395013883709908
1847,0.0283665731549263
1848,0.028357287868857384
1849,0.028350036591291428
1850,0.028339901939034462
1851,0.0283297598361969
1852,0.02831309847533703
1853,0.028290674090385437
1854,0.028260385617613792
1855,0.02823035418987274
1856,0.028210369870066643
1857,0.028193926438689232
1858,0.02817522920668125
1859,0.02816591039299965
1860,0.028155837208032608
1861,0.028141412883996964
1862,0.028127072378993034
1863,0.028106417506933212
1864,0.028083398938179016
1865,0.028061799705028534
1866,0.0280301570892334
1867,0.02801716886460781
1868,0.028003711253404617
1869,0.02798120118677616
1870,0.0279378704726696
1871,0.028015391901135445
1872,0.027866972610354424
1873,0.027835767716169357
1874,0.02781078778207302
1875,0.027789371088147163
1876,0.02775382064282894
1877,0.027684539556503296
1878,0.027729123830795288
1879,0.027638494968414307
1880,0.02762632630765438
1881,0.027618585154414177
1882,0.02760629914700985
1883,0.027579311281442642
1884,0.02752310410141945
1885,0.027521347627043724
1886,0.027436118572950363
1887,0.027414243668317795
1888,0.02739013358950615
1889,0.02736424095928669
1890,0.02734052576124668
1891,0.027304481714963913
1892,0.027304815128445625
1893,0.02725060097873211
1894,0.02722763642668724
1895,0.02720848098397255
1896,0.02718794345855713
1897,0.02716638147830963
1898,0.027144936844706535
1899,0.02712859772145748
1900,0.02711951918900013
1901,0.027099667116999626
1902,0.02709035575389862
1903,0.0270793829113245
1904,0.027061251923441887
1905,0.027036096900701523
1906,0.027030890807509422
1907,0.027003634721040726
1908,0.026988249272108078
1909,0.026975713670253754
1910,0.02696387656033039
1911,0.026951109990477562
1912,0.02693282626569271
1913,0.02692001312971115
1914,0.026909377425909042
1915,0.026898136362433434
1916,0.026883941143751144
1917,0.02691558003425598
1918,0.026862194761633873
1919,0.026846548542380333
1920,0.02683083526790142
1921,0.02681315876543522
1922,0.02679375186562538
1923,0.02676333300769329
1924,0.02673313394188881
1925,0.026701755821704865
1926,0.026672126725316048
1927,0.026644481346011162
1928,0.026609130203723907
1929,0.026580384001135826
1930,0.02656560018658638
1931,0.026553833857178688
1932,0.026535457000136375
1933,0.026509961113333702
1934,0.026510249823331833
1935,0.026473624631762505
1936,0.026458855718374252
1937,0.026451775804162025
1938,0.026446502655744553
1939,0.02643788419663906
1940,0.026426881551742554
1941,0.026419397443532944
1942,0.026399681344628334
1943,0.026382455602288246
1944,0.026361338794231415
1945,0.02634643018245697
1946,0.026324907317757607
1947,0.026293659582734108
1948,0.026295172050595284
1949,0.026260824874043465
1950,0.026256246492266655
1951,0.026247799396514893
1952,0.026242006570100784
1953,0.02623486891388893
1954,0.02622731402516365
1955,0.026214897632598877
1956,0.026224112138152122
1957,0.026195846498012543
1958,0.026188135147094727
1959,0.026179756969213486
1960,0.02617139369249344
1961,0.02616388164460659
1962,0.02615094929933548
1963,0.026140885427594185
1964,0.026130368933081627
1965,0.026116078719496727
1966,0.026103897020220757
1967,0.026085080578923225
1968,0.02606235258281231
1969,0.0260512325912714
1970,0.026037901639938354
1971,0.026014894247055054
1972,0.025989016517996788
1973,0.02596619725227356
1974,0.025932088494300842
1975,0.025909842923283577
1976,0.02591576799750328
1977,0.02588058076798916
1978,0.02586747705936432
1979,0.025851620361208916
1980,0.025836389511823654
1981,0.02581542171537876
1982,0.025833433493971825
1983,0.02578136883676052
1984,0.025767501443624496
1985,0.025755496695637703
1986,0.02574142999947071
1987,0.025775527581572533
1988,0.025718331336975098
1989,0.025703810155391693
1990,0.02568867802619934
1991,0.02567034400999546
1992,0.025654392316937447
1993,0.025718601420521736
1994,0.025634443387389183
1995,0.02562008798122406
1996,0.025605395436286926
1997,0.025583405047655106
1998,0.025554144755005836
1999,0.02559691295027733
2000,0.025521889328956604
2001,0.025509227067232132
2002,0.025501549243927002
2003,0.025494921952486038
2004,0.025486165657639503
2005,0.02547982521355152
2006,0.0254615880548954
2007,0.02544964849948883
2008,0.025433573871850967
2009,0.025415705516934395
2010,0.025397293269634247
2011,0.0253697969019413
2012,0.025848722085356712
2013,0.025358783081173897
2014,0.025328760966658592
2015,0.025317057967185974
2016,0.02530670166015625
2017,0.0252949558198452
2018,0.025277215987443924
2019,0.02525717206299305
2020,0.02523580938577652
2021,0.025216123089194298
2022,0.025196805596351624
2023,0.025188418105244637
2024,0.02517816424369812
2025,0.025166848674416542
2026,0.025144217535853386
2027,0.0251311045140028
2028,0.02512008138000965
2029,0.025109585374593735
2030,0.02510220557451248
2031,0.0250959824770689
2032,0.025090493261814117
2033,0.02508661523461342
2034,0.025081206113100052
2035,0.025071170181035995
2036,0.02505216747522354
2037,0.025055119767785072
2038,0.0250217467546463
2039,0.025006067007780075
2040,0.024991756305098534
2041,0.02497750148177147
2042,0.024967020377516747
2043,0.024939989671111107
2044,0.024914873763918877
2045,0.024889254942536354
2046,0.024864450097084045
2047,0.02484685182571411
2048,0.024834569543600082
2049,0.024823768064379692
2050,0.02480790577828884
2051,0.02478015050292015
2052,0.024750590324401855
2053,0.024724265560507774
2054,0.0246955007314682
2055,0.024675093591213226
2056,0.02465367689728737
2057,0.024649906903505325
2058,0.024616407230496407
2059,0.02460169978439808
2060,0.024588212370872498
2061,0.02457546629011631
2062,0.02455037273466587
2063,0.02453082986176014
2064,0.0245134849101305
2065,0.024501223117113113
2066,0.02449243888258934
2067,0.024485182017087936
2068,0.024478698149323463
2069,0.02444756031036377
2070,0.024424182251095772
2071,0.02440171130001545
2072,0.024388087913393974
2073,0.024376636371016502
2074,0.02436227723956108
2075,0.02435174770653248
2076,0.02440570667386055
2077,0.024337293580174446
2078,0.02432725764811039
2079,0.024317478761076927
2080,0.02430889569222927
2081,0.02429705671966076
2082,0.024276066571474075
2083,0.024475419893860817
2084,0.024258123710751534
2085,0.02424135059118271
2086,0.02423299290239811
2087,0.024227073416113853
2088,0.02421850524842739
2089,0.02419683150947094
2090,0.024637099355459213
2091,0.024188194423913956
2092,0.024161530658602715
2093,0.024153200909495354
2094,0.02414068393409252
2095,0.024127617478370667
2096,0.024118684232234955
2097,0.02410908043384552
2098,0.02410091646015644
2099,0.02408975176513195
2100,0.02407386340200901
2101,0.024058353155851364
2102,0.024046465754508972
2103,0.024034133180975914
2104,0.024026334285736084
2105,0.02400791272521019
2106,0.02399209886789322
2107,0.0239753145724535
2108,0.0239536315202713
2109,0.023933716118335724
2110,0.023957910016179085
2111,0.023915788158774376
2112,0.023907583206892014
2113,0.02390318736433983
2114,0.023896247148513794
2115,0.023884711787104607
2116,0.023871824145317078
2117,0.023856759071350098
2118,0.02383992075920105
2119,0.023822523653507233
2120,0.023798534646630287
2121,0.023781055584549904
2122,0.023749757558107376
2123,0.02388615533709526
2124,0.023735996335744858
2125,0.023725450038909912
2126,0.02372201532125473
2127,0.023717880249023438
2128,0.023712851107120514
2129,0.023706791922450066
2130,0.023691728711128235
2131,0.024095328524708748
2132,0.02369000017642975
2133,0.023667825385928154
2134,0.023660026490688324
2135,0.02365547977387905
2136,0.023648163303732872
2137,0.02363971248269081
2138,0.023626357316970825
2139,0.0236099474132061
2140,0.023598158732056618
2141,0.02358482964336872
2142,0.023576654493808746
2143,0.023570740595459938
2144,0.023563645780086517
2145,0.023553969338536263
2146,0.023537252098321915
2147,0.02351759746670723
2148,0.02349765971302986
2149,0.023477938026189804
2150,0.023462772369384766
2151,0.023451142013072968
2152,0.023431086912751198
2153,0.023406771942973137
2154,0.023386523127555847
2155,0.023375604301691055
2156,0.0233614519238472
2157,0.02335263602435589
2158,0.023335939273238182
2159,0.023313043639063835
2160,0.02328706532716751
2161,0.023264678195118904
2162,0.02324298769235611
2163,0.023226357996463776
2164,0.023197870701551437
2165,0.023147858679294586
2166,0.023155326023697853
2167,0.023101601749658585
2168,0.023084335029125214
2169,0.023075604811310768
2170,0.02307015098631382
2171,0.023103298619389534
2172,0.023063138127326965
2173,0.023057686164975166
2174,0.023052280768752098
2175,0.023047197610139847
2176,0.02304321900010109
2177,0.023037618026137352
2178,0.023028139024972916
2179,0.023038681596517563
2180,0.02301122061908245
2181,0.02300419844686985
2182,0.022995242848992348
2183,0.022984826937317848
2184,0.022969810292124748
2185,0.02295379526913166
2186,0.022935979068279266
2187,0.022922568023204803
2188,0.022911569103598595
2189,0.02290029078722
2190,0.022890539839863777
2191,0.02287825383245945
2192,0.0228723157197237
2193,0.022866616025567055
2194,0.02285834588110447
2195,0.022846421226859093
2196,0.022828655317425728
2197,0.02280176430940628
2198,0.022773832082748413
2199,0.022769171744585037
2200,0.022740785032510757
2201,0.022724708542227745
2202,0.022716931998729706
2203,0.022706830874085426
2204,0.022697728127241135
2205,0.022689763456583023
2206,0.02268098294734955
2207,0.02267296239733696
2208,0.022660326212644577
2209,0.02265140600502491
2210,0.022639403119683266
2211,0.022629588842391968
2212,0.022623341530561447
2213,0.022609664127230644
2214,0.022604545578360558
2215,0.02260126732289791
2216,0.022594954818487167
2217,0.02258371189236641
2218,0.022602582350373268
2219,0.022564874961972237
2220,0.022559011355042458
2221,0.022555308416485786
2222,0.022551432251930237
2223,0.022547200322151184
2224,0.022534610703587532
2225,0.022548645734786987
2226,0.02251504920423031
2227,0.022505832836031914
2228,0.02249847911298275
2229,0.022490520030260086
2230,0.022478995844721794
2231,0.022451825439929962
2232,0.02243093028664589
2233,0.022419413551688194
2234,0.02240612357854843
2235,0.02239760011434555
2236,0.022389326244592667
2237,0.02238168753683567
2238,0.022376947104930878
2239,0.022367557510733604
2240,0.02236291766166687
2241,0.022358210757374763
2242,0.022353066131472588
2243,0.02234504558146
2244,0.022333109751343727
2245,0.022318746894598007
2246,0.022301971912384033
2247,0.022284459322690964
2248,0.022260552272200584
2249,0.022225337103009224
2250,0.022212060168385506
2251,0.02218170464038849
2252,0.022165212780237198
2253,0.02215692400932312
2254,0.02214677445590496
2255,0.02213282138109207
2256,0.022113408893346786
2257,0.022098615765571594
2258,0.02207275852560997
2259,0.022059625014662743
2260,0.022043969482183456
2261,0.02202799916267395
2262,0.02201227657496929
2263,0.02199702523648739
2264,0.021975746378302574
2265,0.021949555724859238
2266,0.0219306368380785
2267,0.021914279088377953
2268,0.02189490757882595
2269,0.021881381049752235
2270,0.021861305460333824
2271,0.021849166601896286
2272,0.021838009357452393
2273,0.02183200605213642
2274,0.021821975708007812
2275,0.021805794909596443
2276,0.021779468283057213
2277,0.021758046001195908
2278,0.021740132942795753
2279,0.02172994241118431
2280,0.02171899564564228
2281,0.021707290783524513
2282,0.02168862335383892
2283,0.021667152643203735
2284,0.021638860926032066
2285,0.02159171551465988
2286,0.021567603573203087
2287,0.021534224972128868
2288,0.02152062952518463
2289,0.021509313955903053
2290,0.021493365988135338
2291,0.021478362381458282
2292,0.021470054984092712
2293,0.021459730342030525
2294,0.02145172655582428
2295,0.02150033600628376
2296,0.021436410024762154
2297,0.02142483927309513
2298,0.021413803100585938
2299,0.02140134386718273
2300,0.021387854591012
2301,0.021365389227867126
2302,0.021344400942325592
2303,0.021334169432520866
2304,0.02131778933107853
2305,0.021305300295352936
2306,0.021289382129907608
2307,0.021267231553792953
2308,0.02123546600341797
2309,0.02129242941737175
2310,0.021198280155658722
2311,0.021180780604481697
2312,0.02116740122437477
2313,0.02116336300969124
2314,0.021146226674318314
2315,0.021131280809640884
2316,0.021115286275744438
2317,0.021101178601384163
2318,0.021089481189846992
2319,0.021076519042253494
2320,0.021068215370178223
2321,0.021055862307548523
2322,0.021044740453362465
2323,0.02106485888361931
2324,0.02103063091635704
2325,0.02102392539381981
2326,0.021017257124185562
2327,0.021008066833019257
2328,0.02099929004907608
2329,0.020986506715416908
2330,0.020974498242139816
2331,0.020961588248610497
2332,0.020949408411979675
2333,0.020938869565725327
2334,0.02092718333005905
2335,0.02091197483241558
2336,0.020884456112980843
2337,0.020862210541963577
2338,0.020857708528637886
2339,0.02083519473671913
2340,0.020824601873755455
2341,0.02081570401787758
2342,0.02080468460917473
2343,0.02078901045024395
2344,0.020798485726118088
2345,0.020762266591191292
2346,0.020745713263750076
2347,0.02073119953274727
2348,0.020719917491078377
2349,0.020708831027150154
2350,0.020837359130382538
2351,0.020693594589829445
2352,0.020677680149674416
2353,0.020668182522058487
2354,0.020656561478972435
2355,0.02064802125096321
2356,0.020631399005651474
2357,0.020613469183444977
2358,0.02060103416442871
2359,0.020591681823134422
2360,0.020579392090439796
2361,0.020569106563925743
2362,0.020551884546875954
2363,0.020531663671135902
2364,0.020507993176579475
2365,0.02048603817820549
2366,0.020471593365073204
2367,0.020452704280614853
2368,0.020448831841349602
2369,0.02044423297047615
2370,0.02043856866657734
2371,0.020433863624930382
2372,0.020425448194146156
2373,0.020415067672729492
2374,0.020403649657964706
2375,0.020392654463648796
2376,0.020379265770316124
2377,0.020376311615109444
2378,0.020366352051496506
2379,0.020361484959721565
2380,0.02035580947995186
2381,0.020346520468592644
2382,0.02033669874072075
2383,0.020322969183325768
2384,0.020313773304224014
2385,0.02032250352203846
2386,0.020306382328271866
2387,0.020302115008234978
2388,0.02029632218182087
2389,0.02029058150947094
2390,0.020283475518226624
2391,0.020273417234420776
2392,0.020267097279429436
2393,0.020251033827662468
2394,0.020242875441908836
2395,0.0202319473028183
2396,0.020224429666996002
2397,0.020217929035425186
2398,0.020225876942276955
2399,0.02020913176238537
2400,0.020204603672027588
2401,0.020198848098516464
2402,0.020194338634610176
2403,0.02018444985151291
2404,0.02020159922540188
2405,0.020171403884887695
2406,0.020164286717772484
2407,0.020158017054200172
2408,0.020151939243078232
2409,0.02014377899467945
2410,0.020143240690231323
2411,0.020126154646277428
2412,0.020115558058023453
2413,0.020102662965655327
2414,0.020088596269488335
2415,0.020070118829607964
2416,0.02004116401076317
2417,0.020062273368239403
2418,0.02000800147652626
2419,0.019995201379060745
2420,0.019987430423498154
2421,0.019978508353233337
2422,0.020061524584889412
2423,0.019968898966908455
2424,0.01995932310819626
2425,0.019952600821852684
2426,0.01994435489177704
2427,0.01993856020271778
2428,0.019925761967897415
2429,0.019939370453357697
2430,0.019901102408766747
2431,0.019892016425728798
2432,0.019886000081896782
2433,0.019879069179296494
2434,0.019866999238729477
2435,0.019889093935489655
2436,0.01984948292374611
2437,0.019832130521535873
2438,0.019819695502519608
2439,0.019807588309049606
2440,0.019809715449810028
2441,0.019793327897787094
2442,0.01978641003370285
2443,0.019780512899160385
2444,0.019771449267864227
2445,0.019763709977269173
2446,0.019752241671085358
2447,0.01973888836801052
2448,0.019729111343622208
2449,0.019721033051609993
2450,0.0197079349309206
2451,0.019695276394486427
2452,0.01967799849808216
2453,0.01965935342013836
2454,0.019646961241960526
2455,0.019630413502454758
2456,0.019613755866885185
2457,0.019596951082348824
2458,0.019596245139837265
2459,0.019574502483010292
2460,0.019565122202038765
2461,0.019552461802959442
2462,0.01954040490090847
2463,0.019521713256835938
2464,0.01949314773082733
2465,0.019470935687422752
2466,0.01944831572473049
2467,0.019434114918112755
2468,0.019415175542235374
2469,0.01939624547958374
2470,0.019387103617191315
2471,0.019374670460820198
2472,0.019367126747965813
2473,0.019358471035957336
2474,0.019345438107848167
2475,0.019321314990520477
2476,0.01931712217628956
2477,0.019298071041703224
2478,0.019291508942842484
2479,0.019284427165985107
2480,0.01927865482866764
2481,0.019269585609436035
2482,0.01925826631486416
2483,0.01924978196620941
2484,0.019235484302043915
2485,0.01922823116183281
2486,0.019217463210225105
2487,0.019209422171115875
2488,0.019200457260012627
2489,0.019189517945051193
2490,0.019222399219870567
2491,0.019177814945578575
2492,0.019171180203557014
2493,0.019163159653544426
2494,0.019153587520122528
2495,0.019144734367728233
2496,0.01913636364042759
2497,0.01912618987262249
2498,0.01912091299891472
2499,0.01911585032939911
2500,0.019108358770608902
2501,0.019097043201327324
2502,0.019078854471445084
2503,0.01906517520546913
2504,0.019052233546972275
2505,0.019037801772356033
2506,0.019031153991818428
2507,0.01901792734861374
2508,0.018999338150024414
2509,0.018979692831635475
2510,0.018965667113661766
2511,0.01895156502723694
2512,0.018960487097501755
2513,0.01894340105354786
2514,0.0189379770308733
2515,0.018932541832327843
2516,0.018927736207842827
2517,0.018921565264463425
2518,0.018906552344560623
2519,0.018887022510170937
2520,0.018867231905460358
2521,0.018852103501558304
2522,0.01883605308830738
2523,0.01882515288889408
2524,0.01880793087184429
2525,0.01879427768290043
2526,0.018782131373882294
2527,0.018762132152915
2528,0.018743326887488365
2529,0.01872764527797699
2530,0.0187175665050745
2531,0.01870903931558132
2532,0.018702397122979164
2533,0.01869000867009163
2534,0.018675249069929123
2535,0.018707240000367165
2536,0.018658824265003204
2537,0.018650896847248077
2538,0.01864405907690525
2539,0.018636144697666168
2540,0.01862511970102787
2541,0.018608728423714638
2542,0.01858983188867569
2543,0.01857677288353443
2544,0.01855224184691906
2545,0.018537016585469246
2546,0.01852491870522499
2547,0.018517019227147102
2548,0.018509691581130028
2549,0.01850125566124916
2550,0.018483828753232956
2551,0.018459785729646683
2552,0.018439631909132004
2553,0.018423520028591156
2554,0.018416069447994232
2555,0.018408387899398804
2556,0.018397586420178413
2557,0.01837179809808731
2558,0.018350956961512566
2559,0.018334025517106056
2560,0.018313372507691383
2561,0.018283160403370857
2562,0.018261948600411415
2563,0.018231792375445366
2564,0.018200356513261795
2565,0.018164629116654396
2566,0.018222827464342117
2567,0.018149765208363533
2568,0.01814032532274723
2569,0.018133414909243584
2570,0.0181265901774168
2571,0.01811813935637474
2572,0.01812015101313591
2573,0.01809794455766678
2574,0.01808604784309864
2575,0.01807347685098648
2576,0.018063707277178764
2577,0.01805082894861698
2578,0.018039226531982422
2579,0.01802681013941765
2580,0.018015988171100616
2581,0.018007151782512665
2582,0.018000192940235138
2583,0.01799643039703369
2584,0.017987893894314766
2585,0.01798364147543907
2586,0.01797276921570301
2587,0.017957903444767
2588,0.017973676323890686
2589,0.01793971285223961
2590,0.017931876704096794
2591,0.01792416162788868
2592,0.017916711047291756
2593,0.017906051129102707
2594,0.0179284680634737
2595,0.017895903438329697
2596,0.017890457063913345
2597,0.017886077985167503
2598,0.017880670726299286
2599,0.017873117700219154
2600,0.017872298136353493
2601,0.01786373369395733
2602,0.017859594896435738
2603,0.017856992781162262
2604,0.017854033038020134
2605,0.017847437411546707
2606,0.01783551648259163
2607,0.017822828143835068
2608,0.017812764272093773
2609,0.017813386395573616
2610,0.017801275476813316
2611,0.01779862493276596
2612,0.017794903367757797
2613,0.017790138721466064
2614,0.017786087468266487
2615,0.017773767933249474
2616,0.0177653469145298
2617,0.017749639227986336
2618,0.01774192787706852
2619,0.017735091969370842
2620,0.017731908708810806
2621,0.017724674195051193
2622,0.01771811954677105
2623,0.01771358773112297
2624,0.01770758628845215
2625,0.01769912615418434
2626,0.017703892663121223
2627,0.017684826627373695
2628,0.01767978072166443
2629,0.017674433067440987
2630,0.017670046538114548
2631,0.01766378991305828
2632,0.017651770263910294
2633,0.017667971551418304
2634,0.017639268189668655
2635,0.01763584092259407
2636,0.017633268609642982
2637,0.017630113288760185
2638,0.01762545108795166
2639,0.017618710175156593
2640,0.017612826079130173
2641,0.017606660723686218
2642,0.01760062389075756
2643,0.017593849450349808
2644,0.017587006092071533
2645,0.017572954297065735
2646,0.017562784254550934
2647,0.017555495724081993
2648,0.017551492899656296
2649,0.017546219751238823
2650,0.0175407025963068
2651,0.017534058541059494
2652,0.017524322494864464
2653,0.017517969012260437
2654,0.017510395497083664
2655,0.017504796385765076
2656,0.017500104382634163
2657,0.017494726926088333
2658,0.01748509518802166
2659,0.01747695729136467
2660,0.01746906153857708
2661,0.017454784363508224
2662,0.01744593307375908
2663,0.017438838258385658
2664,0.017426060512661934
2665,0.017416631802916527
2666,0.01741017960011959
2667,0.017403414472937584
2668,0.01739269495010376
2669,0.017375485971570015
2670,0.01735818386077881
2671,0.01734313555061817
2672,0.01733195036649704
2673,0.017330629751086235
2674,0.017324896529316902
2675,0.01732298731803894
2676,0.017319215461611748
2677,0.01731504686176777
2678,0.017310168594121933
2679,0.017299413681030273
2680,0.017300322651863098
2681,0.017279045656323433
2682,0.017272070050239563
2683,0.017261076718568802
2684,0.017253128811717033
2685,0.017247388139367104
2686,0.017236800864338875
2687,0.017221596091985703
2688,0.0172053761780262
2689,0.017188899219036102
2690,0.017164140939712524
2691,0.017149019986391068
2692,0.017135905101895332
2693,0.017122995108366013
2694,0.01711413264274597
2695,0.017098257318139076
2696,0.017073456197977066
2697,0.017063219100236893
2698,0.017042599618434906
2699,0.017029166221618652
2700,0.01701490953564644
2701,0.01699928566813469
2702,0.01699177362024784
2703,0.016976773738861084
2704,0.016970524564385414
2705,0.016962701454758644
2706,0.016954634338617325
2707,0.016944415867328644
2708,0.016932746395468712
2709,0.01691810041666031
2710,0.01690221019089222
2711,0.016891729086637497
2712,0.016884775832295418
2713,0.016877993941307068
2714,0.016864104196429253
2715,0.016850359737873077
2716,0.016845474019646645
2717,0.016840016469359398
2718,0.016834456473588943
2719,0.016829777508974075
2720,0.016822725534439087
2721,0.016811776906251907
2722,0.016807865351438522
2723,0.016788499429821968
2724,0.01677834987640381
2725,0.01676756702363491
2726,0.016758926212787628
2727,0.016745442524552345
2728,0.01676676608622074
2729,0.016725614666938782
2730,0.01671425811946392
2731,0.016704143956303596
2732,0.016694923862814903
2733,0.016673222184181213
2734,0.0166501235216856
2735,0.016637425869703293
2736,0.01662171073257923
2737,0.016602270305156708
2738,0.016645750030875206
2739,0.016581280156970024
2740,0.01656651869416237
2741,0.01655442826449871
2742,0.016545385122299194
2743,0.01653098315000534
2744,0.016518669202923775
2745,0.016504380851984024
2746,0.016498660668730736
2747,0.01649320311844349
2748,0.016487088054418564
2749,0.016474978998303413
2750,0.01646530255675316
2751,0.01645413413643837
2752,0.01643572747707367
2753,0.016419503837823868
2754,0.016412395983934402
2755,0.01640128158032894
2756,0.016391439363360405
2757,0.0163804329931736
2758,0.016369877383112907
2759,0.016359981149435043
2760,0.016395874321460724
2761,0.016344014555215836
2762,0.01633618399500847
2763,0.016329428181052208
2764,0.016323573887348175
2765,0.0163134578615427
2766,0.016332628205418587
2767,0.016301993280649185
2768,0.01629578322172165
2769,0.01628926768898964
2770,0.016280584037303925
2771,0.01629171147942543
2772,0.016268040984869003
2773,0.016262967139482498
2774,0.01625753939151764
2775,0.0162532739341259
2776,0.01624910719692707
2777,0.016242070123553276
2778,0.016235170885920525
2779,0.016225475817918777
2780,0.016216697171330452
2781,0.016206279397010803
2782,0.016197094693779945
2783,0.016192015260457993
2784,0.016186686232686043
2785,0.016181739047169685
2786,0.016176996752619743
2787,0.01616801880300045
2788,0.01615912653505802
2789,0.016150575131177902
2790,0.01614064909517765
2791,0.01613520085811615
2792,0.016146739944815636
2793,0.016128305345773697
2794,0.0161245446652174
2795,0.016121365129947662
2796,0.016118617728352547
2797,0.01611531898379326
2798,0.016110874712467194
2799,0.01610669679939747
2800,0.016100917011499405
2801,0.01609688438475132
2802,0.01609114371240139
2803,0.016078084707260132
2804,0.016064798459410667
2805,0.016049053519964218
2806,0.016042768955230713
2807,0.01603717729449272
2808,0.016034267842769623
2809,0.01602312922477722
2810,0.016009759157896042
2811,0.016005733981728554
2812,0.01599607989192009
2813,0.015989497303962708
2814,0.015989072620868683
2815,0.01597832515835762
2816,0.015972234308719635
2817,0.015965813770890236
2818,0.01596081629395485
2819,0.015949351713061333
2820,0.015965688973665237
2821,0.015934767201542854
2822,0.01592920534312725
2823,0.015923554077744484
2824,0.01591811515390873
2825,0.015906762331724167
2826,0.015896428376436234
2827,0.015887551009655
2828,0.015880143269896507
2829,0.015873130410909653
2830,0.015859529376029968
2831,0.015842262655496597
2832,0.01581997238099575
2833,0.015803871676325798
2834,0.015796300023794174
2835,0.015790581703186035
2836,0.015785474330186844
2837,0.015779966488480568
2838,0.015772882848978043
2839,0.015761930495500565
2840,0.015744701027870178
2841,0.015726348385214806
2842,0.015709176659584045
2843,0.01572646200656891
2844,0.015692275017499924
2845,0.015684030950069427
2846,0.0156770758330822
2847,0.01567014493048191
2848,0.015664750710129738
2849,0.015658346936106682
2850,0.015652310103178024
2851,0.01564680226147175
2852,0.01563948765397072
2853,0.015631839632987976
2854,0.01561971940100193
2855,0.015608974732458591
2856,0.015600666403770447
2857,0.015590478666126728
2858,0.015590718947350979
2859,0.015582691878080368
2860,0.015581474639475346
2861,0.015575862489640713
2862,0.015569382347166538
2863,0.015562649816274643
2864,0.015550145879387856
2865,0.015533593483269215
2866,0.015519650653004646
2867,0.01550997607409954
2868,0.015503618866205215
2869,0.015499063767492771
2870,0.015488029457628727
2871,0.015478926710784435
2872,0.015471993014216423
2873,0.0154682332649827
2874,0.015460251830518246
2875,0.015450570732355118
2876,0.015443962067365646
2877,0.015435944311320782
2878,0.015419814735651016
2879,0.015409838408231735
2880,0.015401147305965424
2881,0.015392886474728584
2882,0.015388383530080318
2883,0.015379124321043491
2884,0.015372494235634804
2885,0.015376911498606205
2886,0.015362356789410114
2887,0.015360052697360516
2888,0.01535719633102417
2889,0.015355419367551804
2890,0.015352875925600529
2891,0.015354819595813751
2892,0.015342731028795242
2893,0.015334191732108593
2894,0.015326684340834618
2895,0.015312157571315765
2896,0.015301325358450413
2897,0.01529212947934866
2898,0.015283489599823952
2899,0.015278606675565243
2900,0.015272394753992558
2901,0.015267601236701012
2902,0.015267022885382175
2903,0.015260173939168453
2904,0.015258186496794224
2905,0.015256581827998161
2906,0.0152536416426301
2907,0.015250538475811481
2908,0.015244544483721256
2909,0.015235913917422295
2910,0.015229429118335247
2911,0.015215706080198288
2912,0.015208793804049492
2913,0.015202940441668034
2914,0.01519882120192051
2915,0.015193480998277664
2916,0.01518182922154665
2917,0.015173980966210365
2918,0.015168016776442528
2919,0.015162530355155468
2920,0.015158954076468945
2921,0.01515326090157032
2922,0.015147139318287373
2923,0.015140114352107048
2924,0.015130647458136082
2925,0.01512058824300766
2926,0.015109604224562645
2927,0.015099871903657913
2928,0.01508352905511856
2929,0.015073531307280064
2930,0.015061230398714542
2931,0.01504867896437645
2932,0.015037734992802143
2933,0.015030128881335258
2934,0.01502309925854206
2935,0.015014396980404854
2936,0.015023501589894295
2937,0.01499850582331419
2938,0.014992018230259418
2939,0.014986660331487656
2940,0.014981664717197418
2941,0.014976026490330696
2942,0.014967717230319977
2943,0.014962108805775642
2944,0.014954408630728722
2945,0.014942122623324394
2946,0.014929893426597118
2947,0.014920136891305447
2948,0.015047857537865639
2949,0.01491694524884224
2950,0.014907430857419968
2951,0.014904888346791267
2952,0.014902208000421524
2953,0.014898587018251419
2954,0.01489357277750969
2955,0.014890259131789207
2956,0.014885726384818554
2957,0.014883403666317463
2958,0.01487826183438301
2959,0.014873684383928776
2960,0.01486921776086092
2961,0.014860071241855621
2962,0.014860101975500584
2963,0.014847950078547001
2964,0.014840946532785892
2965,0.01483736652880907
2966,0.014832396060228348
2967,0.014826437458395958
2968,0.014820306561887264
2969,0.014823217876255512
2970,0.014811046421527863
2971,0.014806604012846947
2972,0.014800498262047768
2973,0.014792462810873985
2974,0.014798489399254322
2975,0.0147677818313241
2976,0.014755897223949432
2977,0.014746814966201782
2978,0.014737891033291817
2979,0.014727658592164516
2980,0.014705857262015343
2981,0.014687691815197468
2982,0.014670608565211296
2983,0.014662407338619232
2984,0.0146571584045887
2985,0.014650327153503895
2986,0.014636378735303879
2987,0.014621077105402946
2988,0.014607456512749195
2989,0.014594556763768196
2990,0.01458999328315258
2991,0.01458713784813881
2992,0.014580722898244858
2993,0.014574403874576092
2994,0.014563475735485554
2995,0.01455023791640997
2996,0.014535251073539257
2997,0.01452627219259739
2998,0.01451827585697174
2999,0.014513393864035606
3000,0.01450409833341837
3001,0.014483857899904251
3002,0.014468382112681866
3003,0.014454232528805733
3004,0.01444507110863924
3005,0.014436537399888039
3006,0.014431651681661606
3007,0.014423185028135777
3008,0.014415567740797997
3009,0.014404498971998692
3010,0.014394992031157017
3011,0.014387426897883415
3012,0.01437937468290329
3013,0.0143680889159441
3014,0.014356556348502636
3015,0.014347974210977554
3016,0.014340804889798164
3017,0.014332758262753487
3018,0.014323696494102478
3019,0.014313719235360622
3020,0.01430456805974245
3021,0.01429804228246212
3022,0.014291232451796532
3023,0.0142843471840024
3024,0.014271797612309456
3025,0.014260065741837025
3026,0.014240090735256672
3027,0.014226355589926243
3028,0.014218202792108059
3029,0.014204219914972782
3030,0.014196926727890968
3031,0.014191797003149986
3032,0.014186964370310307
3033,0.014181496575474739
3034,0.014175822958350182
3035,0.014165624044835567
3036,0.014159141108393669
3037,0.014149650931358337
3038,0.01414466742426157
3039,0.014146811328828335
3040,0.014122947119176388
3041,0.01411230769008398
3042,0.014095748774707317
3043,0.014073521830141544
3044,0.014063147827982903
3045,0.014044709503650665
3046,0.014033220708370209
3047,0.014023718424141407
3048,0.014013764448463917
3049,0.013995491899549961
3050,0.013975445181131363
3051,0.0139600345864892
3052,0.013938390649855137
3053,0.013922812417149544
3054,0.013910596258938313
3055,0.01390177570283413
3056,0.013891786336898804
3057,0.01388611551374197
3058,0.013873638585209846
3059,0.013859206810593605
3060,0.013844145461916924
3061,0.013827646151185036
3062,0.013813157565891743
3063,0.013800482265651226
3064,0.013781243935227394
3065,0.013769489713013172
3066,0.01375287864357233
3067,0.01373586431145668
3068,0.01372328121215105
3069,0.013706034980714321
3070,0.013691184110939503
3071,0.013683909550309181
3072,0.013675916008651257
3073,0.013666877523064613
3074,0.013652621768414974
3075,0.013636913150548935
3076,0.013625551015138626
3077,0.013609794899821281
3078,0.013603143393993378
3079,0.01359382551163435
3080,0.013582710176706314
3081,0.013566887937486172
3082,0.013588493689894676
3083,0.013548136688768864
3084,0.013541287742555141
3085,0.013535261154174805
3086,0.013528537005186081
3087,0.01352014858275652
3088,0.013513666577637196
3089,0.013507784344255924
3090,0.013502037152647972
3091,0.013498316518962383
3092,0.013491686433553696
3093,0.013482005335390568
3094,0.013483276590704918
3095,0.013468349352478981
3096,0.013461322523653507
3097,0.013450837694108486
3098,0.0134379668161273
3099,0.013467859476804733
3100,0.013418522663414478
3101,0.0134104760363698
3102,0.01340281032025814
3103,0.013397570699453354
3104,0.013391908258199692
3105,0.013386202976107597
3106,0.013378022238612175
3107,0.013373065739870071
3108,0.013369854539632797
3109,0.01336759328842163
3110,0.013364306651055813
3111,0.013359107077121735
3112,0.013348364271223545
3113,0.013337110169231892
3114,0.013397864997386932
3115,0.013327493332326412
3116,0.01332193985581398
3117,0.013319574296474457
3118,0.013315621763467789
3119,0.013311663642525673
3120,0.013302714563906193
3121,0.013308366760611534
3122,0.013290558010339737
3123,0.01328315306454897
3124,0.013276087120175362
3125,0.013271319679915905
3126,0.013262048363685608
3127,0.013260951265692711
3128,0.013248932547867298
3129,0.013241787441074848
3130,0.013236193917691708
3131,0.013228164054453373
3132,0.013213759288191795
3133,0.013199185021221638
3134,0.01318332552909851
3135,0.013178441673517227
3136,0.013171475380659103
3137,0.013165285810828209
3138,0.013149668462574482
3139,0.013133632950484753
3140,0.013125305064022541
3141,0.013110604137182236
3142,0.013102184981107712
3143,0.013096182607114315
3144,0.013086529448628426
3145,0.013075415045022964
3146,0.013066474348306656
3147,0.013060864061117172
3148,0.013053517788648605
3149,0.01304296962916851
3150,0.013036136515438557
3151,0.013027580454945564
3152,0.013015839271247387
3153,0.013001770712435246
3154,0.012990370392799377
3155,0.012981338426470757
3156,0.012973255477845669
3157,0.012967417947947979
3158,0.0129549540579319
3159,0.012940404936671257
3160,0.012987741269171238
3161,0.012932323850691319
3162,0.012926321476697922
3163,0.012921587564051151
3164,0.012917155399918556
3165,0.012913903221487999
3166,0.012909929268062115
3167,0.012904511764645576
3168,0.012899189256131649
3169,0.012891864404082298
3170,0.012885136529803276
3171,0.012879797257483006
3172,0.012871448881924152
3173,0.012864647433161736
3174,0.012856245040893555
3175,0.012844354845583439
3176,0.012889951467514038
3177,0.012832236476242542
3178,0.012825364246964455
3179,0.012821139767765999
3180,0.012817301787436008
3181,0.012811553664505482
3182,0.012806576676666737
3183,0.012800660915672779
3184,0.012791826389729977
3185,0.012786446139216423
3186,0.012781592085957527
3187,0.012778675183653831
3188,0.012775903567671776
3189,0.012771863490343094
3190,0.012764660641551018
3191,0.012755961157381535
3192,0.012750290334224701
3193,0.012737208977341652
3194,0.01273409090936184
3195,0.01272907666862011
3196,0.012725072912871838
3197,0.01271770428866148
3198,0.012706991285085678
3199,0.012705757282674313
3200,0.012697757221758366
3201,0.012697064317762852
3202,0.012693770229816437
3203,0.012686830013990402
3204,0.012679760344326496
3205,0.01267620176076889
3206,0.012671807780861855
3207,0.012669596821069717
3208,0.012666154652833939
3209,0.012664776295423508
3210,0.012659485451877117
3211,0.012656367383897305
3212,0.012651605531573296
3213,0.012647484429180622
3214,0.012642154470086098
3215,0.012637767940759659
3216,0.012634603306651115
3217,0.012630278244614601
3218,0.012625095434486866
3219,0.012621457688510418
3220,0.012618056498467922
3221,0.01261227298527956
3222,0.012601885013282299
3223,0.012594806961715221
3224,0.01258622296154499
3225,0.012581432238221169
3226,0.012576358392834663
3227,0.012570107355713844
3228,0.012562126852571964
3229,0.012554600834846497
3230,0.012545931152999401
3231,0.012542828917503357
3232,0.012543199583888054
3233,0.012540052644908428
3234,0.012535009533166885
3235,0.012530731968581676
3236,0.012554517015814781
3237,0.012525210157036781
3238,0.01252099871635437
3239,0.012516005896031857
3240,0.012511100620031357
3241,0.012512050569057465
3242,0.012501469813287258
3243,0.012498884461820126
3244,0.012493476271629333
3245,0.012491162866353989
3246,0.012487060390412807
3247,0.012484540231525898
3248,0.012478805147111416
3249,0.012475306168198586
3250,0.0124669773504138
3251,0.012461020611226559
3252,0.012455450370907784
3253,0.01245134137570858
3254,0.01244480349123478
3255,0.012439996004104614
3256,0.012432214803993702
3257,0.012441730126738548
3258,0.012423002161085606
3259,0.012420359998941422
3260,0.01241601724177599
3261,0.012413126416504383
3262,0.012408682145178318
3263,0.012400318868458271
3264,0.012392476201057434
3265,0.012386476621031761
3266,0.01238317135721445
3267,0.01238019298762083
3268,0.012376487255096436
3269,0.012372049503028393
3270,0.012386341579258442
3271,0.012366678565740585
3272,0.012364968657493591
3273,0.012362384237349033
3274,0.012360917404294014
3275,0.012357593514025211
3276,0.01235373318195343
3277,0.012348638847470284
3278,0.012341984547674656
3279,0.012336911633610725
3280,0.012332282029092312
3281,0.012326778843998909
3282,0.01232030987739563
3283,0.012314029037952423
3284,0.012309027835726738
3285,0.012302602641284466
3286,0.012299791909754276
3287,0.012296605855226517
3288,0.012289333157241344
3289,0.012283088639378548
3290,0.012282725423574448
3291,0.012277125380933285
3292,0.01227442268282175
3293,0.01227201335132122
3294,0.01226835884153843
3295,0.012263331562280655
3296,0.012257651425898075
3297,0.012249413877725601
3298,0.012244616635143757
3299,0.012234142050147057
3300,0.012230105698108673
3301,0.01222325675189495
3302,0.012218204326927662
3303,0.01221485622227192
3304,0.012209579348564148
3305,0.012206283397972584
3306,0.012200825847685337
3307,0.012215036898851395
3308,0.012191361747682095
3309,0.012189012952148914
3310,0.012184632942080498
3311,0.012180808000266552
3312,0.012175936251878738
3313,0.01217434462159872
3314,0.012164851650595665
3315,0.012159215286374092
3316,0.01215075422078371
3317,0.012143097817897797
3318,0.012137466110289097
3319,0.012132694013416767
3320,0.012128042988479137
3321,0.012120668776333332
3322,0.01211145892739296
3323,0.012105371803045273
3324,0.012099397368729115
3325,0.012097163125872612
3326,0.012092145159840584
3327,0.012085651978850365
3328,0.012076389975845814
3329,0.012068669311702251
3330,0.012058542110025883
3331,0.012048806995153427
3332,0.012041234411299229
3333,0.012032734230160713
3334,0.012028583325445652
3335,0.012023505754768848
3336,0.012021531350910664
3337,0.012016771361231804
3338,0.012011773884296417
3339,0.01200251653790474
3340,0.011991859413683414
3341,0.011984151788055897
3342,0.01197894848883152
3343,0.011975578963756561
3344,0.011970041319727898
3345,0.01196583453565836
3346,0.011959594674408436
3347,0.011959891766309738
3348,0.01195243839174509
3349,0.011950266547501087
3350,0.011947368271648884
3351,0.011943070217967033
3352,0.011938714422285557
3353,0.011936220340430737
3354,0.01193177793174982
3355,0.01192959863692522
3356,0.011927934363484383
3357,0.011922242119908333
3358,0.011916491203010082
3359,0.011909788474440575
3360,0.011905305087566376
3361,0.011901447549462318
3362,0.011899502016603947
3363,0.01189645566046238
3364,0.011893445625901222
3365,0.011885900981724262
3366,0.011895056813955307
3367,0.011874809861183167
3368,0.011869870126247406
3369,0.011864878237247467
3370,0.011858017183840275
3371,0.011850159615278244
3372,0.01185720693320036
3373,0.011838413774967194
3374,0.011833208613097668
3375,0.011826718226075172
3376,0.011820394545793533
3377,0.011813278310000896
3378,0.011802596971392632
3379,0.011793303303420544
3380,0.011787059716880322
3381,0.011783553287386894
3382,0.011777833104133606
3383,0.011770091950893402
3384,0.011760598048567772
3385,0.011753296479582787
3386,0.01174471341073513
3387,0.011740031652152538
3388,0.011737188324332237
3389,0.01173312496393919
3390,0.011727103032171726
3391,0.011723197996616364
3392,0.01171960774809122
3393,0.01171331200748682
3394,0.011707695201039314
3395,0.011704764328897
3396,0.011700842529535294
3397,0.011697415262460709
3398,0.011691825464367867
3399,0.011682063341140747
3400,0.011681081727147102
3401,0.011671089567244053
3402,0.011667344719171524
3403,0.011665195226669312
3404,0.011661347933113575
3405,0.011654290370643139
3406,0.011647905223071575
3407,0.011643308214843273
3408,0.011637563817203045
3409,0.011630500666797161
3410,0.011621644720435143
3411,0.011610807850956917
3412,0.011619068682193756
3413,0.011597584001719952
3414,0.011595239862799644
3415,0.01159279327839613
3416,0.011590253561735153
3417,0.011586633510887623
3418,0.011579034850001335
3419,0.011569713242352009
3420,0.011560944840312004
3421,0.011555526405572891
3422,0.011548953130841255
3423,0.011545434594154358
3424,0.011538869701325893
3425,0.011529781855642796
3426,0.011563043110072613
3427,0.011523447930812836
3428,0.011518965475261211
3429,0.011515272781252861
3430,0.011512774974107742
3431,0.011508000083267689
3432,0.011502398177981377
3433,0.011498126201331615
3434,0.011494731530547142
3435,0.011491982266306877
3436,0.01148916594684124
3437,0.011485767550766468
3438,0.011485978960990906
3439,0.011475817300379276
3440,0.0114733362570405
3441,0.011468172073364258
3442,0.011465576477348804
3443,0.011460952460765839
3444,0.011462167836725712
3445,0.011448015458881855
3446,0.011441095732152462
3447,0.011430477723479271
3448,0.011424309574067593
3449,0.011417610570788383
3450,0.011418692767620087
3451,0.011406916193664074
3452,0.011402437463402748
3453,0.011397977359592915
3454,0.01139290351420641
3455,0.011387377046048641
3456,0.01138263288885355
3457,0.011376838199794292
3458,0.011373773217201233
3459,0.011366071179509163
3460,0.011360052041709423
3461,0.011350995860993862
3462,0.011345651000738144
3463,0.011338392272591591
3464,0.011332954280078411
3465,0.011324916034936905
3466,0.011319588869810104
3467,0.011311613023281097
3468,0.01130663976073265
3469,0.011302038095891476
3470,0.011296293698251247
3471,0.011291971430182457
3472,0.011285974644124508
3473,0.01128261350095272
3474,0.01127792987972498
3475,0.011274677701294422
3476,0.011272892355918884
3477,0.011267105117440224
3478,0.011262509971857071
3479,0.01125824823975563
3480,0.011254866607487202
3481,0.011251863092184067
3482,0.011247681453824043
3483,0.01124538853764534
3484,0.011242770589888096
3485,0.01123754121363163
3486,0.011264240369200706
3487,0.011231588199734688
3488,0.011228512972593307
3489,0.01122773066163063
3490,0.011226421222090721
3491,0.011223871260881424
3492,0.011221861466765404
3493,0.011215428821742535
3494,0.011212721467018127
3495,0.011209585703909397
3496,0.011205256916582584
3497,0.011204324662685394
3498,0.011201309971511364
3499,0.011207977309823036
3500,0.011197241954505444
3501,0.011194312945008278
3502,0.011192488484084606
3503,0.011190004646778107
3504,0.011187229305505753
3505,0.011184769682586193
3506,0.011179945431649685
3507,0.011177746579051018
3508,0.011175274848937988
3509,0.011173686012625694
3510,0.011169936507940292
3511,0.011163156479597092
3512,0.01117389090359211
3513,0.011155612766742706
3514,0.011151795275509357
3515,0.011150221340358257
3516,0.011147831566631794
3517,0.011144579388201237
3518,0.011145164258778095
3519,0.011139477603137493
3520,0.011137471534311771
3521,0.01113375648856163
3522,0.01113276556134224
3523,0.011129436083137989
3524,0.01112333033233881
3525,0.011119653470814228
3526,0.011113044805824757
3527,0.01110752671957016
3528,0.011100724339485168
3529,0.011091569438576698
3530,0.01107990462332964
3531,0.011066321283578873
3532,0.011090668849647045
3533,0.011057380586862564
3534,0.011051461100578308
3535,0.011046802625060081
3536,0.011040963232517242
3537,0.0110328933224082
3538,0.011024890467524529
3539,0.011022284626960754
3540,0.011016659438610077
3541,0.011014223098754883
3542,0.011012071743607521
3543,0.011009651236236095
3544,0.011008067987859249
3545,0.011002806946635246
3546,0.010995850898325443
3547,0.010987935587763786
3548,0.0109817860648036
3549,0.010974006727337837
3550,0.010965373367071152
3551,0.010950942523777485
3552,0.010938853956758976
3553,0.010930683463811874
3554,0.010927096009254456
3555,0.010924121364951134
3556,0.010919185355305672
3557,0.01091451570391655
3558,0.010909217409789562
3559,0.010903003625571728
3560,0.010901698842644691
3561,0.010890793055295944
3562,0.010884254239499569
3563,0.010877937078475952
3564,0.010872586630284786
3565,0.010866247117519379
3566,0.010859512723982334
3567,0.010855505242943764
3568,0.010853101499378681
3569,0.01084537897258997
3570,0.01083795353770256
3571,0.010832617990672588
3572,0.010829243808984756
3573,0.010826378129422665
3574,0.010822922922670841
3575,0.010818644426763058
3576,0.01081161666661501
3577,0.01080139447003603
3578,0.01079620886594057
3579,0.01078786887228489
3580,0.010784713551402092
3581,0.01078210212290287
3582,0.010779337026178837
3583,0.010773181915283203
3584,0.010768784210085869
3585,0.01076425425708294
3586,0.010758844204246998
3587,0.010753273963928223
3588,0.010748877190053463
3589,0.010744276456534863
3590,0.010739176534116268
3591,0.01073508057743311
3592,0.010731724090874195
3593,0.010729818604886532
3594,0.010727981105446815
3595,0.010723507031798363
3596,0.010720240883529186
3597,0.010716225020587444
3598,0.010712360963225365
3599,0.010710366070270538
3600,0.010701614432036877
3601,0.010693015530705452
3602,0.010688751004636288
3603,0.01068243570625782
3604,0.010679520666599274
3605,0.010676704347133636
3606,0.010671598836779594
3607,0.010666689835488796
3608,0.010662809014320374
3609,0.01065890584141016
3610,0.010655175894498825
3611,0.010652406141161919
3612,0.010647936724126339
3613,0.010641266591846943
3614,0.010654118843376637
3615,0.010634439066052437
3616,0.010629821568727493
3617,0.010627536103129387
3618,0.010623198933899403
3619,0.010619664564728737
3620,0.01062810979783535
3621,0.01061522588133812
3622,0.010613941587507725
3623,0.0106121264398098
3624,0.010609382763504982
3625,0.010607264935970306
3626,0.010602224618196487
3627,0.010596991516649723
3628,0.010591838508844376
3629,0.010585700161755085
3630,0.010580985806882381
3631,0.010576900094747543
3632,0.010573351755738258
3633,0.010567418299615383
3634,0.010555421933531761
3635,0.010551517829298973
3636,0.01054727379232645
3637,0.010541311465203762
3638,0.010535366833209991
3639,0.010528452694416046
3640,0.010520387440919876
3641,0.01051355991512537
3642,0.0105063421651721
3643,0.010497326962649822
3644,0.010491766035556793
3645,0.010483319871127605
3646,0.010478444397449493
3647,0.01047610305249691
3648,0.010471707209944725
3649,0.010463938117027283
3650,0.010473646223545074
3651,0.010454283095896244
3652,0.0104474276304245
3653,0.010441423393785954
3654,0.010433885268867016
3655,0.010425228625535965
3656,0.01041616965085268
3657,0.010406865738332272
3658,0.010398329235613346
3659,0.010393713600933552
3660,0.010389846749603748
3661,0.010388035327196121
3662,0.010381797328591347
3663,0.010375465266406536
3664,0.010367671959102154
3665,0.010361634194850922
3666,0.010356871411204338
3667,0.010355344973504543
3668,0.010353234596550465
3669,0.010351688601076603
3670,0.010348577052354813
3671,0.010343761183321476
3672,0.01034071110188961
3673,0.010337243787944317
3674,0.010330215096473694
3675,0.010365692898631096
3676,0.010325299575924873
3677,0.010321466252207756
3678,0.010319950059056282
3679,0.010317749343812466
3680,0.010313346982002258
3681,0.010311258025467396
3682,0.010306267999112606
3683,0.010302150622010231
3684,0.010297523811459541
3685,0.01029093749821186
3686,0.01028584223240614
3687,0.010280272923409939
3688,0.010277051478624344
3689,0.010273289866745472
3690,0.010271348059177399
3691,0.010268601588904858
3692,0.01027132198214531
3693,0.010263262316584587
3694,0.010258832946419716
3695,0.010253168642520905
3696,0.010247521102428436
3697,0.010244686156511307
3698,0.010238494724035263
3699,0.010232977569103241
3700,0.010230406187474728
3701,0.010224973782896996
3702,0.010216460563242435
3703,0.010213392786681652
3704,0.010198223404586315
3705,0.01019204594194889
3706,0.010185232385993004
3707,0.010175970382988453
3708,0.010166477411985397
3709,0.010158202610909939
3710,0.010149591602385044
3711,0.010144936852157116
3712,0.010139347054064274
3713,0.010142862796783447
3714,0.010129785165190697
3715,0.010125798173248768
3716,0.010119923390448093
3717,0.010114808566868305
3718,0.010111061856150627
3719,0.010107598267495632
3720,0.01010423805564642
3721,0.01009869109839201
3722,0.010097409598529339
3723,0.01009321492165327
3724,0.010089173913002014
3725,0.010086435824632645
3726,0.01008055079728365
3727,0.010079121217131615
3728,0.010075830854475498
3729,0.010069814510643482
3730,0.010074797086417675
3731,0.010057205334305763
3732,0.010050445795059204
3733,0.010043040849268436
3734,0.010036162100732327
3735,0.010051685385406017
3736,0.01002944353967905
3737,0.010026047937572002
3738,0.010024039074778557
3739,0.010020239278674126
3740,0.010013940744102001
3741,0.010006057098507881
3742,0.009994282387197018
3743,0.009983901865780354
3744,0.009979331865906715
3745,0.00996957253664732
3746,0.009964365512132645
3747,0.009958969429135323
3748,0.009952917695045471
3749,0.009989051148295403
3750,0.00994639191776514
3751,0.009940584190189838
3752,0.00993579626083374
3753,0.009931598789989948
3754,0.009925496764481068
3755,0.009916899725794792
3756,0.009907104074954987
3757,0.009902703575789928
3758,0.00988945085555315
3759,0.009882553480565548
3760,0.00987653061747551
3761,0.009873468428850174
3762,0.009871380403637886
3763,0.009865443222224712
3764,0.00985786784440279
3765,0.009847738780081272
3766,0.009834859520196915
3767,0.009831545874476433
3768,0.009823140688240528
3769,0.009819235652685165
3770,0.00981673039495945
3771,0.009809477254748344
3772,0.009803513064980507
3773,0.009796081110835075
3774,0.009790998883545399
3775,0.009784162044525146
3776,0.009780291467905045
3777,0.00977559294551611
3778,0.009770795702934265
3779,0.009766575880348682
3780,0.009761108085513115
3781,0.009756339713931084
3782,0.009749287739396095
3783,0.009742850437760353
3784,0.009734750725328922
3785,0.009726088494062424
3786,0.009720832109451294
3787,0.009706719778478146
3788,0.0096983527764678
3789,0.009689638391137123
3790,0.009685304947197437
3791,0.00967908464372158
3792,0.009670567698776722
3793,0.009665516205132008
3794,0.009660119190812111
3795,0.009653348475694656
3796,0.009648003615438938
3797,0.009643889963626862
3798,0.009640338830649853
3799,0.009635387919843197
3800,0.009628256782889366
3801,0.00961849931627512
3802,0.00961101520806551
3803,0.009606579318642616
3804,0.009605085477232933
3805,0.009602333419024944
3806,0.009597967378795147
3807,0.009592228569090366
3808,0.009587098844349384
3809,0.00958084873855114
3810,0.009577143006026745
3811,0.009573454037308693
3812,0.0095692602917552
3813,0.009564603678882122
3814,0.00956240389496088
3815,0.009556992910802364
3816,0.009553317911922932
3817,0.009549642913043499
3818,0.0095461905002594
3819,0.009542500600218773
3820,0.00954904593527317
3821,0.009538950398564339
3822,0.00953670497983694
3823,0.00953502207994461
3824,0.009532994590699673
3825,0.009530634619295597
3826,0.009526722133159637
3827,0.009521862491965294
3828,0.009518856182694435
3829,0.00952776987105608
3830,0.00951425451785326
3831,0.009511456824839115
3832,0.009508212096989155
3833,0.009503898210823536
3834,0.009499619714915752
3835,0.009493593126535416
3836,0.00949151162058115
3837,0.009488280862569809
3838,0.009482288733124733
3839,0.009479660540819168
3840,0.009473947808146477
3841,0.00946954544633627
3842,0.009461171925067902
3843,0.009463557042181492
3844,0.009452113881707191
3845,0.009448083117604256
3846,0.009446314536035061
3847,0.009443762712180614
3848,0.009438122622668743
3849,0.009445776231586933
3850,0.009427483193576336
3851,0.009424764662981033
3852,0.00942201353609562
3853,0.009420166723430157
3854,0.009416637010872364
3855,0.009414478205144405
3856,0.009412795305252075
3857,0.009409160353243351
3858,0.009405028074979782
3859,0.009397500194609165
3860,0.009392731823027134
3861,0.009387998841702938
3862,0.009383901953697205
3863,0.00938003696501255
3864,0.009371825493872166
3865,0.0093759186565876
3866,0.009359880350530148
3867,0.009355946443974972
3868,0.00935319997370243
3869,0.009350033476948738
3870,0.009347707964479923
3871,0.009344254620373249
3872,0.009341574274003506
3873,0.009337794035673141
3874,0.009336140938103199
3875,0.009332248941063881
3876,0.009329669177532196
3877,0.009327630512416363
3878,0.009325055405497551
3879,0.009323948994278908
3880,0.009322375059127808
3881,0.009320136159658432
3882,0.009316911920905113
3883,0.009313416667282581
3884,0.009309392422437668
3885,0.00930436234921217
3886,0.009301109239459038
3887,0.009297797456383705
3888,0.00929365772753954
3889,0.009285412728786469
3890,0.0092782499268651
3891,0.009272569790482521
3892,0.009268387220799923
3893,0.009265832602977753
3894,0.009262770414352417
3895,0.009260348975658417
3896,0.009253304451704025
3897,0.009265520609915257
3898,0.009246420115232468
3899,0.009244738146662712
3900,0.00924150925129652
3901,0.009237408638000488
3902,0.009229423478245735
3903,0.009222411550581455
3904,0.00921831838786602
3905,0.009213588200509548
3906,0.009207523427903652
3907,0.009201533161103725
3908,0.009195405058562756
3909,0.009190716780722141
3910,0.009181053377687931
3911,0.009171582758426666
3912,0.00916263833642006
3913,0.009156626649200916
3914,0.009153741411864758
3915,0.009148743934929371
3916,0.009141000919044018
3917,0.009133775718510151
3918,0.009128175675868988
3919,0.009123945608735085
3920,0.009121709503233433
3921,0.009116972796618938
3922,0.009114228188991547
3923,0.009108200669288635
3924,0.009108303114771843
3925,0.009103381074965
3926,0.009101984091103077
3927,0.00910093542188406
3928,0.00909764040261507
3929,0.009093772619962692
3930,0.009088152088224888
3931,0.009081154130399227
3932,0.009073782712221146
3933,0.009068836458027363
3934,0.009064705111086369
3935,0.009060274809598923
3936,0.00905732624232769
3937,0.009053428657352924
3938,0.009043727070093155
3939,0.009036291390657425
3940,0.009030652232468128
3941,0.009022570215165615
3942,0.009018877521157265
3943,0.00901738740503788
3944,0.009012425318360329
3945,0.009009567089378834
3946,0.009004564024508
3947,0.008997909724712372
3948,0.008994094096124172
3949,0.008987809531390667
3950,0.00898150447756052
3951,0.008976341225206852
3952,0.008969846181571484
3953,0.00896500889211893
3954,0.008961052633821964
3955,0.00895615667104721
3956,0.008948301896452904
3957,0.008941945619881153
3958,0.008934766054153442
3959,0.00892738625407219
3960,0.008925065398216248
3961,0.008923024870455265
3962,0.008920369669795036
3963,0.008917216211557388
3964,0.008913670666515827
3965,0.008909234777092934
3966,0.008904564194381237
3967,0.008897925727069378
3968,0.008891265839338303
3969,0.008882864378392696
3970,0.008876586332917213
3971,0.008916878141462803
3972,0.008874009363353252
3973,0.008870499208569527
3974,0.008868989534676075
3975,0.008868217468261719
3976,0.008865331299602985
3977,0.008865784853696823
3978,0.008860861882567406
3979,0.008857368491590023
3980,0.008852679282426834
3981,0.008849010802805424
3982,0.008843113668262959
3983,0.008850502781569958
3984,0.00883699581027031
3985,0.00883490964770317
3986,0.008833987638354301
3987,0.008831335231661797
3988,0.008829007856547832
3989,0.008824384771287441
3990,0.008819314651191235
3991,0.008816305547952652
3992,0.008811963722109795
3993,0.008807993493974209
3994,0.00880500115454197
3995,0.008804066106677055
3996,0.008799737319350243
3997,0.008796285837888718
3998,0.00879293866455555
3999,0.008789807558059692
4000,0.008787097409367561
4001,0.008783011697232723
4002,0.008779251016676426
4003,0.00877675786614418
4004,0.008774520829319954
4005,0.00877340231090784
4006,0.008769262582063675
4007,0.00876638200134039
4008,0.008763330057263374
4009,0.008760237134993076
4010,0.008757510222494602
4011,0.00875111948698759
4012,0.008744663558900356
4013,0.008740894496440887
4014,0.008738888427615166
4015,0.008736688643693924
4016,0.008733640424907207
4017,0.008730458095669746
4018,0.008727776817977428
4019,0.008723749779164791
4020,0.008721105754375458
4021,0.008716199547052383
4022,0.008710627444088459
4023,0.008705404587090015
4024,0.008700085803866386
4025,0.008696203120052814
4026,0.008693325333297253
4027,0.00869118794798851
4028,0.008684716187417507
4029,0.008708997629582882
4030,0.008678180165588856
4031,0.008675104938447475
4032,0.008671441115438938
4033,0.008670028299093246
4034,0.008667543530464172
4035,0.008661563508212566
4036,0.008658564649522305
4037,0.008655793033540249
4038,0.008653370663523674
4039,0.008650439791381359
4040,0.008648836985230446
4041,0.008646258153021336
4042,0.008642061613500118
4043,0.008636451326310635
4044,0.008632287383079529
4045,0.008628346025943756
4046,0.008625570684671402
4047,0.008622081950306892
4048,0.008618209511041641
4049,0.008614325895905495
4050,0.008612370118498802
4051,0.008609920740127563
4052,0.008607727475464344
4053,0.008603301830589771
4054,0.008608294650912285
4055,0.008598605170845985
4056,0.008596204221248627
4057,0.008592233061790466
4058,0.008590703830122948
4059,0.008587696589529514
4060,0.00858466885983944
4061,0.008581912145018578
4062,0.008581307716667652
4063,0.0085806455463171
4064,0.0085783451795578
4065,0.00857648067176342
4066,0.008573134429752827
4067,0.00857137143611908
4068,0.00856552179902792
4069,0.008562501519918442
4070,0.008563029579818249
4071,0.008556726388633251
4072,0.00855553150177002
4073,0.008553015999495983
4074,0.008552294224500656
4075,0.008549567312002182
4076,0.008547349832952023
4077,0.008545100688934326
4078,0.008542654104530811
4079,0.008540491573512554
4080,0.008537495508790016
4081,0.00853376742452383
4082,0.008528469130396843
4083,0.008526412770152092
4084,0.008521751500666142
4085,0.00852584931999445
4086,0.00851621013134718
4087,0.008514122106134892
4088,0.008511700667440891
4089,0.008508684113621712
4090,0.008505804464221
4091,0.00850694626569748
4092,0.008500399067997932
4093,0.008497830480337143
4094,0.008495769463479519
4095,0.008493558503687382
4096,0.00848895963281393
4097,0.00850613322108984
4098,0.008482364937663078
4099,0.00847853347659111
4100,0.008476782590150833
4101,0.008475091308355331
4102,0.008474133908748627
4103,0.00847165659070015
4104,0.008467593230307102
4105,0.008461483754217625
4106,0.00848133210092783
4107,0.008453762158751488
4108,0.008450441062450409
4109,0.008447971194982529
4110,0.008445852436125278
4111,0.008444145321846008
4112,0.008441485464572906
4113,0.00843909103423357
4114,0.008436733856797218
4115,0.008433214388787746
4116,0.008432095870375633
4117,0.008429719135165215
4118,0.008425614796578884
4119,0.008432920090854168
4120,0.008419257588684559
4121,0.008415852673351765
4122,0.008413492701947689
4123,0.008407171815633774
4124,0.00840165838599205
4125,0.008401801809668541
4126,0.008394110016524792
4127,0.008391765877604485
4128,0.008390638045966625
4129,0.008387756533920765
4130,0.008385364897549152
4131,0.008388446643948555
4132,0.008379144594073296
4133,0.008376602083444595
4134,0.008373400196433067
4135,0.008370205760002136
4136,0.008367003872990608
4137,0.008363479748368263
4138,0.008359788917005062
4139,0.0083566689863801
4140,0.008351795375347137
4141,0.008346443064510822
4142,0.008340848609805107
4143,0.0083341458812356
4144,0.008330915123224258
4145,0.00832589901983738
4146,0.008320996537804604
4147,0.00831944402307272
4148,0.008315710350871086
4149,0.008313177153468132
4150,0.008312171325087547
4151,0.008310563862323761
4152,0.0083080492913723
4153,0.008304127492010593
4154,0.008368941023945808
4155,0.00830270629376173
4156,0.008298754692077637
4157,0.008296365849673748
4158,0.008296452462673187
4159,0.008294825442135334
4160,0.008293060585856438
4161,0.008289630524814129
4162,0.008289380930364132
4163,0.008284378796815872
4164,0.008283077739179134
4165,0.008278987370431423
4166,0.008275780826807022
4167,0.008276509121060371
4168,0.008270994760096073
4169,0.0082694748416543
4170,0.008267056196928024
4171,0.008265969343483448
4172,0.008261606097221375
4173,0.008256330154836178
4174,0.00827141385525465
4175,0.008247924037277699
4176,0.00824345089495182
4177,0.008239286951720715
4178,0.008235405199229717
4179,0.008233310654759407
4180,0.008252378553152084
4181,0.008230908773839474
4182,0.008228238672018051
4183,0.008226869627833366
4184,0.008225556463003159
4185,0.008222105912864208
4186,0.008216921240091324
4187,0.008221549913287163
4188,0.008207527920603752
4189,0.008202236145734787
4190,0.008197055198252201
4191,0.008191147819161415
4192,0.008185939863324165
4193,0.008179954253137112
4194,0.008175247348845005
4195,0.008169428445398808
4196,0.008157733827829361
4197,0.008155584335327148
4198,0.008151743561029434
4199,0.008147121407091618
4200,0.00814222265034914
4201,0.008137299679219723
4202,0.008131541311740875
4203,0.00812370516359806
4204,0.008139518089592457
4205,0.008115053176879883
4206,0.008111748844385147
4207,0.00810934230685234
4208,0.008107686415314674
4209,0.008105183951556683
4210,0.008100610226392746
4211,0.008126601576805115
4212,0.008091254159808159
4213,0.008087472058832645
4214,0.008085091598331928
4215,0.008083476684987545
4216,0.008082346990704536
4217,0.008080733940005302
4218,0.008078349754214287
4219,0.008074499666690826
4220,0.008072836324572563
4221,0.008074095472693443
4222,0.008067382499575615
4223,0.00806565210223198
4224,0.008064961060881615
4225,0.008061901666224003
4226,0.00805911049246788
4227,0.008055556565523148
4228,0.008050990290939808
4229,0.008046835660934448
4230,0.008044683374464512
4231,0.008041863329708576
4232,0.008039578795433044
4233,0.008033940568566322
4234,0.008027033880352974
4235,0.008020670153200626
4236,0.008014154620468616
4237,0.008010386489331722
4238,0.008006921969354153
4239,0.008003565482795238
4240,0.007998660206794739
4241,0.007994040846824646
4242,0.007987285032868385
4243,0.00798280443996191
4244,0.007979627698659897
4245,0.007974520325660706
4246,0.0079735666513443
4247,0.007968874648213387
4248,0.00796364713460207
4249,0.007961558178067207
4250,0.00795277301222086
4251,0.007949866354465485
4252,0.007945602759718895
4253,0.007943022064864635
4254,0.007949817925691605
4255,0.007938208058476448
4256,0.007938294671475887
4257,0.007935288362205029
4258,0.007933944463729858
4259,0.007930723018944263
4260,0.007929081097245216
4261,0.007924962788820267
4262,0.007920602336525917
4263,0.007918593473732471
4264,0.007917137816548347
4265,0.007915157824754715
4266,0.007908429019153118
4267,0.007906723767518997
4268,0.00789607036858797
4269,0.00789166521281004
4270,0.007887602783739567
4271,0.007881681434810162
4272,0.007877305150032043
4273,0.007893736474215984
4274,0.00786822009831667
4275,0.007865220308303833
4276,0.007861519232392311
4277,0.00785895437002182
4278,0.007856087759137154
4279,0.007848141714930534
4280,0.007870536297559738
4281,0.007842198014259338
4282,0.007837765850126743
4283,0.007835716009140015
4284,0.007832471281290054
4285,0.007830334827303886
4286,0.007825610227882862
4287,0.00781936850398779
4288,0.007812303025275469
4289,0.007807889953255653
4290,0.007805331610143185
4291,0.007801400497555733
4292,0.007797705475240946
4293,0.007792463060468435
4294,0.0077890669927001
4295,0.00778406485915184
4296,0.007781145628541708
4297,0.007779670879244804
4298,0.007777497172355652
4299,0.0077727059833705425
4300,0.007769663818180561
4301,0.007766689173877239
4302,0.007763678673654795
4303,0.007761392276734114
4304,0.007756969425827265
4305,0.007752522360533476
4306,0.0077488305978477
4307,0.0077453902922570705
4308,0.007739972323179245
4309,0.007737778127193451
4310,0.007734158542007208
4311,0.007730599492788315
4312,0.007723849732428789
4313,0.0077177914790809155
4314,0.007720236200839281
4315,0.007713220547884703
4316,0.00771004892885685
4317,0.007708296179771423
4318,0.007705262862145901
4319,0.0077012814581394196
4320,0.007719064597040415
4321,0.007697365712374449
4322,0.007693849503993988
4323,0.007693919353187084
4324,0.007691078819334507
4325,0.007689438760280609
4326,0.007685957942157984
4327,0.007681822404265404
4328,0.007678915746510029
4329,0.007675019092857838
4330,0.007670140825212002
4331,0.007664733100682497
4332,0.007662592921406031
4333,0.00765863386914134
4334,0.007656813133507967
4335,0.007655398920178413
4336,0.007653176784515381
4337,0.00765142822638154
4338,0.007649658247828484
4339,0.007647876162081957
4340,0.007643532939255238
4341,0.007657983340322971
4342,0.007640105672180653
4343,0.007637901231646538
4344,0.007635146379470825
4345,0.007635614834725857
4346,0.00763360969722271
4347,0.007631044834852219
4348,0.007631248794496059
4349,0.0076265656389296055
4350,0.007624426856637001
4351,0.0076232971623539925
4352,0.007621577009558678
4353,0.007618701085448265
4354,0.007615670561790466
4355,0.007616116665303707
4356,0.007611304521560669
4357,0.00760774128139019
4358,0.007606281898915768
4359,0.0076050241477787495
4360,0.007602133322507143
4361,0.007598191499710083
4362,0.007590285036712885
4363,0.0075829210691154
4364,0.007575102150440216
4365,0.00756733026355505
4366,0.007563425227999687
4367,0.007557459641247988
4368,0.007551524322479963
4369,0.007541690953075886
4370,0.007532536052167416
4371,0.0075252726674079895
4372,0.007518429309129715
4373,0.007514044642448425
4374,0.007507822476327419
4375,0.007502905558794737
4376,0.007496414706110954
4377,0.00748891057446599
4378,0.007484705653041601
4379,0.007481120061129332
4380,0.007477996405214071
4381,0.0074713705107569695
4382,0.007468541618436575
4383,0.007462720386683941
4384,0.007453699596226215
4385,0.007467970252037048
4386,0.0074426643550395966
4387,0.0074375285767018795
4388,0.007434262428432703
4389,0.007431546226143837
4390,0.007428128272294998
4391,0.007444016169756651
4392,0.007422244176268578
4393,0.00741924624890089
4394,0.0074167633429169655
4395,0.007412679027765989
4396,0.007406911812722683
4397,0.007401623763144016
4398,0.0073941913433372974
4399,0.007390279788523912
4400,0.00738487858325243
4401,0.007379352580755949
4402,0.00741224130615592
4403,0.007374286651611328
4404,0.007372336462140083
4405,0.0073703560046851635
4406,0.0073678456246852875
4407,0.007365408353507519
4408,0.007360730320215225
4409,0.007384000811725855
4410,0.0073524219915270805
4411,0.00734895933419466
4412,0.007345449645072222
4413,0.0073427604511380196
4414,0.007339085917919874
4415,0.007333526853471994
4416,0.0073257372714579105
4417,0.007318717893213034
4418,0.0073238639160990715
4419,0.0073104421608150005
4420,0.007307469379156828
4421,0.00730468425899744
4422,0.007301501464098692
4423,0.007298040669411421
4424,0.00729194562882185
4425,0.007285501342266798
4426,0.007278839126229286
4427,0.007270435802638531
4428,0.007266674656420946
4429,0.00726096099242568
4430,0.0072597842663526535
4431,0.007255731616169214
4432,0.007255052216351032
4433,0.0072532957419753075
4434,0.007249117363244295
4435,0.007245217449963093
4436,0.007238584570586681
4437,0.00722892303019762
4438,0.007222773507237434
4439,0.0072195520624518394
4440,0.007215364370495081
4441,0.00721242418512702
4442,0.007209797389805317
4443,0.007206359878182411
4444,0.007207347545772791
4445,0.007201204542070627
4446,0.007199369370937347
4447,0.007196871098130941
4448,0.007194716017693281
4449,0.00719115836545825
4450,0.0071870554238557816
4451,0.007183183450251818
4452,0.007180992513895035
4453,0.0071792141534388065
4454,0.007176742888987064
4455,0.007173372432589531
4456,0.007171545177698135
4457,0.0071671525947749615
4458,0.0071664913557469845
4459,0.007164170499891043
4460,0.0071632349863648415
4461,0.007160495035350323
4462,0.007156732492148876
4463,0.007153141312301159
4464,0.007151327095925808
4465,0.007148933131247759
4466,0.007145704235881567
4467,0.007142018526792526
4468,0.007136443164199591
4469,0.007130519021302462
4470,0.007125650066882372
4471,0.007124240044504404
4472,0.007119594141840935
4473,0.007116442080587149
4474,0.007114099338650703
4475,0.0071111153811216354
4476,0.007106464356184006
4477,0.007100056391209364
4478,0.007096881978213787
4479,0.0070950486697256565
4480,0.007091126404702663
4481,0.0070891897194087505
4482,0.007083536591380835
4483,0.007124163676053286
4484,0.007081993855535984
4485,0.007077500224113464
4486,0.007076856680214405
4487,0.0070748403668403625
4488,0.007072250358760357
4489,0.0070685576647520065
4490,0.007064745761454105
4491,0.007063369266688824
4492,0.007061631418764591
4493,0.007060393691062927
4494,0.007057420909404755
4495,0.007052551954984665
4496,0.007047105580568314
4497,0.007044552359730005
4498,0.0070416671223938465
4499,0.007039196789264679
4500,0.007036430295556784
4501,0.0070335823111236095
4502,0.007029903121292591
4503,0.007028393913060427
4504,0.007025504019111395
4505,0.007022593170404434
4506,0.007025935687124729
4507,0.00701964320614934
4508,0.007017971016466618
4509,0.007016611751168966
4510,0.007015154231339693
4511,0.007012748159468174
4512,0.007009362336248159
4513,0.007005290128290653
4514,0.006999053992331028
4515,0.006998321507126093
4516,0.006993340793997049
4517,0.006989241112023592
4518,0.0069873337633907795
4519,0.006983953528106213
4520,0.006979821715503931
4521,0.00697548221796751
4522,0.006971772760152817
4523,0.006967046298086643
4524,0.006962178274989128
4525,0.006957333534955978
4526,0.006951814517378807
4527,0.0069475616328418255
4528,0.006937174126505852
4529,0.00692962110042572
4530,0.006922267377376556
4531,0.00691906176507473
4532,0.006913055665791035
4533,0.00690555851906538
4534,0.006896236911416054
4535,0.006885174661874771
4536,0.006876112427562475
4537,0.006869363598525524
4538,0.006862413138151169
4539,0.0068559362553060055
4540,0.0068518128246068954
4541,0.006846621632575989
4542,0.006842919625341892
4543,0.006839995738118887
4544,0.006836914923042059
4545,0.006834251806139946
4546,0.006831048987805843
4547,0.006822986528277397
4548,0.006818808149546385
4549,0.0068132770247757435
4550,0.00681007606908679
4551,0.006805569399148226
4552,0.006800529081374407
4553,0.006793056149035692
4554,0.0067897699773311615
4555,0.006788062863051891
4556,0.006785239093005657
4557,0.0067839184775948524
4558,0.006781095173209906
4559,0.006778724957257509
4560,0.0067804534919559956
4561,0.0067762164399027824
4562,0.006774845998734236
4563,0.006774204783141613
4564,0.00677330931648612
4565,0.006771028507500887
4566,0.0067688473500311375
4567,0.006769814994186163
4568,0.0067639658227562904
4569,0.006762324832379818
4570,0.0067574880085885525
4571,0.006776430644094944
4572,0.006754057016223669
4573,0.00675041601061821
4574,0.0067488057538867
4575,0.006745920516550541
4576,0.006743561942130327
4577,0.0067398748360574245
4578,0.006736953742802143
4579,0.006732501555234194
4580,0.006729249842464924
4581,0.006725349463522434
4582,0.006724836770445108
4583,0.006720438599586487
4584,0.006718093063682318
4585,0.006716118194162846
4586,0.006713240407407284
4587,0.006709227338433266
4588,0.0067048934288322926
4589,0.006699355319142342
4590,0.006695246323943138
4591,0.0066929045133292675
4592,0.0066886721178889275
4593,0.0066844928078353405
4594,0.006686239503324032
4595,0.006679338403046131
4596,0.006678248755633831
4597,0.006675221957266331
4598,0.006672527175396681
4599,0.006670324597507715
4600,0.006666821893304586
4601,0.006665284279733896
4602,0.006660861428827047
4603,0.006658261176198721
4604,0.0066571468487381935
4605,0.006655373610556126
4606,0.006653426215052605
4607,0.006650034803897142
4608,0.0066491286270320415
4609,0.0066458662040531635
4610,0.006643536500632763
4611,0.006639334838837385
4612,0.0066347201354801655
4613,0.00663072569295764
4614,0.006627150811254978
4615,0.00662517175078392
4616,0.00662289559841156
4617,0.006622438319027424
4618,0.006619356106966734
4619,0.0066155120730400085
4620,0.00661213044077158
4621,0.006608863826841116
4622,0.006607149727642536
4623,0.006600702181458473
4624,0.006591190584003925
4625,0.006586087867617607
4626,0.00658008549362421
4627,0.006575540639460087
4628,0.00657286774367094
4629,0.00656897621229291
4630,0.0065654669888317585
4631,0.006559171713888645
4632,0.006555810570716858
4633,0.0065475646406412125
4634,0.006545131094753742
4635,0.006542331073433161
4636,0.006539301946759224
4637,0.006534480955451727
4638,0.0065298620611429214
4639,0.0065264529548585415
4640,0.006522440351545811
4641,0.006520300172269344
4642,0.006517966743558645
4643,0.006512283347547054
4644,0.006509691942483187
4645,0.006507709622383118
4646,0.006504587829113007
4647,0.006502647418528795
4648,0.0065005565993487835
4649,0.006499450653791428
4650,0.0064971488900482655
4651,0.006494285073131323
4652,0.006492205895483494
4653,0.006490325555205345
4654,0.00648875767365098
4655,0.006486223079264164
4656,0.0064851874485611916
4657,0.0064824665896594524
4658,0.006480135023593903
4659,0.006479819305241108
4660,0.006477168761193752
4661,0.006476443726569414
4662,0.006475850939750671
4663,0.006473524030297995
4664,0.0064730155281722546
4665,0.0064726658165454865
4666,0.0064711738377809525
4667,0.0064701298251748085
4668,0.006469834595918655
4669,0.006468184757977724
4670,0.006466791965067387
4671,0.0064650047570466995
4672,0.006480719894170761
4673,0.006461127661168575
4674,0.006459005177021027
4675,0.006458236835896969
4676,0.006456261500716209
4677,0.006454174872487783
4678,0.006452095694839954
4679,0.0064494493417441845
4680,0.006449801381677389
4681,0.006443212740123272
4682,0.006440345197916031
4683,0.006438438314944506
4684,0.006437366828322411
4685,0.006435884162783623
4686,0.006434394977986813
4687,0.006433314643800259
4688,0.006430402398109436
4689,0.006429396104067564
4690,0.006428634747862816
4691,0.006428281310945749
4692,0.006426648236811161
4693,0.006424751598387957
4694,0.0064242067746818066
4695,0.006422319915145636
4696,0.006419608369469643
4697,0.006418948993086815
4698,0.006416460033506155
4699,0.00641490425914526
4700,0.0064117033034563065
4701,0.006409480236470699
4702,0.006408547982573509
4703,0.006405274383723736
4704,0.006404304876923561
4705,0.0064031765796244144
4706,0.006401701830327511
4707,0.006400033365935087
4708,0.006398865021765232
4709,0.006396470591425896
4710,0.0063948724418878555
4711,0.006394878961145878
4712,0.006392842158675194
4713,0.006391340401023626
4714,0.006390714552253485
4715,0.00638896320015192
4716,0.006388277746737003
4717,0.006384088657796383
4718,0.006380930542945862
4719,0.006378482095897198
4720,0.00637633865699172
4721,0.006375482771545649
4722,0.006373853888362646
4723,0.006371370516717434
4724,0.0063681588508188725
4725,0.006365007255226374
4726,0.006363556254655123
4727,0.006362223066389561
4728,0.006360274273902178
4729,0.006357971113175154
4730,0.006355138495564461
4731,0.006353286560624838
4732,0.006352722644805908
4733,0.006350110750645399
4734,0.006346364039927721
4735,0.00634366599842906
4736,0.006341756787151098
4737,0.006340455263853073
4738,0.006338725332170725
4739,0.006336542312055826
4740,0.00633417721837759
4741,0.0063306353986263275
4742,0.006328699644654989
4743,0.0063269780948758125
4744,0.006324350368231535
4745,0.0063223461620509624
4746,0.006319580599665642
4747,0.006317462306469679
4748,0.006315033882856369
4749,0.006313579622656107
4750,0.006311766803264618
4751,0.006311174016445875
4752,0.00630803219974041
4753,0.006305711343884468
4754,0.0063031516037881374
4755,0.006302147638052702
4756,0.006299890577793121
4757,0.006298993248492479
4758,0.006297489628195763
4759,0.006296338513493538
4760,0.00629308819770813
4761,0.006290379445999861
4762,0.006285486742854118
4763,0.006281691137701273
4764,0.006280239671468735
4765,0.006278299726545811
4766,0.006275794468820095
4767,0.006274466402828693
4768,0.006277916952967644
4769,0.006271699443459511
4770,0.006269779521971941
4771,0.006268585100769997
4772,0.006266327574849129
4773,0.006262922193855047
4774,0.006260683294385672
4775,0.006260816473513842
4776,0.006259211339056492
4777,0.006259453948587179
4778,0.006258381064981222
4779,0.0062577007338404655
4780,0.00625602575019002
4781,0.006254448089748621
4782,0.006251637823879719
4783,0.00624896539375186
4784,0.006246374454349279
4785,0.006243702955543995
4786,0.00624184962362051
4787,0.006238917820155621
4788,0.006237317342311144
4789,0.0062353662215173244
4790,0.006233938038349152
4791,0.0062331813387572765
4792,0.006233063992112875
4793,0.006229798309504986
4794,0.006240634247660637
4795,0.006227906793355942
4796,0.006226107012480497
4797,0.006225393619388342
4798,0.006224385462701321
4799,0.006222938187420368
4800,0.0062213679775595665
4801,0.006225616671144962
4802,0.006218587048351765
4803,0.006218233145773411
4804,0.006217705551534891
4805,0.006217287853360176
4806,0.006216817069798708
4807,0.0062155346386134624
4808,0.006214997731149197
4809,0.006213054526597261
4810,0.0062125734984874725
4811,0.006211558822542429
4812,0.006211029831320047
4813,0.006209174636751413
4814,0.006208230275660753
4815,0.006205797661095858
4816,0.006206453777849674
4817,0.00620436854660511
4818,0.006204681005328894
4819,0.0062035201117396355
4820,0.006201452575623989
4821,0.006199017632752657
4822,0.006197033915668726
4823,0.00619471212849021
4824,0.006194212473928928
4825,0.006192526780068874
4826,0.006191627588123083
4827,0.006190056912600994
4828,0.006188361439853907
4829,0.006186590995639563
4830,0.006182205397635698
4831,0.00618142681196332
4832,0.006178916897624731
4833,0.006177011411637068
4834,0.006174773443490267
4835,0.006173235829919577
4836,0.006170772947371006
4837,0.006170813459903002
4838,0.006165322847664356
4839,0.006162501871585846
4840,0.006159858778119087
4841,0.006158338859677315
4842,0.00615624850615859
4843,0.006155621726065874
4844,0.006153278984129429
4845,0.0061515881679952145
4846,0.006150448694825172
4847,0.0061486633494496346
4848,0.006146719213575125
4849,0.006144698243588209
4850,0.006148283835500479
4851,0.006138257682323456
4852,0.0061358492821455
4853,0.006133099552243948
4854,0.006130249705165625
4855,0.006129008252173662
4856,0.006138614844530821
4857,0.006127257365733385
4858,0.006125616375356913
4859,0.006124176550656557
4860,0.006123043596744537
4861,0.0061219134368002415
4862,0.006120597943663597
4863,0.0061381966806948185
4864,0.0061175343580543995
4865,0.00611582025885582
4866,0.006115643307566643
4867,0.00611322745680809
4868,0.006112908013164997
4869,0.006112264934927225
4870,0.006109591107815504
4871,0.006108341738581657
4872,0.006106487475335598
4873,0.006105194799602032
4874,0.006103098392486572
4875,0.006103008519858122
4876,0.006099739111959934
4877,0.006098267622292042
4878,0.006096384953707457
4879,0.006094415672123432
4880,0.00609336094930768
4881,0.006090264301747084
4882,0.006087952293455601
4883,0.00608679186552763
4884,0.006086599547415972
4885,0.006084289867430925
4886,0.006081555970013142
4887,0.0060803028754889965
4888,0.006077451631426811
4889,0.006074792239814997
4890,0.006071050185710192
4891,0.0060666813515126705
4892,0.0060637458227574825
4893,0.006060165818780661
4894,0.006058174651116133
4895,0.0060567245818674564
4896,0.006054643075913191
4897,0.006051712669432163
4898,0.006048944313079119
4899,0.006041740998625755
4900,0.006038167048245668
4901,0.006036242935806513
4902,0.0060335504822432995
4903,0.00603040074929595
4904,0.006028757896274328
4905,0.006025547161698341
4906,0.006033516023308039
4907,0.00602037413045764
4908,0.0060180788859725
4909,0.006015687249600887
4910,0.006012959871441126
4911,0.006009356584399939
4912,0.006005840376019478
4913,0.006002749782055616
4914,0.005998455919325352
4915,0.00599055178463459
4916,0.0059854211285710335
4917,0.005982940085232258
4918,0.005981386639177799
4919,0.005978311412036419
4920,0.005978662054985762
4921,0.005973017308861017
4922,0.005971857346594334
4923,0.005968545563519001
4924,0.005967185832560062
4925,0.005965078715234995
4926,0.005960556678473949
4927,0.0059572625905275345
4928,0.005955161061137915
4929,0.005954632069915533
4930,0.005953432526439428
4931,0.005951805505901575
4932,0.005950268357992172
4933,0.005951138213276863
4934,0.005946704652160406
4935,0.005944882985204458
4936,0.005943814758211374
4937,0.005943335127085447
4938,0.00594140263274312
4939,0.005937526933848858
4940,0.005934643093496561
4941,0.005932185798883438
4942,0.005930237006396055
4943,0.0059290435165166855
4944,0.005927829071879387
4945,0.005925011821091175
4946,0.00592292845249176
4947,0.005920179188251495
4948,0.005916787311434746
4949,0.005913310218602419
4950,0.005915786139667034
4951,0.005910094827413559
4952,0.005909306928515434
4953,0.0059084100648760796
4954,0.0059075490571558475
4955,0.005906570702791214
4956,0.005904260091483593
4957,0.005900666583329439
4958,0.005899064242839813
4959,0.0058964029885828495
4960,0.005895149428397417
4961,0.005893389228731394
4962,0.005891705397516489
4963,0.005890425760298967
4964,0.0058890744112432
4965,0.005886126309633255
4966,0.005884725600481033
4967,0.005881585646420717
4968,0.005877774208784103
4969,0.005878551863133907
4970,0.00587222957983613
4971,0.0058705369010567665
4972,0.005869624670594931
4973,0.005867963656783104
4974,0.0058644176460802555
4975,0.005861858371645212
4976,0.005859700962901115
4977,0.005857730284333229
4978,0.00585592444986105
4979,0.005855017341673374
4980,0.005852342117577791
4981,0.005850561894476414
4982,0.005849554669111967
4983,0.005849238019436598
4984,0.005847305059432983
4985,0.005844430532306433
4986,0.005839458666741848
4987,0.0058532296679914
4988,0.005834383890032768
4989,0.005830989219248295
4990,0.005827442742884159
4991,0.005824831314384937
4992,0.005820778198540211
4993,0.005815569777041674
4994,0.00580926239490509
4995,0.005805511958897114
4996,0.005802633240818977
4997,0.005798409692943096
4998,0.005794080439954996
4999,0.005789218936115503
5000,0.005785508081316948
5001,0.005784203298389912
5002,0.00578256044536829
5003,0.005780000705271959
5004,0.005777752958238125
5005,0.005775651428848505
5006,0.005771566182374954
5007,0.005769772920757532
5008,0.005766001529991627
5009,0.005764057859778404
5010,0.005761164240539074
5011,0.005757781211286783
5012,0.005755467340350151
5013,0.005753446836024523
5014,0.0057516866363584995
5015,0.005750726908445358
5016,0.005749534349888563
5017,0.005746273323893547
5018,0.005744223017245531
5019,0.005742949433624744
5020,0.005740103777498007
5021,0.005738887470215559
5022,0.0057367729023098946
5023,0.00573648139834404
5024,0.00573365855962038
5025,0.005732862278819084
5026,0.0057316916063427925
5027,0.005731509532779455
5028,0.005729357246309519
5029,0.0057285251095891
5030,0.005726627539843321
5031,0.005725452210754156
5032,0.005723862908780575
5033,0.005722161382436752
5034,0.005720528308302164
5035,0.005723234731703997
5036,0.005716548766940832
5037,0.005715670995414257
5038,0.005714039318263531
5039,0.005712888203561306
5040,0.005711369216442108
5041,0.005708145909011364
5042,0.005714570637792349
5043,0.005705111660063267
5044,0.005702690687030554
5045,0.005699817091226578
5046,0.005698821507394314
5047,0.005696058738976717
5048,0.0056935627944767475
5049,0.005692726466804743
5050,0.005690439138561487
5051,0.005690236575901508
5052,0.005688726436346769
5053,0.005687739234417677
5054,0.005686081480234861
5055,0.005685488227754831
5056,0.005684282630681992
5057,0.005683255381882191
5058,0.005681702401489019
5059,0.005680635571479797
5060,0.005680389702320099
5061,0.005678539164364338
5062,0.005678796675056219
5063,0.00567724509164691
5064,0.005676520522683859
5065,0.005674716085195541
5066,0.005673627834767103
5067,0.005672879982739687
5068,0.00567093538120389
5069,0.005669253412634134
5070,0.005667183548212051
5071,0.005667002871632576
5072,0.005665910430252552
5073,0.005664489697664976
5074,0.005662751384079456
5075,0.005660813767462969
5076,0.005669028963893652
5077,0.005656922236084938
5078,0.005654794629663229
5079,0.005652282387018204
5080,0.005650219973176718
5081,0.005646801553666592
5082,0.00564533332362771
5083,0.005643837619572878
5084,0.0056416974402964115
5085,0.005640835501253605
5086,0.0056393141858279705
5087,0.005637261550873518
5088,0.00563514418900013
5089,0.00563336256891489
5090,0.005633136723190546
5091,0.0056317890994250774
5092,0.00563094625249505
5093,0.005630530416965485
5094,0.005629119463264942
5095,0.005626956932246685
5096,0.005627827253192663
5097,0.005625017918646336
5098,0.005624310113489628
5099,0.005622427444905043
5100,0.005620504729449749
5101,0.005618127062916756
5102,0.005618894938379526
5103,0.00561395613476634
5104,0.00561189278960228
5105,0.005610793363302946
5106,0.005610207095742226
5107,0.005608503241091967
5108,0.005608818028122187
5109,0.005605990998446941
5110,0.0056056068278849125
5111,0.00560534093528986
5112,0.005604882724583149
5113,0.0056037576869130135
5114,0.005602630786597729
5115,0.005600951611995697
5116,0.005598341580480337
5117,0.005598235409706831
5118,0.005596805829554796
5119,0.0055947196669876575
5120,0.0055918279103934765
5121,0.005591083317995071
5122,0.005589026026427746
5123,0.005587755236774683
5124,0.005587891209870577
5125,0.005585765466094017
5126,0.005585464183241129
5127,0.0055838897824287415
5128,0.0055794487707316875
5129,0.005575203336775303
5130,0.005573357921093702
5131,0.0055719707161188126
5132,0.005570682696998119
5133,0.0055699897930026054
5134,0.005567551124840975
5135,0.005566372070461512
5136,0.005565491039305925
5137,0.0055635725148022175
5138,0.005561626981943846
5139,0.005559887737035751
5140,0.005557757802307606
5141,0.00555708073079586
5142,0.005555165931582451
5143,0.005553225986659527
5144,0.005552614573389292
5145,0.00555022805929184
5146,0.005548372399061918
5147,0.005546895787119865
5148,0.005546386353671551
5149,0.005544548854231834
5150,0.005542960949242115
5151,0.0055413092486560345
5152,0.005538127385079861
5153,0.005534722935408354
5154,0.005532712675631046
5155,0.005530118010938168
5156,0.005528064910322428
5157,0.005527155008167028
5158,0.005526685155928135
5159,0.005525872576981783
5160,0.0055236718617379665
5161,0.005525283981114626
5162,0.005520703736692667
5163,0.00551932817324996
5164,0.005518067628145218
5165,0.005516136065125465
5166,0.005515187978744507
5167,0.005515027325600386
5168,0.0055124638602137566
5169,0.005511959549039602
5170,0.005510231945663691
5171,0.0055081783793866634
5172,0.005507172085344791
5173,0.005505350884050131
5174,0.005504094995558262
5175,0.005502326413989067
5176,0.005500976927578449
5177,0.005499109160155058
5178,0.005497445352375507
5179,0.005496087949723005
5180,0.005494738928973675
5181,0.005493557080626488
5182,0.005492249969393015
5183,0.005490356124937534
5184,0.005487446673214436
5185,0.005484682973474264
5186,0.005483123008161783
5187,0.005480808671563864
5188,0.00547901913523674
5189,0.005474791396409273
5190,0.005471823271363974
5191,0.0054708318784832954
5192,0.005468992982059717
5193,0.005466746166348457
5194,0.005466402508318424
5195,0.005465170834213495
5196,0.005464956164360046
5197,0.005464265123009682
5198,0.005463744513690472
5199,0.0054626488126814365
5200,0.005462211556732655
5201,0.005461988039314747
5202,0.0054602050222456455
5203,0.005459540523588657
5204,0.005457694176584482
5205,0.005455673206597567
5206,0.005454195663332939
5207,0.005453476682305336
5208,0.005452383309602737
5209,0.0054518068209290504
5210,0.005451085511595011
5211,0.005450509022921324
5212,0.005450090393424034
5213,0.005448616575449705
5214,0.005448105279356241
5215,0.005449178162962198
5216,0.005447743460536003
5217,0.005447295028716326
5218,0.005446224007755518
5219,0.0054456437937915325
5220,0.005444261245429516
5221,0.005441296845674515
5222,0.005445247516036034
5223,0.0054380991496145725
5224,0.00543641485273838
5225,0.005433945916593075
5226,0.005431733094155788
5227,0.00542996684089303
5228,0.00542650418356061
5229,0.005425139795988798
5230,0.0054242974147200584
5231,0.005422202870249748
5232,0.0054202694445848465
5233,0.005417490378022194
5234,0.0054147811606526375
5235,0.005413249135017395
5236,0.005410740617662668
5237,0.0054092323407530785
5238,0.005407689604908228
5239,0.005416298285126686
5240,0.00540519692003727
5241,0.005404639523476362
5242,0.005403414368629456
5243,0.0054026818834245205
5244,0.005401182919740677
5245,0.0054055978544056416
5246,0.005400295834988356
5247,0.005398737732321024
5248,0.005398711189627647
5249,0.00539771793410182
5250,0.005396655295044184
5251,0.005395897664129734
5252,0.005397327244281769
5253,0.0053951493464410305
5254,0.005394472740590572
5255,0.0053934864699840546
5256,0.005393674597144127
5257,0.005393592640757561
5258,0.005393230821937323
5259,0.00539249274879694
5260,0.005394042935222387
5261,0.005392418708652258
5262,0.005390780046582222
5263,0.005390524864196777
5264,0.005389796569943428
5265,0.005389074794948101
5266,0.00538872042670846
5267,0.005387668963521719
5268,0.0053872098214924335
5269,0.0053859893232584
5270,0.0053855786100029945
5271,0.005384854972362518
5272,0.00538382213562727
5273,0.00538271339610219
5274,0.005381812807172537
5275,0.005381775554269552
5276,0.005380372982472181
5277,0.005379936657845974
5278,0.00537831662222743
5279,0.00537642790004611
5280,0.005373402498662472
5281,0.005372390151023865
5282,0.005371798295527697
5283,0.005370235536247492
5284,0.005368996877223253
5285,0.0053674327209591866
5286,0.005365019664168358
5287,0.005362531170248985
5288,0.005359542556107044
5289,0.005357670597732067
5290,0.005353162530809641
5291,0.005348788574337959
5292,0.005348504986613989
5293,0.005344361532479525
5294,0.00534340413287282
5295,0.005341182928532362
5296,0.005339561961591244
5297,0.005336235277354717
5298,0.005333288572728634
5299,0.005328956991434097
5300,0.005325748585164547
5301,0.00532512366771698
5302,0.0053235795348882675
5303,0.0053213187493383884
5304,0.005316943861544132
5305,0.005315603222697973
5306,0.005313446745276451
5307,0.005312315188348293
5308,0.005311088170856237
5309,0.005311158951371908
5310,0.005309245549142361
5311,0.005309645086526871
5312,0.005306916311383247
5313,0.00530438544228673
5314,0.005299985408782959
5315,0.005296310875564814
5316,0.005295389331877232
5317,0.005293978378176689
5318,0.005293373949825764
5319,0.005291772540658712
5320,0.005290474742650986
5321,0.00528769101947546
5322,0.0052868034690618515
5323,0.005284908693283796
5324,0.005284208804368973
5325,0.005283620208501816
5326,0.005281707271933556
5327,0.005279531702399254
5328,0.0052762338891625404
5329,0.005273994989693165
5330,0.005272605922073126
5331,0.00527203967794776
5332,0.005271541886031628
5333,0.005269153974950314
5334,0.005269072949886322
5335,0.005266756750643253
5336,0.005266298074275255
5337,0.005264989100396633
5338,0.005265260115265846
5339,0.005263530649244785
5340,0.005262633785605431
5341,0.00526073481887579
5342,0.005261852405965328
5343,0.005258489865809679
5344,0.005257980898022652
5345,0.0052559212781488895
5346,0.005254931282252073
5347,0.00525313476100564
5348,0.005249720998108387
5349,0.0052483356557786465
5350,0.005247924942523241
5351,0.005245988257229328
5352,0.005245390813797712
5353,0.0052450355142354965
5354,0.005242908373475075
5355,0.005240478552877903
5356,0.0052385488525033
5357,0.005236057564616203
5358,0.005233870819211006
5359,0.0052325050346553326
5360,0.005229330155998468
5361,0.005227536894381046
5362,0.005224667489528656
5363,0.0052227661944925785
5364,0.005221523344516754
5365,0.00521724671125412
5366,0.0052156755700707436
5367,0.005213691852986813
5368,0.005211507901549339
5369,0.005210168194025755
5370,0.00520932674407959
5371,0.005207586567848921
5372,0.005207251291722059
5373,0.005207633599638939
5374,0.005206441972404718
5375,0.005205771420150995
5376,0.00520451320335269
5377,0.005203715059906244
5378,0.005202759988605976
5379,0.005201784428209066
5380,0.005200422368943691
5381,0.005198049824684858
5382,0.005197237711399794
5383,0.005195064004510641
5384,0.0051941336132586
5385,0.00519187655299902
5386,0.00518987700343132
5387,0.005188957788050175
5388,0.0051872627809643745
5389,0.005187079776078463
5390,0.005186051595956087
5391,0.005184652283787727
5392,0.005182706750929356
5393,0.005180687177926302
5394,0.005178004503250122
5395,0.005176875274628401
5396,0.005173327401280403
5397,0.005170952994376421
5398,0.0051694693975150585
5399,0.005167205817997456
5400,0.005165745038539171
5401,0.005164051428437233
5402,0.005162411835044622
5403,0.005159956403076649
5404,0.00515798619017005
5405,0.005174084100872278
5406,0.005155299324542284
5407,0.0051538352854549885
5408,0.005152562633156776
5409,0.005151028744876385
5410,0.0051509421318769455
5411,0.00514959217980504
5412,0.005148141644895077
5413,0.005148082971572876
5414,0.005147213116288185
5415,0.005145345348864794
5416,0.00514299375936389
5417,0.005144911352545023
5418,0.005138676147907972
5419,0.005136949475854635
5420,0.005135060288012028
5421,0.005133696831762791
5422,0.005132525693625212
5423,0.00513069611042738
5424,0.005128998309373856
5425,0.005125929601490498
5426,0.005122700240463018
5427,0.00512094609439373
5428,0.005120750982314348
5429,0.005117171443998814
5430,0.005116311367601156
5431,0.005115300416946411
5432,0.005114872939884663
5433,0.005113535560667515
5434,0.005111333914101124
5435,0.005109355319291353
5436,0.005108299665153027
5437,0.005106836557388306
5438,0.005106030497699976
5439,0.005104667041450739
5440,0.00510335061699152
5441,0.005099580157548189
5442,0.005096270702779293
5443,0.00509430980309844
5444,0.005091460887342691
5445,0.005089858081191778
5446,0.005087702535092831
5447,0.005086173303425312
5448,0.0050827208906412125
5449,0.005078825168311596
5450,0.005077834241092205
5451,0.005075130611658096
5452,0.0050735981203615665
5453,0.005073141306638718
5454,0.0050721121951937675
5455,0.00507016945630312
5456,0.005067426711320877
5457,0.0050663757137954235
5458,0.00506348954513669
5459,0.005062270909547806
5460,0.005061462055891752
5461,0.005060515366494656
5462,0.005058859009295702
5463,0.005089010577648878
5464,0.005057529080659151
5465,0.0050562345422804356
5466,0.005054781679064035
5467,0.005053836852312088
5468,0.005053120665252209
5469,0.005051142070442438
5470,0.005049934610724449
5471,0.005048369988799095
5472,0.005046628415584564
5473,0.005044515710324049
5474,0.005046558100730181
5475,0.005041536875069141
5476,0.005040259100496769
5477,0.005039729177951813
5478,0.005038374103605747
5479,0.00503714382648468
5480,0.005035907030105591
5481,0.00503501296043396
5482,0.005034643225371838
5483,0.005034115631133318
5484,0.005033443216234446
5485,0.0050321463495492935
5486,0.005031100008636713
5487,0.005035887472331524
5488,0.005027096252888441
5489,0.00502579752355814
5490,0.005023491103202105
5491,0.0050210352055728436
5492,0.005017089657485485
5493,0.0050145951099693775
5494,0.005011787172406912
5495,0.005009249784052372
5496,0.00500865001231432
5497,0.005007991101592779
5498,0.005005531013011932
5499,0.005004179198294878
5500,0.005002295598387718
5501,0.005000592675060034
5502,0.004998890683054924
5503,0.004997542127966881
5504,0.0049964189529418945
5505,0.0049946666695177555
5506,0.004992110654711723
5507,0.004990586079657078
5508,0.004988349042832851
5509,0.004986507818102837
5510,0.004983609542250633
5511,0.0049796318635344505
5512,0.0049769338220357895
5513,0.004974646959453821
5514,0.004972219932824373
5515,0.004969061352312565
5516,0.00496751070022583
5517,0.004964520689100027
5518,0.004963002633303404
5519,0.004961863160133362
5520,0.004959445912390947
5521,0.0049582310020923615
5522,0.004954912234097719
5523,0.0049539590254426
5524,0.004951226990669966
5525,0.004950509872287512
5526,0.004947599954903126
5527,0.004945946391671896
5528,0.0049455310218036175
5529,0.004946562927216291
5530,0.004942987114191055
5531,0.0049417815171182156
5532,0.004940485116094351
5533,0.004938297439366579
5534,0.004936067387461662
5535,0.0049339053221046925
5536,0.004932743031531572
5537,0.0049298424273729324
5538,0.004927818663418293
5539,0.004925694316625595
5540,0.004923452157527208
5541,0.004922460298985243
5542,0.004921688698232174
5543,0.004920409992337227
5544,0.0049195666797459126
5545,0.004917619284242392
5546,0.004916955251246691
5547,0.004915054887533188
5548,0.004913531243801117
5549,0.004912484437227249
5550,0.004911075346171856
5551,0.00490867905318737
5552,0.004904994275420904
5553,0.004912643693387508
5554,0.0049009001813828945
5555,0.0048996275290846825
5556,0.004898803308606148
5557,0.004896942060440779
5558,0.004895368590950966
5559,0.004891844466328621
5560,0.004890792537480593
5561,0.0048882863484323025
5562,0.004887804388999939
5563,0.0048849876038730145
5564,0.004883343819528818
5565,0.004879740998148918
5566,0.0048798308707773685
5567,0.0048751914873719215
5568,0.004873218480497599
5569,0.004870983771979809
5570,0.004869478289037943
5571,0.004866252653300762
5572,0.00486735301092267
5573,0.004863068461418152
5574,0.00486160209402442
5575,0.004861102905124426
5576,0.004860918503254652
5577,0.004859909415245056
5578,0.004858248867094517
5579,0.004855050239712
5580,0.004851819481700659
5581,0.004850034601986408
5582,0.004848499782383442
5583,0.004846922587603331
5584,0.004846412688493729
5585,0.004843124188482761
5586,0.0048418487422168255
5587,0.004838662687689066
5588,0.00483758794143796
5589,0.00483698071911931
5590,0.004835483152419329
5591,0.004833546467125416
5592,0.004830020014196634
5593,0.004827836994081736
5594,0.004822950344532728
5595,0.004891423974186182
5596,0.004823268391191959
5597,0.004819750320166349
5598,0.004818242974579334
5599,0.00481724739074707
5600,0.00481527391821146
5601,0.004812229424715042
5602,0.004849638789892197
5603,0.004812040366232395
5604,0.004809122998267412
5605,0.004808899015188217
5606,0.004808204248547554
5607,0.00480684544891119
5608,0.004805605858564377
5609,0.004806570243090391
5610,0.004803497344255447
5611,0.004802759271115065
5612,0.00480199558660388
5613,0.004801719915121794
5614,0.004800607915967703
5615,0.004799353424459696
5616,0.004797155503183603
5617,0.0047963280230760574
5618,0.004794979002326727
5619,0.0047930465079844
5620,0.004792684223502874
5621,0.00479084113612771
5622,0.004789167549461126
5623,0.004789825528860092
5624,0.00478693563491106
5625,0.004785915836691856
5626,0.004784673918038607
5627,0.004783798474818468
5628,0.004784507676959038
5629,0.004783538170158863
5630,0.004782735835760832
5631,0.0047820452600717545
5632,0.0047825719229876995
5633,0.004781285300850868
5634,0.0047805639915168285
5635,0.0047783078625798225
5636,0.004775965586304665
5637,0.004774738103151321
5638,0.004773516673594713
5639,0.004772715270519257
5640,0.00477195018902421
5641,0.004769960418343544
5642,0.004766898695379496
5643,0.00476792361587286
5644,0.004764465615153313
5645,0.004764200653880835
5646,0.004762656986713409
5647,0.0047618611715734005
5648,0.004759673960506916
5649,0.0047579011879861355
5650,0.004757160786539316
5651,0.004754988476634026
5652,0.004754321649670601
5653,0.004753548186272383
5654,0.004752102307975292
5655,0.004750309977680445
5656,0.004748599138110876
5657,0.004748002626001835
5658,0.004746278747916222
5659,0.004745385143905878
5660,0.0047433520667254925
5661,0.00474232342094183
5662,0.004739793948829174
5663,0.004738484509289265
5664,0.004736711271107197
5665,0.004734352231025696
5666,0.00473384466022253
5667,0.004733359906822443
5668,0.004732953850179911
5669,0.00473205978050828
5670,0.00473023671656847
5671,0.0047293114475905895
5672,0.0047268932685256
5673,0.0047251689247787
5674,0.004723507445305586
5675,0.004721776116639376
5676,0.004719175398349762
5677,0.004718530923128128
5678,0.004714330192655325
5679,0.004713789559900761
5680,0.004711711313575506
5681,0.004711276851594448
5682,0.004710579290986061
5683,0.0047087217681109905
5684,0.00470750592648983
5685,0.004706231411546469
5686,0.0047049266286194324
5687,0.004703805781900883
5688,0.0047006565146148205
5689,0.004698546603322029
5690,0.004695573356002569
5691,0.00469440221786499
5692,0.004691924434155226
5693,0.004690234549343586
5694,0.0046891262754797935
5695,0.00468784011900425
5696,0.004686620552092791
5697,0.004685612861067057
5698,0.00468474579975009
5699,0.004684628453105688
5700,0.004683774895966053
5701,0.004683295264840126
5702,0.00468252319842577
5703,0.004681789316236973
5704,0.004681111313402653
5705,0.004680546000599861
5706,0.004680359736084938
5707,0.004679223522543907
5708,0.004678071942180395
5709,0.004677073564380407
5710,0.004676243755966425
5711,0.004676597658544779
5712,0.0046751671470701694
5713,0.004674061201512814
5714,0.004672919400036335
5715,0.004671628121286631
5716,0.0046710968017578125
5717,0.004669106565415859
5718,0.004668295383453369
5719,0.0046668644063174725
5720,0.004665919113904238
5721,0.004664773121476173
5722,0.004664216190576553
5723,0.004663349129259586
5724,0.004661486018449068
5725,0.004660448059439659
5726,0.004658378195017576
5727,0.0046555520966649055
5728,0.004652849864214659
5729,0.004649910144507885
5730,0.004660656210035086
5731,0.004648097325116396
5732,0.0046469285152852535
5733,0.004646671004593372
5734,0.0046457028947770596
5735,0.004644362721592188
5736,0.004643477965146303
5737,0.0046423813328146935
5738,0.0046411119401454926
5739,0.004640670493245125
5740,0.004640447907149792
5741,0.004639251157641411
5742,0.00463756313547492
5743,0.004635893739759922
5744,0.0046339794062078
5745,0.004632005002349615
5746,0.004630671348422766
5747,0.004629805218428373
5748,0.004628278780728579
5749,0.004626847803592682
5750,0.004625425674021244
5751,0.004624260123819113
5752,0.004622741602361202
5753,0.004620833788067102
5754,0.004619492683559656
5755,0.004617717117071152
5756,0.0046160342171788216
5757,0.004617809318006039
5758,0.004615002777427435
5759,0.00461370637640357
5760,0.004613198339939117
5761,0.004612650256603956
5762,0.004612601827830076
5763,0.004611736163496971
5764,0.004610094707459211
5765,0.004609732422977686
5766,0.004608847666531801
5767,0.004607225302606821
5768,0.0046067084185779095
5769,0.004604303743690252
5770,0.00460034841671586
5771,0.004598644562065601
5772,0.004597300663590431
5773,0.004595144651830196
5774,0.004593853838741779
5775,0.00459281075745821
5776,0.004590402357280254
5777,0.004589755553752184
5778,0.0045875925570726395
5779,0.0045859720557928085
5780,0.004585891496390104
5781,0.004584604408591986
5782,0.004583081230521202
5783,0.004580245353281498
5784,0.004578041844069958
5785,0.004576121456921101
5786,0.004574758931994438
5787,0.004572773817926645
5788,0.0045709372498095036
5789,0.0045697870664298534
5790,0.004567990079522133
5791,0.004567752592265606
5792,0.004567136988043785
5793,0.004566320218145847
5794,0.004565232899039984
5795,0.004564694594591856
5796,0.004562828689813614
5797,0.004565168172121048
5798,0.0045606829226017
5799,0.004559536464512348
5800,0.004558369051665068
5801,0.004557287786155939
5802,0.004556034691631794
5803,0.0045544751919806
5804,0.004552504047751427
5805,0.004551855847239494
5806,0.004550672601908445
5807,0.004549570381641388
5808,0.004548067692667246
5809,0.004546554759144783
5810,0.004545362666249275
5811,0.004546600393950939
5812,0.004542573355138302
5813,0.004541734233498573
5814,0.004541486036032438
5815,0.004540058318525553
5816,0.004539027810096741
5817,0.0045378440991044044
5818,0.004536154679954052
5819,0.004534326493740082
5820,0.004532108083367348
5821,0.004531869199126959
5822,0.004529114812612534
5823,0.004526894073933363
5824,0.004524613730609417
5825,0.004521888680756092
5826,0.004520075395703316
5827,0.004518907051533461
5828,0.004516242071986198
5829,0.004513955675065517
5830,0.00451144203543663
5831,0.004509958438575268
5832,0.0045089032500982285
5833,0.004507725592702627
5834,0.004506928380578756
5835,0.0045059919357299805
5836,0.004503443371504545
5837,0.004507647827267647
5838,0.004500518087297678
5839,0.0044985865242779255
5840,0.0044981203973293304
5841,0.004495612811297178
5842,0.004502151161432266
5843,0.004492286592721939
5844,0.004490658175200224
5845,0.004489432089030743
5846,0.004488116595894098
5847,0.004485759884119034
5848,0.0044830492697656155
5849,0.004492949694395065
5850,0.004479221533983946
5851,0.0044769300147891045
5852,0.004475513007491827
5853,0.00447525130584836
5854,0.004473063163459301
5855,0.004471336491405964
5856,0.004469650331884623
5857,0.004467901773750782
5858,0.004467009101063013
5859,0.004465648904442787
5860,0.004464481957256794
5861,0.004462823271751404
5862,0.004461742006242275
5863,0.004459922667592764
5864,0.004458932671695948
5865,0.00445678923279047
5866,0.004455468151718378
5867,0.0044541796669363976
5868,0.004453333094716072
5869,0.004450885578989983
5870,0.0044486322440207005
5871,0.004447925835847855
5872,0.004446301609277725
5873,0.004445122554898262
5874,0.0044446540996432304
5875,0.004443319048732519
5876,0.00444225687533617
5877,0.004440865013748407
5878,0.004438412841409445
5879,0.004437216557562351
5880,0.004435192793607712
5881,0.004433708731085062
5882,0.004431189503520727
5883,0.004428235348314047
5884,0.004427145700901747
5885,0.004425358027219772
5886,0.00442494684830308
5887,0.004422380123287439
5888,0.004419176839292049
5889,0.0044163186103105545
5890,0.004414152354001999
5891,0.004412603564560413
5892,0.004411616362631321
5893,0.004410168156027794
5894,0.00440899096429348
5895,0.004407946486026049
5896,0.004406817257404327
5897,0.004405489657074213
5898,0.004404852166771889
5899,0.004403699655085802
5900,0.00440165214240551
5901,0.0043994104489684105
5902,0.00439706165343523
5903,0.004395673517137766
5904,0.0043943654745817184
5905,0.004391653463244438
5906,0.00439148535951972
5907,0.004389961250126362
5908,0.004389019217342138
5909,0.004388032015413046
5910,0.004385922569781542
5911,0.004384459462016821
5912,0.004383834544569254
5913,0.00438338378444314
5914,0.004382485058158636
5915,0.004380520898848772
5916,0.004378025885671377
5917,0.004381454549729824
5918,0.004375916440039873
5919,0.004375342279672623
5920,0.004374705255031586
5921,0.004373381845653057
5922,0.004372687544673681
5923,0.00437204958871007
5924,0.0043709175661206245
5925,0.004369501955807209
5926,0.004368339199572802
5927,0.004364967346191406
5928,0.004363149404525757
5929,0.004360760096460581
5930,0.0043593053705990314
5931,0.004358579870313406
5932,0.004357580561190844
5933,0.004356504417955875
5934,0.004354909993708134
5935,0.0043539199978113174
5936,0.004351948853582144
5937,0.004350953735411167
5938,0.004350681789219379
5939,0.004349432419985533
5940,0.004347972106188536
5941,0.004346809815615416
5942,0.0043443613685667515
5943,0.004343060310930014
5944,0.0043403455056250095
5945,0.004337594844400883
5946,0.004335243254899979
5947,0.004334280267357826
5948,0.0043338024988770485
5949,0.004332604818046093
5950,0.004332495853304863
5951,0.004330817610025406
5952,0.004328419920057058
5953,0.004327581264078617
5954,0.004325611051172018
5955,0.0043233041651546955
5956,0.004323970526456833
5957,0.004321443848311901
5958,0.004320186097174883
5959,0.0043190885335206985
5960,0.004317928571254015
5961,0.004315879195928574
5962,0.004312514793127775
5963,0.0043103815987706184
5964,0.004309553187340498
5965,0.0043081785552203655
5966,0.004307897295802832
5967,0.004306168295443058
5968,0.004304602742195129
5969,0.004303700290620327
5970,0.004305038135498762
5971,0.004300440661609173
5972,0.004299534950405359
5973,0.004298620857298374
5974,0.00429717218503356
5975,0.004295090679079294
5976,0.0042932769283652306
5977,0.004292039666324854
5978,0.004291053861379623
5979,0.004290506709367037
5980,0.0042895064689219
5981,0.004288059193640947
5982,0.004286305047571659
5983,0.00428403913974762
5984,0.004282576963305473
5985,0.004280152264982462
5986,0.004279670305550098
5987,0.004278868902474642
5988,0.004277646075934172
5989,0.00427667610347271
5990,0.004275381565093994
5991,0.004274794831871986
5992,0.004273560829460621
5993,0.004271019250154495
5994,0.004269370809197426
5995,0.004267760086804628
5996,0.004264797084033489
5997,0.0042611462995409966
5998,0.004257545806467533
5999,0.004255263600498438
6000,0.0042534745298326015
6001,0.00425118301063776
6002,0.004249516874551773
6003,0.0042461613193154335
6004,0.0042442502453923225
6005,0.004242078401148319
6006,0.004240375943481922
6007,0.004237901885062456
6008,0.004232860170304775
6009,0.004228000063449144
6010,0.004225459415465593
6011,0.004222176503390074
6012,0.004220461007207632
6013,0.004219411872327328
6014,0.00421851547434926
6015,0.004217027220875025
6016,0.004215751774609089
6017,0.004215197172015905
6018,0.004214436747133732
6019,0.004213391337543726
6020,0.0042118290439248085
6021,0.004209171049296856
6022,0.0042060562409460545
6023,0.0042028892785310745
6024,0.004200085531920195
6025,0.00419787410646677
6026,0.004197000991553068
6027,0.00419343076646328
6028,0.0041889348067343235
6029,0.004185618367046118
6030,0.004182790406048298
6031,0.004179691895842552
6032,0.004177250899374485
6033,0.004174735397100449
6034,0.004172310698777437
6035,0.004170113243162632
6036,0.004167564678937197
6037,0.004165193066000938
6038,0.004163562320172787
6039,0.004162108525633812
6040,0.004161025397479534
6041,0.004160087089985609
6042,0.004158076364547014
6043,0.0041550928726792336
6044,0.004156715236604214
6045,0.004151253029704094
6046,0.00414997898042202
6047,0.004148699808865786
6048,0.004147508181631565
6049,0.004145459271967411
6050,0.0041441479697823524
6051,0.004143896978348494
6052,0.004142588470131159
6053,0.004142021760344505
6054,0.004140996839851141
6055,0.004139669705182314
6056,0.00413973443210125
6057,0.004138631280511618
6058,0.004138249438256025
6059,0.004136291798204184
6060,0.004134338814765215
6061,0.004132123664021492
6062,0.004130240064114332
6063,0.004127300810068846
6064,0.004125260282307863
6065,0.00412303302437067
6066,0.004121978301554918
6067,0.0041203126311302185
6068,0.004119113087654114
6069,0.004118121229112148
6070,0.0041158865205943584
6071,0.004114356357604265
6072,0.004113678354769945
6073,0.004110913723707199
6074,0.0041090138256549835
6075,0.004106956068426371
6076,0.004103980492800474
6077,0.0041019851341843605
6078,0.004099750891327858
6079,0.004097790457308292
6080,0.004097013734281063
6081,0.004095030948519707
6082,0.004093247465789318
6083,0.004092580173164606
6084,0.004091841168701649
6085,0.004088979214429855
6086,0.0040852040983736515
6087,0.004081812687218189
6088,0.00407955190166831
6089,0.0040778666734695435
6090,0.004076397977769375
6091,0.004074956756085157
6092,0.004073928575962782
6093,0.004071979783475399
6094,0.004070551134645939
6095,0.0040688905864953995
6096,0.004066795576363802
6097,0.0040646386332809925
6098,0.004063118249177933
6099,0.0040611703880131245
6100,0.0040598283521831036
6101,0.004058195743709803
6102,0.004057472571730614
6103,0.004056134261190891
6104,0.004054564516991377
6105,0.0040529221296310425
6106,0.004052203148603439
6107,0.0040495870634913445
6108,0.004048094619065523
6109,0.004049072507768869
6110,0.004045923240482807
6111,0.004044583532959223
6112,0.0040435148403048515
6113,0.004041650798171759
6114,0.004040111787617207
6115,0.00403810478746891
6116,0.004037097562104464
6117,0.004036070313304663
6118,0.004035020247101784
6119,0.004033612087368965
6120,0.004031111486256123
6121,0.004027830436825752
6122,0.004026204347610474
6123,0.004025022499263287
6124,0.004023377783596516
6125,0.004020597320050001
6126,0.004017943050712347
6127,0.0040151458233594894
6128,0.004011709708720446
6129,0.004008820746093988
6130,0.004006701055914164
6131,0.004005611874163151
6132,0.004004007205367088
6133,0.004012045916169882
6134,0.004002741537988186
6135,0.004001811146736145
6136,0.0040008872747421265
6137,0.003999718930572271
6138,0.003998192958533764
6139,0.003996550105512142
6140,0.0039949906058609486
6141,0.003992507699877024
6142,0.003991298843175173
6143,0.0039903996512293816
6144,0.003989668097347021
6145,0.003987472504377365
6146,0.003986789844930172
6147,0.003984895069152117
6148,0.003984714858233929
6149,0.00398283451795578
6150,0.003983498550951481
6151,0.003980719018727541
6152,0.003979139495640993
6153,0.003977707587182522
6154,0.0039764754474163055
6155,0.003974496386945248
6156,0.0039763785898685455
6157,0.003971486818045378
6158,0.003970127087086439
6159,0.003968839067965746
6160,0.0039673964492976665
6161,0.003966377582401037
6162,0.003963799681514502
6163,0.003962473012506962
6164,0.003960663918405771
6165,0.0039595505222678185
6166,0.003958899062126875
6167,0.00395757844671607
6168,0.003956957254558802
6169,0.003955846186727285
6170,0.0039549097418785095
6171,0.003953262697905302
6172,0.0039526778273284435
6173,0.003951092716306448
6174,0.003950205165892839
6175,0.003949629608541727
6176,0.0039484091103076935
6177,0.003947231452912092
6178,0.003946459852159023
6179,0.003945979755371809
6180,0.003944680094718933
6181,0.003943920135498047
6182,0.003942999057471752
6183,0.00394256180152297
6184,0.003940813709050417
6185,0.003939960151910782
6186,0.0039394814521074295
6187,0.003938485402613878
6188,0.003937524743378162
6189,0.0039395056664943695
6190,0.0039356970228254795
6191,0.003935283049941063
6192,0.003935065120458603
6193,0.003933856729418039
6194,0.00393329281359911
6195,0.003932052291929722
6196,0.003930940758436918
6197,0.00393042154610157
6198,0.0039298878982663155
6199,0.00393044576048851
6200,0.003928064834326506
6201,0.003926905337721109
6202,0.003926252014935017
6203,0.003925599157810211
6204,0.0039251139387488365
6205,0.003924209624528885
6206,0.00392358610406518
6207,0.003923065960407257
6208,0.003921570256352425
6209,0.003919366281479597
6210,0.003917785827070475
6211,0.003916176036000252
6212,0.0039156354032456875
6213,0.003914255648851395
6214,0.003913667052984238
6215,0.003913522697985172
6216,0.003911720123142004
6217,0.0039109704084694386
6218,0.003910065162926912
6219,0.003909432329237461
6220,0.003908054903149605
6221,0.003906976897269487
6222,0.0039063142612576485
6223,0.0039052171632647514
6224,0.0039046956226229668
6225,0.003903232980519533
6226,0.003901201067492366
6227,0.0038994052447378635
6228,0.0038988208398222923
6229,0.003898389870300889
6230,0.003897898830473423
6231,0.0038973605260252953
6232,0.003895619884133339
6233,0.00389409763738513
6234,0.0038931132294237614
6235,0.0038925993721932173
6236,0.0038916997145861387
6237,0.003890326013788581
6238,0.0038892191369086504
6239,0.003886789781972766
6240,0.0038852011784911156
6241,0.0038827406242489815
6242,0.0038826153613626957
6243,0.0038815850857645273
6244,0.0038800754118710756
6245,0.003879696596413851
6246,0.0038779464084655046
6247,0.0038763624615967274
6248,0.0038750790990889072
6249,0.0038721070159226656
6250,0.003869312349706888
6251,0.0038684476166963577
6252,0.003867099294438958
6253,0.003866188693791628
6254,0.0038709351792931557
6255,0.003865021513774991
6256,0.003864191472530365
6257,0.00386398215778172
6258,0.003863722551614046
6259,0.0038634794764220715
6260,0.0038627947214990854
6261,0.0038622256834059954
6262,0.0038604168221354485
6263,0.0038594864308834076
6264,0.0038583383429795504
6265,0.0038573299534618855
6266,0.003855394432321191
6267,0.003855467075482011
6268,0.003851254004985094
6269,0.003849729662761092
6270,0.0038483887910842896
6271,0.0038471792358905077
6272,0.0038458043709397316
6273,0.0038425412494689226
6274,0.0038400529883801937
6275,0.0038376166485249996
6276,0.003835874842479825
6277,0.0038344135973602533
6278,0.003833877621218562
6279,0.003831553738564253
6280,0.0038285774644464254
6281,0.0038265371695160866
6282,0.0038263031747192144
6283,0.003823194419965148
6284,0.003823084756731987
6285,0.0038216221146285534
6286,0.0038205431774258614
6287,0.0038198400288820267
6288,0.0038183548022061586
6289,0.0038180630654096603
6290,0.003816968761384487
6291,0.003816305659711361
6292,0.003814940107986331
6293,0.0038140532560646534
6294,0.0038139708340168
6295,0.0038132923655211926
6296,0.003812506329268217
6297,0.003811256028711796
6298,0.0038094124756753445
6299,0.003809229237958789
6300,0.003807065775617957
6301,0.003807035507634282
6302,0.0038058303762227297
6303,0.0038048080168664455
6304,0.003804506966844201
6305,0.003803134895861149
6306,0.003802074585109949
6307,0.0038008829578757286
6308,0.003800103673711419
6309,0.003799689933657646
6310,0.00379885989241302
6311,0.0037971334531903267
6312,0.003795971628278494
6313,0.0037940938491374254
6314,0.0037921203766018152
6315,0.0037905618082731962
6316,0.0037882868200540543
6317,0.003785875625908375
6318,0.0037837051786482334
6319,0.003782048588618636
6320,0.0037812627851963043
6321,0.0037809815257787704
6322,0.003780420869588852
6323,0.003779166843742132
6324,0.0037791260983794928
6325,0.0037780990824103355
6326,0.0037772716023027897
6327,0.0037772117648273706
6328,0.003776617581024766
6329,0.003775942837819457
6330,0.0037747679743915796
6331,0.0037739023100584745
6332,0.0037720375694334507
6333,0.0037704359274357557
6334,0.0037689763121306896
6335,0.003767393995076418
6336,0.003764824476093054
6337,0.003763174172490835
6338,0.0037618838250637054
6339,0.0037603983655571938
6340,0.003759004408493638
6341,0.003757589729502797
6342,0.003757566912099719
6343,0.0037553797010332346
6344,0.0037540749181061983
6345,0.003753142198547721
6346,0.0037512665148824453
6347,0.0037506374064832926
6348,0.003749760566279292
6349,0.0037483207415789366
6350,0.0037476744037121534
6351,0.00374665018171072
6352,0.0037455877754837275
6353,0.0037428620271384716
6354,0.0037422161549329758
6355,0.003740770509466529
6356,0.0037397376727312803
6357,0.003739468054845929
6358,0.0037384084425866604
6359,0.003736967919394374
6360,0.003737459657713771
6361,0.0037355306558310986
6362,0.003735543228685856
6363,0.0037352575454860926
6364,0.00373453414067626
6365,0.0037338603287935257
6366,0.003732607001438737
6367,0.003731569740921259
6368,0.0037297687958925962
6369,0.003728539450094104
6370,0.0037278765812516212
6371,0.0037266132421791553
6372,0.0037257771473377943
6373,0.0037257031071931124
6374,0.00372576923109591
6375,0.0037249212618917227
6376,0.0037243433762341738
6377,0.0037240050733089447
6378,0.0037238216027617455
6379,0.0037225044798105955
6380,0.003722569439560175
6381,0.003722000867128372
6382,0.003720971057191491
6383,0.0037207677960395813
6384,0.0037197722122073174
6385,0.0037203829269856215
6386,0.0037189535796642303
6387,0.0037185444962233305
6388,0.003717740997672081
6389,0.0037176187615841627
6390,0.0037167968694120646
6391,0.003716043196618557
6392,0.0037159789353609085
6393,0.003713877173140645
6394,0.003712484147399664
6395,0.003711677622050047
6396,0.003710987977683544
6397,0.0037113940343260765
6398,0.00370937492698431
6399,0.003708349307999015
6400,0.0037075032014399767
6401,0.003706444287672639
6402,0.003705178387463093
6403,0.0037036226131021976
6404,0.0037192865274846554
6405,0.003702051006257534
6406,0.003700507804751396
6407,0.0036995653063058853
6408,0.003698276821523905
6409,0.0036970172077417374
6410,0.003694980638101697
6411,0.0036922020372003317
6412,0.003690100274980068
6413,0.003688097232952714
6414,0.0036863144487142563
6415,0.0036854699719697237
6416,0.0036844550631940365
6417,0.003684050403535366
6418,0.0036822836846113205
6419,0.0036813844926655293
6420,0.0036811756435781717
6421,0.0036795770283788443
6422,0.0036784587427973747
6423,0.0036774880718439817
6424,0.00367629062384367
6425,0.0036753264721482992
6426,0.0036747572012245655
6427,0.0036733599845319986
6428,0.0036730431020259857
6429,0.0036708649713546038
6430,0.0036685885861516
6431,0.0036671198904514313
6432,0.0036663198843598366
6433,0.003665093332529068
6434,0.003664826974272728
6435,0.0036648104432970285
6436,0.0036640844773501158
6437,0.003662930801510811
6438,0.003662202274426818
6439,0.0036659138277173042
6440,0.003660098882392049
6441,0.003658496541902423
6442,0.0036577980499714613
6443,0.003656836226582527
6444,0.003655605483800173
6445,0.003653834806755185
6446,0.003660550806671381
6447,0.003652415005490184
6448,0.003651342121884227
6449,0.0036501330323517323
6450,0.003650018712505698
6451,0.0036491358187049627
6452,0.0036483481526374817
6453,0.003647711593657732
6454,0.0036459641996771097
6455,0.0036454382352530956
6456,0.003644099924713373
6457,0.00364283355884254
6458,0.0036414151545614004
6459,0.0036402158439159393
6460,0.0036388691514730453
6461,0.003637278452515602
6462,0.0036355459596961737
6463,0.0036341333761811256
6464,0.003632623702287674
6465,0.0036315005272626877
6466,0.0036307754926383495
6467,0.003630427410826087
6468,0.003629072103649378
6469,0.003627688391134143
6470,0.0036267100367695093
6471,0.0036263507790863514
6472,0.0036257642786949873
6473,0.0036250173579901457
6474,0.003624687436968088
6475,0.0036234341096132994
6476,0.0036227537784725428
6477,0.003623079741373658
6478,0.0036222035996615887
6479,0.0036215006839483976
6480,0.0036216112785041332
6481,0.0036209821701049805
6482,0.00361988740041852
6483,0.0036190012469887733
6484,0.0036185740027576685
6485,0.003619144670665264
6486,0.003617519047111273
6487,0.003617101116105914
6488,0.00361692369915545
6489,0.0036164086777716875
6490,0.003616261063143611
6491,0.00361474696546793
6492,0.003613303415477276
6493,0.0036121534649282694
6494,0.003611206077039242
6495,0.0036107772029936314
6496,0.0036096032708883286
6497,0.0036086321342736483
6498,0.003607313148677349
6499,0.0036056076642125845
6500,0.0036049778573215008
6501,0.003604169934988022
6502,0.0036040646955370903
6503,0.003603532910346985
6504,0.003602981800213456
6505,0.003601460251957178
6506,0.003601093776524067
6507,0.0036001382395625114
6508,0.003599041374400258
6509,0.003598796436563134
6510,0.0035968495067209005
6511,0.003595344489440322
6512,0.0035942229442298412
6513,0.003592523979023099
6514,0.0035917037166655064
6515,0.0035907267592847347
6516,0.0035896608605980873
6517,0.003588287625461817
6518,0.0035866480320692062
6519,0.0035858498886227608
6520,0.0035854692105203867
6521,0.0035843513906002045
6522,0.0035834384616464376
6523,0.0035830617416650057
6524,0.003581241238862276
6525,0.0035804060753434896
6526,0.0035784582141786814
6527,0.003578260773792863
6528,0.003577921073883772
6529,0.003577018389478326
6530,0.0035763196647167206
6531,0.00357487378641963
6532,0.0035749024245887995
6533,0.0035745035856962204
6534,0.0035734931007027626
6535,0.0035857739858329296
6536,0.003572991816326976
6537,0.003571724519133568
6538,0.0035712053067982197
6539,0.0035708195064216852
6540,0.0035702926106750965
6541,0.003569114487618208
6542,0.0035682395100593567
6543,0.00356753496453166
6544,0.0035660057328641415
6545,0.003565762657672167
6546,0.0035645945463329554
6547,0.0035622380673885345
6548,0.003560579614713788
6549,0.0035591567866504192
6550,0.003556107636541128
6551,0.003554749768227339
6552,0.0035526962019503117
6553,0.003551465691998601
6554,0.003550090827047825
6555,0.0035466758999973536
6556,0.0035449042916297913
6557,0.0035427596885710955
6558,0.003541982267051935
6559,0.0035404651425778866
6560,0.0035405107773840427
6561,0.003539483994245529
6562,0.003538253251463175
6563,0.003538705175742507
6564,0.003537824610248208
6565,0.003537162207067013
6566,0.0035365275107324123
6567,0.0035355393774807453
6568,0.00353450165130198
6569,0.0035334171261638403
6570,0.0035323621705174446
6571,0.0035305835772305727
6572,0.0035286976490169764
6573,0.0035262589808553457
6574,0.003524310886859894
6575,0.003523600287735462
6576,0.0035225856117904186
6577,0.0035222561564296484
6578,0.0035210808273404837
6579,0.003520261961966753
6580,0.0035194302909076214
6581,0.0035183981526643038
6582,0.003517368109896779
6583,0.0035170302726328373
6584,0.003516583237797022
6585,0.003515969729050994
6586,0.0035156523808836937
6587,0.0035152880009263754
6588,0.003514828160405159
6589,0.0035147059243172407
6590,0.0035140642430633307
6591,0.0035130793694406748
6592,0.003512432798743248
6593,0.0035122728440910578
6594,0.0035117866937071085
6595,0.003511170158162713
6596,0.003518561599776149
6597,0.0035100330132991076
6598,0.0035094895865768194
6599,0.0035083452239632607
6600,0.0035078399814665318
6601,0.0035066481214016676
6602,0.0035056110937148333
6603,0.003505092579871416
6604,0.00350389676168561
6605,0.003503154730424285
6606,0.0035019100178033113
6607,0.00350108090788126
6608,0.003500661114230752
6609,0.0034991728607565165
6610,0.003497993340715766
6611,0.003496310906484723
6612,0.003493840340524912
6613,0.003493507858365774
6614,0.003490546252578497
6615,0.0034893874544650316
6616,0.003488465677946806
6617,0.00348768662661314
6618,0.0034863450564444065
6619,0.003485090099275112
6620,0.0034832898527383804
6621,0.0034815622493624687
6622,0.003477593418210745
6623,0.0034758069086819887
6624,0.0034741477575153112
6625,0.003471160074695945
6626,0.003472512122243643
6627,0.0034695439971983433
6628,0.00346818333491683
6629,0.003468072274699807
6630,0.0034675817005336285
6631,0.003466339549049735
6632,0.003465991234406829
6633,0.003464803798124194
6634,0.00346397515386343
6635,0.003462983760982752
6636,0.003461740678176284
6637,0.0034611306618899107
6638,0.0034621444065123796
6639,0.0034601541701704264
6640,0.0034596025943756104
6641,0.003458420978859067
6642,0.0034581224899739027
6643,0.003457029350101948
6644,0.003455686615779996
6645,0.003454498713836074
6646,0.003453492419794202
6647,0.003452860051766038
6648,0.003451727796345949
6649,0.0034509659744799137
6650,0.003450148506090045
6651,0.0034484746865928173
6652,0.0034474493004381657
6653,0.00344503833912313
6654,0.0034442299511283636
6655,0.0034432874526828527
6656,0.0034421230666339397
6657,0.0034407293424010277
6658,0.0034391111694276333
6659,0.0034379777498543262
6660,0.0034374110400676727
6661,0.003435775637626648
6662,0.0034333490766584873
6663,0.003432806581258774
6664,0.0034303651191294193
6665,0.0034292961936444044
6666,0.0034279401879757643
6667,0.0034277767408639193
6668,0.003425551811233163
6669,0.0034246165305376053
6670,0.003424189519137144
6671,0.0034234668128192425
6672,0.0034224281553179026
6673,0.003421594388782978
6674,0.00342123256996274
6675,0.003420240478590131
6676,0.003418879583477974
6677,0.0034170460421591997
6678,0.0034160760696977377
6679,0.0034143279772251844
6680,0.003413201542571187
6681,0.003412369405850768
6682,0.0034121209755539894
6683,0.003411973128095269
6684,0.003411462064832449
6685,0.0034107081592082977
6686,0.0034103195648640394
6687,0.0034101209603250027
6688,0.0034095158334821463
6689,0.003408378455787897
6690,0.0034073132555931807
6691,0.0034058401361107826
6692,0.0034048506058752537
6693,0.0034030815586447716
6694,0.0034022897016257048
6695,0.003403015434741974
6696,0.0034007637295871973
6697,0.003400699235498905
6698,0.0033999772276729345
6699,0.003399376757442951
6700,0.0033985297195613384
6701,0.003397921798750758
6702,0.003396144835278392
6703,0.0033949795179069042
6704,0.003393564373254776
6705,0.0033921459689736366
6706,0.0033905047457665205
6707,0.0033885359298437834
6708,0.0033883445430547
6709,0.0033892688807100058
6710,0.0033868595492094755
6711,0.0033866646699607372
6712,0.003386964090168476
6713,0.0033863349817693233
6714,0.003385920776054263
6715,0.003384726820513606
6716,0.0033832930494099855
6717,0.0033843503333628178
6718,0.0033816515933722258
6719,0.003380675334483385
6720,0.003379780799150467
6721,0.003379899775609374
6722,0.003378799883648753
6723,0.0033789107110351324
6724,0.0033771460875868797
6725,0.003375542815774679
6726,0.003373702522367239
6727,0.0033718671184033155
6728,0.00337138120085001
6729,0.0033693010918796062
6730,0.0033678191248327494
6731,0.0033695136662572622
6732,0.00336626498028636
6733,0.003365175100043416
6734,0.0033642014022916555
6735,0.0033633888233453035
6736,0.003362150164321065
6737,0.003362442599609494
6738,0.0033610807731747627
6739,0.0033604486379772425
6740,0.003360785311087966
6741,0.0033601769246160984
6742,0.0033594376873224974
6743,0.0033591461833566427
6744,0.0033579813316464424
6745,0.0033573980908840895
6746,0.0033572004176676273
6747,0.003356336383149028
6748,0.0033554460387676954
6749,0.003355738939717412
6750,0.0033548464998602867
6751,0.0033545158803462982
6752,0.003354407148435712
6753,0.0033534192480146885
6754,0.0033533680252730846
6755,0.0033517915289849043
6756,0.0033529922366142273
6757,0.003350516315549612
6758,0.0033496839459985495
6759,0.0033487367909401655
6760,0.003347946796566248
6761,0.0033470401540398598
6762,0.0033459181431680918
6763,0.0033441067207604647
6764,0.0033429313916713
6765,0.003341621719300747
6766,0.003340743714943528
6767,0.003339736955240369
6768,0.0033378624357283115
6769,0.003335920162498951
6770,0.0033329944126307964
6771,0.003331706626340747
6772,0.0033300877548754215
6773,0.0033295766916126013
6774,0.0033290369901806116
6775,0.0033281322102993727
6776,0.0033275361638516188
6777,0.0033257603645324707
6778,0.003325384808704257
6779,0.00332442345097661
6780,0.0033237822353839874
6781,0.0033229475375264883
6782,0.0033209652174264193
6783,0.003319741226732731
6784,0.003319012699648738
6785,0.003318382427096367
6786,0.003317956579849124
6787,0.0033178785815835
6788,0.003317559137940407
6789,0.003317052498459816
6790,0.0033161845058202744
6791,0.0033151120878756046
6792,0.003314986592158675
6793,0.0033134324476122856
6794,0.003312798449769616
6795,0.003312705084681511
6796,0.00331206270493567
6797,0.0033111467491835356
6798,0.003310243831947446
6799,0.0033087432384490967
6800,0.0033077835105359554
6801,0.0033069676719605923
6802,0.0033059490378946066
6803,0.0033054198138415813
6804,0.0033037392422556877
6805,0.003302736207842827
6806,0.003301942953839898
6807,0.0033015685621649027
6808,0.0033005671575665474
6809,0.0033000411931425333
6810,0.003298858879134059
6811,0.00329864164814353
6812,0.003297739662230015
6813,0.003296060487627983
6814,0.0032941389363259077
6815,0.003292649984359741
6816,0.0032908213324844837
6817,0.00329419132322073
6818,0.003289954038336873
6819,0.0032890685833990574
6820,0.003289423882961273
6821,0.00328872911632061
6822,0.0032883903477340937
6823,0.0032872739247977734
6824,0.0032867244444787502
6825,0.0032846725080162287
6826,0.0032846457324922085
6827,0.003284062258899212
6828,0.0032836010213941336
6829,0.003282928606495261
6830,0.00328195677138865
6831,0.0032803064677864313
6832,0.0032791197299957275
6833,0.0032767693046480417
6834,0.0032746312208473682
6835,0.0032740330789238214
6836,0.003273450769484043
6837,0.0032729103695601225
6838,0.0032723129261285067
6839,0.0032715953420847654
6840,0.0032709315419197083
6841,0.0032702493481338024
6842,0.0032695389818400145
6843,0.0032689720392227173
6844,0.003268094267696142
6845,0.0032671107910573483
6846,0.0032664909958839417
6847,0.003265583422034979
6848,0.003265420440584421
6849,0.003265292616561055
6850,0.003264334984123707
6851,0.003263706574216485
6852,0.003262512618675828
6853,0.0032610418274998665
6854,0.003259488381445408
6855,0.0032587561290711164
6856,0.0032573037315160036
6857,0.003256941679865122
6858,0.0032556597143411636
6859,0.003254417795687914
6860,0.0032532126642763615
6861,0.003252805443480611
6862,0.0032516513019800186
6863,0.0032508294098079205
6864,0.0032501418609172106
6865,0.003249594010412693
6866,0.0032489141449332237
6867,0.0032481641974300146
6868,0.0032474335748702288
6869,0.003245684551075101
6870,0.0032443911768496037
6871,0.0032433897722512484
6872,0.0032436144538223743
6873,0.003242111299186945
6874,0.003241170896217227
6875,0.0032412689179182053
6876,0.0032411019783467054
6877,0.0032391592394560575
6878,0.0032389559783041477
6879,0.0032366730738431215
6880,0.0032351664267480373
6881,0.0032349100802093744
6882,0.0032337186858057976
6883,0.003232082584872842
6884,0.0032291924580931664
6885,0.0032273049000650644
6886,0.003224134212359786
6887,0.0032237465493381023
6888,0.003222318599000573
6889,0.0032221670262515545
6890,0.0032210396602749825
6891,0.0032206375617533922
6892,0.0032194822560995817
6893,0.0032217148691415787
6894,0.0032193283550441265
6895,0.0032190517522394657
6896,0.003218183061107993
6897,0.0032177255488932133
6898,0.0032163888681679964
6899,0.003215030999854207
6900,0.0032138756942003965
6901,0.003213251708075404
6902,0.003212246811017394
6903,0.0032116081565618515
6904,0.0032112717162817717
6905,0.0032107033766806126
6906,0.0032103622797876596
6907,0.00321035273373127
6908,0.0032103348057717085
6909,0.0032097159419208765
6910,0.003208867274224758
6911,0.0032080947421491146
6912,0.0032084984704852104
6913,0.0032059268560260534
6914,0.00320525374263525
6915,0.003205376910045743
6916,0.003204495180398226
6917,0.0032040325459092855
6918,0.0032032320741564035
6919,0.00320272333920002
6920,0.003200954059138894
6921,0.0032004443928599358
6922,0.0031996264588087797
6923,0.0031990036368370056
6924,0.0031981049105525017
6925,0.0031975528690963984
6926,0.0032082535326480865
6927,0.00319545716047287
6928,0.0031950923148542643
6929,0.0031948306132107973
6930,0.0031940217595547438
6931,0.0031938606407493353
6932,0.003193788230419159
6933,0.0031928697135299444
6934,0.0031922324560582638
6935,0.0031921323388814926
6936,0.0031905807554721832
6937,0.003190326038748026
6938,0.0031901001930236816
6939,0.003189081558957696
6940,0.0031886640936136246
6941,0.003187534399330616
6942,0.0031870179809629917
6943,0.003186281770467758
6944,0.003186112269759178
6945,0.0031853215768933296
6946,0.0031848426442593336
6947,0.0031836610287427902
6948,0.0031826733611524105
6949,0.003181976266205311
6950,0.003180909901857376
6951,0.0031802791636437178
6952,0.0031795117538422346
6953,0.0031780668068677187
6954,0.0031773049850016832
6955,0.0031767047476023436
6956,0.0031763333827257156
6957,0.0031756709795445204
6958,0.0031742779538035393
6959,0.003173534059897065
6960,0.0031724877189844847
6961,0.0031717123929411173
6962,0.0031700541730970144
6963,0.0031693775672465563
6964,0.003168809926137328
6965,0.003167846705764532
6966,0.003166987095028162
6967,0.003166207345202565
6968,0.0031651535537093878
6969,0.0031637847423553467
6970,0.0031626345589756966
6971,0.003160713938996196
6972,0.0031586296390742064
6973,0.0031573586165905
6974,0.0031559723429381847
6975,0.0031545888632535934
6976,0.00315278023481369
6977,0.003151308512315154
6978,0.0031504787039011717
6979,0.00314900279045105
6980,0.003148121992126107
6981,0.003147045150399208
6982,0.0031457545701414347
6983,0.0031448870431631804
6984,0.0031443852931261063
6985,0.0031435219570994377
6986,0.003141740569844842
6987,0.0031404641922563314
6988,0.0031391941010951996
6989,0.0031391673255711794
6990,0.0031376201659440994
6991,0.0031371291261166334
6992,0.003135676495730877
6993,0.003135029226541519
6994,0.003133797086775303
6995,0.0031338806729763746
6996,0.003133406164124608
6997,0.003132201498374343
6998,0.003132136072963476
6999,0.0031318857800215483
7000,0.003131821984425187
7001,0.003131095552816987
7002,0.003130951663479209
7003,0.0031307286117225885
7004,0.0031304836738854647
7005,0.0031301064882427454
7006,0.0031293374486267567
7007,0.0031287246383726597
7008,0.0031277567613869905
7009,0.003127399133518338
7010,0.003127035452052951
7011,0.003126787720248103
7012,0.0031264100689440966
7013,0.0031252186745405197
7014,0.0031244142446666956
7015,0.003123898757621646
7016,0.003123915521427989
7017,0.0031232894398272038
7018,0.0031231206376105547
7019,0.0031219280790537596
7020,0.0031209983862936497
7021,0.0031205120030790567
7022,0.003119960194453597
7023,0.0031190630979835987
7024,0.0031196647323668003
7025,0.003117753891274333
7026,0.003116707783192396
7027,0.0031167666893452406
7028,0.00311569613404572
7029,0.003114291001111269
7030,0.0031129000708460808
7031,0.003110949182882905
7032,0.0031095712911337614
7033,0.0031089535914361477
7034,0.0031080367043614388
7035,0.0031073889695107937
7036,0.0031059475149959326
7037,0.003104700008407235
7038,0.003103171708062291
7039,0.003102091606706381
7040,0.0031006387434899807
7041,0.0030991174280643463
7042,0.003097307635471225
7043,0.003095687599852681
7044,0.003094203770160675
7045,0.003092746948823333
7046,0.0030906829051673412
7047,0.0030901115387678146
7048,0.0030888414476066828
7049,0.0030874917283654213
7050,0.0030866782180964947
7051,0.003086225828155875
7052,0.0030849024187773466
7053,0.0030845196451991796
7054,0.0030837177764624357
7055,0.003083093324676156
7056,0.0030814295168966055
7057,0.003080660244449973
7058,0.0030781482346355915
7059,0.003076203167438507
7060,0.003073984757065773
7061,0.0030737535562366247
7062,0.0030723100062459707
7063,0.0030712950974702835
7064,0.0030705793760716915
7065,0.003069548634812236
7066,0.0030680070631206036
7067,0.003067608689889312
7068,0.003066327190026641
7069,0.0030660161282867193
7070,0.0030651993583887815
7071,0.003064599819481373
7072,0.003063342534005642
7073,0.0030626864172518253
7074,0.003062014700844884
7075,0.0030611862894147635
7076,0.003060616785660386
7077,0.0030599627643823624
7078,0.0030581362079828978
7079,0.0030565436463803053
7080,0.003055867739021778
7081,0.0030536693520843983
7082,0.0030514425598084927
7083,0.0030491058714687824
7084,0.0030483657028526068
7085,0.0030468679033219814
7086,0.0030464897863566875
7087,0.003045526100322604
7088,0.003044926328584552
7089,0.0030446755699813366
7090,0.0030443700961768627
7091,0.003043190576136112
7092,0.0030421079136431217
7093,0.0030413083732128143
7094,0.0030405758880078793
7095,0.0030396264046430588
7096,0.003039250150322914
7097,0.0030380841344594955
7098,0.0030374310445040464
7099,0.0030375015921890736
7100,0.0030363460537046194
7101,0.0030363027472049
7102,0.0030355819035321474
7103,0.0030349327716976404
7104,0.003034410998225212
7105,0.003033509012311697
7106,0.003032916458323598
7107,0.0030327104032039642
7108,0.0030320361256599426
7109,0.0030313346069306135
7110,0.003030532505363226
7111,0.003028732957318425
7112,0.0030278926715254784
7113,0.0030277520418167114
7114,0.0030264505185186863
7115,0.00302553316578269
7116,0.0030251997523009777
7117,0.003024670062586665
7118,0.003024057950824499
7119,0.0030237091705203056
7120,0.003023307304829359
7121,0.0030230884440243244
7122,0.0030222623609006405
7123,0.0030216407030820847
7124,0.0030215324368327856
7125,0.003020942211151123
7126,0.00301954778842628
7127,0.003018718445673585
7128,0.003018661867827177
7129,0.003017457202076912
7130,0.0030162858311086893
7131,0.0030151563696563244
7132,0.00301468838006258
7133,0.003014062764123082
7134,0.00301355984993279
7135,0.003013105597347021
7136,0.003012637374922633
7137,0.003012858098372817
7138,0.0030111419036984444
7139,0.003009943524375558
7140,0.0030088750645518303
7141,0.0030120592564344406
7142,0.0030082662124186754
7143,0.0030079572461545467
7144,0.0030071958899497986
7145,0.0030072503723204136
7146,0.003006660845130682
7147,0.0030057812109589577
7148,0.0030048093758523464
7149,0.0030042333528399467
7150,0.003003412624821067
7151,0.003002701560035348
7152,0.003002044977620244
7153,0.003001169767230749
7154,0.0030000966507941484
7155,0.0029985634610056877
7156,0.002997423755005002
7157,0.0029987837187945843
7158,0.0029956588987261057
7159,0.0029954686760902405
7160,0.0029944570269435644
7161,0.002993587404489517
7162,0.0029924926348030567
7163,0.0029910882003605366
7164,0.002991196932271123
7165,0.0029899566434323788
7166,0.0029890378937125206
7167,0.002988309832289815
7168,0.0029881922528147697
7169,0.0029875601176172495
7170,0.0029866546392440796
7171,0.0029858811758458614
7172,0.002985571278259158
7173,0.0029841617215424776
7174,0.0029836478643119335
7175,0.0029829784762114286
7176,0.002982640638947487
7177,0.0029815530870109797
7178,0.002980081597343087
7179,0.0029796017333865166
7180,0.002978728385642171
7181,0.002977803349494934
7182,0.00297704990953207
7183,0.00297663826495409
7184,0.002975351642817259
7185,0.002974561182782054
7186,0.0029734254349023104
7187,0.002973648253828287
7188,0.0029729255475103855
7189,0.002972499467432499
7190,0.00297162146307528
7191,0.002971531357616186
7192,0.002970648230984807
7193,0.0029695560224354267
7194,0.0029679408762604
7195,0.0029657769482582808
7196,0.0029644642490893602
7197,0.002963281935080886
7198,0.0029628861229866743
7199,0.0029623995069414377
7200,0.0029623114969581366
7201,0.002961731981486082
7202,0.0029614141676574945
7203,0.0029609433840960264
7204,0.0029602968133985996
7205,0.0029599033296108246
7206,0.0029596034437417984
7207,0.002958586672320962
7208,0.0029584269504994154
7209,0.002957648364827037
7210,0.0029572241473942995
7211,0.0029569489415735006
7212,0.0029558881651610136
7213,0.0029550802428275347
7214,0.002954247174784541
7215,0.0029528059531003237
7216,0.002977320458739996
7217,0.002952833194285631
7218,0.002951439004391432
7219,0.0029507954604923725
7220,0.002950454130768776
7221,0.0029497917275875807
7222,0.002949330024421215
7223,0.0029474657494574785
7224,0.0029468946158885956
7225,0.0029456596821546555
7226,0.0029456629417836666
7227,0.0029451255686581135
7228,0.0029448678251355886
7229,0.002943593543022871
7230,0.0029426778201013803
7231,0.002941470593214035
7232,0.002940553240478039
7233,0.002938087098300457
7234,0.0029542383272200823
7235,0.0029364381916821003
7236,0.0029354135040193796
7237,0.0029346877709031105
7238,0.002933678450062871
7239,0.0029328230302780867
7240,0.0029327566735446453
7241,0.0029321652837097645
7242,0.0029308591037988663
7243,0.0029303603805601597
7244,0.0029291282407939434
7245,0.0029285610653460026
7246,0.0029278022702783346
7247,0.0029268176294863224
7248,0.002926347777247429
7249,0.002925240434706211
7250,0.0029247328639030457
7251,0.002924418542534113
7252,0.0029229051433503628
7253,0.002921762177720666
7254,0.0029205922037363052
7255,0.0029196131508797407
7256,0.0029184843879193068
7257,0.0029162722639739513
7258,0.00291410437785089
7259,0.0029125367291271687
7260,0.0029107127338647842
7261,0.0029097264632582664
7262,0.0029093422926962376
7263,0.0029084321577101946
7264,0.002907879650592804
7265,0.0029065546113997698
7266,0.0029046619310975075
7267,0.002902012085542083
7268,0.0028994036838412285
7269,0.002897992730140686
7270,0.0028976707253605127
7271,0.002895745914429426
7272,0.002895394805818796
7273,0.0028944890946149826
7274,0.002893953351303935
7275,0.0028951410204172134
7276,0.002893154975026846
7277,0.0028929077088832855
7278,0.0028922096826136112
7279,0.0028913384303450584
7280,0.0028908555395901203
7281,0.0028895700816065073
7282,0.0028889342211186886
7283,0.0028888117522001266
7284,0.0028887903317809105
7285,0.0028875540010631084
7286,0.002886516507714987
7287,0.0028874301351606846
7288,0.0028850596863776445
7289,0.0028852461837232113
7290,0.002884355839341879
7291,0.002883495530113578
7292,0.0028827469795942307
7293,0.0028822077438235283
7294,0.0028817374259233475
7295,0.0028808079659938812
7296,0.0028805367182940245
7297,0.0028794272802770138
7298,0.002878190018236637
7299,0.0028776738326996565
7300,0.0028766528703272343
7301,0.002876229351386428
7302,0.0028745969757437706
7303,0.002873232588171959
7304,0.0028710700571537018
7305,0.002871257718652487
7306,0.0028697228990495205
7307,0.0028687617741525173
7308,0.0028679294046014547
7309,0.002867308212444186
7310,0.0028664341662079096
7311,0.0028643193654716015
7312,0.0028626457788050175
7313,0.0028619433287531137
7314,0.002860316075384617
7315,0.002859744243323803
7316,0.002858488354831934
7317,0.002857799641788006
7318,0.002857064828276634
7319,0.002856739331036806
7320,0.0028558180201798677
7321,0.0028551570139825344
7322,0.0028543758671730757
7323,0.0028543465305119753
7324,0.0028532925061881542
7325,0.002852472010999918
7326,0.0028516720049083233
7327,0.002850967226549983
7328,0.002849905751645565
7329,0.0028492321725934744
7330,0.0028485278598964214
7331,0.002847556723281741
7332,0.0028470796532928944
7333,0.002846319926902652
7334,0.0028458035085350275
7335,0.002845857758074999
7336,0.0028445872012525797
7337,0.0028439864981919527
7338,0.0028427056968212128
7339,0.002841582056134939
7340,0.002840651199221611
7341,0.002840187633410096
7342,0.0028398383874446154
7343,0.002838992979377508
7344,0.0028386942576617002
7345,0.002838134765625
7346,0.0028375519905239344
7347,0.0028372483793646097
7348,0.00283685396425426
7349,0.002836294239386916
7350,0.002835342660546303
7351,0.0028349815402179956
7352,0.002834141720086336
7353,0.002833913080394268
7354,0.0028329812921583652
7355,0.002832109108567238
7356,0.002830948680639267
7357,0.0028294911608099937
7358,0.0028285589069128036
7359,0.0028278976678848267
7360,0.0028275963850319386
7361,0.0028265442233532667
7362,0.0028258091770112514
7363,0.0028252319898456335
7364,0.0028245451394468546
7365,0.0028244031127542257
7366,0.002823271555826068
7367,0.002822778420522809
7368,0.002821338828653097
7369,0.002820242429152131
7370,0.00281955162063241
7371,0.0028184913098812103
7372,0.0028167185373604298
7373,0.002816363237798214
7374,0.0028148179408162832
7375,0.002813646337017417
7376,0.0028135005850344896
7377,0.002812695223838091
7378,0.002812580671161413
7379,0.002810486825183034
7380,0.00281023932620883
7381,0.002809315687045455
7382,0.0028089634142816067
7383,0.002807939425110817
7384,0.002807650249451399
7385,0.0028073322027921677
7386,0.0028072139248251915
7387,0.0028065075166523457
7388,0.0028062660712748766
7389,0.002805502852424979
7390,0.0028046511579304934
7391,0.002804171061143279
7392,0.0028042092453688383
7393,0.0028039340395480394
7394,0.0028036697767674923
7395,0.0028032518457621336
7396,0.002802777336910367
7397,0.002802240429446101
7398,0.0028018602170050144
7399,0.0028013382107019424
7400,0.0028008176013827324
7401,0.0027999822050333023
7402,0.0027992811519652605
7403,0.002798224799335003
7404,0.0027974252589046955
7405,0.0027966229245066643
7406,0.0027961148880422115
7407,0.0027953581884503365
7408,0.002794830594211817
7409,0.0027937348932027817
7410,0.002793316263705492
7411,0.0027926042675971985
7412,0.002791701816022396
7413,0.002791429404169321
7414,0.002791086444631219
7415,0.0027902103029191494
7416,0.0027899693232029676
7417,0.0027893870137631893
7418,0.002788660116493702
7419,0.0027884701266884804
7420,0.002786293625831604
7421,0.002785700373351574
7422,0.002785624237731099
7423,0.002785061253234744
7424,0.0027842880226671696
7425,0.0027837948873639107
7426,0.0027819855604320765
7427,0.0027800649404525757
7428,0.0027786679565906525
7429,0.0027773764450103045
7430,0.0027765159029513597
7431,0.002774542896077037
7432,0.0027741107624024153
7433,0.0027726751286536455
7434,0.0027718101628124714
7435,0.002771006664261222
7436,0.0027694872114807367
7437,0.002768270904198289
7438,0.0027679591439664364
7439,0.002766463439911604
7440,0.0027648569084703922
7441,0.002763643627986312
7442,0.0027622985653579235
7443,0.0027621660847216845
7444,0.0027589586097747087
7445,0.0027578382287174463
7446,0.0027563960757106543
7447,0.002754518296569586
7448,0.00275376602075994
7449,0.0027520298026502132
7450,0.00275181932374835
7451,0.00275135925039649
7452,0.002750212559476495
7453,0.002749399282038212
7454,0.002748630940914154
7455,0.002748083556070924
7456,0.002747384598478675
7457,0.0027470174245536327
7458,0.0027464793529361486
7459,0.0027458968106657267
7460,0.002744752913713455
7461,0.0027446523308753967
7462,0.0027437107637524605
7463,0.0027431929484009743
7464,0.0027422322891652584
7465,0.0027416525408625603
7466,0.002741027157753706
7467,0.0027402567211538553
7468,0.002739820396527648
7469,0.0027392643969506025
7470,0.0027387074660509825
7471,0.002737915376201272
7472,0.0027383046690374613
7473,0.0027371866162866354
7474,0.002736638532951474
7475,0.002736051566898823
7476,0.002735236193984747
7477,0.002734256675466895
7478,0.002733500674366951
7479,0.002733158180490136
7480,0.002732557710260153
7481,0.0027313269674777985
7482,0.0027300603687763214
7483,0.002729550004005432
7484,0.0027293721213936806
7485,0.0027285325340926647
7486,0.002727704821154475
7487,0.0027266857214272022
7488,0.002724620047956705
7489,0.002725049154832959
7490,0.002723065670579672
7491,0.002722585340961814
7492,0.0027227955870330334
7493,0.0027221483178436756
7494,0.0027215478476136923
7495,0.0027207243256270885
7496,0.0027193594723939896
7497,0.0027183941565454006
7498,0.0027177107986062765
7499,0.0027166781947016716
7500,0.0027163284830749035
7501,0.0027149496600031853
7502,0.0027143466286361217
7503,0.0027140409220010042
7504,0.0027135887648910284
7505,0.0027132320683449507
7506,0.002712929854169488
7507,0.0027120523154735565
7508,0.002711536129936576
7509,0.002710499567911029
7510,0.0027100956067442894
7511,0.0027093871030956507
7512,0.002708488842472434
7513,0.0027076106052845716
7514,0.00270628510043025
7515,0.0027059013955295086
7516,0.002705442486330867
7517,0.002704900922253728
7518,0.0027046864852309227
7519,0.0027039942797273397
7520,0.002703458769246936
7521,0.0027033237274736166
7522,0.002702418016269803
7523,0.002702040132135153
7524,0.002701573306694627
7525,0.00270051509141922
7526,0.002700159791857004
7527,0.0026993004139512777
7528,0.0026985458098351955
7529,0.002698077354580164
7530,0.0026970345061272383
7531,0.002696463605388999
7532,0.0026946496218442917
7533,0.0026937746442854404
7534,0.0026924528647214174
7535,0.0026909324806183577
7536,0.0026898174546658993
7537,0.0026887631975114346
7538,0.002687997417524457
7539,0.0026881482917815447
7540,0.00268761208280921
7541,0.002686919178813696
7542,0.002686675637960434
7543,0.0026857838965952396
7544,0.002685191808268428
7545,0.0026840108912438154
7546,0.002682693302631378
7547,0.0026820008642971516
7548,0.002681412035599351
7549,0.0026805936358869076
7550,0.002680662088096142
7551,0.002680276520550251
7552,0.0026796474121510983
7553,0.002679219003766775
7554,0.002678785240277648
7555,0.002678700489923358
7556,0.0026782702188938856
7557,0.002677710261195898
7558,0.00267725414596498
7559,0.0026764676440507174
7560,0.0026760052423924208
7561,0.0026755770668387413
7562,0.0026744171045720577
7563,0.0026740841567516327
7564,0.0026731027755886316
7565,0.002672426402568817
7566,0.0026719116140156984
7567,0.0026717474684119225
7568,0.0026712382677942514
7569,0.002669795649126172
7570,0.0026682254392653704
7571,0.0026677411515265703
7572,0.002666447777301073
7573,0.002665130887180567
7574,0.0026641488075256348
7575,0.0026634931564331055
7576,0.0026624707970768213
7577,0.0026613774243742228
7578,0.0026607844047248363
7579,0.0026605860330164433
7580,0.0026595264207571745
7581,0.0026588791515678167
7582,0.0026574470102787018
7583,0.002656883792951703
7584,0.0026558786630630493
7585,0.002655104734003544
7586,0.00265492033213377
7587,0.00265412381850183
7588,0.0026538451202213764
7589,0.002653301926329732
7590,0.0026531910989433527
7591,0.0026530164759606123
7592,0.002652124036103487
7593,0.0026521130930632353
7594,0.002651330316439271
7595,0.002655566902831197
7596,0.0026510152965784073
7597,0.0026505470741540194
7598,0.0026509861927479506
7599,0.002650562208145857
7600,0.0026502758264541626
7601,0.0026500681415200233
7602,0.0026495708152651787
7603,0.0026489796582609415
7604,0.0026488297153264284
7605,0.0026483305264264345
7606,0.0026475563645362854
7607,0.0026475086342543364
7608,0.0026469158474355936
7609,0.0026465889532119036
7610,0.0026462709065526724
7611,0.002645698608830571
7612,0.0026450944133102894
7613,0.002645238069817424
7614,0.00264449929818511
7615,0.0026437987107783556
7616,0.00264364224858582
7617,0.0026429963763803244
7618,0.0026425702963024378
7619,0.0026416282635182142
7620,0.0026420974172651768
7621,0.002641699044033885
7622,0.0026407954283058643
7623,0.0026404226664453745
7624,0.0026401306968182325
7625,0.0026399793568998575
7626,0.0026394054293632507
7627,0.002639026613906026
7628,0.002638168865814805
7629,0.0026380980852991343
7630,0.0026373309083282948
7631,0.0026372356805950403
7632,0.002636165590956807
7633,0.0026357476599514484
7634,0.002635366516187787
7635,0.0026344936341047287
7636,0.0026345618534833193
7637,0.0026326070073992014
7638,0.0026316363364458084
7639,0.0026307515799999237
7640,0.002630126429721713
7641,0.002629311988130212
7642,0.0026289145462214947
7643,0.0026278765872120857
7644,0.002627203706651926
7645,0.0026269445661455393
7646,0.002626449102535844
7647,0.002625444671139121
7648,0.0026238965801894665
7649,0.002622690051794052
7650,0.002622270956635475
7651,0.0026221508160233498
7652,0.0026210802607238293
7653,0.0026196721009910107
7654,0.00261910492554307
7655,0.0026175854727625847
7656,0.002617491874843836
7657,0.002616211073473096
7658,0.002615955425426364
7659,0.0026155607774853706
7660,0.0026149486657232046
7661,0.0026143055874854326
7662,0.0026138045359402895
7663,0.002612840849906206
7664,0.0026117751840502024
7665,0.0026110364124178886
7666,0.002609983552247286
7667,0.0026093514170497656
7668,0.0026087467558681965
7669,0.0026082233525812626
7670,0.0026074599009007215
7671,0.002606837311759591
7672,0.0026065439451485872
7673,0.002605580259114504
7674,0.0026038149371743202
7675,0.0026020014192909002
7676,0.0026016903575509787
7677,0.002601602813228965
7678,0.002601068466901779
7679,0.0026006086263805628
7680,0.002600428182631731
7681,0.002600068459287286
7682,0.002599993022158742
7683,0.002599608153104782
7684,0.0025994181632995605
7685,0.0025982775259763002
7686,0.002597707323729992
7687,0.0025973371230065823
7688,0.00259607657790184
7689,0.0025951883289963007
7690,0.0025944625958800316
7691,0.0025933582801371813
7692,0.0025935762096196413
7693,0.0025921990163624287
7694,0.0025914241559803486
7695,0.002591643948107958
7696,0.002590988064184785
7697,0.0025904818903654814
7698,0.0025898911990225315
7699,0.002590946853160858
7700,0.002588967327028513
7701,0.0025885067880153656
7702,0.0025879519525915384
7703,0.002587461844086647
7704,0.00258697010576725
7705,0.0025862804614007473
7706,0.0025862576439976692
7707,0.002585518406704068
7708,0.0025853803381323814
7709,0.0025854515843093395
7710,0.0025847535580396652
7711,0.002584954258054495
7712,0.002584544476121664
7713,0.002584422007203102
7714,0.00258422177284956
7715,0.0025836098939180374
7716,0.0025835500564426184
7717,0.002582777291536331
7718,0.002582272281870246
7719,0.0025814820546656847
7720,0.002580625005066395
7721,0.0025792133528739214
7722,0.0025785339530557394
7723,0.0025777171831578016
7724,0.0025779337156563997
7725,0.002577399369329214
7726,0.0025768899358808994
7727,0.002576527651399374
7728,0.0025765858590602875
7729,0.002576240338385105
7730,0.002576080383732915
7731,0.0025756070390343666
7732,0.002575469436123967
7733,0.0025747199542820454
7734,0.002573955338448286
7735,0.0025727450847625732
7736,0.0025725236628204584
7737,0.0025721413549035788
7738,0.0025714091025292873
7739,0.0025709315668791533
7740,0.002569871488958597
7741,0.0025694009382277727
7742,0.002568296855315566
7743,0.0025674377102404833
7744,0.0025661904364824295
7745,0.0025652702897787094
7746,0.0025641508400440216
7747,0.002563864691182971
7748,0.0025634276680648327
7749,0.002562567824497819
7750,0.002562212059274316
7751,0.0025617312639951706
7752,0.0025605764240026474
7753,0.0025601708330214024
7754,0.0025592755991965532
7755,0.0025589384604245424
7756,0.00255791237577796
7757,0.00255753006786108
7758,0.00255573820322752
7759,0.0025544504169374704
7760,0.0025542208459228277
7761,0.002553455298766494
7762,0.002552818739786744
7763,0.002552306279540062
7764,0.002552356570959091
7765,0.0025516911409795284
7766,0.002551598008722067
7767,0.00255144783295691
7768,0.0025508899707347155
7769,0.0025505980011075735
7770,0.002550147706642747
7771,0.002549294847995043
7772,0.0025487744715064764
7773,0.002548001939430833
7774,0.0025479348842054605
7775,0.0025470927357673645
7776,0.0025465996004641056
7777,0.0025458415038883686
7778,0.0025442030746489763
7779,0.0025437751319259405
7780,0.0025428966619074345
7781,0.0025419986341148615
7782,0.002541945083066821
7783,0.0025409299414604902
7784,0.0025406074710190296
7785,0.002539468929171562
7786,0.0025385599583387375
7787,0.0025374782271683216
7788,0.0025358262937515974
7789,0.002534751780331135
7790,0.002534277504310012
7791,0.0025333797093480825
7792,0.0025330944918096066
7793,0.002532458398491144
7794,0.0025301147252321243
7795,0.002528747310861945
7796,0.0025277554523199797
7797,0.0025272169150412083
7798,0.0025268045719712973
7799,0.0025257221423089504
7800,0.0025247468147426844
7801,0.0025232115294784307
7802,0.0025225149001926184
7803,0.002522760070860386
7804,0.002521870657801628
7805,0.002521305810660124
7806,0.0025207954458892345
7807,0.002520280424505472
7808,0.002519175410270691
7809,0.0025173909962177277
7810,0.0025165826082229614
7811,0.002515478990972042
7812,0.0025155155453830957
7813,0.002514301799237728
7814,0.002514173509553075
7815,0.0025131232105195522
7816,0.0025131539441645145
7817,0.002512494334951043
7818,0.0025153877213597298
7819,0.002512496430426836
7820,0.0025117702316492796
7821,0.0025115141179412603
7822,0.0025113325100392103
7823,0.0025112410075962543
7824,0.0025103799998760223
7825,0.002509376732632518
7826,0.0025097874458879232
7827,0.002508653560653329
7828,0.002507995581254363
7829,0.002508136909455061
7830,0.0025076670572161674
7831,0.0025065820664167404
7832,0.002506393939256668
7833,0.002505253767594695
7834,0.0025047268718481064
7835,0.002504082629457116
7836,0.002503596246242523
7837,0.0025027862284332514
7838,0.0025016521103680134
7839,0.0025010674726217985
7840,0.002499954542145133
7841,0.002499411115422845
7842,0.0024981240276247263
7843,0.0024966809432953596
7844,0.0024961254093796015
7845,0.0024950949009507895
7846,0.002494398970156908
7847,0.00249357707798481
7848,0.0024935035035014153
7849,0.0024929239880293608
7850,0.002492625033482909
7851,0.002491988707333803
7852,0.0024920725263655186
7853,0.0024914320092648268
7854,0.0024914860259741545
7855,0.0024900210555642843
7856,0.0024897800758481026
7857,0.0024891220964491367
7858,0.0024889030028134584
7859,0.002488116966560483
7860,0.0024884366430342197
7861,0.00248759426176548
7862,0.0024867227766662836
7863,0.0024864787701517344
7864,0.002486127894371748
7865,0.0024852403439581394
7866,0.0024845965672284365
7867,0.0024837139062583447
7868,0.0024827858433127403
7869,0.002482377691194415
7870,0.002482206793501973
7871,0.002481670118868351
7872,0.0024819886311888695
7873,0.00248108827508986
7874,0.002480289898812771
7875,0.0024796295911073685
7876,0.0024793290067464113
7877,0.002478051697835326
7878,0.0024775557685643435
7879,0.002476459601894021
7880,0.0024763133842498064
7881,0.0024759615771472454
7882,0.0024757811333984137
7883,0.0024753613397479057
7884,0.002475240733474493
7885,0.0024751753080636263
7886,0.002474486129358411
7887,0.0024741613306105137
7888,0.0024739368818700314
7889,0.002473656088113785
7890,0.0024736826308071613
7891,0.0024723869282752275
7892,0.0024717715568840504
7893,0.002471762942150235
7894,0.002471093088388443
7895,0.0024701335933059454
7896,0.0024694297462701797
7897,0.0024691319558769464
7898,0.0024686192627996206
7899,0.0024685782846063375
7900,0.0024687647819519043
7901,0.0024678451009094715
7902,0.002467494225129485
7903,0.0024673454463481903
7904,0.0024670204147696495
7905,0.002466082340106368
7906,0.0024656839668750763
7907,0.0024652155116200447
7908,0.0024640364572405815
7909,0.002463633893057704
7910,0.0024624124635010958
7911,0.0024625505320727825
7912,0.002462263684719801
7913,0.002461816882714629
7914,0.002461477182805538
7915,0.002460863208398223
7916,0.0024601155892014503
7917,0.002459141658619046
7918,0.002458953531458974
7919,0.0024581702891737223
7920,0.00245783943682909
7921,0.002457538153976202
7922,0.002456808462738991
7923,0.0024560291785746813
7924,0.002455756301060319
7925,0.0024552063550800085
7926,0.002454636851325631
7927,0.002454013330861926
7928,0.0024539423175156116
7929,0.002452894113957882
7930,0.002451689448207617
7931,0.0024508365895599127
7932,0.002450334606692195
7933,0.0024497287813574076
7934,0.002448786050081253
7935,0.0024480822030454874
7936,0.002447467064484954
7937,0.0024464670568704605
7938,0.002446164609864354
7939,0.0024454898666590452
7940,0.0024445822928100824
7941,0.0024438370019197464
7942,0.0024432106874883175
7943,0.0024426269810646772
7944,0.0024415000807493925
7945,0.002441477496176958
7946,0.0024403559509664774
7947,0.002440116601064801
7948,0.0024397054221481085
7949,0.0024390791077166796
7950,0.0024389978498220444
7951,0.0024381931871175766
7952,0.002437206218019128
7953,0.002436842303723097
7954,0.002436309354379773
7955,0.0024352804757654667
7956,0.0024343314580619335
7957,0.002432621084153652
7958,0.002431234112009406
7959,0.002430700697004795
7960,0.002430022694170475
7961,0.0024298292119055986
7962,0.002429282059893012
7963,0.0024294264148920774
7964,0.0024282915983349085
7965,0.0024281255900859833
7966,0.002427327213808894
7967,0.0024268277920782566
7968,0.0024261188227683306
7969,0.0024250634014606476
7970,0.002424390520900488
7971,0.0024239947088062763
7972,0.002424100413918495
7973,0.0024229867849498987
7974,0.0024226042442023754
7975,0.0024217849131673574
7976,0.0024209124967455864
7977,0.002420316683128476
7978,0.0024208948016166687
7979,0.0024194091092795134
7980,0.0024183380883187056
7981,0.00241789105348289
7982,0.0024171569384634495
7983,0.0024165245704352856
7984,0.0024153711274266243
7985,0.00241468264721334
7986,0.0024137457367032766
7987,0.0024133052211254835
7988,0.002412214642390609
7989,0.0024116323329508305
7990,0.0024102374445647
7991,0.002409580862149596
7992,0.0024081110022962093
7993,0.0024077703710645437
7994,0.0024066849146038294
7995,0.0024052553344517946
7996,0.002404461381956935
7997,0.0024061326403170824
7998,0.002403627848252654
7999,0.002403506776317954
8000,0.0024025309830904007
8001,0.002401303965598345
8002,0.0024011542554944754
8003,0.002400171011686325
8004,0.0023991235066205263
8005,0.0023988743778318167
8006,0.0023982010316103697
8007,0.0023982427082955837
8008,0.002397688338533044
8009,0.002397059230133891
8010,0.002396724885329604
8011,0.002396089257672429
8012,0.0023956838995218277
8013,0.002395212184637785
8014,0.002394868992269039
8015,0.0023941141553223133
8016,0.0023939332459121943
8017,0.002393316477537155
8018,0.00239304406568408
8019,0.002392704365774989
8020,0.0023924061097204685
8021,0.0023916903883218765
8022,0.002391608664765954
8023,0.0023914328776299953
8024,0.002390216803178191
8025,0.0023895888589322567
8026,0.0023889378644526005
8027,0.0023882384411990643
8028,0.0023869022261351347
8029,0.002387263812124729
8030,0.002385104773566127
8031,0.002384940627962351
8032,0.00238447985611856
8033,0.002383571583777666
8034,0.0023825892712920904
8035,0.0023813487496227026
8036,0.002380071207880974
8037,0.002376827411353588
8038,0.002375173382461071
8039,0.00237419200129807
8040,0.0023733649868518114
8041,0.002372808987274766
8042,0.002372519578784704
8043,0.0023715966381132603
8044,0.0023706508800387383
8045,0.0023718145675957203
8046,0.0023694022092968225
8047,0.002369254594668746
8048,0.0023688520304858685
8049,0.0023684571497142315
8050,0.002367818495258689
8051,0.0023675193078815937
8052,0.0023668291978538036
8053,0.0023662929888814688
8054,0.0023662622552365065
8055,0.0023653898388147354
8056,0.0023649055510759354
8057,0.0023646559566259384
8058,0.002363672014325857
8059,0.0023641681764274836
8060,0.002363271079957485
8061,0.002362770028412342
8062,0.002363774226978421
8063,0.002361278049647808
8064,0.0023605343885719776
8065,0.0023599080741405487
8066,0.002359186764806509
8067,0.0023586242459714413
8068,0.0023577294778078794
8069,0.0023568018805235624
8070,0.0023566228337585926
8071,0.002355440752580762
8072,0.0023552689235657454
8073,0.002354850061237812
8074,0.0023549150209873915
8075,0.002354368334636092
8076,0.002354250056669116
8077,0.0023536663502454758
8078,0.0023533485364168882
8079,0.002352882409468293
8080,0.0023518342059105635
8081,0.002350156893953681
8082,0.0023535084910690784
8083,0.0023490595631301403
8084,0.0023486060090363026
8085,0.0023481398820877075
8086,0.002347814617678523
8087,0.002347145462408662
8088,0.002346503082662821
8089,0.0023459545336663723
8090,0.002346003893762827
8091,0.002345534972846508
8092,0.002345430664718151
8093,0.002345350105315447
8094,0.002344289096072316
8095,0.0023437454365193844
8096,0.002342667430639267
8097,0.0023420602083206177
8098,0.002341443905606866
8099,0.0023399745114147663
8100,0.002338640158995986
8101,0.0023375411983579397
8102,0.0023362445645034313
8103,0.0023352657444775105
8104,0.0023355886805802584
8105,0.0023346145171672106
8106,0.0023345844820141792
8107,0.0023340978659689426
8108,0.0023335888981819153
8109,0.002333445241674781
8110,0.002333087380975485
8111,0.0023328757379204035
8112,0.002331795869395137
8113,0.002331741154193878
8114,0.0023312002886086702
8115,0.0023304978385567665
8116,0.0023294328711926937
8117,0.002328705508261919
8118,0.002328011207282543
8119,0.002327872673049569
8120,0.0023275050334632397
8121,0.0023263355251401663
8122,0.002325979061424732
8123,0.0023256372660398483
8124,0.002324721310287714
8125,0.0023245890624821186
8126,0.00232360465452075
8127,0.0023234230466187
8128,0.0023240556474775076
8129,0.002322306390851736
8130,0.0023221743758767843
8131,0.0023218754213303328
8132,0.002321552252396941
8133,0.0023213017266243696
8134,0.002320644911378622
8135,0.0023198341950774193
8136,0.0023206202313303947
8137,0.0023185545578598976
8138,0.002318182960152626
8139,0.0023176458198577166
8140,0.002317586913704872
8141,0.0023177333641797304
8142,0.0023167752660810947
8143,0.002316851867362857
8144,0.002316021826118231
8145,0.0023156381212174892
8146,0.002315254183486104
8147,0.002314783865585923
8148,0.002314080949872732
8149,0.002313444623723626
8150,0.0023125940933823586
8151,0.0023122753482311964
8152,0.0023118413519114256
8153,0.0023113256320357323
8154,0.0023105875588953495
8155,0.00230969930998981
8156,0.0023087142035365105
8157,0.0023086778819561005
8158,0.0023076620418578386
8159,0.0023075961507856846
8160,0.0023070683237165213
8161,0.002306665526703
8162,0.002305880654603243
8163,0.0023053025361150503
8164,0.0023050245363265276
8165,0.0023046033456921577
8166,0.002303947927430272
8167,0.002303243149071932
8168,0.002303122542798519
8169,0.0023025681730359793
8170,0.002302398905158043
8171,0.002301911823451519
8172,0.0023011923767626286
8173,0.0023007667623460293
8174,0.002299424260854721
8175,0.0022995660547167063
8176,0.0023005004040896893
8177,0.002299034968018532
8178,0.0022981823422014713
8179,0.0022977048065513372
8180,0.002297828672453761
8181,0.002297135768458247
8182,0.0022968316916376352
8183,0.002296071732416749
8184,0.002296421444043517
8185,0.002294916193932295
8186,0.0022943844087421894
8187,0.0022938495967537165
8188,0.0022933268919587135
8189,0.0022926798555999994
8190,0.0022919313050806522
8191,0.0022914770524948835
8192,0.0022907841484993696
8193,0.002291029319167137
8194,0.0022898856550455093
8195,0.0022895268630236387
8196,0.0022886788938194513
8197,0.002288253279402852
8198,0.002287547802552581
8199,0.0022872851695865393
8200,0.002287639304995537
8201,0.0022870905231684446
8202,0.002286364324390888
8203,0.0022854506969451904
8204,0.002285154303535819
8205,0.002284230198711157
8206,0.0022842336911708117
8207,0.002283566864207387
8208,0.0022830122616142035
8209,0.0022831056267023087
8210,0.0022827708162367344
8211,0.0022823468316346407
8212,0.0022819051519036293
8213,0.002281767316162586
8214,0.002281222492456436
8215,0.0022811004891991615
8216,0.002280276035889983
8217,0.00228079198859632
8218,0.00228036823682487
8219,0.0022794343531131744
8220,0.002278617350384593
8221,0.002278258791193366
8222,0.0022778110578656197
8223,0.002277638763189316
8224,0.0022771854419261217
8225,0.00227683805860579
8226,0.002276413608342409
8227,0.0022759719286113977
8228,0.0022760268766433
8229,0.0022752867080271244
8230,0.0022751432843506336
8231,0.0022750108037143946
8232,0.0022746676113456488
8233,0.0022736554965376854
8234,0.0022733265068382025
8235,0.0022734024096280336
8236,0.002272913232445717
8237,0.0022726242896169424
8238,0.0022724031005054712
8239,0.0022720759734511375
8240,0.0022721958812326193
8241,0.002271491102874279
8242,0.002270990051329136
8243,0.002274010796099901
8244,0.0022703681606799364
8245,0.002270390512421727
8246,0.002270227065309882
8247,0.0022700964473187923
8248,0.002269226824864745
8249,0.0022694130893796682
8250,0.0022699504625052214
8251,0.002268945099785924
8252,0.0022688840981572866
8253,0.0022681306581944227
8254,0.002268384676426649
8255,0.0022679148241877556
8256,0.002267567440867424
8257,0.0022668917663395405
8258,0.002267110627144575
8259,0.0022667180746793747
8260,0.0022663569543510675
8261,0.002265850082039833
8262,0.0022662330884486437
8263,0.0022651543840765953
8264,0.002265085931867361
8265,0.0022646200377494097
8266,0.0022640933748334646
8267,0.002263271017000079
8268,0.0022628784645348787
8269,0.0022624628618359566
8270,0.002261389046907425
8271,0.0022604858968406916
8272,0.0022605694830417633
8273,0.0022601764649152756
8274,0.0022603757679462433
8275,0.0022595268674194813
8276,0.002259272849187255
8277,0.0022588884457945824
8278,0.00225874618627131
8279,0.0022585252299904823
8280,0.0022579135838896036
8281,0.002257663756608963
8282,0.002257497515529394
8283,0.002257677959278226
8284,0.0022573270834982395
8285,0.002257151296362281
8286,0.002256776439025998
8287,0.0022559012286365032
8288,0.002255914034321904
8289,0.002255623694509268
8290,0.002255359198898077
8291,0.0022546735126525164
8292,0.0022541445214301348
8293,0.0022535230964422226
8294,0.002253516810014844
8295,0.002253130543977022
8296,0.002252584556117654
8297,0.0022522155195474625
8298,0.0022519598715007305
8299,0.002252086764201522
8300,0.0022517370525747538
8301,0.002251129597425461
8302,0.0022508506663143635
8303,0.0022498336620628834
8304,0.002248951466754079
8305,0.002248398493975401
8306,0.002248212695121765
8307,0.002247918164357543
8308,0.0022474033758044243
8309,0.0022471945267170668
8310,0.0022471032571047544
8311,0.0022474639117717743
8312,0.0022459765896201134
8313,0.002245634328573942
8314,0.0022452224511653185
8315,0.0022446028888225555
8316,0.002244252013042569
8317,0.002243635943159461
8318,0.002243545837700367
8319,0.0022430892568081617
8320,0.002243130700662732
8321,0.0022428110241889954
8322,0.002242186339572072
8323,0.002241595182567835
8324,0.002240764908492565
8325,0.002240352565422654
8326,0.0022397066932171583
8327,0.002239056397229433
8328,0.0022387064527720213
8329,0.0022378885187208652
8330,0.0022377099376171827
8331,0.002236980479210615
8332,0.0022366647608578205
8333,0.0022362149320542812
8334,0.0022358468268066645
8335,0.0022352454252541065
8336,0.0022349413484334946
8337,0.0022348782513290644
8338,0.0022342109587043524
8339,0.002233781386166811
8340,0.0022339862771332264
8341,0.0022332044318318367
8342,0.0022326840553432703
8343,0.002231817226856947
8344,0.002232067286968231
8345,0.0022313399240374565
8346,0.0022312263026833534
8347,0.0022301971912384033
8348,0.002229326870292425
8349,0.0022291168570518494
8350,0.002228477271273732
8351,0.0022282584104686975
8352,0.0022274572402238846
8353,0.0022272877395153046
8354,0.002227101707831025
8355,0.002226475393399596
8356,0.0022257554810494184
8357,0.0022253612987697124
8358,0.0022255482617765665
8359,0.0022247282322496176
8360,0.002224632306024432
8361,0.002223838120698929
8362,0.0022230390459299088
8363,0.00222204951569438
8364,0.0022224944550544024
8365,0.0022209666203707457
8366,0.0022206115536391735
8367,0.0022204341366887093
8368,0.002219987101852894
8369,0.0022194094490259886
8370,0.002218357753008604
8371,0.0022178280632942915
8372,0.002217328641563654
8373,0.002216932363808155
8374,0.002217081608250737
8375,0.002216547029092908
8376,0.0022163693793118
8377,0.002215336775407195
8378,0.0022148434072732925
8379,0.002216557739302516
8380,0.002214754233136773
8381,0.0022140617948025465
8382,0.0022142119705677032
8383,0.0022141907829791307
8384,0.0022135451436042786
8385,0.0022133979946374893
8386,0.0022122343070805073
8387,0.0022124270908534527
8388,0.0022118212655186653
8389,0.0022114599123597145
8390,0.002211353974416852
8391,0.0022112790029495955
8392,0.002210868988186121
8393,0.0022108706180006266
8394,0.002210452686995268
8395,0.0022098273038864136
8396,0.00220912741497159
8397,0.0022089097183197737
8398,0.0022088102996349335
8399,0.002208184916526079
8400,0.0022074775770306587
8401,0.0022069443948566914
8402,0.0022064384538680315
8403,0.0022054770961403847
8404,0.0022052472922950983
8405,0.0022036093287169933
8406,0.0022028647363185883
8407,0.0022018449380993843
8408,0.00220109848305583
8409,0.002200680784881115
8410,0.002199761103838682
8411,0.0021994661074131727
8412,0.0021985815837979317
8413,0.00219790474511683
8414,0.002197183668613434
8415,0.0021962684113532305
8416,0.0021952225361019373
8417,0.0021938947029411793
8418,0.0021937463898211718
8419,0.00219315686263144
8420,0.0021928460337221622
8421,0.00219230679795146
8422,0.002191914478316903
8423,0.002191282343119383
8424,0.002190725412219763
8425,0.0021897382102906704
8426,0.0021890823263674974
8427,0.0021889363415539265
8428,0.0021881088614463806
8429,0.0021873668301850557
8430,0.002186594996601343
8431,0.00218604551628232
8432,0.0021854506339877844
8433,0.0021853861398994923
8434,0.002184835262596607
8435,0.0021849030163139105
8436,0.0021846459712833166
8437,0.0021851009223610163
8438,0.0021841740235686302
8439,0.002184107434004545
8440,0.002183289499953389
8441,0.0021842208225280046
8442,0.0021825600415468216
8443,0.0021825090516358614
8444,0.0021824270952492952
8445,0.0021815469954162836
8446,0.002182162832468748
8447,0.0021814012434333563
8448,0.0021842753048986197
8449,0.002180249895900488
8450,0.0021798883099108934
8451,0.0021797087974846363
8452,0.002178819617256522
8453,0.0021783201955258846
8454,0.002177415881305933
8455,0.0021776144858449697
8456,0.0021765532437711954
8457,0.002176139736548066
8458,0.0021759665105491877
8459,0.002175514353439212
8460,0.002174799097701907
8461,0.002174226101487875
8462,0.002173654269427061
8463,0.0021730849985033274
8464,0.0021727432031184435
8465,0.002172332489863038
8466,0.0021724014077335596
8467,0.0021718908101320267
8468,0.002171609317883849
8469,0.002171618863940239
8470,0.0021710225846618414
8471,0.0021703343372792006
8472,0.0021703066304326057
8473,0.00216966075822711
8474,0.0021692942827939987
8475,0.002170821651816368
8476,0.0021681631915271282
8477,0.002168001839891076
8478,0.0021678046323359013
8479,0.002167457016184926
8480,0.002167190657928586
8481,0.0021666795946657658
8482,0.002165704732760787
8483,0.0021657845936715603
8484,0.0021657245233654976
8485,0.0021658374462276697
8486,0.0021669657435268164
8487,0.0021652879659086466
8488,0.0021649382542818785
8489,0.0021644767839461565
8490,0.0021647524554282427
8491,0.002164196688681841
8492,0.0021641096100211143
8493,0.0021636225283145905
8494,0.0021633824799209833
8495,0.002163299359381199
8496,0.0021630304399877787
8497,0.0021629345137625933
8498,0.002162564778700471
8499,0.002162785269320011
8500,0.002162941498681903
8501,0.002162847202271223
8502,0.0021614949218928814
8503,0.0021617833990603685
8504,0.002161444164812565
8505,0.002161167562007904
8506,0.002161298878490925
8507,0.002160922857001424
8508,0.0021607184316962957
8509,0.002160114934667945
8510,0.0021595247089862823
8511,0.002158879768103361
8512,0.0021593694109469652
8513,0.0021585659123957157
8514,0.002157811541110277
8515,0.0021578611340373755
8516,0.002156876027584076
8517,0.00215636077336967
8518,0.002156160306185484
8519,0.0021560241002589464
8520,0.002155549358576536
8521,0.0021555328276008368
8522,0.0021553807891905308
8523,0.0021552385296672583
8524,0.0021551463287323713
8525,0.002154894871637225
8526,0.0021544797345995903
8527,0.002154019894078374
8528,0.0021536066196858883
8529,0.0021528862416744232
8530,0.002152674598619342
8531,0.0021522212773561478
8532,0.0021520305890589952
8533,0.0021519139409065247
8534,0.0021513320971280336
8535,0.0021512340754270554
8536,0.0021510568913072348
8537,0.002150289248675108
8538,0.002150194486603141
8539,0.002149541862308979
8540,0.002149105304852128
8541,0.002149636624380946
8542,0.0021487814374268055
8543,0.0021480026189237833
8544,0.0021476345136761665
8545,0.002147340215742588
8546,0.0021470205392688513
8547,0.002146584913134575
8548,0.002146109938621521
8549,0.0021458023693412542
8550,0.0021457138936966658
8551,0.0021451464854180813
8552,0.0021450468339025974
8553,0.002144784666597843
8554,0.0021447469480335712
8555,0.002144135069102049
8556,0.002143698977306485
8557,0.002143554389476776
8558,0.002143504796549678
8559,0.002142551587894559
8560,0.002142698969691992
8561,0.0021420291159301996
8562,0.0021415897645056248
8563,0.002141321310773492
8564,0.0021408237516880035
8565,0.0021400500554591417
8566,0.0021392398048192263
8567,0.0021386276930570602
8568,0.0021383140701800585
8569,0.0021378658711910248
8570,0.002137546893209219
8571,0.002137289149686694
8572,0.002136816270649433
8573,0.0021367562003433704
8574,0.0021361946128308773
8575,0.0021360772661864758
8576,0.002135600196197629
8577,0.002135193906724453
8578,0.002134293084964156
8579,0.0021337117068469524
8580,0.002133109839633107
8581,0.0021325629204511642
8582,0.0021316567435860634
8583,0.002131023909896612
8584,0.0021293789613991976
8585,0.0021285268012434244
8586,0.0021293724421411753
8587,0.002127575222402811
8588,0.002127337269484997
8589,0.002126685343682766
8590,0.002125778002664447
8591,0.002124318853020668
8592,0.002122612437233329
8593,0.002121404279023409
8594,0.002120713237673044
8595,0.002120276913046837
8596,0.002118875039741397
8597,0.0021180505864322186
8598,0.0021174964495003223
8599,0.002116875723004341
8600,0.0021162612829357386
8601,0.0021153183188289404
8602,0.002114747418090701
8603,0.0021133869886398315
8604,0.0021127371583133936
8605,0.0021120444871485233
8606,0.002111733891069889
8607,0.002111107110977173
8608,0.002110203029587865
8609,0.002110230503603816
8610,0.0021095634438097477
8611,0.0021089399233460426
8612,0.0021080097649246454
8613,0.002107617910951376
8614,0.00210631568916142
8615,0.00210465001873672
8616,0.0021035633981227875
8617,0.002103251637890935
8618,0.0021019703708589077
8619,0.002101802732795477
8620,0.0021009892225265503
8621,0.0021006171591579914
8622,0.0021005638409405947
8623,0.0020998469553887844
8624,0.002099645556882024
8625,0.0020985573064535856
8626,0.0020980401895940304
8627,0.002097239950671792
8628,0.002096955431625247
8629,0.0020964783616364002
8630,0.0020962164271622896
8631,0.002095798496156931
8632,0.0020952497143298388
8633,0.002094694646075368
8634,0.0020943614654242992
8635,0.0020930299069732428
8636,0.002092616865411401
8637,0.0020930077880620956
8638,0.002092509064823389
8639,0.0020918273366987705
8640,0.0020912857726216316
8641,0.002091263188049197
8642,0.002090554218739271
8643,0.0020901046227663755
8644,0.0020896706264466047
8645,0.0020896047353744507
8646,0.0020890391897410154
8647,0.002089187502861023
8648,0.0020881451200693846
8649,0.0020879313815385103
8650,0.002087551634758711
8651,0.0020867891144007444
8652,0.002086694585159421
8653,0.002085502725094557
8654,0.0020840747747570276
8655,0.002083640079945326
8656,0.00208298210054636
8657,0.0020825350657105446
8658,0.0020820130594074726
8659,0.002081484766677022
8660,0.002079963218420744
8661,0.00207946402952075
8662,0.0020791261922568083
8663,0.0020784286316484213
8664,0.0020779103506356478
8665,0.0020771666895598173
8666,0.0020766034722328186
8667,0.0020764183718711138
8668,0.002076404867693782
8669,0.0020750106777995825
8670,0.0020739762112498283
8671,0.00207351753488183
8672,0.0020728642120957375
8673,0.0020721761975437403
8674,0.002071820665150881
8675,0.0020718583837151527
8676,0.00207084440626204
8677,0.0020705542992800474
8678,0.002070374321192503
8679,0.0020696327555924654
8680,0.0020694131962955
8681,0.0020685314666479826
8682,0.0020683908369392157
8683,0.002067997120320797
8684,0.0020673677790910006
8685,0.0020686194766312838
8686,0.0020671042148023844
8687,0.0020668962970376015
8688,0.0020665903575718403
8689,0.002066303975880146
8690,0.0020658052526414394
8691,0.002065136330202222
8692,0.0020652147941291332
8693,0.002065051579847932
8694,0.002064982196316123
8695,0.0020645931363105774
8696,0.0020644699689000845
8697,0.00206407206133008
8698,0.0020632187370210886
8699,0.002063536550849676
8700,0.0020636841654777527
8701,0.002062633167952299
8702,0.0020621551666408777
8703,0.0020617954432964325
8704,0.0020617078989744186
8705,0.0020619940478354692
8706,0.0020613616798073053
8707,0.0020610883366316557
8708,0.002061087405309081
8709,0.0020612026564776897
8710,0.002060694620013237
8711,0.0020602382719516754
8712,0.0020599262788891792
8713,0.002059654565528035
8714,0.0020588135812431574
8715,0.0020581413991749287
8716,0.0020581164862960577
8717,0.002057623118162155
8718,0.0020574750378727913
8719,0.0020571008790284395
8720,0.002056867815554142
8721,0.0020568748004734516
8722,0.0020565143786370754
8723,0.002056016819551587
8724,0.002055869670584798
8725,0.00205551041290164
8726,0.00205537979491055
8727,0.002055480843409896
8728,0.002054935321211815
8729,0.002055240562185645
8730,0.00205490505322814
8731,0.002054292242974043
8732,0.0020539637189358473
8733,0.0020538982935249805
8734,0.002053151372820139
8735,0.0020529739558696747
8736,0.0020524237770587206
8737,0.0020518815144896507
8738,0.002051490591838956
8739,0.002050806302577257
8740,0.0020500863902270794
8741,0.002049802104011178
8742,0.002049875445663929
8743,0.00204950082115829
8744,0.002048721769824624
8745,0.0020485990680754185
8746,0.002047955524176359
8747,0.002046991838142276
8748,0.002046692417934537
8749,0.002045984845608473
8750,0.002045889152213931
8751,0.0020452130120247602
8752,0.0020449976436793804
8753,0.0020449720323085785
8754,0.0020442905370146036
8755,0.002043625107035041
8756,0.00204320065677166
8757,0.002042420208454132
8758,0.0020423431415110826
8759,0.002042382722720504
8760,0.002042138949036598
8761,0.0020415084436535835
8762,0.002040649764239788
8763,0.002040813909843564
8764,0.002042303094640374
8765,0.0020401710644364357
8766,0.0020401901565492153
8767,0.002039441606029868
8768,0.002039610408246517
8769,0.002038986189290881
8770,0.002038257895037532
8771,0.0020394660532474518
8772,0.0020370655693113804
8773,0.0020366741809993982
8774,0.0020366874523460865
8775,0.0020365642849355936
8776,0.0020358560141175985
8777,0.0020358609035611153
8778,0.0020350527483969927
8779,0.0020344252698123455
8780,0.002034083241596818
8781,0.0020337237510830164
8782,0.0020334331784397364
8783,0.002033256459981203
8784,0.002032664604485035
8785,0.0020319584291428328
8786,0.0020312026608735323
8787,0.002030421979725361
8788,0.002029519760981202
8789,0.002028551185503602
8790,0.0020276191644370556
8791,0.0020273723639547825
8792,0.0020267602521926165
8793,0.002025703899562359
8794,0.002024296671152115
8795,0.002023866167291999
8796,0.002023020526394248
8797,0.002022216562181711
8798,0.0020213297102600336
8799,0.002020163694396615
8800,0.002018886851146817
8801,0.0020178700797259808
8802,0.002016783691942692
8803,0.002015970181673765
8804,0.002015126869082451
8805,0.0020142330322414637
8806,0.002013644203543663
8807,0.002012395765632391
8808,0.002011469565331936
8809,0.0020107750315219164
8810,0.0020109268371015787
8811,0.002009827410802245
8812,0.0020094902720302343
8813,0.0020092574413865805
8814,0.002008824609220028
8815,0.00200894707813859
8816,0.0020081966649740934
8817,0.0020076849032193422
8818,0.0020078071393072605
8819,0.0020065652206540108
8820,0.002006358001381159
8821,0.0020054883789271116
8822,0.0020052220206707716
8823,0.0020046690478920937
8824,0.002004199894145131
8825,0.0020038969814777374
8826,0.00200329115614295
8827,0.0020030979067087173
8828,0.002002048771828413
8829,0.0020018010400235653
8830,0.002001273212954402
8831,0.002001033630222082
8832,0.0020004769321531057
8833,0.0020002725068479776
8834,0.0019994438625872135
8835,0.0019992892630398273
8836,0.001999007072299719
8837,0.0019992655143141747
8838,0.001998994965106249
8839,0.0019982994999736547
8840,0.0019979507196694613
8841,0.0019972578156739473
8842,0.001997032668441534
8843,0.00199619447812438
8844,0.0019959246274083853
8845,0.0019954578019678593
8846,0.0019953735172748566
8847,0.001994507620111108
8848,0.001994001679122448
8849,0.001993125304579735
8850,0.001991993747651577
8851,0.0019911148119717836
8852,0.0019905550871044397
8853,0.001989395823329687
8854,0.0019890100229531527
8855,0.0019883920904248953
8856,0.001988695003092289
8857,0.001987332943826914
8858,0.0019875119905918837
8859,0.0019863806664943695
8860,0.0019861420150846243
8861,0.0019855275750160217
8862,0.0019853338599205017
8863,0.0019851874094456434
8864,0.0019846067298203707
8865,0.0019844481721520424
8866,0.001983959460631013
8867,0.001983651192858815
8868,0.0019833906553685665
8869,0.001982980640605092
8870,0.001982153858989477
8871,0.0019820951856672764
8872,0.001981540583074093
8873,0.0019808579236268997
8874,0.0019806302152574062
8875,0.0019804839976131916
8876,0.0019793438259512186
8877,0.0019790949299931526
8878,0.0019787694327533245
8879,0.0019785056356340647
8880,0.001978158252313733
8881,0.00197787769138813
8882,0.0019781270530074835
8883,0.0019774490501731634
8884,0.001977271167561412
8885,0.001977205043658614
8886,0.0019772807136178017
8887,0.001976373605430126
8888,0.0019761528819799423
8889,0.001976335421204567
8890,0.0019753770902752876
8891,0.0019756027031689882
8892,0.0019755251705646515
8893,0.0019751067738980055
8894,0.0019748180638998747
8895,0.0019747638143599033
8896,0.0019739700946956873
8897,0.0019733679946511984
8898,0.0019730732310563326
8899,0.0019723738078027964
8900,0.0019725605379790068
8901,0.001971818972378969
8902,0.001971843419596553
8903,0.0019719356205314398
8904,0.0019711297936737537
8905,0.0019715509843081236
8906,0.0019710350316017866
8907,0.0019710178021341562
8908,0.0019699831027537584
8909,0.0019698943942785263
8910,0.001969892531633377
8911,0.0019685872830450535
8912,0.001968772616237402
8913,0.0019680995028465986
8914,0.001974171958863735
8915,0.0019673174247145653
8916,0.001967071322724223
8917,0.0019670703914016485
8918,0.0019669176544994116
8919,0.0019664030987769365
8920,0.0019660096149891615
8921,0.0019659907557070255
8922,0.0019654352217912674
8923,0.001965653384104371
8924,0.0019650065805763006
8925,0.0019653362687677145
8926,0.001964864321053028
8927,0.0019648412708193064
8928,0.001964365132153034
8929,0.0019640973769128323
8930,0.0019638407975435257
8931,0.0019635227508842945
8932,0.0019640219397842884
8933,0.0019631795585155487
8934,0.0019631420727819204
8935,0.0019623988773673773
8936,0.0019625970162451267
8937,0.0019622263498604298
8938,0.001962308306246996
8939,0.0019618170335888863
8940,0.0019611776806414127
8941,0.0019613108597695827
8942,0.001961006782948971
8943,0.001961131813004613
8944,0.001960697351023555
8945,0.00196085125207901
8946,0.0019602407701313496
8947,0.0019600980449467897
8948,0.001960247289389372
8949,0.001960009802132845
8950,0.001959684770554304
8951,0.0019595788326114416
8952,0.0019591927994042635
8953,0.0019585839472711086
8954,0.0019599588122218847
8955,0.0019581480883061886
8956,0.001957688247784972
8957,0.00195743003860116
8958,0.001957122003659606
8959,0.0019570626318454742
8960,0.0019563932437449694
8961,0.0019564407411962748
8962,0.001955657731741667
8963,0.0019555329345166683
8964,0.0019544335082173347
8965,0.0019534046296030283
8966,0.0019525934476405382
8967,0.0019511999562382698
8968,0.0019501448841765523
8969,0.0019498865585774183
8970,0.0019496617605909705
8971,0.0019490100676193833
8972,0.0019484985386952758
8973,0.0019479412585496902
8974,0.0019476896850392222
8975,0.0019472679123282433
8976,0.001947493408806622
8977,0.0019470315892249346
8978,0.0019464947981759906
8979,0.0019465169170871377
8980,0.0019457072485238314
8981,0.001945043564774096
8982,0.0019452441483736038
8983,0.0019445233047008514
8984,0.0019445782527327538
8985,0.0019440118921920657
8986,0.0019440409960225224
8987,0.0019438026938587427
8988,0.0019437860464677215
8989,0.0019433157285675406
8990,0.0019428450614213943
8991,0.0019422456389293075
8992,0.0019422505283728242
8993,0.0019416585564613342
8994,0.0019409669330343604
8995,0.0019405545899644494
8996,0.001940079964697361
8997,0.001939596957527101
8998,0.0019395961426198483
8999,0.0019384855404496193
9000,0.0019380099838599563
9001,0.0019377919379621744
9002,0.001937300432473421
9003,0.001937067718245089
9004,0.0019360082224011421
9005,0.001936085638590157
9006,0.0019359084544703364
9007,0.0019355990225449204
9008,0.0019352836534380913
9009,0.0019347064662724733
9010,0.0019341148436069489
9011,0.0019340355647727847
9012,0.0019329363713040948
9013,0.00193213380407542
9014,0.0019315725658088923
9015,0.0019319396233186126
9016,0.0019304908346384764
9017,0.0019299669656902552
9018,0.0019293288933113217
9019,0.0019289118936285377
9020,0.001928219455294311
9021,0.0019280507694929838
9022,0.0019273341167718172
9023,0.0019265713635832071
9024,0.001926587661728263
9025,0.0019261457491666079
9026,0.0019254994112998247
9027,0.001925134565681219
9028,0.001925193821080029
9029,0.001924514421261847
9030,0.001924550742842257
9031,0.0019242316484451294
9032,0.001923957490362227
9033,0.0019234498031437397
9034,0.0019225733121857047
9035,0.0019224649295210838
9036,0.001921577611938119
9037,0.0019211422186344862
9038,0.0019209529273211956
9039,0.0019207228906452656
9040,0.0019206209108233452
9041,0.001920703100040555
9042,0.0019204479176551104
9043,0.001919889822602272
9044,0.0019195928471162915
9045,0.0019191659521311522
9046,0.0019189383601769805
9047,0.0019185184501111507
9048,0.001917953952215612
9049,0.0019180939998477697
9050,0.0019173778127878904
9051,0.0019170291488990188
9052,0.001916326116770506
9053,0.0019154540495947003
9054,0.0019152590539306402
9055,0.0019145600963383913
9056,0.0019147178390994668
9057,0.0019141712691634893
9058,0.0019131327280774713
9059,0.001913577551022172
9060,0.0019119648495689034
9061,0.0019131067674607038
9062,0.0019117343472316861
9063,0.0019121363293379545
9064,0.0019117204938083887
9065,0.0019118902273476124
9066,0.0019113869639113545
9067,0.0019106286345049739
9068,0.0019105126848444343
9069,0.0019098296761512756
9070,0.0019095513271167874
9071,0.0019089520210400224
9072,0.0019079860066995025
9073,0.0019070280250161886
9074,0.0019065395463258028
9075,0.0019062503706663847
9076,0.0019060306949540973
9077,0.0019058323232457042
9078,0.0019055024022236466
9079,0.0019049907568842173
9080,0.0019050980918109417
9081,0.0019049583934247494
9082,0.001904522767290473
9083,0.0019043866777792573
9084,0.001904545002616942
9085,0.0019039926119148731
9086,0.0019034392898902297
9087,0.001903071766719222
9088,0.001902569318190217
9089,0.0019020227482542396
9090,0.0019018619786947966
9091,0.0019013815326616168
9092,0.0019014960853382945
9093,0.0019011027179658413
9094,0.0019011131953448057
9095,0.0019025570945814252
9096,0.001900511677376926
9097,0.0019009901443496346
9098,0.0019006666261702776
9099,0.001900379778817296
9100,0.0019004687201231718
9101,0.0019003002671524882
9102,0.0018995548598468304
9103,0.0018998205196112394
9104,0.0018997546285390854
9105,0.0018991800025105476
9106,0.0018991720862686634
9107,0.00189900619443506
9108,0.0018986978102475405
9109,0.0018982808105647564
9110,0.0018982570618391037
9111,0.001897921902127564
9112,0.0018969351658597589
9113,0.0018966883653774858
9114,0.0018963584443554282
9115,0.0018958478467538953
9116,0.001896201865747571
9117,0.001895880326628685
9118,0.0018956460990011692
9119,0.0018954022089019418
9120,0.001895032124593854
9121,0.001894994406029582
9122,0.0018941550515592098
9123,0.0018936865963041782
9124,0.0018936714623123407
9125,0.001893547479994595
9126,0.0018930855439975858
9127,0.0018929614452645183
9128,0.0018926173215731978
9129,0.0018924768082797527
9130,0.0018922424642369151
9131,0.0018922389717772603
9132,0.0018920439761132002
9133,0.0018917162669822574
9134,0.0018913508392870426
9135,0.0018913478124886751
9136,0.001891101710498333
9137,0.0018904571188613772
9138,0.0018902681767940521
9139,0.0018904797034338117
9140,0.0018905295291915536
9141,0.0018899216083809733
9142,0.0018900802824646235
9143,0.0018896092660725117
9144,0.001889519509859383
9145,0.0018888665363192558
9146,0.0018883415032178164
9147,0.0018882014555856586
9148,0.001887601101770997
9149,0.0018874385859817266
9150,0.001887015299871564
9151,0.0018868910847231746
9152,0.0018883314915001392
9153,0.0018860180862247944
9154,0.0018856771057471633
9155,0.0018851298373192549
9156,0.0018849133048206568
9157,0.0018846599850803614
9158,0.0018848365871235728
9159,0.0018844332080334425
9160,0.0018846632447093725
9161,0.0018839930417016149
9162,0.0018837159732356668
9163,0.0018833723152056336
9164,0.0018831663765013218
9165,0.0018826060695573688
9166,0.0018825773149728775
9167,0.0018821629928424954
9168,0.0018815710209310055
9169,0.0018814175855368376
9170,0.001880380790680647
9171,0.0018803850980475545
9172,0.0018797264201566577
9173,0.0018792462069541216
9174,0.001878606854006648
9175,0.0018781423568725586
9176,0.0018777261720970273
9177,0.0018781409598886967
9178,0.0018775828648358583
9179,0.0018776825163513422
9180,0.001877025468274951
9181,0.0018767821602523327
9182,0.0018764535197988153
9183,0.0018765665590763092
9184,0.0018764171982184052
9185,0.001876189257018268
9186,0.0018751590978354216
9187,0.0018755022902041674
9188,0.0018752214964479208
9189,0.0018743451219052076
9190,0.0018744878470897675
9191,0.0018739469815045595
9192,0.0018740292871370912
9193,0.001873424043878913
9194,0.001873133354820311
9195,0.0018725187983363867
9196,0.0018728171708062291
9197,0.0018721568631008267
9198,0.0018721518572419882
9199,0.0018718134379014373
9200,0.0018719104118645191
9201,0.0018714112229645252
9202,0.0018708667485043406
9203,0.0018708164570853114
9204,0.0018699992215260863
9205,0.0018699679058045149
9206,0.001869529951363802
9207,0.001869327505119145
9208,0.0018692893208935857
9209,0.0018692177254706621
9210,0.001868625869974494
9211,0.0018683080561459064
9212,0.0018682770896703005
9213,0.0018678626511245966
9214,0.0018670798745006323
9215,0.0018671108409762383
9216,0.0018665625248104334
9217,0.0018665639217942953
9218,0.0018659243360161781
9219,0.0018656160682439804
9220,0.0018645140808075666
9221,0.0018644657684490085
9222,0.0018641105853021145
9223,0.0018639409681782126
9224,0.0018633714644238353
9225,0.0018631062703207135
9226,0.0018632494611665606
9227,0.001862613600678742
9228,0.001862000091932714
9229,0.0018618199974298477
9230,0.001861307304352522
9231,0.001861543394625187
9232,0.001861070515587926
9233,0.001860558521002531
9234,0.001860267948359251
9235,0.0018625766970217228
9236,0.00185939681250602
9237,0.001859675394371152
9238,0.001859043724834919
9239,0.001859099487774074
9240,0.0018587446538731456
9241,0.0018582151969894767
9242,0.0018577040173113346
9243,0.0018570933025330305
9244,0.0018570468528196216
9245,0.0018568556988611817
9246,0.0018567333463579416
9247,0.0018562044715508819
9248,0.001856445800513029
9249,0.0018556761788204312
9250,0.001855743583291769
9251,0.00185529631562531
9252,0.0018551342654973269
9253,0.0018548265798017383
9254,0.0018544819904491305
9255,0.0018545513739809394
9256,0.0018543591722846031
9257,0.0018545105122029781
9258,0.0018541598692536354
9259,0.0018538269214332104
9260,0.0018533654510974884
9261,0.001853547291830182
9262,0.0018530550878494978
9263,0.0018525441410019994
9264,0.0018524745246395469
9265,0.0018523985054343939
9266,0.001852424000389874
9267,0.0018521209713071585
9268,0.0018521533347666264
9269,0.001851627486757934
9270,0.001850706641562283
9271,0.0018505508778616786
9272,0.0018498990684747696
9273,0.0018496098928153515
9274,0.0018491478404030204
9275,0.0018484930042177439
9276,0.0018480569124221802
9277,0.0018475420074537396
9278,0.0018471097573637962
9279,0.0018472528317943215
9280,0.00184713676571846
9281,0.0018467658665031195
9282,0.0018460998544469476
9283,0.0018454588716849685
9284,0.0018447705078870058
9285,0.0018448191694915295
9286,0.0018444812158122659
9287,0.0018445577006787062
9288,0.0018440316198393703
9289,0.001843865611590445
9290,0.0018436404643580317
9291,0.0018434608355164528
9292,0.0018430199706926942
9293,0.0018429788760840893
9294,0.0018424937734380364
9295,0.0018426335882395506
9296,0.0018420929554849863
9297,0.001842228346504271
9298,0.0018422005232423544
9299,0.0018419704865664244
9300,0.0018418552353978157
9301,0.0018412703648209572
9302,0.0018414283404126763
9303,0.001841021585278213
9304,0.0018406107556074858
9305,0.0018400828121230006
9306,0.0018400819972157478
9307,0.0018396027153357863
9308,0.0018389357719570398
9309,0.0018380823312327266
9310,0.0018384719733148813
9311,0.0018379534594714642
9312,0.001837595016695559
9313,0.0018373852362856269
9314,0.0018369865138083696
9315,0.0018365351716056466
9316,0.001836322946473956
9317,0.0018353090854361653
9318,0.001835901872254908
9319,0.001835320726968348
9320,0.0018350370228290558
9321,0.0018351743929088116
9322,0.0018345783464610577
9323,0.0018347218865528703
9324,0.001834554597735405
9325,0.0018341600662097335
9326,0.0018338209483772516
9327,0.001834128750488162
9328,0.0018340585520491004
9329,0.0018334954511374235
9330,0.0018333879997953773
9331,0.0018331438768655062
9332,0.0018332216423004866
9333,0.0018324297852814198
9334,0.0018321224488317966
9335,0.00183157529681921
9336,0.0018319274531677365
9337,0.0018314813496544957
9338,0.0018314734334126115
9339,0.0018308862345293164
9340,0.0018308628350496292
9341,0.0018306333804503083
9342,0.0018305886769667268
9343,0.0018301638774573803
9344,0.0018300218507647514
9345,0.001829246524721384
9346,0.0018291473388671875
9347,0.001828596112318337
9348,0.001829199492931366
9349,0.0018279271898791194
9350,0.0018281838856637478
9351,0.0018279912183061242
9352,0.0018279579235240817
9353,0.001827711472287774
9354,0.0018274943577125669
9355,0.001827102154493332
9356,0.0018268754938617349
9357,0.0018265021499246359
9358,0.0018261080840602517
9359,0.0018261102959513664
9360,0.0018256364855915308
9361,0.0018249861896038055
9362,0.0018254148308187723
9363,0.0018246574327349663
9364,0.0018247072584927082
9365,0.0018239570781588554
9366,0.0018239367054775357
9367,0.001823190483264625
9368,0.00182347500231117
9369,0.0018228823319077492
9370,0.0018223709193989635
9371,0.0018222637008875608
9372,0.0018221251666545868
9373,0.001822028891183436
9374,0.0018213293515145779
9375,0.0018218072364106774
9376,0.0018212423892691731
9377,0.0018205848755314946
9378,0.0018202712526544929
9379,0.0018196299206465483
9380,0.0018196445889770985
9381,0.0018196413293480873
9382,0.0018188466783612967
9383,0.0018182909116148949
9384,0.0018183650681748986
9385,0.0018178814789280295
9386,0.0018174400320276618
9387,0.00181796052493155
9388,0.0018170597031712532
9389,0.0018168777460232377
9390,0.0018163869390264153
9391,0.0018162125488743186
9392,0.0018160821637138724
9393,0.0018150103278458118
9394,0.001815187861211598
9395,0.0018146077636629343
9396,0.0018146925140172243
9397,0.0018144650384783745
9398,0.001814350951462984
9399,0.0018141502514481544
9400,0.0018136560684069991
9401,0.0018135979771614075
9402,0.0018131268443539739
9403,0.0018127653747797012
9404,0.0018129717791453004
9405,0.001812793081626296
9406,0.0018127080984413624
9407,0.0018127744551748037
9408,0.0018124637426808476
9409,0.0018119995947927237
9410,0.0018120319582521915
9411,0.001812051166780293
9412,0.001812077360227704
9413,0.001811870140954852
9414,0.0018113447586074471
9415,0.0018112558173015714
9416,0.001811008551158011
9417,0.0018109303200617433
9418,0.0018107346259057522
9419,0.0018100559245795012
9420,0.0018100476590916514
9421,0.001809934270568192
9422,0.0018097256543114781
9423,0.001809542765840888
9424,0.0018092768732458353
9425,0.0018090627854689956
9426,0.0018085952615365386
9427,0.001807793159969151
9428,0.0018071284284815192
9429,0.0018068684730678797
9430,0.0018063248135149479
9431,0.0018056308617815375
9432,0.0018055493710562587
9433,0.0018056344706565142
9434,0.0018051471561193466
9435,0.0018048208439722657
9436,0.0018045046599581838
9437,0.0018038505222648382
9438,0.0018035360844805837
9439,0.0018031838117167354
9440,0.0018025740282610059
9441,0.0018022144213318825
9442,0.0018022297881543636
9443,0.001802197308279574
9444,0.0018019076669588685
9445,0.0018015506211668253
9446,0.0018010176718235016
9447,0.0018009309424087405
9448,0.0018011603970080614
9449,0.0017998887924477458
9450,0.0017995114903897047
9451,0.0017994478112086654
9452,0.0017993433866649866
9453,0.0017991195200011134
9454,0.001798510435037315
9455,0.001797952689230442
9456,0.0017979965778067708
9457,0.0017976929666474462
9458,0.0017970951739698648
9459,0.0017973725916817784
9460,0.0017968317260965705
9461,0.0017959423130378127
9462,0.0017962106503546238
9463,0.0017961745616048574
9464,0.0017956284573301673
9465,0.0017953196074813604
9466,0.0017953848000615835
9467,0.0017946047009900212
9468,0.001794386305846274
9469,0.001793715520761907
9470,0.0017936876974999905
9471,0.0017932684859260917
9472,0.0017926101572811604
9473,0.0017929411260411143
9474,0.0017922120168805122
9475,0.0017917414661496878
9476,0.0017915836069732904
9477,0.0017911740578711033
9478,0.0017912673065438867
9479,0.0017906862776726484
9480,0.0017904317937791348
9481,0.0017896720673888922
9482,0.0017889095470309258
9483,0.0017894272459670901
9484,0.0017884502885863185
9485,0.0017881306121125817
9486,0.0017879375955089927
9487,0.001787421409972012
9488,0.001786943175829947
9489,0.0017863697139546275
9490,0.001785817090421915
9491,0.0017850201111286879
9492,0.0017849430441856384
9493,0.0017845021793618798
9494,0.0017839716747403145
9495,0.0017838748171925545
9496,0.0017834921600297093
9497,0.0017828968120738864
9498,0.0017824703827500343
9499,0.0017820920329540968
9500,0.0017810834106057882
9501,0.001781386323273182
9502,0.0017811115831136703
9503,0.0017807483673095703
9504,0.0017804410308599472
9505,0.0017796835163608193
9506,0.0017793896840885282
9507,0.0017791766440495849
9508,0.0017788114491850138
9509,0.001778560457751155
9510,0.001778599456883967
9511,0.001777959056198597
9512,0.0017779160989448428
9513,0.001777180004864931
9514,0.0017770958365872502
9515,0.0017792652361094952
9516,0.0017767769750207663
9517,0.00177640316542238
9518,0.001776364748366177
9519,0.0017760653281584382
9520,0.0017758351750671864
9521,0.0017757208552211523
9522,0.0017752627609297633
9523,0.0017750393599271774
9524,0.0017747399397194386
9525,0.0017741334158927202
9526,0.001774187316186726
9527,0.0017735169967636466
9528,0.0017729823011904955
9529,0.001772501738741994
9530,0.0017718931194394827
9531,0.0017714441055431962
9532,0.0017712737899273634
9533,0.0017708679661154747
9534,0.0017705908976495266
9535,0.0017702707555145025
9536,0.0017699883319437504
9537,0.0017697311704978347
9538,0.001769408700056374
9539,0.001768830232322216
9540,0.0017689889064058661
9541,0.001768031856045127
9542,0.00176705582998693
9543,0.0017664749175310135
9544,0.001767075271345675
9545,0.0017659708391875029
9546,0.0017651894595474005
9547,0.001765032415278256
9548,0.0017644315958023071
9549,0.0017641049344092607
9550,0.0017637555720284581
9551,0.0017628270434215665
9552,0.0017627808265388012
9553,0.0017619775608181953
9554,0.001761638792231679
9555,0.0017611588118597865
9556,0.0017605501925572753
9557,0.0017605602042749524
9558,0.0017604221357032657
9559,0.001760028419084847
9560,0.0017597329569980502
9561,0.0017593626398593187
9562,0.0017588365590199828
9563,0.001757980789989233
9564,0.0017577861435711384
9565,0.0017573465593159199
9566,0.0017566662281751633
9567,0.0017562925349920988
9568,0.0017560479464009404
9569,0.0017555090598762035
9570,0.001763698528520763
9571,0.001755441538989544
9572,0.0017548797186464071
9573,0.0017546550370752811
9574,0.0017543447902426124
9575,0.001754140481352806
9576,0.001753688440658152
9577,0.0017532563069835305
9578,0.0017524582799524069
9579,0.0017522405833005905
9580,0.0017517547821626067
9581,0.0017514429055154324
9582,0.0017510077450424433
9583,0.0017506862059235573
9584,0.0017503356793895364
9585,0.0017498040106147528
9586,0.001749501097947359
9587,0.0017496341606602073
9588,0.0017494127387180924
9589,0.0017491357866674662
9590,0.0017487863078713417
9591,0.0017481902614235878
9592,0.0017481555696576834
9593,0.0017478258814662695
9594,0.0017472435720264912
9595,0.0017468933947384357
9596,0.0017465025885030627
9597,0.0017468348378315568
9598,0.001746307942084968
9599,0.001745758461765945
9600,0.0017454182961955667
9601,0.0017451670719310641
9602,0.00174501643050462
9603,0.0017442596144974232
9604,0.0017441081581637263
9605,0.001743601867929101
9606,0.0017432763706892729
9607,0.001742584048770368
9608,0.0017421029042452574
9609,0.0017418183851987123
9610,0.0017418578499928117
9611,0.0017413801979273558
9612,0.0017411671578884125
9613,0.0017406173283234239
9614,0.0017403055680915713
9615,0.0017392162699252367
9616,0.001739110448397696
9617,0.0017387564294040203
9618,0.0017385955434292555
9619,0.0017378658521920443
9620,0.0017378557240590453
9621,0.00173755525611341
9622,0.0017375194001942873
9623,0.0017368016997352242
9624,0.001736343838274479
9625,0.0017359766643494368
9626,0.0017356944736093283
9627,0.0017356239259243011
9628,0.0017353191506117582
9629,0.0017352516297250986
9630,0.0017344801453873515
9631,0.0017339496407657862
9632,0.0017334481235593557
9633,0.0017331899143755436
9634,0.001733581069856882
9635,0.0017317336751148105
9636,0.0017313846619799733
9637,0.0017314685974270105
9638,0.001730948337353766
9639,0.0017309471732005477
9640,0.001730677904561162
9641,0.001729616429656744
9642,0.001730412244796753
9643,0.0017291076947003603
9644,0.0017287865048274398
9645,0.0017290208488702774
9646,0.0017287954688072205
9647,0.0017285053618252277
9648,0.0017286153743043542
9649,0.0017283380730077624
9650,0.0017278162995353341
9651,0.0017275934806093574
9652,0.001727700000628829
9653,0.0017272598342970014
9654,0.0017273678677156568
9655,0.0017268399242311716
9656,0.0017266049981117249
9657,0.0017257367726415396
9658,0.0017253063851967454
9659,0.001725381356664002
9660,0.00172513909637928
9661,0.0017247287323698401
9662,0.0017245197668671608
9663,0.0017246109200641513
9664,0.0017241593450307846
9665,0.0017239309381693602
9666,0.0017242083558812737
9667,0.001724384375847876
9668,0.00172394048422575
9669,0.0017238726140931249
9670,0.0017239688895642757
9671,0.001723783672787249
9672,0.0017234486294910312
9673,0.0017230482771992683
9674,0.001722819753922522
9675,0.0017223639879375696
9676,0.0017220182344317436
9677,0.0017212822567671537
9678,0.0017210792284458876
9679,0.0017207530327141285
9680,0.0017206196207553148
9681,0.001720351167023182
9682,0.0017199121648445725
9683,0.0017200128640979528
9684,0.001719665713608265
9685,0.0017196133267134428
9686,0.0017198135610669851
9687,0.0017191296210512519
9688,0.0017189059872180223
9689,0.0017183392774313688
9690,0.0017179175047203898
9691,0.0017179588321596384
9692,0.001717591192573309
9693,0.0017172656953334808
9694,0.0017168053891509771
9695,0.0017168719787150621
9696,0.00171622761990875
9697,0.0017162394942715764
9698,0.0017167384503409266
9699,0.0017159640556201339
9700,0.0017158586997538805
9701,0.0017153617227450013
9702,0.0017153862863779068
9703,0.001714669750072062
9704,0.0017148538026958704
9705,0.001714208978228271
9706,0.0017141449498012662
9707,0.0017140255076810718
9708,0.0017134530935436487
9709,0.0017132501816377044
9710,0.0017130599590018392
9711,0.0017127026803791523
9712,0.001712480210699141
9713,0.0017118148971349
9714,0.0017115701921284199
9715,0.0017109219916164875
9716,0.0017105031292885542
9717,0.0017101800767704844
9718,0.001709909294731915
9719,0.0017098912503570318
9720,0.0017100104596465826
9721,0.0017091345507651567
9722,0.0017093298956751823
9723,0.001709161908365786
9724,0.0017093643546104431
9725,0.0017090095207095146
9726,0.0017083738930523396
9727,0.0017086484003812075
9728,0.0017086139414459467
9729,0.001708024530671537
9730,0.0017075968207791448
9731,0.0017074496718123555
9732,0.001707314164377749
9733,0.001706581562757492
9734,0.0017061366233974695
9735,0.0017058833036571741
9736,0.0017057321965694427
9737,0.0017051331233233213
9738,0.0017043831758201122
9739,0.0017041810788214207
9740,0.001703667570836842
9741,0.0017030715243890882
9742,0.0017031641909852624
9743,0.001703354762867093
9744,0.0017026608111336827
9745,0.001702080830000341
9746,0.0017016620840877295
9747,0.0017015518387779593
9748,0.0017010841984301805
9749,0.00170125684235245
9750,0.001700370805338025
9751,0.0017002932727336884
9752,0.0016994635807350278
9753,0.001699543441645801
9754,0.0016986968694254756
9755,0.0016987904673442245
9756,0.0016985622933134437
9757,0.0016984358662739396
9758,0.001698409439995885
9759,0.0016980846412479877
9760,0.0016981083899736404
9761,0.0016976757906377316
9762,0.0016975314356386662
9763,0.0016967336414381862
9764,0.0016962363151833415
9765,0.001695927232503891
9766,0.0016956948675215244
9767,0.0016951562138274312
9768,0.001694783684797585
9769,0.0016944216331467032
9770,0.0016943014925345778
9771,0.0016935960156843066
9772,0.001693648169748485
9773,0.00169327761977911
9774,0.0016924855299293995
9775,0.001691831392236054
9776,0.0016920312773436308
9777,0.0016913135768845677
9778,0.0016909161349758506
9779,0.0016903241630643606
9780,0.001689979457296431
9781,0.001689527533017099
9782,0.0016875909641385078
9783,0.0016869527753442526
9784,0.001686400850303471
9785,0.0016865173820406199
9786,0.0016862518386915326
9787,0.001686284551396966
9788,0.0016858099261298776
9789,0.0016852401895448565
9790,0.0016850224928930402
9791,0.0016853013075888157
9792,0.0016845391364768147
9793,0.0016838213196024299
9794,0.0016837312141433358
9795,0.0016845634672790766
9796,0.0016832263208925724
9797,0.001683186856098473
9798,0.001682605710811913
9799,0.0016823570476844907
9800,0.0016815799754112959
9801,0.0016826483188197017
9802,0.001681759487837553
9803,0.0016813037218526006
9804,0.0016811760142445564
9805,0.0016808070940896869
9806,0.0016805431805551052
9807,0.0016798160504549742
9808,0.0016794558614492416
9809,0.0016794122057035565
9810,0.0016789385117590427
9811,0.0016789756482467055
9812,0.0016789906658232212
9813,0.0016787247732281685
9814,0.0016784498002380133
9815,0.0016782162711024284
9816,0.0016776592237874866
9817,0.0016777084674686193
9818,0.0016774502582848072
9819,0.0016773754032328725
9820,0.0016767032211646438
9821,0.0016762369778007269
9822,0.0016761714359745383
9823,0.0016756841214373708
9824,0.0016749652568250895
9825,0.0016749262576922774
9826,0.0016749290516600013
9827,0.0016744943568482995
9828,0.0016742044826969504
9829,0.0016736602410674095
9830,0.0016729955095797777
9831,0.0016726619796827435
9832,0.001671099802479148
9833,0.0016709334449842572
9834,0.0016697361133992672
9835,0.001668922253884375
9836,0.0016689024632796645
9837,0.0016688751056790352
9838,0.0016685116570442915
9839,0.0016681052511557937
9840,0.0016681647393852472
9841,0.0016679021064192057
9842,0.0016678462270647287
9843,0.0016673956997692585
9844,0.001667226548306644
9845,0.0016668379539623857
9846,0.0016664601862430573
9847,0.0016659860266372561
9848,0.0016660947585478425
9849,0.0016655904473736882
9850,0.0016650150064378977
9851,0.0016649753088131547
9852,0.0016646840376779437
9853,0.0016640842659398913
9854,0.0016642698319628835
9855,0.0016634684288874269
9856,0.001663667499087751
9857,0.001662945025600493
9858,0.001662646303884685
9859,0.0016629141755402088
9860,0.0016628142911940813
9861,0.001661957474425435
9862,0.001662289840169251
9863,0.0016623894916847348
9864,0.001662116963416338
9865,0.0016620276728644967
9866,0.0016615167260169983
9867,0.0016611177707090974
9868,0.0016608547884970903
9869,0.0016605798155069351
9870,0.0016601476818323135
9871,0.001660229405388236
9872,0.0016596503555774689
9873,0.001659210305660963
9874,0.0016587396385148168
9875,0.0016588777070865035
9876,0.0016585743287578225
9877,0.0016584490658715367
9878,0.0016581082018092275
9879,0.0016577456844970584
9880,0.0016572494059801102
9881,0.00165756163187325
9882,0.001656924607232213
9883,0.0016570265870541334
9884,0.001656228443607688
9885,0.0016559390351176262
9886,0.0016557073686271906
9887,0.0016555329784750938
9888,0.001654766034334898
9889,0.0016544528771191835
9890,0.0016543397214263678
9891,0.0016538535710424185
9892,0.0016534840688109398
9893,0.00165315973572433
9894,0.0016527624102309346
9895,0.0016522274818271399
9896,0.0016517584444954991
9897,0.0016510451678186655
9898,0.0016511962749063969
9899,0.001650131423957646
9900,0.0016507167601957917
9901,0.00165021070279181
9902,0.0016496209427714348
9903,0.0016490372363477945
9904,0.00164861383382231
9905,0.0016487910179421306
9906,0.001648524310439825
9907,0.001648067613132298
9908,0.0016481730854138732
9909,0.0016481890343129635
9910,0.0016478057950735092
9911,0.0016475782031193376
9912,0.001647296012379229
9913,0.0016472538700327277
9914,0.001647530822083354
9915,0.0016470483969897032
9916,0.0016466595698148012
9917,0.0016465894877910614
9918,0.0016466823872178793
9919,0.0016459699254482985
9920,0.0016456316225230694
9921,0.0016459099715575576
9922,0.0016455752775073051
9923,0.001645674230530858
9924,0.0016450720140710473
9925,0.0016450105467811227
9926,0.0016447248635813594
9927,0.00164474465418607
9928,0.0016442588530480862
9929,0.0016442423220723867
9930,0.0016440083272755146
9931,0.0016435476718470454
9932,0.0016431044787168503
9933,0.0016426215879619122
9934,0.0016426751390099525
9935,0.0016421934124082327
9936,0.0016419838648289442
9937,0.0016414893325418234
9938,0.0016406300710514188
9939,0.00164115393999964
9940,0.0016410646494477987
9941,0.001640872098505497
9942,0.001640739617869258
9943,0.0016400279710069299
9944,0.0016401344910264015
9945,0.0016400846652686596
9946,0.0016395491547882557
9947,0.0016396119026467204
9948,0.0016392696416005492
9949,0.001638763234950602
9950,0.001638564164750278
9951,0.001638124929741025
9952,0.0016379503067582846
9953,0.0016378375003114343
9954,0.001637160312384367
9955,0.0016371855745092034
9956,0.00163684890139848
9957,0.0016363515751436353
9958,0.001635839231312275
9959,0.0016353230457752943
9960,0.0016349925426766276
9961,0.001634716521948576
9962,0.0016345216426998377
9963,0.001634135376662016
9964,0.0016338067362084985
9965,0.0016339896246790886
9966,0.0016333675011992455
9967,0.0016333444509655237
9968,0.0016330225626006722
9969,0.0016323041636496782
9970,0.0016318188281729817
9971,0.0016318403650075197
9972,0.001631248160265386
9973,0.0016312457155436277
9974,0.001631459454074502
9975,0.001631246181204915
9976,0.0016307095065712929
9977,0.0016307334881275892
9978,0.0016300699207931757
9979,0.0016301291761919856
9980,0.0016302376752719283
9981,0.0016298091504722834
9982,0.0016293798107653856
9983,0.0016295408131554723
9984,0.001629119855351746
9985,0.0016286572208628058
9986,0.0016282642027363181
9987,0.0016279211267828941
9988,0.0016269959742203355
9989,0.0016272207722067833
9990,0.001626655925065279
9991,0.0016265014419332147
9992,0.0016261707060039043
9993,0.0016258324030786753
9994,0.0016257609240710735
9995,0.0016253521898761392
9996,0.0016250541666522622
9997,0.0016249221516773105
9998,0.0016287799226120114
9999,0.0016238486859947443
10000,0.0016238486859947443
