epoch,total_loss,mse_0,mse_f
0,2285.6064453125,0.21469824016094208,2285.19873046875
1,1803.166015625,0.12470295280218124,1802.94873046875
2,1185.6759033203125,0.13101297616958618,1185.379150390625
3,226.92269897460938,0.15638794004917145,226.60543823242188
4,39.30678939819336,0.18395358324050903,38.97654724121094
5,193.34750366210938,0.20902244746685028,193.00369262695312
6,259.71319580078125,0.23297637701034546,259.3453063964844
7,171.3240203857422,0.25779569149017334,170.91188049316406
8,53.14446258544922,0.28521108627319336,52.662261962890625
9,6.892136573791504,0.3149580657482147,6.317258358001709
10,51.302040100097656,0.3435939848423004,50.628936767578125
11,122.33684539794922,0.3650563657283783,121.58840942382812
12,141.94383239746094,0.37533900141716003,141.16256713867188
13,103.13968658447266,0.3754907250404358,102.36578369140625
14,48.91614532470703,0.36928313970565796,48.175418853759766
15,13.03740119934082,0.36052438616752625,12.34111499786377
16,1.6544036865234375,0.35188284516334534,1.0035722255706787
17,5.972384452819824,0.34479638934135437,5.362154006958008
18,15.817052841186523,0.33982864022254944,15.239946365356445
19,24.62831687927246,0.33704641461372375,24.076255798339844
20,29.43639373779297,0.33631330728530884,28.901649475097656
21,29.79572868347168,0.3373658061027527,29.271484375
22,26.631324768066406,0.33990758657455444,26.111841201782227
23,21.397735595703125,0.3436475396156311,20.878345489501953
24,15.529412269592285,0.348317414522171,15.006452560424805
25,10.142328262329102,0.35367774963378906,9.613049507141113
26,5.928723335266113,0.3595181107521057,5.391200542449951
27,3.1768484115600586,0.36565330624580383,2.6299026012420654
28,1.8538529872894287,0.3719196915626526,1.2969800233840942
29,1.7086536884307861,0.37817275524139404,1.1419538259506226
30,2.3733668327331543,0.3842923939228058,1.7974492311477661
31,3.452418804168701,0.3901831805706024,2.8682992458343506
32,4.574727535247803,0.39574965834617615,3.9838061332702637
33,5.4550580978393555,0.40093299746513367,4.858956813812256
34,5.923403739929199,0.4057084619998932,5.323821544647217
35,5.927750587463379,0.4100821614265442,5.326331615447998
36,5.515475273132324,0.41408801078796387,4.913695812225342
37,4.800327777862549,0.4177817404270172,4.199410915374756
38,3.924964666366577,0.42123404145240784,3.325828790664673
39,3.028010606765747,0.42452314496040344,2.431250810623169
40,2.2211217880249023,0.4277278184890747,1.6270185708999634
41,1.5776965618133545,0.43092185258865356,0.9862449169158936
42,1.1315641403198242,0.4341706335544586,0.5425150990486145
43,0.8825112581253052,0.4375287592411041,0.2954194247722626
44,0.8052710890769958,0.4410402178764343,0.21953929960727692
45,0.8596397638320923,0.4447389245033264,0.2745630443096161
46,1.0001115798950195,0.4486353099346161,0.41494929790496826
47,1.1822164058685303,0.4527265131473541,0.5962295532226562
48,1.364357352256775,0.457038551568985,0.7767407298088074
49,1.5151774883270264,0.46157243847846985,0.9251349568367004
50,1.614465355873108,0.46632224321365356,1.0212328433990479
51,1.6531656980514526,0.4712775945663452,1.056026577949524
52,1.6320865154266357,0.47642502188682556,1.0303832292556763
53,1.5597513914108276,0.4817487299442291,0.9528940916061401
54,1.4498977661132812,0.4872320592403412,0.8373697996139526
55,1.3188344240188599,0.49285686016082764,0.7001975178718567
56,1.182958960533142,0.4986046552658081,0.557856023311615
57,1.0567049980163574,0.5044568181037903,0.4248611629009247
58,0.9510931968688965,0.5103952288627625,0.3123144805431366
59,0.8729524612426758,0.5164026618003845,0.22712264955043793
60,0.8247776031494141,0.5224636197090149,0.17185212671756744
61,0.8051422834396362,0.5285657048225403,0.14513815939426422
62,0.8095827102661133,0.534703254699707,0.1425580233335495
63,0.8318657279014587,0.5408715009689331,0.15791083872318268
64,0.8650833368301392,0.5470543503761292,0.1843397617340088
65,0.9015536904335022,0.5532345175743103,0.2142236828804016
66,0.934664249420166,0.559411883354187,0.24096092581748962
67,0.9595880508422852,0.5655876994132996,0.25972431898117065
68,0.9736171364784241,0.571765124797821,0.2677956819534302
69,0.9761356711387634,0.5779480934143066,0.26454174518585205
70,0.9682725071907043,0.5841410160064697,0.25106871128082275
71,0.9524767398834229,0.5903494954109192,0.22979718446731567
72,0.9319895505905151,0.5965807437896729,0.20393362641334534
73,0.9102412462234497,0.6028417944908142,0.17687170207500458
74,0.8903277516365051,0.6091405153274536,0.151668980717659
75,0.8746277093887329,0.6154842972755432,0.13066649436950684
76,0.8645886182785034,0.6218799352645874,0.11527641117572784
77,0.8606889247894287,0.6283345222473145,0.10594357550144196
78,0.8625472784042358,0.6348551511764526,0.102255679666996
79,0.8691670894622803,0.641448438167572,0.10319163650274277
80,0.8792491555213928,0.6481086611747742,0.10745495557785034
81,0.8913027048110962,0.6548193097114563,0.11357709765434265
82,0.9036821126937866,0.6615853905677795,0.11989079415798187
83,0.9150031208992004,0.6684132814407349,0.12499411404132843
84,0.9243223667144775,0.6753053069114685,0.12793882191181183
85,0.931190550327301,0.6822613477706909,0.12827841937541962
86,0.935617208480835,0.6892802119255066,0.12602965533733368
87,0.9379851222038269,0.6963605880737305,0.12158544361591339
88,0.9389413595199585,0.7035008072853088,0.11560502648353577
89,0.9392634034156799,0.7106991410255432,0.10887999087572098
90,0.9397202730178833,0.7179542183876038,0.10219378769397736
91,0.9409573674201965,0.7252650856971741,0.0962057113647461
92,0.9434214234352112,0.7326319813728333,0.09137456119060516
93,0.9473272562026978,0.7400558590888977,0.08792464435100555
94,0.9526708126068115,0.7475395202636719,0.08585739880800247
95,0.9592799544334412,0.7550857663154602,0.08500348031520844
96,0.9668755531311035,0.7626926898956299,0.08509165793657303
97,0.9750885963439941,0.7703486680984497,0.08577995002269745
98,0.9834957718849182,0.7780459523200989,0.08666647225618362
99,0.9917149543762207,0.7857857346534729,0.0873725414276123
100,0.9994697570800781,0.7935702204704285,0.08761951327323914
101,1.0066176652908325,0.8014011979103088,0.08726119250059128
102,1.0131486654281616,0.8092794418334961,0.08628302067518234
103,1.019167184829712,0.8172059655189514,0.08478341996669769
104,1.024855375289917,0.8251815438270569,0.0829375833272934
105,1.0304330587387085,0.8332072496414185,0.08095695823431015
106,1.0361138582229614,0.8412835597991943,0.07904728502035141
107,1.0420749187469482,0.8494118452072144,0.07737624645233154
108,1.04843270778656,0.8575933575630188,0.07605160027742386
109,1.0552375316619873,0.8658289909362793,0.07511597871780396
110,1.06247878074646,0.8741186261177063,0.07455391436815262
111,1.070094347000122,0.8824588060379028,0.07430457323789597
112,1.0779833793640137,0.8908421397209167,0.07427443563938141
113,1.0860260725021362,0.8992626070976257,0.0743492916226387
114,1.0941011905670166,0.9077178239822388,0.07440827786922455
115,1.1021063327789307,0.9162079691886902,0.07434622943401337
116,1.1099739074707031,0.9247339367866516,0.07409283518791199
117,1.117678165435791,0.9332969188690186,0.07362125813961029
118,1.125234842300415,0.9418981671333313,0.07294657081365585
119,1.132691502571106,0.9505390524864197,0.07211659848690033
120,1.1401150226593018,0.9592209458351135,0.07119927555322647
121,1.1475777626037598,0.9679456949234009,0.07026801258325577
122,1.1551460027694702,0.9767153859138489,0.06938937306404114
123,1.1628684997558594,0.9855314493179321,0.06861402094364166
124,1.1707731485366821,0.9943946599960327,0.0679721087217331
125,1.1788634061813354,1.0033046007156372,0.06747153401374817
126,1.1871201992034912,1.0122592449188232,0.06709948927164078
127,1.1955071687698364,1.0212563276290894,0.06682608276605606
128,1.2039778232574463,1.0302939414978027,0.06661063432693481
129,1.2124855518341064,1.039371132850647,0.0664098858833313
130,1.220991849899292,1.0484880208969116,0.06618645787239075
131,1.2294719219207764,1.0576449632644653,0.06591510772705078
132,1.237917423248291,1.0668426752090454,0.06558594107627869
133,1.246335744857788,1.0760818719863892,0.0652041882276535
134,1.2547459602355957,1.0853627920150757,0.06478656828403473
135,1.2631747722625732,1.0946857929229736,0.06435675173997879
136,1.271648645401001,1.1040503978729248,0.06393943727016449
137,1.28019118309021,1.113456130027771,0.0635560154914856
138,1.288818597793579,1.1229020357131958,0.06322093307971954
139,1.297536015510559,1.1323860883712769,0.06293973326683044
140,1.3063403367996216,1.141906499862671,0.0627092495560646
141,1.3152201175689697,1.1514610052108765,0.06251901388168335
142,1.3241584300994873,1.1610467433929443,0.06235400214791298
143,1.3331376314163208,1.1706618070602417,0.06219784915447235
144,1.3421419858932495,1.1803045272827148,0.06203551962971687
145,1.351159930229187,1.189974308013916,0.06185600906610489
146,1.3601863384246826,1.1996710300445557,0.06165396422147751
147,1.3692212104797363,1.2093944549560547,0.06143011897802353
148,1.3782718181610107,1.2191458940505981,0.061190538108348846
149,1.3873469829559326,1.2289254665374756,0.06094467639923096
150,1.3964576721191406,1.238734245300293,0.06070355698466301
151,1.4056133031845093,1.2485729455947876,0.06047714874148369
152,1.414820671081543,1.2584421634674072,0.06027289852499962
153,1.4240820407867432,1.26834237575531,0.06009439378976822
154,1.433395504951477,1.278273344039917,0.059941064566373825
155,1.4427560567855835,1.2882354259490967,0.05980886518955231
156,1.4521557092666626,1.2982287406921387,0.05969110131263733
157,1.4615869522094727,1.3082536458969116,0.05958038195967674
158,1.4710428714752197,1.318310260772705,0.05946989730000496
159,1.4805188179016113,1.3283991813659668,0.05935477092862129
160,1.4900121688842773,1.338519811630249,0.0592326894402504
161,1.499524474143982,1.34867262840271,0.05910402163863182
162,1.5090583562850952,1.3588567972183228,0.05897138640284538
163,1.5186179876327515,1.3690720796585083,0.05883864685893059
164,1.5282074213027954,1.3793171644210815,0.05871022865176201
165,1.5378303527832031,1.3895907402038574,0.058589767664670944
166,1.5474886894226074,1.39989173412323,0.05847988277673721
167,1.557182788848877,1.4102184772491455,0.05838156118988991
168,1.5669108629226685,1.4205689430236816,0.05829431116580963
169,1.5766706466674805,1.4309420585632324,0.05821645259857178
170,1.586458683013916,1.441335678100586,0.05814587324857712
171,1.5962719917297363,1.4517494440078735,0.05808015540242195
172,1.6061081886291504,1.4621819257736206,0.058017779141664505
173,1.6159664392471313,1.4726330041885376,0.057957958430051804
174,1.6258457899093628,1.4831020832061768,0.057900793850421906
175,1.635746955871582,1.4935888051986694,0.057847216725349426
176,1.6456716060638428,1.504093885421753,0.05779864266514778
177,1.6556209325790405,1.5146175622940063,0.057756468653678894
178,1.6655961275100708,1.525160312652588,0.05772177129983902
179,1.675597906112671,1.5357229709625244,0.057694919407367706
180,1.685625433921814,1.546305537223816,0.05767553672194481
181,1.6956781148910522,1.5569089651107788,0.05766253545880318
182,1.7057547569274902,1.5675339698791504,0.05765422061085701
183,1.7158536911010742,1.5781807899475098,0.057648852467536926
184,1.7259732484817505,1.5888497829437256,0.05764482170343399
185,1.7361129522323608,1.599541425704956,0.057640910148620605
186,1.7462713718414307,1.6102548837661743,0.057636480778455734
187,1.756448745727539,1.62099027633667,0.057631541043519974
188,1.7666451930999756,1.631746768951416,0.057626720517873764
189,1.7768617868423462,1.6425241231918335,0.05762287601828575
190,1.7870984077453613,1.6533209085464478,0.057621221989393234
191,1.7973558902740479,1.664136290550232,0.05762284994125366
192,1.8076342344284058,1.674968957901001,0.0576288066804409
193,1.8179337978363037,1.6858181953430176,0.05763969570398331
194,1.828253149986267,1.696682095527649,0.057655978947877884
195,1.838592529296875,1.7075601816177368,0.05767778307199478
196,1.848950982093811,1.7184514999389648,0.05770500376820564
197,1.859328031539917,1.7293555736541748,0.05773763731122017
198,1.8697233200073242,1.7402716875076294,0.05777568742632866
199,1.8801363706588745,1.751199722290039,0.05781904235482216
200,1.890567421913147,1.7621397972106934,0.057867515832185745
201,1.9010164737701416,1.7730920314788818,0.05792127549648285
202,1.911483645439148,1.7840571403503418,0.057979922741651535
203,1.921968936920166,1.7950350046157837,0.058043222874403
204,1.9324724674224854,1.8060269355773926,0.05811058357357979
205,1.9429941177368164,1.817033290863037,0.05818143114447594
206,1.953533411026001,1.828054428100586,0.05825485661625862
207,1.964090347290039,1.839091420173645,0.058330100029706955
208,1.9746648073196411,1.850144624710083,0.058406297117471695
209,1.9852557182312012,1.8612140417099,0.058482855558395386
210,1.995863437652588,1.8723000288009644,0.05855937302112579
211,2.006488084793091,1.883402943611145,0.058635685592889786
212,2.017129421234131,1.8945220708847046,0.058711938560009
213,2.027787923812866,1.9056572914123535,0.058788444846868515
214,2.0384628772735596,1.916807770729065,0.058865759521722794
215,2.0491552352905273,1.9279731512069702,0.05894443392753601
216,2.0598652362823486,1.9391530752182007,0.05902497470378876
217,2.0705926418304443,1.9503463506698608,0.05910814553499222
218,2.0813372135162354,1.9615527391433716,0.0591941699385643
219,2.092099666595459,1.9727715253829956,0.05928352475166321
220,2.102879285812378,1.9840024709701538,0.059376370161771774
221,2.1136765480041504,1.995245337486267,0.05947292223572731
222,2.124490976333618,2.0064995288848877,0.05957314372062683
223,2.1353232860565186,2.017766237258911,0.05967697501182556
224,2.1461732387542725,2.0290451049804688,0.059784118086099625
225,2.157041072845459,2.0403366088867188,0.05989427864551544
226,2.1679270267486572,2.0516414642333984,0.06000710278749466
227,2.1788313388824463,2.062960386276245,0.06012208014726639
228,2.1897542476654053,2.074293851852417,0.060238633304834366
229,2.200695276260376,2.0856425762176514,0.060356151312589645
230,2.211655616760254,2.0970075130462646,0.06047413870692253
231,2.2226340770721436,2.108388662338257,0.06059208884835243
232,2.2336320877075195,2.1197872161865234,0.060709647834300995
233,2.2446491718292236,2.1312029361724854,0.060826629400253296
234,2.255685329437256,2.1426360607147217,0.06094292551279068
235,2.2667410373687744,2.1540868282318115,0.06105857342481613
236,2.277817487716675,2.165555477142334,0.061173826456069946
237,2.2889132499694824,2.1770410537719727,0.06128910183906555
238,2.300029993057251,2.188544511795044,0.06140453368425369
239,2.3111677169799805,2.2000648975372314,0.061520736664533615
240,2.322326183319092,2.211601972579956,0.0616379976272583
241,2.3335063457489014,2.223155975341797,0.061756644397974014
242,2.3447086811065674,2.234726905822754,0.06187698245048523
243,2.3559324741363525,2.24631404876709,0.06199900805950165
244,2.367178201675415,2.257918119430542,0.06212293729186058
245,2.3784472942352295,2.2695398330688477,0.06224856898188591
246,2.3897392749786377,2.2811789512634277,0.06237585470080376
247,2.401054620742798,2.2928366661071777,0.06250448524951935
248,2.412393808364868,2.3045129776000977,0.06263416260480881
249,2.4237563610076904,2.316208600997925,0.06276453286409378
250,2.4351437091827393,2.3279247283935547,0.06289508193731308
251,2.4465556144714355,2.3396618366241455,0.06302547454833984
252,2.4579925537109375,2.3514201641082764,0.06315542757511139
253,2.469454765319824,2.3632009029388428,0.06328451633453369
254,2.480943202972412,2.375004529953003,0.06341259926557541
255,2.492457389831543,2.386831045150757,0.0635395348072052
256,2.503998279571533,2.398681163787842,0.06366533041000366
257,2.515565872192383,2.410554885864258,0.06379017233848572
258,2.527160882949829,2.422452688217163,0.06391414254903793
259,2.538783073425293,2.434373617172241,0.06403743475675583
260,2.550434112548828,2.446319103240967,0.0641603097319603
261,2.562113046646118,2.4582881927490234,0.0642831102013588
262,2.5738205909729004,2.4702816009521484,0.06440591812133789
263,2.585557699203491,2.482299327850342,0.06452908366918564
264,2.5973236560821533,2.4943411350250244,0.06465252488851547
265,2.6091203689575195,2.5064077377319336,0.06477643549442291
266,2.6209466457366943,2.5184991359710693,0.06490058451890945
267,2.632803201675415,2.530616044998169,0.06502503156661987
268,2.64469051361084,2.5427587032318115,0.06514941155910492
269,2.6566097736358643,2.5549283027648926,0.06527344882488251
270,2.668560266494751,2.567124843597412,0.06539693474769592
271,2.680542469024658,2.5793492794036865,0.06551935523748398
272,2.692556858062744,2.591601848602295,0.06564061343669891
273,2.7046031951904297,2.6038830280303955,0.06576038151979446
274,2.7166824340820312,2.6161937713623047,0.06587846577167511
275,2.728794574737549,2.6285338401794434,0.0659947618842125
276,2.7409400939941406,2.640903949737549,0.06610910594463348
277,2.7531187534332275,2.653303861618042,0.06622173637151718
278,2.765331268310547,2.66573429107666,0.06633254140615463
279,2.7775771617889404,2.678194522857666,0.06644175201654434
280,2.7898576259613037,2.690685272216797,0.06654956191778183
281,2.8021724224090576,2.7032060623168945,0.06665609031915665
282,2.814521551132202,2.715757369995117,0.06676147878170013
283,2.8269052505493164,2.7283384799957275,0.06686587631702423
284,2.8393239974975586,2.740950345993042,0.06696931272745132
285,2.8517775535583496,2.7535924911499023,0.06707173585891724
286,2.8642659187316895,2.7662649154663086,0.06717325747013092
287,2.876789093017578,2.77896785736084,0.06727363169193268
288,2.889348030090332,2.7917022705078125,0.06737273931503296
289,2.9019417762756348,2.8044676780700684,0.0674702525138855
290,2.9145703315734863,2.8172643184661865,0.06756602972745895
291,2.9272348880767822,2.8300929069519043,0.06765977293252945
292,2.939934253692627,2.842953681945801,0.06775146722793579
293,2.952669143676758,2.8558461666107178,0.06784079223871231
294,2.9654388427734375,2.8687705993652344,0.06792782992124557
295,2.978243827819824,2.881727457046509,0.06801224499940872
296,2.991084337234497,2.894716739654541,0.06809428334236145
297,3.0039594173431396,2.9077372550964355,0.0681738629937172
298,3.01686954498291,2.9207897186279297,0.0682511255145073
299,3.0298142433166504,2.933873414993286,0.06832627952098846
300,3.042793035507202,2.9469878673553467,0.06839942187070847
301,3.055806875228882,2.9601335525512695,0.06847058236598969
302,3.068854331970215,2.973309278488159,0.06853988766670227
303,3.0819361209869385,2.986515522003174,0.06860745698213577
304,3.095050811767578,2.999750852584839,0.06867337226867676
305,3.10819935798645,3.0130162239074707,0.06873755902051926
306,3.1213808059692383,3.026310920715332,0.06879983842372894
307,3.1345956325531006,3.039634943008423,0.06886021792888641
308,3.1478428840637207,3.052988290786743,0.06891848146915436
309,3.1611216068267822,3.0663702487945557,0.06897445023059845
310,3.1744322776794434,3.0797808170318604,0.06902797520160675
311,3.187774181365967,3.093219757080078,0.0690789446234703
312,3.2011475563049316,3.106687307357788,0.06912732869386673
313,3.214550733566284,3.1201817989349365,0.069173164665699
314,3.2279839515686035,3.1337034702301025,0.06921657919883728
315,3.241447687149048,3.147252082824707,0.06925772875547409
316,3.2549397945404053,3.1608264446258545,0.06929659098386765
317,3.268460750579834,3.174426317214966,0.06933331489562988
318,3.2820096015930176,3.1880505084991455,0.0693681612610817
319,3.2955853939056396,3.2016983032226562,0.06940123438835144
320,3.3091888427734375,3.215369462966919,0.06943271309137344
321,3.3228182792663574,3.2290632724761963,0.0694626197218895
322,3.3364744186401367,3.242779493331909,0.06949113309383392
323,3.3501551151275635,3.256516695022583,0.06951820105314255
324,3.3638601303100586,3.2702741622924805,0.06954388320446014
325,3.377589702606201,3.284052610397339,0.06956794857978821
326,3.3913424015045166,3.2978503704071045,0.06959059834480286
327,3.405118227005005,3.3116674423217773,0.06961171329021454
328,3.4189159870147705,3.325502872467041,0.06963112950325012
329,3.432734489440918,3.33935546875,0.06964908540248871
330,3.4465739727020264,3.353224754333496,0.06966564804315567
331,3.4604339599609375,3.3671112060546875,0.06968089193105698
332,3.4743123054504395,3.381011962890625,0.06969483941793442
333,3.4882099628448486,3.394927978515625,0.06970769912004471
334,3.5021255016326904,3.408857583999634,0.06971953809261322
335,3.5160584449768066,3.422800302505493,0.06973061710596085
336,3.5300068855285645,3.436753988265991,0.06974107772111893
337,3.5439722537994385,3.4507195949554443,0.06975117325782776
338,3.5579519271850586,3.464695453643799,0.06976085901260376
339,3.571945905685425,3.47868013381958,0.06977033615112305
340,3.585953712463379,3.492673873901367,0.06977969408035278
341,3.5999739170074463,3.5066750049591064,0.06978902220726013
342,3.614006996154785,3.520683526992798,0.06979843229055405
343,3.6280508041381836,3.534698009490967,0.06980802118778229
344,3.6421058177948,3.5487184524536133,0.06981781125068665
345,3.6561708450317383,3.5627434253692627,0.06982800364494324
346,3.6702446937561035,3.5767717361450195,0.06983884423971176
347,3.6843276023864746,3.5908031463623047,0.06985029578208923
348,3.698418617248535,3.604836940765381,0.06986276805400848
349,3.712517023086548,3.6188719272613525,0.06987641006708145
350,3.7266218662261963,3.632906913757324,0.06989159435033798
351,3.7407329082489014,3.6469414234161377,0.069908507168293
352,3.754849672317505,3.660975217819214,0.06992726773023605
353,3.7689714431762695,3.675006628036499,0.06994827836751938
354,3.783097743988037,3.689034938812256,0.06997179985046387
355,3.7972278594970703,3.7030601501464844,0.06999790668487549
356,3.811361074447632,3.717080593109131,0.07002687454223633
357,3.825498342514038,3.7310967445373535,0.07005918771028519
358,3.83963680267334,3.7451066970825195,0.07009463757276535
359,3.85377836227417,3.759110927581787,0.07013352960348129
360,3.8679213523864746,3.77310848236084,0.07017624378204346
361,3.882066249847412,3.7870988845825195,0.07022299617528915
362,3.896212100982666,3.801081657409668,0.07027404010295868
363,3.9103589057922363,3.815056562423706,0.07032929360866547
364,3.9245073795318604,3.829023599624634,0.07038909196853638
365,3.9386560916900635,3.8429815769195557,0.07045379281044006
366,3.9528040885925293,3.8569295406341553,0.07052379846572876
367,3.9669535160064697,3.870868444442749,0.07059938460588455
368,3.9811038970947266,3.8847978115081787,0.07068094611167908
369,3.9952545166015625,3.898716688156128,0.07076918333768845
370,4.009405612945557,3.9126248359680176,0.07086407393217087
371,4.023557186126709,3.9265217781066895,0.07096631824970245
372,4.037710189819336,3.940408229827881,0.07107636332511902
373,4.051864147186279,3.9542829990386963,0.07119463384151459
374,4.066019535064697,3.968146800994873,0.07132144272327423
375,4.080176830291748,3.981999158859253,0.07145737111568451
376,4.094336032867432,3.995840311050415,0.0716027095913887
377,4.1084980964660645,4.009670257568359,0.07175806909799576
378,4.122663974761963,4.023489475250244,0.07192352414131165
379,4.136831760406494,4.037297248840332,0.0720997229218483
380,4.151004791259766,4.051095008850098,0.07228700071573257
381,4.165182590484619,4.064882755279541,0.0724855363368988
382,4.179366588592529,4.07866096496582,0.0726957842707634
383,4.19355583190918,4.092429161071777,0.07291841506958008
384,4.207752227783203,4.1061882972717285,0.07315381616353989
385,4.221957683563232,4.11993932723999,0.0734027549624443
386,4.236170291900635,4.133680820465088,0.07366568595170975
387,4.250392913818359,4.147414684295654,0.0739428922533989
388,4.264626502990723,4.1611409187316895,0.07423534989356995
389,4.278870582580566,4.174860000610352,0.07454339414834976
390,4.293127536773682,4.188572406768799,0.07486767321825027
391,4.307398319244385,4.202279090881348,0.0752086415886879
392,4.321682929992676,4.215980529785156,0.07556669414043427
393,4.335982799530029,4.229676723480225,0.07594228535890579
394,4.350298881530762,4.243369102478027,0.07633595168590546
395,4.364633560180664,4.257058620452881,0.07674793154001236
396,4.378985404968262,4.270744800567627,0.07717892527580261
397,4.393357276916504,4.284430027008057,0.07762902230024338
398,4.407749176025391,4.2981133460998535,0.07809910923242569
399,4.422163486480713,4.31179666519165,0.07858932018280029
400,4.436599254608154,4.325479507446289,0.07910018414258957
401,4.451059818267822,4.339163780212402,0.07963225245475769
402,4.4655442237854,4.352849006652832,0.08018598705530167
403,4.4800543785095215,4.366536617279053,0.08076143264770508
404,4.494592189788818,4.380228042602539,0.08135946094989777
405,4.509156703948975,4.393921852111816,0.08198023587465286
406,4.523749828338623,4.407619953155518,0.08262426406145096
407,4.53837251663208,4.421323299407959,0.08329163491725922
408,4.553025245666504,4.435031890869141,0.0839824378490448
409,4.567708969116211,4.448747634887695,0.08469657599925995
410,4.582424640655518,4.462470531463623,0.08543436974287033
411,4.59717321395874,4.476202011108398,0.08619581907987595
412,4.611955165863037,4.4899420738220215,0.08698106557130814
413,4.62677001953125,4.503691673278809,0.08779001235961914
414,4.64162015914917,4.517451763153076,0.08862268179655075
415,4.656506061553955,4.531222820281982,0.0894792228937149
416,4.6714277267456055,4.545005798339844,0.09035945683717728
417,4.6863861083984375,4.558801651000977,0.09126322716474533
418,4.701380729675293,4.572609901428223,0.09219056367874146
419,4.716413497924805,4.586432456970215,0.09314127266407013
420,4.731483459472656,4.600268840789795,0.09411513805389404
421,4.746591567993164,4.6141204833984375,0.09511172771453857
422,4.761737823486328,4.627988338470459,0.09613054990768433
423,4.776923656463623,4.641872882843018,0.09717120230197906
424,4.792147636413574,4.655775547027588,0.09823278337717056
425,4.807411193847656,4.669695854187012,0.09931540489196777
426,4.8227128982543945,4.683635234832764,0.10041829943656921
427,4.838055610656738,4.69759464263916,0.10154097527265549
428,4.8534369468688965,4.711574077606201,0.10268300771713257
429,4.8688578605651855,4.725573539733887,0.10384409129619598
430,4.8843183517456055,4.739594459533691,0.10502365231513977
431,4.899817943572998,4.753636837005615,0.10622131079435349
432,4.915358543395996,4.767702102661133,0.10743647068738937
433,4.93093729019165,4.7817888259887695,0.10866858810186386
434,4.946555137634277,4.795898914337158,0.10991686582565308
435,4.962213039398193,4.810032844543457,0.11118078231811523
436,4.977909564971924,4.824191093444824,0.1124596893787384
437,4.9936442375183105,4.838373184204102,0.11375259608030319
438,5.009418487548828,4.852581024169922,0.1150592491030693
439,5.025230407714844,4.866813659667969,0.11637865006923676
440,5.041080474853516,4.881072998046875,0.11770997941493988
441,5.056969165802002,4.895359516143799,0.11905255913734436
442,5.0728936195373535,4.909671306610107,0.1204059049487114
443,5.088855743408203,4.924010276794434,0.12176935374736786
444,5.104855060577393,4.938376426696777,0.12314257770776749
445,5.120891094207764,4.952770709991455,0.12452443689107895
446,5.136961936950684,4.96719217300415,0.12591464817523956
447,5.1530680656433105,4.981640338897705,0.1273125261068344
448,5.169209003448486,4.996116638183594,0.12871748208999634
449,5.185386657714844,5.010622978210449,0.13012860715389252
450,5.201597213745117,5.025156497955322,0.131545290350914
451,5.217841148376465,5.0397186279296875,0.13296662271022797
452,5.234118461608887,5.054309368133545,0.13439208269119263
453,5.250429153442383,5.068930149078369,0.1358209252357483
454,5.26677131652832,5.0835795402526855,0.13725252449512482
455,5.283145427703857,5.0982584953308105,0.13868629932403564
456,5.299551010131836,5.112967014312744,0.14012162387371063
457,5.3159871101379395,5.12770414352417,0.14155785739421844
458,5.33245325088501,5.142471790313721,0.1429942399263382
459,5.348948955535889,5.157268047332764,0.14443053305149078
460,5.365472793579102,5.172093391418457,0.145865797996521
461,5.382026195526123,5.186949253082275,0.1472996324300766
462,5.39860725402832,5.201834678649902,0.14873121678829193
463,5.415215015411377,5.21674919128418,0.15016049146652222
464,5.431849479675293,5.231692314147949,0.15158669650554657
465,5.448511123657227,5.2466654777526855,0.15300963819026947
466,5.465197563171387,5.261666774749756,0.15442880988121033
467,5.48190975189209,5.276696681976318,0.1558443307876587
468,5.498645782470703,5.291754245758057,0.15725567936897278
469,5.515405654907227,5.306839466094971,0.15866249799728394
470,5.53218936920166,5.321952819824219,0.16006435453891754
471,5.5489959716796875,5.337093353271484,0.16146114468574524
472,5.565824031829834,5.352260589599609,0.1628522276878357
473,5.582674026489258,5.367455959320068,0.1642370969057083
474,5.599545478820801,5.38267707824707,0.1656155288219452
475,5.61643648147583,5.397924900054932,0.16698727011680603
476,5.63334846496582,5.413199424743652,0.16835153102874756
477,5.6502790451049805,5.428500175476074,0.16970805823802948
478,5.6672282218933105,5.443826675415039,0.17105692625045776
479,5.684196472167969,5.459178924560547,0.17239785194396973
480,5.701182842254639,5.474556922912598,0.1737302541732788
481,5.718184471130371,5.4899582862854,0.1750537008047104
482,5.735203266143799,5.505385398864746,0.17636796832084656
483,5.752239227294922,5.520837783813477,0.17767293751239777
484,5.769290924072266,5.536314010620117,0.17896845936775208
485,5.7863569259643555,5.551815032958984,0.18025365471839905
486,5.803437232971191,5.567338943481445,0.18152855336666107
487,5.820531845092773,5.582886695861816,0.18279314041137695
488,5.837639808654785,5.598456859588623,0.18404701352119446
489,5.85476016998291,5.614050388336182,0.1852904111146927
490,5.871893882751465,5.629665374755859,0.18652337789535522
491,5.889039039611816,5.645301342010498,0.18774572014808655
492,5.906195163726807,5.660958290100098,0.18895761668682098
493,5.92336368560791,5.6766357421875,0.1901591271162033
494,5.940540313720703,5.692331314086914,0.19135026633739471
495,5.957729339599609,5.708048343658447,0.19253069162368774
496,5.974926948547363,5.723783493041992,0.19370047748088837
497,5.992133140563965,5.739537239074707,0.19485919177532196
498,6.009348392486572,5.755308628082275,0.1960071474313736
499,6.026571273803711,5.771098613739014,0.19714367389678955
500,6.0438032150268555,5.786906719207764,0.19826866686344147
501,6.061042785644531,5.802731990814209,0.19938254356384277
502,6.078286647796631,5.818572998046875,0.2004847675561905
503,6.0955376625061035,5.83443021774292,0.2015758752822876
504,6.112796306610107,5.85030460357666,0.20265568792819977
505,6.130058288574219,5.86619234085083,0.20372427999973297
506,6.147326946258545,5.882096290588379,0.20478160679340363
507,6.164599895477295,5.898013591766357,0.20582792162895203
508,6.181878566741943,5.913946628570557,0.20686253905296326
509,6.199159145355225,5.929891109466553,0.20788587629795074
510,6.216445446014404,5.945850849151611,0.20889803767204285
511,6.233733654022217,5.961822509765625,0.20989830791950226
512,6.25102424621582,5.977806091308594,0.21088740229606628
513,6.268319129943848,5.993802547454834,0.2118655890226364
514,6.28561544418335,6.0098090171813965,0.21283334493637085
515,6.302913188934326,6.025825023651123,0.2137906700372696
516,6.320212364196777,6.041851043701172,0.214738130569458
517,6.3375139236450195,6.057886600494385,0.21567577123641968
518,6.3548150062561035,6.073929786682129,0.2166036069393158
519,6.372117519378662,6.089981555938721,0.21752160787582397
520,6.389420986175537,6.10604190826416,0.2184300422668457
521,6.4067230224609375,6.122107982635498,0.21932938694953918
522,6.424026012420654,6.138182163238525,0.22021932899951935
523,6.441328525543213,6.154262065887451,0.22110028564929962
524,6.458630561828613,6.170347213745117,0.2219732105731964
525,6.475931167602539,6.186436653137207,0.22283822298049927
526,6.493230819702148,6.2025299072265625,0.2236957997083664
527,6.510529041290283,6.218626499176025,0.22454623878002167
528,6.52782678604126,6.2347259521484375,0.22539041936397552
529,6.545121192932129,6.250827312469482,0.2262275516986847
530,6.562414169311523,6.266931533813477,0.2270580679178238
531,6.579706192016602,6.2830376625061035,0.22788172960281372
532,6.596994876861572,6.299144744873047,0.2286992073059082
533,6.614282131195068,6.315253734588623,0.2295105904340744
534,6.631565093994141,6.331362247467041,0.23031605780124664
535,6.648847579956055,6.347471714019775,0.2311166226863861
536,6.666125774383545,6.363578796386719,0.2319132536649704
537,6.683403015136719,6.379684925079346,0.23270609974861145
538,6.700675964355469,6.395787239074707,0.2334963083267212
539,6.7179460525512695,6.4118852615356445,0.23428432643413544
540,6.735214710235596,6.427980899810791,0.23507049679756165
541,6.75247859954834,6.444072246551514,0.23585404455661774
542,6.769739627838135,6.460158348083496,0.23663607239723206
543,6.7869977951049805,6.476240634918213,0.23741666972637177
544,6.804252624511719,6.492318153381348,0.23819594085216522
545,6.821506023406982,6.508390426635742,0.23897504806518555
546,6.838754653930664,6.524455547332764,0.23975428938865662
547,6.8560004234313965,6.540512561798096,0.24053515493869781
548,6.873243808746338,6.55656099319458,0.24131864309310913
549,6.890484809875488,6.572601318359375,0.2421049326658249
550,6.907721996307373,6.588631629943848,0.24289460480213165
551,6.924957275390625,6.604653358459473,0.2436876893043518
552,6.942189693450928,6.620665550231934,0.244484081864357
553,6.959420204162598,6.636668682098389,0.24528385698795319
554,6.97664737701416,6.6526618003845215,0.24608778953552246
555,6.99387264251709,6.668644905090332,0.24689628183841705
556,7.011096954345703,6.68461799621582,0.24771030247211456
557,7.028317928314209,6.700577259063721,0.2485315352678299
558,7.045537948608398,6.716524600982666,0.24936075508594513
559,7.06275749206543,6.73245906829834,0.2501985430717468
560,7.079974174499512,6.748377323150635,0.25104600191116333
561,7.097190856933594,6.764283180236816,0.2519032955169678
562,7.114406108856201,6.7801737785339355,0.25277039408683777
563,7.13162088394165,6.796051025390625,0.2536472678184509
564,7.148834228515625,6.811914920806885,0.25453343987464905
565,7.166050434112549,6.827767372131348,0.25542932748794556
566,7.183263778686523,6.843604564666748,0.25633543729782104
567,7.200478553771973,6.859428405761719,0.25725293159484863
568,7.217695236206055,6.875237464904785,0.2581826448440552
569,7.2349114418029785,6.891030311584473,0.2591257393360138
570,7.252130508422852,6.906808376312256,0.26008281111717224
571,7.269349098205566,6.922569274902344,0.26105400919914246
572,7.286571502685547,6.938316345214844,0.2620387673377991
573,7.303795337677002,6.954049110412598,0.26303690671920776
574,7.321021556854248,6.969767093658447,0.2640485167503357
575,7.338251113891602,6.985471248626709,0.2650740444660187
576,7.3554840087890625,7.001162052154541,0.26611384749412537
577,7.372719764709473,7.016836166381836,0.2671692669391632
578,7.389959812164307,7.03249454498291,0.26824191212654114
579,7.407203674316406,7.048136234283447,0.26933231949806213
580,7.42445182800293,7.063760757446289,0.2704411447048187
581,7.441706657409668,7.079370021820068,0.2715684473514557
582,7.45896577835083,7.094964027404785,0.27271249890327454
583,7.476229667663574,7.110544204711914,0.2738723158836365
584,7.493500709533691,7.1261138916015625,0.27504706382751465
585,7.510776042938232,7.141671180725098,0.27623671293258667
586,7.528059959411621,7.157218933105469,0.27744096517562866
587,7.545349597930908,7.172753810882568,0.27866172790527344
588,7.562646865844727,7.1882758140563965,0.2798996567726135
589,7.579951763153076,7.203785419464111,0.28115564584732056
590,7.597264289855957,7.219282150268555,0.28242993354797363
591,7.614584922790527,7.234766483306885,0.28372180461883545
592,7.6319146156311035,7.250240325927734,0.2850305140018463
593,7.649252891540527,7.2657060623168945,0.2863542437553406
594,7.666600227355957,7.281163215637207,0.2876928746700287
595,7.683955192565918,7.296613693237305,0.28904467821121216
596,7.701321601867676,7.312057971954346,0.29041171073913574
597,7.7186970710754395,7.327493190765381,0.29179486632347107
598,7.736083030700684,7.34291934967041,0.2931949198246002
599,7.75347900390625,7.358336448669434,0.29461249709129333
600,7.770885467529297,7.373745441436768,0.2960466742515564
601,7.788301944732666,7.389147758483887,0.2974962294101715
602,7.805730819702148,7.404547691345215,0.29895874857902527
603,7.8231706619262695,7.419946193695068,0.3004317283630371
604,7.840620040893555,7.435344219207764,0.3019140660762787
605,7.858082294464111,7.450743675231934,0.30340614914894104
606,7.875556945800781,7.466143608093262,0.30490872263908386
607,7.893042087554932,7.481540203094482,0.30642426013946533
608,7.910539627075195,7.496933460235596,0.30795371532440186
609,7.928048133850098,7.512321472167969,0.3094981014728546
610,7.9455695152282715,7.527709007263184,0.311055064201355
611,7.963101863861084,7.543096542358398,0.31262242794036865
612,7.980647563934326,7.558488368988037,0.3141971528530121
613,7.99820613861084,7.573887348175049,0.3157773017883301
614,8.015775680541992,7.589292049407959,0.3173624575138092
615,8.033357620239258,7.604701995849609,0.31895339488983154
616,8.05095386505127,7.6201171875,0.32055220007896423
617,8.068560600280762,7.635533332824707,0.3221610188484192
618,8.086180686950684,7.650950908660889,0.3237803876399994
619,8.103813171386719,7.6663713455200195,0.32540833950042725
620,8.121456146240234,7.681797504425049,0.32704222202301025
621,8.139113426208496,7.697234153747559,0.3286781311035156
622,8.156782150268555,7.71268367767334,0.33031362295150757
623,8.174463272094727,7.728147029876709,0.3319475054740906
624,8.192157745361328,7.743622303009033,0.3335821032524109
625,8.209861755371094,7.759103775024414,0.3352205455303192
626,8.227580070495605,7.774591445922852,0.3368662893772125
627,8.245309829711914,7.79008150100708,0.33852094411849976
628,8.263050079345703,7.805575847625732,0.3401820659637451
629,8.280803680419922,7.821081161499023,0.34184518456459045
630,8.298567771911621,7.836600303649902,0.3435060977935791
631,8.316343307495117,7.852137088775635,0.3451607823371887
632,8.334131240844727,7.867692470550537,0.34680911898612976
633,8.35193157196045,7.883264541625977,0.34845325350761414
634,8.369741439819336,7.898845672607422,0.3500991463661194
635,8.387563705444336,7.914433002471924,0.3517501652240753
636,8.405394554138184,7.930023670196533,0.35340774059295654
637,8.423237800598145,7.94562292098999,0.3550688326358795
638,8.441092491149902,7.961236476898193,0.3567279577255249
639,8.458956718444824,7.976868152618408,0.35837873816490173
640,8.476831436157227,7.9925217628479,0.36001840233802795
641,8.494717597961426,8.008199691772461,0.36164695024490356
642,8.512612342834473,8.02389144897461,0.363270103931427
643,8.530519485473633,8.039594650268555,0.3648945093154907
644,8.548434257507324,8.055298805236816,0.366525799036026
645,8.566359519958496,8.07100772857666,0.36816442012786865
646,8.584295272827148,8.086724281311035,0.36980414390563965
647,8.602239608764648,8.102458953857422,0.37143680453300476
648,8.620194435119629,8.118220329284668,0.3730536103248596
649,8.638157844543457,8.13400936126709,0.3746527433395386
650,8.656129837036133,8.149821281433105,0.376239150762558
651,8.674114227294922,8.16564655303955,0.37782254815101624
652,8.692106246948242,8.181473731994629,0.3794131875038147
653,8.710105895996094,8.197298049926758,0.3810148239135742
654,8.728113174438477,8.213123321533203,0.3826241195201874
655,8.746133804321289,8.228963851928711,0.38423067331314087
656,8.764159202575684,8.244827270507812,0.3858216106891632
657,8.782196998596191,8.260725975036621,0.3873889446258545
658,8.800239562988281,8.276654243469238,0.38893476128578186
659,8.818292617797852,8.292601585388184,0.39047157764434814
660,8.83635425567627,8.308551788330078,0.39201465249061584
661,8.854424476623535,8.324495315551758,0.39357227087020874
662,8.872502326965332,8.340432167053223,0.3951447308063507
663,8.890588760375977,8.356375694274902,0.39672011137008667
664,8.908683776855469,8.372342109680176,0.39828193187713623
665,8.926786422729492,8.38834285736084,0.39981845021247864
666,8.944897651672363,8.404380798339844,0.4013272821903229
667,8.963017463684082,8.420440673828125,0.4028235375881195
668,8.981145858764648,8.436501502990723,0.404326468706131
669,8.999281883239746,8.45254898071289,0.40585044026374817
670,9.017424583435059,8.46858024597168,0.407397598028183
671,9.035576820373535,8.484611511230469,0.40895476937294006
672,9.053736686706543,8.500663757324219,0.4104997515678406
673,9.071905136108398,8.516758918762207,0.41201120615005493
674,9.090080261230469,8.5329008102417,0.4134848415851593
675,9.108264923095703,8.549071311950684,0.4149390459060669
676,9.126457214355469,8.565240859985352,0.4164022207260132
677,9.144657135009766,8.581384658813477,0.4178980886936188
678,9.16286563873291,8.597498893737793,0.41943076252937317
679,9.18108081817627,8.61359977722168,0.42098432779312134
680,9.19930648803711,8.629724502563477,0.4225257635116577
681,9.21753978729248,8.64590072631836,0.42402464151382446
682,9.235777854919434,8.66213321685791,0.4254736602306366
683,9.254024505615234,8.678399085998535,0.42689818143844604
684,9.272286415100098,8.694663047790527,0.4283381700515747
685,9.29055118560791,8.710882186889648,0.4298253655433655
686,9.308820724487305,8.727054595947266,0.43136435747146606
687,9.32710075378418,8.743209838867188,0.43293046951293945
688,9.345392227172852,8.759397506713867,0.43447762727737427
689,9.363689422607422,8.775653839111328,0.43596360087394714
690,9.38199234008789,8.791982650756836,0.4373832046985626
691,9.400304794311523,8.808344841003418,0.4387795329093933
692,9.41862964630127,8.82468318939209,0.4402114152908325
693,9.436960220336914,8.840950965881348,0.44171687960624695
694,9.455292701721191,8.857148170471191,0.4432945251464844
695,9.473637580871582,8.87332820892334,0.4449021816253662
696,9.491998672485352,8.889565467834473,0.4464702904224396
697,9.510357856750488,8.905902862548828,0.44794052839279175
698,9.528722763061523,8.922331809997559,0.4493243992328644
699,9.547102928161621,8.938783645629883,0.45070114731788635
700,9.565497398376465,8.955175399780273,0.4521494507789612
701,9.58388614654541,8.971447944641113,0.4537088871002197
702,9.602278709411621,8.987632751464844,0.4553593695163727
703,9.620697975158691,9.003829002380371,0.4570261240005493
704,9.639124870300293,9.02012825012207,0.4586006700992584
705,9.657541275024414,9.036580085754395,0.4600164294242859
706,9.675968170166016,9.053131103515625,0.46134305000305176
707,9.69442367553711,9.069660186767578,0.4627193808555603
708,9.712881088256836,9.08604621887207,0.4642356336116791
709,9.731318473815918,9.102252960205078,0.4659077525138855
710,9.74977970123291,9.118388175964355,0.4676755666732788
711,9.768278121948242,9.134610176086426,0.4693986177444458
712,9.786760330200195,9.151033401489258,0.4709097146987915
713,9.805219650268555,9.167656898498535,0.47220003604888916
714,9.823725700378418,9.184343338012695,0.47347292304039
715,9.842262268066406,9.200888633728027,0.4749127924442291
716,9.860753059387207,9.217159271240234,0.47657522559165955
717,9.879234313964844,9.23322582244873,0.4784286916255951
718,9.89779281616211,9.2493257522583,0.4803312420845032
719,9.916360855102539,9.265663146972656,0.48201414942741394
720,9.93485164642334,9.282318115234375,0.48330697417259216
721,9.953375816345215,9.29915714263916,0.4844491481781006
722,9.97199821472168,9.315900802612305,0.48578280210494995
723,9.990562438964844,9.332273483276367,0.4874167740345001
724,10.009042739868164,9.348275184631348,0.48933133482933044
725,10.02763843536377,9.364222526550293,0.4914199113845825
726,10.046311378479004,9.380438804626465,0.49332839250564575
727,10.064833641052246,9.397103309631348,0.4946470558643341
728,10.083341598510742,9.414105415344238,0.4956170916557312
729,10.102046966552734,9.431062698364258,0.49682489037513733
730,10.120707511901855,9.447548866271973,0.4984428584575653
731,10.139158248901367,9.463460922241211,0.5004134178161621
732,10.15776538848877,9.47921085357666,0.5027064681053162
733,10.176568031311035,9.495291709899902,0.5048792958259583
734,10.195114135742188,9.511981010437012,0.50620037317276
735,10.213567733764648,9.529172897338867,0.5069332718849182
736,10.232367515563965,9.546351432800293,0.5080209970474243
737,10.251123428344727,9.562918663024902,0.5096569061279297
738,10.269503593444824,9.57870101928711,0.5116828083992004
739,10.288129806518555,9.594236373901367,0.5142043232917786
740,10.307079315185547,9.61020278930664,0.5166377425193787
741,10.325590133666992,9.626981735229492,0.5178387761116028
742,10.34398365020752,9.644400596618652,0.518291175365448
743,10.36292552947998,9.661751747131348,0.5193552374839783
744,10.381718635559082,9.678275108337402,0.5210707783699036
745,10.399971008300781,9.693840980529785,0.5231806039810181
746,10.418700218200684,9.709195137023926,0.5259855389595032
747,10.437779426574707,9.7251615524292,0.5285534262657166
748,10.456120491027832,9.742181777954102,0.5293489098548889
749,10.474540710449219,9.759857177734375,0.529578685760498
750,10.493691444396973,9.777257919311523,0.530804455280304
751,10.512334823608398,9.793522834777832,0.5326219797134399
752,10.530476570129395,9.808773040771484,0.5349352359771729
753,10.549479484558105,9.824036598205566,0.5381061434745789
754,10.568520545959473,9.840213775634766,0.5404322147369385
755,10.586568832397461,9.857645988464355,0.5405354499816895
756,10.605259895324707,9.875520706176758,0.5408438444137573
757,10.624550819396973,9.892720222473145,0.5424042344093323
758,10.642763137817383,9.908491134643555,0.5442765355110168
759,10.661063194274902,9.92343521118164,0.5470521450042725
760,10.680434226989746,9.938824653625488,0.5504762530326843
761,10.698999404907227,9.955531120300293,0.5518113374710083
762,10.716971397399902,9.973429679870605,0.5513816475868225
763,10.736196517944336,9.991277694702148,0.5522540807723999
764,10.755163192749023,10.007868766784668,0.5540808439254761
765,10.772958755493164,10.022985458374023,0.5561819672584534
766,10.791881561279297,10.037841796875,0.5596737861633301
767,10.81122875213623,10.053728103637695,0.5625959634780884
768,10.82903003692627,10.071240425109863,0.562381386756897
769,10.847590446472168,10.089420318603516,0.5622693300247192
770,10.867104530334473,10.106799125671387,0.5638838410377502
771,10.885109901428223,10.122419357299805,0.5657024383544922
772,10.903268814086914,10.137022018432617,0.56867516040802
773,10.922856330871582,10.152212142944336,0.572514533996582
774,10.941171646118164,10.16907024383545,0.5734588503837585
775,10.958993911743164,10.187271118164062,0.5725934505462646
776,10.978479385375977,10.205205917358398,0.5736485123634338
777,10.997135162353516,10.221478462219238,0.5754833817481995
778,11.014700889587402,10.236148834228516,0.5777958035469055
779,11.033998489379883,10.2508544921875,0.5818166732788086
780,11.053018569946289,10.267033576965332,0.5841344594955444
781,11.070412635803223,10.285018920898438,0.5830572843551636
782,11.08946418762207,10.303267478942871,0.5833777189254761
783,11.108728408813477,10.320131301879883,0.5852494239807129
784,11.12607192993164,10.335009574890137,0.587138831615448
785,11.144822120666504,10.34936237335205,0.5909545421600342
786,11.164332389831543,10.364950180053711,0.5943402051925659
787,11.181674003601074,10.382613182067871,0.5935335755348206
788,11.200159072875977,10.401066780090332,0.5930935144424438
789,11.21972942352295,10.418392181396484,0.5948305726051331
790,11.237156867980957,10.4335298538208,0.5965522527694702
791,11.255350112915039,10.44764518737793,0.6000420451164246
792,11.275026321411133,10.462753295898438,0.6040614247322083
793,11.29252815246582,10.480046272277832,0.6037805676460266
794,11.310497283935547,10.498550415039062,0.6027814745903015
795,11.330132484436035,10.5161714553833,0.604303777217865
796,11.347729682922363,10.531533241271973,0.6059795022010803
797,11.365469932556152,10.545512199401855,0.6091530323028564
798,11.385129928588867,10.560280799865723,0.6134874820709229
799,11.402786254882812,10.577266693115234,0.6136646866798401
800,11.420363426208496,10.595757484436035,0.6122939586639404
801,11.439945220947266,10.613525390625,0.6136267185211182
802,11.45763874053955,10.628972053527832,0.6153192520141602
803,11.475052833557129,10.642796516418457,0.6183179020881653
804,11.494625091552734,10.657296180725098,0.6228273510932922
805,11.512317657470703,10.674078941345215,0.623245894908905
806,11.529623985290527,10.692570686340332,0.6216115355491638
807,11.549111366271973,10.710397720336914,0.6227990388870239
808,11.56676197052002,10.725814819335938,0.6244819164276123
809,11.583958625793457,10.739450454711914,0.6274494528770447
810,11.603434562683105,10.75373363494873,0.632076621055603
811,11.621004104614258,10.770402908325195,0.6324862837791443
812,11.63814640045166,10.788881301879883,0.6307081580162048
813,11.657536506652832,10.80665111541748,0.6318605542182922
814,11.674975395202637,10.82189655303955,0.633503794670105
815,11.69206428527832,10.835314750671387,0.636577308177948
816,11.711450576782227,10.849477767944336,0.6412361264228821
817,11.728708267211914,10.866175651550293,0.6413128972053528
818,11.745809555053711,10.884650230407715,0.6395042538642883
819,11.765093803405762,10.90223217010498,0.6407391428947449
820,11.782140731811523,10.917106628417969,0.6423555612564087
821,11.79925537109375,10.930245399475098,0.6457299590110779
822,11.818522453308105,10.94437026977539,0.6503121256828308
823,11.83530330657959,10.961246490478516,0.6497449278831482
824,11.852522850036621,10.979727745056152,0.6480556726455688
825,11.871621131896973,10.996978759765625,0.6494327187538147
826,11.888137817382812,11.01132583618164,0.6510374546051025
827,11.90544319152832,11.024182319641113,0.6548795700073242
828,11.924477577209473,11.038383483886719,0.6591616272926331
829,11.94067668914795,11.055546760559082,0.6577411890029907
830,11.958182334899902,11.07395076751709,0.6564212441444397
831,11.976927757263184,11.090665817260742,0.657970666885376
832,11.99287223815918,11.104326248168945,0.6596742272377014
833,12.010531425476074,11.116960525512695,0.6640926599502563
834,12.029088973999023,11.131427764892578,0.6676481366157532
835,12.044757843017578,11.148993492126465,0.6653159856796265
836,12.062674522399902,11.167202949523926,0.6646050810813904
837,12.080772399902344,11.18313980102539,0.6662639379501343
838,12.096292495727539,11.195975303649902,0.6683472394943237
839,12.114397048950195,11.20846176147461,0.6733617782592773
840,12.132070541381836,11.223420143127441,0.6755664944648743
841,12.14752197265625,11.241403579711914,0.6726220846176147
842,12.165823936462402,11.259235382080078,0.6726713180541992
843,12.182855606079102,11.27413272857666,0.6742755770683289
844,12.198385238647461,11.28617000579834,0.6771500110626221
845,12.216829299926758,11.298718452453613,0.6824513673782349
846,12.23318099975586,11.314424514770508,0.6826202273368835
847,12.24898624420166,11.332633018493652,0.6798203587532043
848,12.26734733581543,11.349705696105957,0.6806693077087402
849,12.28300666809082,11.363251686096191,0.6822181344032288
850,12.299165725708008,11.374717712402344,0.6862816214561462
851,12.317388534545898,11.387740135192871,0.6909165382385254
852,12.332417488098145,11.4044189453125,0.6888312697410583
853,12.349096298217773,11.422499656677246,0.6870384812355042
854,12.366766929626465,11.43829345703125,0.6884371042251587
855,12.381403923034668,11.450348854064941,0.6904138326644897
856,12.398502349853516,11.461615562438965,0.6956186890602112
857,12.415569305419922,11.475561141967773,0.6982194185256958
858,12.430047988891602,11.493117332458496,0.6947479844093323
859,12.447535514831543,11.510587692260742,0.6943646669387817
860,12.463650703430176,11.524649620056152,0.6958877444267273
861,12.478302001953125,11.535417556762695,0.6991292834281921
862,12.495991706848145,11.54693603515625,0.7046955823898315
863,12.51111125946045,11.562260627746582,0.7040292620658875
864,12.526284217834473,11.580184936523438,0.7009090781211853
865,12.54372501373291,11.596352577209473,0.701742947101593
866,12.5579833984375,11.608307838439941,0.7034543752670288
867,12.573763847351074,11.618456840515137,0.7084329128265381
868,12.590744972229004,11.630988121032715,0.7123294472694397
869,12.604436874389648,11.647770881652832,0.7088416814804077
870,12.62089729309082,11.665202140808105,0.70749431848526
871,12.636832237243652,11.679244041442871,0.7088801860809326
872,12.650484085083008,11.689285278320312,0.7118427753448486
873,12.667367935180664,11.699652671813965,0.7177302837371826
874,12.682111740112305,11.71399974822998,0.7176551818847656
875,12.696255683898926,11.731576919555664,0.7138662338256836
876,12.713052749633789,11.74749755859375,0.7143221497535706
877,12.726653099060059,11.758768081665039,0.7160544991493225
878,12.741536140441895,11.767813682556152,0.721220076084137
879,12.757845878601074,11.77941608428955,0.7253630757331848
880,12.770709991455078,11.79577350616455,0.7214844822883606
881,12.786433219909668,11.812872886657715,0.7197495698928833
882,12.801506996154785,11.826159477233887,0.7210273742675781
883,12.81436824798584,11.835027694702148,0.7243512272834778
884,12.830568313598633,11.844433784484863,0.7305029630661011
885,12.844208717346191,11.858386039733887,0.729729950428009
886,12.857776641845703,11.875629425048828,0.7257158160209656
887,12.873692512512207,11.890661239624023,0.7261742949485779
888,12.88614273071289,11.90050983428955,0.7281531691551208
889,12.900623321533203,11.908495903015137,0.7339606285095215
890,12.915696144104004,11.919791221618652,0.7371897101402283
891,12.927664756774902,11.936141967773438,0.7324520349502563
892,12.94294548034668,11.952436447143555,0.7310800552368164
893,12.95640754699707,11.963969230651855,0.7324618697166443
894,12.968816757202148,11.971250534057617,0.7368874549865723
895,12.984269142150879,11.980151176452637,0.7428064346313477
896,12.99617862701416,11.994522094726562,0.7399320006370544
897,13.009713172912598,12.011330604553223,0.7363356947898865
898,13.024190902709961,12.02458381652832,0.7370962500572205
899,13.03538990020752,12.032209396362305,0.7399935126304626
900,13.049844741821289,12.039362907409668,0.7466053366661072
901,13.062753677368164,12.051239967346191,0.7471429109573364
902,13.074365615844727,12.067709922790527,0.7419679164886475
903,13.08898639678955,12.082328796386719,0.741578221321106
904,13.100173950195312,12.09096622467041,0.7435024976730347
905,13.112882614135742,12.096833229064941,0.7496184706687927
906,13.126689910888672,12.106254577636719,0.7534291744232178
907,13.137063026428223,12.121674537658691,0.7480431795120239
908,13.15084171295166,12.137228965759277,0.7459329962730408
909,13.162728309631348,12.14726734161377,0.7472254633903503
910,13.17364501953125,12.15240478515625,0.7522656917572021
911,13.187573432922363,12.159626007080078,0.7583248615264893
912,13.197664260864258,12.173280715942383,0.7543694376945496
913,13.209976196289062,12.189230918884277,0.7504315376281738
914,13.222500801086426,12.200568199157715,0.7511318922042847
915,13.232124328613281,12.205615997314453,0.754981517791748
916,13.24537181854248,12.211108207702637,0.7620362043380737
917,13.255799293518066,12.222745895385742,0.760374903678894
918,13.266481399536133,12.238617897033691,0.7549010515213013
919,13.279191970825195,12.250978469848633,0.7548245787620544
920,13.288150787353516,12.256300926208496,0.7577620148658752
921,13.300186157226562,12.260340690612793,0.7650144696235657
922,13.311113357543945,12.269875526428223,0.7658930420875549
923,13.32032585144043,12.285284042358398,0.7594162821769714
924,13.33275318145752,12.298537254333496,0.7582219243049622
925,13.341501235961914,12.304423332214355,0.760424017906189
926,13.35214614868164,12.307196617126465,0.7675213813781738
927,13.363361358642578,12.314688682556152,0.770667552947998
928,13.371443748474121,12.32924747467041,0.7638958096504211
929,13.383201599121094,12.34303092956543,0.7615445256233215
930,13.391939163208008,12.349540710449219,0.7631567716598511
931,13.401228904724121,12.351359367370605,0.7698372006416321
932,13.412410736083984,12.357135772705078,0.7746164202690125
933,13.419675827026367,12.370707511901855,0.7679965496063232
934,13.430543899536133,12.38470458984375,0.7645716667175293
935,13.439249992370605,12.39161491394043,0.7657873630523682
936,13.447335243225098,12.392583847045898,0.7720983028411865
937,13.458203315734863,12.396881103515625,0.7780059576034546
938,13.46484661102295,12.40951156616211,0.7716906070709229
939,13.47477912902832,12.423624992370605,0.7672383785247803
940,13.483304023742676,12.430755615234375,0.7680846452713013
941,13.490363121032715,12.43093204498291,0.7741520404815674
942,13.500741004943848,12.433930397033691,0.7808360457420349
943,13.506815910339355,12.445663452148438,0.7748354077339172
944,13.515878677368164,12.45970630645752,0.7696033716201782
945,13.524030685424805,12.466789245605469,0.7701433300971985
946,13.530235290527344,12.466232299804688,0.7760837078094482
947,13.540029525756836,12.468231201171875,0.7831672430038452
948,13.545491218566895,12.479310989379883,0.7772024273872375
949,13.553813934326172,12.493117332458496,0.7714782953262329
950,13.561402320861816,12.49976634979248,0.7718932628631592
951,13.56689739227295,12.4983491897583,0.7779729962348938
952,13.576075553894043,12.499594688415527,0.7851864695549011
953,13.580839157104492,12.510377883911133,0.7788296341896057
954,13.588582992553711,12.523903846740723,0.7728177309036255
955,13.595418930053711,12.529802322387695,0.7732231616973877
956,13.600353240966797,12.527406692504883,0.7797039747238159
957,13.60888957977295,12.528121948242188,0.7868074178695679
958,13.612875938415527,12.538899421691895,0.7796992659568787
959,13.62021255493164,12.552020072937012,0.7736892104148865
960,13.626105308532715,12.55682373046875,0.7742253541946411
961,13.630659103393555,12.553445816040039,0.7812933325767517
962,13.638490676879883,12.55400562286377,0.7878616452217102
963,13.641693115234375,12.565102577209473,0.7796815037727356
964,13.648759841918945,12.577592849731445,0.7740250825881958
965,13.653517723083496,12.58083724975586,0.7749439477920532
966,13.65793514251709,12.576508522033691,0.7828125357627869
967,13.664901733398438,12.577380180358887,0.7882373929023743
968,13.66744613647461,12.58910846710205,0.7788090705871582
969,13.674308776855469,12.600729942321777,0.7737997770309448
970,13.677762985229492,12.601930618286133,0.7754006385803223
971,13.68234634399414,12.596830368041992,0.784193754196167
972,13.688157081604004,12.598554611206055,0.787662148475647
973,13.690369606018066,12.61101245880127,0.7772148251533508
974,13.696929931640625,12.621352195739746,0.7731505036354065
975,13.69906997680664,12.620112419128418,0.7758002877235413
976,13.704072952270508,12.614716529846191,0.7853162884712219
977,13.708329200744629,12.618017196655273,0.7857296466827393
978,13.7107572555542,12.631004333496094,0.7749982476234436
979,13.716612815856934,12.639304161071777,0.7722005844116211
980,13.717802047729492,12.635479927062988,0.7764018177986145
981,13.723262786865234,12.630549430847168,0.7859431505203247
982,13.725669860839844,12.636269569396973,0.7821915745735168
983,13.728903770446777,12.64919376373291,0.772334098815918
984,13.733399391174316,12.65456771850586,0.7709981203079224
985,13.734457969665527,12.648408889770508,0.7773274183273315
986,13.739978790283203,12.644803047180176,0.7856656312942505
987,13.740706443786621,12.653605461120605,0.7772738933563232
988,13.745037078857422,12.665586471557617,0.7694240212440491
989,13.747502326965332,12.667085647583008,0.7697919011116028
990,13.749485969543457,12.659421920776367,0.7785032987594604
991,13.75401496887207,12.658344268798828,0.783423900604248
992,13.754194259643555,12.669976234436035,0.7717610001564026
993,13.759145736694336,12.679926872253418,0.7664852142333984
994,13.759509086608887,12.676810264587402,0.7691993713378906
995,13.763118743896484,12.669299125671387,0.7793945074081421
996,13.765386581420898,12.672171592712402,0.7782509326934814
997,13.76674747467041,12.685154914855957,0.7664633393287659
998,13.770801544189453,12.691340446472168,0.7639080882072449
999,13.770543098449707,12.684257507324219,0.7698224782943726
1000,13.775218963623047,12.678913116455078,0.7789965867996216
1001,13.775018692016602,12.6869478225708,0.7704067230224609
1002,13.778520584106445,12.698866844177246,0.7617725729942322
1003,13.780012130737305,12.699430465698242,0.7620625495910645
1004,13.781441688537598,12.690510749816895,0.7714313268661499
1005,13.78496265411377,12.689542770385742,0.7752300500869751
1006,13.784575462341309,12.701889038085938,0.7622868418693542
1007,13.788982391357422,12.710516929626465,0.7577141523361206
1008,13.788152694702148,12.70455551147461,0.7619621157646179
1009,13.792092323303223,12.69705581665039,0.7724635004997253
1010,13.792414665222168,12.702610969543457,0.7667644023895264
1011,13.794707298278809,12.715607643127441,0.7558561563491821
1012,13.796908378601074,12.71815299987793,0.7549260258674622
1013,13.797268867492676,12.708561897277832,0.7638536095619202
1014,13.801164627075195,12.705710411071777,0.7698159217834473
1015,13.800189971923828,12.717573165893555,0.7567160725593567
1016,13.804573059082031,12.72706413269043,0.7512560486793518
1017,13.80358600616455,12.721463203430176,0.7549773454666138
1018,13.807333946228027,12.713404655456543,0.7658032178878784
1019,13.807594299316406,12.718634605407715,0.7603192329406738
1020,13.809833526611328,12.731711387634277,0.7492358088493347
1021,13.811846733093262,12.733771324157715,0.74854975938797
1022,13.812355041503906,12.72362995147705,0.7581305503845215
1023,13.816032409667969,12.721502304077148,0.7631447911262512
1024,13.81518268585205,12.734437942504883,0.749089777469635
1025,13.819629669189453,12.742996215820312,0.7445489764213562
1026,13.818349838256836,12.735358238220215,0.7499085664749146
1027,13.82278823852539,12.728010177612305,0.7607038021087646
1028,13.822053909301758,12.735993385314941,0.751523494720459
1029,13.825567245483398,12.748560905456543,0.7421586513519287
1030,13.826193809509277,12.74749755859375,0.7430593371391296
1031,13.82834529876709,12.737199783325195,0.7544000744819641
1032,13.830602645874023,12.738306999206543,0.7548296451568604
1033,13.83130168914795,12.752504348754883,0.7410497665405273
1034,13.83487319946289,12.757651329040527,0.7388783097267151
1035,13.834404945373535,12.747260093688965,0.7476762533187866
1036,13.839024543762207,12.743287086486816,0.755355179309845
1037,13.837821006774902,12.756122589111328,0.7409636378288269
1038,13.842781066894531,12.76565170288086,0.7359262704849243
1039,13.841504096984863,12.757862091064453,0.7413800358772278
1040,13.846356391906738,12.750372886657715,0.7526713609695435
1041,13.845560073852539,12.759316444396973,0.7424299716949463
1042,13.849752426147461,12.771843910217285,0.7337047457695007
1043,13.849940299987793,12.769099235534668,0.7357275485992432
1044,13.853238105773926,12.758942604064941,0.748023271560669
1045,13.854594230651855,12.762578010559082,0.7450426816940308
1046,13.856889724731445,12.777262687683105,0.7323120832443237
1047,13.859322547912598,12.779492378234863,0.7317553162574768
1048,13.860664367675781,12.767889022827148,0.7434812188148499
1049,13.864134788513184,12.767539024353027,0.7464485168457031
1050,13.8646240234375,12.78307819366455,0.7310575246810913
1051,13.868792533874512,12.788522720336914,0.7291053533554077
1052,13.868658065795898,12.776602745056152,0.7396490573883057
1053,13.873496055603027,12.773935317993164,0.7462080121040344
1054,13.872862815856934,12.789565086364746,0.7295833826065063
1055,13.878005027770996,12.796954154968262,0.7267042398452759
1056,13.877115249633789,12.785161018371582,0.7363511323928833
1057,13.882601737976074,12.780993461608887,0.7449948191642761
1058,13.88150405883789,12.796335220336914,0.728168249130249
1059,13.887048721313477,12.805058479309082,0.7243857383728027
1060,13.88592529296875,12.7937593460083,0.7333078980445862
1061,13.891610145568848,12.78866195678711,0.7430328130722046
1062,13.890451431274414,12.803373336791992,0.7267332077026367
1063,13.896061897277832,12.812687873840332,0.7224305272102356
1064,13.894997596740723,12.802045822143555,0.7307641506195068
1065,13.90063762664795,12.796875,0.740503191947937
1066,13.899613380432129,12.811158180236816,0.7247322797775269
1067,13.905111312866211,12.820220947265625,0.7205410003662109
1068,13.904239654541016,12.809710502624512,0.7289314270019531
1069,13.909698486328125,12.805187225341797,0.7378534078598022
1070,13.908930778503418,12.81982135772705,0.7219839692115784
1071,13.914180755615234,12.828085899353027,0.7183027863502502
1072,13.913637161254883,12.816901206970215,0.7276619076728821
1073,13.918758392333984,12.81344985961914,0.7351972460746765
1074,13.918429374694824,12.82912826538086,0.7187427282333374
1075,13.923200607299805,12.836030960083008,0.7158889174461365
1076,13.923273086547852,12.823625564575195,0.72704017162323
1077,13.927687644958496,12.821991920471191,0.7320969104766846
1078,13.928264617919922,12.839131355285645,0.7151135802268982
1079,13.931989669799805,12.84351634979248,0.7136430740356445
1080,13.93337631225586,12.829556465148926,0.7276134490966797
1081,13.936196327209473,12.831266403198242,0.7278303503990173
1082,13.93863582611084,12.85003662109375,0.7111108303070068
1083,13.940138816833496,12.850120544433594,0.7115713953971863
1084,13.943920135498047,12.834918975830078,0.729138970375061
1085,13.943926811218262,12.841668128967285,0.7216565012931824
1086,13.949026107788086,12.860923767089844,0.7071173787117004
1087,13.947616577148438,12.855610847473145,0.709883987903595
1088,13.953813552856445,12.84117317199707,0.7291170954704285
1089,13.951404571533203,12.853010177612305,0.7142817378044128
1090,13.958105087280273,12.870183944702148,0.7033653855323792
1091,13.95537281036377,12.860530853271484,0.7090105414390564
1092,13.962085723876953,12.849540710449219,0.7254066467285156
1093,13.959600448608398,12.864572525024414,0.7073864936828613
1094,13.965930938720703,12.877609252929688,0.7001211047172546
1095,13.964150428771973,12.865095138549805,0.7094981074333191
1096,13.96967887878418,12.859492301940918,0.7194784283638
1097,13.969143867492676,12.877116203308105,0.7008705139160156
1098,13.97314739227295,12.883076667785645,0.6981348395347595
1099,13.974634170532227,12.86846923828125,0.712835431098938
1100,13.976339340209961,12.871618270874023,0.710514485836029
1101,13.98028564453125,12.890450477600098,0.6951900124549866
1102,13.979338645935059,12.885903358459473,0.6976734399795532
1103,13.985363006591797,12.872523307800293,0.7157348394393921
1104,13.982736587524414,12.886313438415527,0.6987860202789307
1105,13.98941421508789,12.901201248168945,0.6900323033332825
1106,13.986841201782227,12.887636184692383,0.6996088624000549
1107,13.993051528930664,12.880410194396973,0.711866557598114
1108,13.99181079864502,12.90113639831543,0.6895919442176819
1109,13.996175765991211,12.908137321472168,0.686212956905365
1110,13.99770450592041,12.889801025390625,0.7045299410820007
1111,13.998866081237793,12.892901420593262,0.7016945481300354
1112,14.0037202835083,12.914381980895996,0.6847518682479858
1113,14.001686096191406,12.908857345581055,0.6871446371078491
1114,14.008437156677246,12.895777702331543,0.7056350111961365
1115,14.005633354187012,12.910478591918945,0.6875789761543274
1116,14.012073516845703,12.92206859588623,0.6818035244941711
1117,14.011035919189453,12.907118797302246,0.6943343281745911
1118,14.01491928100586,12.907470703125,0.6969486474990845
1119,14.017704963684082,12.92894172668457,0.6779267191886902
1120,14.017228126525879,12.923773765563965,0.6814839839935303
1121,14.023697853088379,12.908209800720215,0.7021200060844421
1122,14.020697593688965,12.925673484802246,0.6812663674354553
1123,14.027654647827148,12.93993091583252,0.6734480857849121
1124,14.02621078491211,12.92111587524414,0.6892693042755127
1125,14.030464172363281,12.919316291809082,0.6943274140357971
1126,14.03346061706543,12.944538116455078,0.6719501614570618
1127,14.032649993896484,12.940455436706543,0.6741833686828613
1128,14.039647102355957,12.923294067382812,0.6968818306922913
1129,14.03667163848877,12.940011978149414,0.6767354607582092
1130,14.043411254882812,12.952919960021973,0.6700358390808105
1131,14.043489456176758,12.935407638549805,0.6862167119979858
1132,14.045639038085938,12.938602447509766,0.6843495965003967
1133,14.051426887512207,12.960455894470215,0.667970597743988
1134,14.048539161682129,12.948675155639648,0.675592303276062
1135,14.0560941696167,12.938962936401367,0.6917077898979187
1136,14.054815292358398,12.963423728942871,0.6658285856246948
1137,14.058691024780273,12.96634292602539,0.6659390330314636
1138,14.063495635986328,12.943422317504883,0.6920456886291504
1139,14.061189651489258,12.959285736083984,0.6734912991523743
1140,14.068910598754883,12.978803634643555,0.6614214777946472
1141,14.0674467086792,12.959178924560547,0.6780864000320435
1142,14.07177448272705,12.956680297851562,0.6839296817779541
1143,14.076601028442383,12.982966423034668,0.6623842716217041
1144,14.074399948120117,12.974174499511719,0.6678779721260071
1145,14.08218002319336,12.962027549743652,0.6865927577018738
1146,14.081389427185059,12.984580039978027,0.6630342602729797
1147,14.084872245788574,12.986987113952637,0.6633090376853943
1148,14.091064453125,12.967438697814941,0.6876536011695862
1149,14.088374137878418,12.987401962280273,0.6647817492485046
1150,14.095921516418457,13.00018310546875,0.6590566039085388
1151,14.097343444824219,12.975424766540527,0.6836124658584595
1152,14.097909927368164,12.98586654663086,0.6732637286186218
1153,14.106023788452148,13.011296272277832,0.6559231281280518
1154,14.10388469696045,12.990293502807617,0.673299252986908
1155,14.109286308288574,12.986209869384766,0.6818192601203918
1156,14.11483097076416,13.016271591186523,0.6574180722236633
1157,14.112290382385254,13.004054069519043,0.6659610271453857
1158,14.120328903198242,12.993196487426758,0.6837311387062073
1159,14.122267723083496,13.020350456237793,0.6585019826889038
1160,14.122223854064941,13.014410018920898,0.6634365320205688
1161,14.130851745605469,12.99952220916748,0.6857791543006897
1162,14.129974365234375,13.027156829833984,0.6573438048362732
1163,14.133435249328613,13.026860237121582,0.6602773070335388
1164,14.14152717590332,13.00330924987793,0.6904446482658386
1165,14.139015197753906,13.032327651977539,0.6591105461120605
1166,14.144815444946289,13.040245056152344,0.656488835811615
1167,14.151768684387207,13.01142692565918,0.690599262714386
1168,14.148813247680664,13.036152839660645,0.6629441380500793
1169,14.155929565429688,13.049222946166992,0.6566935181617737
1170,14.161933898925781,13.0226411819458,0.6877755522727966
1171,14.159140586853027,13.044164657592773,0.663367509841919
1172,14.166834831237793,13.056106567382812,0.6587501764297485
1173,14.172398567199707,13.030475616455078,0.6885162591934204
1174,14.169888496398926,13.054872512817383,0.6616929173469543
1175,14.177606582641602,13.066106796264648,0.6577883362770081
1176,14.183309555053711,13.036457061767578,0.6915307641029358
1177,14.180976867675781,13.063138008117676,0.6627227663993835
1178,14.188394546508789,13.076478958129883,0.6565601229667664
1179,14.19480037689209,13.046031951904297,0.6917853951454163
1180,14.192541122436523,13.071403503417969,0.6642753481864929
1181,14.199137687683105,13.082743644714355,0.6592678427696228
1182,14.20703125,13.056611061096191,0.6919094324111938
1183,14.204862594604492,13.084797859191895,0.6617595553398132
1184,14.209765434265137,13.087824821472168,0.6630761623382568
1185,14.219806671142578,13.063121795654297,0.6965221762657166
1186,14.21843433380127,13.101032257080078,0.657841682434082
1187,14.220087051391602,13.094587326049805,0.6650921702384949
1188,14.231266021728516,13.070323944091797,0.6991956233978271
1189,14.232447624206543,13.11357593536377,0.6579542756080627
1190,14.23116683959961,13.10126781463623,0.6680458188056946
1191,14.240782737731934,13.084189414978027,0.6936107277870178
1192,14.245603561401367,13.121826171875,0.6613951921463013
1193,14.243803024291992,13.10527515411377,0.6751614212989807
1194,14.250722885131836,13.101016998291016,0.6856741309165955
1195,14.259734153747559,13.133675575256348,0.6624239087104797
1196,14.258806228637695,13.105146408081055,0.6886548399925232
1197,14.26059341430664,13.118911743164062,0.6766455173492432
1198,14.271228790283203,13.145281791687012,0.6611742377281189
1199,14.27446460723877,13.108949661254883,0.6990786194801331
1200,14.272805213928223,13.136476516723633,0.6702951788902283
1201,14.280339241027832,13.151118278503418,0.6631851196289062
1202,14.289302825927734,13.119502067565918,0.7023097276687622
1203,14.288972854614258,13.155784606933594,0.666310727596283
1204,14.289867401123047,13.149656295776367,0.6727222204208374
1205,14.299697875976562,13.134760856628418,0.6965948939323425
1206,14.304855346679688,13.173112869262695,0.6641116738319397
1207,14.303760528564453,13.148176193237305,0.6867316365242004
1208,14.308781623840332,13.151622772216797,0.6880142092704773
1209,14.319613456726074,13.18709659576416,0.6640653610229492
1210,14.322476387023926,13.149285316467285,0.7031564116477966
1211,14.32077693939209,13.176735877990723,0.6744258403778076
1212,14.327237129211426,13.187339782714844,0.6702350378036499
1213,14.33816146850586,13.160395622253418,0.7069652080535889
1214,14.34072494506836,13.20382308959961,0.6669984459877014
1215,14.338752746582031,13.179160118103027,0.6885405778884888
1216,14.344819068908691,13.181096076965332,0.6924087405204773
1217,14.356765747070312,13.220932006835938,0.6653989553451538
1218,14.360746383666992,13.176087379455566,0.7124676704406738
1219,14.358170509338379,13.212968826293945,0.673772931098938
1220,14.361246109008789,13.214814186096191,0.6747880578041077
1221,14.373188972473145,13.192453384399414,0.7081393599510193
1222,14.380304336547852,13.238844871520996,0.6698787808418274
1223,14.379119873046875,13.201034545898438,0.7050592303276062
1224,14.378448486328125,13.226255416870117,0.6796767711639404
1225,14.387055397033691,13.242819786071777,0.6719001531600952
1226,14.397275924682617,13.20634937286377,0.7171680331230164
1227,14.400324821472168,13.25726318359375,0.6705976128578186
1228,14.398743629455566,13.230976104736328,0.6942923665046692
1229,14.401838302612305,13.237951278686523,0.6903010010719299
1230,14.412758827209473,13.265620231628418,0.6740702390670776
1231,14.420833587646484,13.229300498962402,0.7171968817710876
1232,14.422039031982422,13.277938842773438,0.6709707975387573
1233,14.42070484161377,13.250669479370117,0.6957967877388
1234,14.425363540649414,13.256027221679688,0.69502854347229
1235,14.437089920043945,13.29268741607666,0.6709943413734436
1236,14.445652961730957,13.247145652770996,0.723493754863739
1237,14.447513580322266,13.299161911010742,0.6746228337287903
1238,14.44563102722168,13.269904136657715,0.7009962201118469
1239,14.44708251953125,13.28656005859375,0.686080813407898
1240,14.4561128616333,13.30500602722168,0.6769248843193054
1241,14.46527099609375,13.27098274230957,0.7189154028892517
1242,14.469741821289062,13.324512481689453,0.6713203191757202
1243,14.469998359680176,13.288174629211426,0.7066332697868347
1244,14.470301628112793,13.31060791015625,0.6849157810211182
1245,14.476239204406738,13.321215629577637,0.6803995966911316
1246,14.486722946166992,13.300185203552246,0.7112309336662292
1247,14.495024681091309,13.346616744995117,0.6742001175880432
1248,14.498981475830078,13.298480987548828,0.7246803641319275
1249,14.49935245513916,13.352033615112305,0.6729939579963684
1250,14.49887752532959,13.327458381652832,0.6962319016456604
1251,14.502208709716797,13.333465576171875,0.6934900283813477
1252,14.511519432067871,13.359959602355957,0.6769219040870667
1253,14.521018981933594,13.327531814575195,0.7178552150726318
1254,14.5277738571167,13.380186080932617,0.6732797622680664
1255,14.531411170959473,13.330568313598633,0.7249342799186707
1256,14.5325927734375,13.385833740234375,0.672370195388794
1257,14.532523155212402,13.354227066040039,0.7028812766075134
1258,14.5335054397583,13.374662399291992,0.6838172674179077
1259,14.539194107055664,13.383424758911133,0.6808466911315918
1260,14.548948287963867,13.364200592041016,0.7092559337615967
1261,14.55864143371582,13.412731170654297,0.6716388463973999
1262,14.567268371582031,13.357003211975098,0.734222948551178
1263,14.57534122467041,13.42971134185791,0.6716179251670837
1264,14.583795547485352,13.366180419921875,0.7417513728141785
1265,14.5944185256958,13.443587303161621,0.676925539970398
1266,14.609519958496094,13.362405776977539,0.7709009051322937
1267,14.635299682617188,13.477179527282715,0.6850801110267639
1268,14.682974815368652,13.345019340515137,0.8611144423484802
1269,14.786049842834473,13.531899452209473,0.7824029326438904
1270,15.013721466064453,13.29137897491455,1.2441400289535522
1271,15.574509620666504,13.683300018310547,1.4237511157989502
1272,16.82497215270996,13.14623737335205,3.1971964836120605
1273,19.781410217285156,14.083867073059082,5.242288112640381
1274,23.96651840209961,13.009617805480957,10.476459503173828
1275,28.266538619995117,14.789501190185547,13.047646522521973
1276,21.987415313720703,13.59615707397461,7.942970275878906
1277,15.323633193969727,14.303276062011719,0.5957086682319641
1278,19.349571228027344,14.824201583862305,4.117961883544922
1279,18.99248695373535,14.302385330200195,4.283781051635742
1280,15.657940864562988,14.706759452819824,0.5601306557655334
1281,18.916332244873047,14.98388385772705,3.5471646785736084
1282,16.24337387084961,14.555622100830078,1.3036959171295166
1283,16.711017608642578,14.46437931060791,1.865243673324585
1284,17.7451171875,14.783964157104492,2.585364818572998
1285,15.39370346069336,14.633298873901367,0.39013397693634033
1286,17.333681106567383,14.213934898376465,2.7425928115844727
1287,16.524656295776367,14.280401229858398,1.8625975847244263
1288,15.427433967590332,14.386757850646973,0.6683014631271362
1289,16.94269371032715,14.13292407989502,2.4353702068328857
1290,15.812919616699219,13.98233413696289,1.4429832696914673
1291,15.291963577270508,14.033492088317871,0.8745321035385132
1292,16.4100341796875,14.04806900024414,1.9843167066574097
1293,15.404425621032715,13.995380401611328,1.0224334001541138
1294,15.361844062805176,13.84508228302002,1.123950719833374
1295,16.120946884155273,13.889540672302246,1.8451374769210815
1296,15.351411819458008,14.075071334838867,0.8909675478935242
1297,15.399505615234375,13.822840690612793,1.1799668073654175
1298,15.942110061645508,13.67327880859375,1.870204210281372
1299,15.31968879699707,14.038971900939941,0.8900988101959229
1300,15.221626281738281,13.880691528320312,0.9425516128540039
1301,15.777192115783691,13.57536792755127,1.7941176891326904
1302,15.315042495727539,13.980268478393555,0.9362142086029053
1303,15.083745956420898,14.001070022583008,0.6843432188034058
1304,15.530807495117188,13.708941459655762,1.4134591817855835
1305,15.335482597351074,13.983210563659668,0.9477641582489014
1306,15.028801918029785,14.095884323120117,0.5333147048950195
1307,15.313119888305664,13.921759605407715,0.9853814244270325
1308,15.331543922424316,13.999367713928223,0.9227948784828186
1309,15.005561828613281,14.038219451904297,0.5607025027275085
1310,15.177446365356445,14.003938674926758,0.7652837634086609
1311,15.289557456970215,13.989615440368652,0.8854876756668091
1312,15.042911529541016,13.873794555664062,0.7518768310546875
1313,15.051006317138672,13.951723098754883,0.6838215589523315
1314,15.227497100830078,13.964804649353027,0.8430982232093811
1315,15.149711608886719,13.742109298706055,0.9810943007469177
1316,14.99379825592041,13.900077819824219,0.6702435612678528
1317,15.084131240844727,13.930065155029297,0.72889643907547
1318,15.181977272033691,13.71447467803955,1.034666895866394
1319,15.076943397521973,13.901824951171875,0.7450745701789856
1320,14.998774528503418,13.904001235961914,0.6643297672271729
1321,15.079161643981934,13.790602684020996,0.8529853224754333
1322,15.135607719421387,13.920702934265137,0.7802049517631531
1323,15.05824089050293,13.887309074401855,0.7362655401229858
1324,15.000584602355957,13.905112266540527,0.659193754196167
1325,15.067890167236328,13.91365909576416,0.7157138586044312
1326,15.106861114501953,13.862714767456055,0.8048089742660522
1327,15.062272071838379,13.98599624633789,0.638329803943634
1328,15.015754699707031,13.8705415725708,0.7021092772483826
1329,15.045151710510254,13.862833023071289,0.7382084727287292
1330,15.092586517333984,14.009753227233887,0.6414966583251953
1331,15.069421768188477,13.856706619262695,0.7657869458198547
1332,15.028125762939453,13.911808967590332,0.6689026355743408
1333,15.031661033630371,13.974016189575195,0.6116482019424438
1334,15.072824478149414,13.899025917053223,0.7248843312263489
1335,15.088024139404297,13.943699836730957,0.6940287947654724
1336,15.05691909790039,13.908833503723145,0.6972189545631409
1337,15.036356925964355,13.952194213867188,0.6334130167961121
1338,15.056519508361816,13.924814224243164,0.6783088445663452
1339,15.08538818359375,13.872057914733887,0.7584319114685059
1340,15.089381217956543,13.998419761657715,0.6386779546737671
1341,15.064306259155273,13.893473625183105,0.7147167325019836
1342,15.051553726196289,13.920886993408203,0.6741421818733215
1343,15.069136619567871,13.99056339263916,0.6235056519508362
1344,15.09261417388916,13.923310279846191,0.7117316126823425
1345,15.099142074584961,13.974370002746582,0.6664832830429077
1346,15.084324836730957,13.946635246276855,0.6787087917327881
1347,15.071474075317383,13.990108489990234,0.6223254799842834
1348,15.078835487365723,13.962255477905273,0.6551529169082642
1349,15.100105285644531,13.930564880371094,0.706805944442749
1350,15.116531372070312,14.025846481323242,0.6294762492179871
1351,15.114832878112793,13.913406372070312,0.7360792756080627
1352,15.104031562805176,13.976737976074219,0.6622922420501709
1353,15.095865249633789,13.970404624938965,0.660029947757721
1354,15.099642753601074,13.948383331298828,0.6838760375976562
1355,15.119064331054688,13.970988273620605,0.6797512173652649
1356,15.136497497558594,13.947741508483887,0.7198878526687622
1357,15.14623737335205,14.016925811767578,0.6606469750404358
1358,15.149602890014648,13.920610427856445,0.756943941116333
1359,15.145561218261719,14.032176971435547,0.6435434818267822
1360,15.138357162475586,13.969945907592773,0.6963120698928833
1361,15.132987976074219,13.990087509155273,0.6697800755500793
1362,15.13193416595459,14.001851081848145,0.6569225192070007
1363,15.141873359680176,13.996381759643555,0.6715697050094604
1364,15.155688285827637,14.005916595458984,0.6744353771209717
1365,15.167820930480957,13.97177505493164,0.7196818590164185
1366,15.181142807006836,14.057517051696777,0.6485568284988403
1367,15.194708824157715,13.950057983398438,0.7658256888389587
1368,15.212749481201172,14.06228256225586,0.6735749244689941
1369,15.244133949279785,13.97253131866455,0.7924569249153137
1370,15.304316520690918,14.08200454711914,0.7438576221466064
1371,15.43192195892334,13.925067901611328,1.0250027179718018
1372,15.741336822509766,14.20232105255127,1.062267541885376
1373,16.485475540161133,13.808693885803223,2.1912405490875244
1374,18.477523803710938,14.468143463134766,3.5371854305267334
1375,22.96808624267578,13.639029502868652,8.842320442199707
1376,32.820865631103516,15.267444610595703,17.10065269470215
1377,38.988563537597656,13.84340763092041,24.67711639404297
1378,30.170225143432617,16.198015213012695,13.561288833618164
1379,17.233259201049805,15.700550079345703,1.1228255033493042
1380,28.163856506347656,15.171753883361816,12.581374168395996
1381,18.76976203918457,17.143661499023438,1.2699326276779175
1382,24.69153594970703,17.992319107055664,6.364182472229004
1383,18.477935791015625,17.221580505371094,0.9169408082962036
1384,23.823177337646484,16.572433471679688,6.90343713760376
1385,18.877042770385742,17.349000930786133,1.2014387845993042
1386,21.93415069580078,18.570772171020508,3.0667295455932617
1387,20.535152435302734,19.04604148864746,1.2130060195922852
1388,19.887828826904297,18.307716369628906,1.2967808246612549
1389,21.0255126953125,17.167221069335938,3.5486807823181152
1390,19.749027252197266,17.08963394165039,2.3448421955108643
1391,19.97970962524414,18.259483337402344,1.4371538162231445
1392,20.087656021118164,19.072717666625977,0.7574378252029419
1393,19.444292068481445,18.267568588256836,0.9038306474685669
1394,19.19771385192871,16.578081130981445,2.3002264499664307
1395,19.55585289001465,16.20903968811035,3.0143589973449707
1396,18.357969284057617,17.49468421936035,0.5696874260902405
1397,19.31593894958496,17.928205490112305,1.106305480003357
1398,17.825679779052734,16.628393173217773,0.878226637840271
1399,18.612890243530273,15.413323402404785,2.8437530994415283
1400,17.787128448486328,15.946809768676758,1.504665493965149
1401,17.612895965576172,16.485748291015625,0.8046875
1402,17.628129959106445,15.835737228393555,1.4469478130340576
1403,17.108333587646484,15.010199546813965,1.7301819324493408
1404,17.06462287902832,14.988753318786621,1.7072304487228394
1405,17.312644958496094,15.306498527526855,1.6417468786239624
1406,16.559158325195312,15.076027870178223,1.1127933263778687
1407,17.266368865966797,14.36733341217041,2.505641460418701
1408,16.901338577270508,14.51020336151123,1.9959042072296143
1409,16.767803192138672,15.06059741973877,1.3314989805221558
1410,16.628381729125977,14.558134078979492,1.6768441200256348
1411,16.935237884521484,14.242790222167969,2.281018018722534
1412,16.480976104736328,15.014010429382324,1.0827370882034302
1413,16.44682502746582,14.969308853149414,1.0897066593170166
1414,16.71712303161621,14.367795944213867,1.9341684579849243
1415,16.172090530395508,14.7960786819458,0.9761282801628113
1416,16.364852905273438,15.157021522521973,0.8178570866584778
1417,16.241823196411133,14.685165405273438,1.145040512084961
1418,16.201126098632812,14.579835891723633,1.20566725730896
1419,16.122020721435547,15.09808349609375,0.6231674551963806
1420,16.099308013916016,14.981940269470215,0.7078406810760498
1421,16.217336654663086,14.554055213928223,1.237102746963501
1422,15.935644149780273,14.899109840393066,0.6176747679710388
1423,16.047334671020508,15.075023651123047,0.5555136203765869
1424,16.029010772705078,14.645809173583984,0.9487606287002563
1425,15.96817684173584,14.675443649291992,0.8534702062606812
1426,16.001588821411133,14.983760833740234,0.587605357170105
1427,15.952085494995117,14.737397193908691,0.773365318775177
1428,16.072769165039062,14.541210174560547,1.078104853630066
1429,15.978153228759766,14.834421157836914,0.7014161348342896
1430,15.920575141906738,14.794910430908203,0.6793171167373657
1431,15.999218940734863,14.506632804870605,1.0325486660003662
1432,15.937028884887695,14.706220626831055,0.7788541913032532
1433,15.955490112304688,14.844826698303223,0.6603091359138489
1434,15.910357475280762,14.550379753112793,0.897912859916687
1435,15.863238334655762,14.674606323242188,0.7298091650009155
1436,15.94587516784668,14.903636932373047,0.5895017385482788
1437,15.915884971618652,14.665432929992676,0.7888720631599426
1438,15.903738975524902,14.695456504821777,0.7446853518486023
1439,15.905661582946777,14.896552085876465,0.5528020262718201
1440,15.87769603729248,14.754137992858887,0.6607664227485657
1441,15.929208755493164,14.65649127960205,0.8033193349838257
1442,15.911676406860352,14.80804443359375,0.6407687067985535
1443,15.872882843017578,14.775957107543945,0.6301427483558655
1444,15.885072708129883,14.590715408325195,0.8197961449623108
1445,15.863316535949707,14.744603157043457,0.6494910717010498
1446,15.884876251220703,14.789984703063965,0.6252639889717102
1447,15.904962539672852,14.586565017700195,0.8410577774047852
1448,15.869427680969238,14.753925323486328,0.6422440409660339
1449,15.870238304138184,14.79836654663086,0.6002097725868225
1450,15.867796897888184,14.651215553283691,0.737657904624939
1451,15.862491607666016,14.74150562286377,0.6439765691757202
1452,15.894684791564941,14.820387840270996,0.6006006598472595
1453,15.887838363647461,14.711586952209473,0.6958509683609009
1454,15.875255584716797,14.71425724029541,0.6811936497688293
1455,15.880691528320312,14.852240562438965,0.5523063540458679
1456,15.862531661987305,14.723428726196289,0.6573197841644287
1457,15.870000839233398,14.70014476776123,0.6864038705825806
1458,15.887922286987305,14.841972351074219,0.5663213133811951
1459,15.878982543945312,14.710494995117188,0.68360835313797
1460,15.889659881591797,14.696712493896484,0.705040693283081
1461,15.893476486206055,14.791851043701172,0.6176983118057251
1462,15.878376960754395,14.737504959106445,0.6524753570556641
1463,15.884048461914062,14.667476654052734,0.7251371741294861
1464,15.883467674255371,14.800761222839355,0.595056414604187
1465,15.873697280883789,14.735397338867188,0.6470937132835388
1466,15.887527465820312,14.667947769165039,0.7248835563659668
1467,15.890480995178223,14.79620361328125,0.603174090385437
1468,15.888153076171875,14.734481811523438,0.659898042678833
1469,15.90247917175293,14.693893432617188,0.7111554741859436
1470,15.90495491027832,14.78436279296875,0.6270102262496948
1471,15.904868125915527,14.77498722076416,0.6336635947227478
1472,15.924309730529785,14.681830406188965,0.7430207133293152
1473,15.944835662841797,14.837878227233887,0.6110246777534485
1474,15.984075546264648,14.717766761779785,0.7671723365783691
1475,16.113567352294922,14.766899108886719,0.8448224663734436
1476,16.47934341430664,14.731940269470215,1.2494009733200073
1477,17.60272789001465,14.903093338012695,2.197376012802124
1478,21.16779327392578,14.543463706970215,6.124170303344727
1479,32.25431442260742,15.5101900100708,16.249361038208008
1480,54.526702880859375,14.6641263961792,39.38111114501953
1481,66.44668579101562,17.42555809020996,48.57699203491211
1482,22.234317779541016,17.032142639160156,4.791491508483887
1483,39.75103759765625,17.6722412109375,21.697711944580078
1484,21.565568923950195,20.163330078125,1.0780068635940552
1485,33.720680236816406,21.80559730529785,11.617748260498047
1486,29.63782501220703,22.11844253540039,7.238208293914795
1487,23.91768455505371,22.104520797729492,1.5499833822250366
1488,28.855880737304688,22.373014450073242,6.236566066741943
1489,30.595577239990234,22.78592300415039,7.577871799468994
1490,26.856372833251953,23.28037452697754,3.357980489730835
1491,26.197338104248047,24.03528594970703,1.959928035736084
1492,28.207448959350586,25.105499267578125,2.9198670387268066
1493,29.2783145904541,26.200571060180664,2.9165728092193604
1494,28.65066909790039,26.83333969116211,1.6708369255065918
1495,27.412601470947266,26.650146484375,0.6189932227134705
1496,26.688400268554688,25.650121688842773,0.8850905895233154
1497,27.169403076171875,24.2525634765625,2.745544195175171
1498,28.057857513427734,23.162776947021484,4.708071708679199
1499,27.47854232788086,22.965600967407227,4.3242082595825195
1500,26.194751739501953,23.644027709960938,2.3744590282440186
1501,25.999855041503906,24.63102149963379,1.208628535270691
1502,26.4609432220459,25.314252853393555,0.9967904090881348
1503,26.362354278564453,25.327016830444336,0.8857825994491577
1504,25.410655975341797,24.5718936920166,0.6782221794128418
1505,24.495519638061523,23.240652084350586,1.0730921030044556
1506,24.545583724975586,21.81978988647461,2.5184154510498047
1507,24.661880493164062,20.954147338867188,3.482459306716919
1508,23.69255828857422,21.039928436279297,2.427302837371826
1509,22.992313385009766,21.75692367553711,1.022162914276123
1510,23.128957748413086,22.298290252685547,0.6259369254112244
1511,22.87801170349121,22.031686782836914,0.6353187561035156
1512,21.971391677856445,20.89250946044922,0.8443179726600647
1513,21.773765563964844,19.527565002441406,1.9808374643325806
1514,21.913562774658203,18.85617446899414,2.774655342102051
1515,21.125925064086914,19.127077102661133,1.7199674844741821
1516,20.97968292236328,19.61504554748535,1.093616008758545
1517,21.093673706054688,19.596078872680664,1.2230982780456543
1518,20.499818801879883,18.858745574951172,1.3469884395599365
1519,20.539020538330078,17.84767723083496,2.3691344261169434
1520,20.549518585205078,17.494138717651367,2.7204675674438477
1521,20.10546112060547,18.008087158203125,1.7731159925460815
1522,20.347543716430664,18.315603256225586,1.712622046470642
1523,20.010650634765625,17.882966995239258,1.7950960397720337
1524,19.89314079284668,17.159929275512695,2.3801493644714355
1525,19.873781204223633,16.887969970703125,2.623563528060913
1526,19.48415756225586,17.360469818115234,1.7734495401382446
1527,19.607210159301758,17.71232032775879,1.5534545183181763
1528,19.285480499267578,17.32686424255371,1.6055748462677002
1529,19.330976486206055,16.801300048828125,2.160814046859741
1530,19.20189666748047,16.831857681274414,2.0001726150512695
1531,19.095842361450195,17.28521728515625,1.451175332069397
1532,19.137983322143555,17.4119815826416,1.3679163455963135
1533,18.939716339111328,16.943340301513672,1.6221818923950195
1534,19.035350799560547,16.63838768005371,2.0115721225738525
1535,18.84124755859375,16.82330322265625,1.6351007223129272
1536,18.86449432373047,17.143850326538086,1.3447879552841187
1537,18.733701705932617,16.985538482666016,1.3652864694595337
1538,18.656185150146484,16.558666229248047,1.699736475944519
1539,18.602771759033203,16.460630416870117,1.7390382289886475
1540,18.483158111572266,16.713544845581055,1.371465802192688
1541,18.490482330322266,16.78597640991211,1.3063207864761353
1542,18.369281768798828,16.397001266479492,1.5594137907028198
1543,18.419921875,16.207365036010742,1.7919706106185913
1544,18.3580322265625,16.283132553100586,1.6530585289001465
1545,18.562162399291992,16.586498260498047,1.562654733657837
1546,19.035701751708984,16.083255767822266,2.518031120300293
1547,21.338712692260742,16.43227767944336,4.487319469451904
1548,30.404449462890625,15.584516525268555,14.35680866241455
1549,62.421669006347656,18.570220947265625,43.49641418457031
1550,82.2408218383789,16.67984390258789,65.10655212402344
1551,32.85158920288086,21.059831619262695,11.479052543640137
1552,50.37947082519531,22.3925724029541,27.697128295898438
1553,27.11419677734375,21.018417358398438,5.760846138000488
1554,39.413429260253906,20.14378547668457,18.886333465576172
1555,41.796875,21.447797775268555,19.992233276367188
1556,27.607986450195312,23.501327514648438,3.815502166748047
1557,34.549922943115234,24.817562103271484,9.481693267822266
1558,35.9056510925293,24.50364112854004,11.153299331665039
1559,28.97909927368164,23.46912956237793,5.241459369659424
1560,30.7871036529541,23.26097869873047,7.245754718780518
1561,33.83844757080078,24.54831886291504,9.034138679504395
1562,31.369731903076172,26.620412826538086,4.541614055633545
1563,30.0574893951416,28.181135177612305,1.7070058584213257
1564,30.639328002929688,28.495018005371094,1.99008047580719
1565,30.78812599182129,27.59159278869629,3.0360000133514404
1566,29.28421401977539,26.009416580200195,3.09273624420166
1567,27.847412109375,24.482807159423828,3.1551053524017334
1568,28.793270111083984,23.695077896118164,4.86979341506958
1569,29.926891326904297,24.00684928894043,5.695213317871094
1570,28.800643920898438,25.175609588623047,3.424102544784546
1571,27.799659729003906,26.487943649291992,1.1376265287399292
1572,28.329044342041016,27.323137283325195,0.8487362861633301
1573,29.107532501220703,27.442367553710938,1.511927843093872
1574,28.65967559814453,26.903358459472656,1.5951546430587769
1575,27.227046966552734,25.91509246826172,1.1329704523086548
1576,26.679588317871094,24.760997772216797,1.7155624628067017
1577,27.3338623046875,23.808805465698242,3.3003146648406982
1578,26.85187530517578,23.38026237487793,3.2378740310668945
1579,25.54480743408203,23.51449203491211,1.8015164136886597
1580,25.667774200439453,23.896825790405273,1.5507900714874268
1581,25.918611526489258,24.131494522094727,1.569314956665039
1582,25.10915184020996,23.922094345092773,0.9598615169525146
1583,24.914836883544922,23.21269416809082,1.4544111490249634
1584,25.053913116455078,22.285369873046875,2.4980764389038086
1585,24.327463150024414,21.606258392333984,2.4377188682556152
1586,24.363779067993164,21.482385635375977,2.5972232818603516
1587,23.95589828491211,21.795299530029297,1.8803772926330566
1588,23.405902862548828,22.068187713623047,1.0565084218978882
1589,23.612659454345703,21.876550674438477,1.4456762075424194
1590,22.946372985839844,21.231365203857422,1.410891056060791
1591,23.046892166137695,20.620250701904297,2.111203670501709
1592,22.973766326904297,20.524921417236328,2.1292827129364014
1593,22.49055290222168,20.82026481628418,1.3507167100906372
1594,22.779699325561523,20.883163452148438,1.5732214450836182
1595,22.185075759887695,20.4002628326416,1.4505579471588135
1596,22.372512817382812,19.727523803710938,2.2954070568084717
1597,22.068439483642578,19.44233512878418,2.265035390853882
1598,22.105850219726562,19.616661071777344,2.1263277530670166
1599,21.93946075439453,19.76923370361328,1.81077241897583
1600,21.912799835205078,19.534582138061523,2.0156335830688477
1601,21.616722106933594,19.11634635925293,2.126157760620117
1602,21.6375675201416,19.00225830078125,2.255415201187134
1603,21.27433204650879,19.283855438232422,1.6197929382324219
1604,21.336498260498047,19.49025535583496,1.4843056201934814
1605,21.009998321533203,19.297948837280273,1.3451238870620728
1606,21.011363983154297,18.942562103271484,1.6913889646530151
1607,20.70769500732422,18.85501480102539,1.4752813577651978
1608,20.657697677612305,19.00591468811035,1.280574917793274
1609,20.416723251342773,19.013822555541992,1.0300698280334473
1610,20.386707305908203,18.747434616088867,1.258463978767395
1611,20.221412658691406,18.470041275024414,1.3663392066955566
1612,20.139963150024414,18.426984786987305,1.3275700807571411
1613,20.075138092041016,18.5376033782959,1.152903437614441
1614,19.905424118041992,18.5239200592041,0.9982950687408447
1615,19.90557098388672,18.283885955810547,1.2343931198120117
1616,19.79620933532715,18.051910400390625,1.3486392498016357
1617,19.702659606933594,18.068004608154297,1.2389602661132812
1618,19.733257293701172,18.11235237121582,1.2274975776672363
1619,19.567747116088867,17.889686584472656,1.2752190828323364
1620,19.551937103271484,17.60191535949707,1.5371848344802856
1621,19.5808048248291,17.53778839111328,1.6285713911056519
1622,19.481563568115234,17.59769058227539,1.4665952920913696
1623,19.398029327392578,17.533668518066406,1.443701148033142
1624,19.419538497924805,17.365055084228516,1.6284823417663574
1625,19.367692947387695,17.338544845581055,1.597327709197998
1626,19.2477970123291,17.471506118774414,1.347055435180664
1627,19.22057342529297,17.46935272216797,1.3189252614974976
1628,19.230852127075195,17.31475067138672,1.4736474752426147
1629,19.16718292236328,17.290050506591797,1.4324135780334473
1630,19.08445167541504,17.389755249023438,1.2477155923843384
1631,19.082366943359375,17.375579833984375,1.2553285360336304
1632,19.096532821655273,17.24039077758789,1.399547815322876
1633,19.04574966430664,17.239330291748047,1.344671607017517
1634,18.975948333740234,17.333293914794922,1.182532548904419
1635,18.96123695373535,17.3017520904541,1.1961510181427002
1636,18.986194610595703,17.172574996948242,1.342115044593811
1637,18.958871841430664,17.16350746154785,1.3231818675994873
1638,18.9021053314209,17.234081268310547,1.1934555768966675
1639,18.8501033782959,17.156452178955078,1.214904546737671
1640,18.855220794677734,17.047616958618164,1.3242906332015991
1641,18.8488826751709,17.093320846557617,1.2700179815292358
1642,18.825408935546875,17.131488800048828,1.210609793663025
1643,18.766834259033203,17.06087875366211,1.2172678709030151
1644,18.716663360595703,16.979827880859375,1.2459636926651
1645,18.67458152770996,17.01878547668457,1.1647449731826782
1646,18.666706085205078,17.015727996826172,1.1579161882400513
1647,18.66277313232422,16.87796401977539,1.2881195545196533
1648,18.671878814697266,16.85152244567871,1.3194688558578491
1649,18.709178924560547,16.85967445373535,1.351617693901062
1650,18.836883544921875,16.847881317138672,1.4857115745544434
1651,19.247512817382812,16.698083877563477,2.047795295715332
1652,20.629501342773438,16.847030639648438,3.273756265640259
1653,24.940753936767578,16.742353439331055,7.704583168029785
1654,38.960205078125,17.221534729003906,21.223962783813477
1655,62.22349548339844,17.39073371887207,44.372703552246094
1656,67.26258850097656,19.14290428161621,47.64887237548828
1657,24.17500877380371,20.024593353271484,3.7396888732910156
1658,47.295082092285156,20.04817008972168,26.84308624267578
1659,24.280548095703125,20.944494247436523,2.9297280311584473
1660,38.33518600463867,22.51380729675293,15.424338340759277
1661,29.917831420898438,24.13242530822754,5.4279608726501465
1662,27.662425994873047,24.957990646362305,2.374690055847168
1663,34.31584930419922,24.838754653930664,9.145818710327148
1664,29.652286529541016,24.326904296875,4.979273796081543
1665,28.88091278076172,24.50061798095703,4.0302886962890625
1666,32.09476852416992,25.849327087402344,5.920088291168213
1667,31.0054988861084,27.635536193847656,3.0850088596343994
1668,29.70290756225586,28.657732009887695,0.7875417470932007
1669,30.154064178466797,28.310638427734375,1.5872457027435303
1670,30.506179809570312,26.886676788330078,3.34346866607666
1671,29.78769302368164,25.407718658447266,4.079704761505127
1672,29.143579483032227,24.93653678894043,3.8995187282562256
1673,29.245037078857422,25.69754409790039,3.257103681564331
1674,29.241283416748047,26.955718994140625,2.0230329036712646
1675,28.67348289489746,27.731868743896484,0.699003279209137
1676,28.249332427978516,27.501317977905273,0.5078939199447632
1677,28.325517654418945,26.39615249633789,1.6752429008483887
1678,27.91377830505371,25.0505313873291,2.5876786708831787
1679,27.234071731567383,24.216644287109375,2.7264533042907715
1680,27.50325584411621,24.236169815063477,2.975978136062622
1681,27.081317901611328,24.82945442199707,1.9733476638793945
1682,26.29374122619629,25.32984733581543,0.6975477337837219
1683,26.666717529296875,25.2122745513916,1.1882107257843018
1684,26.288705825805664,24.43064308166504,1.5775506496429443
1685,25.321189880371094,23.38904571533203,1.6290327310562134
1686,25.922208786010742,22.70252227783203,2.8995659351348877
1687,25.085485458374023,22.725006103515625,2.0408058166503906
1688,24.676477432250977,23.10556983947754,1.2606548070907593
1689,24.93393325805664,23.168413162231445,1.4561820030212402
1690,23.91274642944336,22.61553382873535,0.9733529090881348
1691,24.146162033081055,21.77340316772461,2.0274405479431152
1692,23.490209579467773,21.281766891479492,1.8522971868515015
1693,23.426820755004883,21.332977294921875,1.7400003671646118
1694,23.03418731689453,21.47146224975586,1.2097474336624146
1695,22.86448097229004,21.230419158935547,1.270896315574646
1696,22.636627197265625,20.67245864868164,1.586142659187317
1697,22.379167556762695,20.198148727416992,1.793035864830017
1698,22.267053604125977,20.028427124023438,1.8452118635177612
1699,22.013208389282227,20.035369873046875,1.580199122428894
1700,21.848072052001953,19.93718910217285,1.510251522064209
1701,21.734533309936523,19.54829216003418,1.778913974761963
1702,21.31915283203125,19.047527313232422,1.8508726358413696
1703,21.42795753479004,18.912397384643555,2.0897274017333984
1704,20.95128631591797,19.07823944091797,1.4553207159042358
1705,20.910564422607422,18.827167510986328,1.6612261533737183
1706,20.872838973999023,18.24904441833496,2.1846415996551514
1707,20.422636032104492,18.146181106567383,1.8376609086990356
1708,20.484745025634766,18.26177215576172,1.7893829345703125
1709,20.48881721496582,18.02042007446289,2.026317834854126
1710,20.119739532470703,17.692138671875,1.9793710708618164
1711,19.959148406982422,17.5947322845459,1.913804054260254
1712,20.085224151611328,17.678586959838867,1.9569331407546997
1713,20.002986907958984,17.619487762451172,1.9348928928375244
1714,19.72417640686035,17.294898986816406,1.9684453010559082
1715,19.432788848876953,17.35040283203125,1.6234796047210693
1716,19.37752342224121,17.458782196044922,1.4622677564620972
1717,19.39998435974121,17.262300491333008,1.672242522239685
1718,19.47556495666504,17.197002410888672,1.812403917312622
1719,19.478275299072266,17.2643985748291,1.744994044303894
1720,19.462846755981445,17.361928939819336,1.636783242225647
1721,19.394128799438477,17.17006492614746,1.748271107673645
1722,19.346803665161133,17.194387435913086,1.678309679031372
1723,19.32663917541504,17.318130493164062,1.5312105417251587
1724,19.274194717407227,17.223121643066406,1.5711132287979126
1725,19.250802993774414,17.129972457885742,1.631327748298645
1726,19.212059020996094,17.20414924621582,1.5214818716049194
1727,19.194446563720703,17.23988914489746,1.4636051654815674
1728,19.18036460876465,17.134567260742188,1.5529801845550537
1729,19.195758819580078,17.139808654785156,1.5576581954956055
1730,19.259952545166016,17.26527214050293,1.5016124248504639
1731,19.364864349365234,17.179704666137695,1.6826460361480713
1732,19.62799072265625,17.178556442260742,1.948865532875061
1733,20.167665481567383,17.21891212463379,2.4407882690429688
1734,21.29220199584961,17.3348445892334,3.458378791809082
1735,23.363609313964844,17.23177146911621,5.616860866546631
1736,27.1051025390625,17.44906234741211,9.159686088562012
1737,32.16109085083008,17.591215133666992,14.057304382324219
1738,35.12612533569336,17.881107330322266,16.759870529174805
1739,30.70986557006836,18.003686904907227,12.201642036437988
1740,21.38677215576172,18.231393814086914,2.6677141189575195
1741,21.151548385620117,18.228851318359375,2.4293460845947266
1742,26.867624282836914,18.45583724975586,7.907374858856201
1743,23.784149169921875,19.053104400634766,4.2544121742248535
1744,20.09937286376953,18.865808486938477,0.7453486323356628
1745,24.6429443359375,18.510997772216797,5.624761581420898
1746,23.19542694091797,19.03095054626465,3.6863603591918945
1747,20.29257583618164,19.335786819458008,0.4850342571735382
1748,23.298784255981445,18.876169204711914,3.9333441257476807
1749,22.066551208496094,18.604162216186523,2.9778761863708496
1750,19.970224380493164,18.877986907958984,0.613888144493103
1751,22.3365478515625,18.86285400390625,2.9896984100341797
1752,21.314489364624023,18.354421615600586,2.472872018814087
1753,19.50491714477539,18.119611740112305,0.8894990086555481
1754,20.905582427978516,18.19784927368164,2.2131478786468506
1755,21.659685134887695,18.049053192138672,3.1246867179870605
1756,20.0219783782959,17.779460906982422,1.7444860935211182
1757,19.193153381347656,17.53987693786621,1.153985619544983
1758,20.245132446289062,17.607595443725586,2.145890235900879
1759,21.439638137817383,17.649641036987305,3.2923429012298584
1760,21.348724365234375,17.31696319580078,3.5327117443084717
1761,20.29074478149414,17.52288055419922,2.266404151916504
1762,19.273670196533203,17.601566314697266,1.1767529249191284
1763,19.171977996826172,17.51949119567871,1.153207778930664
1764,19.840923309326172,17.588991165161133,1.7500677108764648
1765,20.122652053833008,17.73228645324707,1.8979804515838623
1766,19.57002830505371,17.754064559936523,1.3183162212371826
1767,19.006208419799805,17.618635177612305,0.8883545398712158
1768,19.13048553466797,17.68001365661621,0.9534974098205566
1769,19.676925659179688,17.76705551147461,1.4118874073028564
1770,19.88273048400879,17.63412094116211,1.7514911890029907
1771,19.627614974975586,17.508037567138672,1.6131478548049927
1772,19.157329559326172,17.563657760620117,1.092329978942871
1773,18.853271484375,17.473058700561523,0.8730771541595459
1774,18.947328567504883,17.320972442626953,1.1128594875335693
1775,19.257728576660156,17.35007095336914,1.3966120481491089
1776,19.49652862548828,17.387083053588867,1.594696283340454
1777,19.491422653198242,17.31736946105957,1.6611589193344116
1778,19.34061622619629,17.311208724975586,1.5113087892532349
1779,19.144071578979492,17.459171295166016,1.174415111541748
1780,18.931058883666992,17.386247634887695,1.0279449224472046
1781,18.778608322143555,17.365966796875,0.8952314257621765
1782,18.718158721923828,17.42681312561035,0.7737928628921509
1783,18.778316497802734,17.38167953491211,0.8752949833869934
1784,18.89779281616211,17.29094886779785,1.0835566520690918
1785,19.018449783325195,17.296520233154297,1.1952632665634155
1786,19.153867721557617,17.30340576171875,1.3271113634109497
1787,19.33990478515625,17.159053802490234,1.6481521129608154
1788,19.715688705444336,17.217350006103516,1.97208571434021
1789,20.54596519470215,17.164501190185547,2.846031427383423
1790,22.493255615234375,17.251989364624023,4.7164626121521
1791,26.914541244506836,17.124555587768555,9.246103286743164
1792,37.024818420410156,17.639158248901367,18.87483024597168
1793,51.824363708496094,17.620763778686523,33.66062545776367
1794,58.587562561035156,18.57573890686035,39.52644729614258
1795,35.005218505859375,18.868820190429688,15.628816604614258
1796,23.37931251525879,19.021350860595703,3.853912115097046
1797,38.443153381347656,19.758474349975586,18.20505142211914
1798,22.484130859375,20.709814071655273,1.2978633642196655
1799,32.78016662597656,21.218475341796875,11.0798978805542
1800,23.54591178894043,21.654247283935547,1.4300960302352905
1801,30.925376892089844,21.554237365722656,8.909299850463867
1802,23.797931671142578,21.594947814941406,1.7322368621826172
1803,29.372312545776367,22.38290786743164,6.53065299987793
1804,24.71023178100586,23.40367889404297,0.8816404342651367
1805,27.300861358642578,23.406185150146484,3.480703115463257
1806,26.16452407836914,22.57577133178711,3.159088134765625
1807,25.36870574951172,22.171377182006836,2.7548089027404785
1808,26.828765869140625,22.850229263305664,3.5526838302612305
1809,24.53342056274414,23.706811904907227,0.4294382631778717
1810,26.208942413330078,23.500734329223633,2.3151187896728516
1811,24.561080932617188,22.401123046875,1.7447136640548706
1812,25.026338577270508,21.672510147094727,2.919217824935913
1813,24.69405174255371,22.13287353515625,2.1406123638153076
1814,23.91212272644043,22.837915420532227,0.678806722164154
1815,24.654029846191406,22.471134185791016,1.7852438688278198
1816,22.881412506103516,21.253002166748047,1.2025076150894165
1817,24.169509887695312,20.647890090942383,3.081698417663574
1818,22.260526657104492,21.215051651000977,0.6271225214004517
1819,23.4541072845459,21.438554763793945,1.6079902648925781
1820,21.75418472290039,20.51816177368164,0.8053910732269287
1821,22.751296997070312,19.56298828125,2.7333931922912598
1822,21.61884880065918,19.73754119873047,1.4378154277801514
1823,21.766799926757812,19.936161041259766,1.3939969539642334
1824,21.818124771118164,19.26264190673828,2.0979723930358887
1825,20.82172966003418,18.65973663330078,1.6929796934127808
1826,21.32164192199707,18.78094482421875,2.079754114151001
1827,21.167421340942383,18.814632415771484,1.8896745443344116
1828,20.200695037841797,18.33496856689453,1.39352548122406
1829,21.034048080444336,17.982364654541016,2.5731394290924072
1830,21.382909774780273,18.142364501953125,2.762399435043335
1831,20.600418090820312,18.069963455200195,2.054651975631714
1832,20.09870719909668,17.53226089477539,2.0728535652160645
1833,20.298383712768555,17.663482666015625,2.142616033554077
1834,20.657705307006836,17.910783767700195,2.2652266025543213
1835,20.076068878173828,17.507160186767578,2.0700323581695557
1836,19.548921585083008,17.74789047241211,1.309232473373413
1837,19.88564682006836,18.145261764526367,1.2590858936309814
1838,20.191665649414062,17.92161750793457,1.775382399559021
1839,19.975479125976562,18.05963897705078,1.4242017269134521
1840,19.526681900024414,18.192346572875977,0.8394653797149658
1841,19.559478759765625,18.088422775268555,0.9678946733474731
1842,19.874862670898438,18.00927734375,1.3587501049041748
1843,19.740158081054688,18.05331039428711,1.1753458976745605
1844,19.432336807250977,18.04954719543457,0.8709238171577454
1845,19.504457473754883,17.89585304260254,1.090689778327942
1846,19.687397003173828,17.89685821533203,1.2681050300598145
1847,19.5800838470459,18.01124382019043,1.050364375114441
1848,19.34319305419922,17.80681610107422,1.0074729919433594
1849,19.31104850769043,17.831012725830078,0.9501857161521912
1850,19.478837966918945,17.936655044555664,1.0160049200057983
1851,19.550851821899414,17.703351974487305,1.3103463649749756
1852,19.42290687561035,17.78602409362793,1.1035994291305542
1853,19.23455238342285,17.79945945739746,0.8988307118415833
1854,19.199420928955078,17.696828842163086,0.9608553647994995
1855,19.341575622558594,17.709091186523438,1.0907540321350098
1856,19.439407348632812,17.725210189819336,1.1689589023590088
1857,19.374847412109375,17.681425094604492,1.148977279663086
1858,19.239683151245117,17.57623863220215,1.1128805875778198
1859,19.128808975219727,17.645450592041016,0.9357081651687622
1860,19.09847640991211,17.550052642822266,0.9962540864944458
1861,19.176605224609375,17.467456817626953,1.1512268781661987
1862,19.276832580566406,17.5859432220459,1.1371015310287476
1863,19.329402923583984,17.452604293823242,1.3144688606262207
1864,19.35395050048828,17.51207160949707,1.2836461067199707
1865,19.35537338256836,17.49654197692871,1.2963359355926514
1866,19.336341857910156,17.519495010375977,1.2574251890182495
1867,19.3186092376709,17.438623428344727,1.3137387037277222
1868,19.31646728515625,17.57650375366211,1.179791808128357
1869,19.310367584228516,17.421802520751953,1.3187052011489868
1870,19.34691619873047,17.533803939819336,1.2485530376434326
1871,19.450746536254883,17.445232391357422,1.4331456422805786
1872,19.680374145507812,17.495710372924805,1.616851568222046
1873,20.175138473510742,17.368383407592773,2.2285611629486084
1874,21.355680465698242,17.58234405517578,3.2085301876068115
1875,23.992961883544922,17.251508712768555,6.154783248901367
1876,30.73560905456543,17.868602752685547,12.314271926879883
1877,43.75020980834961,17.378156661987305,25.778366088867188
1878,67.32612609863281,18.725889205932617,48.075775146484375
1879,73.74158477783203,18.62523651123047,54.547637939453125
1880,39.50462341308594,19.808576583862305,19.187210083007812
1881,27.971275329589844,19.546493530273438,7.894379615783691
1882,44.25010681152344,20.205120086669922,23.496559143066406
1883,25.39011573791504,22.68059539794922,2.230175256729126
1884,36.99161148071289,22.9959659576416,13.528986930847168
1885,26.61444664001465,21.951263427734375,4.160096645355225
1886,32.9095344543457,22.255273818969727,10.13904857635498
1887,29.835857391357422,24.416263580322266,4.959355354309082
1888,28.49840545654297,25.696922302246094,2.3855066299438477
1889,31.482276916503906,24.93509864807129,6.126460075378418
1890,27.89423942565918,23.647071838378906,3.799750566482544
1891,28.816286087036133,23.784198760986328,4.582943439483643
1892,29.689382553100586,25.29071044921875,3.9852006435394287
1893,27.582124710083008,26.414695739746094,0.7898932695388794
1894,28.247573852539062,26.03045654296875,1.846213459968567
1895,28.734561920166016,24.74342155456543,3.602583169937134
1896,26.659242630004883,23.96175193786621,2.2921695709228516
1897,27.795564651489258,24.283992767333984,3.1104354858398438
1898,27.358999252319336,25.053470611572266,1.9251569509506226
1899,25.99983024597168,25.17433738708496,0.45854315161705017
1900,27.188705444335938,24.347806930541992,2.46588134765625
1901,25.573814392089844,23.32662010192871,1.8516974449157715
1902,25.724733352661133,22.92848777770996,2.3882968425750732
1903,25.62954330444336,23.19546890258789,2.0338149070739746
1904,24.37017059326172,23.33426284790039,0.6470387578010559
1905,25.251798629760742,22.703659057617188,2.1509830951690674
1906,23.417999267578125,21.735620498657227,1.26116144657135
1907,24.52124786376953,21.301883697509766,2.7852563858032227
1908,22.73004913330078,21.530292510986328,0.7765668034553528
1909,23.80630874633789,21.364086151123047,2.020451784133911
1910,22.106969833374023,20.530834197998047,1.1321805715560913
1911,23.160478591918945,19.911449432373047,2.7879159450531006
1912,21.93979835510254,20.086040496826172,1.4036704301834106
1913,22.315834045410156,19.98485565185547,1.8809090852737427
1914,22.12714195251465,19.279579162597656,2.375596761703491
1915,21.269987106323242,19.099464416503906,1.696664810180664
1916,22.139001846313477,19.360332489013672,2.315678834915161
1917,21.52113914489746,18.975139617919922,2.068655014038086
1918,21.38315773010254,18.560415267944336,2.3331539630889893
1919,21.839189529418945,18.834068298339844,2.524970293045044
1920,21.177051544189453,18.71749496459961,1.9700360298156738
1921,21.018550872802734,18.379600524902344,2.1377131938934326
1922,21.40045166015625,18.74345588684082,2.1669974327087402
1923,20.953086853027344,19.020782470703125,1.4437888860702515
1924,20.622207641601562,18.775667190551758,1.3481488227844238
1925,20.953548431396484,19.03176498413086,1.4294284582138062
1926,20.803997039794922,19.505277633666992,0.8120890259742737
1927,20.467208862304688,19.222667694091797,0.7459877729415894
1928,20.82575225830078,19.059926986694336,1.260540246963501
1929,20.601055145263672,19.425548553466797,0.6739369034767151
1930,20.309066772460938,19.186513900756836,0.6126822829246521
1931,20.66249656677246,18.71156120300293,1.4274784326553345
1932,20.471378326416016,18.920116424560547,1.0299909114837646
1933,20.19855499267578,18.83404541015625,0.8422452807426453
1934,20.357210159301758,18.38335609436035,1.4388710260391235
1935,20.467613220214844,18.53510856628418,1.3992929458618164
1936,20.34395980834961,18.5823974609375,1.2330127954483032
1937,20.13418960571289,18.244993209838867,1.3481923341751099
1938,20.194072723388672,18.406951904296875,1.2484264373779297
1939,20.320051193237305,18.547365188598633,1.2391549348831177
1940,20.102922439575195,18.36318588256836,1.1943806409835815
1941,19.92812728881836,18.481470108032227,0.9029915928840637
1942,20.07668685913086,18.64987564086914,0.8869755864143372
1943,20.127687454223633,18.482803344726562,1.0951579809188843
1944,20.000152587890625,18.48397445678711,0.9680876731872559
1945,19.911357879638672,18.60116195678711,0.7642568945884705
1946,19.946701049804688,18.367361068725586,1.0249882936477661
1947,20.03013801574707,18.32234764099121,1.153667688369751
1948,20.00967025756836,18.420873641967773,1.0344618558883667
1949,19.858980178833008,18.20289421081543,1.0952142477035522
1950,19.801624298095703,18.203289031982422,1.0354890823364258
1951,19.89682388305664,18.30898094177246,1.0256390571594238
1952,19.947521209716797,18.13960838317871,1.2408398389816284
1953,19.909366607666016,18.1983585357666,1.1421219110488892
1954,19.8380126953125,18.2403507232666,1.031213402748108
1955,19.772716522216797,18.09445571899414,1.104894757270813
1956,19.760440826416016,18.182125091552734,1.0065518617630005
1957,19.813539505004883,18.198606491088867,1.0436099767684937
1958,19.855417251586914,18.082538604736328,1.193976879119873
1959,19.847787857055664,18.21990966796875,1.0542060136795044
1960,19.801647186279297,18.139829635620117,1.081985354423523
1961,19.74932098388672,18.110666275024414,1.0588457584381104
1962,19.697742462158203,18.174625396728516,0.9439808130264282
1963,19.669357299804688,18.091960906982422,0.9956064224243164
1964,19.691280364990234,18.092634201049805,1.0173183679580688
1965,19.731731414794922,18.149383544921875,1.0011216402053833
1966,19.757896423339844,18.06689453125,1.108171820640564
1967,19.784029006958008,18.075538635253906,1.1229389905929565
1968,19.846311569213867,18.117944717407227,1.1460827589035034
1969,19.969926834106445,17.961854934692383,1.4164425134658813
1970,20.257007598876953,18.12444496154785,1.5501874685287476
1971,20.9106388092041,17.93390655517578,2.3812804222106934
1972,22.774967193603516,18.13775062561035,4.057272434234619
1973,27.406661987304688,17.940221786499023,8.864301681518555
1974,40.35443878173828,18.473590850830078,21.317142486572266
1975,64.26642608642578,18.416507720947266,45.243038177490234
1976,92.19197845458984,19.6719913482666,71.99248504638672
1977,63.00694274902344,20.764877319335938,41.6928825378418
1978,26.161588668823242,20.271169662475586,5.333036422729492
1979,56.3754768371582,21.175731658935547,34.67194747924805
1980,27.79255485534668,24.019948959350586,3.287931203842163
1981,45.009971618652344,24.752416610717773,19.76282501220703
1982,30.857513427734375,24.498666763305664,5.865581035614014
1983,33.92091751098633,24.656118392944336,8.790684700012207
1984,39.21591567993164,25.386754989624023,13.37626838684082
1985,29.845304489135742,26.40629768371582,3.0047123432159424
1986,33.500396728515625,27.54038429260254,5.542841911315918
1987,36.45794677734375,28.64011001586914,7.425754547119141
1988,31.793128967285156,29.199262619018555,2.227508544921875
1989,30.815847396850586,28.797330856323242,1.6626778841018677
1990,33.91887283325195,27.84295082092285,5.716416835784912
1991,33.06161117553711,27.346654891967773,5.353551387786865
1992,30.145282745361328,27.831329345703125,1.9628337621688843
1993,31.341001510620117,28.837709426879883,2.169790267944336
1994,32.808494567871094,29.575180053710938,2.91573429107666
1995,30.993043899536133,29.480131149291992,1.2022998332977295
1996,29.535667419433594,28.490936279296875,0.7282050848007202
1997,30.992782592773438,27.20222282409668,3.460092782974243
1998,30.655290603637695,26.49956512451172,3.8160789012908936
1999,28.556520462036133,26.700902938842773,1.518459677696228
2000,29.375141143798828,27.238359451293945,1.8073136806488037
2001,29.39400291442871,27.362796783447266,1.7055141925811768
2002,27.55428123474121,26.633460998535156,0.5874491333961487
2003,28.007953643798828,25.297582626342773,2.3571670055389404
2004,27.774559020996094,24.30482292175293,3.097956657409668
2005,26.42437171936035,24.339111328125,1.7115371227264404
2006,26.94603157043457,24.867971420288086,1.7137845754623413
2007,25.945280075073242,24.737506866455078,0.8440290689468384
2008,25.600584030151367,23.488676071166992,1.72665274143219
2009,25.5178165435791,22.29961395263672,2.807425022125244
2010,24.640151977539062,22.4908447265625,1.7406615018844604
2011,24.78555679321289,23.08515739440918,1.3053239583969116
2012,24.050962448120117,22.373037338256836,1.2700704336166382
2013,24.27321434020996,20.963207244873047,2.8697569370269775
2014,23.558856964111328,20.99183464050293,2.1256985664367676
2015,23.8098087310791,21.577211380004883,1.8059241771697998
2016,22.80316162109375,20.721113204956055,1.636246681213379
2017,23.16512680053711,19.798086166381836,2.8966314792633057
2018,22.68899154663086,20.569438934326172,1.6679226160049438
2019,22.62592315673828,20.455684661865234,1.7156732082366943
2020,23.03034019470215,19.359725952148438,3.1854584217071533
2021,21.98562240600586,19.949153900146484,1.564162015914917
2022,22.206867218017578,20.090356826782227,1.6453906297683716
2023,22.420087814331055,19.263225555419922,2.660687208175659
2024,21.77505874633789,19.70433235168457,1.582798957824707
2025,21.950748443603516,20.163541793823242,1.3077136278152466
2026,21.631868362426758,19.6522216796875,1.4819806814193726
2027,21.497676849365234,19.806795120239258,1.1912487745285034
2028,21.67234992980957,20.441423416137695,0.7418647408485413
2029,21.32658576965332,20.082368850708008,0.7402951121330261
2030,21.58347511291504,19.732257843017578,1.3331981897354126
2031,21.45189666748047,20.14651107788086,0.7959309816360474
2032,21.216514587402344,19.86528968811035,0.8333864212036133
2033,21.422382354736328,19.280719757080078,1.606945514678955
2034,21.18876838684082,19.62051773071289,1.0425114631652832
2035,21.114166259765625,19.546504974365234,1.0387077331542969
2036,21.316770553588867,19.096288681030273,1.6766796112060547
2037,21.073020935058594,19.492822647094727,1.0453615188598633
2038,20.98632049560547,19.468992233276367,0.9790392518043518
2039,21.11327362060547,19.082548141479492,1.4789197444915771
2040,20.92197608947754,19.529069900512695,0.8518390655517578
2041,20.868541717529297,19.493392944335938,0.8301235437393188
2042,21.009090423583984,19.16646385192871,1.28577721118927
2043,20.895904541015625,19.56831932067871,0.7806418538093567
2044,20.813827514648438,19.413455963134766,0.8472743630409241
2045,20.917644500732422,19.101831436157227,1.2532161474227905
2046,20.846017837524414,19.413555145263672,0.8789234161376953
2047,20.73546028137207,19.141145706176758,1.0318105220794678
2048,20.814706802368164,18.932861328125,1.3129189014434814
2049,20.81191635131836,19.217565536499023,1.0326075553894043
2050,20.6997013092041,18.94403839111328,1.183883547782898
2051,20.718141555786133,18.941871643066406,1.2036947011947632
2052,20.757648468017578,19.169843673706055,1.0196326971054077
2053,20.66400909423828,18.92527961730957,1.161708116531372
2054,20.611371994018555,19.034549713134766,1.0016838312149048
2055,20.68336296081543,19.11907386779785,0.9894409775733948
2056,20.6729736328125,18.87849235534668,1.2119815349578857
2057,20.571781158447266,19.008142471313477,0.9838038682937622
2058,20.552030563354492,18.969301223754883,1.0010161399841309
2059,20.609577178955078,18.80959701538086,1.2133053541183472
2060,20.595632553100586,18.97944450378418,1.033402681350708
2061,20.52277183532715,18.866539001464844,1.0705186128616333
2062,20.504493713378906,18.76250457763672,1.1519302129745483
2063,20.536325454711914,18.95693588256836,0.9955049753189087
2064,20.514623641967773,18.71181869506836,1.2107181549072266
2065,20.453969955444336,18.850078582763672,1.0149966478347778
2066,20.4412784576416,18.88009262084961,0.9730942249298096
2067,20.47525405883789,18.663148880004883,1.2158325910568237
2068,20.48276138305664,18.911945343017578,0.9826603531837463
2069,20.431354522705078,18.614845275878906,1.218031406402588
2070,20.373661041259766,18.763669967651367,1.0167680978775024
2071,20.362939834594727,18.733341217041016,1.034746527671814
2072,20.378862380981445,18.62464714050293,1.1564862728118896
2073,20.369998931884766,18.773534774780273,1.0031777620315552
2074,20.329303741455078,18.58893585205078,1.1412639617919922
2075,20.28648567199707,18.67778205871582,1.012204885482788
2076,20.277854919433594,18.659074783325195,1.0209777355194092
2077,20.29613494873047,18.56945037841797,1.1261181831359863
2078,20.310911178588867,18.680166244506836,1.0328887701034546
2079,20.320417404174805,18.520061492919922,1.1982115507125854
2080,20.374792098999023,18.56696319580078,1.2056306600570679
2081,20.663660049438477,18.591466903686523,1.4736768007278442
2082,21.998872756958008,18.311981201171875,3.0733070373535156
2083,28.531753540039062,19.078561782836914,8.875785827636719
2084,53.26738739013672,17.72394371032715,34.891048431396484
2085,154.4560546875,21.893779754638672,132.07394409179688
2086,186.4129638671875,20.59418487548828,165.21107482910156
2087,46.152130126953125,23.871938705444336,21.781734466552734
2088,96.99878692626953,26.964046478271484,69.57223510742188
2089,38.362884521484375,27.941049575805664,9.953588485717773
2090,75.70484161376953,27.60422706604004,47.6006965637207
2091,57.649024963378906,29.404647827148438,27.7742862701416
2092,41.25856018066406,33.38939666748047,7.464621067047119
2093,51.3031120300293,37.455989837646484,13.494193077087402
2094,56.6964111328125,39.28834915161133,17.07786750793457
2095,50.94589614868164,38.99437713623047,11.626893043518066
2096,45.66438293457031,38.396732330322266,6.95086145401001
2097,44.766632080078125,38.75411605834961,5.716280460357666
2098,46.58046340942383,40.13055419921875,6.184325695037842
2099,48.86362838745117,41.88656234741211,6.743377208709717
2100,49.918582916259766,43.28844451904297,6.4220733642578125
2101,49.02864074707031,43.85596466064453,4.980310440063477
2102,46.773006439208984,43.468223571777344,3.1177144050598145
2103,44.681297302246094,42.31404113769531,2.176644802093506
2104,44.356346130371094,40.81855773925781,3.3384664058685303
2105,45.903743743896484,39.547916412353516,6.148890495300293
2106,46.83622741699219,39.00727844238281,7.622437477111816
2107,45.4455451965332,39.364013671875,5.885798454284668
2108,43.976802825927734,40.268890380859375,3.5279128551483154
2109,44.27703857421875,41.14894485473633,2.9615464210510254
2110,45.30977249145508,41.58052062988281,3.569889783859253
2111,45.36341094970703,41.39826202392578,3.805776357650757
2112,44.17853546142578,40.66950988769531,3.3433072566986084
2113,43.008853912353516,39.62724685668945,3.205326557159424
2114,42.86216354370117,38.635536193847656,4.039255619049072
2115,43.145904541015625,38.070457458496094,4.880991458892822
2116,42.69068908691406,38.11043930053711,4.385268688201904
2117,41.700626373291016,38.591026306152344,2.91884708404541
2118,41.098533630371094,39.10879898071289,1.8033665418624878
2119,41.02054214477539,39.28330612182617,1.5515565872192383
2120,40.980323791503906,38.92118453979492,1.8687046766281128
2121,40.60709762573242,38.07279968261719,2.3341050148010254
2122,40.00070571899414,37.01420974731445,2.7740886211395264
2123,39.519866943359375,36.11157989501953,3.1850264072418213
2124,39.25937271118164,35.65652084350586,3.3736472129821777
2125,38.95568084716797,35.720027923583984,3.0065150260925293
2126,38.48198699951172,36.092994689941406,2.163540840148926
2127,38.001163482666016,36.371341705322266,1.406978726387024
2128,37.597251892089844,36.18888473510742,1.1830061674118042
2129,37.178680419921875,35.423622131347656,1.520554780960083
2130,36.73809051513672,34.28422164916992,2.2054500579833984
2131,36.376922607421875,33.227474212646484,2.8873486518859863
2132,36.016929626464844,32.695091247558594,3.0519862174987793
2133,35.54240417480469,32.80111312866211,2.471451997756958
2134,35.160823822021484,33.20686340332031,1.6875429153442383
2135,34.9293327331543,33.36075210571289,1.3020797967910767
2136,34.55786895751953,32.87481689453125,1.408246397972107
2137,34.107078552246094,31.844213485717773,1.972407341003418
2138,33.90607452392578,30.823444366455078,2.7761244773864746
2139,33.62630844116211,30.374113082885742,2.9374125003814697
2140,33.1106071472168,30.574913024902344,2.222104549407959
2141,32.85712814331055,30.85792350769043,1.6881492137908936
2142,32.56852722167969,30.610063552856445,1.642685055732727
2143,32.036739349365234,29.71451759338379,1.9923704862594604
2144,31.772592544555664,28.74152374267578,2.6854381561279297
2145,31.451204299926758,28.316001892089844,2.7818801403045654
2146,30.935157775878906,28.491872787475586,2.091883659362793
2147,30.646623611450195,28.62873077392578,1.6679097414016724
2148,30.243162155151367,28.23329734802246,1.652937412261963
2149,29.841224670410156,27.470279693603516,2.0007152557373047
2150,29.578346252441406,26.946535110473633,2.251875877380371
2151,29.29892921447754,26.880311965942383,2.037243127822876
2152,29.035381317138672,26.886959075927734,1.7677828073501587
2153,28.901119232177734,26.580278396606445,1.9357510805130005
2154,28.625022888183594,26.035900115966797,2.1945254802703857
2155,28.43275260925293,25.57406234741211,2.4552366733551025
2156,28.18265724182129,25.298046112060547,2.4759392738342285
2157,27.885183334350586,25.14435577392578,2.3294262886047363
2158,27.7159481048584,24.98121452331543,2.3195152282714844
2159,27.462799072265625,24.63634490966797,2.4029150009155273
2160,27.38934898376465,24.20538330078125,2.7505335807800293
2161,27.209911346435547,24.08342933654785,2.6902623176574707
2162,27.12796974182129,24.22043228149414,2.4741370677948
2163,26.942434310913086,24.01360321044922,2.491105318069458
2164,26.81462860107422,23.51653480529785,2.850191354751587
2165,26.594600677490234,23.425317764282227,2.7202441692352295
2166,26.490581512451172,23.574642181396484,2.470726490020752
2167,26.25383758544922,23.273080825805664,2.5287787914276123
2168,26.151243209838867,22.89657211303711,2.7934234142303467
2169,25.89516258239746,23.03664207458496,2.3993678092956543
2170,25.738727569580078,23.12899398803711,2.151522636413574
2171,25.523109436035156,22.88035011291504,2.1773123741149902
2172,25.3576602935791,22.813982009887695,2.0747954845428467
2173,25.151287078857422,22.905771255493164,1.7775702476501465
2174,25.046613693237305,22.843976974487305,1.7325913906097412
2175,24.82451820373535,22.719051361083984,1.6311113834381104
2176,24.73379898071289,22.539100646972656,1.7148460149765015
2177,24.57234764099121,22.436559677124023,1.6528956890106201
2178,24.465984344482422,22.509017944335938,1.4744703769683838
2179,24.368806838989258,22.31609535217285,1.5636069774627686
2180,24.347089767456055,22.108383178710938,1.7426868677139282
2181,24.274032592773438,22.31258773803711,1.468465805053711
2182,24.19520378112793,22.233226776123047,1.464627742767334
2183,24.165027618408203,21.96721076965332,1.6910302639007568
2184,24.053627014160156,22.125713348388672,1.4224190711975098
2185,24.01687240600586,22.157794952392578,1.3520116806030273
2186,23.94063377380371,21.97158432006836,1.4543601274490356
2187,23.905027389526367,22.016422271728516,1.3721619844436646
2188,23.819011688232422,22.067028045654297,1.2349133491516113
2189,23.754608154296875,22.02369499206543,1.2104082107543945
2190,23.740657806396484,21.949012756347656,1.266555666923523
2191,23.64061164855957,21.899927139282227,1.2128804922103882
2192,23.599119186401367,21.960668563842773,1.1108344793319702
2193,23.542102813720703,21.793954849243164,1.2147363424301147
2194,23.47808837890625,21.59611701965332,1.343165636062622
2195,23.412982940673828,21.73585319519043,1.1420620679855347
2196,23.29973030090332,21.51534080505371,1.2433184385299683
2197,23.26435661315918,21.330013275146484,1.388344645500183
2198,23.212596893310547,21.516775131225586,1.1550692319869995
2199,23.120386123657227,21.26766586303711,1.3051897287368774
2200,23.067392349243164,21.199087142944336,1.3184306621551514
2201,22.991329193115234,21.22572135925293,1.2165703773498535
2202,22.94232749938965,21.059383392333984,1.3288813829421997
2203,22.936262130737305,21.036136627197266,1.344164490699768
2204,22.897218704223633,20.947187423706055,1.3913066387176514
2205,22.857223510742188,21.06796646118164,1.2325937747955322
2206,22.84906768798828,20.755046844482422,1.5279698371887207
2207,22.85414695739746,21.085731506347656,1.2112212181091309
2208,22.88641357421875,20.646484375,1.6699845790863037
2209,23.124187469482422,20.999711990356445,1.5635687112808228
2210,23.90843963623047,20.425138473510742,2.9062561988830566
2211,26.775606155395508,21.282352447509766,4.93793249130249
2212,35.54387283325195,19.699954986572266,15.242956161499023
2213,68.59351348876953,23.145959854125977,44.93293762207031
2214,99.81265258789062,19.19038963317871,79.99369812011719
2215,129.8081817626953,26.66021728515625,102.68003845214844
2216,41.85163879394531,26.513309478759766,14.869927406311035
2217,103.0714340209961,21.717695236206055,80.76388549804688
2218,59.92664337158203,28.245737075805664,31.170129776000977
2219,74.23031616210938,35.52909469604492,38.287078857421875
2220,51.54611587524414,38.69803237915039,12.488228797912598
2221,50.63703536987305,37.57229995727539,12.702743530273438
2222,57.6129150390625,34.84767150878906,22.37171745300293
2223,59.31703186035156,33.56863021850586,25.336240768432617
2224,51.652374267578125,35.43585968017578,15.830240249633789
2225,45.68674087524414,39.73070526123047,5.6288957595825195
2226,47.22163391113281,44.37307357788086,2.5827066898345947
2227,50.93266296386719,47.6738166809082,3.03847599029541
2228,52.359764099121094,48.99417495727539,3.1717047691345215
2229,51.00316619873047,48.43037033081055,2.3890092372894287
2230,48.21236801147461,46.4631233215332,1.5630244016647339
2231,45.67036437988281,43.71613311767578,1.757009506225586
2232,44.92231750488281,40.86181640625,3.8485140800476074
2233,46.55669403076172,38.57369613647461,7.758637428283691
2234,48.90611267089844,37.413822174072266,11.264235496520996
2235,49.14119338989258,37.67422866821289,11.24705982208252
2236,47.22315216064453,39.13399887084961,7.886013031005859
2237,45.540130615234375,41.20639419555664,4.149404525756836
2238,45.349246978759766,43.25392532348633,1.9265862703323364
2239,46.17599105834961,44.828392028808594,1.1890507936477661
2240,47.05600357055664,45.70135498046875,1.2006934881210327
2241,47.27633285522461,45.80599594116211,1.3159520626068115
2242,46.64219284057617,45.20867156982422,1.2744845151901245
2243,45.499427795410156,44.04945373535156,1.2826215028762817
2244,44.54097366333008,42.53409194946289,1.8281128406524658
2245,44.32390594482422,40.93391036987305,3.197739362716675
2246,44.71592330932617,39.560672760009766,4.949337482452393
2247,44.91230392456055,38.69416809082031,6.000901222229004
2248,44.342994689941406,38.51957321166992,5.59977388381958
2249,43.39888381958008,38.99319076538086,4.1812591552734375
2250,42.78458786010742,39.861385345458984,2.702028512954712
2251,42.68396759033203,40.76255798339844,1.7044862508773804
2252,42.781700134277344,41.35032653808594,1.216536283493042
2253,42.65559387207031,41.36335754394531,1.0748072862625122
2254,42.1197395324707,40.704689025878906,1.1888887882232666
2255,41.39346694946289,39.49844741821289,1.654401183128357
2256,40.945411682128906,38.07179260253906,2.6154603958129883
2257,40.93266296386719,36.85441589355469,3.8040530681610107
2258,40.91007995605469,36.18497848510742,4.440612316131592
2259,40.46240997314453,36.204898834228516,3.970419406890869
2260,39.88050842285156,36.70814514160156,2.8876609802246094
2261,39.59305953979492,37.293060302734375,2.0179717540740967
2262,39.56542205810547,37.59758377075195,1.6854318380355835
2263,39.456050872802734,37.421993255615234,1.7470351457595825
2264,39.06388854980469,36.784481048583984,1.98445463180542
2265,38.6423454284668,35.90152359008789,2.4367260932922363
2266,38.5192985534668,35.0640983581543,3.1428794860839844
2267,38.477638244628906,34.50868225097656,3.650944471359253
2268,38.12877655029297,34.35907745361328,3.4495835304260254
2269,37.70537185668945,34.54220199584961,2.8443591594696045
2270,37.5166130065918,34.817569732666016,2.38332200050354
2271,37.36821365356445,34.91043472290039,2.1445693969726562
2272,37.050140380859375,34.62034225463867,2.116006851196289
2273,36.68601989746094,33.95781326293945,2.4095916748046875
2274,36.46449661254883,33.185970306396484,2.952934741973877
2275,36.32548141479492,32.66120910644531,3.333937406539917
2276,36.0244140625,32.6195068359375,3.0758538246154785
2277,35.69213104248047,32.94484329223633,2.4244608879089355
2278,35.54197311401367,33.23843765258789,1.986399531364441
2279,35.35348892211914,33.179656982421875,1.857627272605896
2280,35.01499557495117,32.6913948059082,2.0025360584259033
2281,34.749446868896484,32.04286575317383,2.3785111904144287
2282,34.565738677978516,31.579286575317383,2.6537389755249023
2283,34.2949333190918,31.46097183227539,2.5006964206695557
2284,33.968544006347656,31.568876266479492,2.0677688121795654
2285,33.745548248291016,31.62353515625,1.789966344833374
2286,33.5095100402832,31.42359733581543,1.750425100326538
2287,33.152732849121094,30.94279670715332,1.8676663637161255
2288,32.885887145996094,30.360191345214844,2.1748812198638916
2289,32.65501403808594,29.913787841796875,2.382538080215454
2290,32.34998321533203,29.758119583129883,2.228590488433838
2291,32.08477783203125,29.81196403503418,1.9083060026168823
2292,31.895713806152344,29.78973960876465,1.7395544052124023
2293,31.653907775878906,29.47093963623047,1.809829592704773
2294,31.4283504486084,28.943904876708984,2.100512981414795
2295,31.293304443359375,28.554550170898438,2.3461754322052
2296,31.090564727783203,28.477577209472656,2.217151165008545
2297,30.931251525878906,28.53531837463379,1.9985058307647705
2298,30.81308364868164,28.441463470458984,1.9693686962127686
2299,30.629745483398438,28.11200714111328,2.1072638034820557
2300,30.475221633911133,27.717435836791992,2.3385748863220215
2301,30.319961547851562,27.470966339111328,2.422614574432373
2302,30.10026741027832,27.445096969604492,2.224621057510376
2303,29.90801239013672,27.48387908935547,1.9917553663253784
2304,29.715662002563477,27.331459045410156,1.9471338987350464
2305,29.483623504638672,26.953266143798828,2.0831680297851562
2306,29.334369659423828,26.671947479248047,2.2073514461517334
2307,29.134212493896484,26.647113800048828,2.030160427093506
2308,28.9655818939209,26.668113708496094,1.8385653495788574
2309,28.81380271911621,26.518749237060547,1.8306680917739868
2310,28.60898780822754,26.230628967285156,1.9071956872940063
2311,28.4581241607666,25.991954803466797,1.9883973598480225
2312,28.283369064331055,25.94277000427246,1.8590956926345825
2313,28.11637306213379,26.00788116455078,1.6273287534713745
2314,27.962129592895508,25.888587951660156,1.5884486436843872
2315,27.8260498046875,25.590810775756836,1.7416867017745972
2316,27.67855453491211,25.44987678527832,1.7321761846542358
2317,27.50218963623047,25.43965721130371,1.564841389656067
2318,27.397714614868164,25.397977828979492,1.5001335144042969
2319,27.2549991607666,25.210588455200195,1.541757345199585
2320,27.12804412841797,24.889389038085938,1.7277618646621704
2321,26.99180030822754,24.785037994384766,1.693892002105713
2322,26.89613151550293,24.762304306030273,1.620452642440796
2323,26.816253662109375,24.579254150390625,1.7177554368972778
2324,26.734472274780273,24.387680053710938,1.8244194984436035
2325,26.677631378173828,24.159847259521484,1.986921787261963
2326,26.6742000579834,24.262670516967773,1.8856585025787354
2327,26.882118225097656,23.976892471313477,2.3672850131988525
2328,27.865781784057617,23.975751876831055,3.359130382537842
2329,31.92037010192871,23.44916534423828,7.912688732147217
2330,49.12070846557617,24.39928436279297,24.210071563720703
2331,108.71646881103516,23.088302612304688,85.02474975585938
2332,205.09646606445312,27.86460304260254,176.79360961914062
2333,99.4196548461914,30.561546325683594,68.41923522949219
2334,124.69615936279297,29.080951690673828,95.13673400878906
2335,62.2081298828125,33.57495880126953,28.2083797454834
2336,107.94502258300781,36.86749267578125,70.66499328613281
2337,47.043766021728516,37.02043914794922,9.621559143066406
2338,60.67053985595703,36.92139434814453,23.361528396606445
2339,74.80126953125,40.69370651245117,33.77084732055664
2340,63.752479553222656,47.73274612426758,15.752893447875977
2341,61.0079231262207,54.9572639465332,5.837741851806641
2342,64.60912322998047,59.39802551269531,5.022675514221191
2343,64.4632568359375,59.69511413574219,4.575676441192627
2344,61.55299758911133,56.59230422973633,4.742134094238281
2345,62.177024841308594,52.27653121948242,9.646943092346191
2346,65.6967544555664,49.097625732421875,16.322696685791016
2347,65.00641632080078,48.449951171875,16.28663444519043
2348,60.41722869873047,50.26403045654297,9.916200637817383
2349,57.82699966430664,53.34035873413086,4.290062427520752
2350,58.23272705078125,56.263553619384766,1.8057277202606201
2351,59.45716857910156,58.06454086303711,1.2498241662979126
2352,59.93447494506836,58.31574249267578,1.4839856624603271
2353,59.33465576171875,57.072566986083984,2.124372720718384
2354,58.12997817993164,54.76001739501953,3.2204060554504395
2355,57.14650344848633,52.03651809692383,4.942872524261475
2356,57.00979995727539,49.66741943359375,7.157076358795166
2357,57.36539840698242,48.32844924926758,8.83938980102539
2358,57.081790924072266,48.351776123046875,8.53105640411377
2359,56.05894470214844,49.50371170043945,6.364821910858154
2360,55.320762634277344,51.08245086669922,4.060338973999023
2361,55.13059616088867,52.30409240722656,2.6585564613342285
2362,54.889183044433594,52.62997817993164,2.0951833724975586
2363,54.206329345703125,51.87315368652344,2.165665626525879
2364,53.379241943359375,50.23664474487305,2.9649248123168945
2365,53.00238800048828,48.2259521484375,4.584620952606201
2366,53.10317611694336,46.46974563598633,6.427886486053467
2367,52.92372512817383,45.47602462768555,7.233456611633301
2368,52.167728424072266,45.42094039916992,6.531342029571533
2369,51.56373977661133,46.00080490112305,5.351845741271973
2370,51.35905838012695,46.67891311645508,4.474756717681885
2371,50.96718978881836,46.99602508544922,3.769193172454834
2372,50.177852630615234,46.7158203125,3.259117603302002
2373,49.520591735839844,45.918251037597656,3.3941588401794434
2374,49.270774841308594,44.92425537109375,4.130710601806641
2375,48.9689826965332,44.075340270996094,4.670447826385498
2376,48.3392333984375,43.57534408569336,4.535521984100342
2377,47.87615966796875,43.37200164794922,4.272842884063721
2378,47.767581939697266,43.25189971923828,4.282173156738281
2379,47.50884246826172,43.026336669921875,4.246072769165039
2380,46.91649627685547,42.594688415527344,4.080716133117676
2381,46.47041320800781,42.02458953857422,4.198504447937012
2382,46.25469207763672,41.47225570678711,4.528449535369873
2383,45.835105895996094,41.04153823852539,4.533422470092773
2384,45.29643249511719,40.74102020263672,4.289935111999512
2385,45.086082458496094,40.45810317993164,4.357178211212158
2386,44.966148376464844,40.09211730957031,4.597065448760986
2387,44.57202911376953,39.61180114746094,4.6759138107299805
2388,44.25645446777344,39.13322448730469,4.83143424987793
2389,44.115699768066406,38.79730224609375,5.020443439483643
2390,43.73426818847656,38.64439010620117,4.787578582763672
2391,43.3109016418457,38.5784797668457,4.426646709442139
2392,43.10661697387695,38.43776321411133,4.358742713928223
2393,42.748573303222656,38.13105773925781,4.301120281219482
2394,42.31993103027344,37.73442840576172,4.261613845825195
2395,42.09952926635742,37.421958923339844,4.346862316131592
2396,41.7397575378418,37.288570404052734,4.115410804748535
2397,41.30534362792969,37.285221099853516,3.6804697513580322
2398,41.03535461425781,37.245365142822266,3.4457643032073975
2399,40.60138702392578,37.0269889831543,3.223210096359253
2400,40.12820053100586,36.64997100830078,3.1179018020629883
2401,39.789222717285156,36.27131652832031,3.1481728553771973
2402,39.301673889160156,36.00631332397461,2.9174671173095703
2403,38.84880065917969,35.86554718017578,2.5988197326660156
2404,38.48577117919922,35.73566818237305,2.359544277191162
2405,37.99603271484375,35.48287582397461,2.1152210235595703
2406,37.59880828857422,35.09437942504883,2.0976831912994385
2407,37.21510696411133,34.66887664794922,2.130511999130249
2408,36.750118255615234,34.330055236816406,1.9969440698623657
2409,36.39918899536133,34.109642028808594,1.861189842224121
2410,35.973350524902344,33.92262649536133,1.6182130575180054
2411,35.57052993774414,33.60826110839844,1.5243120193481445
2412,35.21321487426758,33.12934875488281,1.6385163068771362
2413,34.78170394897461,32.610809326171875,1.717956781387329
2414,34.441551208496094,32.23277282714844,1.7508095502853394
2415,33.99162673950195,31.983421325683594,1.547654390335083
2416,33.64081573486328,31.595062255859375,1.5807628631591797
2417,33.20941162109375,30.941791534423828,1.7941497564315796
2418,32.89183807373047,30.287031173706055,2.1228115558624268
2419,32.52536392211914,29.90272331237793,2.1365034580230713
2420,32.30638885498047,29.603160858154297,2.2141940593719482
2421,32.032039642333984,29.094364166259766,2.441847085952759
2422,31.918319702148438,28.540180206298828,2.874174118041992
2423,31.754539489746094,28.25428581237793,2.9924824237823486
2424,31.704139709472656,28.120834350585938,3.0743257999420166
2425,31.61355972290039,27.87102699279785,3.229987144470215
2426,31.486392974853516,27.534276962280273,3.4335505962371826
2427,31.3974609375,27.342147827148438,3.532952308654785
2428,31.161237716674805,27.27864646911621,3.3588905334472656
2429,30.97285270690918,27.15224266052246,3.29356050491333
2430,30.725099563598633,26.98690414428711,3.206045150756836
2431,30.432554244995117,26.979360580444336,2.919116258621216
2432,30.239301681518555,27.09282875061035,2.612851619720459
2433,29.974458694458008,27.114215850830078,2.324702024459839
2434,29.828201293945312,27.0390567779541,2.249892473220825
2435,29.67662239074707,27.068952560424805,2.0674641132354736
2436,29.556310653686523,27.176645278930664,1.840071439743042
2437,29.483680725097656,27.083812713623047,1.8567382097244263
2438,29.36415672302246,26.8819580078125,1.9337437152862549
2439,29.27632713317871,26.891864776611328,1.8350573778152466
2440,29.190582275390625,26.95295524597168,1.6879812479019165
2441,29.070209503173828,26.758026123046875,1.757128119468689
2442,29.029619216918945,26.597373962402344,1.8726354837417603
2443,28.907819747924805,26.691129684448242,1.6577513217926025
2444,28.83727264404297,26.63250732421875,1.6435052156448364
2445,28.75019645690918,26.34364128112793,1.838314414024353
2446,28.613906860351562,26.277000427246094,1.7662544250488281
2447,28.548734664916992,26.26827621459961,1.7087280750274658
2448,28.4251766204834,26.01720428466797,1.8299295902252197
2449,28.28696060180664,25.841981887817383,1.8617448806762695
2450,28.179325103759766,25.839420318603516,1.7554391622543335
2451,28.061992645263672,25.707992553710938,1.7656710147857666
2452,27.899883270263672,25.54525375366211,1.761466145515442
2453,27.767608642578125,25.484560012817383,1.6879833936691284
2454,27.687536239624023,25.38857650756836,1.7016397714614868
2455,27.5576114654541,25.200496673583984,1.755120038986206
2456,27.400190353393555,25.0555362701416,1.7393437623977661
2457,27.29727554321289,24.992109298706055,1.6982691287994385
2458,27.23704719543457,24.7650089263916,1.858954668045044
2459,27.16716766357422,24.696279525756836,1.8555734157562256
2460,27.099945068359375,24.64362335205078,1.8386231660842896
2461,27.068531036376953,24.371049880981445,2.071507692337036
2462,27.10650062561035,24.592924118041992,1.8920838832855225
2463,27.28765106201172,24.106210708618164,2.5452213287353516
2464,28.032814025878906,24.66704750061035,2.742741823196411
2465,30.472766876220703,23.831933975219727,5.992657661437988
2466,40.678585052490234,25.213607788085938,14.850625038146973
2467,70.77980041503906,23.559261322021484,46.55573654174805
2468,172.2385711669922,27.784034729003906,143.88232421875
2469,132.67889404296875,27.508214950561523,104.57955169677734
2470,39.798519134521484,26.99666976928711,12.18769359588623
2471,76.55703735351562,30.04807472229004,45.951744079589844
2472,46.26837158203125,33.10006332397461,12.668527603149414
2473,65.4000244140625,32.547969818115234,32.346656799316406
2474,38.8509407043457,31.234420776367188,7.109687328338623
2475,60.00608444213867,31.838319778442383,27.68743133544922
2476,43.413963317871094,34.49956130981445,8.485719680786133
2477,43.92831039428711,36.56787109375,6.964510917663574
2478,52.3521728515625,36.67702102661133,15.286615371704102
2479,40.98320770263672,35.6871337890625,4.9079270362854
2480,42.385807037353516,35.06819152832031,6.933957576751709
2481,48.6101188659668,35.7540168762207,12.488494873046875
2482,42.07041931152344,37.415367126464844,4.311091899871826
2483,41.2650260925293,38.64210510253906,2.2931699752807617
2484,46.44456481933594,38.58648681640625,7.52734375
2485,43.44652557373047,37.63466262817383,5.4728312492370605
2486,40.85697937011719,36.82417297363281,3.688467025756836
2487,44.5928955078125,36.9890022277832,7.264093399047852
2488,43.78285598754883,38.086143493652344,5.370053768157959
2489,41.08266067504883,39.09382629394531,1.6719202995300293
2490,42.535858154296875,39.01444625854492,3.2010228633880615
2491,43.07680892944336,37.8658332824707,4.876006126403809
2492,40.688655853271484,36.59929275512695,3.739886999130249
2493,41.03667449951172,36.225215911865234,4.458198547363281
2494,41.69190979003906,36.8887939453125,4.457277774810791
2495,40.119110107421875,37.76164627075195,2.019669771194458
2496,39.786319732666016,37.77443313598633,1.670698642730713
2497,40.2720947265625,36.694210052490234,3.220322608947754
2498,39.08464813232422,35.29759216308594,3.4099843502044678
2499,38.604244232177734,34.66092300415039,3.5569074153900146
2500,38.83374786376953,35.0356330871582,3.4149417877197266
2501,37.743736267089844,35.61834716796875,1.7469207048416138
2502,37.37318420410156,35.36187744140625,1.6258713006973267
2503,37.26470947265625,34.15925216674805,2.70072865486145
2504,36.187599182128906,32.96807861328125,2.7964398860931396
2505,36.12591552734375,32.72671127319336,2.971964120864868
2506,35.53546142578125,33.138587951660156,1.974830985069275
2507,34.90039825439453,33.06581115722656,1.4101648330688477
2508,35.10974884033203,32.117034912109375,2.5530452728271484
2509,34.53076171875,31.17180633544922,2.9049530029296875
2510,34.59294128417969,31.09367561340332,3.0453262329101562
2511,34.30062484741211,31.414875030517578,2.437802314758301
2512,33.99536895751953,31.153432846069336,2.3897037506103516
2513,33.955928802490234,30.30901527404785,3.180082321166992
2514,33.47299575805664,29.84296989440918,3.1545703411102295
2515,33.22508239746094,30.2959041595459,2.460479736328125
2516,32.85179138183594,30.88225555419922,1.509132742881775
2517,32.453758239746094,30.6790714263916,1.308837652206421
2518,32.483421325683594,30.126277923583984,1.8799147605895996
2519,32.1697998046875,30.280208587646484,1.4139422178268433
2520,32.179344177246094,30.91693115234375,0.7976258993148804
2521,32.040252685546875,30.885448455810547,0.6903431415557861
2522,31.812084197998047,30.017860412597656,1.315805196762085
2523,31.820110321044922,29.424827575683594,1.9069393873214722
2524,31.514629364013672,29.619014739990234,1.4109292030334473
2525,31.626968383789062,29.74351692199707,1.4002652168273926
2526,31.2493953704834,29.18082046508789,1.5730187892913818
2527,31.325605392456055,28.599979400634766,2.2156901359558105
2528,30.964168548583984,28.76459503173828,1.688792109489441
2529,31.065065383911133,29.137128829956055,1.4202632904052734
2530,30.83399772644043,28.88811492919922,1.429685115814209
2531,30.855085372924805,28.332103729248047,1.9924089908599854
2532,30.586631774902344,28.33458709716797,1.7187073230743408
2533,30.516948699951172,28.683012008666992,1.3053226470947266
2534,30.339149475097656,28.550487518310547,1.2551970481872559
2535,30.298324584960938,28.073509216308594,1.6790401935577393
2536,30.168230056762695,28.08841323852539,1.53154718875885
2537,30.104930877685547,28.47747039794922,1.0843595266342163
2538,29.982177734375,28.387168884277344,1.0470932722091675
2539,29.93703269958496,27.906362533569336,1.4697849750518799
2540,29.794326782226562,27.854963302612305,1.375072956085205
2541,29.744665145874023,28.04357147216797,1.1390959024429321
2542,29.5768985748291,27.726102828979492,1.2803459167480469
2543,29.57139015197754,27.24609375,1.742669701576233
2544,29.413049697875977,27.303855895996094,1.5264583826065063
2545,29.39987564086914,27.4698486328125,1.3494476079940796
2546,29.226587295532227,27.21060562133789,1.4277247190475464
2547,29.20880126953125,27.022396087646484,1.592247724533081
2548,29.08319854736328,27.22528076171875,1.267287015914917
2549,29.05452537536621,27.246299743652344,1.2171040773391724
2550,28.937734603881836,26.951982498168945,1.3871362209320068
2551,28.921192169189453,26.85991859436035,1.4601478576660156
2552,28.80470848083496,26.924617767333984,1.2799378633499146
2553,28.802860260009766,26.778141021728516,1.4201606512069702
2554,28.66899871826172,26.607357025146484,1.4520940780639648
2555,28.64824104309082,26.597700119018555,1.439844012260437
2556,28.574304580688477,26.585405349731445,1.376961350440979
2557,28.467382431030273,26.476707458496094,1.3755801916122437
2558,28.475749969482422,26.36320686340332,1.4945074319839478
2559,28.324886322021484,26.294340133666992,1.4107366800308228
2560,28.32977867126465,26.256425857543945,1.452605962753296
2561,28.2480411529541,26.172739028930664,1.4524129629135132
2562,28.16285514831543,26.072187423706055,1.4650217294692993
2563,28.151269912719727,26.10184097290039,1.4244723320007324
2564,28.02581787109375,26.07410430908203,1.3262503147125244
2565,28.002153396606445,25.893041610717773,1.4793912172317505
2566,27.94310188293457,25.86189079284668,1.4515259265899658
2567,27.85047149658203,25.83582878112793,1.3854583501815796
2568,27.825925827026367,25.57675552368164,1.614223599433899
2569,27.727659225463867,25.551361083984375,1.5417523384094238
2570,27.670724868774414,25.57603645324707,1.4618123769760132
2571,27.64214324951172,25.31403350830078,1.688821792602539
2572,27.525074005126953,25.34908103942871,1.5384149551391602
2573,27.47504234313965,25.333147048950195,1.5046037435531616
2574,27.462543487548828,25.078115463256836,1.740657925605774
2575,27.342370986938477,25.17380142211914,1.5282070636749268
2576,27.25625228881836,25.086061477661133,1.52803373336792
2577,27.254947662353516,24.91564178466797,1.6929925680160522
2578,27.17154884338379,25.048397064208984,1.4814426898956299
2579,27.0621337890625,24.852779388427734,1.5629289150238037
2580,27.0225772857666,24.81035804748535,1.5655850172042847
2581,26.96675682067871,24.809162139892578,1.5119773149490356
2582,26.86699867248535,24.605682373046875,1.6107486486434937
2583,26.809167861938477,24.649574279785156,1.5112833976745605
2584,26.797103881835938,24.493175506591797,1.6518748998641968
2585,26.755949020385742,24.511337280273438,1.5940089225769043
2586,26.678279876708984,24.34242057800293,1.6811686754226685
2587,26.627050399780273,24.472314834594727,1.50507652759552
2588,26.695724487304688,24.082286834716797,1.9530715942382812
2589,27.073226928710938,24.546627044677734,1.8815809488296509
2590,28.312530517578125,23.62925148010254,4.010783672332764
2591,33.269290924072266,25.14128303527832,7.501842021942139
2592,49.22349548339844,22.619632720947266,25.89621353149414
2593,112.0480728149414,28.432363510131836,83.06620788574219
2594,141.78660583496094,22.830814361572266,118.22225952148438
2595,100.49696350097656,33.36555099487305,66.6137466430664
2596,65.965576171875,36.14677047729492,29.328227996826172
2597,65.09369659423828,31.521514892578125,32.98677444458008
2598,67.51707458496094,31.10490608215332,35.78904724121094
2599,53.90379333496094,38.08028793334961,15.29893684387207
2600,59.787696838378906,44.95122146606445,14.407415390014648
2601,58.19960403442383,47.098445892333984,10.711237907409668
2602,54.52953338623047,45.03167724609375,9.100011825561523
2603,53.05303192138672,41.465301513671875,11.158669471740723
2604,53.702857971191406,39.29345703125,13.95747184753418
2605,55.007598876953125,40.03246307373047,14.534846305847168
2606,53.63063049316406,43.2816047668457,9.953916549682617
2607,51.6854248046875,47.42168045043945,3.923341751098633
2608,52.189491271972656,50.72951126098633,1.1625077724456787
2609,53.60765075683594,52.13753128051758,1.1957204341888428
2610,53.704750061035156,51.41109848022461,2.022599458694458
2611,52.06206130981445,49.07386779785156,2.7047650814056396
2612,50.425445556640625,46.16828155517578,3.95279598236084
2613,51.2835578918457,43.91827392578125,7.04242467880249
2614,53.11509704589844,43.27192306518555,9.516351699829102
2615,51.68111038208008,44.452030181884766,6.917285919189453
2616,49.465885162353516,46.72289276123047,2.4560656547546387
2617,49.86431121826172,48.86319351196289,0.7355057597160339
2618,51.0845947265625,49.88957977294922,0.9393843412399292
2619,50.61906814575195,49.35513687133789,1.0044337511062622
2620,48.573394775390625,47.454345703125,0.8431105017662048
2621,47.33747863769531,44.90245819091797,2.1349658966064453
2622,47.91914749145508,42.67405319213867,4.92214822769165
2623,47.721038818359375,41.52703857421875,5.858543395996094
2624,46.06963348388672,41.652122497558594,4.083034038543701
2625,45.26583480834961,42.50613021850586,2.4333465099334717
2626,45.09383010864258,43.23316192626953,1.5403788089752197
2627,44.514461517333984,43.167694091796875,1.0242536067962646
2628,43.814449310302734,42.08970260620117,1.3896020650863647
2629,43.01423263549805,40.33348846435547,2.32540225982666
2630,42.018951416015625,38.58007049560547,3.0625529289245605
2631,41.86479949951172,37.45601272583008,4.018003940582275
2632,41.2498893737793,37.16712188720703,3.687375783920288
2633,39.84818649291992,37.4149169921875,2.039869785308838
2634,39.92811965942383,37.57655715942383,1.9588171243667603
2635,39.36697006225586,37.17544174194336,1.7918815612792969
2636,38.282997131347656,36.12305450439453,1.744056224822998
2637,38.18761444091797,34.88960266113281,2.86226749420166
2638,37.48235321044922,34.15689468383789,2.8760759830474854
2639,36.83909225463867,34.23623275756836,2.1512300968170166
2640,36.24293899536133,34.5821647644043,1.210677981376648
2641,36.205570220947266,34.2960090637207,1.452048897743225
2642,35.36396026611328,33.18280792236328,1.7042487859725952
2643,35.47915267944336,32.07271957397461,2.9103844165802
2644,34.72663497924805,31.767431259155273,2.458202600479126
2645,34.408058166503906,31.90558433532715,2.005262851715088
2646,33.91820526123047,31.483427047729492,1.932784080505371
2647,33.52733612060547,30.440807342529297,2.568927049636841
2648,33.00480270385742,29.789615631103516,2.688276767730713
2649,32.59975051879883,29.776424407958984,2.2990100383758545
2650,32.26306915283203,29.64766502380371,2.0917696952819824
2651,31.917634963989258,29.165971755981445,2.2206075191497803
2652,32.240753173828125,28.584012985229492,3.114823818206787
2653,31.807554244995117,28.284488677978516,2.9763808250427246
2654,31.772083282470703,28.372201919555664,2.8552894592285156
2655,31.805940628051758,28.18120574951172,3.074964761734009
2656,31.516002655029297,27.627033233642578,3.3265721797943115
2657,31.107433319091797,27.66776466369629,2.8760273456573486
2658,31.221981048583984,27.89571189880371,2.764662742614746
2659,30.884944915771484,27.572898864746094,2.740671157836914
2660,30.476587295532227,27.45354652404785,2.444730758666992
2661,30.19910430908203,27.6026611328125,2.017390251159668
2662,30.294004440307617,27.697187423706055,2.0157666206359863
2663,30.0404109954834,27.69792938232422,1.7566897869110107
2664,29.840160369873047,27.510221481323242,1.735658884048462
2665,29.70218849182129,27.664281845092773,1.443606972694397
2666,29.7477970123291,27.691713333129883,1.4595609903335571
2667,29.661012649536133,27.221120834350586,1.8302180767059326
2668,29.38957977294922,27.242332458496094,1.5371196269989014
2669,29.30667495727539,27.191530227661133,1.503477692604065
2670,29.225170135498047,26.85089874267578,1.7538784742355347
2671,29.270877838134766,26.808589935302734,1.8405083417892456
2672,29.256614685058594,26.730403900146484,1.902236819267273
2673,29.18031883239746,26.71816635131836,1.8373500108718872
2674,29.26416778564453,26.30410385131836,2.3243021965026855
2675,29.57905387878418,26.605098724365234,2.345982313156128
2676,30.4488468170166,26.017335891723633,3.7881717681884766
2677,33.971622467041016,26.37009620666504,6.966617107391357
2678,43.585201263427734,25.613605499267578,17.315797805786133
2679,80.4071044921875,27.2464542388916,52.54136276245117
2680,113.54085540771484,25.789501190185547,87.08411407470703
2681,147.8006134033203,30.14250946044922,117.07073211669922
2682,45.0562858581543,31.398534774780273,13.084357261657715
2683,102.17588806152344,29.141244888305664,72.4059829711914
2684,55.31062316894531,32.05540466308594,22.656198501586914
2685,79.86692810058594,36.009361267089844,43.31403732299805
2686,44.67107391357422,36.964988708496094,7.203312873840332
2687,75.55557250976562,36.15753936767578,38.903533935546875
2688,46.5199089050293,36.154212951660156,9.873845100402832
2689,52.104549407958984,37.909217834472656,13.716652870178223
2690,62.287452697753906,40.53338623046875,21.309255599975586
2691,48.51161575317383,42.60028076171875,5.510694980621338
2692,48.98445129394531,43.55859375,5.057017803192139
2693,58.15193176269531,43.5592041015625,14.237030982971191
2694,54.74004364013672,43.37560272216797,11.010293006896973
2695,47.32731246948242,43.59125900268555,3.3789327144622803
2696,50.91551208496094,44.18399429321289,6.372317790985107
2697,56.01832962036133,44.81887435913086,10.844679832458496
2698,52.039459228515625,45.26286697387695,6.434477806091309
2699,47.831356048583984,45.45240020751953,2.051626443862915
2700,50.5388298034668,45.47461700439453,4.747371196746826
2701,53.1714973449707,45.442527770996094,7.416107654571533
2702,50.08303451538086,45.374271392822266,4.393509387969971
2703,47.16086959838867,45.118988037109375,1.7182785272598267
2704,48.92940902709961,44.58646011352539,4.007866859436035
2705,50.305450439453125,43.88792037963867,6.073124885559082
2706,47.37246322631836,43.28955078125,3.7355964183807373
2707,45.541290283203125,42.929481506347656,2.266240119934082
2708,47.134796142578125,42.754520416259766,4.036212921142578
2709,46.98180389404297,42.59001922607422,4.045209884643555
2710,44.29151153564453,42.2006721496582,1.7355618476867676
2711,44.013816833496094,41.50286102294922,2.142019748687744
2712,44.94846725463867,40.6275749206543,3.938201427459717
2713,42.930267333984375,39.75910568237305,2.778749942779541
2714,41.70226287841797,39.06687545776367,2.2370834350585938
2715,42.506099700927734,38.58926010131836,3.513028144836426
2716,40.822513580322266,38.23002243041992,2.1810495853424072
2717,39.69577407836914,37.79263687133789,1.4810181856155396
2718,40.44208526611328,37.197288513183594,2.8115901947021484
2719,38.626705169677734,36.52788543701172,1.6573327779769897
2720,38.56728744506836,35.88804626464844,2.230924129486084
2721,38.889190673828125,35.28874969482422,3.1428780555725098
2722,37.30879211425781,34.74269104003906,2.0963211059570312
2723,38.35733413696289,34.338809967041016,3.5388734340667725
2724,36.66276168823242,34.04005432128906,2.1386144161224365
2725,37.01934051513672,33.61616134643555,2.9133057594299316
2726,35.91248321533203,32.969764709472656,2.44058895111084
2727,36.04307174682617,32.246700286865234,3.279191255569458
2728,35.28089141845703,31.597002029418945,3.1547939777374268
2729,35.03071212768555,31.280517578125,3.216383457183838
2730,34.30326461791992,31.311336517333984,2.4577767848968506
2731,34.122989654541016,31.090116500854492,2.491769552230835
2732,33.742977142333984,30.484081268310547,2.705012798309326
2733,33.46364212036133,30.202228546142578,2.70289945602417
2734,32.786617279052734,30.375770568847656,1.85530424118042
2735,32.52798080444336,30.07602882385254,1.8887979984283447
2736,32.17140197753906,29.26581382751465,2.326543092727661
2737,32.14979934692383,28.936391830444336,2.6305105686187744
2738,31.756128311157227,29.00003433227539,2.176210403442383
2739,31.4454288482666,28.501848220825195,2.3527681827545166
2740,31.3300838470459,27.932392120361328,2.7957894802093506
2741,31.29737663269043,28.106435775756836,2.5951006412506104
2742,31.109573364257812,28.093910217285156,2.4184389114379883
2743,31.006818771362305,27.59013557434082,2.8068935871124268
2744,30.748323440551758,27.606176376342773,2.5341854095458984
2745,30.58931541442871,27.713336944580078,2.269660472869873
2746,30.49268913269043,27.28219985961914,2.591097593307495
2747,30.25835609436035,27.18257713317871,2.4531705379486084
2748,30.319961547851562,27.392335891723633,2.3078057765960693
2749,30.136459350585938,27.232046127319336,2.275336265563965
2750,29.899372100830078,27.21407699584961,2.05226993560791
2751,29.956472396850586,27.52643585205078,1.8019587993621826
2752,29.6744384765625,27.539318084716797,1.5024824142456055
2753,29.716976165771484,27.44551658630371,1.6339104175567627
2754,29.712736129760742,27.567867279052734,1.511049747467041
2755,29.417247772216797,27.464887619018555,1.3149282932281494
2756,29.552045822143555,27.22347068786621,1.6845780611038208
2757,29.419574737548828,27.249408721923828,1.5291743278503418
2758,29.238489151000977,27.15839958190918,1.4365671873092651
2759,29.335073471069336,27.007497787475586,1.678568720817566
2760,29.135129928588867,27.098241806030273,1.3917701244354248
2761,29.008848190307617,26.95790672302246,1.40233314037323
2762,29.05224609375,26.78752899169922,1.6109344959259033
2763,28.847261428833008,26.784652709960938,1.41144597530365
2764,28.7215576171875,26.478267669677734,1.585426926612854
2765,28.710186004638672,26.35147476196289,1.6979390382766724
2766,28.595897674560547,26.365333557128906,1.5727776288986206
2767,28.51877784729004,26.093647003173828,1.7604807615280151
2768,28.399532318115234,26.206932067871094,1.5309491157531738
2769,28.250347137451172,26.17658233642578,1.4122015237808228
2770,28.271621704101562,25.982545852661133,1.621809482574463
2771,28.25620460510254,26.147193908691406,1.4466477632522583
2772,28.071758270263672,25.85484504699707,1.5476754903793335
2773,27.919628143310547,25.830150604248047,1.4206900596618652
2774,27.910907745361328,25.80377960205078,1.438430666923523
2775,27.893680572509766,25.563562393188477,1.656203269958496
2776,27.792316436767578,25.72321319580078,1.4011144638061523
2777,27.736204147338867,25.48360824584961,1.5779025554656982
2778,27.69159698486328,25.594791412353516,1.427424669265747
2779,27.590665817260742,25.41504669189453,1.4998589754104614
2780,27.442672729492188,25.444250106811523,1.3251996040344238
2781,27.309463500976562,25.256540298461914,1.3736958503723145
2782,27.259126663208008,25.28972816467285,1.2916676998138428
2783,27.214637756347656,25.08867645263672,1.442909836769104
2784,27.1447811126709,25.15403175354004,1.3097199201583862
2785,27.054216384887695,24.92783546447754,1.4396193027496338
2786,27.06024169921875,25.050872802734375,1.327895998954773
2787,27.42848777770996,24.654518127441406,2.079756259918213
2788,29.44131851196289,25.19044303894043,3.5772616863250732
2789,39.709617614746094,23.91155433654785,15.075883865356445
2790,93.67587280273438,27.137081146240234,65.92493438720703
2791,256.0227355957031,22.423364639282227,232.78216552734375
2792,318.1646728515625,38.52486801147461,279.2001037597656
2793,153.08969116210938,42.53758239746094,110.1141357421875
2794,65.74139404296875,39.044769287109375,26.136898040771484
2795,102.94374084472656,39.054344177246094,63.23017501831055
2796,74.04579162597656,44.68284606933594,28.708412170410156
2797,66.05697631835938,52.60026550292969,12.859868049621582
2798,78.78097534179688,60.47293472290039,17.7872257232666
2799,82.69879150390625,66.19192504882812,16.069496154785156
2800,80.12811279296875,69.27867126464844,10.48198127746582
2801,78.69489288330078,70.3865966796875,7.982362270355225
2802,80.03833770751953,70.49886322021484,9.23601245880127
2803,82.15738677978516,70.25166320800781,11.61694622039795
2804,82.61521911621094,69.8915023803711,12.44809341430664
2805,80.97538757324219,69.508544921875,11.205244064331055
2806,78.71484375,69.17115020751953,9.296884536743164
2807,77.42289733886719,68.9500732421875,8.240450859069824
2808,77.50373840332031,68.8998794555664,8.384636878967285
2809,78.2503433227539,69.05672454833984,8.98591423034668
2810,78.68363189697266,69.43656921386719,9.049286842346191
2811,78.34855651855469,70.01271057128906,8.146355628967285
2812,77.53729248046875,70.70177459716797,6.6524577140808105
2813,76.87678527832031,71.35694885253906,5.3410162925720215
2814,76.75963592529297,71.78834533691406,4.794304370880127
2815,77.05268859863281,71.8093032836914,5.065939903259277
2816,77.23600006103516,71.30238342285156,5.753825664520264
2817,76.86032104492188,70.2854995727539,6.391395092010498
2818,76.02125549316406,68.952880859375,6.880745887756348
2819,75.27177429199219,67.63286590576172,7.447271823883057
2820,74.94303894042969,66.67752838134766,8.070998191833496
2821,74.73570251464844,66.3236312866211,8.216561317443848
2822,74.18693542480469,66.60368347167969,7.388641834259033
2823,73.35888671875,67.30996704101562,5.856082439422607
2824,72.68689727783203,68.08702850341797,4.408073902130127
2825,72.34971618652344,68.56449890136719,3.592323064804077
2826,72.09193420410156,68.46745300292969,3.427563190460205
2827,71.5869369506836,67.6948471069336,3.6880295276641846
2828,70.8525161743164,66.36425018310547,4.2744059562683105
2829,70.25955200195312,64.78836059570312,5.245960235595703
2830,70.02963256835938,63.37199020385742,6.421199798583984
2831,69.85852813720703,62.45439910888672,7.158430099487305
2832,69.3770980834961,62.19595718383789,6.929325580596924
2833,68.79082489013672,62.482391357421875,6.053342819213867
2834,68.44635772705078,62.98720932006836,5.202043533325195
2835,68.2182846069336,63.35451126098633,4.6041693687438965
2836,67.82740783691406,63.33881759643555,4.224730968475342
2837,67.35344696044922,62.89963912963867,4.183484077453613
2838,67.01986694335938,62.18345642089844,4.557931900024414
2839,66.73512268066406,61.40631866455078,5.041753768920898
2840,66.30078887939453,60.7560920715332,5.249938488006592
2841,65.87388610839844,60.32523727416992,5.247776031494141
2842,65.63446044921875,60.061424255371094,5.267404556274414
2843,65.37454223632812,59.85513687133789,5.209754467010498
2844,64.95072174072266,59.634368896484375,5.002992153167725
2845,64.60386657714844,59.430999755859375,4.8561930656433105
2846,64.40609741210938,59.29935836791992,4.787575721740723
2847,64.1334228515625,59.22661590576172,4.586195468902588
2848,63.805877685546875,59.09328842163086,4.390709400177002
2849,63.58473205566406,58.74187469482422,4.518563270568848
2850,63.37154769897461,58.096229553222656,4.946631908416748
2851,63.1297607421875,57.29991912841797,5.4956560134887695
2852,62.99192810058594,56.67884063720703,5.974573135375977
2853,62.846710205078125,56.49032974243164,6.016725063323975
2854,62.6497917175293,56.69087600708008,5.621037006378174
2855,62.56578063964844,56.91805648803711,5.311652183532715
2856,62.47085189819336,56.811912536621094,5.32194185256958
2857,62.28982162475586,56.29747772216797,5.651031970977783
2858,62.18025588989258,55.683841705322266,6.1497602462768555
2859,62.053035736083984,55.329246520996094,6.373721122741699
2860,61.87430191040039,55.33740997314453,6.18634033203125
2861,61.73905563354492,55.48893356323242,5.900319576263428
2862,61.54596710205078,55.52500915527344,5.671142578125
2863,61.341148376464844,55.39445114135742,5.595672607421875
2864,61.18217468261719,55.24676513671875,5.583249092102051
2865,60.962562561035156,55.18151092529297,5.428733825683594
2866,60.748939514160156,55.14093017578125,5.2559590339660645
2867,60.581016540527344,54.99357223510742,5.234837532043457
2868,60.389312744140625,54.71584701538086,5.319150447845459
2869,60.22608947753906,54.47374725341797,5.396484851837158
2870,60.084556579589844,54.43872833251953,5.2900471687316895
2871,59.925376892089844,54.61061477661133,4.960723400115967
2872,59.802242279052734,54.7875862121582,4.662248134613037
2873,59.682743072509766,54.77050018310547,4.5595927238464355
2874,59.535972595214844,54.519569396972656,4.661258697509766
2875,59.41535949707031,54.211097717285156,4.8458685874938965
2876,59.29197692871094,54.04037857055664,4.890934467315674
2877,59.1480712890625,54.068206787109375,4.718506813049316
2878,59.02462387084961,54.160545349121094,4.502418041229248
2879,58.891754150390625,54.15217590332031,4.376608371734619
2880,58.75425338745117,54.00168991088867,4.386939525604248
2881,58.63924789428711,53.81281661987305,4.457759857177734
2882,58.50898742675781,53.67918014526367,4.458557605743408
2883,58.380584716796875,53.592166900634766,4.414991855621338
2884,58.27239227294922,53.456844329833984,4.43950080871582
2885,58.14815139770508,53.21861267089844,4.549912452697754
2886,58.030853271484375,52.97633361816406,4.671255588531494
2887,57.91746520996094,52.863651275634766,4.668057441711426
2888,57.78829574584961,52.89680862426758,4.504530429840088
2889,57.67112731933594,52.93197250366211,4.350975036621094
2890,57.54212951660156,52.81563949584961,4.335660457611084
2891,57.40337371826172,52.56045913696289,4.448091983795166
2892,57.27945327758789,52.34354782104492,4.53739070892334
2893,57.14168930053711,52.28932571411133,4.451612949371338
2894,57.007869720458984,52.35189437866211,4.254075527191162
2895,56.880958557128906,52.37262725830078,4.104947090148926
2896,56.741981506347656,52.262367248535156,4.073591232299805
2897,56.61557388305664,52.09741973876953,4.1090087890625
2898,56.480587005615234,51.98223114013672,4.086516857147217
2899,56.33762741088867,51.92450714111328,3.9991042613983154
2900,56.20565414428711,51.82356262207031,3.9655449390411377
2901,56.05888748168945,51.61252212524414,4.026363849639893
2902,55.91617965698242,51.37613296508789,4.116448879241943
2903,55.7751350402832,51.24454116821289,4.10442590713501
2904,55.624717712402344,51.23029708862305,3.9668171405792236
2905,55.48659133911133,51.18636703491211,3.8709518909454346
2906,55.336429595947266,50.99238967895508,3.91180157661438
2907,55.18775939941406,50.707313537597656,4.044477462768555
2908,55.04459762573242,50.50162887573242,4.104086399078369
2909,54.887237548828125,50.45708084106445,3.989969491958618
2910,54.73985290527344,50.452938079833984,3.845951795578003
2911,54.58268737792969,50.35101318359375,3.78924298286438
2912,54.4273796081543,50.15858459472656,3.824195146560669
2913,54.2757568359375,49.99686813354492,3.8324217796325684
2914,54.11211395263672,49.915931701660156,3.7485599517822266
2915,53.96133804321289,49.82160949707031,3.690891981124878
2916,53.799049377441406,49.62638473510742,3.721843719482422
2917,53.6396598815918,49.39729309082031,3.789381265640259
2918,53.481834411621094,49.26274490356445,3.764822483062744
2919,53.31637191772461,49.22519302368164,3.636465549468994
2920,53.161407470703125,49.1295051574707,3.576218605041504
2921,52.99281311035156,48.8808479309082,3.653963088989258
2922,52.83548355102539,48.597660064697266,3.7772257328033447
2923,52.673370361328125,48.43703842163086,3.7742226123809814
2924,52.51145935058594,48.392494201660156,3.656431198120117
2925,52.35502624511719,48.3056640625,3.586164712905884
2926,52.191532135009766,48.10679626464844,3.6200144290924072
2927,52.04104232788086,47.89855194091797,3.676142930984497
2928,51.879764556884766,47.76595687866211,3.6463615894317627
2929,51.73404312133789,47.64756393432617,3.6180872917175293
2930,51.58140563964844,47.456443786621094,3.655181884765625
2931,51.43556594848633,47.24541473388672,3.718979597091675
2932,51.294246673583984,47.126590728759766,3.695908546447754
2933,51.1524543762207,47.07253646850586,3.6080515384674072
2934,51.02010726928711,46.92947006225586,3.6179139614105225
2935,50.87961959838867,46.6575813293457,3.747408866882324
2936,50.75662612915039,46.42169952392578,3.8587214946746826
2937,50.62093734741211,46.33699417114258,3.8074069023132324
2938,50.50102615356445,46.28594970703125,3.7385382652282715
2939,50.37098693847656,46.13248062133789,3.7612133026123047
2940,50.252418518066406,45.92051696777344,3.853346824645996
2941,50.124755859375,45.76272201538086,3.8823959827423096
2942,50.005271911621094,45.65176773071289,3.873046875
2943,49.88015365600586,45.49245071411133,3.90614914894104
2944,49.753700256347656,45.313690185546875,3.957369089126587
2945,49.62943649291992,45.2260627746582,3.9203474521636963
2946,49.49891662597656,45.19627380371094,3.8194785118103027
2947,49.3698844909668,45.05997085571289,3.8257288932800293
2948,49.230525970458984,44.81089782714844,3.9335389137268066
2949,49.09973907470703,44.64512252807617,3.9672999382019043
2950,48.95184326171875,44.62889099121094,3.835569381713867
2951,48.81367111206055,44.5830078125,3.743117094039917
2952,48.65846633911133,44.42133712768555,3.7486467361450195
2953,48.51417541503906,44.27083969116211,3.7538764476776123
2954,48.35009002685547,44.18694305419922,3.672903060913086
2955,48.197635650634766,44.06163024902344,3.6447906494140625
2956,48.02574920654297,43.88429260253906,3.649200201034546
2957,47.86430740356445,43.80193328857422,3.5698788166046143
2958,47.687599182128906,43.80877685546875,3.386568546295166
2959,47.51493453979492,43.69671630859375,3.3253085613250732
2960,47.33020782470703,43.44994354248047,3.385709285736084
2961,47.148075103759766,43.290409088134766,3.362039804458618
2962,46.96103286743164,43.25225067138672,3.212965488433838
2963,46.762840270996094,43.15028381347656,3.116370916366577
2964,46.57378387451172,42.973106384277344,3.103700637817383
2965,46.36131286621094,42.851829528808594,3.0117440223693848
2966,46.16971206665039,42.72563552856445,2.945279121398926
2967,45.94377899169922,42.48139572143555,2.961862087249756
2968,45.745994567871094,42.27552795410156,2.968658924102783
2969,45.513065338134766,42.21751022338867,2.793461322784424
2970,45.30347442626953,42.10174560546875,2.698918581008911
2971,45.07330322265625,41.83191680908203,2.736689329147339
2972,44.83864974975586,41.61139678955078,2.7206711769104004
2973,44.62190246582031,41.453670501708984,2.6600985527038574
2974,44.367794036865234,41.23200988769531,2.626105785369873
2975,44.145511627197266,41.04911422729492,2.5855026245117188
2976,43.90791320800781,40.922447204589844,2.4732391834259033
2977,43.651763916015625,40.639488220214844,2.49757981300354
2978,43.431976318359375,40.34160614013672,2.573105573654175
2979,43.18827438354492,40.193626403808594,2.4757015705108643
2980,42.937652587890625,39.980506896972656,2.4364640712738037
2981,42.72481155395508,39.74644088745117,2.4557793140411377
2982,42.501529693603516,39.56773376464844,2.408963918685913
2983,42.258934020996094,39.24903869628906,2.482088327407837
2984,42.03848648071289,39.04527282714844,2.463299512863159
2985,41.85139846801758,38.92150115966797,2.39836049079895
2986,41.661773681640625,38.634300231933594,2.4933435916900635
2987,41.46358871459961,38.49171829223633,2.435173749923706
2988,41.26476287841797,38.17206573486328,2.552743434906006
2989,41.073097229003906,38.09071350097656,2.4403600692749023
2990,40.89993667602539,37.83210372924805,2.523066759109497
2991,40.77647399902344,37.76805114746094,2.4610440731048584
2992,40.833648681640625,37.3832893371582,2.8991010189056396
2993,41.7733154296875,37.58343505859375,3.6365482807159424
2994,47.129173278808594,36.81280517578125,9.759406089782715
2995,77.60028076171875,38.57162094116211,38.473350524902344
2996,169.0068359375,36.75752258300781,131.70199584960938
2997,265.2715759277344,45.3857307434082,219.3572998046875
2998,66.6572265625,46.75415802001953,19.414955139160156
2999,155.46868896484375,48.35316848754883,106.6439208984375
3000,85.86141967773438,52.01771926879883,33.385379791259766
3001,72.11956024169922,54.68290710449219,16.97359275817871
3002,110.46124267578125,55.47847366333008,54.50820541381836
3003,83.6781234741211,54.51716995239258,28.691843032836914
3004,60.69184875488281,54.67087173461914,5.574336051940918
3005,78.26382446289062,57.079593658447266,20.766124725341797
3006,89.94412231445312,60.0657958984375,29.4891300201416
3007,78.43624877929688,62.15836715698242,15.913984298706055
3008,67.3908462524414,63.31055450439453,3.734126567840576
3009,69.49262237548828,64.01873016357422,5.138199806213379
3010,77.92808532714844,64.58642578125,13.013472557067871
3011,81.6330795288086,65.11528015136719,16.198732376098633
3012,77.71920013427734,65.70525360107422,11.707265853881836
3013,72.09201049804688,66.35543823242188,5.443212985992432
3014,70.25643157958984,66.85102081298828,3.1225879192352295
3015,72.41641235351562,66.83795928955078,5.300973415374756
3016,75.30068969726562,66.05810546875,8.964850425720215
3017,75.71591186523438,64.5689468383789,10.864705085754395
3018,73.30130004882812,62.807586669921875,10.205280303955078
3019,70.5423583984375,61.3695182800293,8.87952709197998
3020,69.88626861572266,60.7614631652832,8.830739974975586
3021,70.99463653564453,61.19941329956055,9.506464958190918
3022,71.55829620361328,62.55927658081055,8.721579551696777
3023,70.58613586425781,64.38031768798828,5.9427266120910645
3024,69.2295150756836,66.00435638427734,2.9747567176818848
3025,68.56739807128906,66.80186462402344,1.5220149755477905
3026,68.42817687988281,66.3711929321289,1.8122271299362183
3027,68.03271484375,64.67838287353516,3.0998694896698
3028,67.0447998046875,62.11080551147461,4.663050651550293
3029,66.06385040283203,59.40494155883789,6.368685722351074
3030,65.80838012695312,57.39772415161133,8.104100227355957
3031,65.73857116699219,56.69047546386719,8.73359203338623
3032,64.79349517822266,57.374794006347656,7.106501579284668
3033,63.454063415527344,58.963035583496094,4.187869548797607
3034,62.92898178100586,60.61221694946289,2.022838830947876
3035,63.08584976196289,61.523128509521484,1.2725961208343506
3036,62.8100471496582,61.20512390136719,1.3100049495697021
3037,61.660987854003906,59.658592224121094,1.6937638521194458
3038,60.540348052978516,57.39744186401367,2.814490556716919
3039,60.33933639526367,55.22334289550781,4.767326354980469
3040,60.404666900634766,53.846229553222656,6.195202827453613
3041,59.70960998535156,53.62084197998047,5.720369338989258
3042,58.82306671142578,54.33316421508789,4.123931884765625
3043,58.50971984863281,55.330116271972656,2.817824602127075
3044,58.383522033691406,55.93122482299805,2.0911436080932617
3045,58.008941650390625,55.72725296020508,1.9148638248443604
3046,57.545753479003906,54.73261642456055,2.4349453449249268
3047,57.13702392578125,53.33619689941406,3.408923387527466
3048,56.792396545410156,52.07938003540039,4.309351444244385
3049,56.577003479003906,51.39781951904297,4.768777370452881
3050,56.239219665527344,51.3996467590332,4.427642822265625
3051,55.64195251464844,51.822021484375,3.4091920852661133
3052,55.24724578857422,52.20222473144531,2.6348140239715576
3053,55.07042694091797,52.169647216796875,2.488513946533203
3054,54.571571350097656,51.57568359375,2.578465461730957
3055,53.916629791259766,50.6033935546875,2.888780355453491
3056,53.60688018798828,49.63396453857422,3.5416624546051025
3057,53.305763244628906,48.989803314208984,3.8800928592681885
3058,52.737640380859375,48.81829833984375,3.4823827743530273
3059,52.33043670654297,48.965335845947266,2.9299464225769043
3060,52.066650390625,49.10132598876953,2.5327517986297607
3061,51.71831512451172,48.93465805053711,2.352055788040161
3062,51.39118576049805,48.33551788330078,2.621436595916748
3063,51.07027816772461,47.43794631958008,3.1920523643493652
3064,50.7998161315918,46.5743293762207,3.778472900390625
3065,50.629661560058594,46.05459213256836,4.124179363250732
3066,50.31496810913086,45.95314025878906,3.911391258239746
3067,50.00810241699219,46.06052017211914,3.4999217987060547
3068,49.83876419067383,46.03712463378906,3.355116367340088
3069,49.496498107910156,45.66128921508789,3.3855960369110107
3070,49.18043518066406,45.03612518310547,3.68864369392395
3071,48.98001480102539,44.4922981262207,4.0270586013793945
3072,48.681068420410156,44.2585334777832,3.960517406463623
3073,48.418312072753906,44.31119918823242,3.6466526985168457
3074,48.12238311767578,44.389583587646484,3.2735843658447266
3075,47.808189392089844,44.244651794433594,3.102804183959961
3076,47.46894836425781,43.83332824707031,3.170788526535034
3077,47.01687240600586,43.292030334472656,3.2549989223480225
3078,46.68937683105469,42.82257080078125,3.39259672164917
3079,46.32235336303711,42.54044723510742,3.304593563079834
3080,45.94889831542969,42.42488098144531,3.0447676181793213
3081,45.70770263671875,42.31632614135742,2.9104511737823486
3082,45.39466857910156,42.070274353027344,2.8410568237304688
3083,45.13835906982422,41.66046905517578,2.9905357360839844
3084,44.86111068725586,41.21160888671875,3.1571595668792725
3085,44.5872917175293,40.90117645263672,3.1900558471679688
3086,44.353614807128906,40.76423263549805,3.0921518802642822
3087,44.101219177246094,40.67766571044922,2.9264471530914307
3088,43.907405853271484,40.46739959716797,2.941287040710449
3089,43.63795471191406,40.11275863647461,3.0220820903778076
3090,43.46931457519531,39.82530975341797,3.136697769165039
3091,43.27320098876953,39.75832748413086,3.0062782764434814
3092,43.091243743896484,39.82535171508789,2.757776975631714
3093,42.94367599487305,39.7805061340332,2.6533000469207764
3094,42.72345733642578,39.499107360839844,2.7085180282592773
3095,42.57811737060547,39.18400955200195,2.8716046810150146
3096,42.353511810302734,39.021690368652344,2.804832696914673
3097,42.16710662841797,39.00049591064453,2.6365621089935303
3098,41.97046661376953,38.936622619628906,2.4991509914398193
3099,41.820343017578125,38.69579315185547,2.5824856758117676
3100,41.66257858276367,38.390342712402344,2.7226128578186035
3101,41.55116653442383,38.22833251953125,2.767991304397583
3102,41.40846633911133,38.25802230834961,2.5926709175109863
3103,41.32199478149414,38.28089904785156,2.4802398681640625
3104,41.18715286254883,38.12767791748047,2.4940829277038574
3105,41.065879821777344,37.8819580078125,2.6136293411254883
3106,40.94565200805664,37.75929260253906,2.6128768920898438
3107,40.806190490722656,37.7841911315918,2.4474117755889893
3108,40.69392395019531,37.742149353027344,2.37619686126709
3109,40.565879821777344,37.53297424316406,2.454869508743286
3110,40.46812057495117,37.29276657104492,2.593764305114746
3111,40.36363220214844,37.17200469970703,2.607440233230591
3112,40.248985290527344,37.1358642578125,2.52815842628479
3113,40.15564727783203,37.05378341674805,2.516011953353882
3114,40.02339172363281,36.879432678222656,2.5548245906829834
3115,39.92755889892578,36.686546325683594,2.6475865840911865
3116,39.78640365600586,36.5641975402832,2.6265463829040527
3117,39.70181655883789,36.51641082763672,2.5890448093414307
3118,39.56169509887695,36.44564437866211,2.517535924911499
3119,39.480255126953125,36.25602722167969,2.621640205383301
3120,39.34710693359375,36.043724060058594,2.6976964473724365
3121,39.248050689697266,35.98583984375,2.6559042930603027
3122,39.132198333740234,36.00482177734375,2.52095103263855
3123,39.005218505859375,35.850486755371094,2.546090841293335
3124,38.9142951965332,35.61502456665039,2.6876864433288574
3125,38.76080322265625,35.58307647705078,2.5656909942626953
3126,38.68059158325195,35.61845779418945,2.4507222175598145
3127,38.528221130371094,35.476810455322266,2.4387094974517822
3128,38.425533294677734,35.294921875,2.515380382537842
3129,38.313453674316406,35.24748229980469,2.4494900703430176
3130,38.15834426879883,35.21963882446289,2.3222908973693848
3131,38.077125549316406,35.128780364990234,2.3311047554016113
3132,37.92536544799805,34.9930419921875,2.312312364578247
3133,37.80007553100586,34.8627815246582,2.3155031204223633
3134,37.70320129394531,34.79620361328125,2.2852721214294434
3135,37.546302795410156,34.759098052978516,2.1648921966552734
3136,37.418514251708984,34.56214141845703,2.2312541007995605
3137,37.32191467285156,34.36620330810547,2.3286709785461426
3138,37.155853271484375,34.385772705078125,2.1440765857696533
3139,37.02704620361328,34.26510238647461,2.1349382400512695
3140,36.93413162231445,33.99137496948242,2.312331199645996
3141,36.7762565612793,33.94449996948242,2.2008771896362305
3142,36.620792388916016,33.865867614746094,2.1239888668060303
3143,36.51215362548828,33.67822265625,2.2008368968963623
3144,36.42005157470703,33.53054428100586,2.2537777423858643
3145,36.252445220947266,33.39736557006836,2.2184062004089355
3146,36.09152603149414,33.37297439575195,2.081825017929077
3147,35.94389724731445,33.15647506713867,2.1473023891448975
3148,35.842350006103516,32.977195739746094,2.222810983657837
3149,35.744598388671875,33.026004791259766,2.077636957168579
3150,35.61787796020508,32.7590446472168,2.2141544818878174
3151,35.53659439086914,32.67763900756836,2.212550640106201
3152,35.49531173706055,32.52534866333008,2.322622537612915
3153,35.68341827392578,32.55877685546875,2.477344512939453
3154,36.7292366027832,32.0736083984375,4.001315593719482
3155,41.59320068359375,32.6269416809082,8.319477081298828
3156,62.296531677246094,31.49516487121582,30.138517379760742
3157,155.39059448242188,34.233192443847656,120.52692413330078
3158,218.55824279785156,32.07997131347656,185.809814453125
3159,151.42666625976562,40.12447738647461,110.71353149414062
3160,105.67344665527344,46.33382797241211,58.824398040771484
3161,107.66937255859375,43.97283172607422,63.15492248535156
3162,81.43083190917969,40.49678039550781,40.31447219848633
3163,93.15369415283203,45.832664489746094,46.69282913208008
3164,87.93589782714844,54.06196212768555,33.322654724121094
3165,65.17794799804688,58.50650405883789,6.201612949371338
3166,84.16958618164062,59.75667953491211,23.986190795898438
3167,84.70960998535156,59.19540786743164,25.094667434692383
3168,68.18038177490234,58.688724517822266,9.060320854187012
3169,67.94212341308594,59.47562026977539,8.021636962890625
3170,80.1439208984375,61.12649154663086,18.572721481323242
3171,79.35528564453125,62.64704895019531,16.284765243530273
3172,70.05268859863281,63.742977142333984,5.9209771156311035
3173,69.90332794189453,64.7293472290039,4.819544792175293
3174,76.4861068725586,65.94949340820312,10.208196640014648
3175,78.08735656738281,67.51477813720703,10.260539054870605
3176,73.96217346191406,69.11249542236328,4.54435396194458
3177,71.61060333251953,70.09514617919922,1.2074400186538696
3178,73.42804718017578,69.85492706298828,3.2548294067382812
3179,75.2066650390625,68.212646484375,6.662120819091797
3180,73.6957015991211,65.65843963623047,7.693953037261963
3181,71.79861450195312,63.29307174682617,8.157712936401367
3182,72.55641174316406,62.27363204956055,9.938937187194824
3183,72.87618255615234,63.153656005859375,9.38966178894043
3184,71.07159423828125,65.48505401611328,5.266993522644043
3185,70.1031723022461,68.02239227294922,1.7708772420883179
3186,70.72128295898438,69.4538345336914,0.9592368006706238
3187,70.73464965820312,69.00859069824219,1.410271406173706
3188,69.03994750976562,66.74034881591797,1.9683599472045898
3189,67.3966064453125,63.52277755737305,3.5232865810394287
3190,67.66084289550781,60.66864013671875,6.624313831329346
3191,68.16954040527344,59.2805061340332,8.511221885681152
3192,66.71163177490234,59.72856140136719,6.604870319366455
3193,65.15869903564453,61.362464904785156,3.4237701892852783
3194,65.1615219116211,62.96895217895508,1.8258647918701172
3195,65.26242065429688,63.517147064208984,1.379621982574463
3196,64.19449615478516,62.58527374267578,1.2375839948654175
3197,62.996646881103516,60.56742858886719,2.045396327972412
3198,62.733394622802734,58.37509536743164,3.9596409797668457
3199,62.37594223022461,56.88387680053711,5.080544948577881
3200,61.3177490234375,56.47273254394531,4.426163673400879
3201,60.72537612915039,56.81358337402344,3.4913675785064697
3202,60.392608642578125,57.18792724609375,2.7857589721679688
3203,59.4668083190918,57.03658676147461,2.012490749359131
3204,58.76080322265625,56.26523208618164,2.07599139213562
3205,58.502498626708984,55.181556701660156,2.8958311080932617
3206,57.55695343017578,54.13983917236328,2.983724594116211
3207,56.610408782958984,53.3331184387207,2.8354127407073975
3208,56.32905960083008,52.68644332885742,3.194700002670288
3209,55.27177047729492,52.07284164428711,2.7488508224487305
3210,54.20685958862305,51.50083923339844,2.2564797401428223
3211,53.89781188964844,51.036312103271484,2.4120564460754395
3212,53.066650390625,50.57162094116211,2.0423367023468018
3213,52.624420166015625,49.77916717529297,2.3842475414276123
3214,52.36603927612305,48.542640686035156,3.350755453109741
3215,51.885128021240234,47.29671096801758,4.105366230010986
3216,51.651023864746094,46.727195739746094,4.435636043548584
3217,50.77528381347656,46.90895462036133,3.3772103786468506
3218,50.36848449707031,47.09805679321289,2.779080867767334
3219,49.633995056152344,46.63658905029297,2.4991753101348877
3220,49.142333984375,45.75788879394531,2.8769538402557373
3221,48.852928161621094,45.1920166015625,3.1467339992523193
3222,48.238502502441406,45.09341812133789,2.628262519836426
3223,47.93751907348633,44.87929153442383,2.539897918701172
3224,47.30322265625,44.1660041809082,2.615164279937744
3225,46.87638854980469,43.22947311401367,3.117865562438965
3226,46.21256637573242,42.53493881225586,3.141484260559082
3227,45.788780212402344,42.151283264160156,3.098371982574463
3228,45.12568283081055,41.81468963623047,2.7715461254119873
3229,44.75126266479492,41.3616828918457,2.8465073108673096
3230,44.11418151855469,40.88188552856445,2.6812214851379395
3231,43.938499450683594,40.5845947265625,2.7978639602661133
3232,43.47362518310547,40.42138671875,2.4973018169403076
3233,43.38671875,40.06568908691406,2.7644128799438477
3234,43.024803161621094,39.49561309814453,2.9643423557281494
3235,42.84086227416992,39.15953063964844,3.112626314163208
3236,42.62522506713867,38.953697204589844,3.103454113006592
3237,42.3656120300293,38.42451477050781,3.3655099868774414
3238,42.33714294433594,38.11018371582031,3.6448209285736084
3239,42.0992431640625,38.28250503540039,3.2379021644592285
3240,41.758663177490234,38.005374908447266,3.169220209121704
3241,41.59532165527344,37.62568664550781,3.3778886795043945
3242,41.27574157714844,37.66750717163086,3.0166189670562744
3243,40.977169036865234,37.4320068359375,2.9463350772857666
3244,40.689449310302734,37.09467697143555,2.9904448986053467
3245,40.626522064208984,36.81698989868164,3.2007968425750732
3246,40.55951690673828,36.63851547241211,3.3059279918670654
3247,40.335174560546875,36.499263763427734,3.2166197299957275
3248,40.17479705810547,36.45833969116211,3.0927786827087402
3249,40.05985641479492,36.50416946411133,2.9291810989379883
3250,39.882877349853516,36.523223876953125,2.7329063415527344
3251,39.65845489501953,36.599876403808594,2.4298171997070312
3252,39.52423095703125,36.65625762939453,2.2375073432922363
3253,39.45565414428711,36.656246185302734,2.1686713695526123
3254,39.273834228515625,36.59700012207031,2.043757677078247
3255,39.087623596191406,36.40627670288086,2.0464425086975098
3256,39.002498626708984,36.2579460144043,2.1078896522521973
3257,38.90995407104492,36.198272705078125,2.072166681289673
3258,38.756004333496094,36.11079406738281,2.0050034523010254
3259,38.525390625,35.97412109375,1.9073913097381592
3260,38.320892333984375,35.85649490356445,1.819383144378662
3261,38.19027328491211,35.72956848144531,1.8138854503631592
3262,38.10921096801758,35.524349212646484,1.9330077171325684
3263,38.066131591796875,35.34120559692383,2.0720081329345703
3264,38.08011245727539,35.11245346069336,2.309675931930542
3265,38.283668518066406,34.92760467529297,2.698760986328125
3266,39.09764862060547,34.75334548950195,3.67931866645813
3267,41.95429992675781,34.80092239379883,6.496735572814941
3268,52.160736083984375,34.62373733520508,16.864648818969727
3269,77.07835388183594,34.77935791015625,41.65226364135742
3270,119.97097778320312,36.293113708496094,83.02921295166016
3271,67.222412109375,34.968894958496094,31.619312286376953
3272,50.44145584106445,37.01961135864258,12.81369686126709
3273,83.05281066894531,38.255348205566406,44.185367584228516
3274,40.78411102294922,36.65164566040039,3.5206339359283447
3275,73.524169921875,36.69536209106445,36.2346305847168
3276,40.991756439208984,37.22565841674805,3.1782009601593018
3277,64.8990478515625,37.84906768798828,26.466537475585938
3278,40.93851089477539,38.06285858154297,2.3004865646362305
3279,60.77671813964844,38.86366271972656,21.350126266479492
3280,41.96730041503906,39.29514694213867,2.1135506629943848
3281,57.51641845703125,39.573795318603516,17.385976791381836
3282,42.558074951171875,39.79153060913086,2.2196385860443115
3283,54.29927062988281,39.54402160644531,14.209368705749512
3284,42.56989288330078,39.0590934753418,2.9612886905670166
3285,50.79743957519531,38.8441276550293,11.402099609375
3286,43.04158401489258,38.931236267089844,3.5645205974578857
3287,48.35580062866211,38.58295822143555,9.224156379699707
3288,42.72740936279297,38.55487060546875,3.6247358322143555
3289,45.88763427734375,39.283660888671875,6.067953109741211
3290,43.19491958618164,39.56156539916992,3.1030654907226562
3291,43.769004821777344,38.67051315307617,4.556410312652588
3292,42.7142219543457,38.01158905029297,4.152270317077637
3293,42.30919647216797,38.22507858276367,3.538931131362915
3294,41.9825553894043,37.799434661865234,3.6332507133483887
3295,41.16672897338867,36.76657485961914,3.8352537155151367
3296,40.85202407836914,36.66954040527344,3.6169865131378174
3297,40.46405029296875,36.85692596435547,3.0447921752929688
3298,39.78034973144531,36.306461334228516,2.901529312133789
3299,40.183528900146484,35.74164581298828,3.8599050045013428
3300,38.788726806640625,35.6104621887207,2.5953123569488525
3301,40.06217956542969,35.45886993408203,4.0193772315979
3302,37.984989166259766,35.16641616821289,2.230677604675293
3303,39.681636810302734,34.37007522583008,4.709008693695068
3304,37.23916244506836,34.34852600097656,2.288301706314087
3305,39.01579284667969,34.45806121826172,3.957716226577759
3306,36.91392135620117,34.07619857788086,2.2297322750091553
3307,38.13626480102539,34.00171661376953,3.523926019668579
3308,36.88668441772461,33.956993103027344,2.3169524669647217
3309,37.059505462646484,33.79186248779297,2.650327205657959
3310,37.040435791015625,33.44803237915039,2.966987133026123
3311,36.09750747680664,33.21944808959961,2.246955394744873
3312,36.98687744140625,33.27121353149414,3.084249258041382
3313,35.674354553222656,32.955387115478516,2.0782299041748047
3314,36.39864730834961,32.905887603759766,2.8488388061523438
3315,35.78508377075195,32.91465759277344,2.2254717350006104
3316,35.524288177490234,32.84294891357422,2.033653736114502
3317,35.930450439453125,32.62302017211914,2.6535484790802
3318,34.952823638916016,32.49949264526367,1.7959789037704468
3319,35.406890869140625,32.48762512207031,2.261368989944458
3320,35.02717590332031,32.148162841796875,2.2126455307006836
3321,34.672550201416016,32.23366165161133,1.7738032341003418
3322,35.25984191894531,31.96087646484375,2.625819444656372
3323,35.30522918701172,32.20610427856445,2.4309825897216797
3324,37.58457946777344,31.327280044555664,5.566095352172852
3325,46.8248291015625,32.7603645324707,13.407793045043945
3326,80.7880630493164,30.10210418701172,49.95565414428711
3327,208.56265258789062,36.26538848876953,171.70449829101562
3328,384.62158203125,30.15284538269043,353.70330810546875
3329,186.02317810058594,46.94719696044922,138.58126831054688
3330,215.84268188476562,55.89512634277344,159.5271759033203
3331,82.7500228881836,51.86125946044922,30.42161750793457
3332,117.14820861816406,44.08816909790039,72.51287078857422
3333,125.06660461425781,44.13463592529297,80.38412475585938
3334,86.4041748046875,53.19989776611328,32.74065399169922
3335,77.71125030517578,65.40323638916016,11.939126014709473
3336,85.73514556884766,75.10594177246094,10.327534675598145
3337,91.41389465332031,80.30615234375,10.844671249389648
3338,91.06112670898438,81.28659057617188,9.527923583984375
3339,86.22784423828125,79.18354797363281,6.7976202964782715
3340,79.9122543334961,75.3379898071289,4.315382480621338
3341,76.08263397216797,71.06676483154297,4.737264156341553
3342,78.2827377319336,67.53133392333984,10.451940536499023
3343,84.87666320800781,65.53883361816406,19.024478912353516
3344,88.1885757446289,65.44367218017578,22.431625366210938
3345,85.30462646484375,67.19001007080078,17.8165340423584
3346,81.8216552734375,70.35157775878906,11.196392059326172
3347,81.47822570800781,74.21208190917969,7.0183515548706055
3348,83.24014282226562,77.95372009277344,5.060458660125732
3349,85.07315826416016,80.9201431274414,3.942256212234497
3350,85.87893676757812,82.6573257446289,3.0184011459350586
3351,85.51473236083984,82.99320983886719,2.3182907104492188
3352,84.39976501464844,82.01302337646484,2.1766433715820312
3353,83.18182373046875,79.98710632324219,2.97212815284729
3354,82.41170501708984,77.32107543945312,4.8518147468566895
3355,82.21478271484375,74.48265838623047,7.475914001464844
3356,82.26789855957031,71.93009185791016,10.065932273864746
3357,82.21115112304688,70.050048828125,11.877907752990723
3358,81.9736328125,69.10255432128906,12.582472801208496
3359,81.56261444091797,69.1547622680664,12.119813919067383
3360,80.88119506835938,70.05315399169922,10.545087814331055
3361,79.98609924316406,71.46784210205078,8.24257755279541
3362,79.20135498046875,72.98514556884766,5.94755744934082
3363,78.79718780517578,74.21826934814453,4.315122127532959
3364,78.70012664794922,74.87944793701172,3.5584006309509277
3365,78.54747009277344,74.81491088867188,3.467989683151245
3366,77.98844909667969,74.0212173461914,3.696690559387207
3367,77.01375579833984,72.63932800292969,4.094882011413574
3368,76.01093292236328,70.91189575195312,4.808444499969482
3369,75.3996353149414,69.13212585449219,5.965146064758301
3370,75.15879821777344,67.57461547851562,7.270773410797119
3371,74.8498764038086,66.4236831665039,8.103645324707031
3372,74.17625427246094,65.82142639160156,8.026202201843262
3373,73.35729217529297,65.75444030761719,7.2714433670043945
3374,72.67343139648438,66.0804443359375,6.261435031890869
3375,72.0760269165039,66.58830261230469,5.15741491317749
3376,71.46649932861328,67.04232025146484,4.094992160797119
3377,70.92433166503906,67.22425842285156,3.3703620433807373
3378,70.45247650146484,66.96654510498047,3.1528160572052
3379,69.83951568603516,66.2157974243164,3.283884286880493
3380,69.01202392578125,65.05934143066406,3.6032910346984863
3381,68.26608276367188,63.716209411621094,4.189438819885254
3382,67.79635620117188,62.46184539794922,4.963390350341797
3383,67.33277130126953,61.50077438354492,5.451979637145996
3384,66.67994689941406,60.95142364501953,5.342352390289307
3385,66.06766510009766,60.774959564208984,4.902885913848877
3386,65.55242919921875,60.79240036010742,4.367919445037842
3387,65.00637817382812,60.78636169433594,3.8255560398101807
3388,64.5615463256836,60.58416748046875,3.5792717933654785
3389,64.220458984375,60.11277389526367,3.7039084434509277
3390,63.705039978027344,59.38003158569336,3.9133830070495605
3391,63.139137268066406,58.483768463134766,4.234379768371582
3392,62.76918029785156,57.55484390258789,4.7835774421691895
3393,62.3937873840332,56.716064453125,5.237921237945557
3394,61.946048736572266,56.109886169433594,5.389228343963623
3395,61.54199981689453,55.83039855957031,5.260124206542969
3396,61.080711364746094,55.82640075683594,4.80045747756958
3397,60.67930221557617,55.88484573364258,4.338820934295654
3398,60.39345169067383,55.766414642333984,4.168568134307861
3399,59.986236572265625,55.323486328125,4.199316501617432
3400,59.56813049316406,54.63546371459961,4.462628364562988
3401,59.25922393798828,53.91905212402344,4.863402366638184
3402,58.92010498046875,53.35552215576172,5.082414150238037
3403,58.600120544433594,53.03587341308594,5.0789666175842285
3404,58.22534942626953,52.92140579223633,4.817751884460449
3405,57.811973571777344,52.890682220458984,4.435333728790283
3406,57.4998893737793,52.81022262573242,4.203727722167969
3407,57.0976448059082,52.57925796508789,4.031264781951904
3408,56.63774108886719,52.14686584472656,4.000858306884766
3409,56.20309829711914,51.58671569824219,4.122452735900879
3410,55.73516845703125,51.03826904296875,4.199255466461182
3411,55.295494079589844,50.66362380981445,4.132131576538086
3412,54.75096893310547,50.52510452270508,3.7262842655181885
3413,54.2178955078125,50.49488067626953,3.224701166152954
3414,53.72859573364258,50.37711715698242,2.8537912368774414
3415,53.16251754760742,50.04452133178711,2.619065999984741
3416,52.60936737060547,49.51776123046875,2.5895750522613525
3417,52.03852844238281,48.918914794921875,2.6136703491210938
3418,51.543094635009766,48.38792037963867,2.6459240913391113
3419,51.010948181152344,47.98969268798828,2.510058641433716
3420,50.49787902832031,47.70188522338867,2.2839925289154053
3421,50.0589599609375,47.41506576538086,2.1309351921081543
3422,49.61003112792969,46.98952865600586,2.1048202514648438
3423,49.1828727722168,46.38713836669922,2.27508282661438
3424,48.7741813659668,45.71677780151367,2.530695676803589
3425,48.444847106933594,45.151634216308594,2.76131272315979
3426,48.04082107543945,44.76054763793945,2.7449028491973877
3427,47.691287994384766,44.448211669921875,2.704998254776001
3428,47.311058044433594,44.06995391845703,2.699413299560547
3429,46.9176025390625,43.54405975341797,2.8260300159454346
3430,46.487579345703125,42.944480895996094,2.988238573074341
3431,46.10987854003906,42.43718719482422,3.1113693714141846
3432,45.66005325317383,42.09417724609375,3.0001654624938965
3433,45.28097152709961,41.845359802246094,2.866466760635376
3434,44.926063537597656,41.53901290893555,2.813241958618164
3435,44.565635681152344,41.090087890625,2.894963502883911
3436,44.283485412597656,40.63966369628906,3.0564496517181396
3437,43.970767974853516,40.360958099365234,3.0179667472839355
3438,43.713783264160156,40.20506286621094,2.914196491241455
3439,43.45370101928711,39.98065185546875,2.875019073486328
3440,43.19639205932617,39.63637924194336,2.9563496112823486
3441,42.96531295776367,39.33077621459961,3.0253777503967285
3442,42.71812057495117,39.17902374267578,2.9271440505981445
3443,42.510101318359375,39.12631607055664,2.7709102630615234
3444,42.28924560546875,39.017791748046875,2.6563119888305664
3445,42.10098648071289,38.78406524658203,2.697178602218628
3446,41.93370819091797,38.58466339111328,2.7254514694213867
3447,41.737571716308594,38.54471969604492,2.567842721939087
3448,41.62538146972656,38.510276794433594,2.4885566234588623
3449,41.431488037109375,38.280967712402344,2.5192928314208984
3450,41.31691360473633,38.01316452026367,2.6670384407043457
3451,41.16203689575195,37.88344192504883,2.6386327743530273
3452,41.00963592529297,37.80586242675781,2.561784029006958
3453,40.878684997558594,37.63274383544922,2.6000561714172363
3454,40.72272491455078,37.37241744995117,2.6985373497009277
3455,40.54800796508789,37.189720153808594,2.7027578353881836
3456,40.391971588134766,37.11703109741211,2.618192195892334
3457,40.21451950073242,36.98603820800781,2.569129705429077
3458,40.00650405883789,36.71518325805664,2.626873254776001
3459,39.84256362915039,36.54322052001953,2.631944179534912
3460,39.661136627197266,36.530155181884766,2.463850498199463
3461,39.46181106567383,36.381290435791016,2.41121506690979
3462,39.30714416503906,36.132720947265625,2.5006234645843506
3463,39.13955307006836,36.03736114501953,2.4269094467163086
3464,38.996524810791016,36.009857177734375,2.311697483062744
3465,38.7895622253418,35.841514587402344,2.2698636054992676
3466,38.678646087646484,35.633296966552734,2.363105297088623
3467,38.498165130615234,35.56645584106445,2.248844623565674
3468,38.37540054321289,35.521114349365234,2.1707632541656494
3469,38.18303298950195,35.29049301147461,2.2042887210845947
3470,38.03572082519531,35.16677474975586,2.1783132553100586
3471,37.9171142578125,35.16746520996094,2.059602737426758
3472,37.754676818847656,34.998783111572266,2.0628254413604736
3473,37.661048889160156,34.83528137207031,2.1292338371276855
3474,37.486019134521484,34.80838394165039,1.9817445278167725
3475,37.342533111572266,34.72220993041992,1.9231401681900024
3476,37.238224029541016,34.48457336425781,2.052124261856079
3477,37.068572998046875,34.4732666015625,1.8945927619934082
3478,36.97090530395508,34.34929656982422,1.919395089149475
3479,36.9427604675293,34.15869903564453,2.077791452407837
3480,37.008392333984375,34.08722686767578,2.214994192123413
3481,37.730926513671875,34.02256774902344,3.0007312297821045
3482,41.17405319213867,33.70991134643555,6.750948429107666
3483,57.947105407714844,34.03721237182617,23.2015438079834
3484,126.39994812011719,33.63489532470703,92.04999542236328
3485,370.54449462890625,36.037628173828125,333.8152770996094
3486,242.2483367919922,39.04215621948242,202.5734405517578
3487,85.3277587890625,40.856727600097656,43.835655212402344
3488,170.70579528808594,43.13827896118164,126.9365234375
3489,89.51354217529297,44.30043411254883,44.63312911987305
3490,100.10474395751953,44.52254867553711,55.039337158203125
3491,114.49081420898438,43.1954231262207,70.75387573242188
3492,64.1075668334961,42.31481170654297,21.24761390686035
3493,116.4666519165039,43.14958953857422,72.78070831298828
3494,66.83055114746094,45.08957290649414,21.244306564331055
3495,73.9296875,48.321937561035156,25.157926559448242
3496,85.30489349365234,52.112430572509766,32.783077239990234
3497,59.61835861206055,55.11781311035156,4.119490146636963
3498,75.33265686035156,56.438514709472656,18.523540496826172
3499,80.13416290283203,56.34776306152344,23.417848587036133
3500,63.55964660644531,56.05064010620117,7.143595218658447
3501,74.84545135498047,56.62512969970703,17.862272262573242
3502,74.8398208618164,58.355525970458984,16.14116859436035
3503,63.136436462402344,60.4327278137207,2.3766016960144043
3504,70.39064025878906,61.418582916259766,8.65146541595459
3505,72.29962158203125,60.53585433959961,11.438366889953613
3506,62.54928207397461,58.43229675292969,3.7794556617736816
3507,66.36358642578125,56.569549560546875,9.443852424621582
3508,70.14942932128906,56.01572036743164,13.778899192810059
3509,62.237632751464844,56.762577056884766,5.124936580657959
3510,63.405643463134766,57.90426254272461,5.157186031341553
3511,66.52468872070312,58.474365234375,7.707093715667725
3512,62.10962677001953,58.04132080078125,3.718918561935425
3513,60.24683380126953,56.82670593261719,3.0579073429107666
3514,62.8322868347168,55.45095443725586,7.003543376922607
3515,60.92452621459961,54.53232955932617,6.0016770362854
3516,58.66746520996094,54.41462707519531,3.8555562496185303
3517,60.323001861572266,54.87020492553711,5.053577423095703
3518,59.66252899169922,55.2861328125,3.976757049560547
3519,57.448665618896484,55.11302185058594,1.9326732158660889
3520,58.12053680419922,54.2305793762207,3.478250026702881
3521,57.85737609863281,52.900970458984375,4.531613826751709
3522,55.44004821777344,51.62018585205078,3.381533622741699
3523,55.69459915161133,50.78653335571289,4.459873676300049
3524,55.55852127075195,50.41004180908203,4.695925712585449
3525,53.419254302978516,50.233177185058594,2.732591390609741
3526,53.679569244384766,49.909271240234375,3.314095973968506
3527,53.363590240478516,49.24378967285156,3.655811309814453
3528,51.416927337646484,48.36537170410156,2.5756993293762207
3529,51.723777770996094,47.66277313232422,3.5742287635803223
3530,50.90251541137695,47.34340286254883,3.0668039321899414
3531,49.4959716796875,47.26124954223633,1.7411718368530273
3532,49.94898986816406,47.02534103393555,2.427314519882202
3533,48.719120025634766,46.36897659301758,1.8455172777175903
3534,47.98100280761719,45.42005920410156,2.0442349910736084
3535,47.90869140625,44.56070327758789,2.821478843688965
3536,46.551048278808594,43.9803466796875,2.039391040802002
3537,46.722347259521484,43.50983428955078,2.677069902420044
3538,45.95032501220703,42.87847137451172,2.527714729309082
3539,45.36663055419922,42.175819396972656,2.63490891456604
3540,45.35930252075195,41.74398422241211,3.0516576766967773
3541,44.50168228149414,41.587947845458984,2.3477656841278076
3542,44.6793212890625,41.32155227661133,2.787942886352539
3543,43.89580154418945,40.748069763183594,2.568387746810913
3544,43.949832916259766,40.23101043701172,3.1303863525390625
3545,43.34569549560547,40.02205276489258,2.7316722869873047
3546,43.18756103515625,39.79865646362305,2.793081521987915
3547,42.86721420288086,39.300048828125,2.961742401123047
3548,42.62142562866211,38.92720031738281,3.080740213394165
3549,42.33174133300781,39.007530212402344,2.7110612392425537
3550,42.1453971862793,39.10348892211914,2.429171085357666
3551,41.818031311035156,38.82046890258789,2.3775033950805664
3552,41.70174026489258,38.5781135559082,2.496997117996216
3553,41.357059478759766,38.67105484008789,2.060459613800049
3554,41.260467529296875,38.61175537109375,2.0227019786834717
3555,40.88969802856445,38.11209487915039,2.1429762840270996
3556,40.87937545776367,37.73577117919922,2.5023162364959717
3557,40.52975082397461,37.751216888427734,2.1380348205566406
3558,40.521583557128906,37.69150161743164,2.1885156631469727
3559,40.19084930419922,37.34461212158203,2.197591781616211
3560,40.10773849487305,37.16697692871094,2.28859806060791
3561,39.86420822143555,37.2553596496582,1.95868980884552
3562,39.7218017578125,37.1378059387207,1.931183934211731
3563,39.55033493041992,36.775108337402344,2.1146578788757324
3564,39.361572265625,36.60178756713867,2.0962960720062256
3565,39.238487243652344,36.53849411010742,2.036193370819092
3566,39.069339752197266,36.27752685546875,2.122602701187134
3567,38.886009216308594,36.064674377441406,2.1472387313842773
3568,38.78105163574219,36.03680419921875,2.069578170776367
3569,38.5234489440918,35.933837890625,1.9128296375274658
3570,38.49174499511719,35.76042556762695,2.050973415374756
3571,38.22889709472656,35.69806671142578,1.8496774435043335
3572,38.157936096191406,35.56972122192383,1.9046390056610107
3573,37.99380111694336,35.343910217285156,1.9615718126296997
3574,37.82049560546875,35.298892974853516,1.8332324028015137
3575,37.70245361328125,35.22199249267578,1.7909425497055054
3576,37.58515930175781,35.00614547729492,1.8841298818588257
3577,37.3598518371582,35.01227569580078,1.6528128385543823
3578,37.292945861816406,34.98569107055664,1.612144112586975
3579,37.1391487121582,34.73403549194336,1.704140543937683
3580,36.9525146484375,34.64735412597656,1.6026440858840942
3581,36.85565948486328,34.57147979736328,1.5802452564239502
3582,36.76728439331055,34.31523513793945,1.7418088912963867
3583,36.5816764831543,34.253257751464844,1.617340326309204
3584,36.435604095458984,34.14551544189453,1.5766336917877197
3585,36.39930725097656,33.996673583984375,1.6851882934570312
3586,36.25535202026367,34.01218795776367,1.5263969898223877
3587,36.098663330078125,33.81528091430664,1.5616350173950195
3588,35.938514709472656,33.74018859863281,1.4754749536514282
3589,35.88071823120117,33.683799743652344,1.4733548164367676
3590,35.79871368408203,33.46247482299805,1.6067806482315063
3591,35.662506103515625,33.4545783996582,1.4793593883514404
3592,35.536170959472656,33.29710006713867,1.50687575340271
3593,35.383888244628906,33.22073745727539,1.429296612739563
3594,35.324405670166016,33.14522933959961,1.4434877634048462
3595,35.2650146484375,32.98988342285156,1.535361886024475
3596,35.2400016784668,32.993896484375,1.5074042081832886
3597,35.29580307006836,32.72905349731445,1.819953441619873
3598,35.49189376831055,32.85932922363281,1.89081871509552
3599,36.344390869140625,32.45162582397461,3.1378262042999268
3600,39.27602767944336,32.91807174682617,5.6192545890808105
3601,50.638587951660156,31.9200439453125,17.944787979125977
3602,89.98918151855469,33.92253875732422,55.35752487182617
3603,224.70138549804688,31.029672622680664,192.85107421875
3604,336.04388427734375,39.53990936279297,295.8974914550781
3605,133.78582763671875,37.36623764038086,95.71161651611328
3606,212.858154296875,41.07756805419922,171.07859802246094
3607,116.32708740234375,50.099403381347656,65.67003631591797
3608,137.68226623535156,54.05513381958008,83.14896392822266
3609,98.716796875,51.28277587890625,46.94327926635742
3610,63.3372802734375,47.12810516357422,15.659307479858398
3611,109.8626708984375,46.791748046875,62.48672866821289
3612,98.44671630859375,50.04623794555664,47.85960006713867
3613,64.45196533203125,56.22728729248047,7.772438049316406
3614,76.89840698242188,63.42717742919922,13.096504211425781
3615,95.34408569335938,69.68720245361328,25.332515716552734
3616,93.51864624023438,73.54653930664062,19.671470642089844
3617,83.25035858154297,74.20068359375,8.749427795410156
3618,75.68913269042969,71.76112365722656,3.6090826988220215
3619,73.85909271240234,67.39515686035156,6.114772319793701
3620,78.759033203125,63.08611297607422,15.29477310180664
3621,85.01264190673828,60.89752960205078,23.724409103393555
3622,83.02638244628906,62.02431869506836,20.623355865478516
3623,76.10660552978516,66.12174224853516,9.636232376098633
3624,74.22309112548828,71.57594299316406,2.3324432373046875
3625,77.67762756347656,76.43821716308594,0.9512759447097778
3626,81.2619400024414,79.29316711425781,1.6949105262756348
3627,81.58072662353516,79.5079574584961,1.7996628284454346
3628,78.73347473144531,77.31002044677734,1.1389269828796387
3629,75.23162078857422,73.52887725830078,1.3974541425704956
3630,73.98849487304688,69.36890411376953,4.289149284362793
3631,75.45919036865234,66.0416030883789,9.064462661743164
3632,76.93434143066406,64.35637664794922,12.21120548248291
3633,76.03827667236328,64.53091430664062,11.139546394348145
3634,73.63807678222656,66.09391784667969,7.185576438903809
3635,71.88328552246094,68.17462158203125,3.363471508026123
3636,71.6385726928711,69.88209533691406,1.4225703477859497
3637,72.20249938964844,70.61458587646484,1.259179711341858
3638,72.22509765625,70.1349868774414,1.7586379051208496
3639,70.89185333251953,68.58393096923828,1.9660385847091675
3640,68.85725402832031,66.37793731689453,2.1212668418884277
3641,67.72828674316406,64.04666900634766,3.3050081729888916
3642,67.95325469970703,62.070438385009766,5.489434242248535
3643,68.04821014404297,60.77058029174805,6.8730058670043945
3644,66.84264373779297,60.33775329589844,6.096837520599365
3645,65.27384948730469,60.68741989135742,4.181494235992432
3646,64.56581115722656,61.4357795715332,2.7306737899780273
3647,64.60961151123047,61.996795654296875,2.2165894508361816
3648,64.3595962524414,61.78791809082031,2.172041416168213
3649,63.144622802734375,60.543392181396484,2.1899311542510986
3650,61.8204460144043,58.57834243774414,2.813122510910034
3651,61.53864288330078,56.65373992919922,4.43803071975708
3652,61.45933532714844,55.48881530761719,5.511873245239258
3653,60.31110382080078,55.36248779296875,4.487594127655029
3654,59.136566162109375,55.86796569824219,2.811354637145996
3655,58.878849029541016,56.236751556396484,2.187836170196533
3656,58.56492614746094,55.90958786010742,2.1980295181274414
3657,57.5006217956543,54.80312728881836,2.2295989990234375
3658,56.70733642578125,53.386375427246094,2.838808059692383
3659,56.42951965332031,52.24305725097656,3.692505359649658
3660,55.562042236328125,51.66688537597656,3.395684242248535
3661,54.54962158203125,51.5784912109375,2.4716796875
3662,54.172279357910156,51.5543212890625,2.1189379692077637
3663,53.65003967285156,51.14859390258789,1.9986178874969482
3664,52.701358795166016,50.16360092163086,2.025498390197754
3665,52.0163459777832,48.937347412109375,2.5553770065307617
3666,51.666900634765625,48.0800666809082,3.055691719055176
3667,50.939605712890625,47.83790588378906,2.5692861080169678
3668,50.38574981689453,47.78913879394531,2.0649776458740234
3669,49.890052795410156,47.43413162231445,1.9213846921920776
3670,49.2952880859375,46.78444290161133,1.968677282333374
3671,48.776851654052734,46.089725494384766,2.135869026184082
3672,48.426429748535156,45.41008377075195,2.457677125930786
3673,47.77604675292969,44.89999771118164,2.314038038253784
3674,47.39359664916992,44.66819381713867,2.163278818130493
3675,47.12432861328125,44.2888069152832,2.269717216491699
3676,46.53529357910156,43.5359992980957,2.4230337142944336
3677,46.2729606628418,42.98914337158203,2.698716402053833
3678,45.861106872558594,42.82554244995117,2.447533130645752
3679,45.552974700927734,42.594730377197266,2.3679440021514893
3680,45.192665100097656,42.16961669921875,2.4274981021881104
3681,44.84809494018555,41.69001007080078,2.5552926063537598
3682,44.56318283081055,41.24953079223633,2.7045741081237793
3683,44.1365852355957,41.01332473754883,2.5111570358276367
3684,43.84716033935547,40.853946685791016,2.3782496452331543
3685,43.39261245727539,40.35273742675781,2.4168858528137207
3686,43.198974609375,39.830078125,2.7388391494750977
3687,42.78715515136719,39.72213363647461,2.435176134109497
3688,42.721649169921875,39.588783264160156,2.502535581588745
3689,42.41375732421875,39.15421676635742,2.6225032806396484
3690,42.277225494384766,38.865257263183594,2.7697322368621826
3691,41.965972900390625,38.76115036010742,2.5618269443511963
3692,41.83021545410156,38.631465911865234,2.5556912422180176
3693,41.53938674926758,38.364009857177734,2.5295844078063965
3694,41.378387451171875,38.056156158447266,2.672487497329712
3695,41.073551177978516,37.99970626831055,2.4238460063934326
3696,40.94434356689453,37.92815017700195,2.365476131439209
3697,40.66607666015625,37.57849884033203,2.4316301345825195
3698,40.45674133300781,37.39934158325195,2.399789810180664
3699,40.22257614135742,37.34014129638672,2.2253050804138184
3700,40.00379180908203,37.16413116455078,2.1797142028808594
3701,39.84077453613281,36.918209075927734,2.25779128074646
3702,39.5787467956543,36.76105499267578,2.150959014892578
3703,39.42426681518555,36.72919845581055,2.0293757915496826
3704,39.16498565673828,36.44234085083008,2.0522892475128174
3705,39.002220153808594,36.27483367919922,2.053737163543701
3706,38.83378601074219,36.243839263916016,1.9157179594039917
3707,38.65731430053711,36.04763412475586,1.9320448637008667
3708,38.5843391418457,35.86501693725586,2.038661003112793
3709,38.45154571533203,35.75171661376953,2.0175352096557617
3710,38.43276596069336,35.73112106323242,2.018494129180908
3711,38.648040771484375,35.391963958740234,2.5656847953796387
3712,39.454830169677734,35.5517463684082,3.2170522212982178
3713,42.933067321777344,35.05970001220703,7.17820930480957
3714,57.665367126464844,35.59787368774414,21.38226890563965
3715,114.74270629882812,34.4368896484375,79.59618377685547
3716,291.8194580078125,37.69297409057617,253.4730987548828
3717,334.6368408203125,36.24618911743164,297.7107238769531
3718,122.95114135742188,43.5048828125,78.86736297607422
3719,168.8570556640625,44.9169921875,123.37496948242188
3720,87.55775451660156,43.73310470581055,43.25124740600586
3721,132.66900634765625,45.58269500732422,86.53133392333984
3722,81.01065063476562,51.04008865356445,29.464662551879883
3723,104.68707275390625,56.52303695678711,47.701900482177734
3724,102.05532836914062,57.387664794921875,44.22654724121094
3725,66.914306640625,55.31401062011719,11.166522026062012
3726,79.61178588867188,53.206336975097656,25.966968536376953
3727,88.78521728515625,52.11811828613281,36.22288131713867
3728,70.37339782714844,52.80610275268555,17.13031768798828
3729,81.90185546875,55.77303695678711,25.715553283691406
3730,79.37972259521484,60.19001007080078,18.810964584350586
3731,70.8106918334961,64.52822875976562,5.935021877288818
3732,78.47846221923828,67.3337173461914,10.814135551452637
3733,81.9559326171875,67.83958435058594,13.785707473754883
3734,73.57972717285156,66.51759338378906,6.718545913696289
3735,70.65861511230469,64.63018035888672,5.666251182556152
3736,77.34566497802734,63.1959342956543,13.771824836730957
3737,78.4409408569336,62.640438079833984,15.416304588317871
3738,72.89639282226562,63.15097427368164,9.36590576171875
3739,72.2447280883789,64.63053894042969,7.24639368057251
3740,74.77070617675781,66.54837799072266,7.8674092292785645
3741,73.61521911621094,68.192138671875,5.0774922370910645
3742,71.05797576904297,69.02997589111328,1.68553626537323
3743,71.41706848144531,68.8614501953125,2.2099499702453613
3744,72.55250549316406,67.7673568725586,4.431820392608643
3745,70.84492492675781,66.10098266601562,4.381206512451172
3746,68.83662414550781,64.43363952636719,4.031646251678467
3747,69.9836196899414,63.26067352294922,6.3454389572143555
3748,70.71559143066406,62.802215576171875,7.532914638519287
3749,68.26849365234375,62.99636459350586,4.891513347625732
3750,66.8895263671875,63.542903900146484,2.9669010639190674
3751,67.72090148925781,63.976131439208984,3.365016222000122
3752,67.03436279296875,63.8579216003418,2.794095516204834
3753,65.05352020263672,63.002567291259766,1.6620182991027832
3754,64.7302017211914,61.6152458190918,2.715337038040161
3755,64.65352630615234,60.11730194091797,4.123503684997559
3756,63.255672454833984,58.94330978393555,3.8871452808380127
3757,62.9546012878418,58.31460952758789,4.205766201019287
3758,63.06839370727539,58.09416961669922,4.53543758392334
3759,61.68244552612305,57.9916877746582,3.250716209411621
3760,61.124847412109375,57.76101303100586,2.9228484630584717
3761,61.35234451293945,57.2914924621582,3.6166627407073975
3762,60.12651824951172,56.52552795410156,3.150056838989258
3763,59.20436477661133,55.53752899169922,3.2066121101379395
3764,59.16936492919922,54.49602508544922,4.203964710235596
3765,58.16745376586914,53.61566925048828,4.075972080230713
3766,57.45252990722656,53.12031936645508,3.853870153427124
3767,57.109012603759766,52.99517059326172,3.635488271713257
3768,56.08135223388672,52.97568893432617,2.627037525177002
3769,55.64519119262695,52.7314453125,2.4321248531341553
3770,55.09885025024414,52.13987350463867,2.4714949131011963
3771,54.146854400634766,51.36652374267578,2.2859039306640625
3772,53.945526123046875,50.730682373046875,2.714832305908203
3773,53.30638885498047,50.384803771972656,2.418534755706787
3774,52.550167083740234,50.199344635009766,1.84614896774292
3775,52.3768310546875,49.87793731689453,1.9914804697036743
3776,51.645206451416016,49.21118927001953,1.9207347631454468
3777,51.13460159301758,48.307273864746094,2.305368661880493
3778,50.836647033691406,47.48750305175781,2.8183910846710205
3779,50.181175231933594,46.97219467163086,2.671839475631714
3780,49.82761001586914,46.70711898803711,2.5794167518615723
3781,49.31662368774414,46.424930572509766,2.3464529514312744
3782,48.80673599243164,45.91519546508789,2.338876962661743
3783,48.415706634521484,45.309120178222656,2.5442874431610107
3784,47.98991012573242,44.89122772216797,2.528663158416748
3785,47.61124801635742,44.69258499145508,2.3444695472717285
3786,47.272789001464844,44.43461990356445,2.2600531578063965
3787,46.91903305053711,43.87100601196289,2.461811065673828
3788,46.59009552001953,43.173667907714844,2.819387912750244
3789,46.303104400634766,42.71472930908203,2.983828544616699
3790,45.9473762512207,42.50624084472656,2.833530902862549
3791,45.72091293334961,42.2354736328125,2.8739845752716064
3792,45.33580780029297,41.76653289794922,2.9499990940093994
3793,45.15287780761719,41.400604248046875,3.1262998580932617
3794,44.78020095825195,41.317073822021484,2.835566282272339
3795,44.6081428527832,41.25206756591797,2.727597236633301
3796,44.24260330200195,40.94129180908203,2.667323589324951
3797,44.06481170654297,40.573455810546875,2.8504738807678223
3798,43.732269287109375,40.43686294555664,2.6520020961761475
3799,43.58206558227539,40.39415740966797,2.5437986850738525
3800,43.29323196411133,40.164615631103516,2.4798481464385986
3801,43.15217971801758,39.87343215942383,2.623721122741699
3802,42.87252426147461,39.79191207885742,2.4234721660614014
3803,42.73319625854492,39.77969741821289,2.29567289352417
3804,42.47428512573242,39.56302261352539,2.248680830001831
3805,42.33652114868164,39.28216552734375,2.3860812187194824
3806,42.09716033935547,39.15245819091797,2.274261236190796
3807,41.95283126831055,39.05191421508789,2.228787899017334
3808,41.746490478515625,38.81834411621094,2.2511706352233887
3809,41.58087921142578,38.62577438354492,2.2742972373962402
3810,41.42054748535156,38.575599670410156,2.1634714603424072
3811,41.23361587524414,38.5080451965332,2.0425939559936523
3812,41.128746032714844,38.36519241333008,2.0772647857666016
3813,40.92637252807617,38.27642059326172,1.9621163606643677
3814,40.85103988647461,38.198822021484375,1.9633049964904785
3815,40.65361404418945,38.03273010253906,1.9285950660705566
3816,40.56825256347656,37.88717269897461,1.9859821796417236
3817,40.415164947509766,37.79175567626953,1.926933765411377
3818,40.30244445800781,37.64083480834961,1.9620518684387207
3819,40.19472122192383,37.48984146118164,2.00177264213562
3820,40.0620231628418,37.439598083496094,1.9183619022369385
3821,39.961368560791016,37.3499755859375,1.9054495096206665
3822,39.868614196777344,37.17091369628906,1.9873738288879395
3823,39.71624755859375,37.10900115966797,1.8956538438796997
3824,39.65196228027344,37.04690933227539,1.8923285007476807
3825,39.51850509643555,36.86148452758789,1.9398025274276733
3826,39.40501022338867,36.76604080200195,1.9195985794067383
3827,39.335723876953125,36.74237060546875,1.873608946800232
3828,39.206016540527344,36.600955963134766,1.881434679031372
3829,39.10194396972656,36.51270294189453,1.8632335662841797
3830,39.02688980102539,36.48411560058594,1.8159581422805786
3831,38.92803955078125,36.365718841552734,1.8318839073181152
3832,38.7973518371582,36.290679931640625,1.7740558385849
3833,38.751155853271484,36.23101043701172,1.7858902215957642
3834,38.64100646972656,36.116180419921875,1.787112832069397
3835,38.54169464111328,36.07422637939453,1.7286264896392822
3836,38.46503448486328,36.0128173828125,1.7117443084716797
3837,38.40636444091797,35.89161682128906,1.7707126140594482
3838,38.30446243286133,35.88613510131836,1.6744800806045532
3839,38.1943359375,35.80133819580078,1.6467432975769043
3840,38.1588020324707,35.69621276855469,1.7132251262664795
3841,38.07474899291992,35.69015884399414,1.6354066133499146
3842,37.990421295166016,35.586883544921875,1.6511681079864502
3843,37.89239501953125,35.52701950073242,1.6112751960754395
3844,37.84006881713867,35.48396301269531,1.6008895635604858
3845,37.80936813354492,35.384639739990234,1.666495680809021
3846,37.712059020996094,35.36198043823242,1.5915699005126953
3847,37.64401626586914,35.24323272705078,1.6385835409164429
3848,37.54893112182617,35.20835876464844,1.5777864456176758
3849,37.487430572509766,35.1550178527832,1.5682823657989502
3850,37.47550582885742,35.050498962402344,1.6575347185134888
3851,37.41969299316406,35.05976867675781,1.5935018062591553
3852,37.41606521606445,34.93364334106445,1.711837887763977
3853,37.40432357788086,34.95346450805664,1.681666374206543
3854,37.413108825683594,34.79204559326172,1.8463093042373657
3855,37.58511734008789,34.880149841308594,1.9345109462738037
3856,38.096004486083984,34.612117767333984,2.7031540870666504
3857,39.6849479675293,34.88692855834961,4.029006004333496
3858,45.30561065673828,34.3268928527832,10.186594009399414
3859,63.263031005859375,35.30766677856445,27.201955795288086
3860,127.12966918945312,33.76964569091797,92.53666687011719
3861,241.3092041015625,37.73682403564453,202.88150024414062
3862,342.4047546386719,34.63922882080078,306.938232421875
3863,108.68121337890625,42.11674880981445,65.90869903564453
3864,182.4256591796875,46.812313079833984,135.02647399902344
3865,80.58921813964844,42.83221435546875,37.10212707519531
3866,148.72120666503906,40.050926208496094,107.97390747070312
3867,71.66714477539062,43.712806701660156,27.33555793762207
3868,83.70137023925781,50.00825119018555,33.170955657958984
3869,105.85478210449219,53.05329895019531,52.31927490234375
3870,67.47785949707031,51.53948211669922,15.443621635437012
3871,67.2020263671875,48.72354507446289,17.953277587890625
3872,85.49522399902344,48.226444244384766,36.73613357543945
3873,71.84947204589844,51.592063903808594,19.757827758789062
3874,64.3593978881836,57.70568084716797,6.206463813781738
3875,69.84467315673828,63.65598678588867,5.786230564117432
3876,75.96855926513672,67.1530532836914,8.43889331817627
3877,77.08663177490234,67.55525970458984,9.16051197052002
3878,70.47514343261719,65.51032257080078,4.583118438720703
3879,65.29209899902344,62.37626647949219,2.513444423675537
3880,69.96554565429688,59.66332244873047,9.879688262939453
3881,75.16845703125,58.45742416381836,16.279817581176758
3882,71.52838134765625,59.242332458496094,11.86322021484375
3883,67.1015853881836,61.65909957885742,5.039834022521973
3884,67.68236541748047,64.64476776123047,2.65626859664917
3885,70.25979614257812,66.90950012207031,2.982743740081787
3886,71.0963134765625,67.48346710205078,3.247173309326172
3887,68.9288558959961,66.11528778076172,2.4375991821289062
3888,65.90428161621094,63.390419006347656,2.1188671588897705
3889,65.84803771972656,60.48835372924805,4.943597316741943
3890,68.0107650756836,58.590057373046875,8.989441871643066
3891,67.49663543701172,58.29549026489258,8.765740394592285
3892,64.76021575927734,59.43440628051758,4.896631240844727
3893,63.77979278564453,61.12852478027344,2.2323851585388184
3894,64.44469451904297,62.33798599243164,1.695204496383667
3895,64.66717529296875,62.410945892333984,1.844874620437622
3896,63.56454849243164,61.26213073730469,1.8825815916061401
3897,61.86526870727539,59.36972427368164,2.060725688934326
3898,61.269798278808594,57.46626663208008,3.3522210121154785
3899,61.84113311767578,56.16043472290039,5.217280387878418
3900,61.24948501586914,55.71565246582031,5.066598415374756
3901,59.49390411376953,56.01165008544922,3.0189156532287598
3902,58.937721252441406,56.570613861083984,1.9100944995880127
3903,59.19081115722656,56.82261657714844,1.9140652418136597
3904,58.52296829223633,56.34388732910156,1.7206815481185913
3905,57.24008560180664,55.109832763671875,1.6606099605560303
3906,56.61107635498047,53.575111389160156,2.5525460243225098
3907,56.58852767944336,52.38279724121094,3.7120718955993652
3908,55.940528869628906,51.93745040893555,3.5063412189483643
3909,54.754112243652344,52.15279006958008,2.1073882579803467
3910,54.456298828125,52.44535446166992,1.5199509859085083
3911,54.34195327758789,52.23332214355469,1.6157029867172241
3912,53.282989501953125,51.29736328125,1.4839341640472412
3913,52.6317253112793,50.04457473754883,2.073275327682495
3914,52.58314895629883,49.09761428833008,2.9620466232299805
3915,51.82716369628906,48.74874496459961,2.551464080810547
3916,51.08740997314453,48.798500061035156,1.7632938623428345
3917,50.944740295410156,48.71782302856445,1.701722264289856
3918,50.38184356689453,48.155887603759766,1.6955487728118896
3919,49.617496490478516,47.22917556762695,1.847254991531372
3920,49.438926696777344,46.42820358276367,2.4593615531921387
3921,48.887699127197266,46.055213928222656,2.2760167121887207
3922,48.178627014160156,46.005653381347656,1.6160014867782593
3923,48.045127868652344,45.84459686279297,1.641546607017517
3924,47.379791259765625,45.26551055908203,1.5470786094665527
3925,46.892486572265625,44.46184158325195,1.8517948389053345
3926,46.6387825012207,43.87294387817383,2.1789355278015137
3927,45.95932388305664,43.63481521606445,1.7352354526519775
3928,45.712852478027344,43.47732162475586,1.6446653604507446
3929,45.27069091796875,43.061580657958984,1.6119505167007446
3930,44.80052947998047,42.40610122680664,1.7872624397277832
3931,44.53446960449219,41.89698028564453,2.02323579788208
3932,44.036224365234375,41.696258544921875,1.723541021347046
3933,43.769081115722656,41.55734634399414,1.5933113098144531
3934,43.374752044677734,41.186767578125,1.5636078119277954
3935,43.03840637207031,40.682701110839844,1.724273443222046
3936,42.75653076171875,40.34800720214844,1.773497223854065
3937,42.39964294433594,40.18674850463867,1.5762269496917725
3938,42.17094421386719,39.920711517333984,1.608901858329773
3939,41.846763610839844,39.46839141845703,1.7295706272125244
3940,41.62562942504883,39.10552215576172,1.8665827512741089
3941,41.34907913208008,38.92613983154297,1.7674206495285034
3942,41.13770294189453,38.717308044433594,1.7606639862060547
3943,40.923919677734375,38.36904525756836,1.888277530670166
3944,40.7186279296875,38.087894439697266,1.9598544836044312
3945,40.562835693359375,37.94011306762695,1.9495773315429688
3946,40.38654708862305,37.752723693847656,1.9558476209640503
3947,40.286094665527344,37.47660446166992,2.125492811203003
3948,40.118743896484375,37.281028747558594,2.151394844055176
3949,40.04618453979492,37.16709518432617,2.191344976425171
3950,39.881595611572266,36.99362564086914,2.1952641010284424
3951,39.81538009643555,36.79691696166992,2.3211898803710938
3952,39.6595344543457,36.68540573120117,2.2763171195983887
3953,39.57841491699219,36.58332824707031,2.2956879138946533
3954,39.457061767578125,36.41091537475586,2.341336965560913
3955,39.326637268066406,36.29066467285156,2.32844877243042
3956,39.26554489135742,36.22612762451172,2.3318114280700684
3957,39.091941833496094,36.09756851196289,2.282982587814331
3958,39.06354904174805,35.97627639770508,2.3716964721679688
3959,38.89658737182617,35.928245544433594,2.2527291774749756
3960,38.842220306396484,35.835838317871094,2.289386749267578
3961,38.719200134277344,35.716243743896484,2.2818775177001953
3962,38.63076400756836,35.6857795715332,2.2231996059417725
3963,38.50690460205078,35.621150970458984,2.163888931274414
3964,38.45393753051758,35.497764587402344,2.231583595275879
3965,38.29629898071289,35.472434997558594,2.098407030105591
3966,38.25065612792969,35.44155502319336,2.0832371711730957
3967,38.14825439453125,35.32615280151367,2.0940585136413574
3968,38.032737731933594,35.28200149536133,2.022172212600708
3969,37.99528503417969,35.262752532958984,2.0034701824188232
3970,37.8742790222168,35.15431594848633,1.9882280826568604
3971,37.80885314941406,35.100059509277344,1.9769573211669922
3972,37.72039031982422,35.07072830200195,1.9174796342849731
3973,37.69013214111328,34.96908187866211,1.9858417510986328
3974,37.558536529541016,34.925331115722656,1.8987808227539062
3975,37.519676208496094,34.87800598144531,1.9070920944213867
3976,37.48078536987305,34.785953521728516,1.957228660583496
3977,37.36784744262695,34.76321792602539,1.8684124946594238
3978,37.316497802734375,34.680816650390625,1.898921251296997
3979,37.24214172363281,34.598716735839844,1.9046032428741455
3980,37.2187385559082,34.585113525390625,1.8957972526550293
3981,37.10330581665039,34.47877502441406,1.8850573301315308
3982,37.03441619873047,34.41761016845703,1.8769075870513916
3983,37.024898529052734,34.392425537109375,1.8928076028823853
3984,36.939842224121094,34.28232955932617,1.9153233766555786
3985,36.88524627685547,34.257442474365234,1.8871811628341675
3986,36.78129196166992,34.187774658203125,1.8512746095657349
3987,36.75169372558594,34.11453628540039,1.8936859369277954
3988,36.727699279785156,34.08306884765625,1.9026693105697632
3989,36.64118194580078,33.98781967163086,1.9086495637893677
3990,36.597625732421875,33.961997985839844,1.8915624618530273
3991,36.51142883300781,33.89016342163086,1.87654447555542
3992,36.46778869628906,33.829532623291016,1.8926960229873657
3993,36.456424713134766,33.80286407470703,1.9082378149032593
3994,36.37837219238281,33.714595794677734,1.91653311252594
3995,36.34870910644531,33.690799713134766,1.9120954275131226
3996,36.288787841796875,33.61143112182617,1.9290679693222046
3997,36.20675277709961,33.580081939697266,1.8792130947113037
3998,36.181514739990234,33.51992416381836,1.9135650396347046
3999,36.11512756347656,33.46919250488281,1.8971569538116455
4000,36.080562591552734,33.434120178222656,1.8981295824050903
4001,36.07988357543945,33.36083984375,1.969414234161377
4002,36.021034240722656,33.34724426269531,1.9256175756454468
4003,36.034629821777344,33.25556182861328,2.0279996395111084
4004,36.136348724365234,33.27427673339844,2.1151111125946045
4005,36.41756820678711,33.12685775756836,2.5370688438415527
4006,37.55776596069336,33.26407241821289,3.550889015197754
4007,41.8687858581543,32.91030502319336,8.196208000183105
4008,58.26426696777344,33.54086685180664,23.9993953704834
4009,119.33369445800781,32.50711441040039,86.03079986572266
4010,276.3295593261719,35.595455169677734,240.08154296875
4011,382.7174377441406,33.445335388183594,348.45233154296875
4012,189.49212646484375,39.76424789428711,149.08636474609375
4013,205.39358520507812,44.05173873901367,160.78062438964844
4014,127.77670288085938,40.90137481689453,86.23682403564453
4015,156.66842651367188,41.421356201171875,114.56669616699219
4016,106.6907958984375,46.98448944091797,59.105953216552734
4017,100.51884460449219,51.2109260559082,48.83384704589844
4018,146.49154663085938,53.058631896972656,93.01513671875
4019,77.02870178222656,52.490867614746094,24.097858428955078
4020,104.54759216308594,54.16927719116211,49.90291213989258
4021,115.78219604492188,58.57766342163086,56.75214767456055
4022,73.18512725830078,64.48716735839844,8.31846809387207
4023,91.77985382080078,71.67379760742188,19.79021453857422
4024,105.556640625,78.02597045898438,27.245708465576172
4025,98.25425720214844,81.4168472290039,16.553539276123047
4026,89.51573944091797,80.90267181396484,8.311352729797363
4027,83.81585693359375,76.9752197265625,6.514001369476318
4028,86.52839660644531,71.98875427246094,14.192943572998047
4029,97.09114837646484,69.20144653320312,27.537809371948242
4030,93.06845092773438,70.59754943847656,22.132061004638672
4031,82.06855773925781,75.4123306274414,6.341411590576172
4032,84.07079315185547,80.884033203125,2.8957231044769287
4033,90.6840591430664,84.33049011230469,6.078663349151611
4034,91.26100158691406,84.5601806640625,6.431370258331299
4035,87.22724151611328,81.98683166503906,4.9650959968566895
4036,84.01415252685547,78.08106994628906,5.642063617706299
4037,83.17109680175781,74.57228088378906,8.286593437194824
4038,84.09130096435547,72.64227294921875,11.117136001586914
4039,85.65995788574219,72.44768524169922,12.86939811706543
4040,84.0217514038086,73.35070037841797,10.328984260559082
4041,79.88882446289062,74.56766510009766,4.98842191696167
4042,78.95404815673828,75.58193969726562,3.0500500202178955
4043,80.92424011230469,76.11516571044922,4.492486953735352
4044,80.73906707763672,75.97222137451172,4.446972370147705
4045,77.85049438476562,75.03976440429688,2.4787533283233643
4046,76.11132049560547,73.33732604980469,2.424450635910034
4047,76.1002197265625,71.09848022460938,4.634701728820801
4048,75.89470672607422,68.89503479003906,6.620526313781738
4049,75.41400146484375,67.55655670166016,7.4743757247924805
4050,73.80640411376953,67.59832000732422,5.8282341957092285
4051,71.98661804199219,68.62194061279297,2.9908812046051025
4052,72.13249206542969,69.50443267822266,2.258375644683838
4053,72.12028503417969,69.2467269897461,2.5032551288604736
4054,70.31244659423828,67.62348175048828,2.312577724456787
4055,69.02546691894531,65.33931732177734,3.299574851989746
4056,68.7950668334961,63.42791748046875,4.9694600105285645
4057,68.19741821289062,62.47787094116211,5.313776016235352
4058,67.43668365478516,62.31024932861328,4.718265533447266
4059,66.1649169921875,62.31275177001953,3.4463839530944824
4060,65.41175842285156,62.04854202270508,2.9602954387664795
4061,65.33010864257812,61.45884704589844,3.467057704925537
4062,64.02458953857422,60.62884521484375,2.9841549396514893
4063,63.101173400878906,59.66694259643555,3.0119922161102295
4064,62.91389465332031,58.66962814331055,3.813549041748047
4065,61.901546478271484,57.85309600830078,3.614753007888794
4066,61.14285659790039,57.51551055908203,3.1951141357421875
4067,60.44443893432617,57.54369354248047,2.470203161239624
4068,59.96968078613281,57.31942367553711,2.217737913131714
4069,59.02360153198242,56.36834716796875,2.216336965560913
4070,58.23173904418945,55.02262878417969,2.7623064517974854
4071,57.924095153808594,54.046600341796875,3.4249956607818604
4072,56.87598419189453,53.74074172973633,2.680572509765625
4073,56.27070999145508,53.65629577636719,2.1590774059295654
4074,55.72227478027344,53.21609878540039,2.0484237670898438
4075,55.18197250366211,52.35922622680664,2.3588483333587646
4076,54.52812194824219,51.51506042480469,2.5408408641815186
4077,53.971031188964844,50.92490005493164,2.5670578479766846
4078,53.45915222167969,50.448123931884766,2.5290772914886475
4079,52.713401794433594,50.00113296508789,2.2306346893310547
4080,52.36758041381836,49.65239715576172,2.2327420711517334
4081,51.734840393066406,49.34237289428711,1.9047386646270752
4082,51.25862503051758,48.83236312866211,1.92939293384552
4083,50.848758697509766,48.09210205078125,2.2507169246673584
4084,50.60042190551758,47.45716094970703,2.6316304206848145
4085,50.010406494140625,47.136356353759766,2.3606295585632324
4086,49.64460372924805,46.841346740722656,2.2892730236053467
4087,49.19054412841797,46.283935546875,2.390292167663574
4088,48.797672271728516,45.64085388183594,2.6350643634796143
4089,48.29112243652344,45.22979736328125,2.53248929977417
4090,48.01090621948242,44.96238708496094,2.5134851932525635
4091,47.63731002807617,44.53982162475586,2.558213233947754
4092,47.233341217041016,43.98495864868164,2.7061445713043213
4093,46.935699462890625,43.55174255371094,2.8385791778564453
4094,46.53316116333008,43.268367767333984,2.7144243717193604
4095,46.233524322509766,43.00187301635742,2.675070285797119
4096,45.94889831542969,42.67710876464844,2.7107841968536377
4097,45.65632629394531,42.27320098876953,2.820026159286499
4098,45.456626892089844,41.86460876464844,3.0266458988189697
4099,45.24399948120117,41.582298278808594,3.0926218032836914
4100,45.088401794433594,41.38117218017578,3.1341159343719482
4101,44.91252136230469,41.08829879760742,3.248563528060913
4102,44.72791290283203,40.75257873535156,3.3995838165283203
4103,44.55400848388672,40.543304443359375,3.4357662200927734
4104,44.30672073364258,40.43033218383789,3.3005218505859375
4105,44.18809127807617,40.34996795654297,3.2615625858306885
4106,43.994991302490234,40.258358001708984,3.1622281074523926
4107,43.869361877441406,40.09321975708008,3.2038960456848145
4108,43.77852249145508,39.94288635253906,3.263307809829712
4109,43.59366989135742,39.891319274902344,3.129148244857788
4110,43.436439514160156,39.802005767822266,3.0603809356689453
4111,43.26509475708008,39.61283493041992,3.077761650085449
4112,43.12991714477539,39.42457580566406,3.130099058151245
4113,42.977264404296875,39.303001403808594,3.096773147583008
4114,42.90281295776367,39.24629592895508,3.077183961868286
4115,42.81588363647461,39.15522003173828,3.080777406692505
4116,42.6783332824707,38.96704864501953,3.1304898262023926
4117,42.54310989379883,38.85799789428711,3.104179620742798
4118,42.40619659423828,38.82341003417969,3.001676082611084
4119,42.29422378540039,38.72744369506836,2.9848504066467285
4120,42.15250778198242,38.5767822265625,2.9941916465759277
4121,42.05011749267578,38.44369125366211,3.025512456893921
4122,41.9620475769043,38.37548065185547,3.0054447650909424
4123,41.88547134399414,38.309715270996094,2.993652582168579
4124,41.7807731628418,38.17217254638672,3.025408983230591
4125,41.6756477355957,38.06123352050781,3.03190541267395
4126,41.58432388305664,37.97987365722656,3.0213608741760254
4127,41.51294708251953,37.89120864868164,3.036677360534668
4128,41.43161392211914,37.79209899902344,3.054609775543213
4129,41.33760070800781,37.6629524230957,3.090620994567871
4130,41.232139587402344,37.56341552734375,3.085129499435425
4131,41.13857650756836,37.48459243774414,3.0697646141052246
4132,41.057777404785156,37.41085433959961,3.0635385513305664
4133,40.99026107788086,37.31920623779297,3.08933162689209
4134,40.92308044433594,37.20440673828125,3.136256456375122
4135,40.848602294921875,37.159236907958984,3.1070613861083984
4136,40.781192779541016,37.09535217285156,3.103595018386841
4137,40.69647216796875,36.98233413696289,3.1321306228637695
4138,40.62873840332031,36.86040496826172,3.185457229614258
4139,40.550357818603516,36.81748962402344,3.150726556777954
4140,40.48766326904297,36.72607421875,3.178473949432373
4141,40.43971252441406,36.61090087890625,3.2457900047302246
4142,40.4300422668457,36.50870132446289,3.3382115364074707
4143,40.540870666503906,36.46940231323242,3.4891912937164307
4144,41.05950927734375,36.34680938720703,4.1276421546936035
4145,43.029563903808594,36.33203887939453,6.116405010223389
4146,50.40715026855469,36.16790771484375,13.653385162353516
4147,77.90087890625,36.393348693847656,40.93155288696289
4148,158.9566650390625,36.28144454956055,122.0841064453125
4149,291.3878479003906,37.837867736816406,252.9918975830078
4150,193.7747344970703,38.80391311645508,154.40257263183594
4151,61.82834243774414,41.1591682434082,20.117725372314453
4152,138.15145874023438,42.08708953857422,95.53681182861328
4153,70.51016235351562,41.42139434814453,28.592424392700195
4154,90.98632049560547,41.287254333496094,49.19993591308594
4155,61.53048324584961,43.49292755126953,17.506122589111328
4156,98.51202392578125,45.73439407348633,52.23270797729492
4157,56.9775390625,44.78154754638672,11.695231437683105
4158,75.58145141601562,45.09907531738281,30.038442611694336
4159,58.3170280456543,47.24350357055664,10.651324272155762
4160,77.58964538574219,49.40898895263672,27.75900650024414
4161,59.424354553222656,50.09009552001953,8.918868064880371
4162,64.0647964477539,49.78183364868164,13.87109375
4163,61.328330993652344,50.41797637939453,10.48725700378418
4164,62.874149322509766,52.037723541259766,10.398815155029297
4165,64.05641174316406,51.78794860839844,11.829545021057129
4166,56.23807907104492,49.87356185913086,5.936699390411377
4167,63.097835540771484,49.17986297607422,13.498554229736328
4168,56.5875244140625,50.0375862121582,6.129578113555908
4169,63.5772590637207,50.856689453125,12.298491477966309
4170,54.736934661865234,50.629207611083984,3.6894237995147705
4171,58.92742919921875,50.44114685058594,8.070231437683105
4172,54.993202209472656,51.35613250732422,3.217555284500122
4173,57.65740966796875,52.47244644165039,4.760435581207275
4174,56.79999542236328,51.98350524902344,4.391149044036865
4175,53.97611999511719,50.30984115600586,3.2444820404052734
4176,55.32776641845703,49.32147216796875,5.588391304016113
4177,52.23162078857422,49.27191162109375,2.5422441959381104
4178,55.11327362060547,49.05729293823242,5.635663986206055
4179,52.42700958251953,48.18026351928711,3.823763132095337
4180,52.90583038330078,47.47869110107422,5.002558708190918
4181,51.252567291259766,47.699607849121094,3.125663995742798
4182,50.79274368286133,48.37837600708008,1.981795310974121
4183,51.56535339355469,48.32936477661133,2.7974746227264404
4184,49.85703659057617,47.292362213134766,2.121978759765625
4185,50.53532028198242,46.334651947021484,3.755906581878662
4186,48.54181671142578,46.01725387573242,2.0779802799224854
4187,49.25062942504883,45.74898147583008,3.0519285202026367
4188,48.26631164550781,44.91031265258789,2.901499032974243
4189,47.93614959716797,43.8812141418457,3.593549966812134
4190,47.49406051635742,43.45297622680664,3.572005271911621
4191,46.76405334472656,43.63710021972656,2.6527047157287598
4192,46.81501388549805,43.63360595703125,2.706080675125122
4193,45.721107482910156,43.10149002075195,2.144927740097046
4194,45.98783874511719,42.570030212402344,2.9415690898895264
4195,45.13813018798828,42.37934494018555,2.278182029724121
4196,45.222206115722656,42.19533157348633,2.5412752628326416
4197,44.2974967956543,41.6230354309082,2.1828744411468506
4198,44.48741912841797,40.93126678466797,3.0558080673217773
4199,43.81528091430664,40.585655212402344,2.7209601402282715
4200,43.69816970825195,40.45657730102539,2.730308771133423
4201,43.04784393310547,40.12965393066406,2.4082157611846924
4202,43.05931091308594,39.685508728027344,2.861823081970215
4203,42.455936431884766,39.46575927734375,2.4718165397644043
4204,42.36039733886719,39.389915466308594,2.447174549102783
4205,41.88679122924805,39.0699462890625,2.292022705078125
4206,41.72041702270508,38.561439514160156,2.6322336196899414
4207,41.27744674682617,38.229209899902344,2.518235206604004
4208,41.27295684814453,38.07443618774414,2.6663260459899902
4209,40.8233528137207,37.85000991821289,2.4390060901641846
4210,40.78891372680664,37.58222579956055,2.667585849761963
4211,40.452274322509766,37.45612335205078,2.452373743057251
4212,40.394004821777344,37.34843444824219,2.5008130073547363
4213,40.123382568359375,37.062705993652344,2.515901565551758
4214,40.06460952758789,36.74534606933594,2.7709944248199463
4215,39.75349426269531,36.587650299072266,2.612778425216675
4216,39.726280212402344,36.438926696777344,2.732640266418457
4217,39.438087463378906,36.14571762084961,2.738656997680664
4218,39.388214111328125,35.900062561035156,2.93489408493042
4219,39.169246673583984,35.832332611083984,2.782972574234009
4220,39.07581329345703,35.75758361816406,2.763533353805542
4221,38.93875503540039,35.55054473876953,2.832843780517578
4222,38.78252410888672,35.373477935791016,2.8533525466918945
4223,38.688690185546875,35.26375198364258,2.868985176086426
4224,38.51132583618164,35.09506607055664,2.8594062328338623
4225,38.4552116394043,34.9190673828125,2.9782564640045166
4226,38.26152038574219,34.850669860839844,2.8531653881073
4227,38.200130462646484,34.77398681640625,2.8698439598083496
4228,38.0148811340332,34.60178756713867,2.858816623687744
4229,37.95695495605469,34.478050231933594,2.926213502883911
4230,37.78489685058594,34.43201446533203,2.7999322414398193
4231,37.716800689697266,34.31398010253906,2.8494906425476074
4232,37.56067657470703,34.117210388183594,2.8918728828430176
4233,37.477169036865234,33.995086669921875,2.931804895401001
4234,37.35411834716797,33.944183349609375,2.8584604263305664
4235,37.23040771484375,33.8566780090332,2.8222761154174805
4236,37.156253814697266,33.73044967651367,2.876669406890869
4237,37.000091552734375,33.63145446777344,2.820638656616211
4238,36.948707580566406,33.54533004760742,2.8558740615844727
4239,36.79108810424805,33.41899871826172,2.826024293899536
4240,36.72734069824219,33.281044006347656,2.900947093963623
4241,36.598453521728516,33.18024444580078,2.8736908435821533
4242,36.509647369384766,33.07498550415039,2.8925602436065674
4243,36.4110107421875,32.93588638305664,2.934286117553711
4244,36.28644561767578,32.85428237915039,2.891606569290161
4245,36.220333099365234,32.78826904296875,2.8932313919067383
4246,36.07510757446289,32.62725067138672,2.9109303951263428
4247,36.01190948486328,32.4822883605957,2.9939303398132324
4248,35.88507843017578,32.415122985839844,2.9351255893707275
4249,35.80104064941406,32.30426025390625,2.962952136993408
4250,35.70975875854492,32.141597747802734,3.0364537239074707
4251,35.58965301513672,32.052101135253906,3.0078678131103516
4252,35.52362823486328,31.978588104248047,3.015612840652466
4253,35.389747619628906,31.849491119384766,3.012096881866455
4254,35.3199577331543,31.726396560668945,3.067413568496704
4255,35.214149475097656,31.63209342956543,3.0566022396087646
4256,35.106754302978516,31.530981063842773,3.0518460273742676
4257,35.03936767578125,31.40325164794922,3.1135947704315186
4258,34.909515380859375,31.308589935302734,3.0794830322265625
4259,34.84524917602539,31.22134017944336,3.104879140853882
4260,34.73284912109375,31.081878662109375,3.133507251739502
4261,34.63315200805664,30.979278564453125,3.137221097946167
4262,34.56245803833008,30.908193588256836,3.139756679534912
4263,34.432064056396484,30.763492584228516,3.1559205055236816
4264,34.36247634887695,30.64510726928711,3.2063863277435303
4265,34.25947189331055,30.58434295654297,3.165818691253662
4266,34.159568786621094,30.462587356567383,3.189275026321411
4267,34.091670989990234,30.32688331604004,3.259789228439331
4268,33.963340759277344,30.240966796875,3.2188005447387695
4269,33.899017333984375,30.147247314453125,3.2495837211608887
4270,33.81289291381836,30.00876808166504,3.3043763637542725
4271,33.68942642211914,29.903276443481445,3.2880194187164307
4272,33.63052749633789,29.824974060058594,3.3094494342803955
4273,33.52432632446289,29.694355010986328,3.335829973220825
4274,33.426963806152344,29.57305145263672,3.3613789081573486
4275,33.36372756958008,29.497133255004883,3.377067804336548
4276,33.239627838134766,29.358055114746094,3.3935658931732178
4277,33.16173553466797,29.24239158630371,3.433112382888794
4278,33.09055709838867,29.16737174987793,3.4399468898773193
4279,32.96902847290039,29.031827926635742,3.455556869506836
4280,32.89863204956055,28.92180633544922,3.497159719467163
4281,32.81465530395508,28.84506607055664,3.492422580718994
4282,32.70728302001953,28.71358299255371,3.5182623863220215
4283,32.64323806762695,28.603961944580078,3.566272497177124
4284,32.54734802246094,28.520423889160156,3.555790901184082
4285,32.445098876953125,28.408138275146484,3.5679104328155518
4286,32.38579177856445,28.29496955871582,3.6240506172180176
4287,32.29049301147461,28.207298278808594,3.618001937866211
4288,32.19170379638672,28.112060546875,3.61669921875
4289,32.12629318237305,27.98616600036621,3.6787023544311523
4290,32.03120040893555,27.903812408447266,3.668186664581299
4291,31.938392639160156,27.81073760986328,3.6704037189483643
4292,31.877838134765625,27.682626724243164,3.739133596420288
4293,31.784866333007812,27.61097526550293,3.7209255695343018
4294,31.682178497314453,27.501434326171875,3.728761672973633
4295,31.615327835083008,27.39424705505371,3.7709319591522217
4296,31.5310001373291,27.31110382080078,3.772451162338257
4297,31.433271408081055,27.20108985900879,3.7856857776641846
4298,31.364559173583984,27.106822967529297,3.8134546279907227
4299,31.288875579833984,27.00927734375,3.837306261062622
4300,31.189037322998047,26.912267684936523,3.8362839221954346
4301,31.101167678833008,26.808908462524414,3.853127956390381
4302,31.031618118286133,26.72222137451172,3.872882604598999
4303,30.946170806884766,26.615236282348633,3.895733594894409
4304,30.855077743530273,26.518001556396484,3.9034488201141357
4305,30.788497924804688,26.441650390625,3.91617488861084
4306,30.72995376586914,26.30966567993164,3.989661693572998
4307,30.650192260742188,26.257997512817383,3.965435028076172
4308,30.585472106933594,26.117259979248047,4.040931701660156
4309,30.613040924072266,26.07115364074707,4.1190690994262695
4310,30.92523193359375,25.902015686035156,4.598204612731934
4311,32.26152801513672,25.964202880859375,5.881300449371338
4312,38.21673583984375,25.58724021911621,12.200063705444336
4313,60.98912048339844,26.281850814819336,34.31071853637695
4314,171.11378479003906,25.39502716064453,145.25462341308594
4315,583.0966186523438,30.647645950317383,552.1267700195312
4316,979.9514770507812,34.42853546142578,944.8670043945312
4317,212.37303161621094,46.23692321777344,165.68992614746094
4318,514.7596435546875,58.24042892456055,456.2450256347656
4319,234.00726318359375,60.54844665527344,173.1623077392578
4320,110.78441619873047,55.23887634277344,55.14243698120117
4321,199.368408203125,54.222904205322266,144.6976318359375
4322,166.19244384765625,61.256248474121094,104.53388214111328
4323,107.17000579833984,79.32740783691406,27.53034210205078
4324,130.71722412109375,102.91909790039062,27.562896728515625
4325,153.29269409179688,120.94414520263672,32.16273498535156
4326,170.15435791015625,131.88563537597656,38.11287307739258
4327,161.4053955078125,135.88267517089844,25.382429122924805
4328,146.9313201904297,135.11436462402344,11.681374549865723
4329,137.73629760742188,131.2755889892578,6.321793556213379
4330,129.35787963867188,124.95223999023438,4.257436752319336
4331,121.46186828613281,117.15523529052734,4.144738674163818
4332,121.02403259277344,109.61038208007812,11.235227584838867
4333,127.10824584960938,103.79549407958984,23.11696434020996
4334,130.950927734375,100.45679473876953,30.282642364501953
4335,132.0260009765625,99.67410278320312,32.129024505615234
4336,133.44078063964844,100.81556701660156,32.39761734008789
4337,131.40277099609375,102.90435028076172,28.273643493652344
4338,126.07160949707031,105.43417358398438,20.42128562927246
4339,123.08386993408203,108.42930603027344,14.449265480041504
4340,123.42382049560547,111.7992172241211,11.428986549377441
4341,124.28565216064453,115.14259338378906,8.953890800476074
4342,124.36933135986328,117.97427368164062,6.208228588104248
4343,124.30636596679688,119.92902374267578,4.188736915588379
4344,124.58067321777344,120.78485870361328,3.6019127368927
4345,124.63510131835938,120.41910552978516,4.014126300811768
4346,123.64662170410156,118.84144592285156,4.593493461608887
4347,121.66230773925781,116.25102996826172,5.18842077255249
4348,119.67682647705078,113.0058364868164,6.435850143432617
4349,118.54181671142578,109.51039123535156,8.782893180847168
4350,118.10305786132812,106.12430572509766,11.71585464477539
4351,117.70306396484375,103.15009307861328,14.275346755981445
4352,117.25267028808594,100.83670806884766,16.1243953704834
4353,117.08612060546875,99.333251953125,17.449724197387695
4354,116.90150451660156,98.6491470336914,17.941518783569336
4355,116.01303100585938,98.6807861328125,17.018278121948242
4356,114.62368774414062,99.287109375,15.023381233215332
4357,113.56739044189453,100.30693054199219,12.950177192687988
4358,113.03780364990234,101.52710723876953,11.203523635864258
4359,112.60018920898438,102.71150207519531,9.583356857299805
4360,112.08505249023438,103.64527130126953,8.134378433227539
4361,111.70525360107422,104.1620864868164,7.23581075668335
4362,111.45462036132812,104.1546859741211,6.989288806915283
4363,110.99124145507812,103.57862091064453,7.097917079925537
4364,110.20284271240234,102.49341583251953,7.390207767486572
4365,109.40922546386719,101.05480194091797,8.030129432678223
4366,108.82025146484375,99.45208740234375,9.037965774536133
4367,108.25358581542969,97.85509490966797,10.061439514160156
4368,107.6165542602539,96.40919494628906,10.862939834594727
4369,107.11013793945312,95.2277603149414,11.53102970123291
4370,106.71194458007812,94.37138366699219,11.983835220336914
4371,106.13800811767578,93.8692626953125,11.908941268920898
4372,105.4343032836914,93.71311950683594,11.360444068908691
4373,104.83567810058594,93.84696960449219,10.628202438354492
4374,104.27655029296875,94.16432189941406,9.752120018005371
4375,103.68431091308594,94.53298950195312,8.791173934936523
4376,103.20748901367188,94.81805419921875,8.028791427612305
4377,102.83128356933594,94.90856170654297,7.561390399932861
4378,102.37332916259766,94.73023223876953,7.281001567840576
4379,101.8577651977539,94.27745819091797,7.217145919799805
4380,101.38216400146484,93.591552734375,7.425687313079834
4381,100.86498260498047,92.73255920410156,7.7647247314453125
4382,100.30296325683594,91.78630828857422,8.145442008972168
4383,99.8138427734375,90.85267639160156,8.586478233337402
4384,99.33633422851562,90.01116943359375,8.947795867919922
4385,98.79132080078125,89.32634735107422,9.086040496826172
4386,98.25146484375,88.83451080322266,9.037382125854492
4387,97.69290161132812,88.52540588378906,8.787734031677246
4388,97.07210540771484,88.35226440429688,8.34001350402832
4389,96.48436737060547,88.24522399902344,7.859364032745361
4390,95.92448425292969,88.13187408447266,7.413100719451904
4391,95.34122467041016,87.95337677001953,7.008700370788574
4392,94.7857666015625,87.66162109375,6.745004653930664
4393,94.23027801513672,87.21720886230469,6.633007526397705
4394,93.63275146484375,86.61432647705078,6.636397361755371
4395,93.05205535888672,85.89433288574219,6.773026943206787
4396,92.47077941894531,85.11936950683594,6.963847637176514
4397,91.8720932006836,84.35130310058594,7.130409240722656
4398,91.29559326171875,83.6393814086914,7.263047695159912
4399,90.69532012939453,83.00761413574219,7.29164457321167
4400,90.06610107421875,82.47040557861328,7.196734428405762
4401,89.43924713134766,82.0324478149414,7.005234241485596
4402,88.7860336303711,81.6781997680664,6.704086780548096
4403,88.14410400390625,81.36164093017578,6.3766913414001465
4404,87.5191421508789,81.02362823486328,6.087411880493164
4405,86.88520812988281,80.60914611816406,5.864997386932373
4406,86.27054595947266,80.105224609375,5.750837326049805
4407,85.64588165283203,79.5217056274414,5.706080436706543
4408,85.02615356445312,78.880615234375,5.723668575286865
4409,84.42221069335938,78.20819854736328,5.788137912750244
4410,83.81661224365234,77.54012298583984,5.846452713012695
4411,83.23458099365234,76.92353820800781,5.8770952224731445
4412,82.64907836914062,76.38488006591797,5.826857566833496
4413,82.0791015625,75.9195785522461,5.719201564788818
4414,81.51819610595703,75.49365997314453,5.5812554359436035
4415,80.96538543701172,75.06790161132812,5.451050758361816
4416,80.4222412109375,74.62288665771484,5.349647521972656
4417,79.86837005615234,74.14164733886719,5.273557662963867
4418,79.32167053222656,73.6114501953125,5.253209114074707
4419,78.77237701416016,73.03997039794922,5.2710957527160645
4420,78.25101470947266,72.470703125,5.314643383026123
4421,77.7459487915039,71.94025421142578,5.33598518371582
4422,77.26892852783203,71.46041870117188,5.335086345672607
4423,76.79817962646484,71.02017974853516,5.300997734069824
4424,76.3480453491211,70.6030502319336,5.264575004577637
4425,75.90686798095703,70.18586730957031,5.237310409545898
4426,75.48890686035156,69.74256896972656,5.25927734375
4427,75.07909393310547,69.25160217285156,5.336577415466309
4428,74.68803405761719,68.73320007324219,5.459777355194092
4429,74.30094146728516,68.22774505615234,5.574053764343262
4430,73.93043518066406,67.76756286621094,5.65976619720459
4431,73.56300354003906,67.37065887451172,5.6854248046875
4432,73.21076202392578,67.0468521118164,5.653558254241943
4433,72.86386108398438,66.78450775146484,5.566037178039551
4434,72.52910614013672,66.54408264160156,5.468842029571533
4435,72.19709777832031,66.28185272216797,5.395978927612305
4436,71.86372375488281,65.97701263427734,5.364198207855225
4437,71.5331802368164,65.63427734375,5.3729658126831055
4438,71.20281982421875,65.27587890625,5.397351264953613
4439,70.8810806274414,64.93953704833984,5.408425807952881
4440,70.55204772949219,64.65882873535156,5.357068061828613
4441,70.2237319946289,64.43667602539062,5.248261451721191
4442,69.89469909667969,64.25447845458984,5.098990440368652
4443,69.56856536865234,64.07977294921875,4.945324897766113
4444,69.24536895751953,63.880428314208984,4.8191633224487305
4445,68.91316223144531,63.63322448730469,4.731390476226807
4446,68.58425903320312,63.34992980957031,4.682801246643066
4447,68.25597381591797,63.06021499633789,4.6413187980651855
4448,67.92782592773438,62.796531677246094,4.574039459228516
4449,67.59888458251953,62.56814193725586,4.47089147567749
4450,67.26231384277344,62.36970520019531,4.330577850341797
4451,66.92974853515625,62.16850280761719,4.1969804763793945
4452,66.59712982177734,61.93003845214844,4.100253582000732
4453,66.25629425048828,61.638221740722656,4.048403739929199
4454,65.91690063476562,61.31442642211914,4.029731750488281
4455,65.57664489746094,60.98835754394531,4.012389183044434
4456,65.23151397705078,60.68379211425781,3.969006061553955
4457,64.88880157470703,60.409568786621094,3.8979039192199707
4458,64.54489135742188,60.15169906616211,3.8092479705810547
4459,64.19656372070312,59.88314437866211,3.7268476486206055
4460,63.853572845458984,59.597312927246094,3.6668381690979004
4461,63.514747619628906,59.29336166381836,3.6288890838623047
4462,63.17171859741211,58.98219680786133,3.594083547592163
4463,62.83284378051758,58.67940902709961,3.554997682571411
4464,62.50372314453125,58.379798889160156,3.5224382877349854
4465,62.17659378051758,58.07948684692383,3.4925358295440674
4466,61.85298156738281,57.78384780883789,3.4611871242523193
4467,61.536842346191406,57.496337890625,3.4293460845947266
4468,61.22953414916992,57.21736145019531,3.397780656814575
4469,60.9327507019043,56.93057632446289,3.3843460083007812
4470,60.64225387573242,56.62504577636719,3.395779609680176
4471,60.358238220214844,56.312137603759766,3.420562505722046
4472,60.077945709228516,56.01607131958008,3.432600736618042
4473,59.80434799194336,55.7384033203125,3.4326560497283936
4474,59.542877197265625,55.465824127197266,3.440157651901245
4475,59.312252044677734,55.17112350463867,3.499549150466919
4476,59.18588638305664,54.88192367553711,3.658644914627075
4477,59.52121353149414,54.59003448486328,4.280045986175537
4478,62.072940826416016,54.40208435058594,7.01873254776001
4479,76.34060668945312,54.16069030761719,21.517324447631836
4480,149.9180450439453,54.60609436035156,94.66240692138672
4481,411.0510559082031,55.85762405395508,354.5174560546875
4482,442.3267517089844,62.96122360229492,378.7680969238281
4483,95.70491790771484,67.88937377929688,27.23807716369629
4484,268.59564208984375,71.60225677490234,196.4160919189453
4485,153.78570556640625,73.41445922851562,79.82009887695312
4486,145.79983520507812,79.59347534179688,65.69348907470703
4487,201.99365234375,84.93453979492188,116.58562469482422
4488,134.62448120117188,84.80580139160156,49.38479232788086
4489,98.72620391845703,84.4783935546875,13.8505277633667
4490,139.25119018554688,86.26521301269531,52.61870574951172
4491,143.81434631347656,87.94307708740234,55.52730941772461
4492,106.89627838134766,89.647705078125,16.923873901367188
4493,99.82147216796875,92.47727966308594,7.035480976104736
4494,124.65219116210938,95.63546752929688,28.720718383789062
4495,133.27828979492188,97.59455108642578,35.397682189941406
4496,115.3506851196289,98.0356216430664,17.036224365234375
4497,103.09861755371094,97.70174407958984,5.121770858764648
4498,110.0721435546875,97.24435424804688,12.552693367004395
4499,120.51364135742188,96.79288482666016,23.442909240722656
4500,117.6915283203125,96.33171844482422,21.077775955200195
4501,106.72811126708984,95.97901916503906,10.462126731872559
4502,102.47126007080078,95.82990264892578,6.34876012802124
4503,107.38900756835938,95.77317810058594,11.31722640991211
4504,111.89393615722656,95.54270935058594,16.046783447265625
4505,108.94865417480469,94.9901351928711,13.64873218536377
4506,102.28209686279297,94.19222259521484,7.774824142456055
4507,99.72560119628906,93.34968566894531,6.054961681365967
4508,102.61730194091797,92.60176849365234,9.687804222106934
4509,104.69755554199219,91.93242645263672,12.430079460144043
4510,101.5248031616211,91.29447174072266,9.887762069702148
4511,96.91400146484375,90.65352630615234,5.9100542068481445
4512,96.15367126464844,89.9373779296875,5.857274055480957
4513,98.00877380371094,88.99305725097656,8.64721393585205
4514,97.42730712890625,87.69267272949219,9.355889320373535
4515,93.61984252929688,86.1313247680664,7.099142074584961
4516,91.19611358642578,84.59738159179688,6.198862552642822
4517,92.10446166992188,83.36565399169922,8.329391479492188
4518,92.0321273803711,82.53091430664062,9.08402156829834
4519,88.84605407714844,82.05320739746094,6.3697404861450195
4520,86.81017303466797,81.76895904541016,4.6129584312438965
4521,87.49649810791016,81.39906311035156,5.663395881652832
4522,86.97285461425781,80.66045379638672,5.8708930015563965
4523,84.37435150146484,79.53560638427734,4.387845039367676
4524,83.52069091796875,78.28620147705078,4.772932052612305
4525,84.1055908203125,77.18472290039062,6.448709011077881
4526,82.5321044921875,76.3408203125,5.709498405456543
4527,80.7294692993164,75.73176574707031,4.5071797370910645
4528,80.95159149169922,75.17976379394531,5.272457599639893
4529,80.20758819580078,74.46595764160156,5.232508659362793
4530,78.35851287841797,73.59711456298828,4.241689205169678
4531,78.24011993408203,72.77074432373047,4.939323902130127
4532,78.02014923095703,72.09124755859375,5.389858722686768
4533,76.63819122314453,71.53581237792969,4.555911064147949
4534,76.6135025024414,70.98741149902344,5.072732448577881
4535,76.58922576904297,70.29847717285156,5.7301225662231445
4536,75.48371887207031,69.46289825439453,5.452563762664795
4537,75.39307403564453,68.69001007080078,6.12810754776001
4538,75.07173919677734,68.14707946777344,6.345303535461426
4539,73.96208953857422,67.84548950195312,5.535234451293945
4540,73.77371978759766,67.6224594116211,5.568733215332031
4541,73.22569274902344,67.30242919921875,5.339244842529297
4542,72.34503173828125,66.87923431396484,4.879886627197266
4543,72.19943237304688,66.48545837402344,5.126619815826416
4544,71.63090515136719,66.19352722167969,4.849725723266602
4545,71.19549560546875,65.95079803466797,4.657339096069336
4546,71.14862060546875,65.64180755615234,4.919064521789551
4547,70.55339050292969,65.21185302734375,4.751981258392334
4548,70.31583404541016,64.75785827636719,4.965743064880371
4549,70.05873107910156,64.4151382446289,5.048886775970459
4550,69.5472640991211,64.25019836425781,4.700668811798096
4551,69.42850494384766,64.19587707519531,4.6348395347595215
4552,68.99955749511719,64.14906311035156,4.251126289367676
4553,68.67291259765625,64.07769775390625,3.993976354598999
4554,68.52928924560547,63.99915313720703,3.92694354057312
4555,68.11270904541016,63.88044357299805,3.6269164085388184
4556,67.92993927001953,63.640682220458984,3.681006908416748
4557,67.59300231933594,63.21275329589844,3.7679269313812256
4558,67.22710418701172,62.67092514038086,3.9391443729400635
4559,67.03133392333984,62.17987060546875,4.230222702026367
4560,66.6400375366211,61.81672668457031,4.198782920837402
4561,66.41259002685547,61.53657150268555,4.2486891746521
4562,66.0925521850586,61.25545883178711,4.206867694854736
4563,65.76458740234375,60.97416687011719,4.157238483428955
4564,65.56184387207031,60.76686477661133,4.159412384033203
4565,65.23692321777344,60.64020538330078,3.959491014480591
4566,65.04322052001953,60.49894332885742,3.90531325340271
4567,64.74861907958984,60.25193405151367,3.8550937175750732
4568,64.5124740600586,59.933021545410156,3.9345152378082275
4569,64.2797622680664,59.65628433227539,3.975381851196289
4570,63.9979248046875,59.46934509277344,3.8780264854431152
4571,63.79318618774414,59.31429672241211,3.826246500015259
4572,63.50701141357422,59.13877868652344,3.713479995727539
4573,63.32242965698242,58.96580123901367,3.69968581199646
4574,63.06056213378906,58.81990051269531,3.5814831256866455
4575,62.845069885253906,58.67730712890625,3.506289482116699
4576,62.61016082763672,58.48757553100586,3.458632230758667
4577,62.38931655883789,58.26567077636719,3.4571807384490967
4578,62.19139862060547,58.08389663696289,3.438929319381714
4579,61.95286560058594,57.94340515136719,3.339101552963257
4580,61.759708404541016,57.77350616455078,3.3138885498046875
4581,61.52216339111328,57.54859161376953,3.298978805541992
4582,61.342437744140625,57.34573745727539,3.320120334625244
4583,61.10862731933594,57.19034957885742,3.2400476932525635
4584,60.929935455322266,57.020721435546875,3.2290310859680176
4585,60.704627990722656,56.78790283203125,3.2338545322418213
4586,60.53446960449219,56.57756805419922,3.2715442180633545
4587,60.31493377685547,56.44874954223633,3.1791725158691406
4588,60.13936233520508,56.33918762207031,3.1117498874664307
4589,59.93025588989258,56.16661834716797,3.073207378387451
4590,59.757572174072266,55.9532356262207,3.111416816711426
4591,59.55171585083008,55.76336669921875,3.0930938720703125
4592,59.37531661987305,55.58848571777344,3.089488983154297
4593,59.178382873535156,55.38232421875,3.0964760780334473
4594,59.00883102416992,55.168949127197266,3.1379427909851074
4595,58.81144714355469,55.002986907958984,3.1044929027557373
4596,58.64362716674805,54.87171936035156,3.0663559436798096
4597,58.44981002807617,54.72745132446289,3.015317678451538
4598,58.28529739379883,54.57926559448242,2.997389078140259
4599,58.09313201904297,54.44361877441406,2.9390721321105957
4600,57.932220458984375,54.30512619018555,2.9148359298706055
4601,57.74825668334961,54.13834762573242,2.8957765102386475
4602,57.58617401123047,53.98539733886719,2.8849687576293945
4603,57.40866470336914,53.851810455322266,2.83937668800354
4604,57.24640655517578,53.69031524658203,2.836552858352661
4605,57.07913589477539,53.49966812133789,2.8575377464294434
4606,56.910518646240234,53.34891128540039,2.837660312652588
4607,56.753421783447266,53.22248077392578,2.805129289627075
4608,56.58164978027344,53.060672760009766,2.7929177284240723
4609,56.43122100830078,52.89521026611328,2.805724859237671
4610,56.259849548339844,52.77561569213867,2.7522647380828857
4611,56.11222839355469,52.65460968017578,2.7240147590637207
4612,55.94775390625,52.482460021972656,2.7293996810913086
4613,55.79377746582031,52.32479476928711,2.7308733463287354
4614,55.64271926879883,52.19994354248047,2.7029104232788086
4615,55.480621337890625,52.05409240722656,2.6849052906036377
4616,55.338584899902344,51.898372650146484,2.696667432785034
4617,55.17839050292969,51.76973342895508,2.6632566452026367
4618,55.03251647949219,51.6417121887207,2.6436660289764404
4619,54.885440826416016,51.49489212036133,2.641545057296753
4620,54.729862213134766,51.36932373046875,2.6097359657287598
4621,54.593135833740234,51.24704360961914,2.5935003757476807
4622,54.43927001953125,51.097991943359375,2.5867936611175537
4623,54.297542572021484,50.9705810546875,2.570845603942871
4624,54.15972900390625,50.856082916259766,2.5458457469940186
4625,54.00829315185547,50.70515441894531,2.5432205200195312
4626,53.875335693359375,50.571502685546875,2.5421371459960938
4627,53.73727035522461,50.47513198852539,2.499190092086792
4628,53.59073257446289,50.343318939208984,2.4827494621276855
4629,53.464683532714844,50.21162414550781,2.4866578578948975
4630,53.32634735107422,50.11931228637695,2.4394004344940186
4631,53.187862396240234,50.00350570678711,2.415266752243042
4632,53.064918518066406,49.87324905395508,2.420846462249756
4633,52.93192672729492,49.774871826171875,2.3848977088928223
4634,52.796791076660156,49.66298294067383,2.3603453636169434
4635,52.6785774230957,49.54574966430664,2.357889413833618
4636,52.552101135253906,49.44840621948242,2.3272762298583984
4637,52.42028045654297,49.338104248046875,2.3043248653411865
4638,52.305423736572266,49.23593521118164,2.2904105186462402
4639,52.187889099121094,49.14910125732422,2.258500814437866
4640,52.062095642089844,49.033851623535156,2.2464065551757812
4641,51.94432067871094,48.94459915161133,2.216798782348633
4642,51.838558197021484,48.864803314208984,2.18976092338562
4643,51.72388458251953,48.744754791259766,2.193429708480835
4644,51.602176666259766,48.66761779785156,2.1479651927948
4645,51.4964485168457,48.586326599121094,2.122615098953247
4646,51.39734649658203,48.47583770751953,2.13240122795105
4647,51.28907012939453,48.41004180908203,2.0890586376190186
4648,51.17641067504883,48.319549560546875,2.0658164024353027
4649,51.07101821899414,48.23365020751953,2.045117139816284
4650,50.98005676269531,48.160125732421875,2.02667498588562
4651,50.88513946533203,48.06958770751953,2.021209239959717
4652,50.781982421875,48.00695037841797,1.9798367023468018
4653,50.679630279541016,47.91401672363281,1.9690783023834229
4654,50.583274841308594,47.84581756591797,1.940202236175537
4655,50.49885940551758,47.7824592590332,1.9184316396713257
4656,50.41752624511719,47.68748474121094,1.9306524991989136
4657,50.330467224121094,47.64396286010742,1.886800765991211
4658,50.2423210144043,47.55523681640625,1.8862229585647583
4659,50.15339279174805,47.49834060668945,1.8534444570541382
4660,50.06267166137695,47.42264175415039,1.837600588798523
4661,49.974586486816406,47.36790466308594,1.8036526441574097
4662,49.89167785644531,47.294647216796875,1.7929795980453491
4663,49.812870025634766,47.23331832885742,1.7748910188674927
4664,49.74149703979492,47.18114471435547,1.7552683353424072
4665,49.67460632324219,47.099002838134766,1.769362211227417
4666,49.612396240234375,47.06497573852539,1.7412030696868896
4667,49.571510314941406,46.97754669189453,1.7866055965423584
4668,49.59116744995117,46.95418930053711,1.8297086954116821
4669,49.80896759033203,46.83769989013672,2.1624937057495117
4670,50.73460006713867,46.89369201660156,3.0339388847351074
4671,54.37571334838867,46.63064193725586,6.9333176612854
4672,68.2312240600586,47.027000427246094,20.402009963989258
4673,118.42388916015625,46.28145217895508,71.3254623413086
4674,239.5675811767578,48.24259567260742,190.5499725341797
4675,360.314208984375,46.76020812988281,312.7712097167969
4676,232.03823852539062,52.51069259643555,178.853271484375
4677,142.9456024169922,52.31534957885742,89.9566650390625
4678,150.1954803466797,53.13627624511719,96.42758178710938
4679,134.56295776367188,57.79730987548828,76.2061767578125
4680,116.30615234375,59.44636917114258,56.32023620605469
4681,107.01777648925781,56.17924499511719,50.27098083496094
4682,114.03340148925781,54.20987319946289,59.25947189331055
4683,100.760498046875,57.39273452758789,42.86274719238281
4684,98.54914855957031,63.41144943237305,34.698219299316406
4685,104.34587097167969,67.02686309814453,36.90545654296875
4686,81.95320892333984,66.77488708496094,14.75274658203125
4687,82.92095947265625,65.169677734375,17.305286407470703
4688,94.58827209472656,64.93681335449219,29.202701568603516
4689,90.12469482421875,67.55436706542969,22.14407730102539
4690,79.24707794189453,72.41312408447266,6.442741870880127
4691,83.64248657226562,76.97481536865234,6.304831504821777
4692,89.25501251220703,78.71895599365234,10.184298515319824
4693,82.79541015625,76.93844604492188,5.497646331787109
4694,77.55449676513672,73.0832748413086,4.0911407470703125
4695,82.03172302246094,69.52584075927734,12.102828025817871
4696,84.58790588378906,67.95506286621094,16.216663360595703
4697,81.22463989257812,68.61419677734375,12.196576118469238
4698,77.59529113769531,70.43489837646484,6.759424209594727
4699,77.22132873535156,71.99285125732422,4.840755462646484
4700,79.28205871582031,72.41644287109375,6.483325958251953
4701,78.53779602050781,71.62891387939453,6.521439552307129
4702,74.98377990722656,70.14742279052734,4.43580436706543
4703,74.84022521972656,68.6464614868164,5.778476238250732
4704,76.7933578491211,67.58412170410156,8.78473949432373
4705,75.14173889160156,67.20138549804688,7.516293525695801
4706,72.2851791381836,67.60785675048828,4.261995792388916
4707,71.60800170898438,68.47189331054688,2.7315268516540527
4708,71.91761016845703,69.02224731445312,2.4965620040893555
4709,71.69998931884766,68.5338363647461,2.7639291286468506
4710,70.209228515625,66.85969543457031,2.9349300861358643
4711,69.01940155029297,64.6256103515625,3.9623827934265137
4712,69.4498062133789,62.822479248046875,6.1812615394592285
4713,68.44188690185547,62.08002471923828,5.907805442810059
4714,66.21636199951172,62.29313278198242,3.467628002166748
4715,65.95829010009766,62.682518005371094,2.820046901702881
4716,65.75855255126953,62.499393463134766,2.799783229827881
4717,64.41905975341797,61.55076217651367,2.399702787399292
4718,63.601280212402344,60.308807373046875,2.8117542266845703
4719,63.23634338378906,59.35652160644531,3.389310121536255
4720,62.59433364868164,58.87065887451172,3.229201078414917
4721,61.56427764892578,58.60403823852539,2.4668338298797607
4722,61.03643035888672,58.18418502807617,2.3601105213165283
4723,60.746421813964844,57.41823959350586,2.832611560821533
4724,59.44267272949219,56.38886260986328,2.549131155014038
4725,58.7752685546875,55.38909912109375,2.8708479404449463
4726,58.73270797729492,54.656494140625,3.5546388626098633
4727,57.69080352783203,54.24156951904297,2.928353786468506
4728,57.067508697509766,54.017234802246094,2.533843755722046
4729,56.75822067260742,53.70397186279297,2.540062189102173
4730,55.93250274658203,53.084774017333984,2.330061674118042
4731,55.6002082824707,52.28135681152344,2.79427170753479
4732,55.14396667480469,51.610984802246094,3.003221273422241
4733,54.27832794189453,51.20767593383789,2.539301633834839
4734,54.11225509643555,50.85301208496094,2.7263131141662598
4735,53.581703186035156,50.26447296142578,2.7787396907806396
4736,53.01644515991211,49.50064468383789,2.9691476821899414
4737,52.835628509521484,48.93519973754883,3.3490514755249023
4738,52.20424270629883,48.70365524291992,2.9496779441833496
4739,52.029396057128906,48.53746032714844,2.9413015842437744
4740,51.49184799194336,48.159847259521484,2.776789665222168
4741,51.26814270019531,47.68336868286133,3.023206949234009
4742,50.926876068115234,47.34145736694336,3.02154803276062
4743,50.5315055847168,47.065330505371094,2.9032671451568604
4744,50.302303314208984,46.643455505371094,3.09430193901062
4745,49.990928649902344,46.1397590637207,3.28106951713562
4746,49.688533782958984,45.82724380493164,3.286785840988159
4747,49.48270797729492,45.66455841064453,3.2419934272766113
4748,49.16189956665039,45.4099006652832,3.1737632751464844
4749,48.98851776123047,45.08417892456055,3.322719097137451
4750,48.66841125488281,44.880130767822266,3.204327344894409
4751,48.55194091796875,44.727020263671875,3.2386467456817627
4752,48.20281219482422,44.46357345581055,3.148547887802124
4753,48.101165771484375,44.19417953491211,3.3122730255126953
4754,47.81327438354492,44.01645278930664,3.2004590034484863
4755,47.6544075012207,43.809715270996094,3.2465593814849854
4756,47.46597671508789,43.55195617675781,3.3132944107055664
4757,47.241981506347656,43.406654357910156,3.2339096069335938
4758,47.107479095458984,43.31052780151367,3.195034980773926
4759,46.88774871826172,43.122127532958984,3.1611807346343994
4760,46.76270294189453,42.93787384033203,3.219092607498169
4761,46.56570816040039,42.812313079833984,3.148369073867798
4762,46.4251823425293,42.63896560668945,3.1798181533813477
4763,46.25705337524414,42.44732666015625,3.200213670730591
4764,46.11472702026367,42.340538024902344,3.1637837886810303
4765,45.951927185058594,42.218162536621094,3.123595714569092
4766,45.830509185791016,42.03830337524414,3.1815261840820312
4767,45.646610260009766,41.92880630493164,3.1075682640075684
4768,45.541473388671875,41.8371467590332,3.0944881439208984
4769,45.3681755065918,41.66580581665039,3.0917277336120605
4770,45.23576354980469,41.518104553222656,3.1077866554260254
4771,45.09621810913086,41.39748001098633,3.0904555320739746
4772,44.949241638183594,41.222450256347656,3.1182689666748047
4773,44.79975891113281,41.08325958251953,3.1083648204803467
4774,44.673866271972656,40.99077606201172,3.076611280441284
4775,44.50543212890625,40.842918395996094,3.056516647338867
4776,44.37249755859375,40.69756317138672,3.0699539184570312
4777,44.22972106933594,40.58610916137695,3.040994644165039
4778,44.071651458740234,40.43077087402344,3.0394647121429443
4779,43.93117141723633,40.27787399291992,3.052974224090576
4780,43.78396224975586,40.1534423828125,3.0325098037719727
4781,43.62260437011719,39.98796463012695,3.0386910438537598
4782,43.48601150512695,39.82734298706055,3.064941167831421
4783,43.326560974121094,39.71643829345703,3.0191197395324707
4784,43.170310974121094,39.57167053222656,3.009178400039673
4785,43.023773193359375,39.40962219238281,3.026580810546875
4786,42.86784362792969,39.28091812133789,3.002687454223633
4787,42.706329345703125,39.12578201293945,2.9983925819396973
4788,42.56379699707031,38.956966400146484,3.025967597961426
4789,42.39845275878906,38.82697677612305,2.9935526847839355
4790,42.24709701538086,38.67202377319336,3.0001633167266846
4791,42.09013366699219,38.49470520019531,3.022808074951172
4792,41.936710357666016,38.35772705078125,3.009261131286621
4793,41.766578674316406,38.2100944519043,2.9893879890441895
4794,41.62913131713867,38.038028717041016,3.0264499187469482
4795,41.45023727416992,37.88775634765625,3.0010132789611816
4796,41.30441665649414,37.72379684448242,3.0215189456939697
4797,41.14130783081055,37.55693817138672,3.02730131149292
4798,40.98282241821289,37.42427062988281,3.004814386367798
4799,40.811458587646484,37.25005340576172,3.010275363922119
4800,40.662906646728516,37.0689697265625,3.0450830459594727
4801,40.495391845703125,36.94144058227539,3.0085837841033936
4802,40.32326889038086,36.77074432373047,3.009700298309326
4803,40.17795944213867,36.573246002197266,3.064105272293091
4804,39.999961853027344,36.42996597290039,3.03295636177063
4805,39.843387603759766,36.26194763183594,3.0469610691070557
4806,39.6755256652832,36.07402038574219,3.0692026615142822
4807,39.52263259887695,35.9203987121582,3.0732741355895996
4808,39.35038375854492,35.74330139160156,3.0807886123657227
4809,39.18474578857422,35.56339645385742,3.0976510047912598
4810,39.03822708129883,35.39445495605469,3.1230404376983643
4811,38.85843276977539,35.20203399658203,3.138007640838623
4812,38.70432662963867,35.03007888793945,3.1589467525482178
4813,38.5416259765625,34.84782028198242,3.181334972381592
4814,38.38377380371094,34.650352478027344,3.222984552383423
4815,38.225765228271484,34.49732971191406,3.221283435821533
4816,38.05341339111328,34.30398178100586,3.2448995113372803
4817,37.9114875793457,34.101932525634766,3.3071441650390625
4818,37.74908447265625,33.95326232910156,3.2965877056121826
4819,37.57977294921875,33.75095748901367,3.3317904472351074
4820,37.43345642089844,33.55527114868164,3.3837029933929443
4821,37.26995086669922,33.397705078125,3.380735158920288
4822,37.11697006225586,33.202396392822266,3.425105333328247
4823,36.96342468261719,33.020687103271484,3.4560694694519043
4824,36.79566955566406,32.84610366821289,3.4653656482696533
4825,36.648746490478516,32.66529083251953,3.50148868560791
4826,36.49847412109375,32.485191345214844,3.5339014530181885
4827,36.33273696899414,32.30139923095703,3.553968667984009
4828,36.18115234375,32.13843536376953,3.5680038928985596
4829,36.029178619384766,31.949623107910156,3.60699200630188
4830,35.86822509765625,31.778732299804688,3.619009256362915
4831,35.71895980834961,31.623191833496094,3.6280124187469482
4832,35.56989669799805,31.420623779296875,3.683157444000244
4833,35.40425491333008,31.27655601501465,3.66416072845459
4834,35.24559020996094,31.10004234313965,3.68401837348938
4835,35.09989547729492,30.916767120361328,3.7236318588256836
4836,34.94282913208008,30.77338218688965,3.712414264678955
4837,34.78239440917969,30.583309173583984,3.7436811923980713
4838,34.632965087890625,30.425018310546875,3.755099058151245
4839,34.48407745361328,30.256988525390625,3.7759530544281006
4840,34.32167053222656,30.090978622436523,3.7820279598236084
4841,34.158077239990234,29.91813850402832,3.792898416519165
4842,34.004661560058594,29.7720947265625,3.788154125213623
4843,33.85540008544922,29.576557159423828,3.8359014987945557
4844,33.69742202758789,29.445873260498047,3.8112568855285645
4845,33.53361511230469,29.249643325805664,3.845198392868042
4846,33.375755310058594,29.106903076171875,3.832765579223633
4847,33.23310089111328,28.9291934967041,3.869246006011963
4848,33.106632232666016,28.778032302856445,3.896984338760376
4849,33.03154373168945,28.586889266967773,4.013628959655762
4850,33.1595458984375,28.49053382873535,4.2430243492126465
4851,34.19105911254883,28.17437744140625,5.586892604827881
4852,39.34977722167969,28.376487731933594,10.558307647705078
4853,64.3402328491211,27.50135612487793,36.39896774291992
4854,172.67755126953125,29.389760971069336,142.9093780517578
4855,513.016357421875,26.863243103027344,485.6658935546875
4856,606.6083374023438,36.110313415527344,570.1944580078125
4857,192.21705627441406,36.993988037109375,154.91668701171875
4858,416.5728759765625,32.38981246948242,383.8308410644531
4859,163.07286071777344,41.86082458496094,120.96127319335938
4860,204.49200439453125,55.61981201171875,148.69642639160156
4861,181.7840576171875,60.00239562988281,121.61869812011719
4862,114.80372619628906,57.748783111572266,56.86497497558594
4863,201.40420532226562,60.40345001220703,140.80296325683594
4864,136.37289428710938,71.18621826171875,65.02754211425781
4865,100.59077453613281,86.99042510986328,13.493099212646484
4866,145.74452209472656,101.08992004394531,44.580318450927734
4867,160.84713745117188,108.92911529541016,51.85236740112305
4868,138.51116943359375,110.5950927734375,27.83840560913086
4869,118.83157348632812,108.94815063476562,9.777244567871094
4870,120.54933166503906,106.65584564208984,13.752874374389648
4871,136.7473907470703,105.23418426513672,31.34605598449707
4872,144.23008728027344,105.95223999023438,38.100120544433594
4873,137.44488525390625,109.80072784423828,27.46978759765625
4874,128.75758361816406,116.23493957519531,12.358750343322754
4875,127.89285278320312,123.51177215576172,4.229124069213867
4876,133.30947875976562,129.72637939453125,3.4413084983825684
4877,138.89456176757812,133.51132202148438,5.248312473297119
4878,140.6510009765625,134.268798828125,6.25001859664917
4879,138.22909545898438,132.2311248779297,5.864198207855225
4880,133.74386596679688,128.2359619140625,5.368427276611328
4881,130.0970458984375,123.43974304199219,6.508886337280273
4882,129.26524353027344,118.96360778808594,10.142950057983398
4883,130.94525146484375,115.54824829101562,15.229466438293457
4884,132.44375610351562,113.42377471923828,18.84774398803711
4885,131.09771728515625,112.52588653564453,18.400367736816406
4886,127.58922576904297,112.72701263427734,14.6959810256958
4887,124.82635498046875,113.82906341552734,10.83799934387207
4888,124.2030029296875,115.35436248779297,8.695221900939941
4889,124.65287780761719,116.56704711914062,7.935489654541016
4890,124.26063537597656,116.74140167236328,7.368422508239746
4891,122.1615982055664,115.47539520263672,6.5314836502075195
4892,119.2230453491211,112.88655090332031,6.175146102905273
4893,117.0569076538086,109.55733489990234,7.329979419708252
4894,116.36420440673828,106.31889343261719,9.867149353027344
4895,116.15432739257812,103.94390106201172,12.024487495422363
4896,114.87688446044922,102.8778076171875,11.807040214538574
4897,112.5404281616211,102.97392272949219,9.370430946350098
4898,110.45234680175781,103.51766204833984,6.736396789550781
4899,109.18290710449219,103.68265533447266,5.300696849822998
4900,108.37451171875,102.99736022949219,5.176074981689453
4901,107.28226470947266,101.44053649902344,5.637611389160156
4902,105.40655517578125,99.31375122070312,5.883613109588623
4903,103.35336303710938,96.9540023803711,6.183598518371582
4904,102.08486938476562,94.59840393066406,7.264143466949463
4905,101.26469421386719,92.458251953125,8.579336166381836
4906,99.89579772949219,90.83159637451172,8.835086822509766
4907,98.0799560546875,89.98123931884766,7.869971752166748
4908,96.66145324707031,89.78099060058594,6.652726173400879
4909,95.791748046875,89.67173767089844,5.892369747161865
4910,94.94085693359375,88.92262268066406,5.789226055145264
4911,93.42957305908203,87.1669692993164,6.030946254730225
4912,92.1684799194336,84.91609191894531,7.017396926879883
4913,91.32830810546875,83.1273422241211,7.963044166564941
4914,90.28490447998047,82.07130432128906,7.974508285522461
4915,88.8734359741211,81.1884536743164,7.446740627288818
4916,87.70124816894531,80.0897216796875,7.374362945556641
4917,87.06785583496094,78.94291687011719,7.886414051055908
4918,85.6292953491211,77.85581970214844,7.529696464538574
4919,84.3023910522461,76.70484924316406,7.34578275680542
4920,83.4998550415039,75.52198791503906,7.718271732330322
4921,82.58584594726562,74.72676086425781,7.594054698944092
4922,81.29887390136719,74.63069915771484,6.400455951690674
4923,80.330078125,74.76224517822266,5.298931121826172
4924,79.5516357421875,74.24147033691406,5.040038585662842
4925,78.2506103515625,72.76213073730469,5.215970993041992
4926,77.11380767822266,70.95036315917969,5.88735818862915
4927,76.49497985839844,69.58270263671875,6.6325860023498535
4928,76.07418823242188,68.85475158691406,6.937889099121094
4929,75.11993408203125,68.46918487548828,6.369662761688232
4930,74.69319915771484,68.13005065917969,6.282362937927246
4931,74.12669372558594,67.71380615234375,6.129431247711182
4932,72.9760513305664,66.99588012695312,5.6907854080200195
4933,72.18555450439453,65.90079498291016,5.989007949829102
4934,71.54814910888672,64.91657257080078,6.331611633300781
4935,70.4332046508789,64.59163665771484,5.540237903594971
4936,69.7249526977539,64.42051696777344,5.003373146057129
4937,69.07660675048828,63.52907943725586,5.246065616607666
4938,68.31208038330078,62.12820816040039,5.879565238952637
4939,67.75399780273438,61.10068893432617,6.344743728637695
4940,67.06631469726562,60.574100494384766,6.180335521697998
4941,66.18644714355469,60.172508239746094,5.700074195861816
4942,65.62996673583984,59.78837585449219,5.525086402893066
4943,64.71084594726562,59.25388717651367,5.13671875
4944,63.9974250793457,58.36280059814453,5.31171178817749
4945,63.32030487060547,57.69233322143555,5.304131984710693
4946,62.50661087036133,57.59878921508789,4.583461761474609
4947,61.898887634277344,57.14340591430664,4.428256988525391
4948,61.25263977050781,56.20754623413086,4.71218204498291
4949,60.61883544921875,55.54511260986328,4.736255168914795
4950,60.18849182128906,54.87722396850586,4.972728729248047
4951,59.474491119384766,54.12721252441406,5.010496616363525
4952,59.02869415283203,53.70698928833008,4.986361026763916
4953,58.38440704345703,53.37055587768555,4.677042007446289
4954,57.79934310913086,52.69516372680664,4.76453161239624
4955,57.282928466796875,51.90951156616211,5.032686710357666
4956,56.610416412353516,51.2608642578125,5.009908199310303
4957,56.15358352661133,50.42348861694336,5.391446590423584
4958,55.564762115478516,49.40182113647461,5.823380470275879
4959,54.92133331298828,48.87226486206055,5.708040714263916
4960,54.368167877197266,48.69076919555664,5.335733890533447
4961,53.664615631103516,48.16646957397461,5.155998229980469
4962,53.02758026123047,47.509246826171875,5.176029682159424
4963,52.581443786621094,46.96147918701172,5.276585578918457
4964,52.06226348876953,46.46937561035156,5.2465338706970215
4965,51.524391174316406,46.05138397216797,5.125053405761719
4966,51.001686096191406,45.38762283325195,5.26605224609375
4967,50.57806396484375,44.73688507080078,5.494825839996338
4968,50.129737854003906,44.444480895996094,5.341214656829834
4969,49.60617446899414,44.050350189208984,5.211060047149658
4970,49.15521240234375,43.59278106689453,5.217609882354736
4971,48.69160079956055,43.05885696411133,5.289687156677246
4972,48.33335494995117,42.379676818847656,5.610763072967529
4973,47.94591522216797,42.007362365722656,5.594673156738281
4974,47.600032806396484,41.49303436279297,5.760680198669434
4975,47.22069549560547,41.26158142089844,5.614266872406006
4976,46.87761688232422,40.5283088684082,6.003610610961914
4977,46.61834716796875,40.43620681762695,5.838817596435547
4978,46.48152160644531,39.66240692138672,6.472626209259033
4979,46.593505859375,39.81560134887695,6.43580436706543
4980,46.3304557800293,38.75228500366211,7.232100009918213
4981,45.72126388549805,38.89816665649414,6.479915618896484
4982,44.6795539855957,38.15735626220703,6.175889492034912
4983,43.78535079956055,38.06723403930664,5.372818946838379
4984,43.41560363769531,37.71067810058594,5.3605217933654785
4985,43.43682861328125,37.102020263671875,5.990605354309082
4986,43.136940002441406,37.13964080810547,5.6564130783081055
4987,42.421966552734375,36.42951965332031,5.650763034820557
4988,41.772254943847656,36.254112243652344,5.17899227142334
4989,41.626773834228516,35.98716354370117,5.302304744720459
4990,41.65990447998047,35.42819595336914,5.893366813659668
4991,41.47449493408203,35.37382888793945,5.764092922210693
4992,41.028221130371094,34.93450164794922,5.757730484008789
4993,40.44069290161133,34.62888717651367,5.4785847663879395
4994,39.966365814208984,34.3340950012207,5.301486492156982
4995,39.70086669921875,34.03801345825195,5.333497047424316
4996,39.446475982666016,33.765541076660156,5.353446006774902
4997,39.20029830932617,33.31313705444336,5.559996128082275
4998,38.985774993896484,33.16216278076172,5.499609470367432
4999,38.91431427001953,32.695892333984375,5.89201545715332
5000,39.25480651855469,32.69435501098633,6.238054275512695
5001,40.82903289794922,32.234535217285156,8.270282745361328
5002,47.39806365966797,32.28611373901367,14.793054580688477
5003,75.99884033203125,31.689315795898438,43.983421325683594
5004,173.7117462158203,32.95100402832031,140.45281982421875
5005,385.34417724609375,31.9702091217041,353.0429382324219
5006,279.3946533203125,39.327598571777344,239.77989196777344
5007,84.69442749023438,36.615142822265625,47.82466506958008
5008,232.72314453125,36.86689376831055,195.5972137451172
5009,135.28787231445312,47.14093017578125,87.90090942382812
5010,112.55807495117188,49.16868591308594,63.157711029052734
5011,110.5549545288086,46.883201599121094,63.47068405151367
5012,102.32511138916016,49.95446014404297,52.199005126953125
5013,87.57882690429688,55.25739288330078,32.15095520019531
5014,103.16734313964844,60.69748306274414,42.299072265625
5015,74.5126953125,62.132293701171875,12.217900276184082
5016,103.66053009033203,61.96583938598633,41.53443908691406
5017,85.19631958007812,63.5423698425293,21.478065490722656
5018,82.89434814453125,66.46363067626953,16.239011764526367
5019,85.29339599609375,66.13240814208984,18.97894859313965
5020,76.1044921875,62.853816986083984,13.094372749328613
5021,89.62208557128906,60.6365852355957,28.839672088623047
5022,79.06082153320312,61.75823974609375,17.142738342285156
5023,77.72441864013672,66.15401458740234,11.388163566589355
5024,81.72471618652344,69.60292053222656,11.9306001663208
5025,75.62235260009766,69.15660858154297,6.281389236450195
5026,80.04801940917969,66.96576690673828,12.906352996826172
5027,75.81398010253906,65.84456634521484,9.794063568115234
5028,72.11353302001953,66.08291625976562,5.8506317138671875
5029,76.82879638671875,66.00358581542969,10.643638610839844
5030,73.09478759765625,64.54177856445312,8.374700546264648
5031,72.24833679199219,62.58074188232422,9.489627838134766
5032,72.8470687866211,61.66335678100586,10.996827125549316
5033,69.14301300048828,62.40481948852539,6.5370283126831055
5034,70.7193603515625,63.491455078125,7.018887519836426
5035,68.85256958007812,62.88212585449219,5.767660617828369
5036,66.30375671386719,60.66488265991211,5.449987411499023
5037,67.78527069091797,58.7443733215332,8.860474586486816
5038,65.49888610839844,58.1661491394043,7.149250030517578
5039,64.76779174804688,58.32877731323242,6.244618892669678
5040,63.30352020263672,57.90985870361328,5.188533782958984
5041,62.47336959838867,56.67106628417969,5.591342449188232
5042,62.605255126953125,55.56607437133789,6.826137542724609
5043,60.011474609375,55.06642532348633,4.730864524841309
5044,60.3668327331543,54.74958801269531,5.402801513671875
5045,59.742340087890625,54.11669921875,5.412472724914551
5046,58.35897445678711,53.15640640258789,4.988089561462402
5047,57.687103271484375,52.37373733520508,5.091546058654785
5048,56.78331756591797,52.06203842163086,4.491514682769775
5049,56.32151412963867,51.53083038330078,4.5608906745910645
5050,55.07097625732422,50.17620849609375,4.671403884887695
5051,55.24761199951172,48.6708869934082,6.35569429397583
5052,53.84315872192383,48.060585021972656,5.55498743057251
5053,53.07331466674805,48.31507873535156,4.521519660949707
5054,52.40608215332031,48.05389404296875,4.111205577850342
5055,51.328338623046875,46.730979919433594,4.356688022613525
5056,50.93954086303711,45.4857177734375,5.21310567855835
5057,49.932098388671875,45.00548553466797,4.682823181152344
5058,49.64668655395508,44.68448257446289,4.714210033416748
5059,48.459266662597656,43.80116271972656,4.407812118530273
5060,48.13139724731445,42.63432693481445,5.246645927429199
5061,47.25849533081055,41.96689224243164,5.042117118835449
5062,46.97297668457031,41.752010345458984,4.972810745239258
5063,46.34022521972656,41.18592834472656,4.906501293182373
5064,45.8487663269043,40.26466369628906,5.334929466247559
5065,44.90987014770508,39.80118179321289,4.858227252960205
5066,44.49850082397461,39.56827163696289,4.679342746734619
5067,43.779903411865234,38.79922103881836,4.727952480316162
5068,43.70976257324219,38.095947265625,5.358392238616943
5069,43.00893783569336,38.014163970947266,4.738648891448975
5070,42.603424072265625,37.628501892089844,4.718549728393555
5071,42.02149200439453,36.89440155029297,4.872027397155762
5072,41.757850646972656,36.49346923828125,5.011935234069824
5073,41.069740295410156,36.10073471069336,4.715826988220215
5074,40.714515686035156,35.65684127807617,4.806040287017822
5075,40.33329391479492,35.11728286743164,4.966828346252441
5076,39.876461029052734,34.569881439208984,5.054629325866699
5077,39.486942291259766,34.304866790771484,4.927516937255859
5078,39.05352020263672,33.95821762084961,4.840596675872803
5079,38.465797424316406,33.35818862915039,4.851194381713867
5080,38.04876708984375,33.013851165771484,4.777777671813965
5081,37.80900955200195,32.797237396240234,4.755916595458984
5082,37.38163375854492,32.24709701538086,4.878796577453613
5083,36.88334655761719,31.874305725097656,4.756021976470947
5084,36.69203567504883,31.61866569519043,4.82181978225708
5085,36.45635986328125,31.2423152923584,4.961421966552734
5086,36.1402587890625,31.008852005004883,4.879912853240967
5087,35.69880676269531,30.729372024536133,4.718973159790039
5088,35.3701171875,30.324005126953125,4.796697616577148
5089,34.99833297729492,29.99738121032715,4.7542243003845215
5090,34.632450103759766,29.64351463317871,4.742929458618164
5091,34.30006790161133,29.316869735717773,4.738551139831543
5092,33.96049499511719,29.042938232421875,4.675475597381592
5093,33.64072036743164,28.706586837768555,4.691352367401123
5094,33.37070846557617,28.566646575927734,4.560279846191406
5095,33.086971282958984,28.299999237060547,4.544005393981934
5096,32.75816345214844,27.82207489013672,4.6946120262146
5097,32.406307220458984,27.549589157104492,4.6164870262146
5098,32.070560455322266,27.222640991210938,4.607232093811035
5099,31.739809036254883,26.94760513305664,4.553169250488281
5100,31.429702758789062,26.6251163482666,4.566285133361816
5101,31.165447235107422,26.43644905090332,4.4909772872924805
5102,30.946109771728516,26.30148696899414,4.407558441162109
5103,30.731332778930664,25.98984146118164,4.505081653594971
5104,30.59139633178711,25.72597885131836,4.631072998046875
5105,30.676301956176758,25.324962615966797,5.115407466888428
5106,31.645946502685547,25.34453010559082,6.066441535949707
5107,35.04707717895508,24.6660099029541,10.141922950744629
5108,40.52316665649414,25.079574584960938,15.209755897521973
5109,46.913272857666016,24.166507720947266,22.508296966552734
5110,37.00545120239258,24.579833984375,12.196942329406738
5111,34.49991989135742,24.256908416748047,10.004263877868652
5112,42.12276077270508,24.169984817504883,17.733675003051758
5113,43.86991882324219,22.864091873168945,20.779617309570312
5114,207.36280822753906,25.00796890258789,182.13616943359375
5115,1271.390380859375,22.55458641052246,1248.5537109375
5116,676.98828125,46.24104309082031,630.5419921875
5117,499.984375,66.11500549316406,433.72479248046875
5118,361.2721862792969,85.38732147216797,275.7326354980469
5119,323.838134765625,105.08642578125,218.60726928710938
5120,238.17213439941406,129.14784240722656,108.91763305664062
5121,209.21917724609375,147.50718688964844,61.626312255859375
5122,202.57595825195312,158.3848419189453,44.107730865478516
5123,195.57138061523438,164.9004669189453,30.57663345336914
5124,191.61514282226562,169.54833984375,21.954618453979492
5125,189.03555297851562,173.35186767578125,15.553165435791016
5126,190.3060760498047,176.3202667236328,13.840535163879395
5127,194.56146240234375,178.25042724609375,16.155517578125
5128,199.76724243164062,179.28445434570312,20.321115493774414
5129,205.16561889648438,180.07980346679688,24.921321868896484
5130,209.5616912841797,181.5130615234375,27.88387107849121
5131,211.6328125,184.12820434570312,27.34130859375
5132,211.49290466308594,187.7538604736328,23.577823638916016
5133,210.42245483398438,191.61219787597656,18.650651931762695
5134,209.33160400390625,194.76861572265625,14.403596878051758
5135,208.24276733398438,196.5320281982422,11.549589157104492
5136,206.81256103515625,196.60311889648438,10.044256210327148
5137,204.85296630859375,195.0234375,9.65803337097168
5138,202.49075317382812,192.0627899169922,10.24812126159668
5139,200.09378051757812,188.1294708251953,11.774538040161133
5140,198.098388671875,183.71087646484375,14.186790466308594
5141,196.79937744140625,179.32286071777344,17.26464080810547
5142,196.17771911621094,175.4453887939453,20.50999641418457
5143,195.8836669921875,172.4410858154297,23.21137046813965
5144,195.4352569580078,170.48475646972656,24.71266746520996
5145,194.51583862304688,169.54290771484375,24.731159210205078
5146,193.17361450195312,169.40562438964844,23.524826049804688
5147,191.77377319335938,169.77772521972656,21.753467559814453
5148,190.72434997558594,170.35934448242188,20.12399673461914
5149,190.1490478515625,170.8856201171875,19.02398681640625
5150,189.78636169433594,171.13626098632812,18.411251068115234
5151,189.23204040527344,170.93902587890625,18.053194046020508
5152,188.29444885253906,170.19882202148438,17.853069305419922
5153,187.1141815185547,168.92532348632812,17.94209861755371
5154,185.96119689941406,167.24966430664062,18.459749221801758
5155,184.9730224609375,165.41949462890625,19.296733856201172
5156,184.07278442382812,163.75186157226562,20.059911727905273
5157,183.09005737304688,162.5496063232422,20.276473999023438
5158,181.95103454589844,161.99102783203125,19.694395065307617
5159,180.75204467773438,162.0466766357422,18.439109802246094
5160,179.64566040039062,162.48892211914062,16.89011573791504
5161,178.6772918701172,162.9765167236328,15.433366775512695
5162,177.75514221191406,163.1675262451172,14.318346977233887
5163,176.76490783691406,162.8161163330078,13.67638874053955
5164,175.6832733154297,161.82516479492188,13.581380844116211
5165,174.5856170654297,160.25921630859375,14.044607162475586
5166,173.5727081298828,158.32913208007812,14.956539154052734
5167,172.6890106201172,156.34710693359375,16.050081253051758
5168,171.88648986816406,154.646484375,16.944271087646484
5169,171.06362915039062,153.4831085205078,17.282033920288086
5170,170.15908813476562,152.94732666015625,16.91156768798828
5171,169.20211791992188,152.92564392089844,15.975410461425781
5172,168.25741577148438,153.14393615722656,14.811955451965332
5173,167.33526611328125,153.27088928222656,13.7623929977417
5174,166.3797607421875,153.02281188964844,13.054206848144531
5175,165.33798217773438,152.24996948242188,12.783984184265137
5176,164.22483825683594,150.97511291503906,12.943849563598633
5177,163.1143798828125,149.37158203125,13.43466854095459
5178,162.07310485839844,147.69766235351562,14.064902305603027
5179,161.10696411132812,146.20675659179688,14.587387084960938
5180,160.17430114746094,145.06248474121094,14.797113418579102
5181,159.2403564453125,144.29208374023438,14.632246971130371
5182,158.3077392578125,143.79502868652344,14.19582462310791
5183,157.39926147460938,143.39793395996094,13.683863639831543
5184,156.52401733398438,142.9272003173828,13.278752326965332
5185,155.66619873046875,142.26809692382812,13.079119682312012
5186,154.805419921875,141.39227294921875,13.09280014038086
5187,153.94100952148438,140.35093688964844,13.267965316772461
5188,153.08370971679688,139.2449951171875,13.514693260192871
5189,152.22711181640625,138.1884002685547,13.712890625
5190,151.34432983398438,137.27403259277344,13.742993354797363
5191,150.4160919189453,136.55088806152344,13.536816596984863
5192,149.44744873046875,136.0041046142578,13.114185333251953
5193,148.45530700683594,135.55125427246094,12.574204444885254
5194,147.4525604248047,135.06309509277344,12.058764457702637
5195,146.4453125,134.41058349609375,11.702866554260254
5196,145.43775939941406,133.52276611328125,11.58165454864502
5197,144.4396514892578,132.4232940673828,11.681249618530273
5198,143.46588134765625,131.22547912597656,11.90340805053711
5199,142.5219268798828,130.0823974609375,12.100655555725098
5200,141.59988403320312,129.11634826660156,12.142932891845703
5201,140.6960906982422,128.36380004882812,11.990154266357422
5202,139.81797790527344,127.76661682128906,11.707901954650879
5203,138.96923828125,127.21210479736328,11.412423133850098
5204,138.1419219970703,126.59550476074219,11.200372695922852
5205,137.32107543945312,125.8666763305664,11.106785774230957
5206,136.49388122558594,125.03791046142578,11.106454849243164
5207,135.6597137451172,124.16130828857422,11.1467866897583
5208,134.82286071777344,123.30043029785156,11.168656349182129
5209,133.98065185546875,122.51224517822266,11.112639427185059
5210,133.13182067871094,121.83403015136719,10.940274238586426
5211,132.2801971435547,121.26385498046875,10.657224655151367
5212,131.4269561767578,120.74507904052734,10.321185111999512
5213,130.56942749023438,120.18331146240234,10.023740768432617
5214,129.7007598876953,119.50164794921875,9.834897994995117
5215,128.8191680908203,118.69580078125,9.7572021484375
5216,127.93238830566406,117.83734893798828,9.726863861083984
5217,127.04711151123047,117.01473999023438,9.662226676940918
5218,126.1724853515625,116.26424407958984,9.536232948303223
5219,125.32266235351562,115.55611419677734,9.392769813537598
5220,124.5149154663086,114.8372802734375,9.302072525024414
5221,123.76414489746094,114.07109069824219,9.315423011779785
5222,123.07376098632812,113.23713684082031,9.456414222717285
5223,122.4428939819336,112.32544708251953,9.734077453613281
5224,121.8628921508789,111.36595153808594,10.109917640686035
5225,121.31652069091797,110.44696044921875,10.47849178314209
5226,120.781005859375,109.66251373291016,10.723106384277344
5227,120.23936462402344,109.03202819824219,10.807432174682617
5228,119.68777465820312,108.49583435058594,10.787349700927734
5229,119.13106536865234,107.98868560791016,10.732945442199707
5230,118.58018493652344,107.49073028564453,10.675104141235352
5231,118.04434204101562,107.00888061523438,10.616314888000488
5232,117.52355194091797,106.54631805419922,10.553780555725098
5233,117.00440979003906,106.10445404052734,10.472911834716797
5234,116.47273254394531,105.6827392578125,10.360140800476074
5235,115.92162322998047,105.25577545166016,10.233874320983887
5236,115.35417175292969,104.77555084228516,10.145028114318848
5237,114.77825164794922,104.2291488647461,10.114235877990723
5238,114.2031478881836,103.67536926269531,10.091830253601074
5239,113.63176727294922,103.19679260253906,9.998052597045898
5240,113.0632095336914,102.82913970947266,9.796255111694336
5241,112.49937438964844,102.5628662109375,9.497821807861328
5242,111.94949340820312,102.37015533447266,9.1395845413208
5243,111.42141723632812,102.1923828125,8.787882804870605
5244,110.91642761230469,101.95578002929688,8.51772403717041
5245,110.42742919921875,101.6387710571289,8.343667030334473
5246,109.94230651855469,101.26863098144531,8.226408958435059
5247,109.45038604736328,100.84595489501953,8.154741287231445
5248,108.94776153564453,100.34839630126953,8.147055625915527
5249,108.43656158447266,99.7850570678711,8.196226119995117
5250,107.91844177246094,99.1741943359375,8.285541534423828
5251,107.39320373535156,98.52320861816406,8.407422065734863
5252,106.85897064208984,97.87718200683594,8.515036582946777
5253,106.31498718261719,97.2895278930664,8.554383277893066
5254,105.76432037353516,96.7452392578125,8.543654441833496
5255,105.2107162475586,96.20499420166016,8.525984764099121
5256,104.65401458740234,95.65374755859375,8.516290664672852
5257,104.09007263183594,95.06855010986328,8.53348445892334
5258,103.51394653320312,94.44026184082031,8.581920623779297
5259,102.92227935791016,93.8075180053711,8.6197509765625
5260,102.31288146972656,93.1889419555664,8.626145362854004
5261,101.68363952636719,92.56780242919922,8.6156587600708
5262,101.03389739990234,91.96453094482422,8.567133903503418
5263,100.36587524414062,91.39646911621094,8.465415000915527
5264,99.68195343017578,90.84480285644531,8.331732749938965
5265,98.98286437988281,90.31312561035156,8.163175582885742
5266,98.26813507080078,89.7704086303711,7.990134239196777
5267,97.53662109375,89.16138458251953,7.866539001464844
5268,96.78865051269531,88.51333618164062,7.76534366607666
5269,96.02455139160156,87.85054779052734,7.662606239318848
5270,95.24315643310547,87.19110870361328,7.539138317108154
5271,94.44483184814453,86.56749725341797,7.362757682800293
5272,93.63209533691406,85.92263793945312,7.192935943603516
5273,92.8097915649414,85.25580596923828,7.0352253913879395
5274,91.98147583007812,84.55644226074219,6.903820037841797
5275,91.14864349365234,83.80998992919922,6.814846515655518
5276,90.31198120117188,83.04827117919922,6.737110614776611
5277,89.47097778320312,82.24263763427734,6.698757648468018
5278,88.62443542480469,81.48329162597656,6.608462333679199
5279,87.7764663696289,80.72441101074219,6.516324043273926
5280,86.94001007080078,80.05995178222656,6.341302871704102
5281,86.1408462524414,79.29878997802734,6.300430774688721
5282,85.44026184082031,78.7275161743164,6.168112277984619
5283,85.0955810546875,77.7328109741211,6.815776348114014
5284,87.12429809570312,77.70506286621094,8.868453025817871
5285,106.68606567382812,75.29769134521484,30.837509155273438
5286,258.857421875,79.87924194335938,178.41824340820312
5287,880.9569091796875,72.49246215820312,807.9260864257812
5288,916.377685546875,96.76886749267578,819.0857543945312
5289,417.5994567871094,100.58946990966797,316.541015625
5290,404.7059326171875,128.6825408935547,275.6134033203125
5291,363.8758850097656,133.8639373779297,229.65638732910156
5292,141.4812774658203,118.78672790527344,22.39034652709961
5293,198.0556640625,119.23641967773438,78.5541763305664
5294,237.26962280273438,124.7026138305664,112.3346939086914
5295,182.10772705078125,130.314208984375,51.5964241027832
5296,160.89944458007812,140.18714904785156,20.548006057739258
5297,193.18246459960938,153.25611877441406,39.78520965576172
5298,213.9506072998047,164.03121948242188,49.78901290893555
5299,203.25674438476562,169.32847595214844,33.79676055908203
5300,182.8960418701172,170.00941467285156,12.744263648986816
5301,173.12208557128906,168.517333984375,4.444768905639648
5302,176.39529418945312,166.26507568359375,9.949163436889648
5303,184.22955322265625,163.05113220214844,20.97576904296875
5304,187.04104614257812,158.17236328125,28.64604949951172
5305,181.53125,151.8793182373047,29.412065505981445
5306,172.31985473632812,145.64047241210938,26.425411224365234
5307,166.44210815429688,141.05288696289062,25.124164581298828
5308,167.0469207763672,138.79644775390625,27.97702980041504
5309,171.80026245117188,138.56365966796875,32.957359313964844
5310,175.69381713867188,139.61697387695312,35.79446029663086
5311,175.27767944335938,141.29383850097656,33.7007942199707
5312,170.99252319335938,143.234375,27.476348876953125
5313,166.07273864746094,145.32862854003906,20.4646053314209
5314,163.66351318359375,147.51229858398438,15.874068260192871
5315,164.65158081054688,149.57131958007812,14.80484676361084
5316,167.35855102539062,151.0929718017578,15.990809440612793
5317,168.9868927001953,151.6645965576172,17.046812057495117
5318,167.85621643066406,151.17105102539062,16.407487869262695
5319,164.6706085205078,149.8600311279297,14.529255867004395
5320,161.68861389160156,148.1384735107422,13.263768196105957
5321,160.67037963867188,146.29544067382812,14.082371711730957
5322,161.45108032226562,144.3955535888672,16.756080627441406
5323,162.25213623046875,142.3905487060547,19.55518341064453
5324,161.4535675048828,140.32044982910156,20.82045555114746
5325,159.2670440673828,138.4086456298828,20.540729522705078
5326,157.4385986328125,136.98403930664062,20.133434295654297
5327,157.10096740722656,136.30645751953125,20.471609115600586
5328,157.39483642578125,136.4264373779297,20.64531135559082
5329,156.7267303466797,137.1837921142578,19.220905303955078
5330,154.92942810058594,138.29367065429688,16.315349578857422
5331,153.30401611328125,139.42958068847656,13.555368423461914
5332,152.7469024658203,140.24681091308594,12.181286811828613
5333,152.6923828125,140.43333435058594,11.939002990722656
5334,151.990478515625,139.81044006347656,11.85700798034668
5335,150.36260986328125,138.43150329589844,11.603493690490723
5336,148.66864013671875,136.551025390625,11.784180641174316
5337,147.71347045898438,134.5016632080078,12.871879577636719
5338,147.17581176757812,132.5597381591797,14.269730567932129
5339,146.17185974121094,130.909912109375,14.909958839416504
5340,144.65347290039062,129.67367553710938,14.62341022491455
5341,143.4061279296875,128.8746795654297,14.172018051147461
5342,142.65750122070312,128.41323852539062,13.882930755615234
5343,141.73426818847656,128.1259002685547,13.2459716796875
5344,140.2999267578125,127.8730239868164,12.063849449157715
5345,138.9425811767578,127.579833984375,10.9989652633667
5346,138.08349609375,127.18781280517578,10.530853271484375
5347,137.23585510253906,126.59843444824219,10.271037101745605
5348,135.95884704589844,125.73837280273438,9.851836204528809
5349,134.67489624023438,124.60505676269531,9.698113441467285
5350,133.76466369628906,123.22820281982422,10.160770416259766
5351,132.81973266601562,121.64697265625,10.792276382446289
5352,131.5980224609375,119.96449279785156,11.247797966003418
5353,130.59222412109375,118.3572006225586,11.844062805175781
5354,129.90576171875,116.98242950439453,12.527729034423828
5355,129.0443115234375,115.9035415649414,12.741291999816895
5356,128.1412811279297,115.10370635986328,12.634903907775879
5357,127.58810424804688,114.4703369140625,12.712078094482422
5358,127.04216766357422,113.83441162109375,12.798686027526855
5359,126.33324432373047,113.08804321289062,12.831990242004395
5360,125.80355834960938,112.24909973144531,13.136362075805664
5361,125.2672348022461,111.40357208251953,13.44018268585205
5362,124.51019287109375,110.65667724609375,13.424532890319824
5363,123.85954284667969,110.09825897216797,13.327057838439941
5364,123.25323486328125,109.74627685546875,13.06801700592041
5365,122.48628234863281,109.59481048583984,12.448546409606934
5366,121.8283920288086,109.64493560791016,11.73731803894043
5367,121.2822265625,109.86771392822266,10.965813636779785
5368,120.69190979003906,110.16539001464844,10.075587272644043
5369,120.22374725341797,110.38814544677734,9.382331848144531
5370,119.83685302734375,110.38925170898438,8.991583824157715
5371,119.38216400146484,110.1246566772461,8.798325538635254
5372,118.99923706054688,109.70553588867188,8.831343650817871
5373,118.66439819335938,109.29966735839844,8.899713516235352
5374,118.2565689086914,109.0081787109375,8.781523704528809
5375,117.88167572021484,108.81710815429688,8.596699714660645
5376,117.51325988769531,108.62351989746094,8.42148494720459
5377,117.08563232421875,108.34550476074219,8.271788597106934
5378,116.7008285522461,107.98204803466797,8.250454902648926
5379,116.30040740966797,107.55784606933594,8.274169921875
5380,115.83797454833984,107.06747436523438,8.301826477050781
5381,115.39164733886719,106.48051452636719,8.441932678222656
5382,114.90026092529297,105.787353515625,8.6430025100708
5383,114.38771057128906,105.06407928466797,8.853038787841797
5384,113.91950225830078,104.43245697021484,9.015984535217285
5385,113.44952392578125,103.94298553466797,9.035256385803223
5386,113.04330444335938,103.54179382324219,9.030086517333984
5387,112.67615509033203,103.1253662109375,9.079054832458496
5388,112.29719543457031,102.64720153808594,9.177600860595703
5389,111.95100402832031,102.16473388671875,9.312934875488281
5390,111.58458709716797,101.73140716552734,9.37870979309082
5391,111.23836517333984,101.34101104736328,9.421648025512695
5392,110.9013671875,100.94844818115234,9.475894927978516
5393,110.55677795410156,100.5565414428711,9.521843910217285
5394,110.23048400878906,100.23390197753906,9.516949653625488
5395,109.87908172607422,99.99314880371094,9.405179023742676
5396,109.54430389404297,99.76536560058594,9.297026634216309
5397,109.19841003417969,99.47357177734375,9.241552352905273
5398,108.87286376953125,99.15169525146484,9.236397743225098
5399,108.5608139038086,98.88441467285156,9.190211296081543
5400,108.2642822265625,98.68045043945312,9.096352577209473
5401,107.98767852783203,98.47482299804688,9.024118423461914
5402,107.70771026611328,98.23782348632812,8.97986888885498
5403,107.43695831298828,98.0184097290039,8.927282333374023
5404,107.14840698242188,97.81986236572266,8.836018562316895
5405,106.86782836914062,97.56783294677734,8.806060791015625
5406,106.57457733154297,97.22014617919922,8.858879089355469
5407,106.29586029052734,96.85482025146484,8.943865776062012
5408,106.00932312011719,96.5392074584961,8.971455574035645
5409,105.7350082397461,96.23947143554688,8.995538711547852
5410,105.45083618164062,95.90901947021484,9.040501594543457
5411,105.1760482788086,95.59298706054688,9.080531120300293
5412,104.89208221435547,95.33670806884766,9.051777839660645
5413,104.61592864990234,95.0942153930664,9.017107963562012
5414,104.32990264892578,94.82549285888672,8.998761177062988
5415,104.04826354980469,94.58702087402344,8.954694747924805
5416,103.75440979003906,94.41999816894531,8.82717514038086
5417,103.46479797363281,94.25737762451172,8.699535369873047
5418,103.16950988769531,94.04762268066406,8.61331844329834
5419,102.88277435302734,93.83806610107422,8.535469055175781
5420,102.59467315673828,93.65412902832031,8.430692672729492
5421,102.30979919433594,93.44656372070312,8.352778434753418
5422,102.02246856689453,93.21358489990234,8.297822952270508
5423,101.73501586914062,93.01557159423828,8.207856178283691
5424,101.45294189453125,92.83180236816406,8.109025955200195
5425,101.17090606689453,92.59608459472656,8.062003135681152
5426,100.89575958251953,92.34410095214844,8.03802490234375
5427,100.61663818359375,92.1308364868164,7.971348285675049
5428,100.34194946289062,91.92046356201172,7.906198024749756
5429,100.06625366210938,91.68988037109375,7.860198020935059
5430,99.79331970214844,91.49365234375,7.782651424407959
5431,99.5239486694336,91.31166076660156,7.69443416595459
5432,99.25135040283203,91.0806884765625,7.651848316192627
5433,98.982177734375,90.84459686279297,7.617790222167969
5434,98.7110595703125,90.63302612304688,7.557298183441162
5435,98.44193267822266,90.38565826416016,7.534496784210205
5436,98.17640686035156,90.10869598388672,7.544787883758545
5437,97.90862274169922,89.85391998291016,7.530571460723877
5438,97.64402770996094,89.58419036865234,7.534396648406982
5439,97.38009643554688,89.2973403930664,7.555912494659424
5440,97.11521911621094,89.06694030761719,7.520133972167969
5441,96.8543930053711,88.85054779052734,7.474421501159668
5442,96.59364318847656,88.60498046875,7.45788049697876
5443,96.33275604248047,88.38722229003906,7.413428783416748
5444,96.07587432861328,88.15775299072266,7.384664535522461
5445,95.81857299804688,87.88739013671875,7.396318435668945
5446,95.56017303466797,87.64993286132812,7.374049663543701
5447,95.30538940429688,87.40513610839844,7.362734794616699
5448,95.05165100097656,87.12993621826172,7.382802963256836
5449,94.79650115966797,86.90422058105469,7.35207462310791
5450,94.54357147216797,86.67272186279297,7.329351425170898
5451,94.2932357788086,86.43683624267578,7.313652992248535
5452,94.04195404052734,86.24286651611328,7.255164623260498
5453,93.79017639160156,86.0018539428711,7.243149757385254
5454,93.54066467285156,85.76509857177734,7.229165554046631
5455,93.29290771484375,85.54642486572266,7.198916912078857
5456,93.04430389404297,85.28440856933594,7.2111287117004395
5457,92.79440307617188,85.0675277709961,7.177032470703125
5458,92.54511260986328,84.82095336914062,7.173215389251709
5459,92.2975082397461,84.572998046875,7.17251443862915
5460,92.0501480102539,84.35362243652344,7.143601417541504
5461,91.80179595947266,84.08719635009766,7.160703659057617
5462,91.55236053466797,83.86997985839844,7.127649784088135
5463,91.30241394042969,83.60518646240234,7.141604423522949
5464,91.05213165283203,83.37821960449219,7.117505073547363
5465,90.80174255371094,83.13838958740234,7.106176376342773
5466,90.5513687133789,82.89512634277344,7.098330497741699
5467,90.30067443847656,82.66546630859375,7.076600551605225
5468,90.04959106445312,82.3942642211914,7.095970153808594
5469,89.79855346679688,82.18192291259766,7.056682586669922
5470,89.54969787597656,81.8923110961914,7.096701145172119
5471,89.30806732177734,81.72419738769531,7.022716045379639
5472,89.09546661376953,81.37794494628906,7.1555609703063965
5473,88.98591613769531,81.33831787109375,7.085455894470215
5474,89.28684997558594,80.7542495727539,7.969238758087158
5475,91.31855773925781,81.21038055419922,9.545604705810547
5476,100.81729125976562,79.69482421875,20.55695915222168
5477,143.5049285888672,82.66654968261719,60.2789306640625
5478,282.4849548339844,78.62492370605469,203.2935791015625
5479,488.5148010253906,91.25870513916016,396.7274475097656
5480,163.37655639648438,89.8079833984375,73.06046295166016
5481,297.6159973144531,94.55574035644531,202.57180786132812
5482,279.1443176269531,95.95122528076172,182.72262573242188
5483,193.65451049804688,97.38516235351562,95.82405853271484
5484,184.04530334472656,97.44214630126953,86.18500518798828
5485,207.66854858398438,98.08382415771484,109.18930053710938
5486,114.0936050415039,99.81951141357422,13.89969539642334
5487,176.7928009033203,104.15052795410156,72.28587341308594
5488,157.67803955078125,104.71073150634766,52.62737274169922
5489,112.38969421386719,102.30265045166016,9.760112762451172
5490,153.08984375,101.45975494384766,51.31280517578125
5491,156.0716552734375,102.94650268554688,52.817161560058594
5492,121.39530944824219,106.31155395507812,14.78415298461914
5493,131.8386688232422,110.8175277709961,20.727558135986328
5494,148.65286254882812,114.67544555664062,33.68939208984375
5495,134.5079803466797,116.76319885253906,17.462596893310547
5496,123.83036041259766,117.1546630859375,6.3962507247924805
5497,131.9220733642578,116.47183227539062,15.167394638061523
5498,138.34410095214844,115.40594482421875,22.646326065063477
5499,130.6302490234375,114.61094665527344,15.715275764465332
5500,122.29187774658203,114.50605010986328,7.4683966636657715
5501,125.66471862792969,114.78351593017578,10.550739288330078
5502,131.20297241210938,114.56126403808594,16.30017852783203
5503,127.2457275390625,113.31094360351562,13.585307121276855
5504,120.5163345336914,111.5045166015625,8.65760326385498
5505,121.09178161621094,110.11583709716797,10.619704246520996
5506,123.59584045410156,109.71673583984375,13.522737503051758
5507,120.66647338867188,110.09744262695312,10.21257495880127
5508,117.42613983154297,110.4240493774414,6.64267635345459
5509,117.78284454345703,109.67838287353516,7.737006187438965
5510,116.9596176147461,107.285400390625,9.293821334838867
5511,113.46363830566406,103.70658111572266,9.361656188964844
5512,112.4642333984375,100.35003662109375,11.706180572509766
5513,113.29782104492188,98.63282012939453,14.250666618347168
5514,110.60928344726562,99.03052520751953,11.164987564086914
5515,107.96675109863281,100.69664001464844,6.8599042892456055
5516,108.89410400390625,101.96351623535156,6.521281719207764
5517,108.50501251220703,101.47991180419922,6.6104936599731445
5518,105.66510009765625,99.19864654541016,6.040761470794678
5519,105.09838104248047,96.38134765625,8.278555870056152
5520,105.90003967285156,94.49408721923828,10.957982063293457
5521,104.15455627441406,94.13563537597656,9.56691837310791
5522,102.56201171875,94.75254821777344,7.356539726257324
5523,103.22906494140625,95.07677459716797,7.696731090545654
5524,102.68714141845703,94.13650512695312,8.087271690368652
5525,100.86669921875,92.11473083496094,8.276087760925293
5526,100.93731689453125,90.22443389892578,10.224251747131348
5527,100.81256866455078,89.58106994628906,10.734678268432617
5528,99.18353271484375,90.29264068603516,8.391498565673828
5529,99.05406188964844,91.30361938476562,7.24997091293335
5530,98.89298248291016,91.38449096679688,7.003631114959717
5531,97.57005310058594,90.25296783447266,6.803497314453125
5532,97.52139282226562,88.79798889160156,8.200582504272461
5533,97.20994567871094,87.97941589355469,8.702224731445312
5534,96.21314239501953,87.87644958496094,7.806639671325684
5535,96.27944946289062,87.70976257324219,8.037496566772461
5536,95.75993347167969,86.84735107421875,8.375118255615234
5537,95.0760726928711,85.60086059570312,8.931527137756348
5538,94.90071868896484,84.84845733642578,9.505705833435059
5539,94.24820709228516,84.93817901611328,8.764513969421387
5540,93.66998291015625,85.3216323852539,7.804190635681152
5541,93.40909576416016,85.28712463378906,7.577116012573242
5542,92.81856536865234,84.74230194091797,7.530075550079346
5543,92.38388061523438,84.0849609375,7.75230598449707
5544,92.08573913574219,83.57847595214844,7.9601359367370605
5545,91.34072875976562,83.19534301757812,7.596657752990723
5546,91.11516571044922,82.82362365722656,7.741387367248535
5547,90.51138305664062,82.30829620361328,7.652290344238281
5548,90.05899047851562,81.60768127441406,7.899049758911133
5549,89.66767883300781,81.04468536376953,8.068506240844727
5550,89.08657836914062,80.96427154541016,7.567281246185303
5551,88.73433685302734,81.03799438476562,7.141899585723877
5552,88.22074890136719,80.66261291503906,7.002236366271973
5553,87.77871704101562,79.97406005859375,7.24582576751709
5554,87.3927993774414,79.58497619628906,7.247861385345459
5555,86.91898345947266,79.49185180664062,6.867120742797852
5556,86.5477294921875,79.26882934570312,6.717736721038818
5557,86.08333587646484,78.85591888427734,6.665226459503174
5558,85.67647552490234,78.41886138916016,6.695213794708252
5559,85.27169036865234,78.02873229980469,6.679656028747559
5560,84.8465576171875,77.78919982910156,6.493252754211426
5561,84.48963165283203,77.58061981201172,6.344908714294434
5562,84.0374984741211,77.07848358154297,6.393490314483643
5563,83.71987915039062,76.52617645263672,6.626102924346924
5564,83.29542541503906,76.3274917602539,6.399921417236328
5565,82.94022369384766,76.20014190673828,6.171446800231934
5566,82.59003448486328,75.85221862792969,6.167543411254883
5567,82.19304656982422,75.42804718017578,6.1936445236206055
5568,81.85001373291016,74.99822235107422,6.278824806213379
5569,81.46394348144531,74.64586639404297,6.24321174621582
5570,81.1272964477539,74.3463134765625,6.205135822296143
5571,80.72520446777344,73.83419036865234,6.313060760498047
5572,80.39887237548828,73.4007568359375,6.418429851531982
5573,80.01392364501953,73.2384033203125,6.195388317108154
5574,79.66535949707031,73.0312271118164,6.052708625793457
5575,79.27019500732422,72.75718688964844,5.930787563323975
5576,78.91729736328125,72.38517761230469,5.948575019836426
5577,78.53892517089844,72.07304382324219,5.880792140960693
5578,78.18480682373047,71.8824234008789,5.716717720031738
5579,77.80555725097656,71.49419403076172,5.7238335609436035
5580,77.44237518310547,71.16539764404297,5.688548564910889
5581,77.06450653076172,70.88990783691406,5.584767818450928
5582,76.7069091796875,70.71611785888672,5.400146961212158
5583,76.3362808227539,70.42619323730469,5.318183422088623
5584,75.98993682861328,70.05625915527344,5.3400774002075195
5585,75.62963104248047,69.82205963134766,5.213077068328857
5586,75.29930114746094,69.53470611572266,5.16838264465332
5587,74.96788787841797,69.27144622802734,5.099710464477539
5588,74.73068237304688,68.79838562011719,5.332682132720947
5589,74.68628692626953,68.75587463378906,5.332035541534424
5590,75.57816314697266,68.13610076904297,6.837957859039307
5591,79.91165924072266,68.5701904296875,10.744832992553711
5592,100.81184387207031,66.97233581542969,33.22386932373047
5593,152.11068725585938,70.18207550048828,81.34918212890625
5594,266.37884521484375,66.69237518310547,199.04994201660156
5595,116.37870788574219,74.77831268310547,41.04964828491211
5596,135.17398071289062,77.72872161865234,56.917694091796875
5597,136.5782470703125,73.58674621582031,62.42259979248047
5598,115.0067138671875,74.96488952636719,39.495094299316406
5599,121.46250915527344,80.11038208007812,40.86567306518555
5600,116.83668518066406,80.31507873535156,36.04660415649414
5601,101.1205062866211,77.55184173583984,23.07147979736328
5602,116.87347412109375,79.3066177368164,37.07375717163086
5603,92.88238525390625,84.31163787841797,8.113442420959473
5604,104.28659057617188,88.15950012207031,15.701449394226074
5605,108.89060974121094,87.9814453125,20.491100311279297
5606,95.87171936035156,85.34810638427734,10.095157623291016
5607,99.74200439453125,83.7264175415039,15.577290534973145
5608,104.20091247558594,83.78234100341797,19.98428726196289
5609,92.13152313232422,84.58514404296875,7.128091335296631
5610,98.6288070678711,85.52114868164062,12.704168319702148
5611,100.687255859375,85.62299346923828,14.664899826049805
5612,92.18485260009766,84.69940185546875,7.079568386077881
5613,97.68666076660156,83.68524932861328,13.586868286132812
5614,95.74230194091797,83.41278839111328,11.914254188537598
5615,91.92211151123047,84.53372955322266,6.981302738189697
5616,94.95218658447266,86.48757934570312,8.066128730773926
5617,93.47367095947266,87.33668518066406,5.738609790802002
5618,91.34904479980469,85.83444213867188,5.105766296386719
5619,91.57792663574219,82.89945220947266,8.25592041015625
5620,90.89739990234375,80.83113861083984,9.636823654174805
5621,88.40467071533203,80.83456420898438,7.142351150512695
5622,89.19966888427734,81.39472198486328,7.378124713897705
5623,88.11576843261719,80.2936019897461,7.3868303298950195
5624,85.86076354980469,77.74250793457031,7.667746067047119
5625,87.17422485351562,76.14167022705078,10.571898460388184
5626,83.95454406738281,76.84467315673828,6.649855136871338
5627,84.45841979980469,78.2594985961914,5.741846561431885
5628,83.30270385742188,77.95680236816406,4.8838090896606445
5629,81.69770050048828,76.0867919921875,5.137298107147217
5630,82.3216323852539,74.98543548583984,6.855624675750732
5631,79.76496887207031,75.36707305908203,3.9185752868652344
5632,80.73706817626953,75.28668975830078,4.970746994018555
5633,78.49169158935547,73.46073913574219,4.541962623596191
5634,79.07117462158203,71.57272338867188,6.9980621337890625
5635,77.25776672363281,71.2536392211914,5.500278949737549
5636,77.26033020019531,71.30467987060547,5.451513767242432
5637,75.65099334716797,70.13965606689453,5.000181198120117
5638,75.7385025024414,68.76209259033203,6.455401420593262
5639,74.40080261230469,68.55447387695312,5.322589874267578
5640,74.40946197509766,68.40685272216797,5.478676795959473
5641,72.98821258544922,67.11605072021484,5.341200828552246
5642,72.96380615234375,66.01885223388672,6.40645694732666
5643,71.99561309814453,65.94120788574219,5.515219211578369
5644,71.50148010253906,65.40424346923828,5.555014133453369
5645,71.23319244384766,64.3734130859375,6.309656143188477
5646,70.0864486694336,64.37958526611328,5.154839038848877
5647,70.23538208007812,64.47306823730469,5.2085280418396
5648,69.45861053466797,63.68207931518555,5.214541435241699
5649,68.94367980957031,63.3840217590332,4.993778705596924
5650,68.87693786621094,63.31520462036133,4.993134021759033
5651,68.31974029541016,62.50764465332031,5.235137462615967
5652,67.9713363647461,62.08546829223633,5.305120944976807
5653,67.60365295410156,62.000823974609375,5.01867151260376
5654,67.44674682617188,61.567626953125,5.288426399230957
5655,67.11697387695312,61.352909088134766,5.171603202819824
5656,66.5792236328125,61.210227966308594,4.7733473777771
5657,66.51272583007812,60.92620849609375,4.986961364746094
5658,66.38668823242188,60.72427749633789,5.061733245849609
5659,65.88851165771484,60.4918327331543,4.7917866706848145
5660,65.63740539550781,60.36090850830078,4.6698737144470215
5661,65.57974243164062,60.09171676635742,4.879174709320068
5662,65.24871063232422,59.9445915222168,4.69163179397583
5663,64.90624237060547,59.83740997314453,4.454934120178223
5664,64.7992935180664,59.47049331665039,4.711073875427246
5665,64.60519409179688,59.35074234008789,4.63494348526001
5666,64.22370147705078,58.90556335449219,4.695459842681885
5667,63.920806884765625,58.74361038208008,4.553549289703369
5668,63.7321891784668,58.43745803833008,4.668052673339844
5669,63.41164016723633,58.236053466796875,4.549374580383301
5670,63.068603515625,57.906307220458984,4.533987998962402
5671,62.89949035644531,57.7464485168457,4.525030136108398
5672,62.80182647705078,57.30166244506836,4.869683742523193
5673,63.07650375366211,57.2578010559082,5.190527439117432
5674,65.16374206542969,56.52736282348633,8.000536918640137
5675,74.05850982666016,57.10187530517578,16.334089279174805
5676,111.14030456542969,55.41075897216797,55.079185485839844
5677,226.83282470703125,58.88938522338867,167.34999084472656
5678,487.052490234375,54.497371673583984,431.8733825683594
5679,278.52789306640625,64.93167114257812,213.0650177001953
5680,132.02902221679688,66.79690551757812,64.71134948730469
5681,217.669189453125,63.21544647216797,153.90943908691406
5682,112.873046875,67.38323211669922,45.0086784362793
5683,161.6448974609375,74.20714569091797,87.02603912353516
5684,112.10240173339844,73.73051452636719,37.97542190551758
5685,114.92649841308594,70.30193328857422,44.220611572265625
5686,133.5889892578125,72.454833984375,60.74530029296875
5687,102.2664566040039,81.30267333984375,20.6148624420166
5688,110.83531951904297,91.42841339111328,19.094568252563477
5689,122.47943115234375,96.38690948486328,25.795846939086914
5690,108.74569702148438,94.63711547851562,13.8063325881958
5691,104.26481628417969,89.80056762695312,14.144752502441406
5692,114.91301727294922,86.46343231201172,28.114974975585938
5693,115.12825012207031,86.81121826171875,27.98015594482422
5694,106.29694366455078,90.26351165771484,15.707964897155762
5695,102.13807678222656,94.64669799804688,7.182827949523926
5696,105.8866195678711,97.76421356201172,7.8264031410217285
5697,108.63064575195312,98.35281372070312,9.983983993530273
5698,104.09963989257812,96.46299743652344,7.333967208862305
5699,100.97966003417969,93.33489990234375,7.326752185821533
5700,104.298828125,90.58001708984375,13.386768341064453
5701,105.18427276611328,89.3405532836914,15.505849838256836
5702,101.40581512451172,89.996337890625,11.075263023376465
5703,98.66397857666016,91.94023895263672,6.397552490234375
5704,99.5552749633789,93.73574829101562,5.498663902282715
5705,100.55375671386719,93.86260223388672,6.3682732582092285
5706,97.53719329833984,91.72032165527344,5.483957767486572
5707,94.92801666259766,88.27540588378906,6.304935932159424
5708,95.93461608886719,85.32809448242188,10.24487018585205
5709,94.85352325439453,84.10272979736328,10.380338668823242
5710,91.83199310302734,84.48231506347656,6.975903034210205
5711,91.65069580078125,85.15919494628906,6.115662574768066
5712,92.01364135742188,84.76029968261719,6.871601581573486
5713,89.84069061279297,82.92030334472656,6.526480197906494
5714,88.24981689453125,80.57415008544922,7.266053676605225
5715,88.67630004882812,79.00019073486328,9.253419876098633
5716,87.26007843017578,78.71456909179688,8.116869926452637
5717,85.30128479003906,79.21205139160156,5.6603169441223145
5718,85.3285140991211,79.43098449707031,5.467846393585205
5719,83.83073425292969,78.61454772949219,4.780571937561035
5720,82.18684387207031,76.9578857421875,4.783198833465576
5721,82.2881088256836,75.41324615478516,6.42036771774292
5722,80.9576644897461,74.69276428222656,5.806839466094971
5723,79.8340835571289,74.6019515991211,4.773301601409912
5724,79.58040618896484,74.2157974243164,4.902103900909424
5725,78.09801483154297,72.95867919921875,4.668100357055664
5726,77.43973541259766,71.37089538574219,5.58797025680542
5727,76.73250579833984,70.40650177001953,5.839760780334473
5728,75.27247619628906,70.20408630371094,4.580916881561279
5729,74.99654388427734,69.88379669189453,4.62332010269165
5730,73.76151275634766,68.75017547607422,4.5161027908325195
5731,73.17166137695312,67.28510284423828,5.384142875671387
5732,72.54545593261719,66.36662292480469,5.672110080718994
5733,71.70935821533203,65.9760513305664,5.225175857543945
5734,71.43107604980469,65.3332748413086,5.5871124267578125
5735,70.41348266601562,64.18357849121094,5.713292121887207
5736,70.1770248413086,63.25862121582031,6.396085739135742
5737,69.18025207519531,63.01620101928711,5.639457702636719
5738,68.78739929199219,62.94224548339844,5.319094181060791
5739,67.9885025024414,62.437744140625,5.020045280456543
5740,67.62166595458984,61.76377487182617,5.321408271789551
5741,66.90928649902344,61.40669250488281,4.963469982147217
5742,66.61353302001953,61.15830993652344,4.914382457733154
5743,65.96221923828125,60.580047607421875,4.836024284362793
5744,65.70247650146484,59.91455841064453,5.235342025756836
5745,65.12406921386719,59.58018112182617,4.988129615783691
5746,64.87506866455078,59.32662582397461,4.990175247192383
5747,64.34849548339844,58.80324172973633,4.981845855712891
5748,64.13776397705078,58.34466552734375,5.225174903869629
5749,63.663116455078125,58.19294738769531,4.900083541870117
5750,63.414772033691406,57.92424011230469,4.917263031005859
5751,63.045387268066406,57.39546585083008,5.072011470794678
5752,62.68587112426758,57.08099365234375,5.024287223815918
5753,62.45286560058594,56.94041061401367,4.929924964904785
5754,62.00746154785156,56.61835479736328,4.802755355834961
5755,61.76633834838867,56.34790802001953,4.828929901123047
5756,61.419525146484375,56.21593475341797,4.61297082901001
5757,61.06000518798828,55.89940643310547,4.567853927612305
5758,60.80734634399414,55.558349609375,4.653319358825684
5759,60.45746612548828,55.40554428100586,4.4556684494018555
5760,60.20793533325195,55.169837951660156,4.441476345062256
5761,59.92246627807617,54.86121368408203,4.462892055511475
5762,59.640052795410156,54.6785774230957,4.36317253112793
5763,59.423728942871094,54.52122497558594,4.30497932434082
5764,59.128807067871094,54.29296875,4.237279415130615
5765,58.88226318359375,54.049072265625,4.234507083892822
5766,58.67380142211914,53.852718353271484,4.22330379486084
5767,58.40062713623047,53.6088752746582,4.192898273468018
5768,58.203121185302734,53.34983444213867,4.253418445587158
5769,57.99207305908203,53.147132873535156,4.245184898376465
5770,57.751983642578125,52.82212448120117,4.328274250030518
5771,57.582542419433594,52.5477294921875,4.43159294128418
5772,57.41820526123047,52.34445571899414,4.469993591308594
5773,57.250370025634766,52.09307861328125,4.55153751373291
5774,57.12226867675781,51.90951156616211,4.605718612670898
5775,57.009010314941406,51.69754409790039,4.703788757324219
5776,56.86663055419922,51.56366729736328,4.693929672241211
5777,56.73662185668945,51.394168853759766,4.732625484466553
5778,56.6357536315918,51.32347869873047,4.702662467956543
5779,56.548095703125,51.11852264404297,4.818356513977051
5780,56.501502990722656,51.116912841796875,4.774647235870361
5781,56.657047271728516,50.864192962646484,5.181154727935791
5782,57.52421951293945,51.03609085083008,5.8786773681640625
5783,60.9342155456543,50.47694396972656,9.844078063964844
5784,74.20196533203125,51.29532241821289,22.30168914794922
5785,124.15420532226562,49.63825988769531,73.89630126953125
5786,293.4871520996094,53.29323196411133,239.61090087890625
5787,520.0936279296875,49.11086654663086,470.36273193359375
5788,323.7633056640625,58.99558639526367,264.22705078125
5789,339.607177734375,66.41629791259766,272.7250061035156
5790,296.7763977050781,58.43354415893555,237.83615112304688
5791,185.35821533203125,60.0641975402832,124.81542205810547
5792,188.1516571044922,69.05602264404297,118.70357513427734
5793,212.85348510742188,73.35237884521484,139.15127563476562
5794,125.94136047363281,71.33119201660156,54.25330352783203
5795,145.97735595703125,70.57102966308594,75.03573608398438
5796,138.51052856445312,76.78363800048828,61.37451171875
5797,122.33404541015625,88.69230651855469,33.333866119384766
5798,131.33871459960938,99.74899291992188,31.32333755493164
5799,131.4878387451172,104.45298767089844,26.78944969177246
5800,118.10777282714844,102.41860961914062,15.44270133972168
5801,114.42474365234375,97.12503814697266,17.03739356994629
5802,120.83992004394531,92.33206939697266,28.225473403930664
5803,124.65914916992188,90.21292877197266,34.150211334228516
5804,120.07218933105469,91.46858978271484,28.307748794555664
5805,112.608154296875,95.34561920166016,16.978992462158203
5806,112.92060089111328,99.8116455078125,12.839810371398926
5807,115.75830841064453,102.84296417236328,12.653793334960938
5808,114.91699981689453,103.66287231445312,10.991215705871582
5809,111.69933319091797,102.5833969116211,8.844810485839844
5810,108.76142883300781,100.41085815429688,8.067384719848633
5811,108.72785186767578,98.18035125732422,10.252083778381348
5812,108.75593566894531,96.74758911132812,11.704394340515137
5813,107.82848358154297,96.51183319091797,11.01018238067627
5814,106.4617691040039,97.27934265136719,8.878922462463379
5815,104.53285217285156,98.39994049072266,5.8349223136901855
5816,103.8470458984375,99.10041046142578,4.453011512756348
5817,103.92356872558594,98.73467254638672,4.895621299743652
5818,102.30541229248047,97.01783752441406,4.989382743835449
5819,99.95704650878906,94.24234008789062,5.406932830810547
5820,98.87407684326172,91.1263427734375,7.428020000457764
5821,98.19027709960938,88.464599609375,9.394627571105957
5822,97.15148162841797,86.8085708618164,10.003304481506348
5823,95.91812133789062,86.2257308959961,9.347038269042969
5824,94.5299072265625,86.27954864501953,7.900212287902832
5825,93.66373443603516,86.3088150024414,6.998619556427002
5826,92.65953063964844,85.80233001708984,6.4920830726623535
5827,90.91205596923828,84.6871109008789,5.84869909286499
5828,89.98241424560547,83.38452911376953,6.209996223449707
5829,89.58599853515625,82.4090805053711,6.779010772705078
5830,88.35051727294922,81.94193267822266,6.0033860206604
5831,87.24742889404297,81.6981201171875,5.138992786407471
5832,86.55593872070312,81.11795043945312,5.022688865661621
5833,85.44331359863281,79.81196594238281,5.209044456481934
5834,84.16851806640625,77.94144439697266,5.795344829559326
5835,83.3165054321289,76.1147689819336,6.760209083557129
5836,82.55659484863281,74.88533782958984,7.222503662109375
5837,81.4205322265625,74.30684661865234,6.661137104034424
5838,80.57614135742188,73.95828247070312,6.162687301635742
5839,79.68438720703125,73.37702941894531,5.847653865814209
5840,78.44489288330078,72.48102569580078,5.497015476226807
5841,77.75833129882812,71.6218032836914,5.662665367126465
5842,76.79703521728516,71.06490325927734,5.2539567947387695
5843,75.79293060302734,70.67691040039062,4.635651588439941
5844,75.0860366821289,70.05238342285156,4.550149917602539
5845,74.01192474365234,68.99102020263672,4.53174352645874
5846,73.21876525878906,67.7918701171875,4.931760787963867
5847,72.34229278564453,66.87025451660156,4.973499774932861
5848,71.42330169677734,66.29811096191406,4.625620365142822
5849,70.65113830566406,65.78506469726562,4.365056991577148
5850,69.81888580322266,65.10405731201172,4.210585594177246
5851,69.04783630371094,64.3867416381836,4.153439521789551
5852,68.31962585449219,63.85908889770508,3.950828790664673
5853,67.53396606445312,63.47809982299805,3.5445616245269775
5854,66.89434814453125,62.993690490722656,3.3865537643432617
5855,66.20743560791016,62.31005859375,3.379376173019409
5856,65.5911636352539,61.594383239746094,3.4751007556915283
5857,65.0060806274414,61.01084899902344,3.4704580307006836
5858,64.4111328125,60.50996780395508,3.373260021209717
5859,63.92613983154297,59.96265411376953,3.4320836067199707
5860,63.386016845703125,59.34197998046875,3.5086605548858643
5861,62.967594146728516,58.775936126708984,3.6521804332733154
5862,62.438838958740234,58.3343620300293,3.561378002166748
5863,62.007041931152344,57.92680358886719,3.534067153930664
5864,61.50905990600586,57.42931365966797,3.5299572944641113
5865,61.08824920654297,56.90653991699219,3.6276495456695557
5866,60.61231994628906,56.50629806518555,3.5486390590667725
5867,60.193782806396484,56.16790771484375,3.46612811088562
5868,59.74277877807617,55.72084045410156,3.45888352394104
5869,59.36821365356445,55.22379684448242,3.577214002609253
5870,58.96321105957031,54.856204986572266,3.536813974380493
5871,58.647029876708984,54.536033630371094,3.5381669998168945
5872,58.28199005126953,54.11653137207031,3.5885443687438965
5873,58.027652740478516,53.72989273071289,3.7169885635375977
5874,57.73472595214844,53.461814880371094,3.689694881439209
5875,57.49781036376953,53.16969680786133,3.7420589923858643
5876,57.253013610839844,52.82324981689453,3.840263605117798
5877,57.00444793701172,52.56304168701172,3.849761724472046
5878,56.75794219970703,52.32637023925781,3.837843656539917
5879,56.52471160888672,52.04379653930664,3.8845081329345703
5880,56.252967834472656,51.801639556884766,3.853227138519287
5881,56.0175666809082,51.58476257324219,3.8330600261688232
5882,55.791934967041016,51.36962890625,3.820589780807495
5883,55.54404067993164,51.1954231262207,3.745986223220825
5884,55.33131408691406,50.983787536621094,3.743570327758789
5885,55.13112258911133,50.77638626098633,3.749345541000366
5886,54.94514846801758,50.63015365600586,3.7092671394348145
5887,54.74467849731445,50.42082977294922,3.716810941696167
5888,54.59173583984375,50.22626876831055,3.7572896480560303
5889,54.431488037109375,50.08884811401367,3.7341818809509277
5890,54.27745056152344,49.9018440246582,3.766031265258789
5891,54.11304473876953,49.730712890625,3.7720603942871094
5892,53.96192932128906,49.57292938232422,3.777966022491455
5893,53.82044982910156,49.41120147705078,3.797091245651245
5894,53.66388702392578,49.26986312866211,3.7812318801879883
5895,53.51337432861328,49.08537673950195,3.813627243041992
5896,53.361541748046875,48.94900894165039,3.7972066402435303
5897,53.23632049560547,48.824974060058594,3.7952187061309814
5898,53.10303497314453,48.6577033996582,3.8277080059051514
5899,52.977989196777344,48.531585693359375,3.828185796737671
5900,52.84897232055664,48.39881896972656,3.8311142921447754
5901,52.730552673339844,48.26953125,3.8413615226745605
5902,52.62167739868164,48.14027404785156,3.8612725734710693
5903,52.50665283203125,48.00598907470703,3.8799033164978027
5904,52.39528274536133,47.91249084472656,3.8623900413513184
5905,52.272159576416016,47.78036880493164,3.8710687160491943
5906,52.16653060913086,47.661346435546875,3.884437322616577
5907,52.057254791259766,47.567264556884766,3.8696982860565186
5908,51.955448150634766,47.44770431518555,3.887385129928589
5909,51.84770202636719,47.342811584472656,3.88484525680542
5910,51.73440933227539,47.231449127197266,3.8829030990600586
5911,51.631805419921875,47.147186279296875,3.8651201725006104
5912,51.528018951416016,47.048728942871094,3.8601129055023193
5913,51.43656921386719,46.93808364868164,3.8793187141418457
5914,51.33366775512695,46.86912155151367,3.846295118331909
5915,51.22859191894531,46.768959045410156,3.841524124145508
5916,51.13246536254883,46.67333984375,3.8412468433380127
5917,51.033111572265625,46.59541702270508,3.8203608989715576
5918,50.94435119628906,46.50425720214844,3.822916030883789
5919,50.84724426269531,46.418670654296875,3.811633586883545
5920,50.74427032470703,46.325775146484375,3.801589012145996
5921,50.65400314331055,46.24615478515625,3.7913100719451904
5922,50.564178466796875,46.15473556518555,3.7929623126983643
5923,50.47748565673828,46.06058120727539,3.8003592491149902
5924,50.392330169677734,45.99680709838867,3.779742479324341
5925,50.29723358154297,45.89883804321289,3.782560110092163
5926,50.21119689941406,45.81789779663086,3.7779171466827393
5927,50.13707733154297,45.750244140625,3.7723326683044434
5928,50.05342483520508,45.65221405029297,3.7868287563323975
5929,49.96607971191406,45.58295822143555,3.769697904586792
5930,49.88386917114258,45.50447082519531,3.7667343616485596
5931,49.803958892822266,45.418182373046875,3.7736406326293945
5932,49.727943420410156,45.35238265991211,3.7645208835601807
5933,49.651371002197266,45.26803207397461,3.7729651927948
5934,49.56721878051758,45.19404602050781,3.7637171745300293
5935,49.48249053955078,45.11724853515625,3.7566490173339844
5936,49.4110221862793,45.042449951171875,3.7608611583709717
5937,49.34419631958008,44.97077941894531,3.7666351795196533
5938,49.26907730102539,44.88797378540039,3.7749991416931152
5939,49.190982818603516,44.82577133178711,3.760260820388794
5940,49.11475372314453,44.73680114746094,3.773357629776001
5941,49.03790283203125,44.67238235473633,3.7619709968566895
5942,48.96519470214844,44.59713363647461,3.7651772499084473
5943,48.90106964111328,44.51361083984375,3.7849607467651367
5944,48.836055755615234,44.4594612121582,3.7752959728240967
5945,48.762664794921875,44.368064880371094,3.793367862701416
5946,48.684932708740234,44.309940338134766,3.7748162746429443
5947,48.611698150634766,44.2328987121582,3.7791318893432617
5948,48.542911529541016,44.15922164916992,3.784531593322754
5949,48.474403381347656,44.09716796875,3.7789499759674072
5950,48.41037368774414,44.0170783996582,3.795355796813965
5951,48.351905822753906,43.955448150634766,3.799353837966919
5952,48.2940559387207,43.87425994873047,3.8230717182159424
5953,48.239994049072266,43.818809509277344,3.825427293777466
5954,48.20243453979492,43.72423553466797,3.8824374675750732
5955,48.210235595703125,43.69143295288086,3.924760103225708
5956,48.33702087402344,43.56301498413086,4.178953647613525
5957,48.80485534667969,43.58456039428711,4.628541946411133
5958,50.325279235839844,43.37371063232422,6.356511116027832
5959,55.174922943115234,43.55303192138672,11.034302711486816
5960,70.3825454711914,43.10200119018555,26.682842254638672
5961,113.7039794921875,43.88616943359375,69.24159240722656
5962,213.38775634765625,42.77622604370117,170.00619506835938
5963,425.9427490234375,46.19717788696289,379.2076110839844
5964,438.78485107421875,43.69499588012695,394.4739074707031
5965,93.75733947753906,48.2387580871582,45.00264358520508
5966,275.03790283203125,53.05976104736328,221.5167999267578
5967,139.16697692871094,48.03376007080078,90.6260757446289
5968,211.2848663330078,47.62575912475586,163.16439819335938
5969,128.48153686523438,55.09104919433594,72.9813003540039
5970,159.25430297851562,59.14783477783203,99.72985076904297
5971,82.37550354003906,55.31931686401367,26.654714584350586
5972,155.09207153320312,54.49225616455078,100.18038177490234
5973,87.97630310058594,60.4718132019043,27.12017059326172
5974,100.89998626708984,69.36332702636719,31.199399948120117
5975,127.5931396484375,73.60272979736328,53.67012405395508
5976,82.79136657714844,71.28014373779297,11.175984382629395
5977,96.03839874267578,67.65495300292969,28.02268409729004
5978,110.505859375,66.66985321044922,43.469791412353516
5979,88.69883728027344,69.33500671386719,19.019838333129883
5980,84.69383239746094,74.20677185058594,10.172389030456543
5981,99.2877197265625,77.59425354003906,21.394351959228516
5982,93.431884765625,77.07128143310547,16.057222366333008
5983,80.20492553710938,73.86744689941406,6.016523361206055
5984,90.08670806884766,71.18093872070312,18.566797256469727
5985,92.67809295654297,71.16856384277344,21.163869857788086
5986,81.3138427734375,73.82283782958984,7.151493549346924
5987,82.18047332763672,77.2736587524414,4.57700777053833
5988,88.0845947265625,79.0765151977539,8.681079864501953
5989,84.87467956542969,77.96405029296875,6.574877738952637
5990,78.56278228759766,74.81441497802734,3.3950421810150146
5991,81.67501831054688,71.86610412597656,9.437996864318848
5992,84.09034729003906,70.6607437133789,13.049947738647461
5993,77.76297760009766,71.24642181396484,6.138582706451416
5994,77.96037292480469,72.5027847290039,5.084451198577881
5995,80.63449096679688,72.80062103271484,7.460338115692139
5996,76.60674285888672,71.3864517211914,4.837952136993408
5997,74.85111999511719,69.11216735839844,5.343113422393799
5998,76.76557922363281,67.45864868164062,8.900653839111328
5999,74.72611999511719,67.23018646240234,7.087366104125977
6000,71.8211669921875,68.00758361816406,3.4085421562194824
6001,73.59513092041016,68.45194244384766,4.74009370803833
6002,72.23846435546875,67.5302963256836,4.300291538238525
6003,69.33187103271484,65.55475616455078,3.3588850498199463
6004,70.57403564453125,63.8128776550293,6.333582878112793
6005,69.08843231201172,63.14480972290039,5.513047695159912
6006,67.09815979003906,63.28505325317383,3.384399175643921
6007,67.63358306884766,63.194984436035156,4.0100297927856445
6008,66.14769744873047,62.201873779296875,3.511518955230713
6009,65.00715637207031,60.76303482055664,3.8006577491760254
6010,65.266845703125,59.83233642578125,4.98470401763916
6011,63.51093673706055,59.69512939453125,3.365095615386963
6012,63.38726043701172,59.753787994384766,3.1833252906799316
6013,62.94844055175781,59.24649429321289,3.248666763305664
6014,61.483497619628906,58.1619987487793,2.861050605773926
6015,61.894561767578125,57.22211837768555,4.205768585205078
6016,60.47842788696289,56.8459358215332,3.1639389991760254
6017,60.275333404541016,56.70188522338867,3.104687213897705
6018,59.87857437133789,56.18256759643555,3.223766803741455
6019,58.92655563354492,55.27559280395508,3.1715586185455322
6020,58.973663330078125,54.590423583984375,3.898066759109497
6021,57.9542350769043,54.38951110839844,3.0778982639312744
6022,57.957401275634766,54.23539733886719,3.233832359313965
6023,57.14027404785156,53.653587341308594,2.993147134780884
6024,56.91391372680664,52.900760650634766,3.5125203132629395
6025,56.4012565612793,52.49333190917969,3.403740644454956
6026,55.923675537109375,52.35361099243164,3.0652055740356445
6027,55.66569137573242,51.98579025268555,3.172032117843628
6028,55.09803009033203,51.34541702270508,3.2386703491210938
6029,54.90388870239258,50.90367889404297,3.4821178913116455
6030,54.35114288330078,50.74338912963867,3.0886101722717285
6031,54.175933837890625,50.49267578125,3.1621224880218506
6032,53.65487289428711,50.01295852661133,3.1161534786224365
6033,53.51103591918945,49.62174606323242,3.359846830368042
6034,53.00664138793945,49.42920684814453,3.0468342304229736
6035,52.89377975463867,49.19517517089844,3.1664583683013916
6036,52.41694641113281,48.80013656616211,3.0810675621032715
6037,52.30878829956055,48.46449279785156,3.3055577278137207
6038,51.868324279785156,48.288700103759766,3.0399234294891357
6039,51.75324249267578,48.10053634643555,3.1117441654205322
6040,51.372779846191406,47.79075241088867,3.0379765033721924
6041,51.24018478393555,47.52119827270508,3.1724853515625
6042,50.93227005004883,47.365623474121094,3.019531726837158
6043,50.77589416503906,47.17622756958008,3.051453113555908
6044,50.53303527832031,46.87362289428711,3.108397960662842
6045,50.35236740112305,46.62556838989258,3.1739420890808105
6046,50.16335678100586,46.47886657714844,3.1314187049865723
6047,49.981590270996094,46.28257751464844,3.1448047161102295
6048,49.831764221191406,46.01564407348633,3.2595691680908203
6049,49.640411376953125,45.8439826965332,3.2391245365142822
6050,49.53202438354492,45.72759246826172,3.247324228286743
6051,49.326175689697266,45.51524353027344,3.2524797916412354
6052,49.243072509765625,45.30030059814453,3.3829312324523926
6053,49.04973602294922,45.18378829956055,3.3064162731170654
6054,48.95074462890625,45.04304504394531,3.3480381965637207
6055,48.80759811401367,44.831878662109375,3.4146385192871094
6056,48.655643463134766,44.69735336303711,3.3971288204193115
6057,48.561500549316406,44.599056243896484,3.401906967163086
6058,48.39592361450195,44.42349624633789,3.4111409187316895
6059,48.30137252807617,44.26374816894531,3.475917100906372
6060,48.16449737548828,44.16434097290039,3.439340591430664
6061,48.05009078979492,44.02623748779297,3.4632644653320312
6062,47.94155502319336,43.86115646362305,3.519361734390259
6063,47.81673812866211,43.751434326171875,3.5049490928649902
6064,47.71907043457031,43.63947296142578,3.5200648307800293
6065,47.596927642822266,43.48654556274414,3.550783395767212
6066,47.50454330444336,43.36024475097656,3.585139036178589
6067,47.38511276245117,43.24791717529297,3.5791046619415283
6068,47.28437805175781,43.10841369628906,3.618459701538086
6069,47.193172454833984,42.97332763671875,3.6628713607788086
6070,47.06411361694336,42.85769271850586,3.6506638526916504
6071,46.985069274902344,42.7372932434082,3.6932010650634766
6072,46.87398147583008,42.60813903808594,3.71205997467041
6073,46.76142120361328,42.48798751831055,3.720888137817383
6074,46.68013381958008,42.37592315673828,3.753192186355591
6075,46.562801361083984,42.25384521484375,3.7590065002441406
6076,46.46612548828125,42.12654113769531,3.7907183170318604
6077,46.37353515625,42.01893615722656,3.8073554039001465
6078,46.26339340209961,41.91024398803711,3.8072030544281006
6079,46.17158126831055,41.78287887573242,3.8436639308929443
6080,46.06870651245117,41.67970657348633,3.8455302715301514
6081,45.97172164916992,41.58271026611328,3.8470733165740967
6082,45.87521743774414,41.45512771606445,3.8790085315704346
6083,45.769798278808594,41.352596282958984,3.8776307106018066
6084,45.681156158447266,41.26234436035156,3.8808982372283936
6085,45.5792121887207,41.13792037963867,3.9042327404022217
6086,45.475975036621094,41.03753662109375,3.9028093814849854
6087,45.38992691040039,40.95210266113281,3.903897285461426
6088,45.28457260131836,40.83102035522461,3.920510768890381
6089,45.184364318847656,40.730682373046875,3.922034978866577
6090,45.09749221801758,40.64536666870117,3.922227144241333
6091,44.991432189941406,40.52634811401367,3.9361538887023926
6092,44.8929443359375,40.42708969116211,3.938342809677124
6093,44.80403137207031,40.34189987182617,3.9364047050476074
6094,44.699222564697266,40.22450256347656,3.9500536918640137
6095,44.600215911865234,40.12633514404297,3.9506795406341553
6096,44.50868606567383,40.03693389892578,3.950308084487915
6097,44.407386779785156,39.91746520996094,3.969599962234497
6098,44.30694580078125,39.82057189941406,3.967573642730713
6099,44.21053695678711,39.72425079345703,3.969182252883911
6100,44.11382293701172,39.604942321777344,3.992966413497925
6101,44.014137268066406,39.510887145996094,3.988947629928589
6102,43.91056823730469,39.405364990234375,3.9925341606140137
6103,43.81402587890625,39.28852081298828,4.0141520500183105
6104,43.718753814697266,39.19382095336914,4.015257835388184
6105,43.611446380615234,39.07855987548828,4.024781703948975
6106,43.50800323486328,38.96751403808594,4.033845901489258
6107,43.415870666503906,38.86863708496094,4.042257308959961
6108,43.311920166015625,38.74757385253906,4.060888290405273
6109,43.20121765136719,38.64334487915039,4.056029796600342
6110,43.10329818725586,38.535125732421875,4.0679240226745605
6111,43.00556945800781,38.41318893432617,4.093691349029541
6112,42.89621353149414,38.3127326965332,4.086535930633545
6113,42.78870391845703,38.19126510620117,4.101956367492676
6114,42.68830871582031,38.07685089111328,4.117685794830322
6115,42.584625244140625,37.97233963012695,4.120216369628906
6116,42.4769401550293,37.84186935424805,4.144394397735596
6117,42.36968231201172,37.73771286010742,4.143243789672852
6118,42.261566162109375,37.61738967895508,4.156917095184326
6119,42.15336990356445,37.491912841796875,4.175784111022949
6120,42.048824310302734,37.38722229003906,4.177900791168213
6121,41.9405632019043,37.253658294677734,4.204470157623291
6122,41.8240966796875,37.141563415527344,4.202062606811523
6123,41.71272659301758,37.0224494934082,4.211517810821533
6124,41.609378814697266,36.89185333251953,4.2401957511901855
6125,41.49781799316406,36.78293991088867,4.239688396453857
6126,41.379791259765625,36.64588928222656,4.260095119476318
6127,41.26606750488281,36.531795501708984,4.2623443603515625
6128,41.152618408203125,36.405094146728516,4.27743673324585
6129,41.03704071044922,36.27430725097656,4.294196128845215
6130,40.92405700683594,36.16081619262695,4.296745777130127
6131,40.812400817871094,36.01828384399414,4.329237937927246
6132,40.69534683227539,35.906944274902344,4.325528144836426
6133,40.57201385498047,35.76389694213867,4.346923828125
6134,40.45015335083008,35.64699935913086,4.344042778015137
6135,40.332000732421875,35.511287689208984,4.363275527954102
6136,40.21109390258789,35.38142395019531,4.374267578125
6137,40.08900833129883,35.25633239746094,4.379238128662109
6138,39.971046447753906,35.11318588256836,4.406115531921387
6139,39.85323715209961,34.995140075683594,4.408725738525391
6140,39.73050308227539,34.84394073486328,4.438693046569824
6141,39.60544204711914,34.72921371459961,4.430843830108643
6142,39.48432159423828,34.572017669677734,4.4685235023498535
6143,39.36981964111328,34.462196350097656,4.466281414031982
6144,39.264827728271484,34.289669036865234,4.535343647003174
6145,39.1925163269043,34.20325469970703,4.552355766296387
6146,39.23204803466797,33.98122787475586,4.814491271972656
6147,39.64874267578125,33.987205505371094,5.230039119720459
6148,41.41084671020508,33.59663391113281,7.379887104034424
6149,48.15215301513672,33.962364196777344,13.766765594482422
6150,73.61361694335938,33.011802673339844,40.163631439208984
6151,165.5098114013672,34.98091125488281,130.12533569335938
6152,442.5643005371094,32.92732238769531,409.1757507324219
6153,803.1178588867188,40.26219940185547,762.4857788085938
6154,525.4090576171875,39.423954010009766,485.5474853515625
6155,196.95413208007812,48.05223846435547,148.50714111328125
6156,367.20849609375,60.422630310058594,306.4784240722656
6157,134.57127380371094,60.624446868896484,73.65593719482422
6158,292.3981628417969,54.52177429199219,237.56967163085938
6159,197.574951171875,63.8606071472168,133.4239044189453
6160,151.29519653320312,81.25127410888672,69.79539489746094
6161,173.86679077148438,89.72622680664062,83.91633605957031
6162,165.88314819335938,91.96430206298828,73.69129943847656
6163,134.78477478027344,93.35867309570312,41.174991607666016
6164,178.3311767578125,97.67042541503906,80.38629913330078
6165,154.92189025878906,101.89684295654297,52.753047943115234
6166,122.30410766601562,105.51142120361328,16.542505264282227
6167,147.4016571044922,110.65878295898438,36.512386322021484
6168,153.85275268554688,115.34324645996094,38.28863525390625
6169,152.03347778320312,116.63130950927734,35.18104934692383
6170,136.52645874023438,113.75511169433594,22.541427612304688
6171,125.6791000366211,109.08380889892578,16.351552963256836
6172,133.54940795898438,106.01377868652344,27.277931213378906
6173,136.009521484375,106.2174072265625,29.52454376220703
6174,130.82952880859375,109.35072326660156,21.20747184753418
6175,128.54197692871094,113.81216430664062,14.460332870483398
6176,127.42938995361328,117.91020202636719,9.254956245422363
6177,128.22019958496094,120.71363830566406,7.24772310256958
6178,130.6685791015625,121.67223358154297,8.740256309509277
6179,129.65194702148438,120.43603515625,8.95855712890625
6180,125.53640747070312,117.33761596679688,7.936336517333984
6181,122.90288543701172,113.19993591308594,9.432985305786133
6182,121.97071075439453,108.79792785644531,12.894943237304688
6183,121.90939331054688,104.89788055419922,16.72719955444336
6184,123.36537170410156,102.32980346679688,20.74686622619629
6185,123.12593078613281,101.60415649414062,21.230762481689453
6186,120.20751953125,102.61566162109375,17.300317764282227
6187,118.2430648803711,104.68022155761719,13.272177696228027
6188,117.25291442871094,106.8622055053711,10.101693153381348
6189,116.41905212402344,108.43136596679688,7.69996452331543
6190,116.2120132446289,108.98079681396484,6.943181037902832
6191,115.1065902709961,108.31920623779297,6.49669075012207
6192,113.17033386230469,106.59595489501953,6.278998851776123
6193,112.34938049316406,104.27407836914062,7.774570941925049
6194,111.99114990234375,101.89859771728516,9.787322044372559
6195,111.38046264648438,100.02069854736328,11.051753997802734
6196,110.34977722167969,99.0405044555664,11.000140190124512
6197,108.27499389648438,98.92049407958984,9.045271873474121
6198,106.64944458007812,99.1719970703125,7.168471813201904
6199,105.9764404296875,99.1122817993164,6.555049896240234
6200,105.1494369506836,98.2486801147461,6.590454578399658
6201,104.05278015136719,96.51528930664062,7.224323272705078
6202,102.5419692993164,94.24495697021484,7.979291915893555
6203,101.18289947509766,91.95708465576172,8.902804374694824
6204,100.54476165771484,90.10195922851562,10.115229606628418
6205,99.40615844726562,88.92827606201172,10.147625923156738
6206,97.6664810180664,88.52632904052734,8.809260368347168
6207,96.066162109375,88.6849594116211,7.050655364990234
6208,94.7696762084961,88.8805160522461,5.558661460876465
6209,93.68338775634766,88.55992889404297,4.791915416717529
6210,92.23633575439453,87.49104309082031,4.411506175994873
6211,90.94055938720703,85.93505859375,4.668765068054199
6212,89.96332550048828,84.39080047607422,5.232914924621582
6213,88.552978515625,83.17698669433594,5.034238338470459
6214,87.00344848632812,82.24066925048828,4.419711589813232
6215,85.732177734375,81.24603271484375,4.1418843269348145
6216,84.54082489013672,79.88563537597656,4.308857440948486
6217,83.04781341552734,78.1448745727539,4.553200721740723
6218,81.72840118408203,76.33750915527344,5.037169456481934
6219,80.64859008789062,74.843994140625,5.447747230529785
6220,79.23207092285156,73.8106689453125,5.0629777908325195
6221,77.91512298583984,73.08739471435547,4.468633651733398
6222,76.74146270751953,72.36172485351562,4.0197062492370605
6223,75.55211639404297,71.392333984375,3.7979769706726074
6224,74.31682586669922,70.19938659667969,3.7533795833587646
6225,73.2420654296875,69.02062225341797,3.855487823486328
6226,72.0750732421875,68.0325927734375,3.6754302978515625
6227,70.90467834472656,67.16024017333984,3.376861572265625
6228,69.84783935546875,66.16810607910156,3.3114686012268066
6229,68.70354461669922,64.9361572265625,3.3975725173950195
6230,67.6911849975586,63.6417350769043,3.677398681640625
6231,66.7066421508789,62.542293548583984,3.7901670932769775
6232,65.68585205078125,61.68841552734375,3.621750593185425
6233,64.77696990966797,60.9271354675293,3.4727413654327393
6234,63.919071197509766,60.11448287963867,3.4253318309783936
6235,63.051544189453125,59.26338195800781,3.406007766723633
6236,62.35140609741211,58.488426208496094,3.478231906890869
6237,61.61009979248047,57.809852600097656,3.4136905670166016
6238,60.97621154785156,57.12586975097656,3.4621009826660156
6239,60.31155014038086,56.32650375366211,3.594468593597412
6240,59.737892150878906,55.45709991455078,3.8876423835754395
6241,59.17986297607422,54.68195343017578,4.102915287017822
6242,58.64386749267578,54.06942367553711,4.178339958190918
6243,58.16284942626953,53.526615142822266,4.238913059234619
6244,57.66617965698242,52.936004638671875,4.331034183502197
6245,57.19147872924805,52.35362243652344,4.436801910400391
6246,56.72892379760742,51.89231491088867,4.434124946594238
6247,56.26986312866211,51.50444030761719,4.361804008483887
6248,55.80880355834961,51.03938293457031,4.3644022941589355
6249,55.35309982299805,50.48725509643555,4.459055423736572
6250,54.90332794189453,49.98878860473633,4.506160736083984
6251,54.45317840576172,49.57346725463867,4.47018575668335
6252,54.019596099853516,49.143592834472656,4.46533727645874
6253,53.57282257080078,48.6700439453125,4.4906086921691895
6254,53.13465118408203,48.24274444580078,4.4783782958984375
6255,52.68871307373047,47.88325881958008,4.391232967376709
6256,52.25931167602539,47.50986099243164,4.334763526916504
6257,51.80976867675781,47.07570266723633,4.318621635437012
6258,51.39753341674805,46.638973236083984,4.342558860778809
6259,50.97031784057617,46.24939727783203,4.305095195770264
6260,50.59514236450195,45.880706787109375,4.2990570068359375
6261,50.20906066894531,45.48741149902344,4.306423187255859
6262,49.84628677368164,45.09961700439453,4.331686496734619
6263,49.47639083862305,44.76944351196289,4.292780876159668
6264,49.114341735839844,44.469520568847656,4.2317376136779785
6265,48.74872589111328,44.122802734375,4.213678359985352
6266,48.39678955078125,43.75764465332031,4.227819919586182
6267,48.036251068115234,43.43596267700195,4.190330982208252
6268,47.69933319091797,43.11298751831055,4.177788257598877
6269,47.35600662231445,42.734500885009766,4.2139892578125
6270,47.04193878173828,42.37966537475586,4.25597620010376
6271,46.73371887207031,42.07781982421875,4.251143455505371
6272,46.44302749633789,41.75588607788086,4.283722877502441
6273,46.165889739990234,41.41043472290039,4.353131294250488
6274,45.88568878173828,41.11545944213867,4.369284629821777
6275,45.62049102783203,40.83960723876953,4.381404399871826
6276,45.3468132019043,40.524349212646484,4.4239983558654785
6277,45.07997131347656,40.227622985839844,4.454798221588135
6278,44.81081771850586,39.97067642211914,4.443678855895996
6279,44.53581619262695,39.69192123413086,4.448304653167725
6280,44.26383972167969,39.400028228759766,4.4688262939453125
6281,43.987083435058594,39.14418411254883,4.448653697967529
6282,43.71406173706055,38.88221740722656,4.438354969024658
6283,43.450435638427734,38.594688415527344,4.46278715133667
6284,43.18738555908203,38.335205078125,4.459829807281494
6285,42.93570327758789,38.08495330810547,4.459167957305908
6286,42.69092559814453,37.81108856201172,4.488893508911133
6287,42.443939208984375,37.556190490722656,4.497475624084473
6288,42.20831298828125,37.31278610229492,4.50613260269165
6289,41.969940185546875,37.043907165527344,4.537524700164795
6290,41.72863006591797,36.78396987915039,4.557043075561523
6291,41.495933532714844,36.53300094604492,4.576359272003174
6292,41.254032135009766,36.26095962524414,4.607621669769287
6293,41.015174865722656,36.0009765625,4.629926681518555
6294,40.7822380065918,35.7547492980957,4.6444597244262695
6295,40.54100036621094,35.49369430541992,4.665556907653809
6296,40.30821990966797,35.24568557739258,4.682112216949463
6297,40.0781135559082,35.011714935302734,4.687281131744385
6298,39.84226989746094,34.760704040527344,4.703751564025879
6299,39.61670684814453,34.52049255371094,4.719747543334961
6300,39.39128112792969,34.292724609375,4.723379611968994
6301,39.16057586669922,34.04751205444336,4.7391676902771
6302,38.939170837402344,33.815975189208984,4.750682353973389
6303,38.7158317565918,33.59536361694336,4.749240398406982
6304,38.48801040649414,33.356956481933594,4.761086463928223
6305,38.268341064453125,33.13462448120117,4.765171051025391
6306,38.04750442504883,32.92015838623047,4.760109901428223
6307,37.82337188720703,32.68772506713867,4.769686222076416
6308,37.60773468017578,32.473114013671875,4.770106792449951
6309,37.39284133911133,32.260738372802734,4.768858909606934
6310,37.17526626586914,32.031402587890625,4.78190279006958
6311,36.96529006958008,31.82069206237793,4.784116268157959
6312,36.75723648071289,31.60434913635254,4.793688774108887
6313,36.544979095458984,31.377511978149414,4.80971097946167
6314,36.33940124511719,31.170238494873047,4.8130269050598145
6315,36.13736343383789,30.95384407043457,4.828781604766846
6316,35.929542541503906,30.736268997192383,4.8401994705200195
6317,35.726505279541016,30.532814025878906,4.842320919036865
6318,35.53137969970703,30.319786071777344,4.861752033233643
6319,35.331119537353516,30.110551834106445,4.872578144073486
6320,35.1308479309082,29.90523338317871,4.879323959350586
6321,34.94059753417969,29.697572708129883,4.898410797119141
6322,34.75087356567383,29.49322509765625,4.914947032928467
6323,34.55628204345703,29.289047241210938,4.926177024841309
6324,34.36705780029297,29.091337203979492,4.936504364013672
6325,34.18461990356445,28.887306213378906,4.959954738616943
6326,33.99907302856445,28.69285011291504,4.970584869384766
6327,33.81223678588867,28.497631072998047,4.980903148651123
6328,33.633121490478516,28.294633865356445,5.006564140319824
6329,33.456993103027344,28.111358642578125,5.01556921005249
6330,33.27625274658203,27.90858268737793,5.039493560791016
6331,33.097267150878906,27.71780776977539,5.053106307983398
6332,32.926658630371094,27.53252410888672,5.069692611694336
6333,32.75829315185547,27.329355239868164,5.10636568069458
6334,32.585487365722656,27.1528263092041,5.112030982971191
6335,32.41320037841797,26.9540958404541,5.140322208404541
6336,32.24798583984375,26.77029800415039,5.160911560058594
6337,32.086849212646484,26.58766746520996,5.184231281280518
6338,31.922569274902344,26.393680572509766,5.215902328491211
6339,31.75735092163086,26.21787452697754,5.228400707244873
6340,31.598102569580078,26.02883529663086,5.259986400604248
6341,31.444381713867188,25.849876403808594,5.287252426147461
6342,31.28973960876465,25.668357849121094,5.3157958984375
6343,31.132169723510742,25.493255615234375,5.335382461547852
6344,30.97740936279297,25.308744430541992,5.366786003112793
6345,30.82916831970215,25.1481876373291,5.381099224090576
6346,30.685365676879883,24.95420265197754,5.432912349700928
6347,30.543447494506836,24.808849334716797,5.438375473022461
6348,30.409317016601562,24.604230880737305,5.510262966156006
6349,30.297996520996094,24.480960845947266,5.524579048156738
6350,30.260509490966797,24.245391845703125,5.723362922668457
6351,30.44913101196289,24.191112518310547,5.969812393188477
6352,31.439498901367188,23.83348274230957,7.316319942474365
6353,35.29620361328125,24.04263687133789,10.971482276916504
6354,50.34362030029297,23.236040115356445,26.816186904907227
6355,104.94361877441406,24.5656681060791,80.10951232910156
6356,302.964599609375,22.45319938659668,280.20501708984375
6357,647.2074584960938,28.485151290893555,618.4901123046875
6358,707.7188720703125,24.205829620361328,683.2060546875
6359,104.72088623046875,29.85918617248535,74.6414566040039
6360,516.9251098632812,41.80181884765625,474.9662780761719
6361,126.18367004394531,33.19257354736328,92.81197357177734
6362,342.5576171875,30.97153091430664,311.3958435058594
6363,107.24356079101562,42.25864028930664,64.83548736572266
6364,203.97787475585938,60.03061294555664,143.8385467529297
6365,186.8330078125,62.67955017089844,124.04839324951172
6366,79.68809509277344,53.106346130371094,26.448200225830078
6367,183.05364990234375,48.72216796875,134.16403198242188
6368,127.28557586669922,54.3405647277832,72.77332305908203
6369,87.9914321899414,64.71937561035156,23.120071411132812
6370,118.67750549316406,72.07756042480469,46.468353271484375
6371,126.63739013671875,73.40157318115234,53.111793518066406
6372,106.77207946777344,70.89640808105469,35.74481964111328
6373,86.26655578613281,67.94132995605469,18.180707931518555
6374,112.32654571533203,67.20894622802734,44.96260070800781
6375,113.36797332763672,68.99867248535156,44.214576721191406
6376,91.15288543701172,73.2536392211914,17.75519561767578
6377,92.15267181396484,79.64887237548828,12.374417304992676
6378,98.41171264648438,85.8367691040039,12.457233428955078
6379,107.31432342529297,88.40218353271484,18.798933029174805
6380,96.12511444091797,85.49473571777344,10.51440715789795
6381,86.17955780029297,79.52577209472656,6.530623435974121
6382,93.24261474609375,74.4674072265625,18.64607048034668
6383,95.63502502441406,72.3682632446289,23.1379337310791
6384,94.21453094482422,73.13407897949219,20.957773208618164
6385,85.65113830566406,75.21686553955078,10.31913948059082
6386,85.51534271240234,77.31825256347656,8.086502075195312
6387,90.52064514160156,78.67135620117188,11.737820625305176
6388,86.97938537597656,78.71839904785156,8.142226219177246
6389,83.13693237304688,77.14701843261719,5.8580193519592285
6390,81.10771942138672,74.20307159423828,6.757241249084473
6391,83.23255157470703,71.3287353515625,11.74442195892334
6392,83.09478759765625,69.98198699951172,12.949657440185547
6393,78.09204864501953,70.20462799072266,7.728410720825195
6394,77.48944854736328,70.76632690429688,6.57111930847168
6395,77.4238052368164,70.3792495727539,6.89733362197876
6396,76.88298034667969,68.83614349365234,7.89985466003418
6397,73.81903076171875,66.75562286376953,6.912712097167969
6398,72.85218811035156,64.74053192138672,7.955343723297119
6399,73.07657623291016,62.98404312133789,9.931081771850586
6400,70.72447967529297,61.85147476196289,8.708612442016602
6401,69.29029083251953,61.746829986572266,7.378387451171875
6402,68.71807861328125,62.13630676269531,6.416595935821533
6403,68.25373077392578,61.873226165771484,6.213797569274902
6404,65.52676391601562,60.41799545288086,4.938487529754639
6405,65.10812377929688,58.51880645751953,6.414720058441162
6406,64.49433898925781,57.085018157958984,7.2316179275512695
6407,63.164581298828125,56.14739990234375,6.838074684143066
6408,61.52955627441406,55.372840881347656,5.976749897003174
6409,61.72498321533203,54.68148422241211,6.861656188964844
6410,60.116539001464844,53.94416046142578,5.986891269683838
6411,58.821842193603516,52.9946174621582,5.636865139007568
6412,58.423885345458984,51.8801155090332,6.34907865524292
6413,57.66547775268555,51.009559631347656,6.459185600280762
6414,56.03785705566406,50.50210952758789,5.33906364440918
6415,55.86208724975586,49.83573532104492,5.829509258270264
6416,54.848426818847656,48.6874885559082,5.9618916511535645
6417,53.85090637207031,47.47124481201172,6.176822662353516
6418,53.35405731201172,46.648651123046875,6.498936176300049
6419,52.449275970458984,46.11064529418945,6.1295552253723145
6420,51.60491180419922,45.56765365600586,5.826095104217529
6421,51.0777702331543,44.89885711669922,5.965172290802002
6422,50.14836502075195,44.0435676574707,5.8875732421875
6423,49.561737060546875,43.15414047241211,6.1870317459106445
6424,48.87608337402344,42.54607391357422,6.107838153839111
6425,47.9886589050293,42.21592712402344,5.550647735595703
6426,47.61631774902344,41.707820892333984,5.686223030090332
6427,46.6849479675293,40.81731414794922,5.643596172332764
6428,46.203338623046875,39.965087890625,6.01201868057251
6429,45.59218978881836,39.479793548583984,5.885006904602051
6430,44.84672164916992,39.196224212646484,5.422806739807129
6431,44.47615051269531,38.810794830322266,5.437150478363037
6432,43.687408447265625,38.20167922973633,5.256354331970215
6433,43.26997375488281,37.51105499267578,5.528439044952393
6434,42.64897918701172,36.98308181762695,5.435217380523682
6435,42.08102035522461,36.64093017578125,5.209798336029053
6436,41.63389587402344,36.201290130615234,5.201975345611572
6437,41.00477600097656,35.55601119995117,5.216821193695068
6438,40.619110107421875,35.01542282104492,5.370888710021973
6439,40.041046142578125,34.72756576538086,5.080888748168945
6440,39.67174530029297,34.447059631347656,4.992286205291748
6441,39.1782112121582,33.98435974121094,4.960886478424072
6442,38.8297119140625,33.50020980834961,5.096036911010742
6443,38.3526496887207,33.146575927734375,4.9728522300720215
6444,38.01656723022461,32.81855773925781,4.9650492668151855
6445,37.547054290771484,32.39097213745117,4.92249059677124
6446,37.21038055419922,31.962507247924805,5.013181686401367
6447,36.77156066894531,31.66010093688965,4.8761372566223145
6448,36.435752868652344,31.3883113861084,4.811779022216797
6449,36.043861389160156,30.994537353515625,4.812806129455566
6450,35.70839309692383,30.575014114379883,4.8957624435424805
6451,35.324432373046875,30.28298568725586,4.803475379943848
6452,35.02143478393555,30.00741195678711,4.776082515716553
6453,34.649871826171875,29.630393981933594,4.781050682067871
6454,34.354164123535156,29.297119140625,4.818032264709473
6455,34.02429962158203,29.070453643798828,4.714699745178223
6456,33.73845291137695,28.79718780517578,4.701965808868408
6457,33.43387222290039,28.43868637084961,4.755434989929199
6458,33.16987609863281,28.13270378112793,4.797134876251221
6459,32.881351470947266,27.89128303527832,4.7500104904174805
6460,32.61804962158203,27.616952896118164,4.761019229888916
6461,32.36384582519531,27.300939559936523,4.822515487670898
6462,32.102500915527344,27.044612884521484,4.817163467407227
6463,31.86439323425293,26.834667205810547,4.788919925689697
6464,31.62078094482422,26.562028884887695,4.817774772644043
6465,31.405799865722656,26.26640510559082,4.898226737976074
6466,31.160228729248047,26.04976463317871,4.869642734527588
6467,30.9544620513916,25.83062744140625,4.88342809677124
6468,30.732574462890625,25.550018310546875,4.942303657531738
6469,30.521642684936523,25.3087158203125,4.973090648651123
6470,30.308021545410156,25.10588836669922,4.962723255157471
6471,30.104093551635742,24.867895126342773,4.997032642364502
6472,29.912723541259766,24.613773345947266,5.060094356536865
6473,29.704553604125977,24.40018081665039,5.0659098625183105
6474,29.513347625732422,24.200763702392578,5.0745134353637695
6475,29.319438934326172,23.965620040893555,5.115903854370117
6476,29.133575439453125,23.752965927124023,5.14298152923584
6477,28.94815444946289,23.582069396972656,5.12904691696167
6478,28.756452560424805,23.381839752197266,5.137910842895508
6479,28.58013343811035,23.1782169342041,5.1657843589782715
6480,28.40279769897461,23.005252838134766,5.162302017211914
6481,28.228288650512695,22.81922721862793,5.174421787261963
6482,28.05575942993164,22.620702743530273,5.201050281524658
6483,27.87885856628418,22.4411563873291,5.204468250274658
6484,27.715534210205078,22.271337509155273,5.211752891540527
6485,27.55286407470703,22.084346771240234,5.236729621887207
6486,27.390409469604492,21.906314849853516,5.253087997436523
6487,27.232955932617188,21.74488639831543,5.258090019226074
6488,27.06879425048828,21.563323974609375,5.276129245758057
6489,26.912155151367188,21.396013259887695,5.28764533996582
6490,26.76114845275879,21.24066925048828,5.292953968048096
6491,26.610408782958984,21.071374893188477,5.3122172355651855
6492,26.465749740600586,20.91158103942871,5.328213214874268
6493,26.318782806396484,20.759000778198242,5.334709167480469
6494,26.17177963256836,20.6005802154541,5.347077369689941
6495,26.029178619384766,20.441804885864258,5.363980293273926
6496,25.885028839111328,20.30162239074707,5.361048221588135
6497,25.744049072265625,20.14872169494629,5.3738226890563965
6498,25.607852935791016,19.997051239013672,5.3900980949401855
6499,25.47169303894043,19.862533569335938,5.389402866363525
6500,25.339176177978516,19.717111587524414,5.403140068054199
6501,25.209991455078125,19.571027755737305,5.420875072479248
6502,25.080339431762695,19.441240310668945,5.421792507171631
6503,24.95425033569336,19.303619384765625,5.434283256530762
6504,24.834815979003906,19.15680503845215,5.462295055389404
6505,24.7210693359375,19.033992767333984,5.47250509262085
6506,24.629146575927734,18.893341064453125,5.521877288818359
6507,24.59389877319336,18.758203506469727,5.62306547164917
6508,24.714160919189453,18.6297607421875,5.872126579284668
6509,25.31243324279785,18.5069522857666,6.595142841339111
6510,27.43592071533203,18.359174728393555,8.865520477294922
6511,34.585975646972656,18.275785446166992,16.103174209594727
6512,58.151832580566406,18.122896194458008,39.8172492980957
6513,132.91061401367188,18.165613174438477,114.54472351074219
6514,311.373046875,18.17547607421875,292.9839782714844
6515,504.7798767089844,19.527799606323242,485.063232421875
6516,418.0992736816406,20.105546951293945,397.8110656738281
6517,108.38656616210938,23.589324951171875,84.63641357421875
6518,366.8431091308594,22.536903381347656,344.1534423828125
6519,180.60377502441406,27.239452362060547,153.22247314453125
6520,244.07044982910156,37.17164611816406,206.7854461669922
6521,241.39486694335938,37.35682678222656,203.92892456054688
6522,141.69773864746094,35.700347900390625,105.84729766845703
6523,171.77952575683594,43.38530349731445,128.2241668701172
6524,154.82521057128906,47.05597686767578,107.62438201904297
6525,112.20913696289062,46.040771484375,66.03691101074219
6526,104.07612609863281,45.061161041259766,58.88572311401367
6527,111.34133911132812,49.48200225830078,61.73554992675781
6528,111.66522216796875,57.62486267089844,53.935935974121094
6529,86.80625915527344,60.0998420715332,26.616193771362305
6530,119.39109802246094,60.98583984375,58.309146881103516
6531,74.61576843261719,64.12852478027344,10.366514205932617
6532,116.48994445800781,67.30368041992188,49.04556655883789
6533,80.97312927246094,64.71318817138672,16.127283096313477
6534,90.96680450439453,61.951942443847656,28.903324127197266
6535,84.67713165283203,62.18933868408203,22.38907814025879
6536,82.09457397460938,62.61110305786133,19.384185791015625
6537,83.16464233398438,59.89688491821289,23.161258697509766
6538,79.89346313476562,56.14202880859375,23.64054298400879
6539,82.51036071777344,56.06161117553711,26.339731216430664
6540,72.01983642578125,58.98682403564453,12.928693771362305
6541,83.13555145263672,60.92488098144531,22.108184814453125
6542,68.23814392089844,59.39877700805664,8.734923362731934
6543,74.97134399414062,57.03769302368164,17.827136993408203
6544,72.473388671875,57.19677734375,15.172443389892578
6545,68.43901062011719,59.46355438232422,8.87628173828125
6546,71.80659484863281,60.00269317626953,11.706319808959961
6547,64.21053314208984,57.44984817504883,6.657885551452637
6548,67.48331451416016,54.73882293701172,12.631396293640137
6549,62.410491943359375,54.06373596191406,8.224286079406738
6550,64.60169982910156,54.63941192626953,9.83502197265625
6551,62.660072326660156,54.31886672973633,8.212381362915039
6552,60.001277923583984,52.91641616821289,6.955107688903809
6553,61.798805236816406,51.67969512939453,9.988896369934082
6554,57.1934814453125,51.13512420654297,5.928682327270508
6555,59.7965087890625,50.759559631347656,8.907613754272461
6556,55.571434020996094,49.65958786010742,5.781354904174805
6557,55.82590103149414,48.26102828979492,7.431814670562744
6558,54.80320739746094,47.46986770629883,7.197619915008545
6559,53.41895294189453,47.078338623046875,6.202730178833008
6560,53.61091613769531,46.133846282958984,7.337612152099609
6561,51.13675308227539,44.73982238769531,6.257072448730469
6562,51.41156005859375,43.94818115234375,7.324240207672119
6563,49.948341369628906,43.70331954956055,6.105720043182373
6564,49.464805603027344,42.98741149902344,6.33449649810791
6565,48.03120803833008,41.54860305786133,6.333686351776123
6566,47.55397033691406,40.3077507019043,7.09309196472168
6567,46.821102142333984,39.79816818237305,6.869296550750732
6568,46.160125732421875,39.4858512878418,6.521096706390381
6569,45.155311584472656,38.804901123046875,6.196425437927246
6570,44.60127639770508,38.07362747192383,6.372918605804443
6571,43.95378112792969,37.76575469970703,6.033803939819336
6572,43.469512939453125,37.641014099121094,5.674212455749512
6573,42.61647033691406,37.12483215332031,5.334718704223633
6574,42.05799102783203,36.20021438598633,5.696934223175049
6575,41.281227111816406,35.35504913330078,5.763113498687744
6576,40.57936096191406,34.832027435302734,5.584371089935303
6577,39.89142608642578,34.343467712402344,5.385146141052246
6578,39.191612243652344,33.57770538330078,5.449586391448975
6579,38.62130355834961,32.811607360839844,5.6434478759765625
6580,37.795204162597656,32.39739227294922,5.230915546417236
6581,37.3236198425293,32.08888626098633,5.067302227020264
6582,36.62187957763672,31.51997947692871,4.932673931121826
6583,36.234352111816406,30.89290428161621,5.171153545379639
6584,35.519187927246094,30.486087799072266,4.86384916305542
6585,35.19355392456055,30.12485694885254,4.9001030921936035
6586,34.56538009643555,29.59956932067871,4.79575777053833
6587,34.144596099853516,29.121810913085938,4.851100444793701
6588,33.55158233642578,28.76996612548828,4.608917713165283
6589,33.13880920410156,28.337594985961914,4.626515865325928
6590,32.678524017333984,27.821178436279297,4.679955959320068
6591,32.19179153442383,27.433734893798828,4.5795817375183105
6592,31.81261444091797,27.086828231811523,4.54720401763916
6593,31.31304931640625,26.59738540649414,4.535845756530762
6594,30.978076934814453,26.13835906982422,4.658416271209717
6595,30.505800247192383,25.844642639160156,4.479649066925049
6596,30.19899559020996,25.4969425201416,4.520357131958008
6597,29.80447769165039,25.03603744506836,4.585829734802246
6598,29.45741844177246,24.692352294921875,4.582186222076416
6599,29.136140823364258,24.392900466918945,4.560251235961914
6600,28.773067474365234,23.973047256469727,4.615750312805176
6601,28.458110809326172,23.59441375732422,4.678138732910156
6602,28.16166877746582,23.326061248779297,4.6498942375183105
6603,27.814966201782227,22.999685287475586,4.629602432250977
6604,27.546024322509766,22.64995765686035,4.710569381713867
6605,27.193527221679688,22.403554916381836,4.605460166931152
6606,26.927040100097656,22.12653923034668,4.616711616516113
6607,26.63323211669922,21.76237678527832,4.686985969543457
6608,26.333465576171875,21.48182487487793,4.668115615844727
6609,26.119892120361328,21.22474479675293,4.712177276611328
6610,25.836811065673828,20.879316329956055,4.7745280265808105
6611,25.61009407043457,20.604782104492188,4.822712421417236
6612,25.406688690185547,20.39670181274414,4.827906131744385
6613,25.16541862487793,20.121599197387695,4.86154317855835
6614,24.96767234802246,19.895282745361328,4.890366077423096
6615,24.787931442260742,19.721134185791016,4.8854546546936035
6616,24.58331298828125,19.48505401611328,4.916994571685791
6617,24.390727996826172,19.293792724609375,4.916191101074219
6618,24.225923538208008,19.124372482299805,4.921436786651611
6619,24.029329299926758,18.89360809326172,4.955529689788818
6620,23.83333396911621,18.713407516479492,4.940299987792969
6621,23.668304443359375,18.531949996948242,4.957442283630371
6622,23.49736976623535,18.298583984375,5.0200371742248535
6623,23.306432723999023,18.130077362060547,4.998264789581299
6624,23.13140869140625,17.944353103637695,5.009284496307373
6625,22.979536056518555,17.74153709411621,5.0602803230285645
6626,22.808700561523438,17.59766387939453,5.033993244171143
6627,22.650484085083008,17.417219161987305,5.056501388549805
6628,22.520307540893555,17.24289894104004,5.101037979125977
6629,22.39739990234375,17.101654052734375,5.120112419128418
6630,22.265209197998047,16.925697326660156,5.164144992828369
6631,22.13434410095215,16.773975372314453,5.185725688934326
6632,22.016881942749023,16.633377075195312,5.209837436676025
6633,21.88947296142578,16.471227645874023,5.245185852050781
6634,21.75684928894043,16.341571807861328,5.243236064910889
6635,21.632265090942383,16.19947052001953,5.261622905731201
6636,21.51483917236328,16.04705238342285,5.297342777252197
6637,21.391881942749023,15.928350448608398,5.294304370880127
6638,21.261232376098633,15.782787322998047,5.310113430023193
6639,21.142040252685547,15.65371036529541,5.3210248947143555
6640,21.028213500976562,15.544391632080078,5.317685604095459
6641,20.9081974029541,15.40868091583252,5.334254741668701
6642,20.78647232055664,15.299081802368164,5.3234381675720215
6643,20.669231414794922,15.18261432647705,5.323781967163086
6644,20.561092376708984,15.060365676879883,5.338843822479248
6645,20.450607299804688,14.964006423950195,5.325934410095215
6646,20.334228515625,14.847307205200195,5.327017784118652
6647,20.223369598388672,14.75203800201416,5.312387943267822
6648,20.116294860839844,14.65969181060791,5.298635959625244
6649,20.011276245117188,14.551074028015137,5.302908897399902
6650,19.906023025512695,14.469711303710938,5.279954433441162
6651,19.795316696166992,14.364238739013672,5.275385856628418
6652,19.687116622924805,14.275534629821777,5.256752967834473
6653,19.58524513244629,14.18232250213623,5.248836517333984
6654,19.48406410217285,14.081317901611328,5.249305248260498
6655,19.384113311767578,14.000651359558105,5.230892658233643
6656,19.282384872436523,13.894121170043945,5.236175537109375
6657,19.177230834960938,13.813971519470215,5.212067127227783
6658,19.076021194458008,13.720786094665527,5.2047295570373535
6659,18.97820281982422,13.630813598632812,5.197544574737549
6660,18.88064193725586,13.54869270324707,5.18290901184082
6661,18.786832809448242,13.448935508728027,5.189448833465576
6662,18.69310760498047,13.369650840759277,5.175834655761719
6663,18.596132278442383,13.263737678527832,5.185328960418701
6664,18.50012969970703,13.185678482055664,5.168273448944092
6665,18.405929565429688,13.07799243927002,5.182197570800781
6666,18.309545516967773,13.002424240112305,5.162335395812988
6667,18.213985443115234,12.89674186706543,5.172945022583008
6668,18.12204933166504,12.819098472595215,5.159480571746826
6669,18.03103256225586,12.716780662536621,5.171307563781738
6670,17.940994262695312,12.640904426574707,5.157961845397949
6671,17.857229232788086,12.53261947631836,5.182894229888916
6672,17.785037994384766,12.47006893157959,5.174295425415039
6673,17.740327835083008,12.34714412689209,5.252641201019287
6674,17.773204803466797,12.315058708190918,5.318992614746094
6675,18.045272827148438,12.148571968078613,5.757071018218994
6676,19.094282150268555,12.210949897766113,6.746164798736572
6677,22.660369873046875,11.896018028259277,10.624564170837402
6678,35.12559509277344,12.29168701171875,22.700336456298828
6679,74.11494445800781,11.542295455932617,62.42866897583008
6680,193.38011169433594,13.183319091796875,180.07080078125
6681,361.0388488769531,11.948493003845215,348.93048095703125
6682,352.8150329589844,15.110870361328125,337.5826416015625
6683,85.867919921875,14.481691360473633,71.23658752441406
6684,159.48252868652344,13.7139253616333,145.62106323242188
6685,191.18849182128906,18.906152725219727,172.17181396484375
6686,97.9201889038086,19.39606475830078,78.41316223144531
6687,134.09915161132812,17.29726791381836,116.664794921875
6688,58.223854064941406,21.371488571166992,36.711917877197266
6689,129.2930145263672,25.389406204223633,103.76522064208984
6690,41.660736083984375,25.06892967224121,16.446786880493164
6691,92.95221710205078,23.124042510986328,69.69096374511719
6692,46.55670928955078,23.34181022644043,23.103593826293945
6693,83.92010498046875,26.153167724609375,57.67133712768555
6694,43.14432907104492,25.962989807128906,17.081756591796875
6695,62.783546447753906,25.198238372802734,37.47722244262695
6696,54.706886291503906,27.527223587036133,27.075502395629883
6697,49.371673583984375,31.154052734375,18.12408447265625
6698,56.277565002441406,32.46532440185547,23.72492790222168
6699,42.34468078613281,30.9702091217041,11.286694526672363
6700,51.75655746459961,29.456073760986328,22.20901107788086
6701,47.65715026855469,29.849178314208984,17.71407127380371
6702,43.05995559692383,31.450328826904297,11.514605522155762
6703,49.05756378173828,32.03213882446289,16.927978515625
6704,39.616241455078125,31.1636962890625,8.351372718811035
6705,45.11529541015625,30.367448806762695,14.644529342651367
6706,41.92921829223633,31.0407657623291,10.788591384887695
6707,40.380332946777344,32.444580078125,7.843456268310547
6708,41.23963165283203,32.570068359375,8.582168579101562
6709,38.5843391418457,30.943172454833984,7.552035808563232
6710,38.721397399902344,29.119352340698242,9.50699520111084
6711,37.349578857421875,28.955810546875,8.294232368469238
6712,37.200584411621094,29.73563575744629,7.364365577697754
6713,35.894683837890625,29.74850845336914,6.0451459884643555
6714,35.24943542480469,28.802734375,6.343804359436035
6715,35.724117279052734,28.10575294494629,7.513670921325684
6716,32.39750671386719,28.075084686279297,4.216715335845947
6717,34.55598068237305,27.8432559967041,6.605218410491943
6718,31.342914581298828,26.9324951171875,4.300422191619873
6719,32.714317321777344,26.04227066040039,6.560312271118164
6720,30.997520446777344,25.816877365112305,5.068340301513672
6721,29.980182647705078,25.93663215637207,3.93083119392395
6722,30.716062545776367,25.808828353881836,4.793665409088135
6723,28.72408676147461,25.157821655273438,3.4516167640686035
6724,29.68718719482422,24.508668899536133,5.062331199645996
6725,27.64614486694336,24.10453987121582,3.422989845275879
6726,28.141277313232422,23.744911193847656,4.275094509124756
6727,27.173696517944336,23.17497444152832,3.8758628368377686
6728,26.732833862304688,22.594472885131836,4.015167713165283
6729,26.465442657470703,22.20137596130371,4.140721321105957
6730,25.733539581298828,21.99266242980957,3.6166694164276123
6731,25.783554077148438,21.739919662475586,3.9181783199310303
6732,24.766592025756836,21.24605369567871,3.394035577774048
6733,24.855609893798828,20.661935806274414,4.066167831420898
6734,24.067556381225586,20.247591018676758,3.691263198852539
6735,24.03965950012207,20.03354263305664,3.8768136501312256
6736,23.40292739868164,19.792030334472656,3.4819507598876953
6737,23.161739349365234,19.39545440673828,3.6373300552368164
6738,22.832138061523438,19.043886184692383,3.6582560539245605
6739,22.34328842163086,18.86733627319336,3.345031261444092
6740,22.289840698242188,18.64075469970703,3.517845630645752
6741,21.61778450012207,18.180213928222656,3.305803060531616
6742,21.68782615661621,17.75063133239746,3.8048155307769775
6743,21.0679874420166,17.549888610839844,3.3855702877044678
6744,21.070844650268555,17.371713638305664,3.5661890506744385
6745,20.595916748046875,17.035356521606445,3.4266746044158936
6746,20.429794311523438,16.722728729248047,3.572782278060913
6747,20.133460998535156,16.543460845947266,3.455986738204956
6748,19.932392120361328,16.344757080078125,3.453845262527466
6749,19.595924377441406,16.0451602935791,3.4172616004943848
6750,19.517026901245117,15.76412582397461,3.6194674968719482
6751,19.103403091430664,15.5763521194458,3.392805337905884
6752,19.034883499145508,15.414246559143066,3.4854867458343506
6753,18.723466873168945,15.180024147033691,3.407932758331299
6754,18.570035934448242,14.926274299621582,3.5079705715179443
6755,18.333524703979492,14.76719856262207,3.43062424659729
6756,18.199169158935547,14.617807388305664,3.4460976123809814
6757,17.928064346313477,14.36999225616455,3.4226620197296143
6758,17.819398880004883,14.16812515258789,3.5157554149627686
6759,17.602354049682617,14.055961608886719,3.411356210708618
6760,17.43712043762207,13.87458324432373,3.427755355834961
6761,17.27858543395996,13.653482437133789,3.490708827972412
6762,17.12920570373535,13.50529956817627,3.490147590637207
6763,16.944337844848633,13.354022979736328,3.4563920497894287
6764,16.802936553955078,13.17873764038086,3.4901046752929688
6765,16.677391052246094,13.023006439208984,3.52075457572937
6766,16.49312400817871,12.875079154968262,3.484715223312378
6767,16.375513076782227,12.738029479980469,3.5047366619110107
6768,16.22991180419922,12.580166816711426,3.5177574157714844
6769,16.112459182739258,12.408095359802246,3.572624921798706
6770,15.945333480834961,12.286425590515137,3.5276131629943848
6771,15.835229873657227,12.15255355834961,3.5518546104431152
6772,15.712000846862793,11.99433708190918,3.587334394454956
6773,15.580656051635742,11.877721786499023,3.5734381675720215
6774,15.453414916992188,11.746065139770508,3.5782060623168945
6775,15.3207426071167,11.60218334197998,3.5898914337158203
6776,15.227785110473633,11.470372200012207,3.6294820308685303
6777,15.096101760864258,11.33596134185791,3.6326284408569336
6778,14.978500366210938,11.219922065734863,3.6318628787994385
6779,14.86362075805664,11.089826583862305,3.6477389335632324
6780,14.757740020751953,10.966691970825195,3.6654131412506104
6781,14.65976333618164,10.86285400390625,3.6719870567321777
6782,14.537857055664062,10.726977348327637,3.686525583267212
6783,14.433074951171875,10.611498832702637,3.6981089115142822
6784,14.329541206359863,10.504055976867676,3.7027339935302734
6785,14.232914924621582,10.385185241699219,3.7254581451416016
6786,14.139784812927246,10.283068656921387,3.7351388931274414
6787,14.032547950744629,10.174466133117676,3.7368757724761963
6788,13.933881759643555,10.0745849609375,3.7388038635253906
6789,13.837198257446289,9.965733528137207,3.751674175262451
6790,13.745271682739258,9.865984916687012,3.760106086730957
6791,13.659605979919434,9.775479316711426,3.7656733989715576
6792,13.56789779663086,9.666220664978027,3.783721446990967
6793,13.475361824035645,9.583415031433105,3.7748003005981445
6794,13.384222984313965,9.488897323608398,3.7786998748779297
6795,13.293237686157227,9.395111083984375,3.782132625579834
6796,13.207695007324219,9.30961799621582,3.782682418823242
6797,13.126920700073242,9.223605155944824,3.788450241088867
6798,13.044868469238281,9.135403633117676,3.7953553199768066
6799,12.964584350585938,9.04422378540039,3.8067939281463623
6800,12.885261535644531,8.972479820251465,3.800034999847412
6801,12.803604125976562,8.87551212310791,3.8157763481140137
6802,12.722391128540039,8.804866790771484,3.8060195446014404
6803,12.645326614379883,8.723923683166504,3.8103740215301514
6804,12.566640853881836,8.648146629333496,3.808251142501831
6805,12.490579605102539,8.566645622253418,3.8140978813171387
6806,12.419957160949707,8.505865097045898,3.8050639629364014
6807,12.353939056396484,8.416234016418457,3.8289904594421387
6808,12.298989295959473,8.36135482788086,3.829848289489746
6809,12.276263236999512,8.275616645812988,3.8930370807647705
6810,12.325342178344727,8.225311279296875,3.9936249256134033
6811,12.572916030883789,8.123003959655762,4.343156337738037
6812,13.358566284179688,8.11249828338623,5.141451835632324
6813,15.778058052062988,7.952107906341553,7.719470977783203
6814,22.766185760498047,8.05861759185791,14.605827331542969
6815,44.53073501586914,7.762495040893555,36.65999984741211
6816,100.32808685302734,8.25125789642334,91.9811019897461
6817,248.54417419433594,7.751180171966553,240.67816162109375
6818,330.52001953125,9.569136619567871,320.8658447265625
6819,212.32504272460938,8.4130220413208,203.80752563476562
6820,244.80377197265625,12.243613243103027,232.4732666015625
6821,410.8178405761719,16.490764617919922,394.2554016113281
6822,166.865478515625,15.447848320007324,151.3280029296875
6823,130.59310913085938,18.65499496459961,111.85332489013672
6824,140.20828247070312,21.888540267944336,118.24542236328125
6825,82.61311340332031,28.130489349365234,54.40530014038086
6826,72.20240020751953,29.179853439331055,42.937347412109375
6827,83.25360107421875,27.00669288635254,56.164710998535156
6828,67.34268188476562,29.384246826171875,37.88799285888672
6829,90.92823791503906,35.99736404418945,54.8683967590332
6830,59.77159881591797,35.23457717895508,24.472925186157227
6831,77.15821838378906,34.04718017578125,43.039894104003906
6832,62.645606994628906,38.61438751220703,23.956634521484375
6833,66.06008911132812,39.975669860839844,26.013492584228516
6834,71.09577178955078,38.3968505859375,32.63452911376953
6835,57.61223602294922,41.60389709472656,15.950973510742188
6836,65.44518280029297,45.34885025024414,20.043386459350586
6837,52.56597137451172,44.1358528137207,8.37589168548584
6838,64.2825927734375,42.55080032348633,21.67266845703125
6839,58.9256591796875,44.084877014160156,14.779336929321289
6840,57.32220458984375,46.15203857421875,11.111529350280762
6841,53.8812370300293,46.06398010253906,7.76199197769165
6842,57.68015670776367,45.35794448852539,12.266380310058594
6843,52.607330322265625,44.9818115234375,7.565251350402832
6844,54.544586181640625,43.7286262512207,10.750726699829102
6845,52.05725860595703,42.230159759521484,9.760444641113281
6846,50.97612762451172,42.27887725830078,8.63277816772461
6847,49.904808044433594,42.61967849731445,7.223815441131592
6848,49.22736358642578,41.329402923583984,7.838951587677002
6849,48.29890441894531,39.99065017700195,8.250398635864258
6850,46.088966369628906,40.07469177246094,5.95560359954834
6851,46.661766052246094,39.65735626220703,6.941635608673096
6852,43.63164138793945,38.07878875732422,5.484751224517822
6853,43.48686981201172,37.46161651611328,5.954723358154297
6854,42.688453674316406,38.008140563964844,4.610345840454102
6855,41.638145446777344,37.131370544433594,4.436709403991699
6856,40.42292785644531,35.03407287597656,5.317136764526367
6857,38.6955680847168,34.26552963256836,4.357345104217529
6858,39.00804138183594,34.190467834472656,4.744475841522217
6859,36.70619201660156,33.04527282714844,3.586512327194214
6860,36.65651321411133,31.8511905670166,4.729931354522705
6861,34.84180450439453,31.546554565429688,3.220163106918335
6862,34.752830505371094,31.022884368896484,3.654492139816284
6863,33.29537582397461,29.583364486694336,3.6346230506896973
6864,33.07018280029297,28.216337203979492,4.774226665496826
6865,31.586181640625,27.723955154418945,3.781216621398926
6866,31.482206344604492,27.475229263305664,3.9250924587249756
6867,30.41948127746582,26.65987777709961,3.6765811443328857
6868,29.860187530517578,25.77617073059082,3.999826431274414
6869,28.949935913085938,25.358966827392578,3.506071090698242
6870,28.694692611694336,24.903358459472656,3.7057652473449707
6871,27.674415588378906,24.105453491210938,3.4825401306152344
6872,27.297714233398438,23.46759033203125,3.7429556846618652
6873,26.676942825317383,23.08587074279785,3.503171443939209
6874,26.11204719543457,22.40948486328125,3.6137280464172363
6875,25.748722076416016,21.613161087036133,4.045870304107666
6876,24.894094467163086,21.26836585998535,3.5356953144073486
6877,24.634197235107422,20.91313934326172,3.6306545734405518
6878,24.056371688842773,20.209306716918945,3.755835771560669
6879,23.497573852539062,19.724414825439453,3.681328773498535
6880,23.175973892211914,19.323001861572266,3.7606139183044434
6881,22.82267189025879,18.812007904052734,3.917670488357544
6882,22.216842651367188,18.488061904907227,3.6355466842651367
6883,22.005767822265625,18.199155807495117,3.712796449661255
6884,21.52052116394043,17.810815811157227,3.614745616912842
6885,21.156259536743164,17.50662612915039,3.554232358932495
6886,20.86138153076172,17.219289779663086,3.547085762023926
6887,20.448810577392578,16.839845657348633,3.5142881870269775
6888,20.188661575317383,16.522552490234375,3.5714948177337646
6889,19.79563331604004,16.26091194152832,3.4398632049560547
6890,19.457305908203125,15.908042907714844,3.4536750316619873
6891,19.1173152923584,15.588956832885742,3.4322874546051025
6892,18.74069595336914,15.387590408325195,3.2572972774505615
6893,18.471078872680664,15.104304313659668,3.271001100540161
6894,18.136760711669922,14.72890853881836,3.3115994930267334
6895,17.814897537231445,14.454145431518555,3.2645339965820312
6896,17.572200775146484,14.21272087097168,3.2636663913726807
6897,17.287460327148438,13.904032707214355,3.287633180618286
6898,17.046630859375,13.671591758728027,3.279236316680908
6899,16.83328628540039,13.496347427368164,3.2412521839141846
6900,16.552566528320312,13.239812850952148,3.2169182300567627
6901,16.357370376586914,13.017861366271973,3.2435877323150635
6902,16.130977630615234,12.852578163146973,3.1827545166015625
6903,15.875859260559082,12.595996856689453,3.1845076084136963
6904,15.672581672668457,12.383463859558105,3.1941373348236084
6905,15.480737686157227,12.232561111450195,3.15350341796875
6906,15.243895530700684,11.96804141998291,3.1810238361358643
6907,15.036988258361816,11.778315544128418,3.163806200027466
6908,14.857022285461426,11.630183219909668,3.1321184635162354
6909,14.685892105102539,11.407865524291992,3.1833858489990234
6910,14.513269424438477,11.24486255645752,3.1740615367889404
6911,14.318422317504883,11.039735794067383,3.184516429901123
6912,14.14436149597168,10.8889741897583,3.1616649627685547
6913,13.994830131530762,10.696389198303223,3.2049808502197266
6914,13.864294052124023,10.526076316833496,3.2449073791503906
6915,13.738327026367188,10.404594421386719,3.2406325340270996
6916,13.61207103729248,10.233760833740234,3.2851152420043945
6917,13.47387409210205,10.114396095275879,3.266345977783203
6918,13.332679748535156,9.934958457946777,3.3046514987945557
6919,13.180004119873047,9.812424659729004,3.2751975059509277
6920,13.020393371582031,9.630017280578613,3.298431634902954
6921,12.865901947021484,9.491628646850586,3.2829666137695312
6922,12.713180541992188,9.330781936645508,3.2915596961975098
6923,12.570711135864258,9.218873977661133,3.261443614959717
6924,12.43320369720459,9.0841064453125,3.2590036392211914
6925,12.308481216430664,8.956965446472168,3.26170015335083
6926,12.189420700073242,8.85989761352539,3.2400596141815186
6927,12.07882022857666,8.717976570129395,3.2716550827026367
6928,11.979349136352539,8.620514869689941,3.2700185775756836
6929,11.899092674255371,8.472308158874512,3.3382644653320312
6930,11.84714126586914,8.40900707244873,3.3502256870269775
6931,11.876579284667969,8.234306335449219,3.554569721221924
6932,12.131258964538574,8.237763404846191,3.806403875350952
6933,13.065011024475098,7.975203514099121,5.002798080444336
6934,16.34896469116211,8.197929382324219,8.064976692199707
6935,27.126502990722656,7.606271743774414,19.433380126953125
6936,67.08909606933594,8.566139221191406,58.43821716308594
6937,171.52090454101562,6.969357013702393,164.46304321289062
6938,433.6873474121094,10.572888374328613,423.0335998535156
6939,434.1473083496094,8.39111042022705,425.6593322753906
6940,163.89878845214844,12.695892333984375,151.140869140625
6941,170.98062133789062,15.75853443145752,155.16172790527344
6942,109.40640258789062,14.547712326049805,94.78121948242188
6943,110.09796142578125,18.528608322143555,91.49274444580078
6944,116.1669692993164,24.205902099609375,91.89723205566406
6945,88.2003173828125,22.58710479736328,65.54967498779297
6946,93.754638671875,19.90383529663086,73.78671264648438
6947,75.60787963867188,22.901742935180664,52.64545440673828
6948,83.41914367675781,26.3474063873291,57.00874328613281
6949,64.92591857910156,24.862579345703125,39.99295425415039
6950,75.03437805175781,23.236522674560547,51.730140686035156
6951,57.64098358154297,25.744117736816406,31.84127426147461
6952,65.78156280517578,29.793746948242188,35.93822479248047
6953,53.03965759277344,28.14235496520996,24.845149993896484
6954,59.23731231689453,24.953393936157227,34.2258415222168
6955,46.59754943847656,26.55691146850586,19.979726791381836
6956,53.92897033691406,29.598398208618164,24.272409439086914
6957,42.494205474853516,30.122257232666016,12.31888484954834
6958,53.743682861328125,28.425817489624023,25.266603469848633
6959,43.111053466796875,27.69107437133789,15.365242958068848
6960,44.6781120300293,28.624990463256836,15.992635726928711
6961,40.36484909057617,28.5159912109375,11.784564018249512
6962,44.47083282470703,27.163061141967773,17.241281509399414
6963,35.387107849121094,26.708091735839844,8.612196922302246
6964,42.39777374267578,27.417226791381836,14.916165351867676
6965,35.08997344970703,27.495229721069336,7.53352165222168
6966,38.709930419921875,26.770971298217773,11.877031326293945
6967,32.5432014465332,25.709625244140625,6.768630504608154
6968,35.73362731933594,24.800172805786133,10.868451118469238
6969,31.25244140625,24.499784469604492,6.691335678100586
6970,32.926116943359375,24.98088264465332,7.886384010314941
6971,29.829307556152344,24.69332504272461,5.074348449707031
6972,29.784883499145508,23.603525161743164,6.112617492675781
6973,30.4899959564209,23.222414016723633,7.193788051605225
6974,28.44182586669922,23.377513885498047,4.9906511306762695
6975,27.161773681640625,23.029977798461914,4.060150623321533
6976,27.600440979003906,22.118419647216797,5.411552429199219
6977,26.699357986450195,21.40564727783203,5.223954677581787
6978,25.847103118896484,21.23219108581543,4.545502185821533
6979,25.296764373779297,21.0054874420166,4.220852375030518
6980,24.487594604492188,20.40422248840332,4.011038303375244
6981,24.481521606445312,19.859760284423828,4.548404693603516
6982,24.087160110473633,19.54316520690918,4.470108509063721
6983,22.349353790283203,19.111570358276367,3.162088394165039
6984,23.238845825195312,18.46272087097168,4.6981611251831055
6985,21.853633880615234,17.96687126159668,3.8080155849456787
6986,22.059171676635742,17.762550354003906,4.217597961425781
6987,21.213773727416992,17.55226707458496,3.5809154510498047
6988,20.728038787841797,17.14888572692871,3.496853828430176
6989,20.725536346435547,16.799877166748047,3.8433761596679688
6990,19.962108612060547,16.607372283935547,3.2733631134033203
6991,19.833675384521484,16.279998779296875,3.472472667694092
6992,19.12570571899414,15.730156898498535,3.3136916160583496
6993,19.05553436279297,15.385251998901367,3.587484359741211
6994,18.573583602905273,15.24276351928711,3.2470974922180176
6995,18.110017776489258,14.953039169311523,3.072599411010742
6996,17.962963104248047,14.623068809509277,3.254956007003784
6997,17.50122833251953,14.422286033630371,2.9929051399230957
6998,17.356103897094727,14.114398956298828,3.1543068885803223
6999,16.92417335510254,13.73831558227539,3.0980448722839355
7000,16.835498809814453,13.551777839660645,3.1961703300476074
7001,16.352203369140625,13.366372108459473,2.897878408432007
7002,16.200305938720703,13.06766414642334,3.044365882873535
7003,15.940759658813477,12.8837890625,2.9692564010620117
7004,15.66211986541748,12.74715805053711,2.827285051345825
7005,15.559167861938477,12.495587348937988,2.9752509593963623
7006,15.291034698486328,12.226515769958496,2.9760799407958984
7007,15.019368171691895,12.031506538391113,2.8994150161743164
7008,14.95334529876709,11.925127029418945,2.9395482540130615
7009,14.663536071777344,11.742701530456543,2.8317275047302246
7010,14.497278213500977,11.484018325805664,2.923283100128174
7011,14.259438514709473,11.375405311584473,2.7940690517425537
7012,14.156435012817383,11.22965145111084,2.837486982345581
7013,13.92013931274414,10.917545318603516,2.9134323596954346
7014,13.699976921081543,10.741660118103027,2.869657278060913
7015,13.570901870727539,10.627721786499023,2.8551926612854004
7016,13.425719261169434,10.432469367980957,2.905365228652954
7017,13.173086166381836,10.316423416137695,2.768683433532715
7018,13.059292793273926,10.19719123840332,2.773818016052246
7019,12.905448913574219,10.019547462463379,2.7975308895111084
7020,12.73804759979248,9.91434383392334,2.73555588722229
7021,12.598020553588867,9.755722045898438,2.7540080547332764
7022,12.492466926574707,9.544779777526855,2.8595848083496094
7023,12.333511352539062,9.443334579467773,2.80287504196167
7024,12.216552734375,9.300383567810059,2.829420566558838
7025,12.111699104309082,9.116922378540039,2.9083642959594727
7026,12.007533073425293,9.017220497131348,2.9041948318481445
7027,11.876826286315918,8.881046295166016,2.9098455905914307
7028,11.763310432434082,8.772248268127441,2.905351400375366
7029,11.668460845947266,8.6851224899292,2.8976285457611084
7030,11.578137397766113,8.558112144470215,2.934361219406128
7031,11.457113265991211,8.494277000427246,2.8776347637176514
7032,11.341383934020996,8.379612922668457,2.876821756362915
7033,11.255736351013184,8.246726989746094,2.924274206161499
7034,11.163291931152344,8.152518272399902,2.9266180992126465
7035,11.058494567871094,8.018306732177734,2.9565343856811523
7036,10.948281288146973,7.932442665100098,2.9325244426727295
7037,10.839780807495117,7.8038153648376465,2.9529478549957275
7038,10.726433753967285,7.716304302215576,2.9274559020996094
7039,10.637575149536133,7.626447677612305,2.9288179874420166
7040,10.552216529846191,7.503233432769775,2.9669830799102783
7041,10.475297927856445,7.430538654327393,2.96309757232666
7042,10.417295455932617,7.3120293617248535,3.0240349769592285
7043,10.383258819580078,7.266974925994873,3.035611629486084
7044,10.412358283996582,7.117567539215088,3.214411973953247
7045,10.629732131958008,7.137223243713379,3.412778854370117
7046,11.386978149414062,6.904241561889648,4.403294563293457
7047,13.985087394714355,7.092775821685791,6.813648223876953
7048,22.445526123046875,6.579278469085693,15.787049293518066
7049,52.40437316894531,7.375524520874023,44.951629638671875
7050,134.27777099609375,5.971939563751221,128.22567749023438
7051,319.346923828125,9.02364444732666,310.248779296875
7052,244.6265869140625,6.690007209777832,237.85057067871094
7053,38.808349609375,9.716644287109375,29.02646827697754
7054,153.40676879882812,14.829345703125,138.51927185058594
7055,39.8175048828125,11.89632511138916,27.845293045043945
7056,118.37043762207031,12.721491813659668,105.56452178955078
7057,111.89252471923828,17.95567512512207,93.86769104003906
7058,30.758426666259766,18.180461883544922,12.515231132507324
7059,97.37992858886719,16.570816040039062,80.74512481689453
7060,41.82408142089844,20.014368057250977,21.747058868408203
7061,81.9297103881836,24.317461013793945,57.54514694213867
7062,71.9245376586914,22.90294075012207,48.94550323486328
7063,52.577880859375,23.922664642333984,28.58971405029297
7064,73.265625,29.401142120361328,43.80927658081055
7065,57.63927459716797,27.576801300048828,30.003231048583984
7066,59.934898376464844,24.711999893188477,35.16045379638672
7067,44.85015869140625,27.66997528076172,17.12032127380371
7068,58.62945556640625,27.817073822021484,30.751249313354492
7069,49.2540283203125,24.276229858398438,24.91489601135254
7070,42.31513977050781,25.307348251342773,16.94671058654785
7071,52.715354919433594,27.4244327545166,25.227214813232422
7072,33.67070388793945,24.90654182434082,8.693594932556152
7073,47.335662841796875,23.620859146118164,23.641008377075195
7074,36.95158386230469,25.701473236083984,11.180899620056152
7075,35.0491943359375,25.777441024780273,9.209051132202148
7076,38.03350067138672,23.642269134521484,14.332511901855469
7077,33.19517135620117,23.932369232177734,9.20543098449707
7078,34.60054016113281,24.633548736572266,9.906051635742188
7079,31.063133239746094,23.145551681518555,7.848494529724121
7080,29.86255645751953,21.84612274169922,7.943358421325684
7081,29.820056915283203,21.790740966796875,7.958277702331543
7082,29.483491897583008,22.250732421875,7.164131164550781
7083,27.37051773071289,21.72964859008789,5.573739051818848
7084,27.786497116088867,20.754281997680664,6.965507507324219
7085,25.315143585205078,20.603675842285156,4.644326210021973
7086,27.084514617919922,20.761302947998047,6.256430149078369
7087,24.05780792236328,20.009628295898438,3.982924461364746
7088,24.72534942626953,18.902040481567383,5.758844375610352
7089,22.69739532470703,18.331527709960938,4.300278186798096
7090,23.46207046508789,18.16704559326172,5.2275776863098145
7091,21.894817352294922,17.79709243774414,4.0285420417785645
7092,21.355682373046875,17.234689712524414,4.04923677444458
7093,21.49493408203125,16.885723114013672,4.536364555358887
7094,20.023731231689453,16.64166831970215,3.3118271827697754
7095,20.51849365234375,16.31690216064453,4.133571624755859
7096,18.993675231933594,15.919940948486328,3.0046517848968506
7097,19.002458572387695,15.44517993927002,3.4861857891082764
7098,18.656005859375,14.973857879638672,3.610513925552368
7099,18.044599533081055,14.750460624694824,3.2231972217559814
7100,18.10658073425293,14.632673263549805,3.403299570083618
7101,17.190711975097656,14.195754051208496,2.9235448837280273
7102,17.376480102539062,13.695491790771484,3.608205795288086
7103,16.491065979003906,13.542896270751953,2.8746209144592285
7104,16.69561004638672,13.392650604248047,3.229151964187622
7105,15.965682983398438,12.850412368774414,3.0408480167388916
7106,15.953592300415039,12.417580604553223,3.461320638656616
7107,15.596344947814941,12.348922729492188,3.173379898071289
7108,15.219661712646484,12.151469230651855,2.994293212890625
7109,15.03897762298584,11.740941047668457,3.223109006881714
7110,14.751323699951172,11.593764305114746,3.082257032394409
7111,14.563207626342773,11.562484741210938,2.9263129234313965
7112,14.151326179504395,11.24971866607666,2.8275396823883057
7113,14.108988761901855,10.934733390808105,3.0995054244995117
7114,13.761665344238281,10.88516616821289,2.8011553287506104
7115,13.69410228729248,10.745562553405762,2.8725359439849854
7116,13.402436256408691,10.41313362121582,2.912585973739624
7117,13.20628547668457,10.254322052001953,2.8758082389831543
7118,13.121664047241211,10.192131042480469,2.854471445083618
7119,12.793126106262207,9.911002159118652,2.8069465160369873
7120,12.689653396606445,9.65278434753418,2.961521625518799
7121,12.468982696533203,9.583911895751953,2.8103604316711426
7122,12.25872802734375,9.413640022277832,2.7705252170562744
7123,12.10824203491211,9.165718078613281,2.867983818054199
7124,11.885986328125,9.079151153564453,2.7327158451080322
7125,11.708012580871582,9.010759353637695,2.622828483581543
7126,11.550716400146484,8.849533081054688,2.6263394355773926
7127,11.479461669921875,8.703262329101562,2.701629638671875
7128,11.268448829650879,8.59395694732666,2.600318670272827
7129,11.18350601196289,8.483304023742676,2.6266729831695557
7130,11.092151641845703,8.306178092956543,2.712686777114868
7131,10.993062973022461,8.139867782592773,2.77974009513855
7132,10.84339714050293,8.058111190795898,2.7124180793762207
7133,10.710883140563965,7.906674861907959,2.7317276000976562
7134,10.612997055053711,7.744958400726318,2.7956767082214355
7135,10.498668670654297,7.655507564544678,2.771104335784912
7136,10.442814826965332,7.577067852020264,2.7936389446258545
7137,10.348978042602539,7.494531154632568,2.7824296951293945
7138,10.262006759643555,7.384223937988281,2.8060145378112793
7139,10.155399322509766,7.345635890960693,2.73870587348938
7140,10.082902908325195,7.265081405639648,2.7471365928649902
7141,10.01091480255127,7.139596939086914,2.8007612228393555
7142,9.940022468566895,7.069375991821289,2.8003339767456055
7143,9.881638526916504,7.006418228149414,2.805222272872925
7144,9.81092357635498,6.933042049407959,2.808199167251587
7145,9.756457328796387,6.854622840881348,2.8319849967956543
7146,9.678717613220215,6.828073501586914,2.781127691268921
7147,9.610260963439941,6.776261329650879,2.7645294666290283
7148,9.535140991210938,6.704386234283447,2.7617640495300293
7149,9.470720291137695,6.627729892730713,2.77443790435791
7150,9.41355037689209,6.5976128578186035,2.748039484024048
7151,9.351905822753906,6.508736610412598,2.7755377292633057
7152,9.303318977355957,6.458629608154297,2.777416229248047
7153,9.254995346069336,6.405135154724121,2.782756805419922
7154,9.234923362731934,6.386882781982422,2.781262159347534
7155,9.25809097290039,6.302098751068115,2.888911485671997
7156,9.374700546264648,6.289762020111084,3.0184078216552734
7157,9.719391822814941,6.199596405029297,3.4531586170196533
7158,10.601402282714844,6.197861194610596,4.338188648223877
7159,12.908206939697266,6.018100261688232,6.82411527633667
7160,18.695796966552734,6.1546759605407715,12.477388381958008
7161,33.629241943359375,5.829472541809082,27.733901977539062
7162,66.93815612792969,6.252178192138672,60.62492370605469
7163,129.20205688476562,5.562148094177246,123.57429504394531
7164,148.16729736328125,6.599275588989258,141.51290893554688
7165,73.55615997314453,5.415308952331543,68.08418273925781
7166,26.8094482421875,6.158463001251221,20.598106384277344
7167,74.97185516357422,6.758480072021484,68.16258239746094
7168,43.73955535888672,5.78165864944458,37.904815673828125
7169,40.861663818359375,6.938276290893555,33.87576675415039
7170,59.43467330932617,7.8742547035217285,51.51486587524414
7171,50.74270248413086,7.856587886810303,42.83237838745117
7172,35.3057746887207,7.662062644958496,27.595460891723633
7173,56.228214263916016,9.40437126159668,46.78340530395508
7174,29.54328155517578,8.940268516540527,20.557090759277344
7175,36.160072326660156,8.399019241333008,27.71204376220703
7176,42.79570007324219,8.901942253112793,33.84990692138672
7177,18.83416175842285,10.031644821166992,8.755334854125977
7178,35.30585479736328,10.836116790771484,24.42043685913086
7179,21.079349517822266,10.679765701293945,10.354490280151367
7180,26.30371856689453,11.00464916229248,15.253682136535645
7181,24.777660369873047,11.489974975585938,13.236959457397461
7182,22.0264892578125,11.79666519165039,10.179760932922363
7183,21.78763198852539,11.394049644470215,10.348956108093262
7184,23.82285499572754,11.024471282958984,12.753923416137695
7185,18.71843719482422,11.865544319152832,6.804690361022949
7186,20.67386245727539,11.847429275512695,8.778942108154297
7187,19.97235679626465,10.743892669677734,9.18482780456543
7188,17.213651657104492,10.706915855407715,6.46354341506958
7189,19.21397590637207,11.482626914978027,7.684960842132568
7190,17.398746490478516,11.546948432922363,5.804266929626465
7191,16.336946487426758,10.904528617858887,5.386748313903809
7192,16.849641799926758,10.71593952178955,6.0873188972473145
7193,15.938949584960938,10.85119342803955,5.039021968841553
7194,15.000652313232422,10.518842697143555,4.434175968170166
7195,15.046918869018555,9.589457511901855,5.4118876457214355
7196,14.584083557128906,9.124990463256836,5.412670612335205
7197,13.771272659301758,9.561270713806152,4.162033557891846
7198,13.588595390319824,9.550349235534668,3.9903781414031982
7199,13.751380920410156,8.943767547607422,4.759578704833984
7200,12.175575256347656,8.99538803100586,3.1299965381622314
7201,13.254617691040039,9.258880615234375,3.943453788757324
7202,11.719342231750488,8.717938423156738,2.9495689868927
7203,12.479658126831055,8.265532493591309,4.163816928863525
7204,11.023106575012207,8.367993354797363,2.605588674545288
7205,11.987343788146973,8.317487716674805,3.6208155155181885
7206,10.978780746459961,7.899909496307373,3.0299954414367676
7207,10.84001636505127,7.734630107879639,3.0553739070892334
7208,11.162934303283691,7.828500747680664,3.2825374603271484
7209,10.137248039245605,7.622138500213623,2.4622716903686523
7210,10.690777778625488,7.365220546722412,3.2724318504333496
7211,10.06893539428711,7.41008996963501,2.604940414428711
7212,9.958322525024414,7.275483131408691,2.6289877891540527
7213,9.948007583618164,6.870782375335693,3.024832010269165
7214,9.361104011535645,6.73416805267334,2.5751426219940186
7215,9.644186019897461,6.6648783683776855,2.9272947311401367
7216,9.142040252685547,6.368339538574219,2.7220211029052734
7217,8.99722671508789,6.25252628326416,2.692429542541504
7218,9.106895446777344,6.296082019805908,2.757166624069214
7219,8.586530685424805,6.0896759033203125,2.443300247192383
7220,8.713597297668457,5.9250006675720215,2.7353522777557373
7221,8.50777530670166,5.908812046051025,2.5451769828796387
7222,8.296158790588379,5.757026195526123,2.4856934547424316
7223,8.319673538208008,5.59609842300415,2.6708507537841797
7224,8.027938842773438,5.559356689453125,2.4157955646514893
7225,8.081594467163086,5.4798173904418945,2.549147129058838
7226,7.901905059814453,5.32301139831543,2.526637077331543
7227,7.745012283325195,5.228282451629639,2.4642550945281982
7228,7.765501499176025,5.190845012664795,2.521836280822754
7229,7.546050071716309,5.092318534851074,2.401134729385376
7230,7.5332112312316895,4.981997013092041,2.498922348022461
7231,7.407016754150391,4.935756683349609,2.4188623428344727
7232,7.296916961669922,4.841442584991455,2.403434991836548
7233,7.264797210693359,4.695822715759277,2.5177197456359863
7234,7.105566024780273,4.6324849128723145,2.4220707416534424
7235,7.083565711975098,4.587513446807861,2.4452404975891113
7236,6.967630386352539,4.479851722717285,2.437274217605591
7237,6.8830389976501465,4.414175510406494,2.4181666374206543
7238,6.82835578918457,4.385624885559082,2.3917956352233887
7239,6.707263469696045,4.298849582672119,2.357565402984619
7240,6.665295600891113,4.221641540527344,2.3929941654205322
7241,6.563304901123047,4.178696155548096,2.33406400680542
7242,6.5002007484436035,4.096963405609131,2.3529324531555176
7243,6.423819541931152,4.013288497924805,2.360758066177368
7244,6.342738151550293,3.952721357345581,2.3404457569122314
7245,6.311631202697754,3.8980724811553955,2.3639204502105713
7246,6.230247974395752,3.850067615509033,2.3307125568389893
7247,6.184592247009277,3.7917680740356445,2.3433806896209717
7248,6.1213603019714355,3.7631425857543945,2.3087451457977295
7249,6.0698137283325195,3.7148094177246094,2.305656909942627
7250,6.036877632141113,3.6467373371124268,2.34096097946167
7251,5.979764938354492,3.614121913909912,2.316581964492798
7252,5.94969367980957,3.5629374980926514,2.337744951248169
7253,5.8965606689453125,3.5196382999420166,2.328159809112549
7254,5.854450225830078,3.4632034301757812,2.3426132202148438
7255,5.811552047729492,3.4377529621124268,2.325190544128418
7256,5.7598876953125,3.3834855556488037,2.327943801879883
7257,5.724185466766357,3.343820810317993,2.332122325897217
7258,5.674395561218262,3.3022966384887695,2.323906183242798
7259,5.637912750244141,3.2678937911987305,2.3219687938690186
7260,5.597414493560791,3.21333909034729,2.3362913131713867
7261,5.55686092376709,3.1803483963012695,2.3289082050323486
7262,5.525800704956055,3.142415761947632,2.3359334468841553
7263,5.488313674926758,3.1117870807647705,2.329252004623413
7264,5.468074798583984,3.064209222793579,2.3567371368408203
7265,5.459990501403809,3.052307605743408,2.3607020378112793
7266,5.506150245666504,2.992474317550659,2.46687388420105
7267,5.719422340393066,2.996166944503784,2.6766650676727295
7268,6.4240593910217285,2.898146867752075,3.4794740676879883
7269,8.881341934204102,2.9926953315734863,5.842352390289307
7270,16.49196434020996,2.747465133666992,13.698379516601562
7271,43.90152359008789,3.137105941772461,40.7183723449707
7272,100.83772277832031,2.4702327251434326,98.32100677490234
7273,238.77528381347656,3.8401055335998535,234.8889923095703
7274,141.3706817626953,3.0438191890716553,138.2764892578125
7275,25.88552474975586,3.600187301635742,22.242652893066406
7276,155.65499877929688,5.166374206542969,150.44642639160156
7277,98.908447265625,3.7144694328308105,95.14078521728516
7278,56.56040954589844,4.198057651519775,52.31625747680664
7279,193.20236206054688,6.616344928741455,186.5464630126953
7280,145.66287231445312,5.423642635345459,140.18252563476562
7281,78.88848876953125,7.509092807769775,71.32966613769531
7282,149.27352905273438,10.423138618469238,138.80435180664062
7283,126.98377990722656,8.484354972839355,118.447509765625
7284,47.09811019897461,10.09034538269043,36.97117233276367
7285,124.46322631835938,17.055978775024414,107.3802490234375
7286,38.17088317871094,13.696127891540527,24.436853408813477
7287,99.80207824707031,11.828181266784668,87.92605590820312
7288,28.25059700012207,15.168572425842285,13.04347038269043
7289,75.19597625732422,20.67180633544922,54.49478530883789
7290,40.91509246826172,19.148710250854492,21.733694076538086
7291,53.884727478027344,16.048255920410156,37.79316329956055
7292,48.94850158691406,16.9346923828125,31.967636108398438
7293,39.55559539794922,19.938697814941406,19.57861328125
7294,51.97896194458008,21.12844467163086,30.819917678833008
7295,32.47749328613281,18.909975051879883,13.53918743133545
7296,48.05809783935547,18.10763931274414,29.919662475585938
7297,29.71480941772461,19.63929557800293,10.041277885437012
7298,42.999969482421875,21.21695327758789,21.74750328063965
7299,28.10016632080078,20.174692153930664,7.890384197235107
7300,37.45487976074219,18.427616119384766,18.99081802368164
7301,26.92050552368164,18.244272232055664,8.637005805969238
7302,34.40330505371094,19.19209098815918,15.170879364013672
7303,27.21703338623047,19.14612579345703,8.03122329711914
7304,28.130630493164062,17.604290008544922,10.486143112182617
7305,28.514982223510742,16.8174991607666,11.656759262084961
7306,23.824113845825195,17.479476928710938,6.306133270263672
7307,28.331676483154297,17.71403694152832,10.581437110900879
7308,21.0430850982666,16.338674545288086,4.667091369628906
7309,26.113121032714844,15.0851469039917,10.986786842346191
7310,20.037395477294922,15.305468559265137,4.68726921081543
7311,23.57227325439453,15.828981399536133,7.69728946685791
7312,19.530506134033203,15.318087577819824,4.1675705909729
7313,21.38361930847168,14.313295364379883,7.026779651641846
7314,18.809654235839844,14.051806449890137,4.713655948638916
7315,19.55466079711914,14.377737998962402,5.131682395935059
7316,17.94585418701172,14.107463836669922,3.7935667037963867
7317,18.209062576293945,13.178881645202637,4.985880374908447
7318,17.205604553222656,12.760014533996582,4.401093482971191
7319,17.072092056274414,12.959665298461914,4.0683674812316895
7320,16.30473518371582,12.734509468078613,3.525862455368042
7321,16.083118438720703,11.962250709533691,4.073581695556641
7322,15.337850570678711,11.564423561096191,3.7236855030059814
7323,15.43242073059082,11.515508651733398,3.867976427078247
7324,14.269767761230469,11.212109565734863,3.010000228881836
7325,14.477524757385254,10.771829605102539,3.657399892807007
7326,13.887272834777832,10.556221961975098,3.281545639038086
7327,12.983253479003906,10.30866813659668,2.6241230964660645
7328,13.784791946411133,10.108019828796387,3.6257271766662598
7329,12.561227798461914,10.031004905700684,2.479234218597412
7330,12.469141006469727,9.594084739685059,2.823824644088745
7331,12.707868576049805,9.182622909545898,3.4737775325775146
7332,11.978466033935547,9.20787239074707,2.7191827297210693
7333,11.539604187011719,8.908487319946289,2.5785112380981445
7334,11.689521789550781,8.424559593200684,3.2115836143493652
7335,11.431921005249023,8.327527046203613,3.0519394874572754
7336,11.133451461791992,8.279476165771484,2.801758050918579
7337,10.537930488586426,8.038840293884277,2.446423292160034
7338,10.785394668579102,7.782739639282227,2.94921875
7339,10.509660720825195,7.696246147155762,2.7595744132995605
7340,10.12905216217041,7.653401851654053,2.422781467437744
7341,9.799639701843262,7.413244247436523,2.3336141109466553
7342,9.871761322021484,7.220168113708496,2.5980963706970215
7343,9.677919387817383,7.171004295349121,2.453427314758301
7344,9.392277717590332,7.037367820739746,2.3012235164642334
7345,9.16765022277832,6.86303186416626,2.250731945037842
7346,9.259414672851562,6.724658012390137,2.4809927940368652
7347,8.987666130065918,6.586075305938721,2.3480355739593506
7348,8.829545021057129,6.487700462341309,2.288515090942383
7349,8.730803489685059,6.376916408538818,2.300149440765381
7350,8.659039497375488,6.212006092071533,2.39302659034729
7351,8.428837776184082,6.131598949432373,2.2438998222351074
7352,8.385614395141602,6.056192398071289,2.2763144969940186
7353,8.29411792755127,5.875473976135254,2.3649985790252686
7354,8.118560791015625,5.782414436340332,2.2824084758758545
7355,8.02878189086914,5.719401836395264,2.2558679580688477
7356,7.98895263671875,5.595745086669922,2.3397419452667236
7357,7.864352226257324,5.519850730895996,2.2911972999572754
7358,7.710166931152344,5.426917552947998,2.230114459991455
7359,7.667128086090088,5.369393348693848,2.244703769683838
7360,7.583919048309326,5.295888423919678,2.2351303100585938
7361,7.527405261993408,5.161201477050781,2.313535213470459
7362,7.403286457061768,5.134827613830566,2.2162861824035645
7363,7.301087379455566,5.040060520172119,2.209078550338745
7364,7.249926567077637,4.935053825378418,2.262812852859497
7365,7.191006660461426,4.899354934692383,2.239610195159912
7366,7.134762763977051,4.82243537902832,2.2604928016662598
7367,7.057442665100098,4.766603469848633,2.23919939994812
7368,6.977266311645508,4.683425426483154,2.2421858310699463
7369,6.888856887817383,4.632047176361084,2.2054760456085205
7370,6.835412502288818,4.559650897979736,2.22477388381958
7371,6.774657249450684,4.46830940246582,2.2554805278778076
7372,6.7058281898498535,4.423490047454834,2.2317957878112793
7373,6.632574081420898,4.34524393081665,2.2369353771209717
7374,6.5402913093566895,4.2904462814331055,2.199382781982422
7375,6.482317924499512,4.23051643371582,2.2013468742370605
7376,6.426377296447754,4.166838645935059,2.209394931793213
7377,6.370486259460449,4.120133399963379,2.200507402420044
7378,6.320499420166016,4.051431655883789,2.219330072402954
7379,6.259459495544434,3.9989125728607178,2.2111668586730957
7380,6.216774940490723,3.9552001953125,2.2125110626220703
7381,6.1798601150512695,3.9001870155334473,2.2307772636413574
7382,6.13059139251709,3.8573086261749268,2.2247347831726074
7383,6.079963684082031,3.8193676471710205,2.2122647762298584
7384,6.0413618087768555,3.783506393432617,2.20963716506958
7385,6.003912448883057,3.7421348094940186,2.2138020992279053
7386,5.960527420043945,3.7036938667297363,2.209094762802124
7387,5.921557426452637,3.6750621795654297,2.199002981185913
7388,5.880914688110352,3.625761032104492,2.2078795433044434
7389,5.843111038208008,3.584074020385742,2.2119503021240234
7390,5.808277130126953,3.5555903911590576,2.2058656215667725
7391,5.766881942749023,3.50573468208313,2.2145133018493652
7392,5.727656841278076,3.4721739292144775,2.208937406539917
7393,5.69410514831543,3.4473047256469727,2.2003724575042725
7394,5.660737037658691,3.4066336154937744,2.2077739238739014
7395,5.62356424331665,3.3782382011413574,2.1991047859191895
7396,5.587244033813477,3.3468081951141357,2.1944375038146973
7397,5.557875633239746,3.311702251434326,2.200395345687866
7398,5.526816368103027,3.2837345600128174,2.197432518005371
7399,5.492657661437988,3.252222776412964,2.194973945617676
7400,5.461520195007324,3.2304534912109375,2.1858081817626953
7401,5.431336402893066,3.2079274654388428,2.178222894668579
7402,5.401300430297852,3.18227219581604,2.1739633083343506
7403,5.371679306030273,3.1679370403289795,2.1588385105133057
7404,5.342282295227051,3.1444199085235596,2.1530842781066895
7405,5.312489986419678,3.120182991027832,2.147773027420044
7406,5.283753395080566,3.102872848510742,2.1365504264831543
7407,5.25849723815918,3.0803942680358887,2.1339404582977295
7408,5.2323808670043945,3.0592002868652344,2.1292452812194824
7409,5.204031467437744,3.0395619869232178,2.120683431625366
7410,5.1771931648254395,3.0209920406341553,2.112619400024414
7411,5.153291702270508,2.9994966983795166,2.11037540435791
7412,5.130138397216797,2.978717565536499,2.108100652694702
7413,5.104490756988525,2.9609367847442627,2.1004602909088135
7414,5.078359603881836,2.937073230743408,2.0983314514160156
7415,5.054897308349609,2.9169921875,2.095099449157715
7416,5.032404899597168,2.897622585296631,2.0921783447265625
7417,5.009167671203613,2.8756651878356934,2.0909972190856934
7418,4.985628128051758,2.857308864593506,2.0859837532043457
7419,4.96296501159668,2.836742401123047,2.0840377807617188
7420,4.9412312507629395,2.8201165199279785,2.079026460647583
7421,4.919094085693359,2.7989141941070557,2.078251838684082
7422,4.897072792053223,2.77927565574646,2.0759830474853516
7423,4.875951766967773,2.762477397918701,2.0718295574188232
7424,4.855570316314697,2.7392654418945312,2.074822425842285
7425,4.835052967071533,2.723041296005249,2.07063627243042
7426,4.8139801025390625,2.7041149139404297,2.068671941757202
7427,4.793166160583496,2.6849865913391113,2.0670924186706543
7428,4.773665904998779,2.6688344478607178,2.0638880729675293
7429,4.755095958709717,2.64933705329895,2.0649800300598145
7430,4.736147880554199,2.633356809616089,2.0621120929718018
7431,4.716376781463623,2.613295555114746,2.062591791152954
7432,4.696535110473633,2.597304344177246,2.058866024017334
7433,4.6775946617126465,2.5802829265594482,2.0571064949035645
7434,4.66024112701416,2.561314582824707,2.0588674545288086
7435,4.643381118774414,2.5481386184692383,2.055295467376709
7436,4.625971794128418,2.5294153690338135,2.0567984580993652
7437,4.607852458953857,2.5152337551116943,2.052947998046875
7438,4.589150428771973,2.4987294673919678,2.0509305000305176
7439,4.570829391479492,2.4850993156433105,2.046348810195923
7440,4.553556442260742,2.470012664794922,2.044304609298706
7441,4.537624835968018,2.4551239013671875,2.043421506881714
7442,4.522295951843262,2.443467378616333,2.0398495197296143
7443,4.506773471832275,2.4270243644714355,2.0409491062164307
7444,4.49107551574707,2.4158973693847656,2.0364596843719482
7445,4.475150108337402,2.3997573852539062,2.0368685722351074
7446,4.45924711227417,2.3891429901123047,2.031656503677368
7447,4.443537712097168,2.372004508972168,2.033263921737671
7448,4.42816686630249,2.362820625305176,2.027167320251465
7449,4.413242340087891,2.3454082012176514,2.029837131500244
7450,4.399002552032471,2.3364622592926025,2.024628162384033
7451,4.38584041595459,2.3191473484039307,2.02896785736084
7452,4.374919891357422,2.311995506286621,2.0252649784088135
7453,4.368940353393555,2.2916972637176514,2.039799213409424
7454,4.3754682540893555,2.289468288421631,2.048571825027466
7455,4.41387414932251,2.2621469497680664,2.1146016120910645
7456,4.545339584350586,2.2723546028137207,2.235708236694336
7457,4.935986518859863,2.2241151332855225,2.6751699447631836
7458,6.171722888946533,2.274933338165283,3.8594443798065186
7459,9.731401443481445,2.1617681980133057,7.533663749694824
7460,21.662824630737305,2.3490140438079834,19.275571823120117
7461,49.3929443359375,2.052104949951172,47.30618667602539
7462,133.09542846679688,2.723987340927124,130.3295440673828
7463,175.56088256835938,1.9296008348464966,173.59494018554688
7464,156.82003784179688,3.4353435039520264,153.3408660888672
7465,51.72480010986328,3.2884788513183594,48.39006805419922
7466,132.34361267089844,3.476353883743286,128.8281707763672
7467,181.4414825439453,3.6645824909210205,177.72869873046875
7468,151.88833618164062,5.392672061920166,146.44239807128906
7469,192.39512634277344,3.678131103515625,188.67034912109375
7470,109.1158676147461,5.829935073852539,103.2494125366211
7471,113.94031524658203,7.4923319816589355,106.40668487548828
7472,168.4561309814453,7.724545955657959,160.69483947753906
7473,119.60504150390625,7.265708923339844,112.31172180175781
7474,81.82715606689453,8.634093284606934,73.15587615966797
7475,98.760986328125,12.252533912658691,86.4633560180664
7476,63.288818359375,12.870414733886719,50.386871337890625
7477,87.02183532714844,12.829303741455078,74.17413330078125
7478,58.4719352722168,13.120491981506348,45.332061767578125
7479,63.877044677734375,16.195316314697266,47.656593322753906
7480,51.792198181152344,17.72371482849121,34.04560089111328
7481,56.92585372924805,16.352678298950195,40.55717468261719
7482,46.640567779541016,15.983625411987305,30.6435489654541
7483,52.92636489868164,16.5150146484375,36.39321517944336
7484,37.58094787597656,17.797714233398438,19.75731658935547
7485,48.307037353515625,17.81556510925293,30.464282989501953
7486,30.132503509521484,17.127958297729492,12.981736183166504
7487,43.032432556152344,16.270090103149414,26.741962432861328
7488,32.037330627441406,16.41560173034668,15.600893020629883
7489,30.987224578857422,17.86215591430664,13.102837562561035
7490,36.609397888183594,18.446470260620117,18.13798713684082
7491,24.168014526367188,17.201904296875,6.938648223876953
7492,33.88471221923828,16.45088768005371,17.40760040283203
7493,24.773752212524414,17.329498291015625,7.420574188232422
7494,27.808029174804688,17.66025733947754,10.122391700744629
7495,24.069665908813477,16.45103645324707,7.5884108543396
7496,25.29279899597168,15.143044471740723,10.117966651916504
7497,21.849742889404297,14.84182357788086,6.979159355163574
7498,25.053070068359375,14.818731307983398,10.206960678100586
7499,18.577335357666016,14.500713348388672,4.04681921005249
7500,23.16362762451172,14.60524845123291,8.526134490966797
7501,17.912220001220703,14.630976676940918,3.2493386268615723
7502,19.779590606689453,14.070584297180176,5.678047180175781
7503,18.382076263427734,13.144280433654785,5.206386566162109
7504,17.774322509765625,12.924789428710938,4.817467212677002
7505,17.46761131286621,13.218756675720215,4.2169013023376465
7506,16.971174240112305,12.8208589553833,4.118017673492432
7507,15.354560852050781,11.82351303100586,3.4972143173217773
7508,16.357332229614258,11.29273796081543,5.029103755950928
7509,13.978853225708008,11.297163009643555,2.6457552909851074
7510,15.470778465270996,11.069869995117188,4.365846633911133
7511,13.36008071899414,10.415397644042969,2.9110324382781982
7512,14.249526023864746,9.912221908569336,4.304450035095215
7513,13.010185241699219,9.853711128234863,3.122810125350952
7514,12.874771118164062,9.876898765563965,2.961965560913086
7515,12.753284454345703,9.649444580078125,3.0660388469696045
7516,11.868404388427734,9.289119720458984,2.5412862300872803
7517,12.190677642822266,9.07072925567627,3.082127571105957
7518,11.532541275024414,8.880755424499512,2.6123881340026855
7519,11.27362060546875,8.665614128112793,2.5661370754241943
7520,11.237939834594727,8.458955764770508,2.7365872859954834
7521,10.522283554077148,8.17371654510498,2.3076817989349365
7522,10.801732063293457,7.871554851531982,2.890378713607788
7523,10.131114959716797,7.690968990325928,2.399913787841797
7524,10.18742561340332,7.602386474609375,2.5436816215515137
7525,9.885516166687012,7.410492897033691,2.432870626449585
7526,9.550114631652832,7.182823181152344,2.3249006271362305
7527,9.57711124420166,7.032599925994873,2.5018723011016846
7528,9.099218368530273,6.916358947753906,2.139533042907715
7529,9.218785285949707,6.788148880004883,2.3866841793060303
7530,8.833975791931152,6.6290740966796875,2.160910129547119
7531,8.76504898071289,6.424088001251221,2.2972781658172607
7532,8.568258285522461,6.266997337341309,2.2578139305114746
7533,8.359352111816406,6.1888933181762695,2.1269772052764893
7534,8.26803970336914,6.078267574310303,2.1461288928985596
7535,8.072837829589844,5.924806594848633,2.1045079231262207
7536,7.974689483642578,5.810028553009033,2.121344566345215
7537,7.8009772300720215,5.711199760437012,2.0461182594299316
7538,7.672894477844238,5.610696792602539,2.0180413722991943
7539,7.5518670082092285,5.519917964935303,1.987970232963562
7540,7.394855499267578,5.401813983917236,1.9495179653167725
7541,7.315343856811523,5.278828144073486,1.9929112195968628
7542,7.152871608734131,5.191038608551025,1.9178223609924316
7543,7.078484058380127,5.088141441345215,1.9463505744934082
7544,6.937778472900391,4.961249351501465,1.933156967163086
7545,6.864993095397949,4.856359958648682,1.9657886028289795
7546,6.7378010749816895,4.761115550994873,1.9337018728256226
7547,6.666750907897949,4.67523717880249,1.9482187032699585
7548,6.555268287658691,4.595664978027344,1.9164164066314697
7549,6.478115558624268,4.501748561859131,1.933411717414856
7550,6.374883651733398,4.428905963897705,1.903014063835144
7551,6.31026554107666,4.374335765838623,1.8928124904632568
7552,6.205259323120117,4.294459342956543,1.8676795959472656
7553,6.144897937774658,4.212101936340332,1.8899589776992798
7554,6.0537567138671875,4.143179416656494,1.8679866790771484
7555,5.9922943115234375,4.068444728851318,1.8812947273254395
7556,5.910214424133301,3.994318962097168,1.8734737634658813
7557,5.845100402832031,3.915597438812256,1.8872934579849243
7558,5.780076026916504,3.84197735786438,1.8959343433380127
7559,5.707959175109863,3.7872302532196045,1.8785632848739624
7560,5.653416633605957,3.7236897945404053,1.8877335786819458
7561,5.581938743591309,3.6565372943878174,1.8837378025054932
7562,5.534245014190674,3.600724697113037,1.8920327425003052
7563,5.464909553527832,3.541743755340576,1.8816479444503784
7564,5.416562080383301,3.486985445022583,1.8882224559783936
7565,5.355923175811768,3.429938316345215,1.8849483728408813
7566,5.306269645690918,3.3733065128326416,1.8920632600784302
7567,5.254275321960449,3.325716972351074,1.8876608610153198
7568,5.200839519500732,3.2722017765045166,1.8878648281097412
7569,5.156718730926514,3.218430757522583,1.8977932929992676
7570,5.103804111480713,3.1730988025665283,1.8904014825820923
7571,5.0633697509765625,3.127009868621826,1.8961057662963867
7572,5.011813640594482,3.082526683807373,1.8891898393630981
7573,4.97282600402832,3.035017967224121,1.8979499340057373
7574,4.926451683044434,2.9881155490875244,1.8986432552337646
7575,4.8872456550598145,2.9481945037841797,1.899525761604309
7576,4.84415864944458,2.9024343490600586,1.902415156364441
7577,4.805329322814941,2.8611900806427,1.9050207138061523
7578,4.765104293823242,2.8251898288726807,1.900857925415039
7579,4.729290008544922,2.787696361541748,1.9026085138320923
7580,4.689585208892822,2.7525839805603027,1.898227334022522
7581,4.655811786651611,2.714284658432007,1.902887225151062
7582,4.617260932922363,2.681600332260132,1.8970718383789062
7583,4.584630966186523,2.6473262310028076,1.8988698720932007
7584,4.550656318664551,2.608837127685547,1.9036247730255127
7585,4.516571044921875,2.5780599117279053,1.9004753828048706
7586,4.4864277839660645,2.544843912124634,1.9035987854003906
7587,4.450725078582764,2.514129877090454,1.8987643718719482
7588,4.42326545715332,2.482530355453491,1.9030581712722778
7589,4.390324592590332,2.452906847000122,1.8998067378997803
7590,4.362300872802734,2.425446033477783,1.899371862411499
7591,4.33387565612793,2.3919830322265625,1.904579997062683
7592,4.302950859069824,2.3656511306762695,1.900118112564087
7593,4.277387619018555,2.3370649814605713,1.9032366275787354
7594,4.2473368644714355,2.3094828128814697,1.9009594917297363
7595,4.222162246704102,2.283477544784546,1.901949167251587
7596,4.196669101715088,2.2572450637817383,1.9027470350265503
7597,4.169313907623291,2.2347607612609863,1.8980178833007812
7598,4.146625518798828,2.2069146633148193,1.9033302068710327
7599,4.119410514831543,2.1854209899902344,1.8977241516113281
7600,4.0950236320495605,2.160074472427368,1.898787021636963
7601,4.071968078613281,2.1362721920013428,1.8997001647949219
7602,4.046536445617676,2.1135754585266113,1.8970972299575806
7603,4.026029109954834,2.0902397632598877,1.900041103363037
7604,4.002225399017334,2.069777488708496,1.8968665599822998
7605,3.9800620079040527,2.0468525886535645,1.8977320194244385
7606,3.9594857692718506,2.028623342514038,1.8954882621765137
7607,3.9358625411987305,2.006671190261841,1.8939558267593384
7608,3.916138172149658,1.988006830215454,1.8930343389511108
7609,3.8950092792510986,1.9681333303451538,1.891869306564331
7610,3.8738129138946533,1.9485238790512085,1.8904277086257935
7611,3.855280637741089,1.9295414686203003,1.8910263776779175
7612,3.834573745727539,1.9107379913330078,1.8892163038253784
7613,3.815687894821167,1.8934643268585205,1.887744426727295
7614,3.7975845336914062,1.8739513158798218,1.8892908096313477
7615,3.777942419052124,1.8586922883987427,1.8850022554397583
7616,3.760438919067383,1.8397172689437866,1.8865870237350464
7617,3.7423319816589355,1.8241912126541138,1.8841807842254639
7618,3.723815441131592,1.8062098026275635,1.8837285041809082
7619,3.707132339477539,1.7920281887054443,1.881339192390442
7620,3.6893911361694336,1.7736196517944336,1.8821640014648438
7621,3.671994686126709,1.7600462436676025,1.8784624338150024
7622,3.65621280670166,1.7435888051986694,1.8792126178741455
7623,3.638698101043701,1.7295626401901245,1.87588369846344
7624,3.622779607772827,1.71327543258667,1.876366376876831
7625,3.6073150634765625,1.7008907794952393,1.8733733892440796
7626,3.590506076812744,1.6850032806396484,1.8725883960723877
7627,3.5757741928100586,1.6723504066467285,1.8706446886062622
7628,3.5604920387268066,1.658003807067871,1.8697742223739624
7629,3.544710159301758,1.6457111835479736,1.8664253950119019
7630,3.530914783477783,1.6307318210601807,1.8677434921264648
7631,3.5159969329833984,1.6197030544281006,1.8639345169067383
7632,3.5012097358703613,1.6052640676498413,1.863696813583374
7633,3.488025188446045,1.5942463874816895,1.86167573928833
7634,3.4741764068603516,1.5800987482070923,1.8620415925979614
7635,3.4607834815979004,1.570518136024475,1.8583617210388184
7636,3.450279712677002,1.554756999015808,1.8637276887893677
7637,3.4415011405944824,1.5481469631195068,1.8616678714752197
7638,3.4407551288604736,1.52909517288208,1.8800495862960815
7639,3.46530818939209,1.5291084051132202,1.9047929048538208
7640,3.5648722648620605,1.4990894794464111,2.0343093872070312
7641,3.903409719467163,1.520990252494812,2.3513288497924805
7642,5.043379306793213,1.4530996084213257,3.5588552951812744
7643,8.807304382324219,1.551581859588623,7.2251996994018555
7644,20.979108810424805,1.3647136688232422,19.58258056640625
7645,53.442466735839844,1.745121717453003,51.668418884277344
7646,116.00037384033203,1.2761467695236206,114.69132232666016
7647,197.62261962890625,2.221750497817993,195.37611389160156
7648,301.6225891113281,1.4807888269424438,300.1112976074219
7649,180.3810577392578,3.692894220352173,176.66952514648438
7650,152.766845703125,3.9023637771606445,148.83595275878906
7651,260.2027282714844,2.705634117126465,257.470458984375
7652,198.664306640625,8.66613483428955,189.9853057861328
7653,124.5352783203125,10.351513862609863,114.16761016845703
7654,154.54283142089844,7.762337684631348,146.75177001953125
7655,160.64730834960938,8.640430450439453,151.97398376464844
7656,111.50921630859375,12.019035339355469,99.46052551269531
7657,235.54867553710938,13.624567985534668,221.90049743652344
7658,124.4610366821289,17.11724853515625,107.32942199707031
7659,152.96336364746094,20.809572219848633,132.1324005126953
7660,152.50296020507812,30.118377685546875,122.34004974365234
7661,126.52107238769531,44.184715270996094,82.27689361572266
7662,162.73507690429688,41.942142486572266,120.75029754638672
7663,110.27764129638672,29.924808502197266,80.33079528808594
7664,147.5132293701172,27.075510025024414,120.4188232421875
7665,116.84445190429688,33.88539505004883,82.93253326416016
7666,104.30844116210938,41.9667854309082,62.30909729003906
7667,97.40705871582031,44.584598541259766,52.787261962890625
7668,92.5848388671875,46.33541488647461,46.213157653808594
7669,79.32356262207031,48.375244140625,30.921043395996094
7670,92.25152587890625,47.11178970336914,45.12520980834961
7671,80.17465209960938,43.60740661621094,36.55818176269531
7672,73.65719604492188,40.44055938720703,33.20650863647461
7673,70.56632995605469,40.21208953857422,30.338048934936523
7674,62.177490234375,41.91142654418945,20.243061065673828
7675,66.4792709350586,42.54872131347656,23.903104782104492
7676,65.10664367675781,41.53769302368164,23.53692054748535
7677,59.45053482055664,40.481590270996094,18.931461334228516
7678,58.66778564453125,40.432613372802734,18.196985244750977
7679,57.78086471557617,40.48173141479492,17.267234802246094
7680,62.5273323059082,39.83271789550781,22.66994857788086
7681,49.64875793457031,38.55497360229492,11.073467254638672
7682,51.46546173095703,37.78153610229492,13.665908813476562
7683,49.675899505615234,38.335227966308594,11.323966026306152
7684,50.783912658691406,39.19374084472656,11.572615623474121
7685,48.47719955444336,38.7845344543457,9.671019554138184
7686,46.44563293457031,37.10392761230469,9.314451217651367
7687,45.36153793334961,35.088314056396484,10.243130683898926
7688,42.779476165771484,33.624515533447266,9.126160621643066
7689,44.64847946166992,33.03297805786133,11.588950157165527
7690,40.62983322143555,32.864990234375,7.739376544952393
7691,38.2509765625,32.60688400268555,5.619156837463379
7692,39.07676315307617,32.28468322753906,6.76791524887085
7693,37.67631912231445,32.06311798095703,5.589507579803467
7694,37.61627197265625,31.276596069335938,6.315253734588623
7695,35.47740936279297,29.599164962768555,5.851400375366211
7696,34.52394104003906,28.083675384521484,6.409656047821045
7697,33.327110290527344,27.743080139160156,5.549549102783203
7698,33.25674057006836,28.04749870300293,5.171668529510498
7699,32.29035186767578,27.81151008605957,4.43898344039917
7700,30.110401153564453,26.76200294494629,3.3074216842651367
7701,30.142610549926758,25.62217903137207,4.480259418487549
7702,28.85820198059082,24.93521499633789,3.8851304054260254
7703,28.022241592407227,24.43691062927246,3.5497148036956787
7704,27.21531105041504,23.58140754699707,3.5996437072753906
7705,26.663196563720703,22.446401596069336,4.183287620544434
7706,26.031517028808594,21.570722579956055,4.4272141456604
7707,25.010446548461914,21.114213943481445,3.8609416484832764
7708,24.497737884521484,20.72504425048828,3.73417329788208
7709,23.54432487487793,20.166595458984375,3.3356220722198486
7710,23.453746795654297,19.673629760742188,3.7354001998901367
7711,22.560203552246094,19.29578971862793,3.219099998474121
7712,21.973432540893555,18.70116424560547,3.2282333374023438
7713,21.559078216552734,17.966543197631836,3.55005145072937
7714,21.02535057067871,17.501407623291016,3.481921434402466
7715,20.413816452026367,17.274370193481445,3.096949338912964
7716,19.76296615600586,16.813274383544922,2.9065163135528564
7717,19.161399841308594,16.07387351989746,3.043691635131836
7718,18.818096160888672,15.494250297546387,3.279170274734497
7719,18.169666290283203,15.152009010314941,2.9721131324768066
7720,17.80413246154785,14.723417282104492,3.0348546504974365
7721,17.211360931396484,14.131628036499023,3.0341756343841553
7722,16.87726402282715,13.650965690612793,3.1809427738189697
7723,16.3275089263916,13.406622886657715,2.8751769065856934
7724,16.079627990722656,13.218681335449219,2.814772605895996
7725,15.733202934265137,12.875863075256348,2.811018228530884
7726,15.42614459991455,12.443552017211914,2.9362146854400635
7727,15.091370582580566,12.110513687133789,2.9341275691986084
7728,14.682872772216797,11.861010551452637,2.774439811706543
7729,14.358057022094727,11.556951522827148,2.7530272006988525
7730,13.919830322265625,11.181236267089844,2.6902613639831543
7731,13.619782447814941,10.827689170837402,2.7437140941619873
7732,13.250264167785645,10.543561935424805,2.658097267150879
7733,12.974140167236328,10.305495262145996,2.619821310043335
7734,12.698224067687988,10.04520320892334,2.604318380355835
7735,12.4111328125,9.742118835449219,2.620537519454956
7736,12.192668914794922,9.481603622436523,2.662571907043457
7737,11.954980850219727,9.31818675994873,2.588101387023926
7738,11.792329788208008,9.15740966796875,2.5860421657562256
7739,11.560860633850098,8.926229476928711,2.5857551097869873
7740,11.366305351257324,8.697696685791016,2.6198818683624268
7741,11.183040618896484,8.52229118347168,2.6119678020477295
7742,10.99627685546875,8.36976146697998,2.5774621963500977
7743,10.797975540161133,8.208783149719238,2.5400068759918213
7744,10.570751190185547,8.036462783813477,2.4851796627044678
7745,10.385054588317871,7.872644424438477,2.4634435176849365
7746,10.180231094360352,7.7239227294921875,2.4074556827545166
7747,10.000567436218262,7.572080612182617,2.3797707557678223
7748,9.787517547607422,7.398009300231934,2.341066837310791
7749,9.592350006103516,7.218066692352295,2.3261308670043945
7750,9.381925582885742,7.065404891967773,2.268465280532837
7751,9.193259239196777,6.930779457092285,2.214498281478882
7752,8.990677833557129,6.775185585021973,2.1676993370056152
7753,8.815572738647461,6.616714954376221,2.1511635780334473
7754,8.640132904052734,6.4900689125061035,2.102282762527466
7755,8.487866401672363,6.367275238037109,2.072772264480591
7756,8.33321762084961,6.223679065704346,2.0619235038757324
7757,8.197432518005371,6.082399368286133,2.0677907466888428
7758,8.051368713378906,5.9504876136779785,2.054018020629883
7759,7.920877456665039,5.810866355895996,2.0634820461273193
7760,7.783941268920898,5.666989803314209,2.0707266330718994
7761,7.658061981201172,5.535904407501221,2.076112747192383
7762,7.528094291687012,5.421885967254639,2.060178279876709
7763,7.404001235961914,5.320004940032959,2.0380351543426514
7764,7.283787250518799,5.212912559509277,2.0251078605651855
7765,7.166132926940918,5.107028007507324,2.0134928226470947
7766,7.056000232696533,5.0140204429626465,1.9964851140975952
7767,6.948230266571045,4.9139862060546875,1.9889436960220337
7768,6.850329399108887,4.814639091491699,1.9905807971954346
7769,6.752493381500244,4.732348442077637,1.9750829935073853
7770,6.663159370422363,4.654600620269775,1.9635202884674072
7771,6.573822975158691,4.568332195281982,1.960557222366333
7772,6.487604141235352,4.482697010040283,1.9600683450698853
7773,6.399023532867432,4.406030178070068,1.9482759237289429
7774,6.310934066772461,4.322929382324219,1.9435456991195679
7775,6.228673458099365,4.235583305358887,1.9489163160324097
7776,6.146343231201172,4.161932468414307,1.9404206275939941
7777,6.071870803833008,4.089700698852539,1.9383374452590942
7778,5.999240875244141,4.008635997772217,1.9469695091247559
7779,5.931097507476807,3.9313266277313232,1.9563194513320923
7780,5.86427116394043,3.859067916870117,1.9619351625442505
7781,5.797877788543701,3.78133225440979,1.973532795906067
7782,5.7348103523254395,3.702275276184082,1.9897903203964233
7783,5.671614646911621,3.635891914367676,1.9931824207305908
7784,5.612395286560059,3.5753369331359863,1.9946980476379395
7785,5.553285121917725,3.511645793914795,1.9994581937789917
7786,5.4968438148498535,3.457303285598755,1.9974960088729858
7787,5.441094875335693,3.4113945960998535,1.9877471923828125
7788,5.38609504699707,3.3613076210021973,1.982953429222107
7789,5.333700656890869,3.31131649017334,1.9806991815567017
7790,5.2810187339782715,3.268998384475708,1.9704618453979492
7791,5.2315568923950195,3.228148937225342,1.9619903564453125
7792,5.182220935821533,3.182772397994995,1.9582161903381348
7793,5.134888172149658,3.1413345336914062,1.9525030851364136
7794,5.088531970977783,3.1056718826293945,1.9419664144515991
7795,5.042843341827393,3.066267728805542,1.9358599185943604
7796,4.998739242553711,3.0251896381378174,1.9330120086669922
7797,4.954265594482422,2.9909331798553467,1.9229321479797363
7798,4.911794185638428,2.957062244415283,1.9144835472106934
7799,4.869439125061035,2.917649507522583,1.9117374420166016
7800,4.828566551208496,2.8811559677124023,1.9075640439987183
7801,4.788484573364258,2.8476006984710693,1.9012354612350464
7802,4.749142646789551,2.8106324672698975,1.8990803956985474
7803,4.711236953735352,2.7732133865356445,1.8988120555877686
7804,4.673244953155518,2.7413084506988525,1.8929080963134766
7805,4.6370038986206055,2.710893392562866,1.887252688407898
7806,4.601085662841797,2.676715135574341,1.88568115234375
7807,4.566281318664551,2.646517038345337,1.8812226057052612
7808,4.53242301940918,2.6204237937927246,1.8735814094543457
7809,4.498838424682617,2.590867042541504,1.8697034120559692
7810,4.466604232788086,2.562171459197998,1.866326093673706
7811,4.434427261352539,2.5381739139556885,1.858271598815918
7812,4.4034037590026855,2.513584852218628,1.8519692420959473
7813,4.372889995574951,2.4869139194488525,1.8482575416564941
7814,4.342885494232178,2.4645941257476807,1.840684175491333
7815,4.3140339851379395,2.4449644088745117,1.8315675258636475
7816,4.285306453704834,2.421682596206665,1.8262306451797485
7817,4.257604598999023,2.3993313312530518,1.8209948539733887
7818,4.2302656173706055,2.380261182785034,1.8128224611282349
7819,4.2035932540893555,2.3579423427581787,1.8085952997207642
7820,4.177791118621826,2.333688974380493,1.8071978092193604
7821,4.152053356170654,2.31347918510437,1.8017925024032593
7822,4.127239227294922,2.2928402423858643,1.7977527379989624
7823,4.102728843688965,2.2692363262176514,1.7969863414764404
7824,4.078776836395264,2.24892520904541,1.7934794425964355
7825,4.0554375648498535,2.2300572395324707,1.7891448736190796
7826,4.03225040435791,2.2085883617401123,1.7875714302062988
7827,4.0099101066589355,2.1872177124023438,1.7867575883865356
7828,3.987858772277832,2.168778419494629,1.7832800149917603
7829,3.9664011001586914,2.1494123935699463,1.7813336849212646
7830,3.9454174041748047,2.127847671508789,1.7820699214935303
7831,3.9245619773864746,2.1105902194976807,1.77860426902771
7832,3.904477596282959,2.0933830738067627,1.775862216949463
7833,3.8846633434295654,2.073456287384033,1.7761154174804688
7834,3.865286350250244,2.0568110942840576,1.7735167741775513
7835,3.846280574798584,2.041071653366089,1.770373821258545
7836,3.827350616455078,2.0241639614105225,1.768484354019165
7837,3.8090314865112305,2.0069684982299805,1.7674922943115234
7838,3.790956974029541,1.99269437789917,1.763811707496643
7839,3.773334503173828,1.977589726448059,1.7614222764968872
7840,3.7560911178588867,1.9598971605300903,1.7620044946670532
7841,3.7388854026794434,1.9464713335037231,1.7583509683609009
7842,3.7222132682800293,1.932361125946045,1.7559062242507935
7843,3.70558762550354,1.9162306785583496,1.7555482387542725
7844,3.689398765563965,1.9018932580947876,1.7538212537765503
7845,3.6736080646514893,1.8892561197280884,1.7507880926132202
7846,3.657907009124756,1.8748459815979004,1.7496322393417358
7847,3.642714262008667,1.8593932390213013,1.7500218152999878
7848,3.6274712085723877,1.8481731414794922,1.7461268901824951
7849,3.6125879287719727,1.834899663925171,1.7446362972259521
7850,3.597932815551758,1.8203576803207397,1.7446616888046265
7851,3.583404541015625,1.8086854219436646,1.741925597190857
7852,3.5694499015808105,1.797605276107788,1.7391741275787354
7853,3.5554580688476562,1.7844045162200928,1.738518476486206
7854,3.541815757751465,1.7716541290283203,1.7377513647079468
7855,3.5283164978027344,1.7625776529312134,1.7334507703781128
7856,3.514810562133789,1.749678611755371,1.7329667806625366
7857,3.5017309188842773,1.7377675771713257,1.7319321632385254
7858,3.4886698722839355,1.7285445928573608,1.728203296661377
7859,3.47597599029541,1.7175549268722534,1.7266273498535156
7860,3.4636311531066895,1.7056963443756104,1.7262624502182007
7861,3.4511728286743164,1.6958684921264648,1.7237522602081299
7862,3.439131259918213,1.6874771118164062,1.7202140092849731
7863,3.4270095825195312,1.674245834350586,1.721455454826355
7864,3.414984941482544,1.6655807495117188,1.7182097434997559
7865,3.4033045768737793,1.6563661098480225,1.7158540487289429
7866,3.39150333404541,1.645664930343628,1.7148789167404175
7867,3.380046844482422,1.635156512260437,1.7140476703643799
7868,3.368713617324829,1.6276659965515137,1.7103174924850464
7869,3.357478618621826,1.6176280975341797,1.7092355489730835
7870,3.3466596603393555,1.6066962480545044,1.7094721794128418
7871,3.335733413696289,1.5994586944580078,1.7058905363082886
7872,3.3252410888671875,1.590624451637268,1.7043476104736328
7873,3.3148984909057617,1.5803126096725464,1.7044323682785034
7874,3.3046326637268066,1.5716381072998047,1.7029565572738647
7875,3.295217275619507,1.5658942461013794,1.6993772983551025
7876,3.28668212890625,1.553222417831421,1.7036586999893188
7877,3.2823643684387207,1.5477895736694336,1.704845666885376
7878,3.293877124786377,1.5376731157302856,1.7266429662704468
7879,3.370058536529541,1.533528447151184,1.8069554567337036
7880,3.726315975189209,1.5152552127838135,2.1818556785583496
7881,5.362731456756592,1.5296571254730225,3.803399085998535
7882,12.703070640563965,1.4820455312728882,11.192611694335938
7883,46.605003356933594,1.5762826204299927,44.99752426147461
7884,165.3524627685547,1.4124137163162231,163.91326904296875
7885,418.148681640625,2.3522658348083496,415.75555419921875
7886,263.2481689453125,3.3313920497894287,259.8733825683594
7887,219.34165954589844,4.227401256561279,215.08119201660156
7888,335.2422790527344,6.662928104400635,328.544677734375
7889,224.8507080078125,8.793441772460938,215.9967498779297
7890,84.27473449707031,11.303777694702148,72.9109115600586
7891,171.3194122314453,12.61398696899414,158.6479949951172
7892,192.45864868164062,11.70649528503418,180.69439697265625
7893,105.0674819946289,13.487654685974121,91.53498840332031
7894,104.4107894897461,13.595376968383789,90.78363800048828
7895,113.44615173339844,13.30825138092041,100.10726928710938
7896,84.16342163085938,16.406591415405273,67.72402954101562
7897,60.29979705810547,19.35797119140625,40.906166076660156
7898,87.21238708496094,20.69527244567871,66.47591400146484
7899,78.02806091308594,21.462020874023438,56.52714920043945
7900,43.0586051940918,20.04853630065918,22.983182907104492
7901,67.80006408691406,20.860076904296875,46.92378234863281
7902,55.64929962158203,22.47953224182129,33.15625
7903,52.7343635559082,23.744136810302734,28.974605560302734
7904,48.76633834838867,24.599822998046875,24.14915657043457
7905,48.43311309814453,24.77037811279297,23.645750045776367
7906,45.739776611328125,25.24527931213379,20.477645874023438
7907,43.94377136230469,24.42955780029297,19.495893478393555
7908,46.94355773925781,22.823646545410156,24.100751876831055
7909,34.210418701171875,22.565385818481445,11.627774238586426
7910,39.02942657470703,23.835878372192383,15.178032875061035
7911,38.302162170410156,24.50037384033203,13.784481048583984
7912,37.07884216308594,23.656782150268555,13.399271965026855
7913,31.791461944580078,22.617162704467773,9.145740509033203
7914,33.88713836669922,22.82711410522461,11.027738571166992
7915,32.644554138183594,23.1639404296875,9.445212364196777
7916,31.02794647216797,22.340368270874023,8.649622917175293
7917,30.231966018676758,21.00686264038086,9.188196182250977
7918,28.91903305053711,20.580692291259766,8.306123733520508
7919,27.21219253540039,20.99896240234375,6.184884071350098
7920,27.455900192260742,20.68433952331543,6.743241786956787
7921,27.36090087890625,19.596376419067383,7.733401298522949
7922,25.502845764160156,19.025903701782227,6.442924976348877
7923,23.885398864746094,19.15809440612793,4.691122531890869
7924,24.491744995117188,18.902246475219727,5.551294326782227
7925,23.68402862548828,17.90240478515625,5.742526531219482
7926,22.530513763427734,17.178728103637695,5.314223289489746
7927,21.40271759033203,17.276796340942383,4.090741157531738
7928,21.75515365600586,17.166471481323242,4.553845405578613
7929,20.61227798461914,16.426259994506836,4.149477958679199
7930,20.3748722076416,15.926497459411621,4.410611629486084
7931,19.321096420288086,15.834921836853027,3.4485764503479004
7932,18.84347152709961,15.314009666442871,3.4919776916503906
7933,18.32408905029297,14.305587768554688,3.980731964111328
7934,18.011249542236328,13.73836898803711,4.235450744628906
7935,17.184850692749023,13.658814430236816,3.489013910293579
7936,16.53951072692871,13.272589683532715,3.228911876678467
7937,16.912761688232422,12.687051773071289,4.186091899871826
7938,15.799884796142578,12.466304779052734,3.2935593128204346
7939,15.579505920410156,12.334473609924316,3.2052674293518066
7940,14.943265914916992,11.849597930908203,3.053285598754883
7941,14.944730758666992,11.433014869689941,3.470355272293091
7942,14.15440559387207,11.379695892333984,2.733099937438965
7943,13.960220336914062,11.204726219177246,2.7138590812683105
7944,13.622802734375,10.782546043395996,2.798400640487671
7945,13.25350284576416,10.534158706665039,2.6775829792022705
7946,13.100019454956055,10.357470512390137,2.7008795738220215
7947,12.550033569335938,9.97280502319336,2.534891366958618
7948,12.32894229888916,9.639185905456543,2.6465015411376953
7949,12.234848022460938,9.450632095336914,2.7405495643615723
7950,11.597771644592285,9.157073974609375,2.3969566822052
7951,11.611715316772461,8.882378578186035,2.685561180114746
7952,11.247912406921387,8.762594223022461,2.441300630569458
7953,11.00855541229248,8.584813117980957,2.379014015197754
7954,10.827411651611328,8.354312896728516,2.4277021884918213
7955,10.535470962524414,8.221811294555664,2.268160581588745
7956,10.385457038879395,8.020469665527344,2.319500684738159
7957,10.199921607971191,7.7562713623046875,2.39813494682312
7958,9.874606132507324,7.644455909729004,2.184861898422241
7959,9.782593727111816,7.517753601074219,2.219578266143799
7960,9.584911346435547,7.2702317237854,2.2691855430603027
7961,9.301335334777832,7.109146595001221,2.1468405723571777
7962,9.256857872009277,6.972935199737549,2.2387232780456543
7963,9.022167205810547,6.751506805419922,2.2251737117767334
7964,8.840940475463867,6.608366966247559,2.1870815753936768
7965,8.704108238220215,6.502565860748291,2.1564435958862305
7966,8.542098999023438,6.321341514587402,2.175906181335449
7967,8.368518829345703,6.184852123260498,2.1389307975769043
7968,8.2333345413208,6.085054874420166,2.1034717559814453
7969,8.107300758361816,5.947596073150635,2.1146581172943115
7970,7.938312530517578,5.83949613571167,2.0538430213928223
7971,7.822261810302734,5.72496223449707,2.0526201725006104
7972,7.686339378356934,5.5859880447387695,2.0558760166168213
7973,7.543882846832275,5.499752521514893,1.9998222589492798
7974,7.424612998962402,5.394537448883057,1.985752820968628
7975,7.311479568481445,5.2603302001953125,2.0068254470825195
7976,7.180360794067383,5.180714130401611,1.9556257724761963
7977,7.064794540405273,5.0869059562683105,1.9340393543243408
7978,6.962893962860107,4.977324962615967,1.941719889640808
7979,6.8431010246276855,4.91404914855957,1.8854140043258667
7980,6.73140811920166,4.820780277252197,1.867154598236084
7981,6.634579658508301,4.711122512817383,1.880031943321228
7982,6.536109924316406,4.63776969909668,1.8550257682800293
7983,6.429833889007568,4.547244071960449,1.8393577337265015
7984,6.331050395965576,4.457062244415283,1.8310054540634155
7985,6.249357223510742,4.376203536987305,1.8305394649505615
7986,6.150176048278809,4.284645080566406,1.8231171369552612
7987,6.057321071624756,4.219044208526611,1.7960319519042969
7988,5.973875999450684,4.147134780883789,1.7846425771713257
7989,5.894186973571777,4.061252117156982,1.79100501537323
7990,5.807905197143555,4.003959655761719,1.7623159885406494
7991,5.720754623413086,3.9324092864990234,1.74688720703125
7992,5.654299259185791,3.8525545597076416,1.7604280710220337
7993,5.5730462074279785,3.792813539505005,1.7392204999923706
7994,5.497623443603516,3.717072010040283,1.7397528886795044
7995,5.423245429992676,3.6471126079559326,1.7354921102523804
7996,5.359004020690918,3.5898821353912354,1.728675127029419
7997,5.290318012237549,3.5221171379089355,1.7279413938522339
7998,5.218694686889648,3.462256908416748,1.716432809829712
7999,5.156816482543945,3.400739908218384,1.7162456512451172
8000,5.095588684082031,3.3421666622161865,1.7137280702590942
8001,5.033506393432617,3.29256272315979,1.701491355895996
8002,4.974151134490967,3.228529691696167,1.7063435316085815
8003,4.912666320800781,3.1784443855285645,1.6951066255569458
8004,4.861810207366943,3.133816957473755,1.6890398263931274
8005,4.805542469024658,3.0730409622192383,1.693666696548462
8006,4.750095844268799,3.0267715454101562,1.6846743822097778
8007,4.6998515129089355,2.9809041023254395,1.6804226636886597
8008,4.649021148681641,2.9276180267333984,1.682976484298706
8009,4.602518081665039,2.8820934295654297,1.6821911334991455
8010,4.5537519454956055,2.8340649604797363,1.6816186904907227
8011,4.5049729347229,2.7892045974731445,1.6778724193572998
8012,4.463492393493652,2.743587017059326,1.6821599006652832
8013,4.418560981750488,2.700575590133667,1.680370807647705
8014,4.377144813537598,2.6636812686920166,1.6760140657424927
8015,4.3357086181640625,2.6180992126464844,1.6802526712417603
8016,4.293320178985596,2.5811314582824707,1.674967885017395
8017,4.257226943969727,2.545351266860962,1.6748454570770264
8018,4.219555854797363,2.5002427101135254,1.6824233531951904
8019,4.180208683013916,2.4668948650360107,1.6765700578689575
8020,4.146557331085205,2.4323723316192627,1.677564024925232
8021,4.110200881958008,2.393730640411377,1.679995059967041
8022,4.076542377471924,2.362675189971924,1.6775389909744263
8023,4.046412944793701,2.3309407234191895,1.679247260093689
8024,4.010652542114258,2.2978594303131104,1.6767452955245972
8025,3.9792897701263428,2.2644524574279785,1.678929090499878
8026,3.950653314590454,2.236015796661377,1.6788499355316162
8027,3.918870687484741,2.204962730407715,1.67828369140625
8028,3.8909966945648193,2.1718926429748535,1.6836140155792236
8029,3.8625078201293945,2.148327589035034,1.6788417100906372
8030,3.8321785926818848,2.1184473037719727,1.6785207986831665
8031,3.8072683811187744,2.0894155502319336,1.682762861251831
8032,3.7811238765716553,2.06781268119812,1.678360939025879
8033,3.7529616355895996,2.0390117168426514,1.6791237592697144
8034,3.728863000869751,2.0135998725891113,1.6805851459503174
8035,3.704019069671631,1.9916912317276,1.6777855157852173
8036,3.678565263748169,1.9655201435089111,1.678644061088562
8037,3.6560826301574707,1.9422298669815063,1.679594874382019
8038,3.6328916549682617,1.9206197261810303,1.678122639656067
8039,3.6084814071655273,1.8972413539886475,1.6772499084472656
8040,3.5872459411621094,1.874451756477356,1.6789478063583374
8041,3.5663914680480957,1.854319453239441,1.6783350706100464
8042,3.5433950424194336,1.8326563835144043,1.677165150642395
8043,3.5224242210388184,1.8107024431228638,1.6782740354537964
8044,3.5027670860290527,1.7928869724273682,1.6765538454055786
8045,3.4814748764038086,1.7716474533081055,1.6766554117202759
8046,3.4612889289855957,1.7516568899154663,1.6765835285186768
8047,3.442854881286621,1.7353163957595825,1.6746248006820679
8048,3.4231479167938232,1.71439790725708,1.6759790182113647
8049,3.4031429290771484,1.6973339319229126,1.6731611490249634
8050,3.385647773742676,1.6811578273773193,1.6719809770584106
8051,3.3686885833740234,1.6608167886734009,1.6754976511001587
8052,3.3493852615356445,1.646437168121338,1.6706913709640503
8053,3.3305704593658447,1.6289112567901611,1.6695449352264404
8054,3.314640522003174,1.6112747192382812,1.6713837385177612
8055,3.298266887664795,1.5981775522232056,1.6682190895080566
8056,3.2799954414367676,1.580182433128357,1.668082594871521
8057,3.2624940872192383,1.5658798217773438,1.6650104522705078
8058,3.247498035430908,1.552070140838623,1.663942575454712
8059,3.2323875427246094,1.5349868535995483,1.6660597324371338
8060,3.215385675430298,1.5233689546585083,1.6607884168624878
8061,3.1984598636627197,1.507778286933899,1.6595780849456787
8062,3.183535575866699,1.4940940141677856,1.6584733724594116
8063,3.16926908493042,1.482329249382019,1.6560815572738647
8064,3.154208183288574,1.4668383598327637,1.6566466093063354
8065,3.13838791847229,1.4562362432479858,1.6515460014343262
8066,3.123274803161621,1.4427132606506348,1.6500697135925293
8067,3.109360456466675,1.4299335479736328,1.649071455001831
8068,3.0955677032470703,1.4195085763931274,1.645810842514038
8069,3.0814802646636963,1.405282974243164,1.646072268486023
8070,3.0668857097625732,1.3953521251678467,1.6415400505065918
8071,3.052694320678711,1.3832910060882568,1.6395193338394165
8072,3.039665460586548,1.37138831615448,1.6385174989700317
8073,3.026815891265869,1.362257957458496,1.634912133216858
8074,3.0135045051574707,1.3494924306869507,1.6344746351242065
8075,2.999645233154297,1.3402189016342163,1.630016803741455
8076,2.9865598678588867,1.3294304609298706,1.62783944606781
8077,2.974721670150757,1.3179800510406494,1.6275593042373657
8078,2.9625120162963867,1.3096123933792114,1.6238361597061157
8079,2.949824333190918,1.2976653575897217,1.623207688331604
8080,2.937375068664551,1.2891921997070312,1.6193417310714722
8081,2.9251527786254883,1.2788456678390503,1.6176036596298218
8082,2.9129319190979004,1.2691211700439453,1.6151961088180542
8083,2.9012651443481445,1.2604854106903076,1.6122773885726929
8084,2.8908185958862305,1.250125765800476,1.6123220920562744
8085,2.880692481994629,1.2423948049545288,1.6100128889083862
8086,2.870556354522705,1.231252670288086,1.6111668348312378
8087,2.8614401817321777,1.2253433465957642,1.6080366373062134
8088,2.8555779457092285,1.2121028900146484,1.6155450344085693
8089,2.8566973209381104,1.2098536491394043,1.6189992427825928
8090,2.8779501914978027,1.1917779445648193,1.6584833860397339
8091,2.9618992805480957,1.1981487274169922,1.736095905303955
8092,3.250617265701294,1.1653833389282227,2.0578274726867676
8093,4.249395370483398,1.2006136178970337,3.0212154388427734
8094,7.6342997550964355,1.1167882680892944,6.490528583526611
8095,19.306522369384766,1.2597521543502808,18.018964767456055
8096,50.3887939453125,1.0128612518310547,49.3497314453125
8097,101.81756591796875,1.542895793914795,100.24542999267578
8098,61.78351593017578,1.0401568412780762,60.716373443603516
8099,43.82307434082031,1.7267670631408691,42.070919036865234
8100,131.29824829101562,1.5576211214065552,129.7075653076172
8101,269.6757507324219,2.6489975452423096,267.0002136230469
8102,650.0239868164062,2.986623525619507,647.0078125
8103,436.20819091796875,7.0975236892700195,429.0911865234375
8104,80.17896270751953,7.6806864738464355,72.48094940185547
8105,333.52764892578125,8.477828025817871,325.033203125
8106,127.89387512207031,19.52507972717285,108.36039733886719
8107,150.98068237304688,20.22052764892578,130.74868774414062
8108,96.09087371826172,15.51757526397705,80.55024719238281
8109,135.4502716064453,19.994375228881836,115.42984771728516
8110,81.75222778320312,28.2664794921875,53.47017288208008
8111,114.94129943847656,29.33485221862793,85.5958480834961
8112,86.63135528564453,24.316410064697266,62.30080032348633
8113,85.1316909790039,22.292781829833984,62.82405471801758
8114,70.04829406738281,26.9695987701416,43.06879425048828
8115,87.93017578125,29.138011932373047,58.78081130981445
8116,44.64714050292969,26.3212890625,18.304645538330078
8117,78.30132293701172,26.948055267333984,51.325992584228516
8118,51.98521423339844,30.394296646118164,21.569589614868164
8119,59.438499450683594,34.69281005859375,24.729299545288086
8120,61.43071365356445,34.402008056640625,27.006309509277344
8121,46.69866943359375,30.66433334350586,15.994277954101562
8122,57.481597900390625,29.31438446044922,28.113203048706055
8123,44.672584533691406,30.358837127685547,14.263615608215332
8124,50.54986572265625,31.708602905273438,18.80345916748047
8125,45.63275146484375,31.127132415771484,14.475687026977539
8126,42.181907653808594,28.630489349365234,13.523488998413086
8127,45.245914459228516,27.040781021118164,18.1785831451416
8128,35.886810302734375,27.65471839904785,8.208857536315918
8129,40.198936462402344,28.59079933166504,11.587156295776367
8130,39.77777862548828,27.65790557861328,12.097678184509277
8131,32.63264465332031,25.54718780517578,7.059554576873779
8132,37.93841552734375,24.486677169799805,13.423253059387207
8133,32.11109924316406,24.90081024169922,7.18238639831543
8134,33.21463394165039,25.458187103271484,7.729805946350098
8135,31.24140167236328,24.74944305419922,6.464993000030518
8136,29.964874267578125,23.06593894958496,6.871432781219482
8137,29.446182250976562,22.056377410888672,7.364176273345947
8138,27.624528884887695,22.535140991210938,5.067266941070557
8139,29.142118453979492,22.999574661254883,6.121959686279297
8140,26.342851638793945,21.832006454467773,4.488126754760742
8141,26.953168869018555,20.246986389160156,6.679138660430908
8142,25.331235885620117,19.74431800842285,5.556776523590088
8143,24.041521072387695,19.9544620513916,4.056215286254883
8144,24.830364227294922,19.515010833740234,5.2842254638671875
8145,22.496442794799805,18.215356826782227,4.2493109703063965
8146,22.876811981201172,17.355031967163086,5.490417003631592
8147,21.6310977935791,17.306594848632812,4.294639587402344
8148,20.935548782348633,17.120513916015625,3.7855663299560547
8149,20.624618530273438,16.345767974853516,4.247688293457031
8150,19.8812255859375,15.809793472290039,4.038048267364502
8151,19.31322479248047,15.722554206848145,3.5559804439544678
8152,19.04245376586914,15.36007022857666,3.6467366218566895
8153,18.274038314819336,14.717721939086914,3.5197224617004395
8154,18.009254455566406,14.471308708190918,3.50093674659729
8155,17.478656768798828,14.350040435791016,3.090954542160034
8156,16.607114791870117,13.734947204589844,2.8328182697296143
8157,16.876497268676758,13.104082107543945,3.732074022293091
8158,15.796441078186035,12.951061248779297,2.8062427043914795
8159,15.919069290161133,12.763886451721191,3.117673397064209
8160,15.060091972351074,12.113978385925293,2.9089248180389404
8161,14.891678810119629,11.570490837097168,3.2837276458740234
8162,14.504573822021484,11.387492179870605,3.0794403553009033
8163,14.014029502868652,11.115214347839355,2.8605377674102783
8164,13.785806655883789,10.687809944152832,3.058742046356201
8165,13.29329776763916,10.460333824157715,2.7932980060577393
8166,13.087964057922363,10.318456649780273,2.7298648357391357
8167,12.670376777648926,9.96738338470459,2.6631908416748047
8168,12.490403175354004,9.649856567382812,2.800691843032837
8169,12.106206893920898,9.561233520507812,2.5052900314331055
8170,11.788150787353516,9.343660354614258,2.4044137001037598
8171,11.502853393554688,8.95875358581543,2.5032944679260254
8172,11.205986976623535,8.76628589630127,2.399088144302368
8173,10.927230834960938,8.65217399597168,2.235269784927368
8174,10.68532943725586,8.38637638092041,2.259491205215454
8175,10.402260780334473,8.146442413330078,2.216188669204712
8176,10.152034759521484,7.975104808807373,2.1369714736938477
8177,9.968140602111816,7.767230033874512,2.160479784011841
8178,9.701468467712402,7.589999675750732,2.070660352706909
8179,9.548982620239258,7.438595294952393,2.06931471824646
8180,9.353713035583496,7.261768817901611,2.0506045818328857
8181,9.145208358764648,7.093227863311768,2.0105412006378174
8182,9.00797176361084,6.918568134307861,2.048112630844116
8183,8.818867683410645,6.748801231384277,2.029064893722534
8184,8.644848823547363,6.585246562957764,2.0187437534332275
8185,8.497061729431152,6.403228759765625,2.052875280380249
8186,8.302223205566406,6.266313552856445,1.9949970245361328
8187,8.167481422424316,6.156697750091553,1.9699701070785522
8188,8.008200645446777,6.034114837646484,1.933140754699707
8189,7.8456621170043945,5.932913303375244,1.8716710805892944
8190,7.741205215454102,5.812235355377197,1.8878620862960815
8191,7.573485851287842,5.681237697601318,1.851309895515442
8192,7.4696044921875,5.5778961181640625,1.8511366844177246
8193,7.333795547485352,5.439644813537598,1.8537417650222778
8194,7.207521438598633,5.314719200134277,1.8524391651153564
8195,7.101594924926758,5.229593276977539,1.8317768573760986
8196,6.974837303161621,5.116636276245117,1.8179941177368164
8197,6.862607002258301,5.023707389831543,1.798614263534546
8198,6.76996374130249,4.94533109664917,1.7842305898666382
8199,6.653057098388672,4.83735990524292,1.7752270698547363
8200,6.555689811706543,4.75283145904541,1.7625510692596436
8201,6.4640727043151855,4.673553943634033,1.7503944635391235
8202,6.358766555786133,4.574769973754883,1.7439831495285034
8203,6.280510425567627,4.4968414306640625,1.7438138723373413
8204,6.189327239990234,4.427911758422852,1.7216488122940063
8205,6.0966691970825195,4.351548194885254,1.7053250074386597
8206,6.021188735961914,4.274813652038574,1.7065060138702393
8207,5.937503814697266,4.203019142150879,1.6946407556533813
8208,5.84967565536499,4.130017280578613,1.6800442934036255
8209,5.779514789581299,4.043490886688232,1.6966382265090942
8210,5.696856498718262,3.967980146408081,1.6896679401397705
8211,5.618437767028809,3.895869731903076,1.683565616607666
8212,5.5479559898376465,3.8130548000335693,1.696066975593567
8213,5.466061592102051,3.754791259765625,1.6726040840148926
8214,5.38746452331543,3.6899547576904297,1.6589690446853638
8215,5.316004753112793,3.6142044067382812,1.6633751392364502
8216,5.231674671173096,3.563566207885742,1.6298948526382446
8217,5.14956521987915,3.4965407848358154,1.614974021911621
8218,5.07586669921875,3.419151544570923,1.6188273429870605
8219,4.992956161499023,3.3643388748168945,1.5910232067108154
8220,4.916972637176514,3.2972676753997803,1.5823733806610107
8221,4.852406978607178,3.2304582595825195,1.5848031044006348
8222,4.789798736572266,3.183555841445923,1.5692627429962158
8223,4.731539249420166,3.126274347305298,1.5684252977371216
8224,4.685342788696289,3.0750865936279297,1.5736079216003418
8225,4.637735366821289,3.0344176292419434,1.5668810606002808
8226,4.591215133666992,2.9809744358062744,1.5740036964416504
8227,4.546679496765137,2.9393255710601807,1.571394681930542
8228,4.503075122833252,2.9022936820983887,1.5650559663772583
8229,4.459889888763428,2.853591203689575,1.570724606513977
8230,4.417177200317383,2.8192994594573975,1.5625165700912476
8231,4.373547554016113,2.7831358909606934,1.5552246570587158
8232,4.33272123336792,2.74246883392334,1.5551913976669312
8233,4.292307376861572,2.7123262882232666,1.545065999031067
8234,4.248954772949219,2.6751372814178467,1.5389958620071411
8235,4.208805084228516,2.6413023471832275,1.5328104496002197
8236,4.172142028808594,2.6099584102630615,1.5276224613189697
8237,4.134696006774902,2.572038412094116,1.5281658172607422
8238,4.09692907333374,2.5424466133117676,1.5201259851455688
8239,4.063784122467041,2.510336399078369,1.519206166267395
8240,4.031749725341797,2.4758241176605225,1.5217349529266357
8241,3.998481273651123,2.4497644901275635,1.514642357826233
8242,3.967465400695801,2.4172067642211914,1.5162739753723145
8243,3.938714027404785,2.3899760246276855,1.5148296356201172
8244,3.9100141525268555,2.3638243675231934,1.5123921632766724
8245,3.8820457458496094,2.3316867351531982,1.5166457891464233
8246,3.8544700145721436,2.311187505722046,1.5096790790557861
8247,3.826141357421875,2.2824809551239014,1.5101454257965088
8248,3.800529956817627,2.254802703857422,1.5122870206832886
8249,3.7760047912597656,2.238152027130127,1.5045359134674072
8250,3.7491111755371094,2.20853590965271,1.5073537826538086
8251,3.7230677604675293,2.187656879425049,1.5023037195205688
8252,3.700535535812378,2.1693179607391357,1.4982516765594482
8253,3.6780054569244385,2.1414668560028076,1.5036988258361816
8254,3.653501033782959,2.1257553100585938,1.4950588941574097
8255,3.630486488342285,2.102587938308716,1.4953553676605225
8256,3.6099162101745605,2.0803041458129883,1.4972341060638428
8257,3.5891506671905518,2.0648438930511475,1.4920768737792969
8258,3.5682222843170166,2.040121555328369,1.495980978012085
8259,3.5478756427764893,2.023489236831665,1.4924194812774658
8260,3.528244972229004,2.006402015686035,1.4899969100952148
8261,3.5087456703186035,1.984179973602295,1.4928432703018188
8262,3.4901680946350098,1.969983458518982,1.4886142015457153
8263,3.4721803665161133,1.95166015625,1.4890577793121338
8264,3.4528305530548096,1.9340096712112427,1.4875015020370483
8265,3.4342150688171387,1.919191598892212,1.48382568359375
8266,3.4181530475616455,1.9030860662460327,1.4839775562286377
8267,3.401571750640869,1.8887706995010376,1.4818482398986816
8268,3.3835291862487793,1.8730899095535278,1.4795664548873901
8269,3.3663177490234375,1.8601452112197876,1.4754210710525513
8270,3.3511664867401123,1.8446367979049683,1.4759019613265991
8271,3.336202383041382,1.8302206993103027,1.4754400253295898
8272,3.3201308250427246,1.8183480501174927,1.4713821411132812
8273,3.3047688007354736,1.8012765645980835,1.473190188407898
8274,3.290067195892334,1.7922749519348145,1.4676017761230469
8275,3.274542808532715,1.776045799255371,1.4684267044067383
8276,3.2596864700317383,1.7633824348449707,1.4663341045379639
8277,3.24642276763916,1.7538981437683105,1.4626778364181519
8278,3.233071804046631,1.7357709407806396,1.4675661325454712
8279,3.218332290649414,1.728229284286499,1.4604902267456055
8280,3.2034521102905273,1.7131093740463257,1.4608452320098877
8281,3.1906943321228027,1.6999255418777466,1.4613821506500244
8282,3.1791064739227295,1.6921311616897583,1.4576960802078247
8283,3.166140556335449,1.6751935482025146,1.4617805480957031
8284,3.1523208618164062,1.667896032333374,1.45537269115448
8285,3.139463424682617,1.6540474891662598,1.456459641456604
8286,3.1273293495178223,1.6428338289260864,1.455667495727539
8287,3.11506986618042,1.6338894367218018,1.4524482488632202
8288,3.102928876876831,1.6201711893081665,1.4541376829147339
8289,3.0916311740875244,1.6126848459243774,1.4504538774490356
8290,3.0807230472564697,1.6010820865631104,1.451223611831665
8291,3.0685038566589355,1.5913006067276,1.4489167928695679
8292,3.0557963848114014,1.5819358825683594,1.4456589221954346
8293,3.044654369354248,1.5721648931503296,1.4443892240524292
8294,3.034682273864746,1.5623936653137207,1.4443079233169556
8295,3.024001121520996,1.553189992904663,1.442908525466919
8296,3.012333393096924,1.544678807258606,1.4398750066757202
8297,3.0014986991882324,1.5335204601287842,1.4402894973754883
8298,2.991772413253784,1.527653455734253,1.4365240335464478
8299,2.9812684059143066,1.516724705696106,1.4370663166046143
8300,2.9702486991882324,1.508821725845337,1.434027910232544
8301,2.9600234031677246,1.5017145872116089,1.4310179948806763
8302,2.9510498046875,1.4902591705322266,1.4336044788360596
8303,2.941798686981201,1.4853752851486206,1.429322361946106
8304,2.9311747550964355,1.4735674858093262,1.4306237697601318
8305,2.920222282409668,1.4678025245666504,1.4255253076553345
8306,2.91064190864563,1.4593981504440308,1.4244405031204224
8307,2.9021763801574707,1.449845552444458,1.4256333112716675
8308,2.8931636810302734,1.4451028108596802,1.4214421510696411
8309,2.8833580017089844,1.433638095855713,1.4232076406478882
8310,2.873771905899048,1.4288417100906372,1.4185194969177246
8311,2.865177631378174,1.4190504550933838,1.419795274734497
8312,2.8564577102661133,1.4126315116882324,1.4176150560379028
8313,2.8469338417053223,1.4046761989593506,1.4161101579666138
8314,2.836902618408203,1.3977268934249878,1.413142204284668
8315,2.828007698059082,1.3900326490402222,1.412036657333374
8316,2.8205924034118652,1.3833712339401245,1.4113585948944092
8317,2.8124732971191406,1.3766369819641113,1.4100955724716187
8318,2.80363130569458,1.3682887554168701,1.4096601009368896
8319,2.794981002807617,1.3641444444656372,1.405268669128418
8320,2.7876086235046387,1.3531173467636108,1.4090090990066528
8321,2.781529426574707,1.3519381284713745,1.4041932821273804
8322,2.776419162750244,1.3379114866256714,1.4132131338119507
8323,2.773880958557129,1.341066837310791,1.4076011180877686
8324,2.7793660163879395,1.321218490600586,1.4330189228057861
8325,2.8089375495910645,1.3342437744140625,1.4496843814849854
8326,2.912526845932007,1.2978204488754272,1.5897090435028076
8327,3.254622220993042,1.342174768447876,1.8876901865005493
8328,4.361656188964844,1.2509169578552246,3.0857863426208496
8329,8.126220703125,1.407114863395691,6.694765567779541
8330,20.123830795288086,1.1414216756820679,18.957204818725586
8331,61.498287200927734,1.7296572923660278,59.74524688720703
8332,164.6909637451172,0.9753025770187378,163.68923950195312
8333,420.6541442871094,3.093186855316162,417.5404968261719
8334,480.4606628417969,1.3176522254943848,479.11492919921875
8335,200.0049285888672,4.32266092300415,195.67022705078125
8336,100.05099487304688,5.1228251457214355,94.9115219116211
8337,137.1732177734375,6.218577861785889,130.93296813964844
8338,119.84542846679688,9.334071159362793,110.4980697631836
8339,110.62751770019531,11.4811372756958,99.13448333740234
8340,126.13480377197266,12.160778999328613,113.95909881591797
8341,148.09169006347656,16.72471809387207,131.35269165039062
8342,80.99173736572266,15.38805103302002,65.59220123291016
8343,139.7614288330078,13.325495719909668,126.4241714477539
8344,48.84885787963867,17.997644424438477,30.83617401123047
8345,146.54066467285156,22.79252052307129,123.73200988769531
8346,66.81783294677734,18.704092025756836,48.09737777709961
8347,79.29360961914062,20.7221622467041,58.55415344238281
8348,65.2916030883789,29.85267448425293,35.42184829711914
8349,95.43626403808594,35.04985809326172,60.37181854248047
8350,49.84375,29.133886337280273,20.698760986328125
8351,85.67857360839844,25.63048553466797,60.0376091003418
8352,45.055999755859375,29.530546188354492,15.510843276977539
8353,80.32295227050781,32.3986930847168,47.90224075317383
8354,44.57759094238281,28.035722732543945,16.516937255859375
8355,67.47251892089844,25.79884147644043,41.65127182006836
8356,40.59994888305664,29.792823791503906,10.789527893066406
8357,62.3968505859375,32.97837448120117,29.405593872070312
8358,43.02379608154297,29.785053253173828,13.227887153625488
8359,54.00244140625,26.67698097229004,27.31162452697754
8360,39.01268005371094,28.63068389892578,10.361490249633789
8361,50.38655471801758,31.520875930786133,18.842266082763672
8362,39.41526794433594,29.630722045898438,9.765336990356445
8363,44.54314041137695,27.12635612487793,17.401968002319336
8364,35.825355529785156,27.6284122467041,8.18266773223877
8365,42.016845703125,29.0709171295166,12.929795265197754
8366,34.8991813659668,27.73575210571289,7.145316123962402
8367,38.330162048339844,25.39143943786621,12.9185209274292
8368,31.590953826904297,25.139238357543945,6.429046154022217
8369,36.366455078125,26.256608963012695,10.08586311340332
8370,30.741777420043945,25.538410186767578,5.1805596351623535
8371,32.04547119140625,23.629840850830078,8.394927978515625
8372,29.257619857788086,22.80955696105957,6.42823600769043
8373,28.949186325073242,23.11434555053711,5.814033508300781
8374,28.026611328125,22.844266891479492,5.159622669219971
8375,25.4929141998291,21.376569747924805,4.091930389404297
8376,26.139347076416016,20.069961547851562,6.043806076049805
8377,24.38330841064453,19.88337516784668,4.473621368408203
8378,24.454557418823242,19.94422721862793,4.483736038208008
8379,23.062971115112305,18.901531219482422,4.135499477386475
8380,22.391559600830078,17.469587326049805,4.897816181182861
8381,21.933231353759766,17.11748504638672,4.793335914611816
8382,20.938936233520508,17.390583038330078,3.5262198448181152
8383,20.53569793701172,16.838830947875977,3.6736581325531006
8384,19.64604949951172,15.609663009643555,4.012021541595459
8385,18.960412979125977,14.856911659240723,4.078362941741943
8386,18.23009490966797,14.57745361328125,3.6265249252319336
8387,17.647768020629883,14.1777925491333,3.4432623386383057
8388,17.038537979125977,13.653303146362305,3.3598077297210693
8389,16.66340446472168,13.099462509155273,3.5403854846954346
8390,15.92141056060791,12.50165843963623,3.396134376525879
8391,15.522611618041992,12.111478805541992,3.3860018253326416
8392,15.014453887939453,11.905044555664062,3.083596706390381
8393,14.462420463562012,11.430737495422363,3.0062406063079834
8394,14.259439468383789,10.89002513885498,3.34376859664917
8395,13.554971694946289,10.774378776550293,2.753798723220825
8396,13.464192390441895,10.72276496887207,2.7137744426727295
8397,12.616868019104004,10.128528594970703,2.460885763168335
8398,12.647172927856445,9.475672721862793,3.144716739654541
8399,11.948951721191406,9.306205749511719,2.61629319190979
8400,11.833246231079102,9.187061309814453,2.619663953781128
8401,11.341184616088867,8.782171249389648,2.532473087310791
8402,10.988730430603027,8.470507621765137,2.4915530681610107
8403,10.719829559326172,8.344121932983398,2.3481600284576416
8404,10.402007102966309,8.157894134521484,2.215477228164673
8405,10.146612167358398,7.869906425476074,2.248220920562744
8406,9.86390495300293,7.580153465270996,2.256380081176758
8407,9.5267333984375,7.318157196044922,2.1816906929016113
8408,9.271391868591309,7.1182861328125,2.126007556915283
8409,8.949370384216309,6.943734169006348,1.9786781072616577
8410,8.67418384552002,6.662055015563965,1.9855914115905762
8411,8.427203178405762,6.402073860168457,1.9986695051193237
8412,8.14773178100586,6.297782897949219,1.823426365852356
8413,7.925740718841553,6.112475395202637,1.7868561744689941
8414,7.780999660491943,5.829507827758789,1.9251770973205566
8415,7.5437116622924805,5.689795017242432,1.8274589776992798
8416,7.412066459655762,5.58509635925293,1.800420880317688
8417,7.200939655303955,5.374023914337158,1.800668716430664
8418,7.009568214416504,5.205080032348633,1.7784905433654785
8419,6.797243595123291,5.119089126586914,1.6519109010696411
8420,6.658963680267334,4.991119861602783,1.6413589715957642
8421,6.469254970550537,4.8327250480651855,1.6101948022842407
8422,6.315764427185059,4.729540824890137,1.5600321292877197
8423,6.163527011871338,4.620376110076904,1.517027497291565
8424,5.970281600952148,4.4532318115234375,1.4912223815917969
8425,5.866537570953369,4.305402755737305,1.5354958772659302
8426,5.703278541564941,4.192045211791992,1.4854029417037964
8427,5.576629638671875,4.068329334259033,1.4824591875076294
8428,5.440370559692383,3.9416728019714355,1.4731758832931519
8429,5.281196594238281,3.836343288421631,1.4194777011871338
8430,5.179072856903076,3.746063709259033,1.4076796770095825
8431,5.053617477416992,3.6363887786865234,1.392163872718811
8432,4.948805809020996,3.5119383335113525,1.4120738506317139
8433,4.8391642570495605,3.4250378608703613,1.3894906044006348
8434,4.741733551025391,3.3396315574645996,1.3776605129241943
8435,4.648125171661377,3.2221357822418213,1.4016941785812378
8436,4.554612159729004,3.144324779510498,1.3859355449676514
8437,4.482135772705078,3.083000421524048,1.374605655670166
8438,4.405430316925049,2.992241859436035,1.3886382579803467
8439,4.329792499542236,2.9243252277374268,1.3810954093933105
8440,4.259577751159668,2.8672380447387695,1.368058204650879
8441,4.193747520446777,2.793912172317505,1.3755748271942139
8442,4.1251220703125,2.7259361743927,1.3750555515289307
8443,4.068626880645752,2.6634631156921387,1.3811124563217163
8444,4.004924774169922,2.6115310192108154,1.369296669960022
8445,3.9509053230285645,2.55949068069458,1.367333173751831
8446,3.8955254554748535,2.500563859939575,1.370937466621399
8447,3.834029197692871,2.451655149459839,1.3583110570907593
8448,3.785045623779297,2.396336317062378,1.3646634817123413
8449,3.729623317718506,2.334590196609497,1.3712283372879028
8450,3.6793437004089355,2.2788925170898438,1.3769127130508423
8451,3.6256227493286133,2.2193126678466797,1.3829128742218018
8452,3.571018934249878,2.1678121089935303,1.379953384399414
8453,3.521394729614258,2.1189677715301514,1.3792985677719116
8454,3.467156410217285,2.065656900405884,1.3783916234970093
8455,3.4143757820129395,2.0265839099884033,1.364724040031433
8456,3.3664937019348145,1.9836785793304443,1.359856367111206
8457,3.3152241706848145,1.9286750555038452,1.3636826276779175
8458,3.2640976905822754,1.8863109350204468,1.3550353050231934
8459,3.219921112060547,1.844820499420166,1.3525230884552002
8460,3.1748299598693848,1.7961487770080566,1.3562372922897339
8461,3.1347622871398926,1.7608007192611694,1.3515887260437012
8462,3.100555896759033,1.7313205003738403,1.3468730449676514
8463,3.0656356811523438,1.6970537900924683,1.346190094947815
8464,3.033853054046631,1.669609546661377,1.341888666152954
8465,3.0060718059539795,1.6444460153579712,1.3393193483352661
8466,2.9786767959594727,1.614526629447937,1.3418629169464111
8467,2.949634552001953,1.5870429277420044,1.340393304824829
8468,2.9244956970214844,1.560240387916565,1.3421192169189453
8469,2.900858163833618,1.533841848373413,1.3448927402496338
8470,2.873598098754883,1.510520100593567,1.341046690940857
8471,2.8493146896362305,1.4850603342056274,1.3422775268554688
8472,2.8278303146362305,1.4610835313796997,1.3447811603546143
8473,2.803694248199463,1.4386924505233765,1.3431396484375
8474,2.779430866241455,1.4120864868164062,1.3455753326416016
8475,2.758769989013672,1.3886849880218506,1.3483988046646118
8476,2.7379467487335205,1.3676955699920654,1.348675012588501
8477,2.7155654430389404,1.344179630279541,1.3498623371124268
8478,2.6958014965057373,1.3240013122558594,1.3503506183624268
8479,2.6776351928710938,1.306020736694336,1.3502675294876099
8480,2.658069133758545,1.286647915840149,1.3501399755477905
8481,2.638648271560669,1.2685132026672363,1.3489657640457153
8482,2.6219048500061035,1.251702904701233,1.3491290807724
8483,2.6056649684906006,1.2351640462875366,1.3494797945022583
8484,2.587465286254883,1.2193447351455688,1.3472191095352173
8485,2.5709967613220215,1.2043795585632324,1.3457995653152466
8486,2.5567116737365723,1.1906499862670898,1.3452943563461304
8487,2.5406737327575684,1.1774404048919678,1.3425761461257935
8488,2.524080276489258,1.1638942956924438,1.3395984172821045
8489,2.5096850395202637,1.15146005153656,1.3377150297164917
8490,2.4960241317749023,1.1400545835494995,1.335563063621521
8491,2.4810523986816406,1.1271566152572632,1.333539605140686
8492,2.466409683227539,1.1153117418289185,1.3308210372924805
8493,2.4537763595581055,1.1057019233703613,1.3278720378875732
8494,2.441254138946533,1.0934529304504395,1.3276492357254028
8495,2.4276280403137207,1.0825928449630737,1.324977159500122
8496,2.414741277694702,1.0734091997146606,1.3213270902633667
8497,2.403451442718506,1.0611802339553833,1.3223240375518799
8498,2.39139986038208,1.0515168905258179,1.3200280666351318
8499,2.378772735595703,1.0419541597366333,1.3170013427734375
8500,2.367626905441284,1.031131625175476,1.3167309761047363
8501,2.3568778038024902,1.0226114988327026,1.3145661354064941
8502,2.3452751636505127,1.0121939182281494,1.3134164810180664
8503,2.3340201377868652,1.002996802330017,1.311427354812622
8504,2.324131727218628,0.9947764277458191,1.309823751449585
8505,2.3143310546875,0.9834150671958923,1.311424732208252
8506,2.303274631500244,0.9757739901542664,1.3080759048461914
8507,2.2929608821868896,0.967285692691803,1.3062940835952759
8508,2.284203052520752,0.9569441080093384,1.3079240322113037
8509,2.274643898010254,0.9500617980957031,1.3053165674209595
8510,2.2642688751220703,0.9408785700798035,1.304164171218872
8511,2.2549006938934326,0.9323120713233948,1.3034244775772095
8512,2.2465734481811523,0.9245133996009827,1.302974820137024
8513,2.2375648021698,0.9157955050468445,1.3027219772338867
8514,2.2280259132385254,0.9085587859153748,1.300483226776123
8515,2.2198078632354736,0.8999490737915039,1.300945520401001
8516,2.212141990661621,0.8926489949226379,1.3006072044372559
8517,2.2032132148742676,0.8864977359771729,1.2979049682617188
8518,2.1941399574279785,0.8779507279396057,1.297429084777832
8519,2.1864891052246094,0.8716782927513123,1.2960954904556274
8520,2.1792244911193848,0.8654772639274597,1.2951087951660156
8521,2.1709535121917725,0.8578960299491882,1.2944536209106445
8522,2.162266731262207,0.8513844013214111,1.2923487424850464
8523,2.1548681259155273,0.8460000157356262,1.2903861999511719
8524,2.148407459259033,0.8385028839111328,1.2914596796035767
8525,2.1408538818359375,0.8326662182807922,1.2898257970809937
8526,2.1324925422668457,0.8270420432090759,1.2871206998825073
8527,2.1250741481781006,0.8202371001243591,1.2865731716156006
8528,2.118558406829834,0.8150683641433716,1.2852925062179565
8529,2.1115810871124268,0.8082974553108215,1.2851238250732422
8530,2.1038427352905273,0.8031529784202576,1.2826039791107178
8531,2.0968542098999023,0.7979742288589478,1.2808449268341064
8532,2.09116268157959,0.7909040451049805,1.282271385192871
8533,2.0847949981689453,0.7876873016357422,1.2791862487792969
8534,2.077282667160034,0.7804882526397705,1.278914213180542
8535,2.0698037147521973,0.7762276530265808,1.2757550477981567
8536,2.0638620853424072,0.7712106704711914,1.2748990058898926
8537,2.0587472915649414,0.7652634978294373,1.2757614850997925
8538,2.052300453186035,0.7614760994911194,1.2731812000274658
8539,2.045016288757324,0.7548553347587585,1.2725567817687988
8540,2.0384552478790283,0.7517686486244202,1.2691283226013184
8541,2.0334177017211914,0.7458986639976501,1.2700392007827759
8542,2.0288758277893066,0.7414644360542297,1.2699440717697144
8543,2.0231175422668457,0.7369322776794434,1.2688144445419312
8544,2.0164999961853027,0.7323312163352966,1.2668132781982422
8545,2.0101981163024902,0.7264822125434875,1.2664498090744019
8546,2.005549192428589,0.7247859239578247,1.2635207176208496
8547,2.0032896995544434,0.7159086465835571,1.270207166671753
8548,2.003883123397827,0.7168909907341003,1.2698595523834229
8549,2.011230230331421,0.705483078956604,1.2886828184127808
8550,2.036839246749878,0.7108543515205383,1.3089383840560913
8551,2.1150026321411133,0.6924411058425903,1.4056442975997925
8552,2.349841594696045,0.709988534450531,1.6228421926498413
8553,3.043600082397461,0.6721795797348022,2.3547170162200928
8554,5.206545352935791,0.7262290716171265,4.463195323944092
8555,11.589446067810059,0.6303176283836365,10.94282054901123
8556,32.32313919067383,0.8131080269813538,31.492273330688477
8557,83.70861053466797,0.5472254157066345,83.1457290649414
8558,225.3603515625,1.219441533088684,224.12078857421875
8559,280.5273742675781,0.6641586422920227,279.8456115722656
8560,261.452880859375,2.2470762729644775,259.1879577636719
8561,118.77143096923828,2.650330066680908,116.09559631347656
8562,219.79745483398438,2.4489312171936035,217.3297119140625
8563,118.64559936523438,3.8746535778045654,114.75421905517578
8564,157.26136779785156,4.98517370223999,152.24972534179688
8565,44.655826568603516,6.189720153808594,38.435272216796875
8566,146.08078002929688,10.48702621459961,135.56944274902344
8567,112.55633544921875,10.646791458129883,101.88611602783203
8568,86.68638610839844,9.801234245300293,76.86319732666016
8569,56.6039924621582,10.188104629516602,46.39975357055664
8570,89.87869262695312,12.553223609924316,77.31208801269531
8571,45.68938446044922,12.323952674865723,33.34639358520508
8572,48.81877899169922,11.466326713562012,37.32072448730469
8573,63.898441314697266,13.420525550842285,50.441749572753906
8574,30.204219818115234,14.931249618530273,15.248215675354004
8575,38.36919021606445,15.211740493774414,23.140499114990234
8576,47.58259963989258,13.605297088623047,33.96111297607422
8577,26.638565063476562,13.66415023803711,12.958321571350098
8578,37.74694061279297,14.045263290405273,23.686046600341797
8579,31.589828491210938,13.191293716430664,18.38315200805664
8580,30.664508819580078,12.155343055725098,18.494714736938477
8581,26.137985229492188,12.255136489868164,13.86961555480957
8582,32.06106948852539,13.462284088134766,18.583589553833008
8583,20.080997467041016,14.01699161529541,6.042096138000488
8584,28.58709144592285,14.104814529418945,14.456432342529297
8585,19.591766357421875,13.705427169799805,5.865208625793457
8586,23.503528594970703,14.031590461730957,9.456147193908691
8587,19.772754669189453,14.032777786254883,5.725400447845459
8588,23.428743362426758,13.450658798217773,9.961418151855469
8589,16.318796157836914,12.8301362991333,3.468477964401245
8590,21.259872436523438,12.679513931274414,8.556611061096191
8591,16.060060501098633,12.780255317687988,3.254202127456665
8592,18.92010498046875,12.39015007019043,6.505847454071045
8593,16.268373489379883,11.666394233703613,4.581300258636475
8594,17.45377540588379,11.42458438873291,6.01055383682251
8595,14.401784896850586,11.364603996276855,3.018306255340576
8596,16.24258804321289,11.06414794921875,5.158904552459717
8597,14.67611312866211,10.766414642333984,3.8906912803649902
8598,13.858047485351562,10.83636474609375,3.003270387649536
8599,14.232909202575684,10.640737533569336,3.5725724697113037
8600,12.734142303466797,10.055225372314453,2.6564764976501465
8601,12.94951057434082,9.71573257446289,3.2090301513671875
8602,12.248011589050293,9.645052909851074,2.5777671337127686
8603,11.988336563110352,9.194573402404785,2.7695624828338623
8604,11.493671417236328,8.509207725524902,2.961876392364502
8605,11.12734603881836,8.296672821044922,2.8093175888061523
8606,11.010705947875977,8.313925743103027,2.675161123275757
8607,10.152054786682129,7.957674503326416,2.1710517406463623
8608,10.547388076782227,7.5291948318481445,2.993374824523926
8609,9.52123737335205,7.457406044006348,2.0388314723968506
8610,10.023966789245605,7.3628058433532715,2.636251211166382
8611,9.00606918334961,6.998263835906982,1.9824246168136597
8612,9.122234344482422,6.783973217010498,2.3125553131103516
8613,8.913297653198242,6.727386474609375,2.1603198051452637
8614,8.398484230041504,6.451100826263428,1.921674132347107
8615,8.6406888961792,6.151387691497803,2.4631879329681396
8616,7.870031833648682,6.131033897399902,1.7127294540405273
8617,7.988847732543945,6.068582057952881,1.8939050436019897
8618,7.697620391845703,5.7847113609313965,1.8862268924713135
8619,7.4253034591674805,5.585566997528076,1.8129315376281738
8620,7.445188045501709,5.474880695343018,1.9437018632888794
8621,7.036453723907471,5.271640300750732,1.7383757829666138
8622,6.947403907775879,5.104694366455078,1.8165314197540283
8623,6.833820819854736,5.0355987548828125,1.7724609375
8624,6.545598030090332,4.897104263305664,1.6226813793182373
8625,6.514560699462891,4.749823570251465,1.7381433248519897
8626,6.2836151123046875,4.699008464813232,1.5572423934936523
8627,6.118070602416992,4.60171365737915,1.4889733791351318
8628,6.083896160125732,4.446069240570068,1.611096978187561
8629,5.8351850509643555,4.345680236816406,1.4634783267974854
8630,5.764824390411377,4.23448371887207,1.5045576095581055
8631,5.659484386444092,4.096850872039795,1.5367316007614136
8632,5.4817657470703125,4.014937877655029,1.4408464431762695
8633,5.412600517272949,3.9158599376678467,1.4707615375518799
8634,5.294142723083496,3.7938966751098633,1.474284291267395
8635,5.1516008377075195,3.742218494415283,1.383371114730835
8636,5.08127498626709,3.6737093925476074,1.3812874555587769
8637,4.9813923835754395,3.545896530151367,1.4090906381607056
8638,4.847136497497559,3.466520309448242,1.3546048402786255
8639,4.7913641929626465,3.393726110458374,1.3720299005508423
8640,4.696659088134766,3.282931327819824,1.388198971748352
8641,4.571391582489014,3.2210748195648193,1.3248745203018188
8642,4.527464866638184,3.159167528152466,1.3428212404251099
8643,4.44033145904541,3.056220531463623,1.3583488464355469
8644,4.333392143249512,3.0037941932678223,1.303762674331665
8645,4.286643981933594,2.9580602645874023,1.3029075860977173
8646,4.209099292755127,2.866852283477783,1.3167001008987427
8647,4.1215338706970215,2.798325538635254,1.2978397607803345
8648,4.060492515563965,2.7358715534210205,1.2993577718734741
8649,4.009708404541016,2.6582164764404297,1.3261737823486328
8650,3.9246692657470703,2.607680320739746,1.2917335033416748
8651,3.866647720336914,2.550534963607788,1.2910181283950806
8652,3.828714609146118,2.482382297515869,1.3212988376617432
8653,3.7432737350463867,2.442370653152466,1.2758398056030273
8654,3.695476770401001,2.390470266342163,1.2798893451690674
8655,3.650691509246826,2.33011531829834,1.2955747842788696
8656,3.5928125381469727,2.290904998779297,1.277138590812683
8657,3.532874822616577,2.237285614013672,1.2708704471588135
8658,3.491828203201294,2.187429189682007,1.2796986103057861
8659,3.449370861053467,2.1526272296905518,1.272162914276123
8660,3.3884339332580566,2.0971620082855225,1.2667450904846191
8661,3.348315715789795,2.0528016090393066,1.2710726261138916
8662,3.311591625213623,2.023933172225952,1.2633203268051147
8663,3.2603304386138916,1.9774786233901978,1.2584953308105469
8664,3.2194509506225586,1.939012050628662,1.256126880645752
8665,3.183779239654541,1.9079945087432861,1.251585841178894
8666,3.1457715034484863,1.868122935295105,1.2534985542297363
8667,3.103475332260132,1.8370146751403809,1.2424097061157227
8668,3.067568302154541,1.8030787706375122,1.24056077003479
8669,3.0401768684387207,1.7650765180587769,1.2512158155441284
8670,2.9988319873809814,1.741182804107666,1.2337857484817505
8671,2.9652719497680664,1.7107551097869873,1.2306662797927856
8672,2.9361042976379395,1.6781551837921143,1.2341771125793457
8673,2.9052929878234863,1.6528255939483643,1.2287930250167847
8674,2.872035503387451,1.6188310384750366,1.2295472621917725
8675,2.840695381164551,1.58993399143219,1.2272117137908936
8676,2.8163375854492188,1.564285397529602,1.2286570072174072
8677,2.787350654602051,1.53187894821167,1.2321208715438843
8678,2.755861282348633,1.5100198984146118,1.2225314378738403
8679,2.733327865600586,1.4883918762207031,1.2216638326644897
8680,2.7072291374206543,1.4600259065628052,1.2239526510238647
8681,2.682041645050049,1.4395819902420044,1.2193118333816528
8682,2.654775619506836,1.4160375595092773,1.2156720161437988
8683,2.6318886280059814,1.3920272588729858,1.2168554067611694
8684,2.6110966205596924,1.371427297592163,1.2167569398880005
8685,2.5854029655456543,1.346978783607483,1.2155773639678955
8686,2.5626144409179688,1.3286274671554565,1.21120285987854
8687,2.542356014251709,1.310396432876587,1.209223985671997
8688,2.5216641426086426,1.288002610206604,1.210976004600525
8689,2.5006375312805176,1.2716034650802612,1.2064381837844849
8690,2.4785280227661133,1.2530659437179565,1.2029192447662354
8691,2.4610095024108887,1.233885645866394,1.2046617269515991
8692,2.441904067993164,1.2181854248046875,1.2013765573501587
8693,2.421847343444824,1.1998413801193237,1.1997002363204956
8694,2.403684377670288,1.1847378015518188,1.1966700553894043
8695,2.3859856128692627,1.1698960065841675,1.1938951015472412
8696,2.3702964782714844,1.1519956588745117,1.1961841583251953
8697,2.351284980773926,1.138532042503357,1.190716028213501
8698,2.3344764709472656,1.123107671737671,1.1893956661224365
8699,2.31925106048584,1.1072423458099365,1.1901171207427979
8700,2.3031249046325684,1.0946568250656128,1.1866627931594849
8701,2.2877087593078613,1.079736351966858,1.1862026453018188
8702,2.270777702331543,1.0675017833709717,1.181577444076538
8703,2.2570252418518066,1.0552383661270142,1.1801624298095703
8704,2.2437503337860107,1.0403755903244019,1.1817876100540161
8705,2.2274928092956543,1.029646873474121,1.1763490438461304
8706,2.214012622833252,1.0165157318115234,1.176079511642456
8707,2.199237823486328,1.0037001371383667,1.1741867065429688
8708,2.1871681213378906,0.9933727979660034,1.1725146770477295
8709,2.1748762130737305,0.9810815453529358,1.1725529432296753
8710,2.158985137939453,0.9713695049285889,1.1664421558380127
8711,2.1478233337402344,0.9598301649093628,1.1668838262557983
8712,2.1352059841156006,0.9485203623771667,1.16563880443573
8713,2.1232118606567383,0.9398078918457031,1.1624294519424438
8714,2.112269401550293,0.9273399114608765,1.1639986038208008
8715,2.097100257873535,0.9179815649986267,1.1582800149917603
8716,2.0872254371643066,0.9089359045028687,1.1575171947479248
8717,2.0769572257995605,0.8979500532150269,1.1582646369934082
8718,2.064866542816162,0.88996821641922,1.154242992401123
8719,2.055091142654419,0.8795684576034546,1.1549144983291626
8720,2.040990114212036,0.8714537024497986,1.148986577987671
8721,2.0319128036499023,0.8627196550369263,1.1487171649932861
8722,2.0242257118225098,0.8525512218475342,1.1512553691864014
8723,2.011922597885132,0.8462032675743103,1.145372986793518
8724,2.0031440258026123,0.836014986038208,1.1468167304992676
8725,1.9902554750442505,0.8287341594696045,1.141300916671753
8726,1.9801900386810303,0.8212891817092896,1.1387358903884888
8727,1.9744728803634644,0.8123387694358826,1.1419941186904907
8728,1.9628667831420898,0.8063123822212219,1.1365114450454712
8729,1.9545650482177734,0.7971658706665039,1.137399435043335
8730,1.9435017108917236,0.7910056710243225,1.1325616836547852
8731,1.9325250387191772,0.7835380434989929,1.1291146278381348
8732,1.927290439605713,0.7757160663604736,1.1317576169967651
8733,1.9172911643981934,0.7703028917312622,1.1272422075271606
8734,1.9090572595596313,0.7619835734367371,1.1273645162582397
8735,1.9000182151794434,0.7564550042152405,1.123940348625183
8736,1.8889501094818115,0.7495558261871338,1.1198151111602783
8737,1.883192777633667,0.7428388595581055,1.1208221912384033
8738,1.874603509902954,0.7373611330986023,1.1177958250045776
8739,1.8662540912628174,0.7300752997398376,1.1167747974395752
8740,1.8587268590927124,0.7249243259429932,1.114463210105896
8741,1.848860502243042,0.7185260057449341,1.1110503673553467
8742,1.8425369262695312,0.7126069664955139,1.110703706741333
8743,1.8350447416305542,0.7075059413909912,1.1083753108978271
8744,1.8269370794296265,0.701109766960144,1.1067111492156982
8745,1.8202345371246338,0.6961706280708313,1.1050176620483398
8746,1.8115386962890625,0.6905232667922974,1.1020175218582153
8747,1.8052973747253418,0.6850689053535461,1.1012866497039795
8748,1.7985422611236572,0.6801342368125916,1.0995352268218994
8749,1.7905564308166504,0.6745856404304504,1.0971437692642212
8750,1.7845895290374756,0.6698393225669861,1.0959821939468384
8751,1.7768131494522095,0.6646236777305603,1.093479871749878
8752,1.7705180644989014,0.6596611738204956,1.0922025442123413
8753,1.7643321752548218,0.6550233960151672,1.090713381767273
8754,1.756823182106018,0.649892270565033,1.0883880853652954
8755,1.751198649406433,0.6454614400863647,1.0872530937194824
8756,1.7441062927246094,0.6409032940864563,1.0847716331481934
8757,1.738146185874939,0.6362302303314209,1.0835398435592651
8758,1.7324488162994385,0.6318621635437012,1.0822699069976807
8759,1.7252449989318848,0.6274131536483765,1.0795667171478271
8760,1.7202627658843994,0.6231099367141724,1.078945517539978
8761,1.7136671543121338,0.6186941862106323,1.076822280883789
8762,1.7076425552368164,0.6146401762962341,1.0749037265777588
8763,1.7027016878128052,0.61042720079422,1.074227213859558
8764,1.695635437965393,0.6063016653060913,1.071342945098877
8765,1.690903663635254,0.6024269461631775,1.0705405473709106
8766,1.6850122213363647,0.5983279943466187,1.0687980651855469
8767,1.6789565086364746,0.5945643186569214,1.0665634870529175
8768,1.6749598979949951,0.5904558300971985,1.0667245388031006
8769,1.6679718494415283,0.5868685841560364,1.0633853673934937
8770,1.6631697416305542,0.5830039978027344,1.0624961853027344
8771,1.6586241722106934,0.5792397260665894,1.0617640018463135
8772,1.6518511772155762,0.5758188962936401,1.0584728717803955
8773,1.6486119031906128,0.5718348622322083,1.0592591762542725
8774,1.6426280736923218,0.5686972141265869,1.0564721822738647
8775,1.6362569332122803,0.5648297667503357,1.0540167093276978
8776,1.6328204870224,0.5614091157913208,1.0540525913238525
8777,1.6263536214828491,0.5582338571548462,1.0508137941360474
8778,1.621997356414795,0.5544520616531372,1.0502891540527344
8779,1.6177759170532227,0.551400363445282,1.049180269241333
8780,1.611283779144287,0.5480365753173828,1.0460869073867798
8781,1.6074244976043701,0.5449101328849792,1.0454107522964478
8782,1.6023776531219482,0.5415042042732239,1.0438263416290283
8783,1.5970046520233154,0.5384671092033386,1.041529893875122
8784,1.5935516357421875,0.5355166792869568,1.0410826206207275
8785,1.5879069566726685,0.5318892002105713,1.0391179323196411
8786,1.5836066007614136,0.5293391346931458,1.0374141931533813
8787,1.5800626277923584,0.5263609290122986,1.0368918180465698
8788,1.57399320602417,0.5229797959327698,1.0342656373977661
8789,1.5706329345703125,0.5204312205314636,1.0334978103637695
8790,1.5669820308685303,0.5175653696060181,1.0327470302581787
8791,1.56110680103302,0.5145348906517029,1.0299781560897827
8792,1.5583696365356445,0.5114837288856506,1.0303245782852173
8793,1.5536506175994873,0.5094175338745117,1.0277140140533447
8794,1.547800898551941,0.5059599876403809,1.0253801345825195
8795,1.5450458526611328,0.5032893419265747,1.0253453254699707
8796,1.5401787757873535,0.5012591481208801,1.0225446224212646
8797,1.535764217376709,0.4978117346763611,1.0216302871704102
8798,1.5327370166778564,0.49534887075424194,1.0211286544799805
8799,1.5276015996932983,0.4930700659751892,1.0182918310165405
8800,1.5234936475753784,0.4903908371925354,1.0169265270233154
8801,1.5204048156738281,0.4873344302177429,1.016945719718933
8802,1.5151530504226685,0.48555096983909607,1.0135027170181274
8803,1.5118277072906494,0.48302993178367615,1.0127594470977783
8804,1.5091173648834229,0.4796124994754791,1.013519525527954
8805,1.5042285919189453,0.47848746180534363,1.0097910165786743
8806,1.5016425848007202,0.47546353936195374,1.0102601051330566
8807,1.4982830286026,0.4728986322879791,1.0095527172088623
8808,1.4928491115570068,0.4708186089992523,1.006203055381775
8809,1.4893900156021118,0.46888378262519836,1.004736065864563
8810,1.4855411052703857,0.46539878845214844,1.0044304132461548
8811,1.480444312095642,0.4639221727848053,1.0008395910263062
8812,1.4781399965286255,0.4620561897754669,1.0004448890686035
8813,1.4752578735351562,0.45853278040885925,1.001140832901001
8814,1.471282720565796,0.4576544165611267,0.9980891346931458
8815,1.4699488878250122,0.4550461173057556,0.9993764162063599
8816,1.4671430587768555,0.45273879170417786,0.9989806413650513
8817,1.46331787109375,0.45021069049835205,0.9976722598075867
8818,1.4621294736862183,0.44949498772621155,0.997275173664093
8819,1.4614849090576172,0.4449923634529114,1.0011513233184814
8820,1.461604356765747,0.4452934265136719,1.0010589361190796
8821,1.4694366455078125,0.4412170946598053,1.0129233598709106
8822,1.4903676509857178,0.44152191281318665,1.0337226390838623
8823,1.5440030097961426,0.43557438254356384,1.0931708812713623
8824,1.6886441707611084,0.4410543739795685,1.2326277494430542
8825,2.085155963897705,0.42758673429489136,1.6422640085220337
8826,3.173856496810913,0.44688308238983154,2.71234130859375
8827,6.237520694732666,0.41968923807144165,5.802169322967529
8828,14.593205451965332,0.48274531960487366,14.096619606018066
8829,36.93711471557617,0.44401252269744873,36.47628402709961
8830,83.73429870605469,0.6518195867538452,83.0704116821289
8831,161.83714294433594,0.7085515260696411,161.1092987060547
8832,175.3644561767578,1.0174641609191895,174.33639526367188
8833,184.2779541015625,0.5274938941001892,183.7353515625
8834,133.37672424316406,1.7834948301315308,131.58042907714844
8835,51.89502716064453,1.4130526781082153,50.472442626953125
8836,68.62100982666016,1.8869956731796265,66.72225952148438
8837,93.36650848388672,3.056925058364868,90.29840087890625
8838,27.312171936035156,3.01407527923584,24.288799285888672
8839,44.56231689453125,4.399540424346924,40.15386962890625
8840,47.77855682373047,6.085183143615723,41.68372344970703
8841,39.97201919555664,5.186584949493408,34.774024963378906
8842,54.6296501159668,6.390841007232666,48.23109817504883
8843,36.27360534667969,8.61517333984375,27.652074813842773
8844,31.39811134338379,7.577133655548096,23.811019897460938
8845,39.850032806396484,8.507650375366211,31.330930709838867
8846,24.101924896240234,11.844069480895996,12.249032020568848
8847,32.102848052978516,12.2198486328125,19.872262954711914
8848,27.366039276123047,11.2343111038208,16.114118576049805
8849,24.097946166992188,12.273598670959473,11.806066513061523
8850,33.27046585083008,13.97071361541748,19.286428451538086
8851,18.56515884399414,12.820719718933105,5.732032775878906
8852,29.377784729003906,11.50625991821289,17.858253479003906
8853,25.196823120117188,12.971108436584473,12.21349811553955
8854,19.14753532409668,13.796788215637207,5.337071895599365
8855,23.921606063842773,12.688901901245117,11.216939926147461
8856,22.762378692626953,11.880524635314941,10.867219924926758
8857,15.701014518737793,11.865422248840332,3.8213484287261963
8858,22.539939880371094,11.908234596252441,10.616049766540527
8859,17.344554901123047,11.506671905517578,5.821230888366699
8860,15.926971435546875,10.797142028808594,5.112956523895264
8861,18.252979278564453,10.574220657348633,7.664397239685059
8862,14.107894897460938,10.779427528381348,3.3172900676727295
8863,14.892358779907227,10.172713279724121,4.707984447479248
8864,14.219063758850098,9.225184440612793,4.978818893432617
8865,12.538568496704102,9.032973289489746,3.4892756938934326
8866,13.474031448364258,9.232742309570312,4.226419448852539
8867,10.894769668579102,8.904276847839355,1.9759516716003418
8868,12.436502456665039,8.148791313171387,4.272463798522949
8869,10.20680046081543,7.95693826675415,2.2350451946258545
8870,10.739744186401367,8.10268497467041,2.623037815093994
8871,9.73099422454834,7.411529541015625,2.305022716522217
8872,9.844216346740723,6.668254852294922,3.160954236984253
8873,8.592859268188477,6.769917964935303,1.8078111410140991
8874,8.97320556640625,6.598726749420166,2.35819411277771
8875,7.8327202796936035,6.016730785369873,1.7983827590942383
8876,8.345726013183594,5.706450462341309,2.622335433959961
8877,7.297904014587402,5.52822732925415,1.7544729709625244
8878,7.161717891693115,5.378209590911865,1.7691370248794556
8879,6.877429008483887,5.027510643005371,1.8345935344696045
8880,6.870945930480957,4.721139430999756,2.133190870285034
8881,6.1383514404296875,4.668609619140625,1.4529937505722046
8882,6.159178733825684,4.516180515289307,1.6259915828704834
8883,6.004165172576904,4.18117618560791,1.805287480354309
8884,5.560574054718018,3.9947898387908936,1.5484646558761597
8885,5.444132328033447,3.9743120670318604,1.4536317586898804
8886,5.251036643981934,3.752390146255493,1.4828622341156006
8887,5.130242347717285,3.478447437286377,1.6357470750808716
8888,4.768618106842041,3.392437696456909,1.3599566221237183
8889,4.860190391540527,3.318347454071045,1.525404453277588
8890,4.569863319396973,3.1726930141448975,1.3802921772003174
8891,4.460283279418945,2.9770402908325195,1.4661667346954346
8892,4.339302062988281,2.8945634365081787,1.4281859397888184
8893,4.264490604400635,2.8413608074188232,1.4070509672164917
8894,4.072737693786621,2.6944665908813477,1.361946702003479
8895,4.037359714508057,2.636592388153076,1.3842536211013794
8896,3.8198413848876953,2.5447447299957275,1.2587224245071411
8897,3.8303849697113037,2.4520552158355713,1.3619749546051025
8898,3.6604645252227783,2.423731803894043,1.2200069427490234
8899,3.5764997005462646,2.3155300617218018,1.2438478469848633
8900,3.470968246459961,2.2565553188323975,1.1975419521331787
8901,3.462143659591675,2.247628688812256,1.1979060173034668
8902,3.3002877235412598,2.139559030532837,1.1437076330184937
8903,3.260925769805908,2.0839948654174805,1.1596633195877075
8904,3.1686906814575195,2.0577096939086914,1.0940054655075073
8905,3.0916366577148438,1.9751745462417603,1.0997482538223267
8906,3.04832124710083,1.912107229232788,1.119555950164795
8907,2.9430551528930664,1.8589333295822144,1.06742525100708
8908,2.878580093383789,1.8130171298980713,1.0488150119781494
8909,2.8105764389038086,1.7584803104400635,1.0351468324661255
8910,2.797553062438965,1.7100446224212646,1.0705080032348633
8911,2.7218713760375977,1.675502896308899,1.029619574546814
8912,2.6796813011169434,1.6149317026138306,1.0479984283447266
8913,2.650906801223755,1.5811110734939575,1.0530078411102295
8914,2.5984718799591064,1.536828875541687,1.0450695753097534
8915,2.5949864387512207,1.491140604019165,1.0874598026275635
8916,2.5531978607177734,1.4754910469055176,1.0612447261810303
8917,2.5065653324127197,1.4288500547409058,1.060996413230896
8918,2.4750216007232666,1.4082565307617188,1.0500036478042603
8919,2.449431896209717,1.392169713973999,1.0405042171478271
8920,2.420459747314453,1.350338101387024,1.053370714187622
8921,2.3873138427734375,1.3340096473693848,1.03670334815979
8922,2.372880458831787,1.3152542114257812,1.041054606437683
8923,2.3336715698242188,1.2824032306671143,1.0346758365631104
8924,2.3037075996398926,1.2592172622680664,1.0279467105865479
8925,2.2935495376586914,1.2447768449783325,1.0322822332382202
8926,2.2637858390808105,1.215664029121399,1.031576156616211
8927,2.243131637573242,1.1912167072296143,1.0353249311447144
8928,2.222179889678955,1.1822996139526367,1.023421287536621
8929,2.1938328742980957,1.1525366306304932,1.024871826171875
8930,2.174245834350586,1.1332868337631226,1.0245530605316162
8931,2.1565136909484863,1.121605396270752,1.018639087677002
8932,2.139639139175415,1.0922313928604126,1.0312150716781616
8933,2.1173040866851807,1.0762523412704468,1.0249035358428955
8934,2.094736099243164,1.058574914932251,1.020060658454895
8935,2.0829057693481445,1.0370290279388428,1.0297950506210327
8936,2.064629554748535,1.0233509540557861,1.0252000093460083
8937,2.0444767475128174,1.0047211647033691,1.0237574577331543
8938,2.0315704345703125,0.9893606305122375,1.026313304901123
8939,2.0122194290161133,0.9769187569618225,1.0193814039230347
8940,1.992952585220337,0.9608889818191528,1.0161652565002441
8941,1.9805848598480225,0.9486343264579773,1.016122817993164
8942,1.965855598449707,0.9353331327438354,1.0146872997283936
8943,1.9468107223510742,0.9168103337287903,1.0141899585723877
8944,1.9291043281555176,0.9040208458900452,1.009306788444519
8945,1.915816068649292,0.8906867504119873,1.0093868970870972
8946,1.9024288654327393,0.8727545142173767,1.0140008926391602
8947,1.884742021560669,0.8623772859573364,1.0067366361618042
8948,1.8681416511535645,0.8502742052078247,1.0022729635238647
8949,1.8557133674621582,0.8336823582649231,1.0064606666564941
8950,1.8421306610107422,0.8236852884292603,1.002941370010376
8951,1.8270504474639893,0.8098716735839844,1.0017685890197754
8952,1.810671091079712,0.7947748303413391,1.000494360923767
8953,1.795496940612793,0.7842903137207031,0.9958592653274536
8954,1.7844312191009521,0.7721590995788574,0.997005820274353
8955,1.770727515220642,0.7595650553703308,0.9959126710891724
8956,1.7536283731460571,0.7492908239364624,0.9891639351844788
8957,1.7405352592468262,0.7402138113975525,0.9852099418640137
8958,1.7293720245361328,0.7285511493682861,0.9857339859008789
8959,1.7152886390686035,0.7185583114624023,0.9817266464233398
8960,1.7019376754760742,0.7115551829338074,0.9754268527030945
8961,1.6900469064712524,0.6992027163505554,0.9759047627449036
8962,1.6755952835083008,0.6928825378417969,0.9678164720535278
8963,1.6620851755142212,0.6846836805343628,0.9625700116157532
8964,1.652144193649292,0.6747790575027466,0.9625722169876099
8965,1.6406548023223877,0.6688966751098633,0.9570187330245972
8966,1.6299974918365479,0.6596772074699402,0.9556494951248169
8967,1.6211246252059937,0.6536388397216797,0.9528284668922424
8968,1.6101617813110352,0.6441541910171509,0.9514043927192688
8969,1.6010327339172363,0.640594482421875,0.9458667039871216
8970,1.5958726406097412,0.6296694874763489,0.9516663551330566
8971,1.5920274257659912,0.6276839971542358,0.9498497843742371
8972,1.598813533782959,0.6153229475021362,0.9690675735473633
8973,1.6348869800567627,0.6177230477333069,1.0027376413345337
8974,1.7552924156188965,0.5970293879508972,1.1439156532287598
8975,2.167038917541504,0.6165356636047363,1.5361462831497192
8976,3.5843284130096436,0.5670182704925537,3.003054141998291
8977,8.662528991699219,0.6470028758049011,8.001160621643066
8978,26.20490074157715,0.502528190612793,25.688291549682617
8979,84.81748962402344,0.8449838757514954,83.95796966552734
8980,173.84486389160156,0.42052847146987915,173.41079711914062
8981,138.96676635742188,1.9274609088897705,137.0250701904297
8982,23.380634307861328,1.4176019430160522,21.9483642578125
8983,50.826961517333984,2.297602415084839,48.516761779785156
8984,103.69410705566406,4.044196605682373,99.63578796386719
8985,39.782840728759766,2.9511711597442627,36.812744140625
8986,50.66691589355469,5.399122714996338,45.253780364990234
8987,67.29595947265625,7.643640995025635,59.64152526855469
8988,22.315433502197266,6.46046781539917,15.839591979980469
8989,45.69874954223633,7.175014019012451,38.506717681884766
8990,26.394012451171875,9.107030868530273,17.273757934570312
8991,32.30252456665039,8.218794822692871,24.069393157958984
8992,30.300392150878906,8.375581741333008,21.907928466796875
8993,27.085205078125,12.170937538146973,14.899096488952637
8994,29.619243621826172,13.408102989196777,16.1964054107666
8995,21.837448120117188,9.92491340637207,11.896636009216309
8996,26.819183349609375,9.606099128723145,17.1987361907959
8997,22.546489715576172,11.502141952514648,11.030366897583008
8998,23.243499755859375,11.26661491394043,11.958993911743164
8999,17.82923126220703,10.714631080627441,7.094478130340576
9000,21.925182342529297,10.360180854797363,11.549359321594238
9001,17.50517463684082,10.459050178527832,7.034743785858154
9002,17.569469451904297,10.98221206665039,6.575251579284668
9003,16.17696762084961,10.054483413696289,6.106108665466309
9004,17.480575561523438,8.88947582244873,8.572904586791992
9005,13.593284606933594,9.327425956726074,4.250995635986328
9006,16.2105712890625,10.062294006347656,6.1343255043029785
9007,11.968658447265625,9.313176155090332,2.637965679168701
9008,15.361446380615234,8.463494300842285,6.8788933753967285
9009,11.33218765258789,8.408154487609863,2.9089014530181885
9010,13.55730152130127,8.833789825439453,4.711251258850098
9011,10.568592071533203,8.010661125183105,2.5437188148498535
9012,12.386678695678711,7.60459566116333,4.764184474945068
9013,10.673046112060547,8.049779891967773,2.6055424213409424
9014,9.843305587768555,7.678390979766846,2.148651123046875
9015,10.773712158203125,6.902899742126465,3.854208469390869
9016,9.310569763183594,7.048885345458984,2.244565963745117
9017,9.466633796691895,6.940619945526123,2.508840799331665
9018,8.522439956665039,6.178200721740723,2.328016519546509
9019,8.450161933898926,6.037293434143066,2.3978054523468018
9020,8.768375396728516,6.068000793457031,2.684784412384033
9021,8.110889434814453,5.580734729766846,2.5133004188537598
9022,7.656208038330078,5.416523456573486,2.22248911857605
9023,7.028576850891113,5.414031982421875,1.5977091789245605
9024,7.336838722229004,5.010801315307617,2.308591842651367
9025,6.764218807220459,4.832706928253174,1.9135979413986206
9026,6.592744827270508,4.876999855041504,1.6983102560043335
9027,6.077963352203369,4.497680187225342,1.5631037950515747
9028,6.476382255554199,4.215609073638916,2.2439939975738525
9029,6.393990993499756,4.329619407653809,2.047924518585205
9030,5.892187118530273,3.995006561279297,1.8795101642608643
9031,5.775707721710205,3.898038864135742,1.8592606782913208
9032,5.43924617767334,3.8173723220825195,1.6038763523101807
9033,5.531029224395752,3.7144763469696045,1.7988519668579102
9034,5.25974702835083,3.520221471786499,1.720929503440857
9035,5.456603050231934,3.481902599334717,1.9559751749038696
9036,5.537919998168945,3.3621037006378174,2.1578569412231445
9037,6.1120147705078125,3.2617383003234863,2.8330392837524414
9038,7.384515285491943,3.1440396308898926,4.222734451293945
9039,9.464546203613281,3.0472166538238525,6.399392127990723
9040,13.253726959228516,3.036632537841797,10.198908805847168
9041,18.03754997253418,2.863034963607788,15.1566743850708
9042,22.231098175048828,2.7817599773406982,19.43141746520996
9043,20.473312377929688,2.5958733558654785,17.860210418701172
9044,9.735671997070312,2.635143280029297,7.083296775817871
9045,4.122498512268066,2.3465077877044678,1.758702278137207
9046,12.134549140930176,2.3270370960235596,9.79079818725586
9047,23.15842628479004,2.183685064315796,20.95808219909668
9048,29.64781379699707,2.4720375537872314,27.15912437438965
9049,22.4588680267334,1.8370451927185059,20.60417366027832
9050,5.988424301147461,2.1469130516052246,3.8255319595336914
9051,9.28659725189209,2.0929837226867676,7.177900791168213
9052,24.29611587524414,1.737225890159607,22.54207992553711
9053,23.614768981933594,2.3207430839538574,21.27865219116211
9054,9.606266021728516,2.0486767292022705,7.54116678237915
9055,5.798553466796875,2.0592329502105713,3.7231202125549316
9056,12.763182640075684,2.2074763774871826,10.539290428161621
9057,13.118284225463867,1.9518917798995972,11.149123191833496
9058,5.1549859046936035,2.1193032264709473,3.020362138748169
9059,10.58275318145752,2.3172199726104736,8.250617027282715
9060,11.198720932006836,2.064844846725464,9.117605209350586
9061,6.483673095703125,2.339174509048462,4.127762794494629
9062,4.910775184631348,2.224013328552246,2.67145037651062
9063,7.619060516357422,2.0756537914276123,5.528268814086914
9064,9.16710090637207,2.442509651184082,6.708364009857178
9065,7.537848472595215,2.3344345092773438,5.18717622756958
9066,5.164412498474121,2.2470388412475586,2.902333974838257
9067,4.111118793487549,2.1207878589630127,1.9744662046432495
9068,6.364841461181641,2.143275260925293,4.204250335693359
9069,6.310894966125488,2.247697114944458,4.046873569488525
9070,6.4819416999816895,1.9743635654449463,4.491837978363037
9071,3.7652454376220703,2.1211793422698975,1.6273890733718872
9072,4.0213518142700195,2.0861494541168213,1.9179303646087646
9073,4.435931205749512,1.8705288171768188,2.5494301319122314
9074,5.449312210083008,1.9754804372787476,3.4586546421051025
9075,4.745331764221191,1.8862638473510742,2.8425040245056152
9076,3.9419467449188232,1.9086660146713257,2.0163581371307373
9077,3.035304069519043,1.8001562356948853,1.218911051750183
9078,3.564890146255493,1.766718864440918,1.782159686088562
9079,4.065464973449707,1.7920750379562378,2.2570486068725586
9080,4.215212345123291,1.638094186782837,2.560640573501587
9081,3.759758234024048,1.6731575727462769,2.0709691047668457
9082,2.9065566062927246,1.5948383808135986,1.2961641550064087
9083,2.9305615425109863,1.5852224826812744,1.3294881582260132
9084,2.823941946029663,1.583285927772522,1.224721908569336
9085,3.365361213684082,1.489190936088562,1.86014723777771
9086,3.2792439460754395,1.5125261545181274,1.7506382465362549
9087,3.0041134357452393,1.4567532539367676,1.531341791152954
9088,2.5740487575531006,1.4383394718170166,1.1203950643539429
9089,2.471041440963745,1.3689522743225098,1.0868427753448486
9090,2.610907554626465,1.340758204460144,1.254369854927063
9091,2.7468714714050293,1.3687013387680054,1.362610936164856
9092,2.6693947315216064,1.2741248607635498,1.380240559577942
9093,2.3701250553131104,1.2788857221603394,1.0762245655059814
9094,2.2711849212646484,1.2539055347442627,1.0020030736923218
9095,2.1765389442443848,1.1996347904205322,0.9619923830032349
9096,2.3642873764038086,1.1878526210784912,1.1618674993515015
9097,2.3279144763946533,1.153152585029602,1.1599500179290771
9098,2.2181549072265625,1.1589174270629883,1.0444796085357666
9099,2.1148879528045654,1.1021660566329956,0.9982462525367737
9100,1.967142105102539,1.0988999605178833,0.8537402153015137
9101,2.0276079177856445,1.0839101076126099,0.9291108250617981
9102,2.0572452545166016,1.0247972011566162,1.0180646181106567
9103,2.088866949081421,1.0295467376708984,1.0450613498687744
9104,2.05711030960083,0.995835542678833,1.0469024181365967
9105,1.9663605690002441,0.9977644681930542,0.9543638229370117
9106,1.8895814418792725,0.9595869183540344,0.9159132838249207
9107,1.8143696784973145,0.952924907207489,0.8473159670829773
9108,1.8030277490615845,0.9305915832519531,0.8584064245223999
9109,1.803598403930664,0.9001902341842651,0.8896192908287048
9110,1.8305070400238037,0.8955482840538025,0.9211443066596985
9111,1.856367588043213,0.8587489128112793,0.983662486076355
9112,1.8577511310577393,0.858742892742157,0.9852003455162048
9113,1.886467456817627,0.823401927947998,1.0494017601013184
9114,1.8926868438720703,0.8341797590255737,1.0448172092437744
9115,1.9189790487289429,0.7920703887939453,1.113258719444275
9116,1.9780113697052002,0.8032028079032898,1.1612852811813354
9117,2.0637094974517822,0.757904052734375,1.292259931564331
9118,2.249354839324951,0.7816944718360901,1.454131007194519
9119,2.5976622104644775,0.7263229489326477,1.8578823804855347
9120,3.2377676963806152,0.7717297673225403,2.4526164531707764
9121,4.563333511352539,0.6906899809837341,3.8592443466186523
9122,7.0564351081848145,0.7785300016403198,6.264695167541504
9123,12.320255279541016,0.6401606798171997,11.66686725616455
9124,21.6781005859375,0.8342538475990295,20.83078956604004
9125,39.53431701660156,0.6013196706771851,38.91997528076172
9126,56.490478515625,1.0200262069702148,55.458248138427734
9127,58.92583465576172,0.7212569117546082,58.19161605834961
9128,43.34202194213867,1.1015030145645142,42.22990417480469
9129,31.430376052856445,0.9972279667854309,30.42061424255371
9130,17.323436737060547,1.3185173273086548,15.994549751281738
9131,6.083149433135986,1.2354705333709717,4.836232662200928
9132,5.465127944946289,1.3914707899093628,4.062228679656982
9133,12.48641300201416,1.5772558450698853,10.899515151977539
9134,11.584632873535156,1.321879267692566,10.252050399780273
9135,4.989184379577637,1.5062021017074585,3.4721174240112305
9136,6.750458717346191,1.6020516157150269,5.137698173522949
9137,8.022141456604004,1.4752767086029053,6.535398483276367
9138,3.855158805847168,1.8080908060073853,2.0354599952697754
9139,6.23976993560791,1.9086589813232422,4.319497108459473
9140,8.086261749267578,1.6850701570510864,6.389054298400879
9141,4.544540882110596,1.9625508785247803,2.570154905319214
9142,4.450381278991699,1.738059401512146,2.7009999752044678
9143,5.22075891494751,1.4998791217803955,3.708599805831909
9144,3.763195037841797,1.7171192169189453,2.0332465171813965
9145,4.520195007324219,1.6182280778884888,2.8899898529052734
9146,5.180094242095947,1.5168060064315796,3.6514639854431152
9147,3.2235944271087646,1.643886685371399,1.56781005859375
9148,3.0433413982391357,1.5358920097351074,1.4959204196929932
9149,4.257667064666748,1.3818920850753784,2.8642208576202393
9150,3.6128458976745605,1.4741050004959106,2.127017021179199
9151,2.9003372192382812,1.4322881698608398,1.4561724662780762
9152,3.127070188522339,1.2638646364212036,1.851245641708374
9153,3.044437885284424,1.3386510610580444,1.6938146352767944
9154,2.9725046157836914,1.3253952264785767,1.635305404663086
9155,2.615341901779175,1.178839087486267,1.4249509572982788
9156,2.485048294067383,1.2058939933776855,1.2671782970428467
9157,2.743084669113159,1.1987313032150269,1.531994342803955
9158,2.27009916305542,1.1024712324142456,1.155706763267517
9159,2.219078540802002,1.1159417629241943,1.0911462306976318
9160,2.491716146469116,1.111323595046997,1.3680647611618042
9161,1.9900202751159668,1.0330545902252197,0.9450673460960388
9162,2.1114554405212402,1.0121794939041138,1.0874634981155396
9163,2.217710494995117,1.016290307044983,1.1893267631530762
9164,1.8296315670013428,0.9571067690849304,0.8606810569763184
9165,2.0418543815612793,0.9237186908721924,1.1064260005950928
9166,1.9825856685638428,0.9339420199394226,1.036797046661377
9167,1.7497467994689941,0.8969301581382751,0.8411927819252014
9168,1.9368619918823242,0.8692352771759033,1.0560808181762695
9169,1.786094307899475,0.8690525889396667,0.9050525426864624
9170,1.6953544616699219,0.8422622680664062,0.8412445187568665
9171,1.8290395736694336,0.8103386759757996,1.007308006286621
9172,1.6513700485229492,0.7975220084190369,0.8423194885253906
9173,1.6488436460494995,0.7762024998664856,0.8611776232719421
9174,1.7161304950714111,0.7401107549667358,0.9648689031600952
9175,1.5569785833358765,0.7333242893218994,0.8124275207519531
9176,1.5941705703735352,0.7261366844177246,0.856749951839447
9177,1.6126877069473267,0.700048565864563,0.9015308618545532
9178,1.496451735496521,0.6923664808273315,0.7928946018218994
9179,1.5356900691986084,0.685831606388092,0.8385887742042542
9180,1.5188541412353516,0.6639585494995117,0.8438364267349243
9181,1.439514398574829,0.6462721824645996,0.7820674777030945
9182,1.4726808071136475,0.6403129696846008,0.8210943341255188
9183,1.448512077331543,0.6236390471458435,0.8138781189918518
9184,1.4004180431365967,0.6068618893623352,0.7825906872749329
9185,1.4164955615997314,0.6037559509277344,0.8016411066055298
9186,1.3911056518554688,0.5890689492225647,0.7910290956497192
9187,1.358123540878296,0.5728234648704529,0.774360716342926
9188,1.3642125129699707,0.5677476525306702,0.7854748964309692
9189,1.3471014499664307,0.554432213306427,0.7817986011505127
9190,1.3252148628234863,0.5390912890434265,0.7753826975822449
9191,1.322828769683838,0.5323379635810852,0.7797337770462036
9192,1.3086261749267578,0.5236080288887024,0.77435702085495
9193,1.2890865802764893,0.5070050358772278,0.7714358568191528
9194,1.2853903770446777,0.5000059604644775,0.7746250033378601
9195,1.2766309976577759,0.4936879873275757,0.7722391486167908
9196,1.2605392932891846,0.47943755984306335,0.7704735398292542
9197,1.2545139789581299,0.4740881323814392,0.7697546482086182
9198,1.2471489906311035,0.46835410594940186,0.7681382894515991
9199,1.2329641580581665,0.4574928283691406,0.7648753523826599
9200,1.2286428213119507,0.45279747247695923,0.765180230140686
9201,1.2230867147445679,0.44789183139801025,0.7644810080528259
9202,1.2114818096160889,0.43819358944892883,0.7626228332519531
9203,1.2080031633377075,0.4318269193172455,0.7655013203620911
9204,1.2015783786773682,0.4279296398162842,0.7630271315574646
9205,1.1908634901046753,0.4181046187877655,0.7622120976448059
9206,1.188468337059021,0.4121817648410797,0.7657281756401062
9207,1.1822292804718018,0.4093219041824341,0.7623792886734009
9208,1.17366623878479,0.4013025462627411,0.7618909478187561
9209,1.1706900596618652,0.3975059688091278,0.7627019882202148
9210,1.1634994745254517,0.39498183131217957,0.7580491304397583
9211,1.1560389995574951,0.3891271948814392,0.7565281987190247
9212,1.153793215751648,0.3849828243255615,0.7584446668624878
9213,1.1467195749282837,0.38238608837127686,0.7539763450622559
9214,1.1409709453582764,0.3774869441986084,0.7531865835189819
9215,1.1390180587768555,0.3734188675880432,0.755308210849762
9216,1.1312248706817627,0.3725641071796417,0.7483892440795898
9217,1.126194953918457,0.36845287680625916,0.7475020885467529
9218,1.124608039855957,0.3650566041469574,0.7493050694465637
9219,1.1176412105560303,0.3639225363731384,0.7434942126274109
9220,1.1143484115600586,0.35954996943473816,0.7446120381355286
9221,1.1122161149978638,0.3561066687107086,0.7459348440170288
9222,1.1048977375030518,0.3536489009857178,0.7410959005355835
9223,1.1019206047058105,0.35009145736694336,0.7417284846305847
9224,1.0998733043670654,0.34619683027267456,0.7435845732688904
9225,1.093451976776123,0.34377342462539673,0.739592969417572
9226,1.0913994312286377,0.34073883295059204,0.7406114339828491
9227,1.0890772342681885,0.336629718542099,0.7424111366271973
9228,1.082570195198059,0.3346816897392273,0.737882673740387
9229,1.0806115865707397,0.33154386281967163,0.7390847206115723
9230,1.0781978368759155,0.32785528898239136,0.7403662204742432
9231,1.072657585144043,0.3259514570236206,0.7367578744888306
9232,1.0717881917953491,0.3231176733970642,0.7387326955795288
9233,1.0688573122024536,0.32016852498054504,0.7387568950653076
9234,1.0631232261657715,0.31772658228874207,0.7354825735092163
9235,1.061461329460144,0.3159874379634857,0.7355841398239136
9236,1.0583417415618896,0.31302013993263245,0.7354384660720825
9237,1.054404616355896,0.31048187613487244,0.734056830406189
9238,1.053639531135559,0.30912691354751587,0.7346726655960083
9239,1.0504075288772583,0.30577921867370605,0.7347947955131531
9240,1.0459842681884766,0.30391019582748413,0.7322790622711182
9241,1.0443447828292847,0.30224475264549255,0.7323101162910461
9242,1.0406984090805054,0.29967373609542847,0.7312511801719666
9243,1.037527084350586,0.29776644706726074,0.7300242185592651
9244,1.0373640060424805,0.2965059280395508,0.7311224341392517
9245,1.0339280366897583,0.2943510115146637,0.7298593521118164
9246,1.0311238765716553,0.2916400730609894,0.7297936081886292
9247,1.0296164751052856,0.2913326323032379,0.7286199331283569
9248,1.0254197120666504,0.28847646713256836,0.7272841930389404
9249,1.0222082138061523,0.2867116630077362,0.7258716821670532
9250,1.0209853649139404,0.2860308289527893,0.7253420948982239
9251,1.0176409482955933,0.28339439630508423,0.7246505618095398
9252,1.0161950588226318,0.28180617094039917,0.7248258590698242
9253,1.0157239437103271,0.28085389733314514,0.7253038883209229
9254,1.0115199089050293,0.2789754867553711,0.7230129241943359
9255,1.0092573165893555,0.2766685485839844,0.7230754494667053
9256,1.0075567960739136,0.27672088146209717,0.7213341593742371
9257,1.0031623840332031,0.27419593930244446,0.7194808125495911
9258,1.0012586116790771,0.2725743055343628,0.719227135181427
9259,1.0007567405700684,0.2723359167575836,0.7189735770225525
9260,0.9975165128707886,0.26974523067474365,0.7183349132537842
9261,0.9967398643493652,0.2685486674308777,0.7187913656234741
9262,0.9965618252754211,0.26760080456733704,0.7195592522621155
9263,0.9928381443023682,0.2659744322299957,0.7174988389015198
9264,0.9914472103118896,0.2637280225753784,0.7183610796928406
9265,0.9908795356750488,0.2641316056251526,0.7174198627471924
9266,0.9876660108566284,0.26123958826065063,0.7171053290367126
9267,0.9858816862106323,0.2605883777141571,0.7160126566886902
9268,0.9858929514884949,0.2593258321285248,0.7172743082046509
9269,0.9834553003311157,0.2580420970916748,0.7161679267883301
9270,0.982621967792511,0.2559038996696472,0.7174690365791321
9271,0.984988272190094,0.2566052973270416,0.7191712260246277
9272,0.9889446496963501,0.25310295820236206,0.7266194224357605
9273,1.0004608631134033,0.2541908323764801,0.7371190190315247
9274,1.0342782735824585,0.2508355677127838,0.7742293477058411
9275,1.1210951805114746,0.25328800082206726,0.8587284684181213
9276,1.3610897064208984,0.24610577523708344,1.1057510375976562
9277,2.040586233139038,0.25786182284355164,1.7737839221954346
9278,4.031784534454346,0.24048179388046265,3.781923294067383
9279,9.683239936828613,0.28303587436676025,9.391641616821289
9280,26.097148895263672,0.26050108671188354,25.826738357543945
9281,65.15219116210938,0.4313262403011322,64.71337127685547
9282,151.67599487304688,0.5370453596115112,151.1275634765625
9283,255.0227508544922,0.9686843752861023,254.04852294921875
9284,384.4043273925781,0.6808831691741943,383.7117919921875
9285,137.68948364257812,2.5298984050750732,135.15501403808594
9286,20.380186080932617,1.856942057609558,18.513940811157227
9287,133.8448028564453,1.2169616222381592,132.615234375
9288,94.851318359375,4.490853309631348,90.35684967041016
9289,117.51388549804688,5.812076091766357,111.69950866699219
9290,166.23336791992188,6.814810752868652,159.40252685546875
9291,51.254127502441406,8.10300064086914,43.143798828125
9292,122.17594909667969,10.199578285217285,111.97443389892578
9293,43.82798767089844,9.355093955993652,34.46326446533203
9294,90.64193725585938,11.20918083190918,79.39664459228516
9295,44.259300231933594,12.503393173217773,31.72265625
9296,64.5562973022461,15.735617637634277,48.8057975769043
9297,53.5018310546875,15.970043182373047,37.519195556640625
9298,39.396812438964844,14.930551528930664,24.44428825378418
9299,60.14875793457031,13.955927848815918,46.16616439819336
9300,26.257280349731445,12.84555435180664,13.390277862548828
9301,46.629032135009766,12.883667945861816,33.73308181762695
9302,27.181198120117188,13.479292869567871,13.693108558654785
9303,31.616943359375,13.483007431030273,18.122581481933594
9304,32.60081481933594,13.690324783325195,18.894405364990234
9305,21.337810516357422,12.687573432922363,8.635683059692383
9306,29.051746368408203,12.288479804992676,16.752138137817383
9307,21.359039306640625,11.513675689697266,9.833954811096191
9308,24.231740951538086,11.859697341918945,12.358797073364258
9309,18.425432205200195,12.059069633483887,6.3523406982421875
9310,21.637121200561523,11.47464370727539,10.14859676361084
9311,19.67074966430664,11.17034912109375,8.487907409667969
9312,15.58187484741211,11.322893142700195,4.2490434646606445
9313,20.077537536621094,11.125763893127441,8.943016052246094
9314,15.12217903137207,10.3674898147583,4.744813442230225
9315,15.836362838745117,9.94992446899414,5.873544216156006
9316,15.081781387329102,9.926389694213867,5.139553546905518
9317,14.533866882324219,9.644709587097168,4.871899127960205
9318,14.286308288574219,9.349583625793457,4.920444011688232
9319,12.511197090148926,9.159969329833984,3.33768630027771
9320,14.13846492767334,8.859648704528809,5.266624450683594
9321,11.891580581665039,8.299450874328613,3.5786619186401367
9322,11.855499267578125,8.193052291870117,3.647153854370117
9323,12.395439147949219,8.18830680847168,4.191562652587891
9324,9.778426170349121,7.866611003875732,1.8968032598495483
9325,11.335393905639648,7.514772891998291,3.805666208267212
9326,10.132942199707031,7.287837982177734,2.829408884048462
9327,9.384077072143555,6.962435245513916,2.4049301147460938
9328,10.184864044189453,6.646181583404541,3.522409677505493
9329,8.87250804901123,6.511297225952148,2.346776008605957
9330,8.601585388183594,6.401302337646484,2.186861991882324
9331,8.666158676147461,6.117844104766846,2.534510374069214
9332,8.015847206115723,5.877581596374512,2.1239092350006104
9333,7.779858589172363,5.694925785064697,2.0706541538238525
9334,7.827773094177246,5.440329074859619,2.3738207817077637
9335,7.081315040588379,5.26804256439209,1.8002355098724365
9336,7.183328628540039,5.178789138793945,1.9912675619125366
9337,6.912277698516846,4.979121685028076,1.919149398803711
9338,6.488005638122559,4.74202823638916,1.7316662073135376
9339,6.441827774047852,4.626593112945557,1.8010921478271484
9340,6.20240592956543,4.520554542541504,1.6681464910507202
9341,5.909685134887695,4.366613388061523,1.5300148725509644
9342,5.763943195343018,4.232004165649414,1.5190768241882324
9343,5.672248363494873,4.0840373039245605,1.574742317199707
9344,5.275784015655518,3.9182751178741455,1.343332052230835
9345,5.290984153747559,3.8173491954803467,1.459241509437561
9346,5.0963897705078125,3.732866048812866,1.3492838144302368
9347,4.866957664489746,3.581298351287842,1.2715915441513062
9348,4.756019592285156,3.4554262161254883,1.2864243984222412
9349,4.6520280838012695,3.365630626678467,1.272171974182129
9350,4.37160587310791,3.2346372604370117,1.1232185363769531
9351,4.3949785232543945,3.1241204738616943,1.2575466632843018
9352,4.173348426818848,3.0494942665100098,1.1102806329727173
9353,4.028390884399414,2.9482922554016113,1.0659829378128052
9354,3.98445725440979,2.840790271759033,1.1293857097625732
9355,3.816692352294922,2.7595534324645996,1.0430712699890137
9356,3.676147699356079,2.6706011295318604,0.9917983412742615
9357,3.658102512359619,2.5813865661621094,1.0630855560302734
9358,3.4817466735839844,2.5085597038269043,0.9594388604164124
9359,3.405146598815918,2.4215497970581055,0.9697849154472351
9360,3.3508777618408203,2.3469748497009277,0.9901106357574463
9361,3.2120211124420166,2.303379774093628,0.8948109149932861
9362,3.128668785095215,2.232666254043579,0.882152795791626
9363,3.086648464202881,2.1474199295043945,0.9253226518630981
9364,2.9711194038391113,2.091122627258301,0.865933358669281
9365,2.8987059593200684,2.031625986099243,0.8530203104019165
9366,2.8510665893554688,1.9669688940048218,0.8702334761619568
9367,2.7657644748687744,1.913228154182434,0.8387576937675476
9368,2.6886892318725586,1.8450417518615723,0.829794704914093
9369,2.6572160720825195,1.7816053628921509,0.8616940379142761
9370,2.5820326805114746,1.7366337776184082,0.8315378427505493
9371,2.517660617828369,1.6822209358215332,0.8216856122016907
9372,2.4792423248291016,1.6363357305526733,0.8290945291519165
9373,2.4271998405456543,1.6022753715515137,0.8109506368637085
9374,2.3589558601379395,1.5481411218643188,0.7968871593475342
9375,2.328747272491455,1.502350091934204,0.812667191028595
9376,2.2791249752044678,1.4696475267410278,0.7958215475082397
9377,2.2266464233398438,1.4251072406768799,0.7878318428993225
9378,2.187363386154175,1.3858392238616943,0.7877529263496399
9379,2.1515369415283203,1.351400375366211,0.7863263487815857
9380,2.104556083679199,1.3118350505828857,0.7789217829704285
9381,2.0696310997009277,1.2823617458343506,0.7735017538070679
9382,2.0323784351348877,1.2511324882507324,0.7674909234046936
9383,1.999582052230835,1.2134935855865479,0.7723434567451477
9384,1.9613525867462158,1.188185453414917,0.7594597339630127
9385,1.9306681156158447,1.1594825983047485,0.7575494647026062
9386,1.9034245014190674,1.1250098943710327,0.7648133635520935
9387,1.869337558746338,1.102615475654602,0.7530502676963806
9388,1.8418712615966797,1.0774229764938354,0.7507109642028809
9389,1.8154298067092896,1.048051118850708,0.7537118196487427
9390,1.7904999256134033,1.0261003971099854,0.7508350610733032
9391,1.7616920471191406,1.0008240938186646,0.7473209500312805
9392,1.739781141281128,0.9767364859580994,0.7494898438453674
9393,1.7174713611602783,0.9579724073410034,0.7459681034088135
9394,1.6931509971618652,0.9353223443031311,0.7443253993988037
9395,1.6712321043014526,0.9160427451133728,0.7416948080062866
9396,1.6520965099334717,0.8984091281890869,0.7402044534683228
9397,1.6336009502410889,0.8750661015510559,0.7450950145721436
9398,1.6106206178665161,0.8573430180549622,0.7399070262908936
9399,1.5934429168701172,0.8410838842391968,0.7390527725219727
9400,1.5781996250152588,0.8201391696929932,0.7447920441627502
9401,1.5584075450897217,0.8047926425933838,0.7403417229652405
9402,1.5395197868347168,0.789976179599762,0.7362512350082397
9403,1.5267186164855957,0.7731039524078369,0.7403615117073059
9404,1.510974645614624,0.7592493891716003,0.7385337948799133
9405,1.4916630983352661,0.7442951798439026,0.7341853380203247
9406,1.4791215658187866,0.7303727269172668,0.7355775237083435
9407,1.4662050008773804,0.7179573774337769,0.7351234555244446
9408,1.4497427940368652,0.7043312191963196,0.7323141694068909
9409,1.436320185661316,0.6928866505622864,0.7303406000137329
9410,1.4254913330078125,0.6811689734458923,0.7312471270561218
9411,1.412118911743164,0.6681431531906128,0.7309268116950989
9412,1.3983712196350098,0.6583437323570251,0.7270157933235168
9413,1.388853669166565,0.6476121544837952,0.7282777428627014
9414,1.377407431602478,0.6357424259185791,0.7287339568138123
9415,1.3649230003356934,0.6266920566558838,0.7253265380859375
9416,1.3551914691925049,0.6163284778594971,0.7259926199913025
9417,1.3445444107055664,0.6066679358482361,0.7250462770462036
9418,1.3337736129760742,0.5979394316673279,0.7230383157730103
9419,1.3251495361328125,0.5878147482872009,0.7245525121688843
9420,1.3147964477539062,0.5799500942230225,0.7220951914787292
9421,1.3041515350341797,0.5710902810096741,0.7203717827796936
9422,1.296959400177002,0.561985433101654,0.722314178943634
9423,1.2883362770080566,0.5557081699371338,0.7199797034263611
9424,1.277073621749878,0.5467879772186279,0.7176769375801086
9425,1.2695626020431519,0.5392056107521057,0.717778742313385
9426,1.262970209121704,0.5335886478424072,0.7168188095092773
9427,1.2529685497283936,0.525002658367157,0.7154379487037659
9428,1.24491286277771,0.5182698965072632,0.7141440510749817
9429,1.2390090227127075,0.5123993754386902,0.7141339778900146
9430,1.2309825420379639,0.5044996738433838,0.71404629945755
9431,1.2229048013687134,0.49877533316612244,0.7117185592651367
9432,1.2171173095703125,0.49279752373695374,0.7119213342666626
9433,1.210411548614502,0.48591145873069763,0.7121299505233765
9434,1.2026137113571167,0.48074933886528015,0.7095292806625366
9435,1.1972965002059937,0.4743572473526001,0.7106322050094604
9436,1.1910536289215088,0.46856239438056946,0.7102125883102417
9437,1.1830354928970337,0.46352365612983704,0.7072651386260986
9438,1.1784570217132568,0.45738357305526733,0.7088577151298523
9439,1.1734356880187988,0.4526631832122803,0.7085807919502258
9440,1.1650478839874268,0.4476103186607361,0.7052683234214783
9441,1.1594147682189941,0.4422210454940796,0.7050577998161316
9442,1.1560159921646118,0.437723308801651,0.7061854600906372
9443,1.1491848230361938,0.43288931250572205,0.704214870929718
9444,1.1421995162963867,0.428175687789917,0.701979398727417
9445,1.1389811038970947,0.4238400459289551,0.7031233310699463
9446,1.134306788444519,0.4195463955402374,0.702759861946106
9447,1.127315640449524,0.4154077470302582,0.6999419927597046
9448,1.1230814456939697,0.41080546379089355,0.7003390192985535
9449,1.1189285516738892,0.4072779417037964,0.6997348070144653
9450,1.1129124164581299,0.4031578004360199,0.6978766918182373
9451,1.1089787483215332,0.3986038267612457,0.6985256671905518
9452,1.1048372983932495,0.39587873220443726,0.6971322298049927
9453,1.09872305393219,0.3915368616580963,0.6953970789909363
9454,1.0947259664535522,0.38772639632225037,0.6952341198921204
9455,1.0917295217514038,0.38522979617118835,0.6947541832923889
9456,1.0861878395080566,0.38074833154678345,0.6937327980995178
9457,1.0811583995819092,0.37766945362091064,0.691810131072998
9458,1.0787949562072754,0.375049889087677,0.6920889019966125
9459,1.0747523307800293,0.3707335293292999,0.6923944354057312
9460,1.0694456100463867,0.3683311343193054,0.6895174980163574
9461,1.0664340257644653,0.36529871821403503,0.6895675659179688
9462,1.0633410215377808,0.3615655303001404,0.6902371644973755
9463,1.058591604232788,0.3594874441623688,0.687588632106781
9464,1.055626392364502,0.35609564185142517,0.688043475151062
9465,1.0524623394012451,0.35313376784324646,0.6878753900527954
9466,1.0472289323806763,0.3506886959075928,0.685114324092865
9467,1.0441722869873047,0.3475199341773987,0.6852518320083618
9468,1.0422917604446411,0.3449799418449402,0.6859386563301086
9469,1.0375170707702637,0.3423388600349426,0.6838334202766418
9470,1.0328056812286377,0.33965322375297546,0.6818367838859558
9471,1.0312756299972534,0.3371584117412567,0.6828292012214661
9472,1.0286568403244019,0.3345252275466919,0.6828676462173462
9473,1.0239269733428955,0.33230116963386536,0.6803944110870361
9474,1.0208696126937866,0.3294527232646942,0.6802160143852234
9475,1.0182650089263916,0.32744818925857544,0.6796384453773499
9476,1.0147215127944946,0.3251296877861023,0.6784400939941406
9477,1.0124261379241943,0.3222787380218506,0.6790227890014648
9478,1.009602665901184,0.320852130651474,0.677655816078186
9479,1.0052813291549683,0.3180176019668579,0.6761974692344666
9480,1.0023880004882812,0.3159043788909912,0.6754383444786072
9481,1.0010547637939453,0.31437212228775024,0.6756656169891357
9482,0.997771143913269,0.31136175990104675,0.6754249930381775
9483,0.9934957027435303,0.3098941445350647,0.6726393103599548
9484,0.9918655157089233,0.308081716299057,0.6728490591049194
9485,0.9907957315444946,0.3052394986152649,0.674645185470581
9486,0.9874011874198914,0.30442529916763306,0.6720907092094421
9487,0.9842684864997864,0.3017842173576355,0.6716287136077881
9488,0.9817162752151489,0.29991358518600464,0.6709709167480469
9489,0.978391706943512,0.29856109619140625,0.6690223217010498
9490,0.9764481782913208,0.2960723340511322,0.669597327709198
9491,0.9753039479255676,0.29466143250465393,0.6698897480964661
9492,0.9721161723136902,0.29279041290283203,0.6685940027236938
9493,0.9676684141159058,0.2909454107284546,0.6660187244415283
9494,0.9661835432052612,0.2893819510936737,0.6661252975463867
9495,0.9666143655776978,0.28754886984825134,0.6684082746505737
9496,0.9644759297370911,0.28626734018325806,0.66758131980896
9497,0.9610253572463989,0.2838393747806549,0.6665822863578796
9498,0.9577769637107849,0.2830873727798462,0.6641145348548889
9499,0.9546324014663696,0.2808058559894562,0.6632758378982544
9500,0.952200174331665,0.2793291211128235,0.6623402237892151
9501,0.9517561793327332,0.2784270942211151,0.6628242135047913
9502,0.9512231945991516,0.2757665812969208,0.6649786233901978
9503,0.9473680257797241,0.2753133475780487,0.6616061329841614
9504,0.9427525401115417,0.2732396721839905,0.6590818166732788
9505,0.9410970211029053,0.27173441648483276,0.6589531898498535
9506,0.9404278993606567,0.2710167169570923,0.6590333580970764
9507,0.9386142492294312,0.26877182722091675,0.6594859957695007
9508,0.9361475706100464,0.2679729759693146,0.6578408479690552
9509,0.9337709546089172,0.2662954032421112,0.6571658849716187
9510,0.9307876825332642,0.26482003927230835,0.6556830406188965
9511,0.928630530834198,0.2638688385486603,0.654502809047699
9512,0.929236888885498,0.2622804641723633,0.656714916229248
9513,0.9285003542900085,0.2612135410308838,0.6570680737495422
9514,0.9245606064796448,0.25958365201950073,0.6547881960868835
9515,0.9207407236099243,0.2586483657360077,0.6519284248352051
9516,0.9199217557907104,0.2571266293525696,0.6526497602462769
9517,0.9192677736282349,0.25599417090415955,0.6531508564949036
9518,0.9174431562423706,0.25510963797569275,0.652235746383667
9519,0.9166629314422607,0.2530610263347626,0.6535270810127258
9520,0.9155741930007935,0.2528601884841919,0.6526691317558289
9521,0.9122564196586609,0.2507596015930176,0.6514619588851929
9522,0.9075712561607361,0.25014325976371765,0.6474225521087646
9523,0.9062802791595459,0.24914400279521942,0.6471590995788574
9524,0.9087296724319458,0.247292622923851,0.6514724493026733
9525,0.9090442061424255,0.2473221719264984,0.651790976524353
9526,0.9072564840316772,0.24499446153640747,0.6523416042327881
9527,0.9053828716278076,0.24500073492527008,0.6504945158958435
9528,0.9039536714553833,0.24311305582523346,0.6509667038917542
9529,0.9005708694458008,0.24254432320594788,0.6481754183769226
9530,0.8952683210372925,0.2410839945077896,0.6443617343902588
9531,0.8915963172912598,0.240223228931427,0.6415693163871765
9532,0.8921419978141785,0.23930366337299347,0.6430531144142151
9533,0.893324613571167,0.23803767561912537,0.645524799823761
9534,0.8929970264434814,0.2377600222826004,0.6454975605010986
9535,0.8927823901176453,0.2356715351343155,0.6473869681358337
9536,0.8925178050994873,0.23590560257434845,0.6469259262084961
9537,0.8909372687339783,0.23361121118068695,0.6476441025733948
9538,0.8869355320930481,0.23381514847278595,0.6434756517410278
9539,0.8822756409645081,0.23197796940803528,0.6406607031822205
9540,0.8786918520927429,0.23153924942016602,0.6375400424003601
9541,0.8767409324645996,0.23058602213859558,0.6365710496902466
9542,0.8758299350738525,0.22930759191513062,0.6369510293006897
9543,0.8756146430969238,0.22897574305534363,0.637096107006073
9544,0.876810610294342,0.22748790681362152,0.6397973299026489
9545,0.8773408532142639,0.2272285670042038,0.640609085559845
9546,0.875629186630249,0.2257004678249359,0.6404427289962769
9547,0.872103214263916,0.22557346522808075,0.6370658278465271
9548,0.868956446647644,0.2238929718732834,0.6356180310249329
9549,0.8666003346443176,0.2238452136516571,0.6333364844322205
9550,0.8641620874404907,0.22252486646175385,0.6322284936904907
9551,0.8612618446350098,0.2218528389930725,0.6300284266471863
9552,0.8604881763458252,0.22134815156459808,0.6297754645347595
9553,0.8621853590011597,0.2198679894208908,0.6329680681228638
9554,0.8622845411300659,0.21981631219387054,0.6331554055213928
9555,0.8598419427871704,0.2183263599872589,0.6322017312049866
9556,0.8565458059310913,0.2180754840373993,0.6291928291320801
9557,0.8549414873123169,0.2169107347726822,0.6287716627120972
9558,0.8539314866065979,0.2163202166557312,0.6283641457557678
9559,0.8513147830963135,0.21551865339279175,0.6265799403190613
9560,0.8485996723175049,0.21475699543952942,0.6246340870857239
9561,0.8483262062072754,0.21415534615516663,0.6249821782112122
9562,0.8492919206619263,0.21327872574329376,0.6268517971038818
9563,0.8478919863700867,0.21268688142299652,0.6260521411895752
9564,0.8442380428314209,0.21166837215423584,0.6234468817710876
9565,0.8417866230010986,0.21128898859024048,0.6213875412940979
9566,0.8424714207649231,0.21048873662948608,0.6228873133659363
9567,0.8426904678344727,0.2097804844379425,0.6238431930541992
9568,0.8409273624420166,0.20951403677463531,0.6223511099815369
9569,0.8397254943847656,0.20808635652065277,0.6226048469543457
9570,0.8402471542358398,0.2081344723701477,0.6231086850166321
9571,0.8412126898765564,0.20669293403625488,0.625511884689331
9572,0.8402020335197449,0.20667730271816254,0.6245590448379517
9573,0.8376754522323608,0.2053777575492859,0.6233261823654175
9574,0.8352392911911011,0.2053878754377365,0.6209158301353455
9575,0.8346990346908569,0.2040044367313385,0.6217712759971619
9576,0.8349683284759521,0.20405524969100952,0.6220060586929321
9577,0.8343485593795776,0.20265063643455505,0.6228182911872864
9578,0.8322070240974426,0.20273751020431519,0.6206019520759583
9579,0.8300654292106628,0.2014535814523697,0.6197588443756104
9580,0.8292835354804993,0.20160436630249023,0.6188532710075378
9581,0.8302322030067444,0.20017117261886597,0.6212366819381714
9582,0.8316431045532227,0.20050954818725586,0.6223512291908264
9583,0.8335996270179749,0.198783278465271,0.6260221600532532
9584,0.8376263976097107,0.1995587944984436,0.6293214559555054
9585,0.8488900065422058,0.197230264544487,0.6429019570350647
9586,0.8774928450584412,0.1989753246307373,0.669811487197876
9587,0.9492577314376831,0.19517649710178375,0.7453457117080688
9588,1.1314356327056885,0.19986438751220703,0.9229274988174438
9589,1.6137256622314453,0.19195246696472168,1.4130325317382812
9590,2.899444103240967,0.20603248476982117,2.6848881244659424
9591,6.38300085067749,0.18873551487922668,6.185439109802246
9592,15.080506324768066,0.23532257974147797,14.836949348449707
9593,35.35440444946289,0.20990611612796783,35.13545608520508
9594,70.18130493164062,0.35314199328422546,69.82052612304688
9595,125.36995697021484,0.24742406606674194,125.1140365600586
9596,178.9150848388672,0.8407103419303894,178.067138671875
9597,216.92062377929688,0.6288862228393555,216.2845916748047
9598,138.69943237304688,2.24871826171875,136.44532775878906
9599,61.91850280761719,2.1773672103881836,59.73661804199219
9600,35.1583366394043,4.822602272033691,30.329349517822266
9601,76.5165786743164,8.633831977844238,67.8775634765625
9602,159.664794921875,8.418111801147461,151.24197387695312
9603,177.6119384765625,9.090502738952637,168.51809692382812
9604,159.5220184326172,6.472343444824219,153.04598999023438
9605,207.4760284423828,5.341840744018555,202.13099670410156
9606,75.72090148925781,10.353639602661133,65.36519622802734
9607,96.14698791503906,11.601202011108398,84.54210662841797
9608,150.24285888671875,10.405130386352539,139.82009887695312
9609,113.27023315429688,16.97820472717285,96.26347351074219
9610,89.13510131835938,17.101734161376953,72.00163269042969
9611,102.62803649902344,17.148113250732422,85.44390869140625
9612,104.8362808227539,21.361286163330078,83.44020080566406
9613,88.57096099853516,19.06960105895996,69.4762954711914
9614,80.80441284179688,15.226228713989258,65.56919860839844
9615,74.70269012451172,18.798864364624023,55.89894104003906
9616,65.33064270019531,26.129573822021484,39.192710876464844
9617,57.546058654785156,28.781864166259766,28.745712280273438
9618,73.28218078613281,29.11972999572754,44.13225555419922
9619,63.948341369628906,32.94161605834961,30.970434188842773
9620,55.88862609863281,31.882646560668945,23.973234176635742
9621,68.28677368164062,27.189199447631836,41.06863784790039
9622,47.208343505859375,26.360431671142578,20.81514549255371
9623,54.392303466796875,28.836210250854492,25.522132873535156
9624,49.591636657714844,28.899974822998047,20.667993545532227
9625,49.85198974609375,28.16828155517578,21.66931915283203
9626,46.88715744018555,28.38991928100586,18.4860782623291
9627,43.25859069824219,27.80641746520996,15.441566467285156
9628,45.94773483276367,26.805301666259766,19.129615783691406
9629,35.0518798828125,26.86577033996582,8.167465209960938
9630,39.98807144165039,26.63980484008789,13.323771476745605
9631,38.66047668457031,25.498310089111328,13.136528015136719
9632,35.56687545776367,25.629873275756836,9.91406536102295
9633,33.34415054321289,25.7359619140625,7.588675022125244
9634,28.88052749633789,23.446645736694336,5.4170145988464355
9635,33.14861297607422,21.66741180419922,11.46519660949707
9636,27.90386199951172,22.20376968383789,5.683241367340088
9637,29.814611434936523,22.66161346435547,7.135066986083984
9638,24.935646057128906,20.98213768005371,3.9356117248535156
9639,27.241798400878906,19.11324119567871,8.111666679382324
9640,23.597434997558594,18.76531982421875,4.8161115646362305
9641,24.93808364868164,18.6129150390625,6.309132099151611
9642,22.374267578125,17.359329223632812,4.9995012283325195
9643,23.77741050720215,16.197343826293945,7.566680908203125
9644,19.60509490966797,16.48371124267578,3.1096599102020264
9645,21.201942443847656,16.285757064819336,4.904766082763672
9646,19.89809226989746,14.659513473510742,5.226203441619873
9647,18.899808883666992,13.956718444824219,4.928886413574219
9648,18.572349548339844,14.013039588928223,4.5441460609436035
9649,16.980817794799805,13.167305946350098,3.7991955280303955
9650,17.30558967590332,12.48955249786377,4.802652835845947
9651,15.704968452453613,12.613076210021973,3.078843355178833
9652,15.208234786987305,12.193904876708984,3.0016636848449707
9653,14.747048377990723,11.36622428894043,3.3688862323760986
9654,14.298154830932617,11.096834182739258,3.1903836727142334
9655,13.105725288391113,10.824150085449219,2.271298408508301
9656,13.102606773376465,10.241730690002441,2.85024094581604
9657,11.95866870880127,9.838951110839844,2.1077938079833984
9658,12.021428108215332,9.45995044708252,2.5483388900756836
9659,11.495124816894531,9.066607475280762,2.4148051738739014
9660,10.810858726501465,9.002370834350586,1.7950268983840942
9661,10.560985565185547,8.752524375915527,1.7965749502182007
9662,10.080438613891602,8.060434341430664,2.0097010135650635
9663,9.539947509765625,7.602801322937012,1.9269390106201172
9664,9.507343292236328,7.436774730682373,2.0596678256988525
9665,8.883411407470703,7.125852108001709,1.746233582496643
9666,8.5020751953125,6.821527481079102,1.6686776876449585
9667,8.362241744995117,6.695583343505859,1.654100775718689
9668,7.978702545166016,6.420131683349609,1.5459184646606445
9669,7.649562835693359,6.062467098236084,1.575040578842163
9670,7.35249137878418,5.8478827476501465,1.493691325187683
9671,7.235647201538086,5.650811195373535,1.5746407508850098
9672,6.77353048324585,5.3825860023498535,1.3803468942642212
9673,6.554174900054932,5.0817389488220215,1.4611254930496216
9674,6.466527462005615,4.844533920288086,1.6103161573410034
9675,6.051636219024658,4.690138339996338,1.3496251106262207
9676,5.967779159545898,4.545076847076416,1.411020040512085
9677,5.801417350769043,4.419451713562012,1.3706762790679932
9678,5.49719762802124,4.238198280334473,1.247664451599121
9679,5.393501281738281,4.081924915313721,1.3000738620758057
9680,5.285031318664551,3.9569098949432373,1.3166171312332153
9681,5.025118827819824,3.7742815017700195,1.2390949726104736
9682,4.833270072937012,3.672417402267456,1.1488288640975952
9683,4.752943992614746,3.525808572769165,1.2150628566741943
9684,4.624614715576172,3.372135639190674,1.2405542135238647
9685,4.430461406707764,3.304760694503784,1.1141482591629028
9686,4.252565383911133,3.1664717197418213,1.0747573375701904
9687,4.153038024902344,3.072448253631592,1.069116234779358
9688,4.034375190734863,2.9709694385528564,1.0518054962158203
9689,3.8820137977600098,2.8097176551818848,1.0606383085250854
9690,3.7545785903930664,2.736009359359741,1.0068234205245972
9691,3.6532111167907715,2.635542631149292,1.005983591079712
9692,3.5615575313568115,2.516322374343872,1.0336449146270752
9693,3.4323439598083496,2.4674272537231445,0.9533792734146118
9694,3.330390453338623,2.3781912326812744,0.9408488273620605
9695,3.2721660137176514,2.2784414291381836,0.982447624206543
9696,3.153649091720581,2.226499557495117,0.9156575798988342
9697,3.0612521171569824,2.1441845893859863,0.9053890109062195
9698,3.0035486221313477,2.053112745285034,0.9387335777282715
9699,2.9119017124176025,2.0005362033843994,0.8996667861938477
9700,2.8421578407287598,1.934313416481018,0.8962119817733765
9701,2.7815613746643066,1.8569707870483398,0.9131079912185669
9702,2.714858055114746,1.80842924118042,0.895002007484436
9703,2.6626505851745605,1.7621461153030396,0.8890687227249146
9704,2.5993003845214844,1.6946163177490234,0.89328533411026
9705,2.549659252166748,1.6366238594055176,0.9015435576438904
9706,2.5021729469299316,1.5968639850616455,0.8936946988105774
9707,2.441573143005371,1.5406708717346191,0.8893976211547852
9708,2.3960838317871094,1.486034870147705,0.8986619710922241
9709,2.346212148666382,1.4538408517837524,0.8809690475463867
9710,2.2931718826293945,1.4092469215393066,0.8725113272666931
9711,2.2455995082855225,1.3653042316436768,0.8688775300979614
9712,2.195143461227417,1.337791085243225,0.8459153175354004
9713,2.152102470397949,1.2967736721038818,0.8438763618469238
9714,2.1059579849243164,1.2540751695632935,0.8404233455657959
9715,2.0598020553588867,1.2216275930404663,0.8267207741737366
9716,2.022742986679077,1.1905208826065063,0.820798397064209
9717,1.9833109378814697,1.1596859693527222,0.8122797608375549
9718,1.9452645778656006,1.1258411407470703,0.8081250786781311
9719,1.9110119342803955,1.0969493389129639,0.802756130695343
9720,1.8783252239227295,1.0683844089508057,0.7987115979194641
9721,1.8510327339172363,1.037177562713623,0.8027225136756897
9722,1.8193416595458984,1.0157808065414429,0.79242342710495
9723,1.7921714782714844,0.990899920463562,0.7901526689529419
9724,1.771205186843872,0.9643115997314453,0.7958391308784485
9725,1.744804859161377,0.9478864669799805,0.7858867049217224
9726,1.7218291759490967,0.9265502095222473,0.7842736840248108
9727,1.701829433441162,0.9063805341720581,0.7844592332839966
9728,1.680406093597412,0.8912072777748108,0.7781707048416138
9729,1.6603630781173706,0.8743525743484497,0.7749776244163513
9730,1.6403696537017822,0.8587157726287842,0.7706452012062073
9731,1.6218500137329102,0.8434284925460815,0.7673896551132202
9732,1.6036893129348755,0.828927755355835,0.7637173533439636
9733,1.5831856727600098,0.8140276670455933,0.758145272731781
9734,1.5664417743682861,0.8009268045425415,0.7545130252838135
9735,1.5521531105041504,0.78902667760849,0.7521144151687622
9736,1.5341765880584717,0.7749162316322327,0.7482617497444153
9737,1.517655372619629,0.7625542879104614,0.744125247001648
9738,1.505676031112671,0.7510213851928711,0.7436939477920532
9739,1.4919832944869995,0.7391647100448608,0.741881787776947
9740,1.4772570133209229,0.7277176976203918,0.7386276721954346
9741,1.4648792743682861,0.7165554165840149,0.7374385595321655
9742,1.4534473419189453,0.7065140604972839,0.7360948324203491
9743,1.440956950187683,0.6941998600959778,0.7359433174133301
9744,1.4283521175384521,0.6853631734848022,0.732165515422821
9745,1.4181373119354248,0.6766035556793213,0.7307270169258118
9746,1.408842921257019,0.6646353006362915,0.7334301471710205
9747,1.3967957496643066,0.6584067940711975,0.7276190519332886
9748,1.385411262512207,0.6481890082359314,0.7264783382415771
9749,1.3774640560150146,0.6383201479911804,0.7284280061721802
9750,1.3680787086486816,0.63272625207901,0.724639356136322
9751,1.3572138547897339,0.6227042078971863,0.7238050699234009
9752,1.348649263381958,0.6149221658706665,0.7230280041694641
9753,1.3416391611099243,0.6089959740638733,0.7219382524490356
9754,1.3327137231826782,0.6001614332199097,0.7218695282936096
9755,1.3229321241378784,0.5932811498641968,0.7189972400665283
9756,1.3153935670852661,0.5873168110847473,0.717431366443634
9757,1.3094871044158936,0.5790629982948303,0.7198012471199036
9758,1.301862359046936,0.5729314684867859,0.7183337807655334
9759,1.292722463607788,0.5672393441200256,0.7148870229721069
9760,1.2855693101882935,0.5603339076042175,0.7146594524383545
9761,1.2807929515838623,0.5549659729003906,0.7152706384658813
9762,1.2742202281951904,0.5497685670852661,0.713904857635498
9763,1.2656362056732178,0.5436884164810181,0.7114380598068237
9764,1.2593367099761963,0.5393178462982178,0.7095274329185486
9765,1.2559337615966797,0.5332484841346741,0.7121973633766174
9766,1.2500958442687988,0.5292898416519165,0.7103489637374878
9767,1.2418073415756226,0.5233827829360962,0.7079823017120361
9768,1.2348005771636963,0.519388735294342,0.704987645149231
9769,1.2310154438018799,0.5152907967567444,0.705329179763794
9770,1.2270139455795288,0.5089550018310547,0.7076844573020935
9771,1.2202837467193604,0.5067110061645508,0.7032288312911987
9772,1.2129931449890137,0.5008430480957031,0.701830267906189
9773,1.2085087299346924,0.49676093459129333,0.7014470100402832
9774,1.2056198120117188,0.49402081966400146,0.7013212442398071
9775,1.200750708580017,0.48811811208724976,0.7023807168006897
9776,1.1938955783843994,0.4851643145084381,0.6985124945640564
9777,1.1883338689804077,0.48182761669158936,0.6963062882423401
9778,1.1854450702667236,0.47664690017700195,0.6986265182495117
9779,1.1819956302642822,0.4743979573249817,0.6974536180496216
9780,1.1767358779907227,0.47053495049476624,0.6960642337799072
9781,1.1706454753875732,0.466550350189209,0.6939898729324341
9782,1.1668002605438232,0.46452030539512634,0.6921924948692322
9783,1.1654770374298096,0.45967260003089905,0.6957349181175232
9784,1.1624054908752441,0.4574493169784546,0.6949292421340942
9785,1.1566393375396729,0.45323026180267334,0.6933876872062683
9786,1.1500635147094727,0.45104125142097473,0.6890285015106201
9787,1.1464602947235107,0.44771718978881836,0.6887742280960083
9788,1.1461197137832642,0.4438168704509735,0.6923412084579468
9789,1.1444261074066162,0.4425642192363739,0.691936731338501
9790,1.1400965452194214,0.4369148015975952,0.6932675838470459
9791,1.1336958408355713,0.4367460608482361,0.6870651245117188
9792,1.128214716911316,0.4316996932029724,0.6866498589515686
9793,1.1254438161849976,0.4295433759689331,0.6860539317131042
9794,1.1240885257720947,0.4268585443496704,0.6874192953109741
9795,1.1217659711837769,0.42336416244506836,0.6886010766029358
9796,1.1172319650650024,0.4211656153202057,0.6862966418266296
9797,1.1116812229156494,0.418423056602478,0.6834951639175415
9798,1.1071395874023438,0.4152284860610962,0.6821802854537964
9799,1.1049991846084595,0.4136807918548584,0.6816112399101257
9800,1.1035807132720947,0.40985023975372314,0.6840376853942871
9801,1.100711703300476,0.4077815115451813,0.6832729578018188
9802,1.0967100858688354,0.4055992066860199,0.6814600229263306
9803,1.0931296348571777,0.4019405245780945,0.6815688014030457
9804,1.0914030075073242,0.40152591466903687,0.6802719235420227
9805,1.0920324325561523,0.39586013555526733,0.6865850687026978
9806,1.094202995300293,0.3977157473564148,0.6869322657585144
9807,1.1005655527114868,0.38967254757881165,0.7013441324234009
9808,1.1193785667419434,0.3947767913341522,0.7150922417640686
9809,1.1783627271652222,0.3812650144100189,0.7875919938087463
9810,1.365373134613037,0.3962131142616272,0.959700345993042
9811,1.9735345840454102,0.3664846420288086,1.5975749492645264
9812,3.995002269744873,0.41531234979629517,3.5702967643737793
9813,10.779111862182617,0.3354499638080597,10.434198379516602
9814,32.68342590332031,0.5258756279945374,32.1483268737793
9815,92.74346160888672,0.3086199164390564,92.42534637451172
9816,186.08807373046875,1.191272497177124,184.88856506347656
9817,286.2302551269531,0.5622386932373047,285.65838623046875
9818,280.9521179199219,2.54291033744812,278.4044494628906
9819,154.52333068847656,1.8184559345245361,152.6956787109375
9820,122.40475463867188,3.8910064697265625,118.50967407226562
9821,183.11871337890625,10.345535278320312,172.7702178955078
9822,131.50677490234375,3.4683568477630615,128.0277862548828
9823,89.47311401367188,6.291676998138428,83.17173767089844
9824,125.4646987915039,10.335821151733398,115.12379455566406
9825,50.56251907348633,8.364485740661621,42.19398498535156
9826,69.79296112060547,8.276168823242188,61.51425552368164
9827,59.00872039794922,12.94210147857666,46.0646858215332
9828,48.840576171875,12.291486740112305,36.540042877197266
9829,48.6022834777832,13.136494636535645,35.44551086425781
9830,39.297874450683594,15.480172157287598,23.797014236450195
9831,46.6175537109375,17.647123336791992,28.95267105102539
9832,36.36159896850586,18.814069747924805,17.528642654418945
9833,36.881797790527344,18.362253189086914,18.49709129333496
9834,35.882957458496094,17.38992691040039,18.472135543823242
9835,30.63556480407715,18.355937957763672,12.266115188598633
9836,34.236961364746094,21.158306121826172,13.07046890258789
9837,27.957672119140625,20.071956634521484,7.877752304077148
9838,33.908607482910156,17.631343841552734,16.267202377319336
9839,24.97139549255371,17.583269119262695,7.377528667449951
9840,32.52898025512695,18.176055908203125,14.34239673614502
9841,25.23653793334961,16.878583908081055,8.34659481048584
9842,26.501598358154297,15.690858840942383,10.798016548156738
9843,23.82297706604004,16.38519287109375,7.424335956573486
9844,23.697338104248047,17.309934616088867,6.373725414276123
9845,23.344865798950195,16.715911865234375,6.615169525146484
9846,22.075416564941406,15.845809936523438,6.216144561767578
9847,20.688974380493164,15.427021026611328,5.249110698699951
9848,19.964889526367188,14.80492877960205,5.147351264953613
9849,18.537006378173828,14.02715015411377,4.496428966522217
9850,19.634138107299805,13.407397270202637,6.211595058441162
9851,16.413846969604492,12.832109451293945,3.565349817276001
9852,17.54010581970215,12.530412673950195,4.994147777557373
9853,15.463499069213867,12.35140609741211,3.0986876487731934
9854,16.011016845703125,11.94185733795166,4.056826591491699
9855,14.296116828918457,11.415678024291992,2.8673465251922607
9856,13.836393356323242,10.766249656677246,3.055905818939209
9857,13.739374160766602,10.156508445739746,3.568380832672119
9858,12.404462814331055,9.986310958862305,2.4037764072418213
9859,12.552722930908203,9.582857131958008,2.9552083015441895
9860,11.703256607055664,8.820120811462402,2.868166446685791
9861,10.837626457214355,8.442875862121582,2.3802452087402344
9862,10.979087829589844,8.268350601196289,2.697542905807495
9863,9.872698783874512,7.627658367156982,2.2330920696258545
9864,9.810739517211914,7.008730411529541,2.7907583713531494
9865,9.305034637451172,6.929849147796631,2.364126443862915
9866,8.575691223144531,6.62786865234375,1.9362702369689941
9867,8.805000305175781,6.238070964813232,2.554560899734497
9868,7.879079818725586,6.276083946228027,1.5901532173156738
9869,7.6059184074401855,6.039322853088379,1.5534716844558716
9870,7.695272445678711,5.683704853057861,1.998478889465332
9871,6.973931789398193,5.656619548797607,1.3046460151672363
9872,6.671519756317139,5.326838970184326,1.3321858644485474
9873,6.693576812744141,4.867763042449951,1.8133728504180908
9874,6.218348979949951,4.768883228302002,1.437240481376648
9875,6.030770778656006,4.576942443847656,1.4413748979568481
9876,5.8534064292907715,4.307827472686768,1.5324469804763794
9877,5.599982738494873,4.242199897766113,1.3444381952285767
9878,5.3874993324279785,4.051304817199707,1.323289394378662
9879,5.3445658683776855,3.7826738357543945,1.5494483709335327
9880,5.054483890533447,3.662477970123291,1.3795781135559082
9881,4.840936660766602,3.4666802883148193,1.361485481262207
9882,4.771799087524414,3.282155752182007,1.4766579866409302
9883,4.537387371063232,3.2316160202026367,1.2928043603897095
9884,4.338444709777832,3.084646463394165,1.2407472133636475
9885,4.274667263031006,2.9287877082824707,1.3326352834701538
9886,4.121133804321289,2.888957977294922,1.2187275886535645
9887,3.959151268005371,2.7713451385498047,1.1741338968276978
9888,3.9087791442871094,2.624577522277832,1.270553469657898
9889,3.7325339317321777,2.592282295227051,1.1268466711044312
9890,3.61582088470459,2.50335955619812,1.0990012884140015
9891,3.5603857040405273,2.3698031902313232,1.1768397092819214
9892,3.4331326484680176,2.3225719928741455,1.0968616008758545
9893,3.3413166999816895,2.253058433532715,1.0748505592346191
9894,3.2541847229003906,2.151395559310913,1.0894149541854858
9895,3.1381778717041016,2.085646867752075,1.0388954877853394
9896,3.053124189376831,2.028660297393799,1.0105500221252441
9897,3.003812313079834,1.9565420150756836,1.0332168340682983
9898,2.8985588550567627,1.896108865737915,0.9884689450263977
9899,2.8160955905914307,1.8449151515960693,0.957423210144043
9900,2.7724931240081787,1.775499701499939,0.9833034873008728
9901,2.6820831298828125,1.7177692651748657,0.9504780769348145
9902,2.6143453121185303,1.658510446548462,0.9419716596603394
9903,2.579289436340332,1.60374116897583,0.9617843627929688
9904,2.5160975456237793,1.5692815780639648,0.9330077171325684
9905,2.4432382583618164,1.5104955434799194,0.9188296794891357
9906,2.4009292125701904,1.46622633934021,0.9208289980888367
9907,2.3478026390075684,1.4282582998275757,0.9058235287666321
9908,2.2920491695404053,1.3759113550186157,0.9025224447250366
9909,2.2602434158325195,1.3417240381240845,0.9048433303833008
9910,2.204160451889038,1.3045214414596558,0.8858277201652527
9911,2.1514394283294678,1.2739275693893433,0.8636471629142761
9912,2.1193199157714844,1.2366421222686768,0.8688668012619019
9913,2.078336477279663,1.1984859704971313,0.8661569952964783
9914,2.034102201461792,1.1712357997894287,0.849290132522583
9915,2.0046520233154297,1.1351455450057983,0.8559382557868958
9916,1.9710822105407715,1.106635570526123,0.8508382439613342
9917,1.9273285865783691,1.0796685218811035,0.8340851068496704
9918,1.900566577911377,1.0557942390441895,0.8311887383460999
9919,1.871505618095398,1.02679443359375,0.8310713768005371
9920,1.8384654521942139,0.9967013597488403,0.828184962272644
9921,1.8149806261062622,0.9763898849487305,0.8251305222511292
9922,1.7859547138214111,0.9461106657981873,0.8264241218566895
9923,1.7542262077331543,0.9276545643806458,0.8131452202796936
9924,1.7301205396652222,0.9062347412109375,0.8104714155197144
9925,1.7065396308898926,0.88551265001297,0.807628870010376
9926,1.6799726486206055,0.8673983812332153,0.7991964817047119
9927,1.6597696542739868,0.8482246398925781,0.7981812953948975
9928,1.6394953727722168,0.8333261013031006,0.7928168773651123
9929,1.6153260469436646,0.8156706690788269,0.7863324880599976
9930,1.5949352979660034,0.8022673726081848,0.7793738842010498
9931,1.5745222568511963,0.7839311957359314,0.7773358225822449
9932,1.5527595281600952,0.7705273032188416,0.7690240740776062
9933,1.5343286991119385,0.7555239200592041,0.7656278610229492
9934,1.5173604488372803,0.7393606305122375,0.7648586630821228
9935,1.498929738998413,0.7281476259231567,0.7576844692230225
9936,1.4825363159179688,0.7128700017929077,0.7565687298774719
9937,1.4667881727218628,0.7005071640014648,0.7531890273094177
9938,1.4488182067871094,0.6867883205413818,0.7490068078041077
9939,1.4329135417938232,0.6762040853500366,0.7437334060668945
9940,1.4178662300109863,0.6630739569664001,0.7418118119239807
9941,1.40207839012146,0.6531537771224976,0.7359515428543091
9942,1.388753890991211,0.643643319606781,0.7321617603302002
9943,1.3764654397964478,0.6310715079307556,0.7324648499488831
9944,1.362926959991455,0.6227009296417236,0.7273368835449219
9945,1.350442886352539,0.6100355982780457,0.7275623083114624
9946,1.3381458520889282,0.6013810038566589,0.7239504456520081
9947,1.3249057531356812,0.5902156829833984,0.7219165563583374
9948,1.3114397525787354,0.5827139019966125,0.715986967086792
9949,1.2995309829711914,0.5722419023513794,0.7145623564720154
9950,1.2872462272644043,0.5648795366287231,0.709652841091156
9951,1.2752550840377808,0.5562207102775574,0.7063562273979187
9952,1.2659554481506348,0.5471076369285583,0.706206202507019
9953,1.2556018829345703,0.540579080581665,0.7023982405662537
9954,1.2450666427612305,0.5310420393943787,0.7014140486717224
9955,1.2358853816986084,0.5245800018310547,0.6987208127975464
9956,1.2258758544921875,0.5160657167434692,0.6972463130950928
9957,1.2147397994995117,0.5097970962524414,0.6923891305923462
9958,1.205320119857788,0.501376211643219,0.6914135813713074
9959,1.1955925226211548,0.4958212971687317,0.6872588396072388
9960,1.1852247714996338,0.48837143182754517,0.6843555569648743
9961,1.1769979000091553,0.48165205121040344,0.6828762292861938
9962,1.1692142486572266,0.4760952889919281,0.6806681752204895
9963,1.1599329710006714,0.4686846137046814,0.6788075566291809
9964,1.1520378589630127,0.46311625838279724,0.6765143275260925
9965,1.1451244354248047,0.4567052721977234,0.6760440468788147
9966,1.1354690790176392,0.4508577883243561,0.6722490787506104
9967,1.1275889873504639,0.4445105195045471,0.6707538962364197
9968,1.121368646621704,0.43968290090560913,0.6693923473358154
9969,1.1125197410583496,0.434067040681839,0.6661726832389832
9970,1.1054794788360596,0.4285826086997986,0.6646475195884705
9971,1.1002471446990967,0.4246077537536621,0.6634154319763184
9972,1.0919989347457886,0.41858312487602234,0.6612100601196289
9973,1.0845824480056763,0.414467453956604,0.6579478979110718
9974,1.0801385641098022,0.409771591424942,0.6582282781600952
9975,1.0720685720443726,0.40516653656959534,0.6547747254371643
9976,1.0642714500427246,0.4007260799407959,0.6514545679092407
9977,1.0603137016296387,0.39686256647109985,0.6513899564743042
9978,1.0535144805908203,0.3925781846046448,0.6488884687423706
9979,1.046242356300354,0.3882378339767456,0.6459865570068359
9980,1.042075753211975,0.3849868178367615,0.6450967788696289
9981,1.0360028743743896,0.3801251947879791,0.6439109444618225
9982,1.0287487506866455,0.3767410218715668,0.6400819420814514
9983,1.024702787399292,0.3728889524936676,0.6399161219596863
9984,1.0191898345947266,0.3689289391040802,0.6383821368217468
9985,1.0123646259307861,0.3655831813812256,0.6349419355392456
9986,1.0088229179382324,0.3619711995124817,0.6350395679473877
9987,1.0040757656097412,0.358702152967453,0.6335791945457458
9988,0.997541069984436,0.3548765182495117,0.6309050917625427
9989,0.9931827783584595,0.3521268665790558,0.6293262839317322
9990,0.9887479543685913,0.3482881784439087,0.6287591457366943
9991,0.9825044870376587,0.34544792771339417,0.6253873705863953
9992,0.9785399436950684,0.3426516652107239,0.6242400407791138
9993,0.9755268096923828,0.3389992117881775,0.6249004602432251
9994,0.9703232049942017,0.33676522970199585,0.6219679117202759
9995,0.9668006896972656,0.33287742733955383,0.6223565936088562
9996,0.9641997218132019,0.33081039786338806,0.62184739112854
9997,0.9597110748291016,0.32685473561286926,0.6213435530662537
9998,0.9551301002502441,0.32523277401924133,0.6184187531471252
9999,0.9531062841415405,0.3209216594696045,0.6207295060157776
