step,loss
0,0.12554965913295746
1,1046.8314208984375
2,40.051639556884766
3,2.476102113723755
4,0.22833211719989777
5,0.116447314620018
6,0.11032844334840775
7,0.10905730724334717
8,0.10782972723245621
9,0.10701808333396912
10,0.10665172338485718
11,0.10642196983098984
12,0.10627742856740952
13,0.10635870695114136
14,0.10616883635520935
15,0.10613734275102615
16,0.10611468553543091
17,0.10608991235494614
18,0.10605764389038086
19,0.10601843148469925
20,0.10600040853023529
21,0.10599303245544434
22,0.10598823428153992
23,0.10598504543304443
24,0.10598082095384598
25,0.10597681999206543
26,0.10597467422485352
27,0.10597313195466995
28,0.10597139596939087
29,0.10597048699855804
30,0.10596951842308044
31,0.10596826672554016
32,0.10596692562103271
33,0.10596625506877899
34,0.10596419870853424
35,0.10596253722906113
36,0.10596058517694473
37,0.10595759749412537
38,0.10595221072435379
39,0.10594694316387177
40,0.10594102740287781
41,0.10593195259571075
42,0.10592447221279144
43,0.10591447353363037
44,0.10590246319770813
45,0.10588254034519196
46,0.10585792362689972
47,0.1058405190706253
48,0.10582485049962997
49,0.10580912977457047
50,0.1057758554816246
51,0.1057431697845459
52,0.10570651292800903
53,0.10567217320203781
54,0.1056460440158844
55,0.10560508072376251
56,0.10549889504909515
57,0.10535619407892227
58,0.10527028143405914
59,0.10516170412302017
60,0.10508114099502563
61,0.10503728687763214
62,0.10494603216648102
63,0.10487467050552368
64,0.10474850237369537
65,0.10464650392532349
66,0.10458517074584961
67,0.10452353954315186
68,0.10472285747528076
69,0.10440374910831451
70,0.10433246195316315
71,0.10425447672605515
72,0.10417905449867249
73,0.1040831133723259
74,0.1039968729019165
75,0.10383223742246628
76,0.10375106334686279
77,0.10363800823688507
78,0.10351875424385071
79,0.10330857336521149
80,0.10311456024646759
81,0.10294695943593979
82,0.1027226373553276
83,0.10258615761995316
84,0.10244423151016235
85,0.10233096778392792
86,0.1020926684141159
87,0.10189598798751831
88,0.10159793496131897
89,0.10146895051002502
90,0.10127460956573486
91,0.10116708278656006
92,0.10106702148914337
93,0.10089486837387085
94,0.10064278542995453
95,0.10056199133396149
96,0.10024858266115189
97,0.10009763389825821
98,0.09993258118629456
99,0.09972354769706726
100,0.09950447082519531
101,0.09930144250392914
102,0.099141925573349
103,0.09895901381969452
104,0.09874897450208664
105,0.09850452840328217
106,0.0982719361782074
107,0.09787894785404205
108,0.09766803681850433
109,0.09750145673751831
110,0.09734810888767242
111,0.09723871946334839
112,0.09700800478458405
113,0.09680426120758057
114,0.09666277468204498
115,0.09650219231843948
116,0.0967925637960434
117,0.09632422775030136
118,0.09625586867332458
119,0.0962018221616745
120,0.0961209237575531
121,0.09600111842155457
122,0.09590829908847809
123,0.09573493897914886
124,0.09562428295612335
125,0.09547778964042664
126,0.09538578987121582
127,0.09525652229785919
128,0.0958470031619072
129,0.0950191393494606
130,0.09487401694059372
131,0.09473894536495209
132,0.09461076557636261
133,0.09448257088661194
134,0.09424254298210144
135,0.09453875571489334
136,0.09385855495929718
137,0.09372152388095856
138,0.09359923005104065
139,0.09345116466283798
140,0.09323426336050034
141,0.09302309155464172
142,0.09289516508579254
143,0.09275340288877487
144,0.09260894358158112
145,0.09238432347774506
146,0.0920199602842331
147,0.09173250198364258
148,0.09154640138149261
149,0.0913529098033905
150,0.09110154211521149
151,0.09088583290576935
152,0.09075968712568283
153,0.09055935591459274
154,0.09043820202350616
155,0.09036166220903397
156,0.09027699381113052
157,0.09014034271240234
158,0.08986401557922363
159,0.08955466747283936
160,0.08930272608995438
161,0.08919777721166611
162,0.08904709666967392
163,0.08894217759370804
164,0.08884982764720917
165,0.0886305421590805
166,0.08839836716651917
167,0.08813357353210449
168,0.08787522464990616
169,0.08764354139566422
170,0.08742771297693253
171,0.08720351755619049
172,0.08694252371788025
173,0.08676392585039139
174,0.08660780638456345
175,0.0863836258649826
176,0.08599897474050522
177,0.09204699099063873
178,0.08565758913755417
179,0.08524593710899353
180,0.08508941531181335
181,0.08493800461292267
182,0.0847117081284523
183,0.08446916192770004
184,0.084156334400177
185,0.08388030529022217
186,0.08371517062187195
187,0.08360238373279572
188,0.08344539999961853
189,0.08313382416963577
190,0.0829099789261818
191,0.08257964253425598
192,0.08239366859197617
193,0.08225400745868683
194,0.08199876546859741
195,0.08180136978626251
196,0.08148561418056488
197,0.08123704046010971
198,0.08107331395149231
199,0.08091456443071365
200,0.08064739406108856
201,0.08041242510080338
202,0.08023962378501892
203,0.08010450750589371
204,0.07994066178798676
205,0.07971222698688507
206,0.07948374003171921
207,0.07936782389879227
208,0.07918164879083633
209,0.07904919981956482
210,0.07895500957965851
211,0.07882972806692123
212,0.07860306650400162
213,0.07825890928506851
214,0.0792870968580246
215,0.07792717218399048
216,0.07776698470115662
217,0.07767844945192337
218,0.07759864628314972
219,0.07749307155609131
220,0.0772978663444519
221,0.077126145362854
222,0.07697588205337524
223,0.07685613632202148
224,0.07678680121898651
225,0.07670770585536957
226,0.0766064003109932
227,0.07648521661758423
228,0.07636125385761261
229,0.07621417194604874
230,0.07605304569005966
231,0.07583416998386383
232,0.07568559050559998
233,0.07553115487098694
234,0.07524830102920532
235,0.0750531554222107
236,0.07488544285297394
237,0.07476391643285751
238,0.07458703964948654
239,0.07437388598918915
240,0.07422112673521042
241,0.0739288330078125
242,0.0737292468547821
243,0.07360576838254929
244,0.07348905503749847
245,0.07337329536676407
246,0.07326625287532806
247,0.07311136275529861
248,0.07289031147956848
249,0.07303014397621155
250,0.07262572646141052
251,0.07253598421812057
252,0.07246161997318268
253,0.07236270606517792
254,0.07224904000759125
255,0.07212719321250916
256,0.07198479771614075
257,0.07181990891695023
258,0.07167945057153702
259,0.07153129577636719
260,0.07136035710573196
261,0.071327805519104
262,0.07109334319829941
263,0.07102149724960327
264,0.07094451040029526
265,0.07081618905067444
266,0.07064580917358398
267,0.07048939168453217
268,0.07031336426734924
269,0.07024403661489487
270,0.07014679163694382
271,0.07003499567508698
272,0.06980428844690323
273,0.06965653598308563
274,0.06948713213205338
275,0.0694209411740303
276,0.06935815513134003
277,0.06925871223211288
278,0.06919911503791809
279,0.06902076303958893
280,0.06887590140104294
281,0.06877989321947098
282,0.06867972016334534
283,0.06850819289684296
284,0.06837509572505951
285,0.06820666790008545
286,0.0680982694029808
287,0.06794523447751999
288,0.06778797507286072
289,0.06759565323591232
290,0.06765376031398773
291,0.06739587336778641
292,0.06730124354362488
293,0.06720373034477234
294,0.06707489490509033
295,0.06690377742052078
296,0.06683118641376495
297,0.06668694317340851
298,0.06661342084407806
299,0.06656298786401749
300,0.06649190932512283
301,0.06634081155061722
302,0.06609735637903214
303,0.0662381574511528
304,0.06566057354211807
305,0.06549227237701416
306,0.06534020602703094
307,0.06522509455680847
308,0.06514649093151093
309,0.06501179933547974
310,0.06490027904510498
311,0.06482261419296265
312,0.0646791085600853
313,0.06453396379947662
314,0.06441451609134674
315,0.06434168666601181
316,0.06418558955192566
317,0.06407469511032104
318,0.06396415084600449
319,0.06376256048679352
320,0.06365135312080383
321,0.0635693222284317
322,0.06352191418409348
323,0.06344376504421234
324,0.06336891651153564
325,0.0632776990532875
326,0.06316156685352325
327,0.06314238160848618
328,0.0629982203245163
329,0.06293640285730362
330,0.06287772953510284
331,0.06280036270618439
332,0.06267955154180527
333,0.06275764852762222
334,0.06251499056816101
335,0.06245102733373642
336,0.06238953024148941
337,0.06230945512652397
338,0.062183380126953125
339,0.06212390214204788
340,0.061969272792339325
341,0.06190108880400658
342,0.06181792914867401
343,0.061727963387966156
344,0.06161116063594818
345,0.06144879758358002
346,0.06134003773331642
347,0.06122296676039696
348,0.06113537400960922
349,0.061049316078424454
350,0.060940247029066086
351,0.060863956809043884
352,0.06076736003160477
353,0.06063573434948921
354,0.06042066216468811
355,0.0602860227227211
356,0.060145869851112366
357,0.06005367636680603
358,0.059987377375364304
359,0.05994449555873871
360,0.05984456092119217
361,0.059774309396743774
362,0.059709325432777405
363,0.0596608966588974
364,0.05961332097649574
365,0.059564605355262756
366,0.059493452310562134
367,0.05943785235285759
368,0.0593867152929306
369,0.05930976942181587
370,0.05924370884895325
371,0.05917997658252716
372,0.05912528932094574
373,0.059082068502902985
374,0.0590418241918087
375,0.05900995805859566
376,0.058964382857084274
377,0.058920517563819885
378,0.05885044112801552
379,0.058728571981191635
380,0.058565184473991394
381,0.05844449624419212
382,0.05836707726120949
383,0.058331236243247986
384,0.05829113721847534
385,0.05824873223900795
386,0.05818934738636017
387,0.05835510045289993
388,0.05810657888650894
389,0.058059342205524445
390,0.05802150070667267
391,0.057987868785858154
392,0.05793944001197815
393,0.057829152792692184
394,0.057920388877391815
395,0.05765988305211067
396,0.057600416243076324
397,0.05755824223160744
398,0.05751524120569229
399,0.057435523718595505
400,0.05741836503148079
401,0.05727902054786682
402,0.05722581595182419
403,0.05718718469142914
404,0.057155296206474304
405,0.0571303591132164
406,0.057062290608882904
407,0.057013049721717834
408,0.056933630257844925
409,0.05681249499320984
410,0.056690629571676254
411,0.056588880717754364
412,0.05652470514178276
413,0.05647284910082817
414,0.056430187076330185
415,0.056400131434202194
416,0.05634735897183418
417,0.05629749596118927
418,0.05622825771570206
419,0.05617726966738701
420,0.05613403767347336
421,0.0560997873544693
422,0.05606851726770401
423,0.05603098124265671
424,0.05599012225866318
425,0.05591963976621628
426,0.05586650222539902
427,0.055820170789957047
428,0.05577044188976288
429,0.05565085634589195
430,0.055488236248493195
431,0.055344656109809875
432,0.05523299425840378
433,0.05514678731560707
434,0.05507910996675491
435,0.055038854479789734
436,0.05496327206492424
437,0.05489206314086914
438,0.05478651076555252
439,0.054681722074747086
440,0.05458647757768631
441,0.05451924353837967
442,0.05446718633174896
443,0.054441072046756744
444,0.05436943843960762
445,0.054319679737091064
446,0.05424845218658447
447,0.05413450673222542
448,0.054439421743154526
449,0.05399899184703827
450,0.053938113152980804
451,0.053897932171821594
452,0.053856492042541504
453,0.05379422754049301
454,0.053764600306749344
455,0.0536952018737793
456,0.05366452410817146
457,0.05363011732697487
458,0.053592175245285034
459,0.053555361926555634
460,0.053502701222896576
461,0.05345788598060608
462,0.05339354649186134
463,0.05328383669257164
464,0.053289685398340225
465,0.05315018445253372
466,0.053108759224414825
467,0.05307646095752716
468,0.05302964895963669
469,0.052951812744140625
470,0.052866674959659576
471,0.05280698090791702
472,0.05273589491844177
473,0.052693430334329605
474,0.05265814810991287
475,0.05258092284202576
476,0.052532389760017395
477,0.052510302513837814
478,0.0524756982922554
479,0.052441805601119995
480,0.05240272730588913
481,0.052363842725753784
482,0.05230697989463806
483,0.05223983898758888
484,0.05217695236206055
485,0.05212707817554474
486,0.052106037735939026
487,0.052075378596782684
488,0.05205318331718445
489,0.05203653872013092
490,0.05200521647930145
491,0.05195785313844681
492,0.05189013108611107
493,0.052211157977581024
494,0.051837921142578125
495,0.051806412637233734
496,0.051792073994874954
497,0.051774319261312485
498,0.05174703150987625
499,0.0516977421939373
500,0.05160224437713623
501,0.051521629095077515
502,0.05146054923534393
503,0.05141545832157135
504,0.05137839540839195
505,0.05133023113012314
506,0.05125536769628525
507,0.0514303594827652
508,0.05115801841020584
509,0.051115505397319794
510,0.05108410865068436
511,0.0510505847632885
512,0.05099911987781525
513,0.05107378214597702
514,0.050907544791698456
515,0.05086468905210495
516,0.050821453332901
517,0.0507739782333374
518,0.05070187523961067
519,0.05107113718986511
520,0.05061337351799011
521,0.05056276172399521
522,0.05052647367119789
523,0.05047607421875
524,0.05040580779314041
525,0.05030781030654907
526,0.050246112048625946
527,0.05018850788474083
528,0.05015940219163895
529,0.050141841173172
530,0.050105057656764984
531,0.050058040767908096
532,0.05001981183886528
533,0.04999857768416405
534,0.049972254782915115
535,0.04995221644639969
536,0.04991016909480095
537,0.049857158213853836
538,0.04990066587924957
539,0.04980599135160446
540,0.04978976771235466
541,0.04977364465594292
542,0.04974575340747833
543,0.04970903322100639
544,0.049671486020088196
545,0.049612052738666534
546,0.04956471547484398
547,0.04951557144522667
548,0.04944854974746704
549,0.049406878650188446
550,0.049353379756212234
551,0.04929874837398529
552,0.04920125752687454
553,0.04911207780241966
554,0.04902610927820206
555,0.048972658812999725
556,0.04890817031264305
557,0.048853110522031784
558,0.048807382583618164
559,0.04875626415014267
560,0.048721302300691605
561,0.04869651049375534
562,0.04865860193967819
563,0.04861007258296013
564,0.048567116260528564
565,0.04853720963001251
566,0.048489686101675034
567,0.0484636165201664
568,0.04841037839651108
569,0.04834064841270447
570,0.048395078629255295
571,0.04826077073812485
572,0.0482344925403595
573,0.04821454733610153
574,0.048187851905822754
575,0.04814634099602699
576,0.04807908833026886
577,0.04809262603521347
578,0.047980520874261856
579,0.047949716448783875
580,0.04792605713009834
581,0.047900017350912094
582,0.047867484390735626
583,0.04781612008810043
584,0.04787052422761917
585,0.047747254371643066
586,0.04771803319454193
587,0.04768923670053482
588,0.047652825713157654
589,0.04760291799902916
590,0.0476764515042305
591,0.047547947615385056
592,0.04752900078892708
593,0.04751510173082352
594,0.04749586805701256
595,0.04745888710021973
596,0.04740709066390991
597,0.047338783740997314
598,0.047295160591602325
599,0.047258295118808746
600,0.047233812510967255
601,0.04721927270293236
602,0.0471835732460022
603,0.047162093222141266
604,0.04713514447212219
605,0.04708585515618324
606,0.047032855451107025
607,0.04699493944644928
608,0.04694151133298874
609,0.046902384608983994
610,0.04685956984758377
611,0.046816613525152206
612,0.04675911366939545
613,0.04671812057495117
614,0.046689920127391815
615,0.04662004113197327
616,0.04656370356678963
617,0.04654725268483162
618,0.04650293290615082
619,0.046480823308229446
620,0.046459898352622986
621,0.04643820971250534
622,0.04640015587210655
623,0.04638434946537018
624,0.046325139701366425
625,0.04629169777035713
626,0.04625808447599411
627,0.04621995985507965
628,0.04615418612957001
629,0.046095773577690125
630,0.04603695496916771
631,0.046004414558410645
632,0.04598785936832428
633,0.04597105830907822
634,0.0459333173930645
635,0.04590831324458122
636,0.04586780071258545
637,0.045841433107852936
638,0.04581623524427414
639,0.04577814042568207
640,0.045727912336587906
641,0.04567459225654602
642,0.045636869966983795
643,0.04558635503053665
644,0.04568575695157051
645,0.045553065836429596
646,0.04553132504224777
647,0.045504920184612274
648,0.045472800731658936
649,0.04544035345315933
650,0.04539666324853897
651,0.04534053057432175
652,0.045289188623428345
653,0.04526200145483017
654,0.04524792730808258
655,0.04522786661982536
656,0.0452083945274353
657,0.0451851524412632
658,0.04515758901834488
659,0.04511405527591705
660,0.045052461326122284
661,0.04498515650629997
662,0.044928692281246185
663,0.04484628513455391
664,0.04479284957051277
665,0.04473436623811722
666,0.0446859747171402
667,0.04464028775691986
668,0.04461110755801201
669,0.04457538202404976
670,0.04453765228390694
671,0.04450017586350441
672,0.04447218030691147
673,0.04442733898758888
674,0.0443759560585022
675,0.044322419911623
676,0.0442957803606987
677,0.04425409808754921
678,0.04422583803534508
679,0.04420403391122818
680,0.04417213052511215
681,0.0441163033246994
682,0.04431062191724777
683,0.04406077787280083
684,0.04403397813439369
685,0.04402028024196625
686,0.04400698095560074
687,0.043987639248371124
688,0.043941982090473175
689,0.04395240545272827
690,0.043872252106666565
691,0.04384934902191162
692,0.043826084583997726
693,0.0437939390540123
694,0.043769486248493195
695,0.04373355954885483
696,0.043709248304367065
697,0.04367942735552788
698,0.043640654534101486
699,0.04357326775789261
700,0.04475504532456398
701,0.04354684799909592
702,0.0434742346405983
703,0.0434512160718441
704,0.04342028126120567
705,0.0433872751891613
706,0.04335268586874008
707,0.04331585019826889
708,0.04326832294464111
709,0.043222758919000626
710,0.04318666085600853
711,0.04312102869153023
712,0.043043892830610275
713,0.042988747358322144
714,0.04295085743069649
715,0.042913638055324554
716,0.042870379984378815
717,0.04282928630709648
718,0.04279683157801628
719,0.042766135185956955
720,0.04271766170859337
721,0.04271657392382622
722,0.042646512389183044
723,0.042624928057193756
724,0.042602453380823135
725,0.04257342219352722
726,0.042529765516519547
727,0.042587291449308395
728,0.04246870428323746
729,0.04244295507669449
730,0.04242119565606117
731,0.04239761829376221
732,0.042361896485090256
733,0.042292021214962006
734,0.04241301119327545
735,0.042200665920972824
736,0.04216838255524635
737,0.04214928671717644
738,0.042130619287490845
739,0.042111217975616455
740,0.04209169000387192
741,0.0420663021504879
742,0.04204549267888069
743,0.04202025756239891
744,0.041988544166088104
745,0.04195592552423477
746,0.041931431740522385
747,0.041896045207977295
748,0.04187287762761116
749,0.04185671731829643
750,0.04180821776390076
751,0.041784513741731644
752,0.04174811765551567
753,0.04169220104813576
754,0.04160372540354729
755,0.04151875525712967
756,0.041452620178461075
757,0.04141742363572121
758,0.04137943685054779
759,0.041344646364450455
760,0.041316039860248566
761,0.041276246309280396
762,0.04123947024345398
763,0.041212864220142365
764,0.04118702560663223
765,0.04116065055131912
766,0.041120488196611404
767,0.04107319936156273
768,0.04103631526231766
769,0.04099848121404648
770,0.040975671261548996
771,0.04093049466609955
772,0.04085144028067589
773,0.04079671949148178
774,0.0407581590116024
775,0.040731094777584076
776,0.04071000963449478
777,0.040673576295375824
778,0.04066060110926628
779,0.040609877556562424
780,0.040583882480859756
781,0.04056454449892044
782,0.04054030776023865
783,0.040499672293663025
784,0.040492746978998184
785,0.04043535888195038
786,0.040410492569208145
787,0.04039236158132553
788,0.04037023335695267
789,0.04033057764172554
790,0.04036303982138634
791,0.04027916491031647
792,0.0402618832886219
793,0.04024960473179817
794,0.0402354970574379
795,0.040215443819761276
796,0.040190618485212326
797,0.040147315710783005
798,0.04009215906262398
799,0.040043655782938004
800,0.040009673684835434
801,0.03997703269124031
802,0.039937976747751236
803,0.03990732505917549
804,0.0398561917245388
805,0.039792705327272415
806,0.03971116617321968
807,0.03965557739138603
808,0.03956933692097664
809,0.03951139748096466
810,0.03947228565812111
811,0.039429716765880585
812,0.039398856461048126
813,0.039372242987155914
814,0.03932708129286766
815,0.03935921937227249
816,0.0392560139298439
817,0.03922877833247185
818,0.03920542448759079
819,0.0391794890165329
820,0.03914094343781471
821,0.03910452872514725
822,0.03907781094312668
823,0.039056986570358276
824,0.03903935104608536
825,0.039015572518110275
826,0.03899020329117775
827,0.0389714390039444
828,0.03894785791635513
829,0.03892294690012932
830,0.03888353332877159
831,0.03884709253907204
832,0.03881441801786423
833,0.03879240155220032
834,0.038756970316171646
835,0.038721464574337006
836,0.038677848875522614
837,0.038683779537677765
838,0.03861154615879059
839,0.03858882188796997
840,0.03857136517763138
841,0.03854915872216225
842,0.03850991278886795
843,0.03878326341509819
844,0.038463398814201355
845,0.03843266889452934
846,0.03841637447476387
847,0.03840000927448273
848,0.03838016092777252
849,0.03834179416298866
850,0.03830121457576752
851,0.038272399455308914
852,0.03825085982680321
853,0.0382351353764534
854,0.03819712623953819
855,0.0383584164083004
856,0.03814848139882088
857,0.03812678903341293
858,0.0381142720580101
859,0.03809677064418793
860,0.038066960871219635
861,0.03801630437374115
862,0.038091689348220825
863,0.03796115517616272
864,0.03794156014919281
865,0.03792834281921387
866,0.03791380301117897
867,0.037890706211328506
868,0.0378449484705925
869,0.03781440109014511
870,0.03775518387556076
871,0.037725210189819336
872,0.0376909114420414
873,0.03766268119215965
874,0.03765423968434334
875,0.037613384425640106
876,0.037589266896247864
877,0.03756704181432724
878,0.03754221275448799
879,0.03753483667969704
880,0.03750414028763771
881,0.0374886728823185
882,0.03747270256280899
883,0.03745000809431076
884,0.03740662708878517
885,0.03735533729195595
886,0.03729921951889992
887,0.037270382046699524
888,0.03723958507180214
889,0.0372200682759285
890,0.037194427102804184
891,0.037194058299064636
892,0.03716127946972847
893,0.037146542221307755
894,0.03713567554950714
895,0.03712303936481476
896,0.03709849715232849
897,0.037071458995342255
898,0.03703046217560768
899,0.03700750321149826
900,0.03697550296783447
901,0.03694163262844086
902,0.03689519688487053
903,0.03684121370315552
904,0.03681392967700958
905,0.03678048774600029
906,0.03674711287021637
907,0.036689694970846176
908,0.03664131835103035
909,0.03662116825580597
910,0.03659315034747124
911,0.0365755632519722
912,0.036555878818035126
913,0.036521244794130325
914,0.03648284077644348
915,0.036583177745342255
916,0.036449167877435684
917,0.036433540284633636
918,0.03642362728714943
919,0.03641212359070778
920,0.03639645501971245
921,0.03636622056365013
922,0.0363452285528183
923,0.03629545867443085
924,0.03626673296093941
925,0.03623766452074051
926,0.03620954975485802
927,0.03617170453071594
928,0.03615126386284828
929,0.036104414612054825
930,0.03607229143381119
931,0.03604855388402939
932,0.03601893037557602
933,0.03599311783909798
934,0.03593989834189415
935,0.03590978682041168
936,0.035889748483896255
937,0.03587304800748825
938,0.035842545330524445
939,0.035792283713817596
940,0.035827022045850754
941,0.03574243187904358
942,0.035727083683013916
943,0.03571335971355438
944,0.035694900900125504
945,0.03569181635975838
946,0.0356660820543766
947,0.0356534868478775
948,0.035643503069877625
949,0.035632818937301636
950,0.03561270982027054
951,0.035574961453676224
952,0.035546012222766876
953,0.035490818321704865
954,0.03545667231082916
955,0.035430703312158585
956,0.035415079444646835
957,0.0353960320353508
958,0.03535740450024605
959,0.03529975563287735
960,0.03524913266301155
961,0.035230834037065506
962,0.03521045297384262
963,0.03519723564386368
964,0.03518496826291084
965,0.035167496651411057
966,0.0351448617875576
967,0.03512176126241684
968,0.03509606420993805
969,0.035067785531282425
970,0.03503763675689697
971,0.03500250726938248
972,0.0349745899438858
973,0.034946806728839874
974,0.03490821272134781
975,0.03488180786371231
976,0.034858886152505875
977,0.03483445569872856
978,0.03480115532875061
979,0.03476397320628166
980,0.03471999242901802
981,0.03477085009217262
982,0.03466412052512169
983,0.03464140370488167
984,0.03462057560682297
985,0.034598082304000854
986,0.03457142040133476
987,0.03465934470295906
988,0.03454006463289261
989,0.03452463820576668
990,0.03451275825500488
991,0.03449840471148491
992,0.034477733075618744
993,0.034443482756614685
994,0.034404411911964417
995,0.03438103571534157
996,0.03434784710407257
997,0.03431785851716995
998,0.03431016206741333
999,0.03426787629723549
1000,0.03425680845975876
1001,0.03424514830112457
1002,0.03422459587454796
1003,0.034220919013023376
1004,0.03417515754699707
1005,0.034160204231739044
1006,0.03414755314588547
1007,0.034135088324546814
1008,0.03410892188549042
1009,0.03412311524152756
1010,0.034066032618284225
1011,0.03405170515179634
1012,0.034042101353406906
1013,0.03403225913643837
1014,0.03401410952210426
1015,0.03403830528259277
1016,0.03398272767663002
1017,0.0339663065969944
1018,0.03395189717411995
1019,0.03394138813018799
1020,0.03392569720745087
1021,0.03391942009329796
1022,0.033888816833496094
1023,0.03387165814638138
1024,0.03385516256093979
1025,0.03383595496416092
1026,0.03381352871656418
1027,0.0337819866836071
1028,0.03376471996307373
1029,0.03374388441443443
1030,0.03372696787118912
1031,0.033710893243551254
1032,0.03368021547794342
1033,0.033646099269390106
1034,0.03361670672893524
1035,0.03359202668070793
1036,0.033563412725925446
1037,0.03354032710194588
1038,0.0335112065076828
1039,0.03346383944153786
1040,0.03341049700975418
1041,0.033372703939676285
1042,0.03333982452750206
1043,0.03332049399614334
1044,0.03324926272034645
1045,0.03321664407849312
1046,0.03316085413098335
1047,0.03313396871089935
1048,0.033096570521593094
1049,0.03303859755396843
1050,0.03299888223409653
1051,0.03293575346469879
1052,0.03291657567024231
1053,0.032901085913181305
1054,0.032884977757930756
1055,0.03284554183483124
1056,0.03279769420623779
1057,0.032758697867393494
1058,0.03273816034197807
1059,0.03270632028579712
1060,0.03268425166606903
1061,0.03266429901123047
1062,0.032626815140247345
1063,0.03267106041312218
1064,0.03257055580615997
1065,0.03254679590463638
1066,0.03252648934721947
1067,0.032502882182598114
1068,0.03246142342686653
1069,0.03268137574195862
1070,0.03241654112935066
1071,0.03239027410745621
1072,0.03237750008702278
1073,0.03236402943730354
1074,0.03234381228685379
1075,0.03231446444988251
1076,0.032273270189762115
1077,0.03224635124206543
1078,0.03222500532865524
1079,0.03220599889755249
1080,0.03216782584786415
1081,0.03227981925010681
1082,0.03213284909725189
1083,0.03211621195077896
1084,0.032105475664138794
1085,0.03208962827920914
1086,0.03206402435898781
1087,0.03202623128890991
1088,0.031990766525268555
1089,0.031961098313331604
1090,0.031931519508361816
1091,0.031914278864860535
1092,0.03188119828701019
1093,0.03189583867788315
1094,0.03182169049978256
1095,0.031797632575035095
1096,0.031776998192071915
1097,0.031755007803440094
1098,0.03171961009502411
1099,0.03172209858894348
1100,0.03165574371814728
1101,0.03163062036037445
1102,0.031613562256097794
1103,0.031599920243024826
1104,0.03158002719283104
1105,0.031558193266391754
1106,0.03154001012444496
1107,0.03152184933423996
1108,0.03151147812604904
1109,0.031490080058574677
1110,0.03145746886730194
1111,0.031454261392354965
1112,0.03141479566693306
1113,0.03139745444059372
1114,0.03138028457760811
1115,0.03135615959763527
1116,0.03131645917892456
1117,0.03141511604189873
1118,0.03127212077379227
1119,0.03125378116965294
1120,0.03124120831489563
1121,0.031220674514770508
1122,0.031181789934635162
1123,0.031264737248420715
1124,0.03113142028450966
1125,0.031109169125556946
1126,0.031093362718820572
1127,0.031076494604349136
1128,0.031051576137542725
1129,0.031050600111484528
1130,0.031012803316116333
1131,0.03099782019853592
1132,0.030985280871391296
1133,0.030970394611358643
1134,0.030939403921365738
1135,0.030890442430973053
1136,0.030978696420788765
1137,0.03084545210003853
1138,0.03082761913537979
1139,0.03081272915005684
1140,0.03078913874924183
1141,0.030754126608371735
1142,0.030728958547115326
1143,0.03069225698709488
1144,0.03066672757267952
1145,0.03064364194869995
1146,0.030612589791417122
1147,0.030590064823627472
1148,0.030562354251742363
1149,0.03054451197385788
1150,0.03052385337650776
1151,0.030498871579766273
1152,0.030472200363874435
1153,0.03044472262263298
1154,0.030426502227783203
1155,0.030404699966311455
1156,0.03038560040295124
1157,0.03036666475236416
1158,0.030340231955051422
1159,0.03032117336988449
1160,0.03030289337038994
1161,0.03028375655412674
1162,0.03024858981370926
1163,0.030197501182556152
1164,0.03013344295322895
1165,0.03007868118584156
1166,0.03003278747200966
1167,0.029999375343322754
1168,0.029978089034557343
1169,0.02996678650379181
1170,0.02994566783308983
1171,0.029927585273981094
1172,0.029904132708907127
1173,0.029881354421377182
1174,0.029859866946935654
1175,0.029827404767274857
1176,0.02979847602546215
1177,0.029768265783786774
1178,0.029758568853139877
1179,0.02973322384059429
1180,0.029717622324824333
1181,0.029708800837397575
1182,0.02969934791326523
1183,0.02969573251903057
1184,0.02967527136206627
1185,0.029661115258932114
1186,0.029649076983332634
1187,0.02963973395526409
1188,0.02962237410247326
1189,0.02959137037396431
1190,0.02956196293234825
1191,0.029546253383159637
1192,0.029525240883231163
1193,0.029514238238334656
1194,0.029488839209079742
1195,0.02950866147875786
1196,0.029453830793499947
1197,0.029440712183713913
1198,0.02942591719329357
1199,0.029402924701571465
1200,0.02936401590704918
1201,0.029328443109989166
1202,0.029280873015522957
1203,0.029259510338306427
1204,0.029246414080262184
1205,0.029237650334835052
1206,0.02922862581908703
1207,0.02921135351061821
1208,0.02917814627289772
1209,0.029157517477869987
1210,0.029138192534446716
1211,0.029125716537237167
1212,0.029115354642271996
1213,0.029093008488416672
1214,0.029059085994958878
1215,0.029043741524219513
1216,0.029002226889133453
1217,0.028983330354094505
1218,0.028969742357730865
1219,0.028952088207006454
1220,0.028938323259353638
1221,0.02892351523041725
1222,0.028897544369101524
1223,0.028883865103125572
1224,0.02886183373630047
1225,0.02881905436515808
1226,0.0288198534399271
1227,0.02876344323158264
1228,0.028744515031576157
1229,0.028721287846565247
1230,0.028698813170194626
1231,0.028676670044660568
1232,0.028660407289862633
1233,0.02864343300461769
1234,0.028622876852750778
1235,0.028607375919818878
1236,0.028574414551258087
1237,0.028557654470205307
1238,0.02854064106941223
1239,0.028522145003080368
1240,0.028490981087088585
1241,0.028478868305683136
1242,0.028455255553126335
1243,0.028444508090615273
1244,0.028434857726097107
1245,0.028417889028787613
1246,0.02838856913149357
1247,0.028420070186257362
1248,0.02836049720644951
1249,0.028350746259093285
1250,0.028340574353933334
1251,0.02832585759460926
1252,0.028310224413871765
1253,0.028297115117311478
1254,0.028278537094593048
1255,0.028265060856938362
1256,0.02824941836297512
1257,0.02823258377611637
1258,0.028208928182721138
1259,0.028187798336148262
1260,0.028178434818983078
1261,0.028167013078927994
1262,0.028140099719166756
1263,0.0281243734061718
1264,0.028103945776820183
1265,0.028093986213207245
1266,0.028081627562642097
1267,0.028049355372786522
1268,0.028004024177789688
1269,0.02806706167757511
1270,0.027952030301094055
1271,0.027932364493608475
1272,0.027917401865124702
1273,0.02789991721510887
1274,0.027886582538485527
1275,0.02786354348063469
1276,0.027843954041600227
1277,0.02782447263598442
1278,0.027803201228380203
1279,0.027772197499871254
1280,0.027775295078754425
1281,0.02773990109562874
1282,0.0277311522513628
1283,0.02772129327058792
1284,0.02770959585905075
1285,0.027699057012796402
1286,0.027680734172463417
1287,0.027660932391881943
1288,0.027651680633425713
1289,0.027640260756015778
1290,0.027630232274532318
1291,0.027622781693935394
1292,0.027611402794718742
1293,0.027585279196500778
1294,0.027617627754807472
1295,0.027540775015950203
1296,0.02752356044948101
1297,0.027510344982147217
1298,0.02749798819422722
1299,0.027474060654640198
1300,0.027455966919660568
1301,0.02741377055644989
1302,0.02739787846803665
1303,0.02738083153963089
1304,0.027373097836971283
1305,0.027360621839761734
1306,0.027341853827238083
1307,0.02731970325112343
1308,0.027295870706439018
1309,0.02726360782980919
1310,0.027285337448120117
1311,0.027231406420469284
1312,0.027223842218518257
1313,0.02722008153796196
1314,0.027214601635932922
1315,0.027204515412449837
1316,0.027237433940172195
1317,0.0271887369453907
1318,0.027179943397641182
1319,0.027172356843948364
1320,0.027164727449417114
1321,0.02715439535677433
1322,0.027129942551255226
1323,0.02710842713713646
1324,0.027090437710285187
1325,0.02708011493086815
1326,0.027071163058280945
1327,0.02706039696931839
1328,0.027042077854275703
1329,0.027072185650467873
1330,0.027017230167984962
1331,0.027007456868886948
1332,0.027000071480870247
1333,0.026991963386535645
1334,0.02697940170764923
1335,0.026957184076309204
1336,0.026942690834403038
1337,0.02692747861146927
1338,0.026917316019535065
1339,0.02690805122256279
1340,0.026893705129623413
1341,0.02690713107585907
1342,0.02687210589647293
1343,0.026863496750593185
1344,0.026857420802116394
1345,0.026852237060666084
1346,0.026844080537557602
1347,0.026826655492186546
1348,0.026801854372024536
1349,0.026880312711000443
1350,0.026777654886245728
1351,0.026766255497932434
1352,0.02675970084965229
1353,0.026751842349767685
1354,0.026739876717329025
1355,0.026719912886619568
1356,0.026694543659687042
1357,0.026679836213588715
1358,0.026662876829504967
1359,0.02665204554796219
1360,0.026642227545380592
1361,0.026626331731677055
1362,0.026603855192661285
1363,0.02660028636455536
1364,0.026571806520223618
1365,0.02656080573797226
1366,0.026547828689217567
1367,0.026530086994171143
1368,0.02650989219546318
1369,0.026488209143280983
1370,0.026469677686691284
1371,0.02645963802933693
1372,0.026445334777235985
1373,0.02641965076327324
1374,0.02638986147940159
1375,0.026362892240285873
1376,0.026346325874328613
1377,0.026329798623919487
1378,0.02631959319114685
1379,0.0263015516102314
1380,0.026279626414179802
1381,0.02625421993434429
1382,0.026235762983560562
1383,0.02622178941965103
1384,0.026211071759462357
1385,0.02619747817516327
1386,0.026177799329161644
1387,0.0261528342962265
1388,0.02614947408437729
1389,0.026117559522390366
1390,0.026105046272277832
1391,0.026094777509570122
1392,0.02608342282474041
1393,0.02606460638344288
1394,0.026054145768284798
1395,0.026034336537122726
1396,0.026027077808976173
1397,0.026019534096121788
1398,0.02600698173046112
1399,0.025980543345212936
1400,0.02598835527896881
1401,0.02594367228448391
1402,0.025928856804966927
1403,0.025913164019584656
1404,0.025894522666931152
1405,0.02587391994893551
1406,0.02585703507065773
1407,0.025824256241321564
1408,0.02579706348478794
1409,0.025761334225535393
1410,0.02570578083395958
1411,0.02572043240070343
1412,0.025641322135925293
1413,0.025623956695199013
1414,0.025607671588659286
1415,0.025582358241081238
1416,0.02568398043513298
1417,0.025549475103616714
1418,0.025531502440571785
1419,0.025519851595163345
1420,0.025510922074317932
1421,0.025497613474726677
1422,0.02548324316740036
1423,0.025457683950662613
1424,0.02544208988547325
1425,0.0254269540309906
1426,0.025410763919353485
1427,0.025392379611730576
1428,0.025378795340657234
1429,0.02536606416106224
1430,0.025353042408823967
1431,0.02533068135380745
1432,0.02530207298696041
1433,0.02527681738138199
1434,0.025252867490053177
1435,0.02522965706884861
1436,0.02521170862019062
1437,0.02517847716808319
1438,0.02513870969414711
1439,0.025090627372264862
1440,0.025057459250092506
1441,0.02502918615937233
1442,0.025016743689775467
1443,0.024992384016513824
1444,0.024961143732070923
1445,0.024930216372013092
1446,0.024880001321434975
1447,0.02495921030640602
1448,0.024845730513334274
1449,0.024831119924783707
1450,0.024821868166327477
1451,0.02481013536453247
1452,0.02479170449078083
1453,0.02476165071129799
1454,0.02472899854183197
1455,0.024706434458494186
1456,0.024681737646460533
1457,0.024664901196956635
1458,0.024650461971759796
1459,0.024634715169668198
1460,0.02460295334458351
1461,0.02455681748688221
1462,0.02452048286795616
1463,0.024497780948877335
1464,0.02448250539600849
1465,0.02445828914642334
1466,0.024433080106973648
1467,0.024415671825408936
1468,0.024388711899518967
1469,0.024365156888961792
1470,0.024338610470294952
1471,0.024315768852829933
1472,0.024295298382639885
1473,0.024270247668027878
1474,0.02425326034426689
1475,0.02422642707824707
1476,0.02419673278927803
1477,0.024169111624360085
1478,0.024152062833309174
1479,0.024128319695591927
1480,0.024120941758155823
1481,0.024106938391923904
1482,0.02409229800105095
1483,0.024079468101263046
1484,0.024067599326372147
1485,0.02404789626598358
1486,0.024022512137889862
1487,0.023991219699382782
1488,0.023974642157554626
1489,0.023954423144459724
1490,0.02393534407019615
1491,0.023915406316518784
1492,0.023885473608970642
1493,0.023864157497882843
1494,0.023844050243496895
1495,0.02382565103471279
1496,0.02380470559000969
1497,0.023764854297041893
1498,0.023719724267721176
1499,0.023687832057476044
1500,0.02366447262465954
1501,0.023653291165828705
1502,0.023635152727365494
1503,0.02361455373466015
1504,0.023593049496412277
1505,0.023573728278279305
1506,0.02354726381599903
1507,0.023520253598690033
1508,0.02349753864109516
1509,0.023479627445340157
1510,0.023466479033231735
1511,0.023455461487174034
1512,0.023438934236764908
1513,0.023415779694914818
1514,0.023398231714963913
1515,0.023384470492601395
1516,0.02336687408387661
1517,0.023348234593868256
1518,0.023329434916377068
1519,0.02330322563648224
1520,0.023278377950191498
1521,0.02325655147433281
1522,0.02323203720152378
1523,0.02320181205868721
1524,0.023182593286037445
1525,0.023159446194767952
1526,0.023137453943490982
1527,0.02308865636587143
1528,0.023207517340779305
1529,0.023038798943161964
1530,0.02301713079214096
1531,0.023004688322544098
1532,0.022993499413132668
1533,0.02297423779964447
1534,0.023000329732894897
1535,0.022931603714823723
1536,0.02291109971702099
1537,0.022893453016877174
1538,0.022879622876644135
1539,0.022856231778860092
1540,0.02282794378697872
1541,0.022808272391557693
1542,0.022790931165218353
1543,0.022775083780288696
1544,0.022767269983887672
1545,0.022745300084352493
1546,0.02273547276854515
1547,0.022725114598870277
1548,0.022711336612701416
1549,0.022709783166646957
1550,0.02268114686012268
1551,0.022669289261102676
1552,0.022658631205558777
1553,0.022647909820079803
1554,0.022651566192507744
1555,0.022629056125879288
1556,0.022620797157287598
1557,0.022613659501075745
1558,0.02260780707001686
1559,0.022596802562475204
1560,0.022579122334718704
1561,0.02257346734404564
1562,0.022559570148587227
1563,0.02255311794579029
1564,0.022547662258148193
1565,0.022537847980856895
1566,0.022519202902913094
1567,0.02250499092042446
1568,0.02248721942305565
1569,0.022472236305475235
1570,0.022460538893938065
1571,0.02244585007429123
1572,0.022431781515479088
1573,0.022420329973101616
1574,0.02241281419992447
1575,0.022404856979846954
1576,0.022399485111236572
1577,0.02239212766289711
1578,0.022382186725735664
1579,0.02236783318221569
1580,0.022344302386045456
1581,0.022320901975035667
1582,0.022287799045443535
1583,0.022273985669016838
1584,0.02225639298558235
1585,0.022241229191422462
1586,0.022228442132472992
1587,0.022205311805009842
1588,0.022204674780368805
1589,0.022174127399921417
1590,0.02216329798102379
1591,0.022154461592435837
1592,0.022144289687275887
1593,0.02212490513920784
1594,0.022133471444249153
1595,0.02209559641778469
1596,0.022086407989263535
1597,0.02207931876182556
1598,0.022069595754146576
1599,0.022051846608519554
1600,0.02208002656698227
1601,0.02202846109867096
1602,0.022018980234861374
1603,0.02201148495078087
1604,0.022002890706062317
1605,0.021992892026901245
1606,0.02198219671845436
1607,0.021966250613331795
1608,0.0219615176320076
1609,0.021948860958218575
1610,0.021942930296063423
1611,0.0219351127743721
1612,0.021926235407590866
1613,0.02191375568509102
1614,0.021892109885811806
1615,0.021877599880099297
1616,0.021860938519239426
1617,0.021850481629371643
1618,0.02184075489640236
1619,0.02182449772953987
1620,0.021797653287649155
1621,0.021758729591965675
1622,0.02172136679291725
1623,0.02169405110180378
1624,0.021665183827280998
1625,0.021646928042173386
1626,0.021631645038723946
1627,0.021618779748678207
1628,0.021604906767606735
1629,0.021598326042294502
1630,0.021584562957286835
1631,0.021554019302129745
1632,0.021544789895415306
1633,0.021518591791391373
1634,0.021507984027266502
1635,0.021496128290891647
1636,0.021485507488250732
1637,0.021466940641403198
1638,0.021446239203214645
1639,0.02143045887351036
1640,0.021417472511529922
1641,0.021407101303339005
1642,0.02139335870742798
1643,0.021376941353082657
1644,0.021357309073209763
1645,0.021341539919376373
1646,0.021317925304174423
1647,0.021302498877048492
1648,0.021268973127007484
1649,0.021257156506180763
1650,0.021244864910840988
1651,0.02122526429593563
1652,0.021191932260990143
1653,0.021162845194339752
1654,0.021137185394763947
1655,0.021122176200151443
1656,0.021107599139213562
1657,0.02109769731760025
1658,0.02108282968401909
1659,0.021063435822725296
1660,0.02104950323700905
1661,0.0210344810038805
1662,0.021027667447924614
1663,0.021023711189627647
1664,0.021010592579841614
1665,0.02100137621164322
1666,0.020986706018447876
1667,0.020996978506445885
1668,0.020964233204722404
1669,0.020954713225364685
1670,0.02094564400613308
1671,0.02093532681465149
1672,0.020918920636177063
1673,0.02088285982608795
1674,0.020859478041529655
1675,0.020845167338848114
1676,0.020837515592575073
1677,0.020830510184168816
1678,0.020821325480937958
1679,0.020825902000069618
1680,0.02080511674284935
1681,0.02079559490084648
1682,0.020787661895155907
1683,0.020781882107257843
1684,0.02077285200357437
1685,0.02075379714369774
1686,0.020733851939439774
1687,0.02071518637239933
1688,0.020704351365566254
1689,0.020686328411102295
1690,0.02067524567246437
1691,0.020661966875195503
1692,0.020646972581744194
1693,0.02063329890370369
1694,0.020622899755835533
1695,0.020621687173843384
1696,0.020610405132174492
1697,0.020602818578481674
1698,0.02059425227344036
1699,0.020586300641298294
1700,0.020574165508151054
1701,0.020573250949382782
1702,0.020547473803162575
1703,0.020536793395876884
1704,0.020526248961687088
1705,0.020514080300927162
1706,0.02049294114112854
1707,0.02048339694738388
1708,0.02046194300055504
1709,0.020452415570616722
1710,0.02044542133808136
1711,0.020435843616724014
1712,0.020422063767910004
1713,0.0204063318669796
1714,0.02040107548236847
1715,0.020388759672641754
1716,0.02038179524242878
1717,0.020376035943627357
1718,0.02036605030298233
1719,0.02034633420407772
1720,0.020326504483819008
1721,0.02031836286187172
1722,0.020302418619394302
1723,0.020292147994041443
1724,0.020283859223127365
1725,0.02027050219476223
1726,0.020245883613824844
1727,0.02021573670208454
1728,0.02019183337688446
1729,0.020163219422101974
1730,0.020145446062088013
1731,0.020124536007642746
1732,0.02012418769299984
1733,0.020100228488445282
1734,0.02009047009050846
1735,0.02008499577641487
1736,0.020078809931874275
1737,0.02006247639656067
1738,0.02003796584904194
1739,0.02001873590052128
1740,0.019998691976070404
1741,0.01998204179108143
1742,0.019970642402768135
1743,0.019957881420850754
1744,0.019938617944717407
1745,0.019932949915528297
1746,0.01991414465010166
1747,0.01990518346428871
1748,0.019896332174539566
1749,0.019893351942300797
1750,0.019879190251231194
1751,0.0198700912296772
1752,0.019860554486513138
1753,0.01985178515315056
1754,0.01983635127544403
1755,0.0198315791785717
1756,0.019808003678917885
1757,0.01979845017194748
1758,0.019789626821875572
1759,0.01977791264653206
1760,0.01975766196846962
1761,0.019882837310433388
1762,0.019739504903554916
1763,0.019727960228919983
1764,0.01972263492643833
1765,0.019717108458280563
1766,0.019710199907422066
1767,0.019710460677742958
1768,0.019699612632393837
1769,0.019695285707712173
1770,0.019691426306962967
1771,0.019687402993440628
1772,0.019679918885231018
1773,0.019667210057377815
1774,0.019716549664735794
1775,0.01965172402560711
1776,0.01964290253818035
1777,0.019636817276477814
1778,0.01963077485561371
1779,0.019623981788754463
1780,0.019612975418567657
1781,0.019617706537246704
1782,0.019599486142396927
1783,0.019595012068748474
1784,0.0195907074958086
1785,0.019585242494940758
1786,0.019578073173761368
1787,0.019568849354982376
1788,0.019561629742383957
1789,0.019550636410713196
1790,0.019543882459402084
1791,0.019534528255462646
1792,0.019518785178661346
1793,0.019497916102409363
1794,0.019476689398288727
1795,0.019466357305645943
1796,0.01945384033024311
1797,0.01944633573293686
1798,0.019431021064519882
1799,0.019417492672801018
1800,0.019405923783779144
1801,0.019396021962165833
1802,0.019391052424907684
1803,0.019388502463698387
1804,0.01937713474035263
1805,0.019368639215826988
1806,0.019360631704330444
1807,0.019353486597537994
1808,0.019339285790920258
1809,0.01932326890528202
1810,0.01930617168545723
1811,0.01929769665002823
1812,0.019282810389995575
1813,0.019271383062005043
1814,0.0192562248557806
1815,0.019241759553551674
1816,0.019232716411352158
1817,0.019221661612391472
1818,0.019213568419218063
1819,0.019203081727027893
1820,0.019199497997760773
1821,0.019185245037078857
1822,0.01917945221066475
1823,0.01917465589940548
1824,0.019167033955454826
1825,0.019148819148540497
1826,0.019125688821077347
1827,0.019110409542918205
1828,0.019098196178674698
1829,0.019085057079792023
1830,0.01907716691493988
1831,0.01906765066087246
1832,0.01905849575996399
1833,0.019047237932682037
1834,0.019041547551751137
1835,0.019035181030631065
1836,0.019025448709726334
1837,0.019022155553102493
1838,0.019009871408343315
1839,0.019004730507731438
1840,0.018997490406036377
1841,0.018989240750670433
1842,0.018979551270604134
1843,0.01896671950817108
1844,0.018951036036014557
1845,0.01893666945397854
1846,0.0189469326287508
1847,0.018919408321380615
1848,0.01891314797103405
1849,0.018906543031334877
1850,0.01889677904546261
1851,0.01888398267328739
1852,0.018873222172260284
1853,0.018863683566451073
1854,0.018854377791285515
1855,0.018845833837985992
1856,0.01883780211210251
1857,0.018830491229891777
1858,0.018819890916347504
1859,0.018810538575053215
1860,0.018794044852256775
1861,0.01881979964673519
1862,0.018770355731248856
1863,0.018761910498142242
1864,0.018756050616502762
1865,0.018749559298157692
1866,0.018736477941274643
1867,0.018718592822551727
1868,0.01870175637304783
1869,0.018690895289182663
1870,0.01867786981165409
1871,0.018668849021196365
1872,0.018658993765711784
1873,0.01864904910326004
1874,0.018642809242010117
1875,0.018635014072060585
1876,0.018624672666192055
1877,0.01860816404223442
1878,0.018596161156892776
1879,0.018581461161375046
1880,0.01857171207666397
1881,0.018561307340860367
1882,0.01855533756315708
1883,0.018541233614087105
1884,0.01853170618414879
1885,0.01852414757013321
1886,0.01851612515747547
1887,0.018502522259950638
1888,0.018490802496671677
1889,0.018479550257325172
1890,0.018471525982022285
1891,0.018464194610714912
1892,0.018453489989042282
1893,0.018438050523400307
1894,0.018424103036522865
1895,0.018411412835121155
1896,0.0183932576328516
1897,0.01838414929807186
1898,0.01837068982422352
1899,0.01835056021809578
1900,0.018372168764472008
1901,0.018319956958293915
1902,0.018308792263269424
1903,0.018299179151654243
1904,0.01828894205391407
1905,0.018279556185007095
1906,0.018270481377840042
1907,0.01826108992099762
1908,0.01825430989265442
1909,0.018260391429066658
1910,0.018245995044708252
1911,0.018242433667182922
1912,0.018238484859466553
1913,0.01823347434401512
1914,0.01822620816528797
1915,0.018212221562862396
1916,0.018243005499243736
1917,0.01819334179162979
1918,0.018185622990131378
1919,0.018180251121520996
1920,0.01817401312291622
1921,0.018162801861763
1922,0.018143709748983383
1923,0.018159814178943634
1924,0.018121302127838135
1925,0.018112901598215103
1926,0.018107585608959198
1927,0.018102232366800308
1928,0.01809387467801571
1929,0.018076371401548386
1930,0.01805419847369194
1931,0.018040791153907776
1932,0.01802738755941391
1933,0.018017122521996498
1934,0.018011875450611115
1935,0.018002914264798164
1936,0.017988285049796104
1937,0.017983393743634224
1938,0.017969731241464615
1939,0.017964575439691544
1940,0.01796148531138897
1941,0.017957426607608795
1942,0.017948368564248085
1943,0.017963798716664314
1944,0.017935244366526604
1945,0.01792980544269085
1946,0.017925681546330452
1947,0.017920801416039467
1948,0.01791379041969776
1949,0.01793217472732067
1950,0.017906565219163895
1951,0.017903367057442665
1952,0.017900768667459488
1953,0.017897149547934532
1954,0.01789173111319542
1955,0.017882386222481728
1956,0.017865028232336044
1957,0.01786622405052185
1958,0.017840685322880745
1959,0.017833422869443893
1960,0.017828578129410744
1961,0.01782314106822014
1962,0.01781279593706131
1963,0.017799951136112213
1964,0.017788182944059372
1965,0.01777482219040394
1966,0.017761558294296265
1967,0.01774165779352188
1968,0.017724180594086647
1969,0.017714956775307655
1970,0.017704853788018227
1971,0.01769816316664219
1972,0.017689667642116547
1973,0.01767474040389061
1974,0.01765892654657364
1975,0.017646722495555878
1976,0.017637167125940323
1977,0.017654210329055786
1978,0.017625275999307632
1979,0.017620516940951347
1980,0.01761614717543125
1981,0.017610546201467514
1982,0.017602646723389626
1983,0.017601491883397102
1984,0.01759028248488903
1985,0.017586292698979378
1986,0.01758299022912979
1987,0.017579015344381332
1988,0.017570437863469124
1989,0.017572320997714996
1990,0.01755489595234394
1991,0.01754903234541416
1992,0.017542220652103424
1993,0.017534492537379265
1994,0.017527807503938675
1995,0.017519500106573105
1996,0.017513565719127655
1997,0.017509274184703827
1998,0.017504051327705383
1999,0.017492836341261864
2000,0.017536059021949768
2001,0.017481854185461998
2002,0.017476022243499756
2003,0.017472663894295692
2004,0.017468499019742012
2005,0.01746167242527008
2006,0.017448406666517258
2007,0.017497947439551353
2008,0.017433959990739822
2009,0.017426785081624985
2010,0.017421502619981766
2011,0.01741308718919754
2012,0.017405854538083076
2013,0.017395853996276855
2014,0.017387814819812775
2015,0.017380720004439354
2016,0.017377985641360283
2017,0.017370659857988358
2018,0.017364853993058205
2019,0.017358265817165375
2020,0.017350923269987106
2021,0.017337871715426445
2022,0.01732046902179718
2023,0.017307881265878677
2024,0.017297154292464256
2025,0.017286933958530426
2026,0.01728053018450737
2027,0.01726818084716797
2028,0.01724972203373909
2029,0.017243828624486923
2030,0.017220791429281235
2031,0.017209338024258614
2032,0.017199303954839706
2033,0.017190106213092804
2034,0.017177850008010864
2035,0.017154911532998085
2036,0.017136162146925926
2037,0.017123950645327568
2038,0.017116937786340714
2039,0.017106905579566956
2040,0.017095491290092468
2041,0.017080694437026978
2042,0.017060989513993263
2043,0.017046425491571426
2044,0.01703375205397606
2045,0.01702437549829483
2046,0.017017507925629616
2047,0.017003558576107025
2048,0.016988633200526237
2049,0.01697692833840847
2050,0.016966786235570908
2051,0.016958583146333694
2052,0.016941532492637634
2053,0.01691492088139057
2054,0.016924234107136726
2055,0.016892507672309875
2056,0.016886020079255104
2057,0.016881801187992096
2058,0.016876520588994026
2059,0.016864756122231483
2060,0.01685270294547081
2061,0.016829341650009155
2062,0.016816293820738792
2063,0.016805587336421013
2064,0.01679716259241104
2065,0.016778070479631424
2066,0.016784368082880974
2067,0.016751613467931747
2068,0.016744378954172134
2069,0.016738135367631912
2070,0.01672724075615406
2071,0.016704829409718513
2072,0.016693515703082085
2073,0.0166724044829607
2074,0.0166623517870903
2075,0.01665501855313778
2076,0.016641953960061073
2077,0.016651242971420288
2078,0.01661764085292816
2079,0.01660938933491707
2080,0.01660287007689476
2081,0.01659531705081463
2082,0.016581520438194275
2083,0.016592424362897873
2084,0.016561677679419518
2085,0.016554206609725952
2086,0.016546551138162613
2087,0.016537778079509735
2088,0.016527708619832993
2089,0.01652991771697998
2090,0.01651492342352867
2091,0.016510022804141045
2092,0.01650584116578102
2093,0.01650051958858967
2094,0.01649201288819313
2095,0.016477834433317184
2096,0.016486121341586113
2097,0.016459230333566666
2098,0.016453159973025322
2099,0.016447538509964943
2100,0.016439475119113922
2101,0.016427794471383095
2102,0.0164137315005064
2103,0.016403647139668465
2104,0.01638970896601677
2105,0.016380619257688522
2106,0.016370784491300583
2107,0.016363151371479034
2108,0.01635592058300972
2109,0.01635107584297657
2110,0.016347773373126984
2111,0.016341211274266243
2112,0.016326962038874626
2113,0.016314448788762093
2114,0.01630200445652008
2115,0.016293125227093697
2116,0.016283009201288223
2117,0.01627097837626934
2118,0.01624719798564911
2119,0.01631111465394497
2120,0.016218116506934166
2121,0.01620529033243656
2122,0.01619790494441986
2123,0.01619095914065838
2124,0.016180047765374184
2125,0.016177598387002945
2126,0.016160061582922935
2127,0.01615324430167675
2128,0.016147637739777565
2129,0.016140667721629143
2130,0.01612408086657524
2131,0.01613907516002655
2132,0.01610669493675232
2133,0.016101276502013206
2134,0.016096901148557663
2135,0.016089878976345062
2136,0.016079537570476532
2137,0.016071658581495285
2138,0.016058988869190216
2139,0.01605190895497799
2140,0.01604604162275791
2141,0.016040442511439323
2142,0.016029033809900284
2143,0.016022156924009323
2144,0.016004713252186775
2145,0.015994133427739143
2146,0.015986764803528786
2147,0.015979809686541557
2148,0.01596556045114994
2149,0.015958236530423164
2150,0.015935704112052917
2151,0.015927087515592575
2152,0.015917453914880753
2153,0.015911104157567024
2154,0.01590416580438614
2155,0.015895942226052284
2156,0.015879571437835693
2157,0.015863429754972458
2158,0.01586844213306904
2159,0.01584344357252121
2160,0.015836190432310104
2161,0.01582854986190796
2162,0.015821004286408424
2163,0.015814034268260002
2164,0.015803741291165352
2165,0.0157957561314106
2166,0.015783894807100296
2167,0.01577151194214821
2168,0.015755219385027885
2169,0.015740174800157547
2170,0.01572686806321144
2171,0.01571592502295971
2172,0.015708236023783684
2173,0.01569932885468006
2174,0.01569126918911934
2175,0.015680933371186256
2176,0.015676066279411316
2177,0.0156661719083786
2178,0.015657885000109673
2179,0.015648044645786285
2180,0.015640361234545708
2181,0.015632644295692444
2182,0.01562667451798916
2183,0.015618959441781044
2184,0.015607330948114395
2185,0.015636159107089043
2186,0.015594113618135452
2187,0.015587280504405499
2188,0.01558208279311657
2189,0.015576659701764584
2190,0.015568315982818604
2191,0.015555527061223984
2192,0.015544789843261242
2193,0.015539659187197685
2194,0.015532978810369968
2195,0.015526995062828064
2196,0.015517866238951683
2197,0.015510957688093185
2198,0.015506289899349213
2199,0.015499846078455448
2200,0.015496696345508099
2201,0.01548916008323431
2202,0.015479512512683868
2203,0.015506449155509472
2204,0.015468312427401543
2205,0.015462839975953102
2206,0.015458453446626663
2207,0.01545286737382412
2208,0.015445053577423096
2209,0.015429623425006866
2210,0.015432827174663544
2211,0.015407877042889595
2212,0.015400875359773636
2213,0.015393643639981747
2214,0.01538677979260683
2215,0.01538010686635971
2216,0.015375392511487007
2217,0.01536387950181961
2218,0.01535414345562458
2219,0.01534566842019558
2220,0.015331881120800972
2221,0.015322321094572544
2222,0.015314090996980667
2223,0.015308694913983345
2224,0.015299461781978607
2225,0.015284059569239616
2226,0.015289707109332085
2227,0.01526477187871933
2228,0.015259034000337124
2229,0.015254423022270203
2230,0.0152486152946949
2231,0.015242856927216053
2232,0.015231503173708916
2233,0.015222374349832535
2234,0.015215514227747917
2235,0.0152096813544631
2236,0.015196637250483036
2237,0.015182651579380035
2238,0.015168914571404457
2239,0.015159742906689644
2240,0.015152799896895885
2241,0.015144753269851208
2242,0.015136510133743286
2243,0.015126320533454418
2244,0.015127573162317276
2245,0.015119126997888088
2246,0.015116473659873009
2247,0.015112821012735367
2248,0.015107141807675362
2249,0.015099011361598969
2250,0.015097195282578468
2251,0.015084836632013321
2252,0.015079107135534286
2253,0.01507317554205656
2254,0.015066038817167282
2255,0.015054699033498764
2256,0.015040560625493526
2257,0.015032267197966576
2258,0.015024335123598576
2259,0.015019599348306656
2260,0.015016192570328712
2261,0.015010660514235497
2262,0.015000518411397934
2263,0.015029102563858032
2264,0.014989158138632774
2265,0.014984169974923134
2266,0.014981289394199848
2267,0.014977892860770226
2268,0.014973023906350136
2269,0.01496801245957613
2270,0.014959687367081642
2271,0.014951687306165695
2272,0.014944369904696941
2273,0.014938241802155972
2274,0.014927388168871403
2275,0.014911775477230549
2276,0.014899393543601036
2277,0.01489192433655262
2278,0.014884572476148605
2279,0.014877501875162125
2280,0.014874478802084923
2281,0.01486129965633154
2282,0.01485431008040905
2283,0.014848156832158566
2284,0.014842843636870384
2285,0.014840757474303246
2286,0.014834143221378326
2287,0.014830322936177254
2288,0.014827100560069084
2289,0.014823921024799347
2290,0.014818361029028893
2291,0.014811907894909382
2292,0.014807081781327724
2293,0.014799770899116993
2294,0.014795558527112007
2295,0.014791641384363174
2296,0.014787914231419563
2297,0.014781944453716278
2298,0.014778820797801018
2299,0.014773374423384666
2300,0.014767223037779331
2301,0.014759063720703125
2302,0.014753691852092743
2303,0.014747319743037224
2304,0.014741232618689537
2305,0.014735836535692215
2306,0.014727935194969177
2307,0.014718743972480297
2308,0.014711864292621613
2309,0.014705590903759003
2310,0.014700054191052914
2311,0.014693308621644974
2312,0.014685837551951408
2313,0.014673804864287376
2314,0.014663111418485641
2315,0.014648400247097015
2316,0.014636674895882607
2317,0.014623812399804592
2318,0.014614548534154892
2319,0.014606840908527374
2320,0.01459698099642992
2321,0.014587579295039177
2322,0.014594433829188347
2323,0.014580789022147655
2324,0.014577468857169151
2325,0.014573934487998486
2326,0.01456836424767971
2327,0.014559066854417324
2328,0.014545133337378502
2329,0.014555804431438446
2330,0.014532383531332016
2331,0.014528390020132065
2332,0.01452548336237669
2333,0.014521308243274689
2334,0.014514624141156673
2335,0.014505199156701565
2336,0.014495802111923695
2337,0.014488604851067066
2338,0.014477498829364777
2339,0.01447448879480362
2340,0.014469758607447147
2341,0.014465391635894775
2342,0.014460274018347263
2343,0.01445561833679676
2344,0.014449018985033035
2345,0.014442771673202515
2346,0.014435699209570885
2347,0.014432583935558796
2348,0.014429057016968727
2349,0.014426566660404205
2350,0.014423806220293045
2351,0.01441839337348938
2352,0.014411062002182007
2353,0.014402005821466446
2354,0.01439838856458664
2355,0.014389203861355782
2356,0.014385608024895191
2357,0.01438223198056221
2358,0.014376956038177013
2359,0.014371635392308235
2360,0.01436397060751915
2361,0.014358151704072952
2362,0.01435266062617302
2363,0.014349234290421009
2364,0.014345385134220123
2365,0.014340424910187721
2366,0.014332013204693794
2367,0.014323016628623009
2368,0.014313716441392899
2369,0.014307981356978416
2370,0.014304284937679768
2371,0.014299685135483742
2372,0.014293527230620384
2373,0.014287536963820457
2374,0.014283416792750359
2375,0.014278950169682503
2376,0.014275851659476757
2377,0.014273595996201038
2378,0.014269882813096046
2379,0.014264605939388275
2380,0.014257263392210007
2381,0.014255808666348457
2382,0.014243110083043575
2383,0.014237669296562672
2384,0.014231231063604355
2385,0.01422489807009697
2386,0.014214291237294674
2387,0.014223441481590271
2388,0.014198257587850094
2389,0.014192739501595497
2390,0.014187488704919815
2391,0.014181958511471748
2392,0.014178385026752949
2393,0.01416971255093813
2394,0.014162564650177956
2395,0.014156244695186615
2396,0.014150988310575485
2397,0.014142002910375595
2398,0.014137905091047287
2399,0.014127173461019993
2400,0.014123249799013138
2401,0.014119772240519524
2402,0.0141152860596776
2403,0.014109291136264801
2404,0.014103414490818977
2405,0.014098829589784145
2406,0.01409390289336443
2407,0.014091362245380878
2408,0.014086911454796791
2409,0.014085975475609303
2410,0.014079542830586433
2411,0.014076601713895798
2412,0.014073704369366169
2413,0.01407004613429308
2414,0.014065559022128582
2415,0.014060594141483307
2416,0.014051994308829308
2417,0.014047066681087017
2418,0.014043006114661694
2419,0.014038852415978909
2420,0.014035281725227833
2421,0.014030208811163902
2422,0.014028253965079784
2423,0.014022002927958965
2424,0.014018826186656952
2425,0.01401565968990326
2426,0.014011956751346588
2427,0.014012753963470459
2428,0.014005832374095917
2429,0.014003104530274868
2430,0.01400069985538721
2431,0.013998516835272312
2432,0.013994348235428333
2433,0.013985755853354931
2434,0.013980085030198097
2435,0.013973947614431381
2436,0.01396973617374897
2437,0.013966245576739311
2438,0.01396000012755394
2439,0.013951409608125687
2440,0.013941831886768341
2441,0.013932520523667336
2442,0.013925408944487572
2443,0.013921283185482025
2444,0.013916034251451492
2445,0.01391175203025341
2446,0.013906631618738174
2447,0.013901161961257458
2448,0.013895455747842789
2449,0.013885565102100372
2450,0.013876181095838547
2451,0.013867703266441822
2452,0.013862652704119682
2453,0.013856112957000732
2454,0.013848998583853245
2455,0.013841457664966583
2456,0.013832617551088333
2457,0.013822694309055805
2458,0.013815995305776596
2459,0.013810524716973305
2460,0.013800980523228645
2461,0.013791101984679699
2462,0.013780956156551838
2463,0.013771715573966503
2464,0.0137611273676157
2465,0.013751526363193989
2466,0.013742269948124886
2467,0.013736525550484657
2468,0.013728447258472443
2469,0.013722124509513378
2470,0.01371164433658123
2471,0.013702496886253357
2472,0.013696897774934769
2473,0.01368967816233635
2474,0.01368523109704256
2475,0.013677885755896568
2476,0.013666735962033272
2477,0.013654550537467003
2478,0.0136380884796381
2479,0.013627863489091396
2480,0.013614324852824211
2481,0.01360728032886982
2482,0.013603758066892624
2483,0.013590091839432716
2484,0.013583002611994743
2485,0.013570182025432587
2486,0.013565251603722572
2487,0.013552367687225342
2488,0.013546830043196678
2489,0.013540821149945259
2490,0.013533487915992737
2491,0.013525044545531273
2492,0.01352023147046566
2493,0.013512304052710533
2494,0.01350582204759121
2495,0.013501805253326893
2496,0.013497109524905682
2497,0.0135049344971776
2498,0.013489351607859135
2499,0.0134851960465312
2500,0.013480914756655693
2501,0.013476898893713951
2502,0.013471262529492378
2503,0.01345998514443636
2504,0.013448027893900871
2505,0.01343960128724575
2506,0.013432219624519348
2507,0.013427283614873886
2508,0.013423111289739609
2509,0.013418162241578102
2510,0.013415821827948093
2511,0.013413004577159882
2512,0.013409795239567757
2513,0.01340421661734581
2514,0.013408536091446877
2515,0.01339651644229889
2516,0.013393347151577473
2517,0.013391394168138504
2518,0.013389907777309418
2519,0.013387411832809448
2520,0.013385855592787266
2521,0.013381129130721092
2522,0.013377600349485874
2523,0.013374699279665947
2524,0.013371420092880726
2525,0.013365434482693672
2526,0.013378003612160683
2527,0.013357184827327728
2528,0.013353673741221428
2529,0.013351133093237877
2530,0.013348370790481567
2531,0.013344468548893929
2532,0.01334343571215868
2533,0.01333666779100895
2534,0.013333571143448353
2535,0.013330120593309402
2536,0.01332509983330965
2537,0.013317164033651352
2538,0.013316231779754162
2539,0.013306119479238987
2540,0.013302015140652657
2541,0.01329800859093666
2542,0.013294166885316372
2543,0.01329011283814907
2544,0.013286733999848366
2545,0.01327975932508707
2546,0.013273780234158039
2547,0.013266606256365776
2548,0.013258619233965874
2549,0.013251113705337048
2550,0.01324437651783228
2551,0.013239219784736633
2552,0.013235046528279781
2553,0.013230977579951286
2554,0.013221843168139458
2555,0.013217883184552193
2556,0.013212568126618862
2557,0.013209967873990536
2558,0.01320407073944807
2559,0.013200150802731514
2560,0.013196976855397224
2561,0.013192806392908096
2562,0.013191664591431618
2563,0.013184086419641972
2564,0.013180378824472427
2565,0.013177255168557167
2566,0.01317429356276989
2567,0.013168998062610626
2568,0.0131791140884161
2569,0.013159978203475475
2570,0.013155444525182247
2571,0.013151836581528187
2572,0.01314860861748457
2573,0.013144285418093204
2574,0.0131377587094903
2575,0.013132014311850071
2576,0.013124821707606316
2577,0.013119488954544067
2578,0.013111710548400879
2579,0.013105496764183044
2580,0.013099197298288345
2581,0.013095183297991753
2582,0.013088960200548172
2583,0.013081301935017109
2584,0.013073809444904327
2585,0.013075991533696651
2586,0.01306381169706583
2587,0.013059640303254128
2588,0.013055996969342232
2589,0.013051379472017288
2590,0.013043939135968685
2591,0.01303388923406601
2592,0.013032644055783749
2593,0.013022225350141525
2594,0.013018390163779259
2595,0.013014884665608406
2596,0.013010202907025814
2597,0.013003529980778694
2598,0.012996453791856766
2599,0.012987237423658371
2600,0.012979431077837944
2601,0.012973181903362274
2602,0.012967323884367943
2603,0.012962926179170609
2604,0.01295694150030613
2605,0.012953216210007668
2606,0.012948437593877316
2607,0.012940621003508568
2608,0.012932859361171722
2609,0.0129267992451787
2610,0.012920871376991272
2611,0.012916329316794872
2612,0.012910339049994946
2613,0.01290295273065567
2614,0.012894676066935062
2615,0.01288832537829876
2616,0.01288355141878128
2617,0.012880750000476837
2618,0.012874877080321312
2619,0.012866743840277195
2620,0.012854601256549358
2621,0.012849816121160984
2622,0.012840320356190205
2623,0.012836704961955547
2624,0.012834000401198864
2625,0.012828829698264599
2626,0.012822539545595646
2627,0.012814962305128574
2628,0.012809746898710728
2629,0.012805433943867683
2630,0.012799959629774094
2631,0.012789390049874783
2632,0.0127798393368721
2633,0.0127734849229455
2634,0.012766331434249878
2635,0.012761522084474564
2636,0.012752890586853027
2637,0.012748080305755138
2638,0.01274481974542141
2639,0.012742877006530762
2640,0.012738963589072227
2641,0.012732457369565964
2642,0.012725768610835075
2643,0.01272092666476965
2644,0.012715302407741547
2645,0.012710683979094028
2646,0.012703300453722477
2647,0.012695763260126114
2648,0.0126895010471344
2649,0.012683217413723469
2650,0.012677911669015884
2651,0.01267143152654171
2652,0.012663514353334904
2653,0.012653972953557968
2654,0.01265524048358202
2655,0.012644460424780846
2656,0.012641256675124168
2657,0.012637387029826641
2658,0.01263214461505413
2659,0.012624507769942284
2660,0.012618261389434338
2661,0.012608089484274387
2662,0.01260320283472538
2663,0.01259930431842804
2664,0.012596024200320244
2665,0.01258821040391922
2666,0.012584827840328217
2667,0.012570357881486416
2668,0.012564298696815968
2669,0.012559561058878899
2670,0.01255360059440136
2671,0.012540154159069061
2672,0.012550318613648415
2673,0.012526252306997776
2674,0.0125221386551857
2675,0.01252007856965065
2676,0.012518038041889668
2677,0.012514941394329071
2678,0.012510718777775764
2679,0.012504364363849163
2680,0.012495391070842743
2681,0.012520196847617626
2682,0.012483427301049232
2683,0.012477573938667774
2684,0.012473270297050476
2685,0.012468906119465828
2686,0.012463781982660294
2687,0.012454751878976822
2688,0.012476425617933273
2689,0.012443135492503643
2690,0.0124386390671134
2691,0.012434319593012333
2692,0.012428775429725647
2693,0.012420743703842163
2694,0.012423129752278328
2695,0.012410284951329231
2696,0.012407654896378517
2697,0.012404711917042732
2698,0.012400465086102486
2699,0.01239493116736412
2700,0.01238640770316124
2701,0.012377645820379257
2702,0.012369813397526741
2703,0.01236425805836916
2704,0.012354640290141106
2705,0.012351209297776222
2706,0.01234217919409275
2707,0.012335996143519878
2708,0.012330570258200169
2709,0.012328135780990124
2710,0.012323085218667984
2711,0.012319653294980526
2712,0.012315895408391953
2713,0.012311728671193123
2714,0.012310747057199478
2715,0.012304835021495819
2716,0.012301808223128319
2717,0.012298960238695145
2718,0.012295767664909363
2719,0.012290113605558872
2720,0.012279368937015533
2721,0.012271562591195107
2722,0.012263039126992226
2723,0.012257045134902
2724,0.01225375197827816
2725,0.01224706694483757
2726,0.012247534468770027
2727,0.012234281748533249
2728,0.012229998596012592
2729,0.012226369231939316
2730,0.012225015088915825
2731,0.012220892123878002
2732,0.01221679151058197
2733,0.012212652713060379
2734,0.01220808643847704
2735,0.012200097553431988
2736,0.012270200997591019
2737,0.012192025780677795
2738,0.012185969389975071
2739,0.01218367274850607
2740,0.012181033380329609
2741,0.01217677816748619
2742,0.012168501503765583
2743,0.01216136571019888
2744,0.012155652977526188
2745,0.012151222676038742
2746,0.012146450579166412
2747,0.012137416750192642
2748,0.012156620621681213
2749,0.012130513787269592
2750,0.012127923779189587
2751,0.012126456946134567
2752,0.012124525383114815
2753,0.012121284380555153
2754,0.012114976532757282
2755,0.012109581381082535
2756,0.012100632302463055
2757,0.012093017809092999
2758,0.012084871530532837
2759,0.012076514773070812
2760,0.012066114693880081
2761,0.012064416892826557
2762,0.012052338570356369
2763,0.012047424912452698
2764,0.01204315572977066
2765,0.0120384581387043
2766,0.012034300714731216
2767,0.012027915567159653
2768,0.012028222903609276
2769,0.012022238224744797
2770,0.012019798159599304
2771,0.012016912922263145
2772,0.012013026513159275
2773,0.01200740784406662
2774,0.012005273252725601
2775,0.011997273191809654
2776,0.011993768624961376
2777,0.0119908656924963
2778,0.011987684294581413
2779,0.01198214665055275
2780,0.011973743326961994
2781,0.01196789089590311
2782,0.01196363102644682
2783,0.011960231699049473
2784,0.011958800256252289
2785,0.011957322247326374
2786,0.011954143643379211
2787,0.0119517482817173
2788,0.011948847211897373
2789,0.011943445540964603
2790,0.011942192912101746
2791,0.011936891824007034
2792,0.011935105547308922
2793,0.011933819390833378
2794,0.01193173136562109
2795,0.011929540894925594
2796,0.011926303617656231
2797,0.011923778802156448
2798,0.011921074241399765
2799,0.011917556636035442
2800,0.011910000815987587
2801,0.011919718235731125
2802,0.01190231740474701
2803,0.011899453587830067
2804,0.011897081509232521
2805,0.011894230730831623
2806,0.011890750378370285
2807,0.011887125670909882
2808,0.011882992461323738
2809,0.011880933307111263
2810,0.01187804900109768
2811,0.011871402151882648
2812,0.011860749684274197
2813,0.01184694655239582
2814,0.011834600009024143
2815,0.011827603913843632
2816,0.011822253465652466
2817,0.011817863211035728
2818,0.011813826858997345
2819,0.011808271519839764
2820,0.01180330105125904
2821,0.011799206957221031
2822,0.011797342449426651
2823,0.011794894002377987
2824,0.011792488396167755
2825,0.011789490468800068
2826,0.011785930022597313
2827,0.011780861765146255
2828,0.011775062419474125
2829,0.011770972982048988
2830,0.011766131035983562
2831,0.011761175468564034
2832,0.011750609613955021
2833,0.011766968294978142
2834,0.011736288666725159
2835,0.011730841360986233
2836,0.011726699769496918
2837,0.011721855960786343
2838,0.01174401305615902
2839,0.011716734617948532
2840,0.011713532730937004
2841,0.01171147357672453
2842,0.011709541082382202
2843,0.011707276105880737
2844,0.011705323122441769
2845,0.011701750569045544
2846,0.01169919315725565
2847,0.011696293950080872
2848,0.011691922321915627
2849,0.011705313809216022
2850,0.011684397235512733
2851,0.011681396514177322
2852,0.01167969312518835
2853,0.011677656322717667
2854,0.011674752458930016
2855,0.011677284725010395
2856,0.011668868362903595
2857,0.01166586484760046
2858,0.01166294515132904
2859,0.01166021078824997
2860,0.011656338348984718
2861,0.011651742272078991
2862,0.011649230495095253
2863,0.011647135019302368
2864,0.011645381338894367
2865,0.011641163378953934
2866,0.011634624563157558
2867,0.011626730673015118
2868,0.01161993108689785
2869,0.011615761555731297
2870,0.01161076407879591
2871,0.0116073964163661
2872,0.011603727005422115
2873,0.011599278077483177
2874,0.011595921590924263
2875,0.011592831462621689
2876,0.011591838672757149
2877,0.011587118729948997
2878,0.011584164574742317
2879,0.011581292375922203
2880,0.011578413657844067
2881,0.011573378928005695
2882,0.011587209068238735
2883,0.011566384695470333
2884,0.011563491076231003
2885,0.01156099233776331
2886,0.011557767167687416
2887,0.011553265154361725
2888,0.011557603254914284
2889,0.011546451598405838
2890,0.011543787084519863
2891,0.011541314423084259
2892,0.011538615450263023
2893,0.011534984223544598
2894,0.011535272002220154
2895,0.011529738083481789
2896,0.011527970433235168
2897,0.011526844464242458
2898,0.011525576934218407
2899,0.011522512882947922
2900,0.011528873816132545
2901,0.01151619665324688
2902,0.011513350531458855
2903,0.011510610580444336
2904,0.011507275514304638
2905,0.011502319015562534
2906,0.011505627073347569
2907,0.011497470550239086
2908,0.0114960428327322
2909,0.011494500562548637
2910,0.011491630226373672
2911,0.011487003415822983
2912,0.011483710259199142
2913,0.011478126049041748
2914,0.01147550716996193
2915,0.011472947895526886
2916,0.011470050550997257
2917,0.011464535258710384
2918,0.01145673543214798
2919,0.011454250663518906
2920,0.011441496200859547
2921,0.011434372514486313
2922,0.011427939869463444
2923,0.011421878822147846
2924,0.011424949392676353
2925,0.011413641273975372
2926,0.011410259641706944
2927,0.011407479643821716
2928,0.011404341086745262
2929,0.011398769915103912
2930,0.011396147310733795
2931,0.011387492530047894
2932,0.011383420787751675
2933,0.011380127631127834
2934,0.011376626789569855
2935,0.011370418593287468
2936,0.011441527865827084
2937,0.011366796679794788
2938,0.011362175457179546
2939,0.011360689997673035
2940,0.011358838528394699
2941,0.011356164701282978
2942,0.011351495049893856
2943,0.011363414116203785
2944,0.01134337205439806
2945,0.011339370161294937
2946,0.011336009949445724
2947,0.011333291418850422
2948,0.011331718415021896
2949,0.01132919266819954
2950,0.011327422223985195
2951,0.011325642466545105
2952,0.011323723010718822
2953,0.011319892480969429
2954,0.011322053149342537
2955,0.011312393471598625
2956,0.011309055611491203
2957,0.01130619179457426
2958,0.011303480714559555
2959,0.011298875324428082
2960,0.01129323709756136
2961,0.011289982125163078
2962,0.011285054497420788
2963,0.011286917142570019
2964,0.011280130594968796
2965,0.011278271675109863
2966,0.011276176199316978
2967,0.011274006217718124
2968,0.011270400136709213
2969,0.011265752837061882
2970,0.011262830346822739
2971,0.011260801926255226
2972,0.011258769780397415
2973,0.011254893615841866
2974,0.011249469593167305
2975,0.011242087930440903
2976,0.011237964034080505
2977,0.011233054101467133
2978,0.011230812408030033
2979,0.011229215189814568
2980,0.011225761845707893
2981,0.01122019812464714
2982,0.011214293539524078
2983,0.011208774521946907
2984,0.011201759800314903
2985,0.011197466403245926
2986,0.011192632839083672
2987,0.01118380855768919
2988,0.011174011044204235
2989,0.011168910190463066
2990,0.011159757152199745
2991,0.011154534295201302
2992,0.011150743812322617
2993,0.011146023869514465
2994,0.011141054332256317
2995,0.011131620034575462
2996,0.011123511008918285
2997,0.011119400151073933
2998,0.011113669723272324
2999,0.011110635474324226
3000,0.011107729747891426
3001,0.011104493401944637
3002,0.011102140881121159
3003,0.011098716408014297
3004,0.011095616966485977
3005,0.01109374687075615
3006,0.011090906336903572
3007,0.011085374280810356
3008,0.011078106239438057
3009,0.0110714640468359
3010,0.011065519414842129
3011,0.011060253717005253
3012,0.011053499765694141
3013,0.011043570935726166
3014,0.01103505864739418
3015,0.011029007844626904
3016,0.011023897677659988
3017,0.011017907410860062
3018,0.01100991852581501
3019,0.011004621163010597
3020,0.011000467464327812
3021,0.0109966229647398
3022,0.011007983237504959
3023,0.01098931860178709
3024,0.010985685512423515
3025,0.010982826352119446
3026,0.010980358347296715
3027,0.010976271703839302
3028,0.010967533104121685
3029,0.010965005494654179
3030,0.010955535806715488
3031,0.010951684787869453
3032,0.01094718836247921
3033,0.010941941291093826
3034,0.01093676034361124
3035,0.010932126082479954
3036,0.010925490409135818
3037,0.010922658257186413
3038,0.01091728825122118
3039,0.010910602286458015
3040,0.010902712121605873
3041,0.010897236876189709
3042,0.010891597718000412
3043,0.010885494761168957
3044,0.010876895859837532
3045,0.010872280225157738
3046,0.01086663268506527
3047,0.010862782597541809
3048,0.010859178379178047
3049,0.01085326075553894
3050,0.010850926861166954
3051,0.010843376629054546
3052,0.010839133523404598
3053,0.010836154222488403
3054,0.01083255372941494
3055,0.010824859142303467
3056,0.010817953385412693
3057,0.010812855325639248
3058,0.0108090965077281
3059,0.01080712303519249
3060,0.01080089621245861
3061,0.01079801470041275
3062,0.010788649320602417
3063,0.010784648358821869
3064,0.01078106090426445
3065,0.010776631534099579
3066,0.010772059671580791
3067,0.01076333224773407
3068,0.01075906865298748
3069,0.01075497455894947
3070,0.0107510294765234
3071,0.010756331495940685
3072,0.010743106715381145
3073,0.010739805176854134
3074,0.010736905038356781
3075,0.010733719915151596
3076,0.010725860483944416
3077,0.010733885690569878
3078,0.010716966353356838
3079,0.010714488103985786
3080,0.01071295514702797
3081,0.010710248723626137
3082,0.010704673826694489
3083,0.010700388811528683
3084,0.010694529861211777
3085,0.010690851137042046
3086,0.010687010362744331
3087,0.010684957727789879
3088,0.010681726038455963
3089,0.010677734389901161
3090,0.010674442164599895
3091,0.010670097544789314
3092,0.010662656277418137
3093,0.010673868469893932
3094,0.010654696263372898
3095,0.01065183337777853
3096,0.010649548843502998
3097,0.010646307840943336
3098,0.010641166009008884
3099,0.010632392019033432
3100,0.010627824813127518
3101,0.010619619861245155
3102,0.010615823790431023
3103,0.010613016784191132
3104,0.010610601864755154
3105,0.010607088916003704
3106,0.010603602975606918
3107,0.010598952881991863
3108,0.010595830157399178
3109,0.010592356324195862
3110,0.010589993558824062
3111,0.010583624243736267
3112,0.010579694993793964
3113,0.010575428605079651
3114,0.010572755709290504
3115,0.01056915894150734
3116,0.010564850643277168
3117,0.010562052018940449
3118,0.010558409616351128
3119,0.010552315041422844
3120,0.010544911026954651
3121,0.010539810173213482
3122,0.010531201958656311
3123,0.010525381192564964
3124,0.01051713339984417
3125,0.010509520769119263
3126,0.010503958910703659
3127,0.010494944639503956
3128,0.010486464947462082
3129,0.010476386174559593
3130,0.010469861328601837
3131,0.010463105514645576
3132,0.010457702912390232
3133,0.010454481467604637
3134,0.010447997599840164
3135,0.010436317883431911
3136,0.010426416993141174
3137,0.010419548489153385
3138,0.010412020608782768
3139,0.010406588204205036
3140,0.010401671752333641
3141,0.01039807591587305
3142,0.010395646095275879
3143,0.010389858856797218
3144,0.010384122841060162
3145,0.010375144891440868
3146,0.010363471694290638
3147,0.010355445556342602
3148,0.010348796844482422
3149,0.010342909023165703
3150,0.010337789542973042
3151,0.010329032316803932
3152,0.010319970548152924
3153,0.010312918573617935
3154,0.010307613760232925
3155,0.010305153205990791
3156,0.010302524082362652
3157,0.010299516841769218
3158,0.010294253937900066
3159,0.010289507918059826
3160,0.010292082093656063
3161,0.010284854099154472
3162,0.010283095762133598
3163,0.010280837304890156
3164,0.010278148576617241
3165,0.010274332016706467
3166,0.010267578065395355
3167,0.010259278118610382
3168,0.010253990069031715
3169,0.010247941128909588
3170,0.010243890807032585
3171,0.01024172455072403
3172,0.010235433466732502
3173,0.010232273489236832
3174,0.010229067876935005
3175,0.010225072503089905
3176,0.010217366740107536
3177,0.010222325101494789
3178,0.010207144543528557
3179,0.010204004123806953
3180,0.010202238336205482
3181,0.010200613178312778
3182,0.010198039934039116
3183,0.010196756571531296
3184,0.010193446651101112
3185,0.010191194713115692
3186,0.01018934790045023
3187,0.010187152773141861
3188,0.01018210593611002
3189,0.010177060961723328
3190,0.010172299109399319
3191,0.01016960758715868
3192,0.01016637310385704
3193,0.01016361452639103
3194,0.010160830803215504
3195,0.010157695971429348
3196,0.010154680348932743
3197,0.010150330141186714
3198,0.010142439045011997
3199,0.010141773149371147
3200,0.010132771916687489
3201,0.01012926921248436
3202,0.010125787928700447
3203,0.010121192783117294
3204,0.010115628130733967
3205,0.010117381811141968
3206,0.010107486508786678
3207,0.010103934444487095
3208,0.010100409388542175
3209,0.010096417739987373
3210,0.01009092666208744
3211,0.010082848370075226
3212,0.010080389678478241
3213,0.01007112581282854
3214,0.010067874565720558
3215,0.010062037967145443
3216,0.010057258419692516
3217,0.010055981576442719
3218,0.010050054639577866
3219,0.010046805255115032
3220,0.010044540278613567
3221,0.01004230696707964
3222,0.010038865730166435
3223,0.0100326556712389
3224,0.010066172108054161
3225,0.010027499869465828
3226,0.010024297051131725
3227,0.010022839531302452
3228,0.010021200403571129
3229,0.01001880131661892
3230,0.010015103965997696
3231,0.01000868808478117
3232,0.010002718307077885
3233,0.009998192079365253
3234,0.009994951076805592
3235,0.00999156478792429
3236,0.009987924247980118
3237,0.009982451796531677
3238,0.00997343473136425
3239,0.010288958437740803
3240,0.009974710643291473
3241,0.009958743117749691
3242,0.009955891408026218
3243,0.009953459724783897
3244,0.00995070580393076
3245,0.009946095757186413
3246,0.009971138089895248
3247,0.009939872659742832
3248,0.0099362563341856
3249,0.009933936409652233
3250,0.0099321398884058
3251,0.009929593652486801
3252,0.009922940284013748
3253,0.009919548407196999
3254,0.009911761619150639
3255,0.009908685460686684
3256,0.009904845617711544
3257,0.009898945689201355
3258,0.009890399873256683
3259,0.009881585836410522
3260,0.009875666350126266
3261,0.00987076386809349
3262,0.009867129847407341
3263,0.00986213143914938
3264,0.009857643395662308
3265,0.009848429821431637
3266,0.009844912216067314
3267,0.009842243045568466
3268,0.009839099831879139
3269,0.009835490956902504
3270,0.00983060896396637
3271,0.009823175147175789
3272,0.009824737906455994
3273,0.009815268218517303
3274,0.009813305921852589
3275,0.009811989031732082
3276,0.009810377843677998
3277,0.009807397611439228
3278,0.009802376851439476
3279,0.009817537851631641
3280,0.00979522243142128
3281,0.009791521355509758
3282,0.00978889875113964
3283,0.009786488488316536
3284,0.00978370662778616
3285,0.0097773727029562
3286,0.009785091504454613
3287,0.009769017808139324
3288,0.009766207076609135
3289,0.009763844311237335
3290,0.009760045446455479
3291,0.009755607694387436
3292,0.009749636054039001
3293,0.009744251146912575
3294,0.009739290922880173
3295,0.009734932333230972
3296,0.009727289900183678
3297,0.009720593690872192
3298,0.009713901206851006
3299,0.009709382429718971
3300,0.009705062955617905
3301,0.009701734408736229
3302,0.009693432599306107
3303,0.009688608348369598
3304,0.009684279561042786
3305,0.009679382666945457
3306,0.009673167020082474
3307,0.009666641242802143
3308,0.009660912677645683
3309,0.009653711691498756
3310,0.00964437797665596
3311,0.00964048970490694
3312,0.009632216766476631
3313,0.009628740139305592
3314,0.009624880738556385
3315,0.009620877914130688
3316,0.009616413153707981
3317,0.009610354900360107
3318,0.009610572829842567
3319,0.009602942503988743
3320,0.009600735269486904
3321,0.009598765522241592
3322,0.009596029296517372
3323,0.009590733796358109
3324,0.00958181917667389
3325,0.0095931151881814
3326,0.009574784897267818
3327,0.009572649374604225
3328,0.00957157276570797
3329,0.009570240043103695
3330,0.009567169472575188
3331,0.009560265578329563
3332,0.009560010395944118
3333,0.009548795409500599
3334,0.009545279666781425
3335,0.009542809799313545
3336,0.009540621191263199
3337,0.009537028148770332
3338,0.009588479995727539
3339,0.009533950127661228
3340,0.009530117735266685
3341,0.009528664872050285
3342,0.009527014568448067
3343,0.009525038301944733
3344,0.009521407075226307
3345,0.009518950246274471
3346,0.00951346941292286
3347,0.00951036624610424
3348,0.009508003480732441
3349,0.009505199268460274
3350,0.009499934501945972
3351,0.009501947090029716
3352,0.009492500685155392
3353,0.009489702992141247
3354,0.009487396106123924
3355,0.009485171176493168
3356,0.009482771158218384
3357,0.009478101506829262
3358,0.009472334757447243
3359,0.0094696544110775
3360,0.009464996866881847
3361,0.009463366121053696
3362,0.00946122407913208
3363,0.009458504617214203
3364,0.009453737176954746
3365,0.00944848358631134
3366,0.009444661438465118
3367,0.009440280497074127
3368,0.009437397122383118
3369,0.009434946812689304
3370,0.009428093209862709
3371,0.00943755079060793
3372,0.00942455418407917
3373,0.009423104114830494
3374,0.009422153234481812
3375,0.009420896880328655
3376,0.009419369511306286
3377,0.009416802786290646
3378,0.009415218606591225
3379,0.009411726146936417
3380,0.009410126134753227
3381,0.009408083744347095
3382,0.009405765682458878
3383,0.009400572627782822
3384,0.009396160952746868
3385,0.009391939267516136
3386,0.009388957172632217
3387,0.009386150166392326
3388,0.009381513111293316
3389,0.009375594556331635
3390,0.009366565383970737
3391,0.009359247982501984
3392,0.009355795569717884
3393,0.009353170171380043
3394,0.009350787848234177
3395,0.009346606209874153
3396,0.009342354722321033
3397,0.00933806225657463
3398,0.009335353970527649
3399,0.009330584667623043
3400,0.009327422827482224
3401,0.00932518020272255
3402,0.009323524311184883
3403,0.009320246987044811
3404,0.009316250681877136
3405,0.00931319035589695
3406,0.009311055764555931
3407,0.00930858962237835
3408,0.009305648505687714
3409,0.009301047772169113
3410,0.009295802563428879
3411,0.009290875867009163
3412,0.009286461398005486
3413,0.00928040873259306
3414,0.009277555160224438
3415,0.009274495765566826
3416,0.009270362555980682
3417,0.00926761794835329
3418,0.00926248636096716
3419,0.009260040707886219
3420,0.00925748236477375
3421,0.009254295378923416
3422,0.009248105809092522
3423,0.009248416870832443
3424,0.009238955564796925
3425,0.009235800243914127
3426,0.009233791381120682
3427,0.009232058189809322
3428,0.009228697046637535
3429,0.00922379270195961
3430,0.009217990562319756
3431,0.009234309196472168
3432,0.009213910438120365
3433,0.009211773052811623
3434,0.009210227057337761
3435,0.009208595380187035
3436,0.009206278249621391
3437,0.009204206988215446
3438,0.009201571345329285
3439,0.00919905211776495
3440,0.009197095409035683
3441,0.009194737300276756
3442,0.00918992143124342
3443,0.009185979142785072
3444,0.009184081107378006
3445,0.009181728586554527
3446,0.009180212393403053
3447,0.00917893648147583
3448,0.00917684193700552
3449,0.009173762053251266
3450,0.009172521531581879
3451,0.009168457239866257
3452,0.009166748262941837
3453,0.009163806214928627
3454,0.009160741232335567
3455,0.009157378226518631
3456,0.009152007289230824
3457,0.009147447533905506
3458,0.009143932722508907
3459,0.009141318500041962
3460,0.009139295667409897
3461,0.009135844185948372
3462,0.009132473729550838
3463,0.009129280224442482
3464,0.009125291369855404
3465,0.009120369330048561
3466,0.00911610759794712
3467,0.009113789536058903
3468,0.009111004881560802
3469,0.009109179489314556
3470,0.00910689402371645
3471,0.00910456757992506
3472,0.00910219270735979
3473,0.009099111892282963
3474,0.009096820838749409
3475,0.009093505330383778
3476,0.009090444073081017
3477,0.009087781421840191
3478,0.009085780940949917
3479,0.009083332493901253
3480,0.009080772288143635
3481,0.009078316390514374
3482,0.00907254870980978
3483,0.009068080224096775
3484,0.009065535850822926
3485,0.009062821976840496
3486,0.00906013697385788
3487,0.009057315066456795
3488,0.009054360911250114
3489,0.009052467532455921
3490,0.009048888459801674
3491,0.009046991355717182
3492,0.009045190177857876
3493,0.009042961522936821
3494,0.00903872586786747
3495,0.009036310017108917
3496,0.009031783789396286
3497,0.009030144661664963
3498,0.009028698317706585
3499,0.00902716163545847
3500,0.009022658690810204
3501,0.009041117504239082
3502,0.009017513133585453
3503,0.009014856070280075
3504,0.009013433940708637
3505,0.00901169702410698
3506,0.009009083732962608
3507,0.009003623388707638
3508,0.009010020643472672
3509,0.008997051045298576
3510,0.00899485219269991
3511,0.008993387222290039
3512,0.00899173878133297
3513,0.008988873101770878
3514,0.008984970860183239
3515,0.008981839753687382
3516,0.00897697452455759
3517,0.008974496275186539
3518,0.008972863666713238
3519,0.008969685062766075
3520,0.008967235684394836
3521,0.00896391086280346
3522,0.008959668688476086
3523,0.00895614456385374
3524,0.008951169438660145
3525,0.008947623893618584
3526,0.008945285342633724
3527,0.008940367959439754
3528,0.00894174724817276
3529,0.008935732766985893
3530,0.00893428549170494
3531,0.008932785131037235
3532,0.008930813521146774
3533,0.008928555063903332
3534,0.0089259659871459
3535,0.008923884481191635
3536,0.008920973166823387
3537,0.008918493054807186
3538,0.00891538243740797
3539,0.008913121186196804
3540,0.00890993233770132
3541,0.008907344192266464
3542,0.00890545453876257
3543,0.008902359753847122
3544,0.008899267762899399
3545,0.008896715007722378
3546,0.008893557824194431
3547,0.00888832751661539
3548,0.008884390816092491
3549,0.008880089968442917
3550,0.008875902742147446
3551,0.008873472921550274
3552,0.008869319222867489
3553,0.008862030692398548
3554,0.008858715184032917
3555,0.00885176844894886
3556,0.00884873978793621
3557,0.008845049887895584
3558,0.008840580470860004
3559,0.008836276829242706
3560,0.008831575512886047
3561,0.008830040693283081
3562,0.008825620636343956
3563,0.008823998272418976
3564,0.008822441101074219
3565,0.008820561692118645
3566,0.008817614056169987
3567,0.00882323831319809
3568,0.008813725784420967
3569,0.008811774663627148
3570,0.008810383267700672
3571,0.008809052407741547
3572,0.008807484060525894
3573,0.00880360510200262
3574,0.008818008005619049
3575,0.008798792958259583
3576,0.008796594105660915
3577,0.008795469999313354
3578,0.00879405066370964
3579,0.008791930042207241
3580,0.00878850743174553
3581,0.008785724639892578
3582,0.008784208446741104
3583,0.008783021941781044
3584,0.00878153182566166
3585,0.008779771625995636
3586,0.008776710368692875
3587,0.008772855624556541
3588,0.008769623003900051
3589,0.008767249062657356
3590,0.008765284903347492
3591,0.008763537742197514
3592,0.008761356584727764
3593,0.008758073672652245
3594,0.008754923939704895
3595,0.008751887828111649
3596,0.008750766515731812
3597,0.008748986758291721
3598,0.008747189305722713
3599,0.008743567392230034
3600,0.008740512654185295
3601,0.008736817166209221
3602,0.008735284209251404
3603,0.008731957525014877
3604,0.008729145862162113
3605,0.008728379383683205
3606,0.008724239654839039
3607,0.008722248487174511
3608,0.00872047059237957
3609,0.008718491531908512
3610,0.008715875446796417
3611,0.008712456561625004
3612,0.008708461187779903
3613,0.00870504230260849
3614,0.008702235296368599
3615,0.008699086494743824
3616,0.008697256445884705
3617,0.00869180541485548
3618,0.008688373491168022
3619,0.008684602566063404
3620,0.008681375533342361
3621,0.008678879588842392
3622,0.008676142431795597
3623,0.00867351796478033
3624,0.008669763803482056
3625,0.008665138855576515
3626,0.008658912032842636
3627,0.008653493598103523
3628,0.00865010917186737
3629,0.008647686801850796
3630,0.008645300753414631
3631,0.008642787113785744
3632,0.008638294413685799
3633,0.00863711629062891
3634,0.008632244542241096
3635,0.008630586788058281
3636,0.008628955110907555
3637,0.008626057766377926
3638,0.008622824214398861
3639,0.008619013242423534
3640,0.00861701276153326
3641,0.008614021353423595
3642,0.008612384088337421
3643,0.008610580116510391
3644,0.008608387783169746
3645,0.008605102077126503
3646,0.008601972833275795
3647,0.008599365130066872
3648,0.008597584441304207
3649,0.008595800958573818
3650,0.008592339232563972
3651,0.008587860502302647
3652,0.00858364813029766
3653,0.008581225760281086
3654,0.008577879518270493
3655,0.008575987070798874
3656,0.008572082035243511
3657,0.00856759399175644
3658,0.008563034236431122
3659,0.008558699861168861
3660,0.008554872125387192
3661,0.00855155847966671
3662,0.008550443686544895
3663,0.008548629470169544
3664,0.008547789417207241
3665,0.008547087199985981
3666,0.00854572094976902
3667,0.008543852716684341
3668,0.008540774695575237
3669,0.008537868969142437
3670,0.00853510107845068
3671,0.008533013053238392
3672,0.008531630039215088
3673,0.008530320599675179
3674,0.00852887611836195
3675,0.008527507074177265
3676,0.008526256307959557
3677,0.008525175973773003
3678,0.008523320779204369
3679,0.00852084718644619
3680,0.008521261624991894
3681,0.008518136106431484
3682,0.008517205715179443
3683,0.008516361005604267
3684,0.008515383116900921
3685,0.008513306267559528
3686,0.00851159356534481
3687,0.00850781612098217
3688,0.008505954407155514
3689,0.008503865450620651
3690,0.00850237812846899
3691,0.00850092526525259
3692,0.008499318733811378
3693,0.008497793227434158
3694,0.00849651824682951
3695,0.00849449448287487
3696,0.008492851629853249
3697,0.008490052074193954
3698,0.008488625288009644
3699,0.008487066254019737
3700,0.008485596626996994
3701,0.008482902310788631
3702,0.008480122312903404
3703,0.008477116003632545
3704,0.008474604226648808
3705,0.008473089896142483
3706,0.008470969274640083
3707,0.008468889631330967
3708,0.008467216044664383
3709,0.008462941274046898
3710,0.0084578488022089
3711,0.008453338406980038
3712,0.008450408466160297
3713,0.00844806432723999
3714,0.0084458589553833
3715,0.00844404473900795
3716,0.008441906422376633
3717,0.008439182303845882
3718,0.00843514408916235
3719,0.0084303580224514
3720,0.008426820859313011
3721,0.00842416100203991
3722,0.008421782404184341
3723,0.008419614285230637
3724,0.008415896445512772
3725,0.008413479663431644
3726,0.008409596048295498
3727,0.008407700806856155
3728,0.008406027220189571
3729,0.008403211832046509
3730,0.00839860737323761
3731,0.008394683711230755
3732,0.00839235819876194
3733,0.008388406597077847
3734,0.008386936038732529
3735,0.008385119028389454
3736,0.00838271901011467
3737,0.008381026796996593
3738,0.008379220962524414
3739,0.008380992338061333
3740,0.00837619137018919
3741,0.008374711498618126
3742,0.008373098447918892
3743,0.008371340110898018
3744,0.008368529379367828
3745,0.008364387787878513
3746,0.008361942134797573
3747,0.008359691128134727
3748,0.008358148857951164
3749,0.008357110433280468
3750,0.008355393074452877
3751,0.008355686441063881
3752,0.008352244272828102
3753,0.008350977674126625
3754,0.008349943906068802
3755,0.00834867637604475
3756,0.008346415124833584
3757,0.008349004201591015
3758,0.008343235589563847
3759,0.008342034183442593
3760,0.008340708911418915
3761,0.00833912007510662
3762,0.008337102830410004
3763,0.008335012011229992
3764,0.00833158940076828
3765,0.008329201489686966
3766,0.008327373303472996
3767,0.008324934169650078
3768,0.00832342728972435
3769,0.00832110084593296
3770,0.00831856019794941
3771,0.008316311053931713
3772,0.008313264697790146
3773,0.008310037665069103
3774,0.008307674899697304
3775,0.008304745890200138
3776,0.008302644826471806
3777,0.008300243876874447
3778,0.008298570290207863
3779,0.008296510204672813
3780,0.0082948487251997
3781,0.00829174555838108
3782,0.008289942517876625
3783,0.008288254961371422
3784,0.008285379968583584
3785,0.008301500231027603
3786,0.008282242342829704
3787,0.008280272595584393
3788,0.00827929936349392
3789,0.008278453722596169
3790,0.008277351967990398
3791,0.00827424693852663
3792,0.008271203376352787
3793,0.00826878659427166
3794,0.008267085999250412
3795,0.008264916017651558
3796,0.008262929506599903
3797,0.008258882910013199
3798,0.008255936205387115
3799,0.008251700550317764
3800,0.008249001577496529
3801,0.00824728887528181
3802,0.008245330303907394
3803,0.008241835050284863
3804,0.00823824480175972
3805,0.00823617447167635
3806,0.008233165368437767
3807,0.008232018910348415
3808,0.008230561390519142
3809,0.008228158578276634
3810,0.008226093836128712
3811,0.008224261924624443
3812,0.008221395313739777
3813,0.00821724534034729
3814,0.00821741484105587
3815,0.008213256485760212
3816,0.008211922831833363
3817,0.008210908621549606
3818,0.008209006860852242
3819,0.008211536332964897
3820,0.008205277845263481
3821,0.008204005658626556
3822,0.008203074336051941
3823,0.008201881311833858
3824,0.008199903182685375
3825,0.008197426795959473
3826,0.008195586502552032
3827,0.008193355053663254
3828,0.0081917904317379
3829,0.008189944550395012
3830,0.008189588785171509
3831,0.00818535778671503
3832,0.008183721452951431
3833,0.008182195015251637
3834,0.008180431090295315
3835,0.00817648135125637
3836,0.008177364245057106
3837,0.008171257562935352
3838,0.008169500157237053
3839,0.008167697116732597
3840,0.008166528306901455
3841,0.008164916187524796
3842,0.008163640275597572
3843,0.008162785321474075
3844,0.008162046782672405
3845,0.008160645142197609
3846,0.00815821997821331
3847,0.008158048614859581
3848,0.008153502829372883
3849,0.008151276037096977
3850,0.008148971945047379
3851,0.008146948181092739
3852,0.008145731873810291
3853,0.008143245242536068
3854,0.008141616359353065
3855,0.008139540441334248
3856,0.008137140423059464
3857,0.008134033530950546
3858,0.008130528032779694
3859,0.008128039538860321
3860,0.00812553334981203
3861,0.008124328218400478
3862,0.0081234872341156
3863,0.008122448809444904
3864,0.00812150351703167
3865,0.008120618760585785
3866,0.008119110949337482
3867,0.008117208257317543
3868,0.008114524185657501
3869,0.008112951181828976
3870,0.00811031088232994
3871,0.008108527399599552
3872,0.008104538545012474
3873,0.008102304302155972
3874,0.008097751997411251
3875,0.008094817399978638
3876,0.008093062788248062
3877,0.008090906776487827
3878,0.008088656701147556
3879,0.008086462505161762
3880,0.00808459147810936
3881,0.00808299146592617
3882,0.008079766295850277
3883,0.008079213090240955
3884,0.008073346689343452
3885,0.008071532472968102
3886,0.008069971576333046
3887,0.008067628368735313
3888,0.008062781766057014
3889,0.008059492334723473
3890,0.008055208250880241
3891,0.008051231503486633
3892,0.0080487709492445
3893,0.00804630946367979
3894,0.008044226095080376
3895,0.008042175322771072
3896,0.00804021768271923
3897,0.008036360144615173
3898,0.008033176884055138
3899,0.008028850890696049
3900,0.008026819676160812
3901,0.008025078102946281
3902,0.008023110218346119
3903,0.00802072323858738
3904,0.008017484098672867
3905,0.008015308529138565
3906,0.008008411154150963
3907,0.00800449587404728
3908,0.008000310510396957
3909,0.007995747029781342
3910,0.007990574464201927
3911,0.007985161617398262
3912,0.007982440292835236
3913,0.007977386936545372
3914,0.007974240928888321
3915,0.007971514016389847
3916,0.007965746335685253
3917,0.007961584255099297
3918,0.007955355569720268
3919,0.007950966246426105
3920,0.007945368997752666
3921,0.007941929623484612
3922,0.00793773028999567
3923,0.007933910004794598
3924,0.007927585393190384
3925,0.007924451492726803
3926,0.007917102426290512
3927,0.007913188077509403
3928,0.00791051983833313
3929,0.007907457649707794
3930,0.007902109995484352
3931,0.00789720006287098
3932,0.007895098999142647
3933,0.00789289828389883
3934,0.007890252396464348
3935,0.007885674014687538
3936,0.007881582714617252
3937,0.007879268378019333
3938,0.007876414805650711
3939,0.00787363201379776
3940,0.007869231514632702
3941,0.007862938567996025
3942,0.007856357842683792
3943,0.007851766422390938
3944,0.007848660461604595
3945,0.007846686989068985
3946,0.007844126783311367
3947,0.007841311395168304
3948,0.007837125100195408
3949,0.007831244729459286
3950,0.007828153669834137
3951,0.007821695879101753
3952,0.007818525657057762
3953,0.007815008983016014
3954,0.0078099751845002174
3955,0.007817420177161694
3956,0.0078024487011134624
3957,0.007799393497407436
3958,0.007796718273311853
3959,0.007793713361024857
3960,0.0077888257801532745
3961,0.007783354725688696
3962,0.007776119280606508
3963,0.007771971635520458
3964,0.00776838231831789
3965,0.007765538524836302
3966,0.0077629489824175835
3967,0.007758604362607002
3968,0.007754955440759659
3969,0.007751440163701773
3970,0.007744904607534409
3971,0.007738426327705383
3972,0.007734538055956364
3973,0.007731880526989698
3974,0.0077288709580898285
3975,0.007726128213107586
3976,0.00772222550585866
3977,0.007716102059930563
3978,0.007711512036621571
3979,0.007708301767706871
3980,0.007706084288656712
3981,0.007704459596425295
3982,0.00770296948030591
3983,0.007700284477323294
3984,0.007697725668549538
3985,0.007694700732827187
3986,0.00769207626581192
3987,0.007688920479267836
3988,0.007686268072575331
3989,0.007683972362428904
3990,0.007681264076381922
3991,0.007678138092160225
3992,0.007674930617213249
3993,0.007670917548239231
3994,0.007667538244277239
3995,0.007664271164685488
3996,0.007663504686206579
3997,0.007660893723368645
3998,0.007659993600100279
3999,0.007659061346203089
4000,0.007657559122890234
4001,0.007654532790184021
4002,0.007652362808585167
4003,0.007649961393326521
4004,0.0076486170291900635
4005,0.0076468149200081825
4006,0.007644228171557188
4007,0.007639680057764053
4008,0.00763563672080636
4009,0.007633313070982695
4010,0.007630778942257166
4011,0.007629305124282837
4012,0.007627718150615692
4013,0.007622877135872841
4014,0.007620811928063631
4015,0.0076191783882677555
4016,0.007616467773914337
4017,0.00761421350762248
4018,0.007611638400703669
4019,0.007608943153172731
4020,0.0076064132153987885
4021,0.0076006148010492325
4022,0.007597978692501783
4023,0.007595421746373177
4024,0.007593771442770958
4025,0.00759237352758646
4026,0.0075906869024038315
4027,0.007588109001517296
4028,0.007588051725178957
4029,0.007584016304463148
4030,0.0075823054648935795
4031,0.007580587640404701
4032,0.007578660733997822
4033,0.007575646974146366
4034,0.007586666848510504
4035,0.007571945898234844
4036,0.0075699202716350555
4037,0.007568616420030594
4038,0.00756710022687912
4039,0.007565319538116455
4040,0.007562702987343073
4041,0.00755983404815197
4042,0.007558112032711506
4043,0.007554555311799049
4044,0.007551773451268673
4045,0.007548614405095577
4046,0.007545384578406811
4047,0.00754215894266963
4048,0.007540631107985973
4049,0.007538526318967342
4050,0.007541246246546507
4051,0.007534419652074575
4052,0.0075323875062167645
4053,0.007530331611633301
4054,0.007528528105467558
4055,0.007525206543505192
4056,0.007529913913458586
4057,0.0075196772813797
4058,0.007517319172620773
4059,0.007515001110732555
4060,0.007511971052736044
4061,0.007508313283324242
4062,0.007501915097236633
4063,0.007496988400816917
4064,0.007488732226192951
4065,0.007484236732125282
4066,0.007479534950107336
4067,0.007475126069039106
4068,0.007471824064850807
4069,0.007468008901923895
4070,0.00746515765786171
4071,0.007462827488780022
4072,0.007460074499249458
4073,0.00745727401226759
4074,0.0074549042619764805
4075,0.007452206686139107
4076,0.007451284676790237
4077,0.007449572905898094
4078,0.007446484640240669
4079,0.0074431318789720535
4080,0.007440419867634773
4081,0.0074363816529512405
4082,0.007434984669089317
4083,0.007433432154357433
4084,0.0074307299219071865
4085,0.007428153418004513
4086,0.007424586918205023
4087,0.007419358938932419
4088,0.0074314577504992485
4089,0.007415037136524916
4090,0.007413147948682308
4091,0.007412035018205643
4092,0.007410623598843813
4093,0.00740788783878088
4094,0.007402419112622738
4095,0.007411902770400047
4096,0.007396681699901819
4097,0.0073945727199316025
4098,0.007393404841423035
4099,0.007391967810690403
4100,0.007389029022306204
4101,0.007384363561868668
4102,0.007406902965158224
4103,0.007380570285022259
4104,0.0073784696869552135
4105,0.007377486675977707
4106,0.00737641379237175
4107,0.007374916225671768
4108,0.007372554391622543
4109,0.007369254715740681
4110,0.007365846075117588
4111,0.007364057935774326
4112,0.007362323347479105
4113,0.007359941024333239
4114,0.0073559898883104324
4115,0.007353621069341898
4116,0.0073505281470716
4117,0.00734850624576211
4118,0.007346565835177898
4119,0.007343606557697058
4120,0.007339783012866974
4121,0.007336845621466637
4122,0.007333702873438597
4123,0.007330907043069601
4124,0.007328404579311609
4125,0.007326006889343262
4126,0.007322562392801046
4127,0.007320401258766651
4128,0.007318788208067417
4129,0.0073164040222764015
4130,0.007311645895242691
4131,0.007314531598240137
4132,0.00730533804744482
4133,0.007303196005523205
4134,0.007301535457372665
4135,0.0072997803799808025
4136,0.0072985561564564705
4137,0.007296063005924225
4138,0.007294074632227421
4139,0.0072919283993542194
4140,0.0072892773896455765
4141,0.007284393534064293
4142,0.007298398297280073
4143,0.0072806961834430695
4144,0.007279292680323124
4145,0.007278682664036751
4146,0.007277962751686573
4147,0.007276727352291346
4148,0.007274485658854246
4149,0.007270229980349541
4150,0.00728435255587101
4151,0.007264903746545315
4152,0.007262233179062605
4153,0.00726060476154089
4154,0.0072584981098771095
4155,0.007255916483700275
4156,0.007256542332470417
4157,0.007251166272908449
4158,0.007249051705002785
4159,0.007246881723403931
4160,0.00724522490054369
4161,0.00724332220852375
4162,0.007246303837746382
4163,0.007241192273795605
4164,0.007240355480462313
4165,0.007239491678774357
4166,0.0072382977232337
4167,0.007236646953970194
4168,0.007233505602926016
4169,0.007234799209982157
4170,0.00722903897985816
4171,0.0072273798286914825
4172,0.007225890643894672
4173,0.007224505767226219
4174,0.00722318422049284
4175,0.007221866399049759
4176,0.007220529485493898
4177,0.007219728082418442
4178,0.007218630518764257
4179,0.007217333652079105
4180,0.007215647958219051
4181,0.0072141485288739204
4182,0.007213038858026266
4183,0.007211820688098669
4184,0.007210505660623312
4185,0.007208075374364853
4186,0.00720415823161602
4187,0.007201475091278553
4188,0.007198639214038849
4189,0.007197219878435135
4190,0.007196266204118729
4191,0.00719500333070755
4192,0.007193699013441801
4193,0.0071906838566064835
4194,0.0071886805817484856
4195,0.007186918519437313
4196,0.007184832356870174
4197,0.00718242023140192
4198,0.007180139422416687
4199,0.007176689803600311
4200,0.0071740406565368176
4201,0.0071713789366185665
4202,0.007167656905949116
4203,0.007163213100284338
4204,0.007160095497965813
4205,0.007157688029110432
4206,0.007156048901379108
4207,0.007153775077313185
4208,0.007149505894631147
4209,0.007145572919398546
4210,0.007141768001019955
4211,0.007139908149838448
4212,0.007136142812669277
4213,0.007132404483854771
4214,0.007129067555069923
4215,0.007126222364604473
4216,0.007123828865587711
4217,0.007120856083929539
4218,0.007118050009012222
4219,0.007114451844245195
4220,0.007111033890396357
4221,0.007106953766196966
4222,0.007102788891643286
4223,0.007099386770278215
4224,0.007093926891684532
4225,0.007089325226843357
4226,0.0070839691907167435
4227,0.007080128416419029
4228,0.007076334208250046
4229,0.007072895765304565
4230,0.007070956751704216
4231,0.007068699225783348
4232,0.007066442631185055
4233,0.007064567878842354
4234,0.007061665412038565
4235,0.007058529648929834
4236,0.007054324261844158
4237,0.0070506553165614605
4238,0.007048894185572863
4239,0.00704644899815321
4240,0.00704458262771368
4241,0.007043353747576475
4242,0.0070389555767178535
4243,0.007036995142698288
4244,0.007035187445580959
4245,0.007033566012978554
4246,0.007031452842056751
4247,0.0070283738896250725
4248,0.007022830191999674
4249,0.007032930850982666
4250,0.007016908377408981
4251,0.0070148371160030365
4252,0.007013498805463314
4253,0.007011974696069956
4254,0.007008930668234825
4255,0.007004170212894678
4256,0.0070056007243692875
4257,0.006999870762228966
4258,0.006998457945883274
4259,0.0069970907643437386
4260,0.006994869560003281
4261,0.007001480087637901
4262,0.006992238573729992
4263,0.006990648806095123
4264,0.006989510729908943
4265,0.00698836799710989
4266,0.006986440625041723
4267,0.006983458064496517
4268,0.006981690879911184
4269,0.006979762576520443
4270,0.006978187710046768
4271,0.006977244280278683
4272,0.0069755809381604195
4273,0.00697227381169796
4274,0.0069680786691606045
4275,0.006964811589568853
4276,0.0069624208845198154
4277,0.006959851831197739
4278,0.006958089768886566
4279,0.006955394521355629
4280,0.006952882744371891
4281,0.006950529292225838
4282,0.006948369555175304
4283,0.006947821006178856
4284,0.006946984678506851
4285,0.006945731118321419
4286,0.006944493856281042
4287,0.006943053100258112
4288,0.006941203959286213
4289,0.00694235460832715
4290,0.006938186939805746
4291,0.006937109399586916
4292,0.006935859099030495
4293,0.006934059783816338
4294,0.006931478623300791
4295,0.006926927715539932
4296,0.006939370185136795
4297,0.006923769600689411
4298,0.006922394037246704
4299,0.006921815685927868
4300,0.006921141874045134
4301,0.0069200871512293816
4302,0.006918203551322222
4303,0.006917133927345276
4304,0.006914607249200344
4305,0.006913037039339542
4306,0.006911430042237043
4307,0.006909571122378111
4308,0.006907293107360601
4309,0.006905056536197662
4310,0.0069034285843372345
4311,0.00690109096467495
4312,0.006899881176650524
4313,0.006897326093167067
4314,0.006895046681165695
4315,0.006892813835293055
4316,0.006891914177685976
4317,0.006889944896101952
4318,0.006888942793011665
4319,0.00688747875392437
4320,0.006885778158903122
4321,0.006884292233735323
4322,0.0068827420473098755
4323,0.006881519220769405
4324,0.006878797896206379
4325,0.0068762535229325294
4326,0.006873684469610453
4327,0.006871095858514309
4328,0.006868943106383085
4329,0.006867122836410999
4330,0.006864801049232483
4331,0.006863859482109547
4332,0.00686245271936059
4333,0.006860733963549137
4334,0.006858950015157461
4335,0.00685761496424675
4336,0.006856175139546394
4337,0.006855263840407133
4338,0.006854258012026548
4339,0.006852678023278713
4340,0.006850545294582844
4341,0.006848055403679609
4342,0.006845161318778992
4343,0.0068420832976698875
4344,0.006839710287749767
4345,0.0068378266878426075
4346,0.006835632957518101
4347,0.006833983585238457
4348,0.006830754689872265
4349,0.006826404016464949
4350,0.006833257153630257
4351,0.006821993738412857
4352,0.006820106878876686
4353,0.006818942725658417
4354,0.006817887537181377
4355,0.006816059350967407
4356,0.006813442334532738
4357,0.006810616701841354
4358,0.006808226928114891
4359,0.006805178709328175
4360,0.006803125608712435
4361,0.0068005905486643314
4362,0.006798583082854748
4363,0.006795975379645824
4364,0.006794504821300507
4365,0.006792895961552858
4366,0.006791329476982355
4367,0.006789512932300568
4368,0.006787003483623266
4369,0.006785040255635977
4370,0.006783123593777418
4371,0.006781479809433222
4372,0.006778736598789692
4373,0.006776666268706322
4374,0.00677394587546587
4375,0.006772405002266169
4376,0.00677059032022953
4377,0.006769021041691303
4378,0.006767496466636658
4379,0.0067658089101314545
4380,0.006764405407011509
4381,0.00676230201497674
4382,0.006759999319911003
4383,0.006756680551916361
4384,0.0067540365271270275
4385,0.006752045825123787
4386,0.006750165950506926
4387,0.006748791318386793
4388,0.006746400147676468
4389,0.006746866274625063
4390,0.006742317229509354
4391,0.006740591488778591
4392,0.006739282049238682
4393,0.0067382510751485825
4394,0.006736456416547298
4395,0.00673278421163559
4396,0.006734050344675779
4397,0.006728748790919781
4398,0.006727615371346474
4399,0.006726695224642754
4400,0.006725306622684002
4401,0.006722664460539818
4402,0.006718153599649668
4403,0.006715061143040657
4404,0.0067125409841537476
4405,0.006711497437208891
4406,0.006710757501423359
4407,0.006709344685077667
4408,0.006708272732794285
4409,0.006706533022224903
4410,0.00670531764626503
4411,0.006704313680529594
4412,0.006703079678118229
4413,0.006700686179101467
4414,0.006697258446365595
4415,0.0066955117508769035
4416,0.006691942922770977
4417,0.006689905188977718
4418,0.006688775960355997
4419,0.006687329150736332
4420,0.006685303524136543
4421,0.006682644598186016
4422,0.006679750978946686
4423,0.006677950266748667
4424,0.00667633255943656
4425,0.00667509064078331
4426,0.006673375144600868
4427,0.006672240793704987
4428,0.006671184208244085
4429,0.006670222617685795
4430,0.006668334361165762
4431,0.006665068678557873
4432,0.006666197441518307
4433,0.006659680046141148
4434,0.0066574630327522755
4435,0.006655566394329071
4436,0.006653517484664917
4437,0.006651510484516621
4438,0.0066490573808550835
4439,0.006646879017353058
4440,0.0066444287076592445
4441,0.006641445681452751
4442,0.006638513877987862
4443,0.006634690798819065
4444,0.006632612086832523
4445,0.006629310082644224
4446,0.006624748930335045
4447,0.006622824817895889
4448,0.006617807783186436
4449,0.006615639664232731
4450,0.006613792851567268
4451,0.006613434758037329
4452,0.006610650569200516
4453,0.006608911324292421
4454,0.006606895476579666
4455,0.006604963913559914
4456,0.006616167724132538
4457,0.006603423040360212
4458,0.006602122914046049
4459,0.006601304747164249
4460,0.006600093562155962
4461,0.006598782725632191
4462,0.006596948020160198
4463,0.006598541513085365
4464,0.0065935831516981125
4465,0.00659206323325634
4466,0.006590589880943298
4467,0.0065888818353414536
4468,0.0065861353650689125
4469,0.00658518448472023
4470,0.0065811267122626305
4471,0.006579644046723843
4472,0.006578151136636734
4473,0.006576711777597666
4474,0.006575034931302071
4475,0.00657325005158782
4476,0.006570639554411173
4477,0.00656890356913209
4478,0.006567603908479214
4479,0.006566146854311228
4480,0.006565057672560215
4481,0.0065640853717923164
4482,0.006563364528119564
4483,0.006561890244483948
4484,0.006559453904628754
4485,0.0065557220950722694
4486,0.006554154679179192
4487,0.0065511679276824
4488,0.0065496573224663734
4489,0.006548489909619093
4490,0.006546820513904095
4491,0.006544661708176136
4492,0.006542446091771126
4493,0.006540269590914249
4494,0.006539071910083294
4495,0.00653814384713769
4496,0.006535849999636412
4497,0.006533187348395586
4498,0.006529888138175011
4499,0.006527113728225231
4500,0.00652510579675436
4501,0.00652230205014348
4502,0.006519645918160677
4503,0.0065157185308635235
4504,0.006517583504319191
4505,0.006510070059448481
4506,0.006508300080895424
4507,0.006506901700049639
4508,0.006505057215690613
4509,0.006502711679786444
4510,0.006499930750578642
4511,0.00649772584438324
4512,0.006494781468063593
4513,0.00649237772449851
4514,0.006487284786999226
4515,0.006488459184765816
4516,0.006482353433966637
4517,0.006481161806732416
4518,0.006480349227786064
4519,0.006478922441601753
4520,0.0064775082282722
4521,0.006475130096077919
4522,0.006473136134445667
4523,0.006470491178333759
4524,0.006467494647949934
4525,0.006463909987360239
4526,0.006461156532168388
4527,0.0064577022567391396
4528,0.006457415409386158
4529,0.006454139016568661
4530,0.006452072411775589
4531,0.006449676584452391
4532,0.006447086110711098
4533,0.006446123123168945
4534,0.006443718448281288
4535,0.006442585028707981
4536,0.0064417095854878426
4537,0.006440524011850357
4538,0.006438920274376869
4539,0.006436448078602552
4540,0.006441992241889238
4541,0.006432775873690844
4542,0.006431320682168007
4543,0.006430373527109623
4544,0.006429358385503292
4545,0.0064279986545443535
4546,0.006425281520932913
4547,0.006428829859942198
4548,0.00642172759398818
4549,0.006420285906642675
4550,0.006419130600988865
4551,0.006417376920580864
4552,0.006414654664695263
4553,0.006418721750378609
4554,0.0064107635989785194
4555,0.006409202702343464
4556,0.0064078462310135365
4557,0.006406291387975216
4558,0.0064044832251966
4559,0.0064015621319413185
4560,0.006401394959539175
4561,0.006398198194801807
4562,0.006397128105163574
4563,0.006396383512765169
4564,0.006394642870873213
4565,0.006392299197614193
4566,0.006390395574271679
4567,0.0063889119774103165
4568,0.006387458182871342
4569,0.006386237218976021
4570,0.006385243032127619
4571,0.006382828112691641
4572,0.006380467675626278
4573,0.006378477439284325
4574,0.006377645768225193
4575,0.006376047618687153
4576,0.006374800112098455
4577,0.006373921874910593
4578,0.006372672971338034
4579,0.006370800081640482
4580,0.006369399838149548
4581,0.006367187015712261
4582,0.006365838926285505
4583,0.006364160217344761
4584,0.006362429820001125
4585,0.006360510364174843
4586,0.006359436083585024
4587,0.006358281709253788
4588,0.006357596255838871
4589,0.006357017904520035
4590,0.006355251185595989
4591,0.006353391334414482
4592,0.0063512446358799934
4593,0.006348079070448875
4594,0.006356230471283197
4595,0.006345074623823166
4596,0.006343679036945105
4597,0.006342628970742226
4598,0.006341045256704092
4599,0.006338270381093025
4600,0.006334110163152218
4601,0.006339265964925289
4602,0.0063287946395576
4603,0.0063268509693443775
4604,0.006325454916805029
4605,0.006323877722024918
4606,0.006320906803011894
4607,0.006316647864878178
4608,0.0063238488510251045
4609,0.006312925834208727
4610,0.006311510223895311
4611,0.006310576573014259
4612,0.006309505086392164
4613,0.006307884119451046
4614,0.006305511109530926
4615,0.006303179077804089
4616,0.006300400011241436
4617,0.006297866348177195
4618,0.006294736638665199
4619,0.00629207631573081
4620,0.006290012039244175
4621,0.006287948694080114
4622,0.006286788731813431
4623,0.006283175200223923
4624,0.006279913708567619
4625,0.006277923937886953
4626,0.00627630902454257
4627,0.006273884326219559
4628,0.006271208170801401
4629,0.006268966011703014
4630,0.006266248878091574
4631,0.006264290772378445
4632,0.006261295173317194
4633,0.006256763823330402
4634,0.0062529887072741985
4635,0.00624881312251091
4636,0.006245986558496952
4637,0.006244036369025707
4638,0.0062428731471300125
4639,0.00624000933021307
4640,0.0062376344576478004
4641,0.006236003711819649
4642,0.006234689615666866
4643,0.006232022307813168
4644,0.006230331026017666
4645,0.006227979436516762
4646,0.006224869750440121
4647,0.006224379874765873
4648,0.006219685077667236
4649,0.006217645481228828
4650,0.006215762346982956
4651,0.0062137022614479065
4652,0.006209864746779203
4653,0.0062151518650352955
4654,0.006202864460647106
4655,0.006200031377375126
4656,0.006197488866746426
4657,0.006194557994604111
4658,0.006188714876770973
4659,0.0062006814405322075
4660,0.006180795840919018
4661,0.006177824921905994
4662,0.0061751725152134895
4663,0.006172371096909046
4664,0.0061703892424702644
4665,0.006168612744659185
4666,0.006165683269500732
4667,0.0061635891906917095
4668,0.00616008136421442
4669,0.006157734896987677
4670,0.00615431135520339
4671,0.006152555346488953
4672,0.00615104753524065
4673,0.006149306893348694
4674,0.006150670815259218
4675,0.006146726664155722
4676,0.006145508028566837
4677,0.006144464015960693
4678,0.0061434111557900906
4679,0.006141608580946922
4680,0.006140224169939756
4681,0.006136853713542223
4682,0.0061353761702775955
4683,0.0061342185363173485
4684,0.006133058108389378
4685,0.006130796857178211
4686,0.00612700916826725
4687,0.006123824045062065
4688,0.006121437530964613
4689,0.00611921027302742
4690,0.006117362529039383
4691,0.006115351803600788
4692,0.006113629322499037
4693,0.006111741531640291
4694,0.006110761314630508
4695,0.006109666079282761
4696,0.006108527537435293
4697,0.006106541026383638
4698,0.006104892119765282
4699,0.006103512365370989
4700,0.006102148909121752
4701,0.00609961524605751
4702,0.006097258999943733
4703,0.0060957372188568115
4704,0.006093449424952269
4705,0.006091617047786713
4706,0.006088517140597105
4707,0.006084667518734932
4708,0.006093491800129414
4709,0.006081332452595234
4710,0.006080023478716612
4711,0.006079245358705521
4712,0.006078245118260384
4713,0.006076700519770384
4714,0.006073277443647385
4715,0.006075079087167978
4716,0.006068723276257515
4717,0.006067256443202496
4718,0.0060662138275802135
4719,0.006065117195248604
4720,0.006063343025743961
4721,0.006061034742742777
4722,0.006058539263904095
4723,0.006066673900932074
4724,0.0060554491356015205
4725,0.0060536060482263565
4726,0.006051661446690559
4727,0.006049296818673611
4728,0.006047245115041733
4729,0.00604505930095911
4730,0.006043852306902409
4731,0.006043043918907642
4732,0.006042493507266045
4733,0.006041308864951134
4734,0.006039585918188095
4735,0.006037244573235512
4736,0.006035389378666878
4737,0.006033673882484436
4738,0.0060319434851408005
4739,0.0060308766551315784
4740,0.006028878036886454
4741,0.00602789968252182
4742,0.006025840528309345
4743,0.006024899426847696
4744,0.006024007685482502
4745,0.006022942252457142
4746,0.006021714769303799
4747,0.006020085886120796
4748,0.0060184551402926445
4749,0.006017560604959726
4750,0.0060166968032717705
4751,0.006015901919454336
4752,0.0060149673372507095
4753,0.006013716571033001
4754,0.006011809688061476
4755,0.006011654157191515
4756,0.006008473224937916
4757,0.006007269956171513
4758,0.006006320007145405
4759,0.006005357950925827
4760,0.006003441754728556
4761,0.006002887152135372
4762,0.00600008387118578
4763,0.005999128334224224
4764,0.005998420529067516
4765,0.005997451022267342
4766,0.00599557813256979
4767,0.005993650294840336
4768,0.0059921215288341045
4769,0.005990985315293074
4770,0.005990156903862953
4771,0.005989082157611847
4772,0.005987767595797777
4773,0.0059864697977900505
4774,0.0059850383549928665
4775,0.0059823752380907536
4776,0.005979964509606361
4777,0.005976781249046326
4778,0.0059761302545666695
4779,0.005973218474537134
4780,0.005972635932266712
4781,0.005972214043140411
4782,0.005971922539174557
4783,0.005971604026854038
4784,0.005971123464405537
4785,0.005970306694507599
4786,0.005968866404145956
4787,0.005967151373624802
4788,0.00596831226721406
4789,0.005965647287666798
4790,0.005964986048638821
4791,0.005964479874819517
4792,0.005963674746453762
4793,0.005962364375591278
4794,0.005961720831692219
4795,0.005959723610430956
4796,0.005958650726824999
4797,0.005957677029073238
4798,0.00595678947865963
4799,0.00595523277297616
4800,0.005954037420451641
4801,0.005952958017587662
4802,0.005951997824013233
4803,0.005950596649199724
4804,0.005947913974523544
4805,0.005946828983724117
4806,0.005944334901869297
4807,0.005943210329860449
4808,0.005942247807979584
4809,0.005941085517406464
4810,0.005944561213254929
4811,0.005939939059317112
4812,0.005939404014497995
4813,0.00593910738825798
4814,0.005938757210969925
4815,0.005938257090747356
4816,0.005937500856816769
4817,0.00593674648553133
4818,0.005935549736022949
4819,0.005934616085141897
4820,0.00593327172100544
4821,0.005931029561907053
4822,0.00592944398522377
4823,0.005927688907831907
4824,0.00592621136456728
4825,0.005925138480961323
4826,0.005923410877585411
4827,0.00592223834246397
4828,0.005920147057622671
4829,0.005918952636420727
4830,0.005917584989219904
4831,0.005915927235037088
4832,0.005914366338402033
4833,0.005912880413234234
4834,0.005911839660257101
4835,0.0059103406965732574
4836,0.005908571649342775
4837,0.005906234961003065
4838,0.005903186742216349
4839,0.005900453310459852
4840,0.005897868424654007
4841,0.0058968691155314445
4842,0.005895758513361216
4843,0.005894135683774948
4844,0.005892776884138584
4845,0.005891858134418726
4846,0.005890238098800182
4847,0.005888664163649082
4848,0.0058870986104011536
4849,0.005885369144380093
4850,0.005884051322937012
4851,0.005883112549781799
4852,0.005882039200514555
4853,0.005880221724510193
4854,0.005878819618374109
4855,0.0058767544105648994
4856,0.005875817500054836
4857,0.0058748493902385235
4858,0.005873982794582844
4859,0.005871768109500408
4860,0.005870606750249863
4861,0.005868141073733568
4862,0.005866930820047855
4863,0.005865604151040316
4864,0.005863524507731199
4865,0.00586234824731946
4866,0.005860516801476479
4867,0.005859557539224625
4868,0.005858614109456539
4869,0.005857877433300018
4870,0.005856653209775686
4871,0.005855340976268053
4872,0.0058542522601783276
4873,0.005853052716702223
4874,0.005851156078279018
4875,0.005849746987223625
4876,0.005847244057804346
4877,0.005845813080668449
4878,0.00584418186917901
4879,0.005842041224241257
4880,0.0058381701819598675
4881,0.005840715952217579
4882,0.005833084229379892
4883,0.005831372458487749
4884,0.005830133333802223
4885,0.005828167777508497
4886,0.005827117711305618
4887,0.005824282765388489
4888,0.005822509527206421
4889,0.0058210138231515884
4890,0.005819116719067097
4891,0.005821408238261938
4892,0.005815758835524321
4893,0.00581454299390316
4894,0.00581336161121726
4895,0.005812020041048527
4896,0.005810420028865337
4897,0.005808349698781967
4898,0.005807172507047653
4899,0.005804780870676041
4900,0.005804588086903095
4901,0.005802209489047527
4902,0.005801012739539146
4903,0.005799334030598402
4904,0.005797415506094694
4905,0.005794836673885584
4906,0.005802241154015064
4907,0.0057929325848817825
4908,0.0057920245453715324
4909,0.005791437812149525
4910,0.005790417082607746
4911,0.005788903683423996
4912,0.00578745873644948
4913,0.005785119719803333
4914,0.005783439613878727
4915,0.005780850537121296
4916,0.0057792458683252335
4917,0.005777774378657341
4918,0.005776742938905954
4919,0.005775547120720148
4920,0.005774142220616341
4921,0.005772514268755913
4922,0.005773682612925768
4923,0.005770211573690176
4924,0.005769086070358753
4925,0.00576825812458992
4926,0.005767283029854298
4927,0.005765870679169893
4928,0.005762331187725067
4929,0.005766764748841524
4930,0.005759291350841522
4931,0.005758387967944145
4932,0.005757993087172508
4933,0.005757662933319807
4934,0.0057571055367589
4935,0.005756128579378128
4936,0.005754460580646992
4937,0.00575343519449234
4938,0.005752022843807936
4939,0.0057511101476848125
4940,0.005750387441366911
4941,0.005749227479100227
4942,0.005746970418840647
4943,0.005748077295720577
4944,0.005744562018662691
4945,0.005743740126490593
4946,0.005743171088397503
4947,0.005742607172578573
4948,0.005741392727941275
4949,0.00573916919529438
4950,0.005739983171224594
4951,0.005736189894378185
4952,0.005735243204981089
4953,0.005734417587518692
4954,0.005733342841267586
4955,0.005732379853725433
4956,0.00573129253461957
4957,0.005730301607400179
4958,0.005729093216359615
4959,0.005727421026676893
4960,0.005725533701479435
4961,0.005724015645682812
4962,0.005722147412598133
4963,0.005720866844058037
4964,0.005719039589166641
4965,0.005717139225453138
4966,0.005715442821383476
4967,0.005713651888072491
4968,0.005711686797440052
4969,0.005709369201213121
4970,0.005707268137484789
4971,0.005705594550818205
4972,0.0057043214328587055
4973,0.005703176371753216
4974,0.00570109486579895
4975,0.0057002161629498005
4976,0.005696961656212807
4977,0.005695947911590338
4978,0.005695034749805927
4979,0.005694212391972542
4980,0.005692153237760067
4981,0.00569410203024745
4982,0.0056892572902143
4983,0.005688149947673082
4984,0.005687433294951916
4985,0.005686639342457056
4986,0.005685264244675636
4987,0.00568263279274106
4988,0.005680830217897892
4989,0.005679199006408453
4990,0.005679409019649029
4991,0.005677498877048492
4992,0.005676685832440853
4993,0.005675761494785547
4994,0.005674911662936211
4995,0.005673813167959452
4996,0.00567310256883502
4997,0.005671216640621424
4998,0.005670114886015654
4999,0.00566919706761837
5000,0.005668605212122202
5001,0.005666940473020077
5002,0.005664271768182516
5003,0.005662837997078896
5004,0.005660528317093849
5005,0.005659288261085749
5006,0.005658614449203014
5007,0.005657787900418043
5008,0.00565674714744091
5009,0.00565559696406126
5010,0.005654164589941502
5011,0.005653106141835451
5012,0.00565147353336215
5013,0.005655291955918074
5014,0.00564925093203783
5015,0.005648369900882244
5016,0.005647698417305946
5017,0.005646876059472561
5018,0.0056455908343195915
5019,0.005643762182444334
5020,0.005642016883939505
5021,0.005640762858092785
5022,0.005639121867716312
5023,0.005638274364173412
5024,0.0056369723752141
5025,0.005635628942400217
5026,0.005634442903101444
5027,0.005632692016661167
5028,0.005631751846522093
5029,0.00563184404745698
5030,0.0056299129500985146
5031,0.005629251711070538
5032,0.005628600716590881
5033,0.005627963226288557
5034,0.005626940168440342
5035,0.005624996032565832
5036,0.005623802542686462
5037,0.005622437223792076
5038,0.005621755495667458
5039,0.005621057003736496
5040,0.005619934760034084
5041,0.0056177424266934395
5042,0.005616980604827404
5043,0.0056150322780013084
5044,0.005614297464489937
5045,0.005613832734525204
5046,0.005613032262772322
5047,0.005611923988908529
5048,0.005610172636806965
5049,0.005608926527202129
5050,0.005607904400676489
5051,0.005607339553534985
5052,0.00560676259920001
5053,0.005605893675237894
5054,0.005604024976491928
5055,0.005602255463600159
5056,0.005600727628916502
5057,0.005599864758551121
5058,0.00559921283274889
5059,0.005598090589046478
5060,0.0055962554179131985
5061,0.005594911985099316
5062,0.005593785550445318
5063,0.005592049099504948
5064,0.005590480752289295
5065,0.005588361993432045
5066,0.005586756858974695
5067,0.005584189668297768
5068,0.005582116078585386
5069,0.005580182187259197
5070,0.005577153526246548
5071,0.005574934650212526
5072,0.005571461282670498
5073,0.005570272449404001
5074,0.005568976514041424
5075,0.005567474290728569
5076,0.005564907565712929
5077,0.005562211386859417
5078,0.005559940356761217
5079,0.005558171309530735
5080,0.0055562518537044525
5081,0.005553490947932005
5082,0.005555019713938236
5083,0.0055499086156487465
5084,0.005548647604882717
5085,0.00554778054356575
5086,0.005546861793845892
5087,0.005544756539165974
5088,0.005543108563870192
5089,0.005540365353226662
5090,0.0055385008454322815
5091,0.00553688732907176
5092,0.00553518533706665
5093,0.005532334558665752
5094,0.00552789494395256
5095,0.005529987160116434
5096,0.005522248335182667
5097,0.005520503036677837
5098,0.005519167520105839
5099,0.005517852026969194
5100,0.005516932345926762
5101,0.005515865050256252
5102,0.0055149393156170845
5103,0.005514342337846756
5104,0.00551295280456543
5105,0.0055117979645729065
5106,0.005509743932634592
5107,0.005508857779204845
5108,0.005506259389221668
5109,0.005504968110471964
5110,0.005503830965608358
5111,0.005502474028617144
5112,0.0055008623749017715
5113,0.005498558282852173
5114,0.005496581085026264
5115,0.00549535546451807
5116,0.005494191776961088
5117,0.005492051597684622
5118,0.005491338670253754
5119,0.005488745868206024
5120,0.0054880790412425995
5121,0.005487280432134867
5122,0.005486049689352512
5123,0.005483285523951054
5124,0.005483711138367653
5125,0.005479235667735338
5126,0.005477938335388899
5127,0.005477024242281914
5128,0.005475888028740883
5129,0.005473928060382605
5130,0.005471619311720133
5131,0.005469866096973419
5132,0.005467601586133242
5133,0.005465964786708355
5134,0.005463387817144394
5135,0.0054617151618003845
5136,0.005459083244204521
5137,0.005457448307424784
5138,0.005456431768834591
5139,0.005455097649246454
5140,0.005452299490571022
5141,0.0054495735093951225
5142,0.00544753298163414
5143,0.005445900838822126
5144,0.005444532260298729
5145,0.005443357862532139
5146,0.005440917331725359
5147,0.005439348518848419
5148,0.00543614849448204
5149,0.005433912388980389
5150,0.005432194098830223
5151,0.005430466961115599
5152,0.0054297251626849174
5153,0.005428182892501354
5154,0.005427557043731213
5155,0.005426676012575626
5156,0.005425991956144571
5157,0.005424858070909977
5158,0.005422660615295172
5159,0.005422438960522413
5160,0.005418926477432251
5161,0.005417726002633572
5162,0.005416973493993282
5163,0.005416411906480789
5164,0.005415376275777817
5165,0.005414121318608522
5166,0.0054132891818881035
5167,0.005411508493125439
5168,0.005411149468272924
5169,0.005409030243754387
5170,0.005408225581049919
5171,0.005407231859862804
5172,0.005405968986451626
5173,0.005407210439443588
5174,0.005404280498623848
5175,0.005403507966548204
5176,0.0054028513841331005
5177,0.0054022702388465405
5178,0.0054014879278838634
5179,0.005400551948696375
5180,0.005398704670369625
5181,0.005397111177444458
5182,0.005395675078034401
5183,0.005394293460994959
5184,0.005394316278398037
5185,0.0053914510644972324
5186,0.005390099249780178
5187,0.0053887516260147095
5188,0.005387482699006796
5189,0.005388285499066114
5190,0.005385253578424454
5191,0.005384293384850025
5192,0.005383426323533058
5193,0.0053827203810215
5194,0.005381631199270487
5195,0.005379967857152224
5196,0.005377841182053089
5197,0.005376474466174841
5198,0.0053739044815301895
5199,0.005372093990445137
5200,0.005369814578443766
5201,0.005367652513086796
5202,0.00536500196903944
5203,0.005362731870263815
5204,0.005362662021070719
5205,0.005360529758036137
5206,0.005359998904168606
5207,0.0053594377823174
5208,0.005358914844691753
5209,0.005357624962925911
5210,0.005356569774448872
5211,0.005353973712772131
5212,0.005353053566068411
5213,0.0053520845249295235
5214,0.00535135343670845
5215,0.005350046791136265
5216,0.005349068436771631
5217,0.005347619764506817
5218,0.005346889141947031
5219,0.005346311256289482
5220,0.0053454129956662655
5221,0.005343243945389986
5222,0.005340746603906155
5223,0.005338468123227358
5224,0.00533710140734911
5225,0.005335478577762842
5226,0.005334154702723026
5227,0.005332454107701778
5228,0.005330605432391167
5229,0.005329377483576536
5230,0.005326973740011454
5231,0.005325712263584137
5232,0.00532336812466383
5233,0.005332617089152336
5234,0.005320738535374403
5235,0.005319262854754925
5236,0.005318319890648127
5237,0.005317642353475094
5238,0.00531669519841671
5239,0.0053154826164245605
5240,0.00531395198777318
5241,0.005312600173056126
5242,0.005311155691742897
5243,0.005312242079526186
5244,0.0053095743060112
5245,0.005308721214532852
5246,0.00530761294066906
5247,0.005306405480951071
5248,0.0053048646077513695
5249,0.00530179962515831
5250,0.005297788418829441
5251,0.005295557901263237
5252,0.005293357651680708
5253,0.005292260088026524
5254,0.005290413741022348
5255,0.005288716405630112
5256,0.005286653991788626
5257,0.005285213701426983
5258,0.005283718928694725
5259,0.005282429046928883
5260,0.005280901677906513
5261,0.005277962889522314
5262,0.005273871123790741
5263,0.005272793583571911
5264,0.005267891567200422
5265,0.005265934392809868
5266,0.005264184437692165
5267,0.005262164399027824
5268,0.005260209087282419
5269,0.005258152261376381
5270,0.005256506148725748
5271,0.005254545249044895
5272,0.005252104718238115
5273,0.0052486686035990715
5274,0.005246995948255062
5275,0.0052442243322730064
5276,0.005242649465799332
5277,0.005241219885647297
5278,0.005238869693130255
5279,0.005235497839748859
5280,0.005232076160609722
5281,0.005230328068137169
5282,0.005227743647992611
5283,0.005226018838584423
5284,0.005222456529736519
5285,0.005218078847974539
5286,0.005214361008256674
5287,0.0052120378240942955
5288,0.0052099404856562614
5289,0.005208016373217106
5290,0.005205191671848297
5291,0.005203145556151867
5292,0.005200843792408705
5293,0.005199048202484846
5294,0.00519691314548254
5295,0.005194301716983318
5296,0.005195398814976215
5297,0.0051919762045145035
5298,0.0051912604831159115
5299,0.005190724972635508
5300,0.005189947318285704
5301,0.005188412964344025
5302,0.0051865968853235245
5303,0.00518392026424408
5304,0.00518166134133935
5305,0.005180152133107185
5306,0.00517922593280673
5307,0.005178368184715509
5308,0.00517742894589901
5309,0.005176946986466646
5310,0.005175657104700804
5311,0.005174619145691395
5312,0.005173882469534874
5313,0.005173118785023689
5314,0.0051712896674871445
5315,0.005168365780264139
5316,0.0051663946360349655
5317,0.005165033973753452
5318,0.0051643517799675465
5319,0.005163342226296663
5320,0.005162280984222889
5321,0.0051606763154268265
5322,0.005159543361514807
5323,0.005158360581845045
5324,0.005157376639544964
5325,0.005154943093657494
5326,0.005152532830834389
5327,0.005150308832526207
5328,0.005148601718246937
5329,0.005146810784935951
5330,0.005145628936588764
5331,0.005142882466316223
5332,0.0051461756229400635
5333,0.005140051711350679
5334,0.00513889454305172
5335,0.005137809552252293
5336,0.005136398132890463
5337,0.005134066566824913
5338,0.0051324921660125256
5339,0.005129177123308182
5340,0.0051269568502902985
5341,0.005125387106090784
5342,0.005123629234731197
5343,0.005121537484228611
5344,0.005119370762258768
5345,0.005118097644299269
5346,0.00511499959975481
5347,0.005112061742693186
5348,0.0051081860437989235
5349,0.005107026547193527
5350,0.005104187875986099
5351,0.005102947354316711
5352,0.005102101247757673
5353,0.005100815556943417
5354,0.0050983973778784275
5355,0.005095880478620529
5356,0.005093012470752001
5357,0.005091743543744087
5358,0.005090240389108658
5359,0.005088447593152523
5360,0.005086672026664019
5361,0.005084827542304993
5362,0.0051020672544837
5363,0.005083967465907335
5364,0.005082734860479832
5365,0.005082308314740658
5366,0.005081730894744396
5367,0.005080913659185171
5368,0.005079379305243492
5369,0.005076331086456776
5370,0.0050795977003872395
5371,0.005071674473583698
5372,0.005069846753031015
5373,0.005068467929959297
5374,0.005067086778581142
5375,0.0050650909543037415
5376,0.00506186718121171
5377,0.00506680179387331
5378,0.005058375187218189
5379,0.005057221278548241
5380,0.005056510679423809
5381,0.005055582150816917
5382,0.0050539616495370865
5383,0.005051019601523876
5384,0.005057977512478828
5385,0.005048406310379505
5386,0.005047359969466925
5387,0.005046747624874115
5388,0.005045913625508547
5389,0.005044580902904272
5390,0.005042409058660269
5391,0.00504301255568862
5392,0.005038359668105841
5393,0.005036605522036552
5394,0.005035306792706251
5395,0.005034253932535648
5396,0.005032883025705814
5397,0.005030419211834669
5398,0.005028075538575649
5399,0.005026909522712231
5400,0.005025293678045273
5401,0.00502429436892271
5402,0.005023451521992683
5403,0.005021753720939159
5404,0.005019376054406166
5405,0.005017179064452648
5406,0.005015836097300053
5407,0.005014539696276188
5408,0.00501262815669179
5409,0.005010929889976978
5410,0.005009088199585676
5411,0.005007522646337748
5412,0.005005017854273319
5413,0.005002875812351704
5414,0.005000255536288023
5415,0.004998098127543926
5416,0.004998570308089256
5417,0.004995851777493954
5418,0.004994723480194807
5419,0.004993772134184837
5420,0.004992715548723936
5421,0.004990636836737394
5422,0.004987274296581745
5423,0.004984328988939524
5424,0.004982625599950552
5425,0.004980823490768671
5426,0.004979399964213371
5427,0.004978020675480366
5428,0.0049750166945159435
5429,0.004972947761416435
5430,0.004970942623913288
5431,0.004973345436155796
5432,0.004968553781509399
5433,0.004967452026903629
5434,0.004966662265360355
5435,0.004965821281075478
5436,0.0049643442034721375
5437,0.004962380044162273
5438,0.004960488062351942
5439,0.004959222860634327
5440,0.00495787663385272
5441,0.004956534132361412
5442,0.004953508730977774
5443,0.0049499087035655975
5444,0.0049473075196146965
5445,0.0049454583786427975
5446,0.004943800158798695
5447,0.004942786879837513
5448,0.004940683953464031
5449,0.004938181489706039
5450,0.00493636867031455
5451,0.004934895783662796
5452,0.00493362732231617
5453,0.00493275560438633
5454,0.0049320003017783165
5455,0.004930471535772085
5456,0.004928981885313988
5457,0.004927663132548332
5458,0.004926431458443403
5459,0.004924718290567398
5460,0.004923081025481224
5461,0.0049215760082006454
5462,0.004919765051454306
5463,0.0049181911163032055
5464,0.004917135927826166
5465,0.004915561527013779
5466,0.004914863035082817
5467,0.004913621116429567
5468,0.004911645781248808
5469,0.004909815266728401
5470,0.004908741917461157
5471,0.004907228052616119
5472,0.004906032234430313
5473,0.004904101137071848
5474,0.004903374705463648
5475,0.004901435691863298
5476,0.004900604952126741
5477,0.004899801220744848
5478,0.004898648709058762
5479,0.004897290375083685
5480,0.0048959990963339806
5481,0.0048949262127280235
5482,0.0048934039659798145
5483,0.004892193712294102
5484,0.004890508484095335
5485,0.004891537129878998
5486,0.004888544324785471
5487,0.0048878006637096405
5488,0.004887173883616924
5489,0.00488654151558876
5490,0.004885316360741854
5491,0.004883411340415478
5492,0.004881759639829397
5493,0.004880734719336033
5494,0.004879791289567947
5495,0.004879224579781294
5496,0.004878067411482334
5497,0.004878256469964981
5498,0.00487605482339859
5499,0.004875273443758488
5500,0.004874664358794689
5501,0.004874085076153278
5502,0.0048727053217589855
5503,0.004869830794632435
5504,0.004869939759373665
5505,0.004866511095315218
5506,0.004865617491304874
5507,0.004864959511905909
5508,0.0048639713786542416
5509,0.004862545058131218
5510,0.004861356690526009
5511,0.004859413485974073
5512,0.0048585133627057076
5513,0.0048575690016150475
5514,0.004856569692492485
5515,0.004855155944824219
5516,0.004853721242398024
5517,0.004852290265262127
5518,0.004851061850786209
5519,0.00484934076666832
5520,0.004849233664572239
5521,0.00484771654009819
5522,0.0048471372574567795
5523,0.004846430849283934
5524,0.004845716059207916
5525,0.004844743758440018
5526,0.0048439824022352695
5527,0.004843051545321941
5528,0.0048424857668578625
5529,0.004841599613428116
5530,0.004840344190597534
5531,0.004838142544031143
5532,0.004836053587496281
5533,0.004833944607526064
5534,0.004832725040614605
5535,0.0048313867300748825
5536,0.004830476827919483
5537,0.004829016979783773
5538,0.0048270029947161674
5539,0.004824688192456961
5540,0.00482558086514473
5541,0.004822777584195137
5542,0.004822016693651676
5543,0.004821253940463066
5544,0.004820309579372406
5545,0.004818720743060112
5546,0.004815981257706881
5547,0.0048151519149541855
5548,0.004810985177755356
5549,0.004808841273188591
5550,0.004807361401617527
5551,0.004805940203368664
5552,0.0048071835190057755
5553,0.004803945310413837
5554,0.004803023301064968
5555,0.0048020100221037865
5556,0.004801063798367977
5557,0.004799846559762955
5558,0.00479639507830143
5559,0.004795397631824017
5560,0.004790757782757282
5561,0.004789154045283794
5562,0.004787920042872429
5563,0.004786797799170017
5564,0.004785802215337753
5565,0.004784524440765381
5566,0.004783234558999538
5567,0.004782247357070446
5568,0.004780765622854233
5569,0.004779016599059105
5570,0.00477704219520092
5571,0.00477469339966774
5572,0.004772125743329525
5573,0.00477003026753664
5574,0.004768387880176306
5575,0.004766522906720638
5576,0.004764774814248085
5577,0.00476344209164381
5578,0.0047621941193938255
5579,0.0047605885192751884
5580,0.004758755676448345
5581,0.004757409915328026
5582,0.004755737259984016
5583,0.004754195921123028
5584,0.004751727916300297
5585,0.004748951178044081
5586,0.0047463360242545605
5587,0.004744787234812975
5588,0.004743501078337431
5589,0.004742185585200787
5590,0.0047397306188941
5591,0.004737241193652153
5592,0.004734550602734089
5593,0.004731952212750912
5594,0.004728800617158413
5595,0.0047350493259727955
5596,0.004726236220449209
5597,0.00472512561827898
5598,0.004724356345832348
5599,0.00472363131120801
5600,0.004722504410892725
5601,0.004720126278698444
5602,0.004719194024801254
5603,0.004716385621577501
5604,0.0047151874750852585
5605,0.0047143930569291115
5606,0.004713229835033417
5607,0.004714615177363157
5608,0.004710816778242588
5609,0.004709696397185326
5610,0.004708658903837204
5611,0.004707806743681431
5612,0.004705896135419607
5613,0.0047023706138134
5614,0.0047010984271764755
5615,0.00469926418736577
5616,0.004698402248322964
5617,0.004697710275650024
5618,0.00469635846093297
5619,0.00469700712710619
5620,0.00469380896538496
5621,0.004692831542342901
5622,0.00469208275899291
5623,0.004691514186561108
5624,0.004690513946115971
5625,0.00468897819519043
5626,0.004687638022005558
5627,0.004686456173658371
5628,0.00468512624502182
5629,0.004684437066316605
5630,0.004683011211454868
5631,0.004680297337472439
5632,0.004686545580625534
5633,0.0046764216385781765
5634,0.004674600902944803
5635,0.00467320391908288
5636,0.004671820439398289
5637,0.004669980611652136
5638,0.004668589681386948
5639,0.004665556829422712
5640,0.004663369618356228
5641,0.004661203362047672
5642,0.004658916499465704
5643,0.004657123237848282
5644,0.004654714837670326
5645,0.004653054289519787
5646,0.0046512652188539505
5647,0.004649009555578232
5648,0.004645338747650385
5649,0.0046494267880916595
5650,0.004640105180442333
5651,0.004638283513486385
5652,0.004636629018932581
5653,0.004635190591216087
5654,0.0046338485553860664
5655,0.0046321614645421505
5656,0.004630643408745527
5657,0.0046292999759316444
5658,0.004627760965377092
5659,0.004625198896974325
5660,0.004623936489224434
5661,0.004621466621756554
5662,0.004620284773409367
5663,0.004619544371962547
5664,0.004619248677045107
5665,0.004618245176970959
5666,0.004617167171090841
5667,0.004616131074726582
5668,0.004615181125700474
5669,0.004613608121871948
5670,0.00461680069565773
5671,0.0046102493070065975
5672,0.004608911462128162
5673,0.004607904236763716
5674,0.004606889560818672
5675,0.004605808760970831
5676,0.004604620393365622
5677,0.004603916313499212
5678,0.004602661356329918
5679,0.004601561930030584
5680,0.004600174259394407
5681,0.004598274361342192
5682,0.004597147926688194
5683,0.004594690166413784
5684,0.004593474790453911
5685,0.004591910168528557
5686,0.004595234990119934
5687,0.004590092226862907
5688,0.004589326214045286
5689,0.0045887199230492115
5690,0.004588136449456215
5691,0.0045872339978814125
5692,0.0045851292088627815
5693,0.004583953879773617
5694,0.004580249078571796
5695,0.004578558728098869
5696,0.0045769354328513145
5697,0.004575405269861221
5698,0.0045729042030870914
5699,0.004571897909045219
5700,0.004569460172206163
5701,0.004568448290228844
5702,0.004567592870444059
5703,0.004566546063870192
5704,0.004564317408949137
5705,0.004563004244118929
5706,0.004559653345495462
5707,0.00455810409039259
5708,0.004556773696094751
5709,0.004555704537779093
5710,0.004554445389658213
5711,0.004552152007818222
5712,0.004550066310912371
5713,0.0045490446500480175
5714,0.004547920078039169
5715,0.004546833224594593
5716,0.0045457640662789345
5717,0.00454426184296608
5718,0.004547040909528732
5719,0.004542745649814606
5720,0.004542104434221983
5721,0.004541608039289713
5722,0.004540955647826195
5723,0.004539882764220238
5724,0.004538002889603376
5725,0.004537224303930998
5726,0.0045357802882790565
5727,0.004535278771072626
5728,0.0045347558334469795
5729,0.004534001462161541
5730,0.00453304685652256
5731,0.00453193997964263
5732,0.004530842415988445
5733,0.004529967438429594
5734,0.004529073368757963
5735,0.004527966026216745
5736,0.004526603501290083
5737,0.004524380899965763
5738,0.004522501956671476
5739,0.00452070776373148
5740,0.004519431386142969
5741,0.004517641384154558
5742,0.004516214597970247
5743,0.004513814579695463
5744,0.004511833190917969
5745,0.004509433172643185
5746,0.004508244805037975
5747,0.0045073446817696095
5748,0.004506591707468033
5749,0.004506014287471771
5750,0.004505094140768051
5751,0.0045038447715342045
5752,0.004502645693719387
5753,0.004500867798924446
5754,0.0044993250630795956
5755,0.0044982158578932285
5756,0.004497030284255743
5757,0.004494889173656702
5758,0.004492865409702063
5759,0.0044913687743246555
5760,0.0044893440790474415
5761,0.004488272592425346
5762,0.004487141501158476
5763,0.004484276287257671
5764,0.004481949377804995
5765,0.004479362163692713
5766,0.004476164001971483
5767,0.004473615903407335
5768,0.004472502041608095
5769,0.004471125081181526
5770,0.004470439627766609
5771,0.004469315055757761
5772,0.004470908083021641
5773,0.004467276390641928
5774,0.004466142505407333
5775,0.004465088248252869
5776,0.004464182071387768
5777,0.004463082179427147
5778,0.00446194875985384
5779,0.00446052011102438
5780,0.004459582269191742
5781,0.004458509385585785
5782,0.004457015544176102
5783,0.004460065625607967
5784,0.004454391077160835
5785,0.004453349858522415
5786,0.0044526406563818455
5787,0.004451842978596687
5788,0.0044504678808152676
5789,0.004450342617928982
5790,0.004446860868483782
5791,0.004445292055606842
5792,0.0044439914636313915
5793,0.004443017300218344
5794,0.004441643133759499
5795,0.004439912736415863
5796,0.004438414238393307
5797,0.004437339026480913
5798,0.004436453338712454
5799,0.004434908740222454
5800,0.004432276822626591
5801,0.004431953653693199
5802,0.00442829355597496
5803,0.0044268649071455
5804,0.004425522405654192
5805,0.004424218088388443
5806,0.004422975704073906
5807,0.004421854391694069
5808,0.004420087207108736
5809,0.004419032484292984
5810,0.004416740965098143
5811,0.004416903480887413
5812,0.0044133528135716915
5813,0.004412274807691574
5814,0.004411420784890652
5815,0.004410580266267061
5816,0.004409710876643658
5817,0.004407874774187803
5818,0.004405971150845289
5819,0.004404714796692133
5820,0.004403853788971901
5821,0.004402675665915012
5822,0.004401666112244129
5823,0.004399898461997509
5824,0.0043972632847726345
5825,0.004396068397909403
5826,0.004393777344375849
5827,0.004392534028738737
5828,0.0043912483379244804
5829,0.0043890224769711494
5830,0.004386738874018192
5831,0.004384246189147234
5832,0.00438249297440052
5833,0.004380615893751383
5834,0.004378861747682095
5835,0.004377197474241257
5836,0.0043749078176915646
5837,0.004372891504317522
5838,0.00437110336497426
5839,0.00436970591545105
5840,0.004366600885987282
5841,0.004364115186035633
5842,0.004362358711659908
5843,0.004360815975815058
5844,0.0043598138727247715
5845,0.004357297904789448
5846,0.004355897661298513
5847,0.004354409873485565
5848,0.004353013355284929
5849,0.004351330921053886
5850,0.004348410293459892
5851,0.004344572313129902
5852,0.004341373220086098
5853,0.004338894039392471
5854,0.004336666315793991
5855,0.0043338993564248085
5856,0.004330421797931194
5857,0.004327129572629929
5858,0.00432581314817071
5859,0.004324767738580704
5860,0.0043238746002316475
5861,0.004322788678109646
5862,0.004320835694670677
5863,0.004317792598158121
5864,0.004322588909417391
5865,0.004314311780035496
5866,0.0043129511177539825
5867,0.004312113858759403
5868,0.00431109918281436
5869,0.0043098339810967445
5870,0.004308172967284918
5871,0.004306778311729431
5872,0.004304954782128334
5873,0.004303799010813236
5874,0.004302823916077614
5875,0.004301533102989197
5876,0.00429984787479043
5877,0.004297562874853611
5878,0.00429616030305624
5879,0.0042934357188642025
5880,0.004292052239179611
5881,0.004290981218218803
5882,0.004290159326046705
5883,0.0042884512804448605
5884,0.004285900387912989
5885,0.0042832959443330765
5886,0.004281836096197367
5887,0.004279607906937599
5888,0.004278270993381739
5889,0.004275952931493521
5890,0.004273605067282915
5891,0.0042712148278951645
5892,0.004269384779036045
5893,0.004267530981451273
5894,0.004266166128218174
5895,0.004264085553586483
5896,0.004262596368789673
5897,0.004261405672878027
5898,0.0042605213820934296
5899,0.004259559325873852
5900,0.004257865250110626
5901,0.0042564766481518745
5902,0.004255461040884256
5903,0.00425444170832634
5904,0.004253725986927748
5905,0.004252258688211441
5906,0.0042514256201684475
5907,0.004249250516295433
5908,0.004248109180480242
5909,0.004247207194566727
5910,0.00424614641815424
5911,0.004244830459356308
5912,0.004257838241755962
5913,0.004243671894073486
5914,0.004242694471031427
5915,0.004242245573550463
5916,0.0042416793294250965
5917,0.004240856040269136
5918,0.0042396653443574905
5919,0.004240679554641247
5920,0.004237274639308453
5921,0.004236271139234304
5922,0.004235309548676014
5923,0.004234351683408022
5924,0.004233645275235176
5925,0.004232815001159906
5926,0.004232068546116352
5927,0.004231450147926807
5928,0.0042306664399802685
5929,0.004229476675391197
5930,0.004228278994560242
5931,0.004227003548294306
5932,0.004226365592330694
5933,0.004225846379995346
5934,0.0042253644205629826
5935,0.004224301315844059
5936,0.004223112016916275
5937,0.0042221625335514545
5938,0.004221671726554632
5939,0.0042211078107357025
5940,0.004220833536237478
5941,0.004219907335937023
5942,0.004218835383653641
5943,0.004217587877064943
5944,0.004216743167489767
5945,0.004215579479932785
5946,0.004214832559227943
5947,0.004213947337120771
5948,0.004215045366436243
5949,0.0042128716595470905
5950,0.004212436731904745
5951,0.004212097730487585
5952,0.004211686085909605
5953,0.0042109014466404915
5954,0.004209723323583603
5955,0.004209735430777073
5956,0.004207671619951725
5957,0.004206943325698376
5958,0.004206146113574505
5959,0.004204944241791964
5960,0.0042031132616102695
5961,0.00420206505805254
5962,0.004200424998998642
5963,0.004199748393148184
5964,0.004198811016976833
5965,0.004197850823402405
5966,0.004196407739073038
5967,0.004195424262434244
5968,0.004194111097604036
5969,0.004193222615867853
5970,0.004192478489130735
5971,0.004191444255411625
5972,0.004190109204500914
5973,0.004188972525298595
5974,0.004188010469079018
5975,0.004186722915619612
5976,0.0041871629655361176
5977,0.004185521975159645
5978,0.004184800200164318
5979,0.0041840216144919395
5980,0.004183181561529636
5981,0.004182325676083565
5982,0.004182441160082817
5983,0.004181043244898319
5984,0.004180568736046553
5985,0.004180118441581726
5986,0.004179568961262703
5987,0.004178727511316538
5988,0.004177537746727467
5989,0.0041777896694839
5990,0.004176254849880934
5991,0.004175866022706032
5992,0.004175425507128239
5993,0.004174914211034775
5994,0.004173906520009041
5995,0.004172284156084061
5996,0.004172257147729397
5997,0.004170023370534182
5998,0.0041693272069096565
5999,0.00416884571313858
6000,0.004168195184320211
6001,0.00416736863553524
6002,0.004166604019701481
6003,0.004165431950241327
6004,0.004164507146924734
6005,0.004163464996963739
6006,0.004161893855780363
6007,0.004159610718488693
6008,0.004160480573773384
6009,0.004155938047915697
6010,0.004154304042458534
6011,0.004152779001742601
6012,0.004151389468461275
6013,0.004149625077843666
6014,0.004148244857788086
6015,0.004146770108491182
6016,0.0041453237645328045
6017,0.004143180325627327
6018,0.004139982629567385
6019,0.0041384706273674965
6020,0.004135838709771633
6021,0.004134681075811386
6022,0.004133506678044796
6023,0.004132293630391359
6024,0.004130303859710693
6025,0.004128929693251848
6026,0.004126923158764839
6027,0.004125501029193401
6028,0.0041242665611207485
6029,0.004122855607420206
6030,0.004121354315429926
6031,0.0041201733984053135
6032,0.004118981305509806
6033,0.004116964526474476
6034,0.004117879550904036
6035,0.004114434123039246
6036,0.004113733768463135
6037,0.004113221075385809
6038,0.004112663213163614
6039,0.0041115134954452515
6040,0.004109150730073452
6041,0.004107541870325804
6042,0.004105762112885714
6043,0.004104936961084604
6044,0.004104129038751125
6045,0.004103085957467556
6046,0.004101374186575413
6047,0.0040999893099069595
6048,0.004097560420632362
6049,0.004096181597560644
6050,0.004094746895134449
6051,0.004093749448657036
6052,0.004092231392860413
6053,0.004091932438313961
6054,0.004089933820068836
6055,0.00408913241699338
6056,0.004088609479367733
6057,0.0040881820023059845
6058,0.004087211098521948
6059,0.004086122382432222
6060,0.004084657412022352
6061,0.004083543084561825
6062,0.004081641789525747
6063,0.004080210346728563
6064,0.004079400561749935
6065,0.00407754722982645
6066,0.004076393321156502
6067,0.004075472708791494
6068,0.004074701573699713
6069,0.004073127638548613
6070,0.004072966054081917
6071,0.0040708002634346485
6072,0.004069972783327103
6073,0.004068918526172638
6074,0.004067505244165659
6075,0.0040649548172950745
6076,0.004063633270561695
6077,0.004059602040797472
6078,0.004057842772454023
6079,0.004056595265865326
6080,0.004055608995258808
6081,0.004054030869156122
6082,0.004055804572999477
6083,0.004051645286381245
6084,0.004050560761243105
6085,0.00404963968321681
6086,0.004048796370625496
6087,0.004047334659844637
6088,0.004054923076182604
6089,0.004045051522552967
6090,0.004043840803205967
6091,0.004043172113597393
6092,0.004042571876198053
6093,0.004041536245495081
6094,0.004039989784359932
6095,0.004037902224808931
6096,0.004036893602460623
6097,0.0040355040691792965
6098,0.004034188576042652
6099,0.0040320646949112415
6100,0.004032239317893982
6101,0.004029299598187208
6102,0.0040282621048390865
6103,0.004027137998491526
6104,0.004025873262435198
6105,0.004024346359074116
6106,0.0040241205133497715
6107,0.00402173213660717
6108,0.004020717926323414
6109,0.0040200622752308846
6110,0.0040195407345891
6111,0.0040187775157392025
6112,0.0040175397880375385
6113,0.004018209874629974
6114,0.004016042686998844
6115,0.004015450365841389
6116,0.0040148585103452206
6117,0.004013922065496445
6118,0.004013353958725929
6119,0.0040121180936694145
6120,0.004011427517980337
6121,0.004010685719549656
6122,0.0040100617334246635
6123,0.004009086638689041
6124,0.0040073879063129425
6125,0.004005857277661562
6126,0.004004002548754215
6127,0.004002562258392572
6128,0.004001033492386341
6129,0.0039998008869588375
6130,0.003997985273599625
6131,0.003996097482740879
6132,0.003993910737335682
6133,0.003992552403360605
6134,0.003991770092397928
6135,0.003990074619650841
6136,0.003989853896200657
6137,0.003988525364547968
6138,0.003987819887697697
6139,0.003986951429396868
6140,0.003985969815403223
6141,0.0039847479201853275
6142,0.003983409143984318
6143,0.003982543479651213
6144,0.0039811767637729645
6145,0.003980111330747604
6146,0.0039779613725841045
6147,0.003980719018727541
6148,0.003975294064730406
6149,0.003974366933107376
6150,0.003973674029111862
6151,0.003972676116973162
6152,0.003971132915467024
6153,0.003969609271734953
6154,0.003967738710343838
6155,0.003966314718127251
6156,0.0039647724479436874
6157,0.003963845316320658
6158,0.003962880000472069
6159,0.003961384296417236
6160,0.0039604115299880505
6161,0.003959605935961008
6162,0.003957928158342838
6163,0.003956073895096779
6164,0.0039547644555568695
6165,0.003953567706048489
6166,0.0039519076235592365
6167,0.003949608188122511
6168,0.003948964178562164
6169,0.003946725744754076
6170,0.003945682663470507
6171,0.003944640979170799
6172,0.003943434450775385
6173,0.003941253758966923
6174,0.003945860080420971
6175,0.003937809262424707
6176,0.003936456516385078
6177,0.003935549408197403
6178,0.003934795502573252
6179,0.003933630883693695
6180,0.003932699095457792
6181,0.003931399434804916
6182,0.003930412232875824
6183,0.003929357975721359
6184,0.0039292494766414165
6185,0.003927519544959068
6186,0.003926789853721857
6187,0.003926298581063747
6188,0.003925797063857317
6189,0.003924769815057516
6190,0.003923347685486078
6191,0.0039218394085764885
6192,0.003920738585293293
6193,0.003919289447367191
6194,0.003918447531759739
6195,0.00391810480505228
6196,0.003917247522622347
6197,0.003916601650416851
6198,0.0039157262071967125
6199,0.003914056345820427
6200,0.003916518297046423
6201,0.003912336193025112
6202,0.003911531530320644
6203,0.003910865169018507
6204,0.003910135477781296
6205,0.003909024875611067
6206,0.003906585741788149
6207,0.003905338468030095
6208,0.003903314471244812
6209,0.003902600146830082
6210,0.0039016627706587315
6211,0.003900578012689948
6212,0.0039008213207125664
6213,0.0038990406319499016
6214,0.003898362396284938
6215,0.0038979658856987953
6216,0.003897622227668762
6217,0.0038969761226326227
6218,0.0038960552774369717
6219,0.0038952152244746685
6220,0.0038945393171161413
6221,0.0038932128809392452
6222,0.0038922240491956472
6223,0.003891321364790201
6224,0.0038903672248125076
6225,0.0038890456780791283
6226,0.0038882624357938766
6227,0.003887240309268236
6228,0.003886530874297023
6229,0.0038850042037665844
6230,0.0038841296918690205
6231,0.0038833199068903923
6232,0.003882010467350483
6233,0.003879358060657978
6234,0.0038787820376455784
6235,0.0038758027367293835
6236,0.00387471541762352
6237,0.0038738297298550606
6238,0.003872820409014821
6239,0.0038725126069039106
6240,0.0038704397156834602
6241,0.003869288135319948
6242,0.0038683940656483173
6243,0.0038677144329994917
6244,0.0038666825275868177
6245,0.003871356602758169
6246,0.003865559585392475
6247,0.00386493606492877
6248,0.003864665050059557
6249,0.0038642880972474813
6250,0.0038638075347989798
6251,0.0038632936775684357
6252,0.0038623707368969917
6253,0.0038615779485553503
6254,0.0038608680479228497
6255,0.0038603474386036396
6256,0.003859402611851692
6257,0.0038579883985221386
6258,0.003857024945318699
6259,0.0038559045642614365
6260,0.0038553383201360703
6261,0.0038541224785149097
6262,0.00385280535556376
6263,0.0038515955675393343
6264,0.003850629087537527
6265,0.0038498910143971443
6266,0.003848621854558587
6267,0.0038480409421026707
6268,0.0038475273177027702
6269,0.003847044426947832
6270,0.003846372477710247
6271,0.003845177125185728
6272,0.003844594117254019
6273,0.0038431715220212936
6274,0.003842483041808009
6275,0.003841863013803959
6276,0.003840874880552292
6277,0.003839192446321249
6278,0.0038396832533180714
6279,0.003836836665868759
6280,0.003835913725197315
6281,0.003835052950307727
6282,0.0038342485204339027
6283,0.0038334319833666086
6284,0.003832211485132575
6285,0.003831024980172515
6286,0.003830000525340438
6287,0.0038287166971713305
6288,0.0038275958504527807
6289,0.0038260386791080236
6290,0.003825258230790496
6291,0.0038244323804974556
6292,0.003823651000857353
6293,0.0038229345809668303
6294,0.0038219070993363857
6295,0.0038208537735044956
6296,0.0038200756534934044
6297,0.0038192488718777895
6298,0.003818272612988949
6299,0.0038202316500246525
6300,0.003817319869995117
6301,0.003816823707893491
6302,0.0038165217265486717
6303,0.0038162660785019398
6304,0.0038157568778842688
6305,0.003815061878412962
6306,0.003814196679741144
6307,0.0038136146031320095
6308,0.0038124551065266132
6309,0.0038120923563838005
6310,0.0038113268092274666
6311,0.003810733091086149
6312,0.003810151945799589
6313,0.0038095684722065926
6314,0.003808598965406418
6315,0.00380725902505219
6316,0.0038056932389736176
6317,0.0038046101108193398
6318,0.003803488565608859
6319,0.0038028087001293898
6320,0.0038021141663193703
6321,0.0038011774886399508
6322,0.0038005979731678963
6323,0.0038002519868314266
6324,0.0037998314946889877
6325,0.003799056401476264
6326,0.0037977341562509537
6327,0.0037968785036355257
6328,0.0037954419385641813
6329,0.0037945867516100407
6330,0.003793921787291765
6331,0.003793025156483054
6332,0.003791466122493148
6333,0.0037887762300670147
6334,0.0037895175628364086
6335,0.003785576205700636
6336,0.003784585278481245
6337,0.0037837703712284565
6338,0.0037827687337994576
6339,0.0037814145907759666
6340,0.003780122846364975
6341,0.0037793456576764584
6342,0.0037784604355692863
6343,0.0037780841812491417
6344,0.003777043428272009
6345,0.003775346092879772
6346,0.003774018259719014
6347,0.0037727518938481808
6348,0.003771683434024453
6349,0.003770903218537569
6350,0.0037694002967327833
6351,0.003767082467675209
6352,0.003764342050999403
6353,0.003766292240470648
6354,0.003762240055948496
6355,0.0037614675238728523
6356,0.0037607639096677303
6357,0.003759979037567973
6358,0.003758793929591775
6359,0.0037573063746094704
6360,0.0037562106736004353
6361,0.003755013458430767
6362,0.0037541172932833433
6363,0.003753786673769355
6364,0.003753053490072489
6365,0.003751990618184209
6366,0.003750056028366089
6367,0.0037487829104065895
6368,0.0037469957023859024
6369,0.0037459416780620813
6370,0.0037451949901878834
6371,0.0037448075599968433
6372,0.0037443775217980146
6373,0.003743552602827549
6374,0.0037426792550832033
6375,0.003741163993254304
6376,0.003739532083272934
6377,0.003738300409168005
6378,0.003737414488568902
6379,0.003736147889867425
6380,0.0037350719794631004
6381,0.0037342915311455727
6382,0.003733471967279911
6383,0.003733007237315178
6384,0.0037325206212699413
6385,0.0037319241091609
6386,0.0037307259626686573
6387,0.003730491269379854
6388,0.0037288633175194263
6389,0.0037281783297657967
6390,0.003727738279849291
6391,0.0037271506153047085
6392,0.0037260076496750116
6393,0.0037260819226503372
6394,0.0037238860968500376
6395,0.0037230253219604492
6396,0.0037223496474325657
6397,0.0037215943448245525
6398,0.0037216152995824814
6399,0.003719576168805361
6400,0.003718523308634758
6401,0.0037174662575125694
6402,0.0037165803369134665
6403,0.003714878112077713
6404,0.0037148036062717438
6405,0.0037124762311577797
6406,0.0037116785533726215
6407,0.0037110347766429186
6408,0.003710369812324643
6409,0.003709114622324705
6410,0.003708386793732643
6411,0.0037074435967952013
6412,0.003706628456711769
6413,0.003705748124048114
6414,0.0037050077226012945
6415,0.003704160451889038
6416,0.0037035197019577026
6417,0.003702707588672638
6418,0.003701895708218217
6419,0.003701146226376295
6420,0.0036999001167714596
6421,0.003698847023770213
6422,0.0036981478333473206
6423,0.0036975345574319363
6424,0.003696821164339781
6425,0.003696461906656623
6426,0.003695993684232235
6427,0.003694832092151046
6428,0.0036945329047739506
6429,0.003693090286105871
6430,0.0036925259046256542
6431,0.0036920756101608276
6432,0.003691659774631262
6433,0.003690855111926794
6434,0.00368939945474267
6435,0.0036883412394672632
6436,0.0036864206194877625
6437,0.003685758914798498
6438,0.003684746101498604
6439,0.0036838853266090155
6440,0.0036830937024205923
6441,0.003682087641209364
6442,0.0036813688930124044
6443,0.0036806077696383
6444,0.0036796205677092075
6445,0.0036779216025024652
6446,0.0036789318546652794
6447,0.0036758778151124716
6448,0.0036752745509147644
6449,0.0036748128477483988
6450,0.0036743548698723316
6451,0.0036733453162014484
6452,0.0036738854832947254
6453,0.0036722272634506226
6454,0.0036718628834933043
6455,0.003671628190204501
6456,0.0036712810397148132
6457,0.0036704661324620247
6458,0.003669171594083309
6459,0.0036702502984553576
6460,0.00366774364374578
6461,0.003667321754619479
6462,0.0036669806577265263
6463,0.0036666137166321278
6464,0.003665877040475607
6465,0.0036646882072091103
6466,0.003665690775960684
6467,0.003663330804556608
6468,0.003662821836769581
6469,0.0036624777130782604
6470,0.003662040689960122
6471,0.0036614888813346624
6472,0.003660484217107296
6473,0.003661019029095769
6474,0.003658892586827278
6475,0.00365832494571805
6476,0.0036577964201569557
6477,0.0036571789532899857
6478,0.00365636870265007
6479,0.0036554639227688313
6480,0.0036544520407915115
6481,0.0036549416836351156
6482,0.0036529137287288904
6483,0.0036523875314742327
6484,0.003651617793366313
6485,0.0036506955511868
6486,0.0036498643457889557
6487,0.0036490086931735277
6488,0.0036480738781392574
6489,0.0036470238119363785
6490,0.0036457455717027187
6491,0.003644265467301011
6492,0.0036426731385290623
6493,0.003642395604401827
6494,0.00364056252874434
6495,0.003639967879280448
6496,0.003639323404058814
6497,0.003638449590653181
6498,0.0036373732145875692
6499,0.0036362281534820795
6500,0.003635442117229104
6501,0.003634571097791195
6502,0.003633625339716673
6503,0.003633033949881792
6504,0.0036318772472441196
6505,0.003632004838436842
6506,0.003630206221714616
6507,0.0036297403275966644
6508,0.00362938130274415
6509,0.0036288306582719088
6510,0.0036277468316257
6511,0.0036260574124753475
6512,0.003626519814133644
6513,0.0036241086199879646
6514,0.0036233668215572834
6515,0.0036228629760444164
6516,0.0036221479531377554
6517,0.0036210615653544664
6518,0.003619397059082985
6519,0.003617804031819105
6520,0.003616898786276579
6521,0.0036159325391054153
6522,0.0036153094843029976
6523,0.0036141721066087484
6524,0.003613480366766453
6525,0.0036129839718341827
6526,0.003612455679103732
6527,0.003611479653045535
6528,0.003610024694353342
6529,0.0036093902308493853
6530,0.0036080970894545317
6531,0.003607429563999176
6532,0.0036069825291633606
6533,0.0036062507424503565
6534,0.0036049175541847944
6535,0.003606447484344244
6536,0.003603290067985654
6537,0.0036025787703692913
6538,0.0036020446568727493
6539,0.0036014337092638016
6540,0.0036004632711410522
6541,0.003598796669393778
6542,0.003598138689994812
6543,0.003596814814954996
6544,0.0035962089896202087
6545,0.003595564514398575
6546,0.003594981739297509
6547,0.0035942234098911285
6548,0.003594302572309971
6549,0.003592192893847823
6550,0.003591361455619335
6551,0.0035905977711081505
6552,0.003589807078242302
6553,0.0035886713303625584
6554,0.003587480168789625
6555,0.0035865530371665955
6556,0.003584484104067087
6557,0.003583661513403058
6558,0.003582859179005027
6559,0.0035817762836813927
6560,0.0035808042157441378
6561,0.0035797101445496082
6562,0.0035785632207989693
6563,0.0035771685652434826
6564,0.0035763592459261417
6565,0.0035753664560616016
6566,0.003574749454855919
6567,0.0035739741288125515
6568,0.003572933143004775
6569,0.0035714327823370695
6570,0.003569813445210457
6571,0.0035680464934557676
6572,0.003566922154277563
6573,0.0035651191137731075
6574,0.0035642110742628574
6575,0.003563521895557642
6576,0.003562542609870434
6577,0.0035619207192212343
6578,0.0035604455042630434
6579,0.0035572682972997427
6580,0.003553960472345352
6581,0.0035513853654265404
6582,0.00354986940510571
6583,0.003548302222043276
6584,0.003546153660863638
6585,0.0035440046340227127
6586,0.003541679121553898
6587,0.0035401880741119385
6588,0.0035373419523239136
6589,0.003535183845087886
6590,0.0035328357480466366
6591,0.0035343754570931196
6592,0.003530559130012989
6593,0.0035297763533890247
6594,0.0035291300155222416
6595,0.0035282792523503304
6596,0.00352682126685977
6597,0.0035265260376036167
6598,0.003524004016071558
6599,0.0035227960906922817
6600,0.0035218712873756886
6601,0.003520743455737829
6602,0.0035187983885407448
6603,0.0035166749730706215
6604,0.0035147666931152344
6605,0.0035137683153152466
6606,0.0035125925205647945
6607,0.0035117515362799168
6608,0.003511189017444849
6609,0.003509918227791786
6610,0.0035096146166324615
6611,0.0035092001780867577
6612,0.003508850699290633
6613,0.003508426481857896
6614,0.0035078758373856544
6615,0.00350699364207685
6616,0.003507241839542985
6617,0.003505661152303219
6618,0.0035052583552896976
6619,0.0035049121361225843
6620,0.003504454391077161
6621,0.0035035419277846813
6622,0.0035027978010475636
6623,0.003501627594232559
6624,0.0035007798578590155
6625,0.0035000895150005817
6626,0.003499211510643363
6627,0.0034983232617378235
6628,0.003497463185340166
6629,0.003496329765766859
6630,0.003495430573821068
6631,0.0034942948259413242
6632,0.003493318799883127
6633,0.0034926487132906914
6634,0.0034922026097774506
6635,0.0034914722200483084
6636,0.0034906063228845596
6637,0.0034892933908849955
6638,0.0034883362241089344
6639,0.003487156005576253
6640,0.0034863133914768696
6641,0.0034854519180953503
6642,0.003484265645965934
6643,0.0034824335016310215
6644,0.003481816267594695
6645,0.0034804795868694782
6646,0.003480085637420416
6647,0.0034794872626662254
6648,0.0034784269519150257
6649,0.003477210644632578
6650,0.003476070938631892
6651,0.003475464880466461
6652,0.0034745174925774336
6653,0.003473586868494749
6654,0.003472674172371626
6655,0.0034708664752542973
6656,0.00347102340310812
6657,0.0034693917259573936
6658,0.003468811511993408
6659,0.003468095324933529
6660,0.0034671351313591003
6661,0.003465835703536868
6662,0.003467618953436613
6663,0.0034641874954104424
6664,0.0034635700285434723
6665,0.003463062224909663
6666,0.0034621842205524445
6667,0.0034609525464475155
6668,0.0034618161153048277
6669,0.0034592379815876484
6670,0.003458579070866108
6671,0.0034580298233777285
6672,0.0034574312157928944
6673,0.003456557635217905
6674,0.0034558670595288277
6675,0.003454739460721612
6676,0.0034540267661213875
6677,0.003453238867223263
6678,0.0034522053319960833
6679,0.0034507112577557564
6680,0.0034506581723690033
6681,0.0034490227699279785
6682,0.0034486306831240654
6683,0.0034481724724173546
6684,0.0034475880675017834
6685,0.0034467901568859816
6686,0.003446207381784916
6687,0.003445255570113659
6688,0.003444385714828968
6689,0.003443008055910468
6690,0.003441615030169487
6691,0.003440304659307003
6692,0.0034387584310024977
6693,0.003437744453549385
6694,0.003436892759054899
6695,0.003435850376263261
6696,0.003435164922848344
6697,0.0034347730688750744
6698,0.0034341083373874426
6699,0.0034334673546254635
6700,0.0034321779385209084
6701,0.0034328969195485115
6702,0.003430438693612814
6703,0.00342978211119771
6704,0.003429076401516795
6705,0.0034283767454326153
6706,0.0034274111967533827
6707,0.003427053801715374
6708,0.00342542864382267
6709,0.003424579044803977
6710,0.003423749003559351
6711,0.003422806039452553
6712,0.0034233403857797384
6713,0.0034214842598885298
6714,0.0034208614379167557
6715,0.0034201787784695625
6716,0.0034192469902336597
6717,0.003417793195694685
6718,0.003415800165385008
6719,0.003419075859710574
6720,0.0034140092320740223
6721,0.0034133601002395153
6722,0.0034129591658711433
6723,0.003412538208067417
6724,0.003411742625758052
6725,0.003412383608520031
6726,0.003410468576475978
6727,0.0034100841730833054
6728,0.003409791039302945
6729,0.003409437835216522
6730,0.003408650401979685
6731,0.0034072818234562874
6732,0.0034092552959918976
6733,0.0034055886790156364
6734,0.0034049449022859335
6735,0.00340443616732955
6736,0.0034038391895592213
6737,0.0034033609554171562
6738,0.0034026645589619875
6739,0.003401579102501273
6740,0.0034008710645139217
6741,0.003399915061891079
6742,0.0033986882772296667
6743,0.003397796768695116
6744,0.0033967287745326757
6745,0.0033957213163375854
6746,0.003394895698875189
6747,0.003393621416762471
6748,0.0033925215248018503
6749,0.0033906851895153522
6750,0.0033896747045218945
6751,0.0033882111310958862
6752,0.003387203672900796
6753,0.0033860374242067337
6754,0.003384882118552923
6755,0.0033839105162769556
6756,0.0033831761684268713
6757,0.003382510505616665
6758,0.0033816867507994175
6759,0.0033807323779910803
6760,0.0033798175863921642
6761,0.003378863213583827
6762,0.003377823159098625
6763,0.003377357264980674
6764,0.0033767945133149624
6765,0.0033756268676370382
6766,0.003374988678842783
6767,0.003373814281076193
6768,0.0033731102012097836
6769,0.003372343722730875
6770,0.003371224272996187
6771,0.0033708547707647085
6772,0.003369683399796486
6773,0.0033690580166876316
6774,0.0033687723334878683
6775,0.003368386533111334
6776,0.003367550205439329
6777,0.0033667865209281445
6778,0.003365666139870882
6779,0.0033649378456175327
6780,0.0033644086215645075
6781,0.003364051692187786
6782,0.003363728756085038
6783,0.003363129450008273
6784,0.003362538293004036
6785,0.0033616628497838974
6786,0.003360927803441882
6787,0.0033604444470256567
6788,0.0033600893802940845
6789,0.00335973990149796
6790,0.0033589121885597706
6791,0.003358786227181554
6792,0.003357633715495467
6793,0.003357159672304988
6794,0.003356688655912876
6795,0.0033561966847628355
6796,0.003355219028890133
6797,0.0033554849214851856
6798,0.003353747073560953
6799,0.0033530874643474817
6800,0.003352605039253831
6801,0.0033520087599754333
6802,0.003351041581481695
6803,0.0033514315728098154
6804,0.003349341219291091
6805,0.0033488909248262644
6806,0.0033485139720141888
6807,0.0033479826524853706
6808,0.0033474199008196592
6809,0.0033468494657427073
6810,0.0033457179088145494
6811,0.0033445502631366253
6812,0.003343313466757536
6813,0.003342131618410349
6814,0.0033413665369153023
6815,0.0033406445290893316
6816,0.0033404172863811255
6817,0.003339893650263548
6818,0.0033394088968634605
6819,0.0033387388102710247
6820,0.0033384826965630054
6821,0.003337729722261429
6822,0.0033372018951922655
6823,0.0033367141149938107
6824,0.003336113877594471
6825,0.003335846122354269
6826,0.003334981622174382
6827,0.0033344950061291456
6828,0.0033340477384626865
6829,0.003333618398755789
6830,0.0033329306170344353
6831,0.0033323774114251137
6832,0.003331996500492096
6833,0.0033315245527774096
6834,0.0033310414291918278
6835,0.0033301201183348894
6836,0.003329118248075247
6837,0.00332862650975585
6838,0.003327862126752734
6839,0.003327255370095372
6840,0.0033263415098190308
6841,0.0033252642024308443
6842,0.003324073739349842
6843,0.0033235056325793266
6844,0.0033231074921786785
6845,0.0033228201791644096
6846,0.0033219773322343826
6847,0.0033210362307727337
6848,0.0033201598562300205
6849,0.0033193314447999
6850,0.0033184271305799484
6851,0.003317653900012374
6852,0.0033167575020343065
6853,0.003315931186079979
6854,0.0033150790259242058
6855,0.0033142240718007088
6856,0.0033136983402073383
6857,0.003312542801722884
6858,0.003311728360131383
6859,0.003310910891741514
6860,0.003309981431812048
6861,0.003308731596916914
6862,0.003307498060166836
6863,0.0033067509066313505
6864,0.0033057036343961954
6865,0.0033048149198293686
6866,0.0033041946589946747
6867,0.0033031259663403034
6868,0.00330228079110384
6869,0.003301643766462803
6870,0.003300829790532589
6871,0.0032999240793287754
6872,0.0032985934522002935
6873,0.003297523595392704
6874,0.0032968625891953707
6875,0.0032962921541184187
6876,0.0032956446520984173
6877,0.00329501717351377
6878,0.0032945838756859303
6879,0.00329407025128603
6880,0.0032937328796833754
6881,0.003293154761195183
6882,0.003292643465101719
6883,0.0032920329831540585
6884,0.003291431115940213
6885,0.0032910413574427366
6886,0.003290274180471897
6887,0.00328986719250679
6888,0.0032889684662222862
6889,0.0032875752076506615
6890,0.0032912667375057936
6891,0.0032860159408301115
6892,0.003285336308181286
6893,0.003284958191215992
6894,0.0032845621462911367
6895,0.003284004982560873
6896,0.003283037105575204
6897,0.0032837921753525734
6898,0.003281667362898588
6899,0.0032812904100865126
6900,0.003280980046838522
6901,0.0032806997187435627
6902,0.0032801013439893723
6903,0.003279363503679633
6904,0.0032785041257739067
6905,0.0032778093591332436
6906,0.0032772060949355364
6907,0.003276584902778268
6908,0.0032757893204689026
6909,0.0032750191166996956
6910,0.003274570917710662
6911,0.003274077083915472
6912,0.003273590002208948
6913,0.0032730824314057827
6914,0.003272357163950801
6915,0.003271442372351885
6916,0.0032705466728657484
6917,0.0032694016117602587
6918,0.0032686893828213215
6919,0.003268181812018156
6920,0.0032675904221832752
6921,0.003266873536631465
6922,0.003266015090048313
6923,0.003265216015279293
6924,0.003264427650719881
6925,0.003263779217377305
6926,0.003262750105932355
6927,0.0032618867699056864
6928,0.003261294448748231
6929,0.003260757075622678
6930,0.003260128665715456
6931,0.0032596616074442863
6932,0.003259258111938834
6933,0.0032584909349679947
6934,0.0032574357464909554
6935,0.003256505588069558
6936,0.003255785210058093
6937,0.0032553747296333313
6938,0.003254595212638378
6939,0.003254079958423972
6940,0.0032531972974538803
6941,0.003252537688240409
6942,0.003251427784562111
6943,0.003250353503972292
6944,0.0032496757339686155
6945,0.003248911816626787
6946,0.003248000517487526
6947,0.003246848238632083
6948,0.003245831234380603
6949,0.003244931809604168
6950,0.0032441867515444756
6951,0.0032431152649223804
6952,0.003245861269533634
6953,0.0032421667128801346
6954,0.003241786267608404
6955,0.0032413967419415712
6956,0.0032410784624516964
6957,0.0032403538934886456
6958,0.0032395098824054003
6959,0.00323886820115149
6960,0.0032376598101109266
6961,0.0032368027605116367
6962,0.003236053278669715
6963,0.0032354730647057295
6964,0.003234653268009424
6965,0.003233985509723425
6966,0.003233301220461726
6967,0.0032322355546057224
6968,0.0032314045820385218
6969,0.003230745205655694
6970,0.0032301638275384903
6971,0.00322931120172143
6972,0.003228461602702737
6973,0.0032276916317641735
6974,0.003226589411497116
6975,0.0032257549464702606
6976,0.0032248678617179394
6977,0.003223908133804798
6978,0.0032230867072939873
6979,0.003222194965928793
6980,0.0032214720267802477
6981,0.0032202303409576416
6982,0.0032193942461162806
6983,0.0032187430188059807
6984,0.003218206809833646
6985,0.0032175923697650433
6986,0.0032168945763260126
6987,0.003216135548427701
6988,0.003215637058019638
6989,0.003215199336409569
6990,0.003214694559574127
6991,0.0032143343705683947
6992,0.003213683608919382
6993,0.0032127301674336195
6994,0.0032114950008690357
6995,0.003210463561117649
6996,0.003209206275641918
6997,0.003208281472325325
6998,0.0032070623710751534
6999,0.0032083243131637573
7000,0.003205442801117897
7001,0.0032047147396951914
7002,0.003204050473868847
7003,0.0032033738680183887
7004,0.0032024073880165815
7005,0.003204207168892026
7006,0.003200945910066366
7007,0.003200325183570385
7008,0.0031997128389775753
7009,0.0031991112045943737
7010,0.003198442980647087
7011,0.0031977538019418716
7012,0.003196391277015209
7013,0.0031956620514392853
7014,0.0031951447017490864
7015,0.003194657387211919
7016,0.003193703480064869
7017,0.003193457145243883
7018,0.0031920962501317263
7019,0.0031915190629661083
7020,0.0031909875106066465
7021,0.0031904871575534344
7022,0.00318966805934906
7023,0.0031884601339697838
7024,0.0031873476691544056
7025,0.0031863758340477943
7026,0.003185690613463521
7027,0.0031853674445301294
7028,0.0031848945654928684
7029,0.0031841499730944633
7030,0.0031833010725677013
7031,0.0031824512407183647
7032,0.0031814866233617067
7033,0.003180732950568199
7034,0.003179841674864292
7035,0.0031793643720448017
7036,0.003178821876645088
7037,0.003178434679284692
7038,0.0031780139543116093
7039,0.0031776060350239277
7040,0.0031769832130521536
7041,0.003176128026098013
7042,0.003175137098878622
7043,0.0031745852902531624
7044,0.003173655364662409
7045,0.003173084929585457
7046,0.003172059077769518
7047,0.003171543823555112
7048,0.003170603420585394
7049,0.0031701698899269104
7050,0.0031697405502200127
7051,0.0031691633630543947
7052,0.0031681323889642954
7053,0.0031668255105614662
7054,0.003166109323501587
7055,0.003165461588650942
7056,0.0031649901065975428
7057,0.0031646580900996923
7058,0.0031640799716115
7059,0.0031644825357943773
7060,0.0031633705366402864
7061,0.003163081593811512
7062,0.0031628375872969627
7063,0.0031625586561858654
7064,0.003162170760333538
7065,0.0031615630723536015
7066,0.003160889260470867
7067,0.003160503227263689
7068,0.0031599393114447594
7069,0.003159415675327182
7070,0.0031583537347614765
7071,0.0031572002917528152
7072,0.0031561371870338917
7073,0.0031554200686514378
7074,0.003154447767883539
7075,0.0031537392642349005
7076,0.0031527092214673758
7077,0.0031523904763162136
7078,0.003151149954646826
7079,0.0031506235245615244
7080,0.0031501047778874636
7081,0.0031496048904955387
7082,0.0031489930115640163
7083,0.0031475836876779795
7084,0.0031466151122003794
7085,0.0031457918230444193
7086,0.0031450483947992325
7087,0.0031443294137716293
7088,0.003143804846331477
7089,0.0031432462856173515
7090,0.0031425487250089645
7091,0.0031418672297149897
7092,0.0031406194902956486
7093,0.003140443004667759
7094,0.0031393812969326973
7095,0.003139155451208353
7096,0.0031387987546622753
7097,0.003138249507173896
7098,0.003137413412332535
7099,0.0031361589208245277
7100,0.0031359349377453327
7101,0.003134475788101554
7102,0.003133898600935936
7103,0.003133394056931138
7104,0.003132699988782406
7105,0.0031313886865973473
7106,0.0031311409547924995
7107,0.003129653399810195
7108,0.003128995653241873
7109,0.0031285907607525587
7110,0.0031279250979423523
7111,0.0031264284625649452
7112,0.0031267597805708647
7113,0.003124837763607502
7114,0.0031243895646184683
7115,0.003123997710645199
7116,0.003123441245406866
7117,0.0031226472929120064
7118,0.003121578134596348
7119,0.0031209238804876804
7120,0.0031199727673083544
7121,0.003119083121418953
7122,0.003117904532700777
7123,0.0031167110428214073
7124,0.003115626983344555
7125,0.003114955499768257
7126,0.003113691695034504
7127,0.0031132760923355818
7128,0.003112711012363434
7129,0.0031120162457227707
7130,0.0031109326519072056
7131,0.0031104590743780136
7132,0.003109584329649806
7133,0.0031091023702174425
7134,0.003108639968559146
7135,0.0031080441549420357
7136,0.003107356373220682
7137,0.00310605950653553
7138,0.003104603849351406
7139,0.003103356808423996
7140,0.003102423856034875
7141,0.0031015786807984114
7142,0.003100643865764141
7143,0.0030998089350759983
7144,0.0030990024097263813
7145,0.003098343499004841
7146,0.0030974014662206173
7147,0.0030979521106928587
7148,0.0030959683936089277
7149,0.0030953441746532917
7150,0.0030946899205446243
7151,0.0030938866548240185
7152,0.0030925427563488483
7153,0.0030910936184227467
7154,0.0030891443602740765
7155,0.0030885187443345785
7156,0.0030877101235091686
7157,0.0030872421339154243
7158,0.0030863152351230383
7159,0.0030854293145239353
7160,0.0030847552698105574
7161,0.0030841173138469458
7162,0.0030836723744869232
7163,0.003082732670009136
7164,0.0030816765502095222
7165,0.003080777358263731
7166,0.003080185269936919
7167,0.0030794537160545588
7168,0.0030790381133556366
7169,0.0030783340334892273
7170,0.0030781137757003307
7171,0.003077375702559948
7172,0.0030769144650548697
7173,0.0030765533447265625
7174,0.003076116321608424
7175,0.0030753149185329676
7176,0.0030746920965611935
7177,0.0030737256165593863
7178,0.003073133062571287
7179,0.0030725887045264244
7180,0.0030718911439180374
7181,0.0030709835700690746
7182,0.0030697924084961414
7183,0.0030690738931298256
7184,0.0030680913478136063
7185,0.003067410085350275
7186,0.0030667628161609173
7187,0.003066081553697586
7188,0.0030654235742986202
7189,0.0030649653635919094
7190,0.0030643166974186897
7191,0.0030634584836661816
7192,0.0030627609230577946
7193,0.003062048926949501
7194,0.0030614114366471767
7195,0.0030608922243118286
7196,0.003060342278331518
7197,0.003059589769691229
7198,0.003059057053178549
7199,0.0030584027990698814
7200,0.0030572963878512383
7201,0.003056279616430402
7202,0.0030558761209249496
7203,0.0030555115081369877
7204,0.003055248875170946
7205,0.003054672619327903
7206,0.003053865162655711
7207,0.0030530826188623905
7208,0.0030526467598974705
7209,0.0030519424472004175
7210,0.0030514667741954327
7211,0.003050978062674403
7212,0.0030501452274620533
7213,0.0030495927203446627
7214,0.0030488455668091774
7215,0.003048006212338805
7216,0.0030472090002149343
7217,0.0030460285488516092
7218,0.0030454727821052074
7219,0.0030449065379798412
7220,0.0030441321432590485
7221,0.0030428851023316383
7222,0.003041613381356001
7223,0.0030409214086830616
7224,0.0030395027715712786
7225,0.003038818947970867
7226,0.0030382229015231133
7227,0.0030376932118088007
7228,0.003036449197679758
7229,0.0030374727211892605
7230,0.003034423105418682
7231,0.0030337288044393063
7232,0.0030331560410559177
7233,0.0030325441621243954
7234,0.003032966982573271
7235,0.003031281754374504
7236,0.0030307662673294544
7237,0.003030301071703434
7238,0.0030297802295535803
7239,0.0030290952417999506
7240,0.00302787940017879
7241,0.003028075210750103
7242,0.0030262283980846405
7243,0.003025519195944071
7244,0.0030248430557549
7245,0.0030239911284297705
7246,0.003023219294846058
7247,0.003022512886673212
7248,0.003023953177034855
7249,0.0030214174184948206
7250,0.0030210393015295267
7251,0.003020680509507656
7252,0.0030201361514627934
7253,0.0030194981954991817
7254,0.003019245807081461
7255,0.003018464893102646
7256,0.003018093528226018
7257,0.003017663024365902
7258,0.0030172220431268215
7259,0.0030165351927280426
7260,0.00301561807282269
7261,0.0030147889629006386
7262,0.0030143107287585735
7263,0.0030140234157443047
7264,0.003013698849827051
7265,0.0030132122337818146
7266,0.0030127186328172684
7267,0.003012227127328515
7268,0.0030117169953882694
7269,0.0030113114044070244
7270,0.0030110450461506844
7271,0.0030105849727988243
7272,0.0030103076715022326
7273,0.003009640146046877
7274,0.0030086252372711897
7275,0.0030077118426561356
7276,0.003006684361025691
7277,0.00300608086399734
7278,0.003005756763741374
7279,0.003005304839462042
7280,0.003004530444741249
7281,0.0030033898074179888
7282,0.003002041717991233
7283,0.0030006663873791695
7284,0.0029998961836099625
7285,0.0029988433234393597
7286,0.0029982728883624077
7287,0.002997408388182521
7288,0.0029964435379952192
7289,0.0029951496981084347
7290,0.0029940397944301367
7291,0.0029932409524917603
7292,0.0029909713193774223
7293,0.002988668391481042
7294,0.0029881985392421484
7295,0.0029863163363188505
7296,0.002985452301800251
7297,0.0029848269186913967
7298,0.0029842141084372997
7299,0.0029833102598786354
7300,0.002982368227094412
7301,0.002981530036777258
7302,0.0029806531965732574
7303,0.002980154240503907
7304,0.002979620825499296
7305,0.0029790340922772884
7306,0.002978462725877762
7307,0.0029780883342027664
7308,0.0029772957786917686
7309,0.002977034542709589
7310,0.0029766582883894444
7311,0.0029761698096990585
7312,0.0029754911083728075
7313,0.002974924398586154
7314,0.0029739816673099995
7315,0.0029733467381447554
7316,0.002972803544253111
7317,0.0029723485931754112
7318,0.0029715176206082106
7319,0.002972543705254793
7320,0.0029705408960580826
7321,0.0029701036401093006
7322,0.0029696659184992313
7323,0.0029692479874938726
7324,0.0029686291236430407
7325,0.002967810956761241
7326,0.0029671548400074244
7327,0.0029666407499462366
7328,0.0029662654269486666
7329,0.002965763211250305
7330,0.002965168561786413
7331,0.0029643934685736895
7332,0.0029638251289725304
7333,0.002963196486234665
7334,0.0029621594585478306
7335,0.002961008343845606
7336,0.002959952922537923
7337,0.0029594700317829847
7338,0.0029590213671326637
7339,0.0029586325399577618
7340,0.0029577543027698994
7341,0.002956792712211609
7342,0.002955373376607895
7343,0.002954315161332488
7344,0.0029535237699747086
7345,0.002953125163912773
7346,0.0029527097940444946
7347,0.0029521286487579346
7348,0.0029515062924474478
7349,0.00295083224773407
7350,0.002950165653601289
7351,0.0029496466740965843
7352,0.002949252724647522
7353,0.0029487591236829758
7354,0.002948145382106304
7355,0.0029476690106093884
7356,0.00294712046161294
7357,0.002946683904156089
7358,0.0029462366364896297
7359,0.0029457220807671547
7360,0.002945616142824292
7361,0.002944838022813201
7362,0.0029443264938890934
7363,0.002943898318335414
7364,0.0029434473253786564
7365,0.002942904829978943
7366,0.0029420279897749424
7367,0.00294108921661973
7368,0.0029403551016002893
7369,0.0029394018929451704
7370,0.0029385839588940144
7371,0.0029373536817729473
7372,0.0029360270127654076
7373,0.0029352824203670025
7374,0.0029345613438636065
7375,0.0029340218752622604
7376,0.0029336290899664164
7377,0.002932732691988349
7378,0.0029326609801501036
7379,0.002931242575868964
7380,0.002930553164333105
7381,0.0029299729503691196
7382,0.0029294039122760296
7383,0.0029289359226822853
7384,0.002928208326920867
7385,0.0029278872534632683
7386,0.0029275347478687763
7387,0.002927168272435665
7388,0.002926359884440899
7389,0.0029261833988130093
7390,0.002924949862062931
7391,0.002924396190792322
7392,0.0029239526484161615
7393,0.00292341411113739
7394,0.0029225361067801714
7395,0.0029209726490080357
7396,0.002921450650319457
7397,0.0029187947511672974
7398,0.0029180662240833044
7399,0.002917381701990962
7400,0.0029166697058826685
7401,0.002915492979809642
7402,0.002914204029366374
7403,0.0029135607182979584
7404,0.0029128575697541237
7405,0.0029119523242115974
7406,0.0029108929447829723
7407,0.0029100042302161455
7408,0.0029094433411955833
7409,0.002908842172473669
7410,0.0029082871042191982
7411,0.002907788846641779
7412,0.0029069441370666027
7413,0.0029068789444863796
7414,0.002905638888478279
7415,0.0029051308520138264
7416,0.002904453780502081
7417,0.002903758781030774
7418,0.002902688691392541
7419,0.0029158364050090313
7420,0.0029020376969128847
7421,0.002901202766224742
7422,0.002900894731283188
7423,0.002900516614317894
7424,0.0028999163769185543
7425,0.0028989333659410477
7426,0.002898349892348051
7427,0.002896989695727825
7428,0.0028963848017156124
7429,0.0028959086630493402
7430,0.002895609475672245
7431,0.002894954290241003
7432,0.002893996424973011
7433,0.002896510297432542
7434,0.0028928183019161224
7435,0.002892284421250224
7436,0.0028919093310832977
7437,0.0028914096765220165
7438,0.0028909211978316307
7439,0.0028902727644890547
7440,0.0028895598370581865
7441,0.002888997085392475
7442,0.002888680435717106
7443,0.0028881304897367954
7444,0.0028873819392174482
7445,0.0028865295462310314
7446,0.0028855674900114536
7447,0.0028845765627920628
7448,0.002884093439206481
7449,0.0028832932002842426
7450,0.002882482949644327
7451,0.002881157910451293
7452,0.002880475018173456
7453,0.0028792310040444136
7454,0.0028785113245248795
7455,0.0028778999112546444
7456,0.0028772365767508745
7457,0.0028763834852725267
7458,0.002875234931707382
7459,0.0028741867281496525
7460,0.002873401390388608
7461,0.002872717333957553
7462,0.002871596720069647
7463,0.002870411379262805
7464,0.0028691128827631474
7465,0.0028689224272966385
7466,0.002867732662707567
7467,0.002867321949452162
7468,0.00286687770858407
7469,0.0028662285767495632
7470,0.002864765701815486
7471,0.002863534027710557
7472,0.002861902816221118
7473,0.0028609447181224823
7474,0.002860103268176317
7475,0.0028590261936187744
7476,0.002858066465705633
7477,0.002856734674423933
7478,0.002855704165995121
7479,0.0028546699322760105
7480,0.0028541528154164553
7481,0.002853299491107464
7482,0.0028526228852570057
7483,0.002851360011845827
7484,0.002850279677659273
7485,0.0028488202951848507
7486,0.002848127856850624
7487,0.0028474759310483932
7488,0.00284672062844038
7489,0.002846107119694352
7490,0.002845117822289467
7491,0.0028446330688893795
7492,0.0028441455215215683
7493,0.002843820257112384
7494,0.002843262627720833
7495,0.002841964364051819
7496,0.0028426419012248516
7497,0.002840073313564062
7498,0.0028395531699061394
7499,0.0028391864616423845
7500,0.0028387666679918766
7501,0.0028383482713252306
7502,0.002837682608515024
7503,0.002837022766470909
7504,0.002836498897522688
7505,0.0028358069248497486
7506,0.002834649756550789
7507,0.002833492821082473
7508,0.00283280317671597
7509,0.0028322143480181694
7510,0.0028317852411419153
7511,0.0028314455412328243
7512,0.0028301901184022427
7513,0.002828998025506735
7514,0.0028284259606152773
7515,0.0028277048841118813
7516,0.0028270110487937927
7517,0.0028259519021958113
7518,0.0028252643533051014
7519,0.002824749331921339
7520,0.002824376802891493
7521,0.002824134659022093
7522,0.002823437796905637
7523,0.0028221961110830307
7524,0.002820569323375821
7525,0.0028204701375216246
7526,0.002818914595991373
7527,0.0028185509145259857
7528,0.0028183001559227705
7529,0.002817849162966013
7530,0.002817027736455202
7531,0.002820955589413643
7532,0.002816077321767807
7533,0.00281552504748106
7534,0.002815220970660448
7535,0.0028149753343313932
7536,0.0028146037366241217
7537,0.0028139352798461914
7538,0.0028132053557783365
7539,0.002812769031152129
7540,0.0028117902111262083
7541,0.002811046550050378
7542,0.0028098702896386385
7543,0.0028088027611374855
7544,0.002808083314448595
7545,0.0028071897104382515
7546,0.002806571777909994
7547,0.002806023694574833
7548,0.0028047598898410797
7549,0.0028040751349180937
7550,0.0028031528927385807
7551,0.0028022858314216137
7552,0.0028017116710543633
7553,0.0028003568295389414
7554,0.002799441572278738
7555,0.0027985842898488045
7556,0.0027978678699582815
7557,0.0027964645996689796
7558,0.0027955397963523865
7559,0.002794040134176612
7560,0.0027926890179514885
7561,0.0027918899431824684
7562,0.002790828002616763
7563,0.0027901381254196167
7564,0.002789064310491085
7565,0.002788109704852104
7566,0.002787045668810606
7567,0.0027861613780260086
7568,0.002785563003271818
7569,0.002784724347293377
7570,0.002784069860354066
7571,0.002783124800771475
7572,0.0027826193254441023
7573,0.0027821208350360394
7574,0.0027815052308142185
7575,0.0027800328098237514
7576,0.0027786800637841225
7577,0.0027776039205491543
7578,0.0027770414017140865
7579,0.0027763282414525747
7580,0.0027758595533668995
7581,0.002775142900645733
7582,0.0027743021491914988
7583,0.0027734627947211266
7584,0.0027719936333596706
7585,0.002771745901554823
7586,0.0027703915257006884
7587,0.0027699018828570843
7588,0.00276941224001348
7589,0.002768612001091242
7590,0.002767555881291628
7591,0.0027663230430334806
7592,0.0027657714672386646
7593,0.0027650808915495872
7594,0.0027645190712064505
7595,0.002763416850939393
7596,0.002762612421065569
7597,0.002761546988040209
7598,0.0027604838833212852
7599,0.002760044066235423
7600,0.0027591190300881863
7601,0.0027577499859035015
7602,0.0027586808428168297
7603,0.0027561774477362633
7604,0.0027554777916520834
7605,0.0027549222577363253
7606,0.002754179760813713
7607,0.0027532593812793493
7608,0.0027523937169462442
7609,0.0027517369017004967
7610,0.002750805579125881
7611,0.002750346902757883
7612,0.0027497513219714165
7613,0.0027491110377013683
7614,0.0027486186008900404
7615,0.0027481266297399998
7616,0.0027472779620438814
7617,0.002746543614193797
7618,0.0027459561824798584
7619,0.0027454220689833164
7620,0.0027449592016637325
7621,0.002743955235928297
7622,0.002745647681877017
7623,0.002742632757872343
7624,0.0027421738486737013
7625,0.0027418150566518307
7626,0.0027414741925895214
7627,0.002740755444392562
7628,0.0027403426356613636
7629,0.0027387174777686596
7630,0.002738004317507148
7631,0.002737112808972597
7632,0.0027361689135432243
7633,0.0027347798459231853
7634,0.0027333779726177454
7635,0.0027316869236528873
7636,0.0027307248674333096
7637,0.0027296727057546377
7638,0.0027287197299301624
7639,0.0027287653647363186
7640,0.002727092709392309
7641,0.0027263998053967953
7642,0.002725803293287754
7643,0.002725342521443963
7644,0.0027244817465543747
7645,0.0027240882627665997
7646,0.0027225306257605553
7647,0.0027218840550631285
7648,0.002721283817663789
7649,0.0027207396924495697
7650,0.0027208086103200912
7651,0.0027193790301680565
7652,0.0027187280356884003
7653,0.0027180879842489958
7654,0.0027173995040357113
7655,0.002716320101171732
7656,0.0027144523337483406
7657,0.0027167373336851597
7658,0.0027128448709845543
7659,0.0027123321779072285
7660,0.0027120038866996765
7661,0.0027115056291222572
7662,0.0027107789646834135
7663,0.0027096588164567947
7664,0.002710383152589202
7665,0.0027084085159003735
7666,0.002707955427467823
7667,0.0027076159603893757
7668,0.002707137493416667
7669,0.0027065910398960114
7670,0.002706374041736126
7671,0.0027056958060711622
7672,0.0027052070945501328
7673,0.002705040154978633
7674,0.002704780548810959
7675,0.0027044094167649746
7676,0.0027046012692153454
7677,0.0027036769315600395
7678,0.002703414298593998
7679,0.002703106729313731
7680,0.0027028017211705446
7681,0.0027020866982638836
7682,0.002703137928619981
7683,0.002700776094570756
7684,0.0027002214919775724
7685,0.0026997614186257124
7686,0.0026992568746209145
7687,0.0026986815501004457
7688,0.0026978133246302605
7689,0.002696806564927101
7690,0.002695892471820116
7691,0.00269437488168478
7692,0.0026936298236250877
7693,0.0026922912802547216
7694,0.00269306474365294
7695,0.002690682653337717
7696,0.0026901899836957455
7697,0.002689806744456291
7698,0.0026891569141298532
7699,0.002688075415790081
7700,0.0026869531720876694
7701,0.0026859575882554054
7702,0.0026849049609154463
7703,0.0026835144963115454
7704,0.002684528473764658
7705,0.0026819680351763964
7706,0.0026813875883817673
7707,0.0026808632537722588
7708,0.0026801510248333216
7709,0.0026790935080498457
7710,0.00267707253806293
7711,0.0026779945474117994
7712,0.002674408257007599
7713,0.0026735891588032246
7714,0.002673054113984108
7715,0.0026723251212388277
7716,0.0026708520017564297
7717,0.0026701735332608223
7718,0.002668974921107292
7719,0.0026685239281505346
7720,0.0026680249720811844
7721,0.0026670056395232677
7722,0.0026651867665350437
7723,0.0026647746562957764
7724,0.0026629308704286814
7725,0.0026621464639902115
7726,0.0026614395901560783
7727,0.0026606465689837933
7728,0.0026598453987389803
7729,0.002658918034285307
7730,0.0026582065038383007
7731,0.002657912438735366
7732,0.002657224889844656
7733,0.0026563149876892567
7734,0.0026550409384071827
7735,0.0026536090299487114
7736,0.0026533661875873804
7737,0.0026518478989601135
7738,0.00265128375031054
7739,0.002650737762451172
7740,0.002649955451488495
7741,0.002649289555847645
7742,0.002648287685588002
7743,0.0026474827900528908
7744,0.0026469819713383913
7745,0.0026465379633009434
7746,0.0026460213121026754
7747,0.0026455854531377554
7748,0.002645167289301753
7749,0.002644347259774804
7750,0.0026435323525220156
7751,0.0026429523713886738
7752,0.002642175415530801
7753,0.002641458762809634
7754,0.0026407998520880938
7755,0.0026400580536574125
7756,0.0026394955348223448
7757,0.002638581907376647
7758,0.0026376403402537107
7759,0.0026368475519120693
7760,0.002635964658111334
7761,0.0026352228596806526
7762,0.002634147647768259
7763,0.0026324097998440266
7764,0.0026358547620475292
7765,0.0026310188695788383
7766,0.0026304672937840223
7767,0.002630098257213831
7768,0.002629593014717102
7769,0.002628845162689686
7770,0.0026276749558746815
7771,0.0026266146451234818
7772,0.002625866327434778
7773,0.0026252381503582
7774,0.002624778775498271
7775,0.002623658161610365
7776,0.0026220008730888367
7777,0.002620689570903778
7778,0.002619641600176692
7779,0.002618978964164853
7780,0.0026184399612247944
7781,0.002618233673274517
7782,0.0026173104997724295
7783,0.0026167340110987425
7784,0.0026162154972553253
7785,0.0026158017572015524
7786,0.0026147542521357536
7787,0.0026132839266210794
7788,0.002611894626170397
7789,0.0026108301244676113
7790,0.0026093213818967342
7791,0.0026084305718541145
7792,0.0026074755005538464
7793,0.002606774214655161
7794,0.002606006106361747
7795,0.002605102490633726
7796,0.0026043446268886328
7797,0.002603293629363179
7798,0.002601678017526865
7799,0.0026014787144958973
7800,0.0025997874327003956
7801,0.002599365310743451
7802,0.002598861698061228
7803,0.002598293125629425
7804,0.002597805578261614
7805,0.0025967704132199287
7806,0.0025959108024835587
7807,0.002595342230051756
7808,0.0025939983315765858
7809,0.0025925589725375175
7810,0.0025909526739269495
7811,0.002590254647657275
7812,0.0025890832766890526
7813,0.0025884960778057575
7814,0.0025879573076963425
7815,0.0025867288932204247
7816,0.002584689063951373
7817,0.0025833635590970516
7818,0.002582103479653597
7819,0.0025814459659159184
7820,0.002580463420599699
7821,0.0025789798237383366
7822,0.002577549312263727
7823,0.0025770117063075304
7824,0.0025762412697076797
7825,0.0025758822448551655
7826,0.0025755190290510654
7827,0.0025748061016201973
7828,0.00257365545257926
7829,0.0025731059722602367
7830,0.002571655437350273
7831,0.0025710235349833965
7832,0.0025704435538500547
7833,0.002569751115515828
7834,0.0025698961690068245
7835,0.002568479860201478
7836,0.0025679420214146376
7837,0.0025675813667476177
7838,0.0025672479532659054
7839,0.002566417446359992
7840,0.002565019531175494
7841,0.0025639571249485016
7842,0.0025631512980908155
7843,0.0025622895918786526
7844,0.0025616989005357027
7845,0.002561196917667985
7846,0.002560629276558757
7847,0.0025600935332477093
7848,0.00255980109795928
7849,0.002559231361374259
7850,0.0025584595277905464
7851,0.0025578017812222242
7852,0.0025573342572897673
7853,0.0025567514821887016
7854,0.0025563244707882404
7855,0.0025558127090334892
7856,0.0025552622973918915
7857,0.0025549232959747314
7858,0.0025543535593897104
7859,0.0025537703186273575
7860,0.0025530639104545116
7861,0.0025510061532258987
7862,0.0025561254005879164
7863,0.0025494201108813286
7864,0.002548827324062586
7865,0.002548542572185397
7866,0.002548225224018097
7867,0.0025475865695625544
7868,0.0025468405801802874
7869,0.0025474310386925936
7870,0.0025460938923060894
7871,0.0025458636227995157
7872,0.0025455853901803493
7873,0.0025452396366745234
7874,0.002544640563428402
7875,0.0025438338052481413
7876,0.00254364637658
7877,0.0025429765228182077
7878,0.002542758360505104
7879,0.0025425876956433058
7880,0.0025423152837902308
7881,0.0025418198201805353
7882,0.0025420463643968105
7883,0.002541247522458434
7884,0.0025409639347344637
7885,0.0025407241191715
7886,0.002540488727390766
7887,0.002540075220167637
7888,0.0025394647382199764
7889,0.0025390139780938625
7890,0.0025383078027516603
7891,0.0025378428399562836
7892,0.002537078456953168
7893,0.002535921987146139
7894,0.002535747131332755
7895,0.002534480532631278
7896,0.0025340223219245672
7897,0.0025336218532174826
7898,0.002533168299123645
7899,0.0025328011251986027
7900,0.0025320786517113447
7901,0.0025316281244158745
7902,0.0025311741046607494
7903,0.002530858386307955
7904,0.002530343597754836
7905,0.002529952209442854
7906,0.0025295154191553593
7907,0.0025288718752563
7908,0.002527864184230566
7909,0.002528432523831725
7910,0.0025266690645366907
7911,0.002526250435039401
7912,0.0025259435642510653
7913,0.0025257158558815718
7914,0.0025253682397305965
7915,0.0025248390156775713
7916,0.002524391980841756
7917,0.0025238897651433945
7918,0.0025234054774045944
7919,0.0025227349251508713
7920,0.002522153314203024
7921,0.002521398477256298
7922,0.002520711161196232
7923,0.0025201926473528147
7924,0.0025199081283062696
7925,0.0025193693581968546
7926,0.0025188850704580545
7927,0.0025184655096381903
7928,0.0025179560761898756
7929,0.0025173677131533623
7930,0.0025169868022203445
7931,0.0025163241662085056
7932,0.0025157479103654623
7933,0.0025153295136988163
7934,0.0025149169377982616
7935,0.0025144144892692566
7936,0.0025139686185866594
7937,0.0025136983022093773
7938,0.0025133281014859676
7939,0.0025130747817456722
7940,0.0025125800166279078
7941,0.002512174192816019
7942,0.002511730883270502
7943,0.002511468715965748
7944,0.00251118466258049
7945,0.002510766964405775
7946,0.00250997394323349
7947,0.0025094992015510798
7948,0.0025089015252888203
7949,0.0025084824301302433
7950,0.00250804191455245
7951,0.0025076165329664946
7952,0.0025070691481232643
7953,0.002506580203771591
7954,0.0025060661137104034
7955,0.0025054956786334515
7956,0.002505968324840069
7957,0.0025045445654541254
7958,0.0025042667984962463
7959,0.002503991825506091
7960,0.0025037270970642567
7961,0.0025030886754393578
7962,0.0025020602624863386
7963,0.0025040011387318373
7964,0.0025013433769345284
7965,0.0025009973905980587
7966,0.0025008374359458685
7967,0.0025006032083183527
7968,0.002500244416296482
7969,0.0025000928435474634
7970,0.0024995305575430393
7971,0.0024992350954562426
7972,0.002498933346942067
7973,0.002498476766049862
7974,0.002497996436432004
7975,0.0024973612744361162
7976,0.0024970632512122393
7977,0.00249673193320632
7978,0.0024964604526758194
7979,0.0024959854781627655
7980,0.0024954448454082012
7981,0.002494707005098462
7982,0.002494020853191614
7983,0.002493373118340969
7984,0.002492866013199091
7985,0.002492269268259406
7986,0.002491697669029236
7987,0.00249109067954123
7988,0.0024905442260205746
7989,0.0024901749566197395
7990,0.00248980731703341
7991,0.0024895230308175087
7992,0.0024889959022402763
7993,0.002489754930138588
7994,0.0024883723817765713
7995,0.00248819962143898
7996,0.002487986581400037
7997,0.0024878117255866528
7998,0.0024874070659279823
7999,0.0024867805186659098
8000,0.002486208453774452
8001,0.0024855530355125666
8002,0.002484853845089674
8003,0.0024843879509717226
8004,0.0024836717639118433
8005,0.0024838580284267664
8006,0.0024829325266182423
8007,0.0024827506858855486
8008,0.0024825921282172203
8009,0.0024824123829603195
8010,0.0024818999227136374
8011,0.0024811974726617336
8012,0.0024808321613818407
8013,0.0024804447311908007
8014,0.002480217954143882
8015,0.002480075927451253
8016,0.0024798442609608173
8017,0.0024794284254312515
8018,0.00247907149605453
8019,0.002478784415870905
8020,0.0024785278365015984
8021,0.0024782672990113497
8022,0.0024779625236988068
8023,0.0024778617080301046
8024,0.002477529924362898
8025,0.002477372996509075
8026,0.0024772672913968563
8027,0.002477051690220833
8028,0.002476736670359969
8029,0.00247657741419971
8030,0.0024762486573308706
8031,0.0024760726373642683
8032,0.002475930145010352
8033,0.0024757066275924444
8034,0.0024755201302468777
8035,0.002475009299814701
8036,0.0024750875309109688
8037,0.002474377863109112
8038,0.002474091714248061
8039,0.002473801840096712
8040,0.0024733825121074915
8041,0.0024729433935135603
8042,0.002472554799169302
8043,0.0024720358196645975
8044,0.0024716337211430073
8045,0.0024714586324989796
8046,0.0024713529273867607
8047,0.002471238374710083
8048,0.0024708968121558428
8049,0.0024706446565687656
8050,0.002470404841005802
8051,0.002470063976943493
8052,0.002469658385962248
8053,0.0024693734012544155
8054,0.0024689293932169676
8055,0.002468602266162634
8056,0.0024681477807462215
8057,0.0024676041211932898
8058,0.0024670418351888657
8059,0.002466766629368067
8060,0.0024664094671607018
8061,0.00246611051261425
8062,0.0024656448513269424
8063,0.0024652155116200447
8064,0.002464846707880497
8065,0.0024645912926644087
8066,0.0024642935022711754
8067,0.0024639808107167482
8068,0.0024636632297188044
8069,0.0024632452987134457
8070,0.0024629360996186733
8071,0.0024625035002827644
8072,0.002462078584358096
8073,0.0024617628660053015
8074,0.0024611903354525566
8075,0.0024607349187135696
8076,0.0024604599457234144
8077,0.002460227347910404
8078,0.0024596895091235638
8079,0.00245903548784554
8080,0.0024583982303738594
8081,0.0024579111486673355
8082,0.002457638969644904
8083,0.0024573334958404303
8084,0.0024569097440689802
8085,0.002456382382661104
8086,0.00245591695420444
8087,0.0024553986731916666
8088,0.002454806584864855
8089,0.0024544778279960155
8090,0.0024540163576602936
8091,0.002453732769936323
8092,0.0024532852694392204
8093,0.0024528782814741135
8094,0.002452447544783354
8095,0.002452179789543152
8096,0.0024518975988030434
8097,0.0024515462573617697
8098,0.00245123659260571
8099,0.0024510491639375687
8100,0.0024506226181983948
8101,0.0024501532316207886
8102,0.0024498533457517624
8103,0.0024495513644069433
8104,0.0024492708034813404
8105,0.0024490891955792904
8106,0.0024488563649356365
8107,0.002448402112349868
8108,0.0024479455314576626
8109,0.0024474700912833214
8110,0.002447228180244565
8111,0.0024470691569149494
8112,0.002446872415021062
8113,0.002446691272780299
8114,0.0024463797453790903
8115,0.002445976482704282
8116,0.0024455557577311993
8117,0.0024450509808957577
8118,0.002444780431687832
8119,0.002444426529109478
8120,0.0024439452681690454
8121,0.0024434439837932587
8122,0.0024430667981505394
8123,0.0024425815790891647
8124,0.0024422691203653812
8125,0.0024418174289166927
8126,0.0024412511847913265
8127,0.002440794138237834
8128,0.0024404842406511307
8129,0.0024402516428381205
8130,0.0024399065878242254
8131,0.002439359435811639
8132,0.002438812982290983
8133,0.002438346156850457
8134,0.002438070485368371
8135,0.0024375899229198694
8136,0.0024374339263886213
8137,0.002437139395624399
8138,0.0024368339218199253
8139,0.0024366313591599464
8140,0.002436397597193718
8141,0.0024359857197850943
8142,0.0024352669715881348
8143,0.002434756141155958
8144,0.0024339715018868446
8145,0.002433390822261572
8146,0.0024329673033207655
8147,0.002432383131235838
8148,0.0024321619421243668
8149,0.002431397093459964
8150,0.0024310899898409843
8151,0.0024308704305440187
8152,0.0024305758997797966
8153,0.002430500229820609
8154,0.002429923275485635
8155,0.0024295086041092873
8156,0.002429117914289236
8157,0.0024287491105496883
8158,0.002428182167932391
8159,0.0024274466559290886
8160,0.002426939783617854
8161,0.002426594030112028
8162,0.00242625386454165
8163,0.002425912767648697
8164,0.0024254866875708103
8165,0.002424921141937375
8166,0.0024243907537311316
8167,0.002423901343718171
8168,0.002423044992610812
8169,0.0024224594235420227
8170,0.002421758370473981
8171,0.002421158831566572
8172,0.0024205902591347694
8173,0.0024201525375247
8174,0.0024194885045289993
8175,0.002419077092781663
8176,0.002418593503534794
8177,0.002417797688394785
8178,0.0024169760290533304
8179,0.0024165355134755373
8180,0.0024160495959222317
8181,0.002415705006569624
8182,0.002415479626506567
8183,0.0024149538949131966
8184,0.0024142307229340076
8185,0.0024145101197063923
8186,0.0024131869431585073
8187,0.0024127978831529617
8188,0.002412380650639534
8189,0.0024119089357554913
8190,0.0024113967083394527
8191,0.002410992980003357
8192,0.002410451415926218
8193,0.0024101799353957176
8194,0.0024097536224871874
8195,0.0024090493097901344
8196,0.002408389002084732
8197,0.002407916123047471
8198,0.002407620893791318
8199,0.002407334977760911
8200,0.002406854648143053
8201,0.002406391780823469
8202,0.0024060229770839214
8203,0.0024057156406342983
8204,0.002405403181910515
8205,0.0024045847821980715
8206,0.0024051424115896225
8207,0.002403760328888893
8208,0.002403443679213524
8209,0.0024032986257225275
8210,0.0024030962958931923
8211,0.002402634359896183
8212,0.00240222061984241
8213,0.002401317935436964
8214,0.0024010445922613144
8215,0.0024007055908441544
8216,0.002400469034910202
8217,0.0023999542463570833
8218,0.002399443881586194
8219,0.002398925367742777
8220,0.0023984690196812153
8221,0.002397979376837611
8222,0.0023974901996552944
8223,0.002397148171439767
8224,0.0023969081230461597
8225,0.0023965712171047926
8226,0.0023964776191860437
8227,0.0023961621336638927
8228,0.0023957365192472935
8229,0.002395056653767824
8230,0.0023942473344504833
8231,0.002393873408436775
8232,0.0023934959899634123
8233,0.0023932033218443394
8234,0.0023929420858621597
8235,0.0023924019187688828
8236,0.00239179958589375
8237,0.002391035435721278
8238,0.0023903031833469868
8239,0.0023897693026810884
8240,0.002388996770605445
8241,0.0023885248228907585
8242,0.0023887562565505505
8243,0.002387632615864277
8244,0.0023873455356806517
8245,0.0023871567100286484
8246,0.0023869068827480078
8247,0.002386547392234206
8248,0.002386047737672925
8249,0.0023853846359997988
8250,0.0023849280551075935
8251,0.002384328981861472
8252,0.002384036546573043
8253,0.002383742481470108
8254,0.002383472630754113
8255,0.0023832195438444614
8256,0.002382999751716852
8257,0.0023826572578400373
8258,0.0023822588846087456
8259,0.002381732687354088
8260,0.0023814321029931307
8261,0.0023812956642359495
8262,0.0023811552673578262
8263,0.0023808302357792854
8264,0.0023803359363228083
8265,0.0023799403570592403
8266,0.0023796113673597574
8267,0.0023792237043380737
8268,0.0023789729457348585
8269,0.00237839762121439
8270,0.0023779442999511957
8271,0.0023777217138558626
8272,0.0023773859720677137
8273,0.002376950578764081
8274,0.0023765761870890856
8275,0.0023761088959872723
8276,0.002375856041908264
8277,0.0023753615096211433
8278,0.002375128446146846
8279,0.0023748516105115414
8280,0.0023745649959892035
8281,0.002374190604314208
8282,0.002374517498537898
8283,0.0023737708106637
8284,0.0023736360017210245
8285,0.002373470924794674
8286,0.0023732539266347885
8287,0.0023730946704745293
8288,0.0023728064261376858
8289,0.0023721735924482346
8290,0.0023717063013464212
8291,0.0023713039699941874
8292,0.002370945643633604
8293,0.0023706036154180765
8294,0.0023699901066720486
8295,0.002369419438764453
8296,0.002368878573179245
8297,0.0023684005718678236
8298,0.0023680494632571936
8299,0.002367825713008642
8300,0.002367535140365362
8301,0.0023672240786254406
8302,0.0023669572547078133
8303,0.0023666881024837494
8304,0.0023663188330829144
8305,0.0023661619052290916
8306,0.0023660839069634676
8307,0.0023658534046262503
8308,0.002365685300901532
8309,0.002365380059927702
8310,0.0023650953080505133
8311,0.0023649358190596104
8312,0.0023647404741495848
8313,0.002364479238167405
8314,0.0023642070591449738
8315,0.002363781910389662
8316,0.0023631236981600523
8317,0.002362974686548114
8318,0.002362367231398821
8319,0.0023620936553925276
8320,0.0023617560509592295
8321,0.0023613236844539642
8322,0.0023608230985701084
8323,0.0023603863082826138
8324,0.002360086888074875
8325,0.00235984125174582
8326,0.0023595502134412527
8327,0.0023591280914843082
8328,0.0023583942092955112
8329,0.0023578305263072252
8330,0.002357429126277566
8331,0.00235720444470644
8332,0.0023567923344671726
8333,0.002356548560783267
8334,0.0023560633417218924
8335,0.002355415839701891
8336,0.002355150878429413
8337,0.002354633528739214
8338,0.0023544449359178543
8339,0.0023541864939033985
8340,0.0023539233952760696
8341,0.00235347100533545
8342,0.0023528416641056538
8343,0.002352365991100669
8344,0.002352039096876979
8345,0.002351482165977359
8346,0.0023511936888098717
8347,0.002350950613617897
8348,0.002350610215216875
8349,0.0023503578267991543
8350,0.0023500651586800814
8351,0.0023495187051594257
8352,0.0023491468746215105
8353,0.0023486202117055655
8354,0.002348335226997733
8355,0.0023479745723307133
8356,0.002347617642953992
8357,0.0023471475578844547
8358,0.0023469470907002687
8359,0.0023465463891625404
8360,0.0023463626857846975
8361,0.002346243243664503
8362,0.002346071880310774
8363,0.002346082590520382
8364,0.0023456881754100323
8365,0.0023455186747014523
8366,0.0023453717585653067
8367,0.0023452292662113905
8368,0.0023448970168828964
8369,0.002344343112781644
8370,0.0023440837394446135
8371,0.002343719359487295
8372,0.0023435617331415415
8373,0.002343351487070322
8374,0.002343003172427416
8375,0.0023427228443324566
8376,0.0023424376267939806
8377,0.002342210616916418
8378,0.0023418802302330732
8379,0.0023416304029524326
8380,0.0023415156174451113
8381,0.002340973587706685
8382,0.002340723294764757
8383,0.0023404289968311787
8384,0.002340270671993494
8385,0.0023400415666401386
8386,0.002339667174965143
8387,0.0023391726426780224
8388,0.002339544938877225
8389,0.0023386541288346052
8390,0.0023385148961097
8391,0.002338364254683256
8392,0.00233824597671628
8393,0.0023379481863230467
8394,0.002337593585252762
8395,0.002337488578632474
8396,0.002337010344490409
8397,0.0023368392139673233
8398,0.002336547477170825
8399,0.002336271805688739
8400,0.0023359707556664944
8401,0.0023356257006525993
8402,0.0023352743592113256
8403,0.0023348848335444927
8404,0.0023345465306192636
8405,0.002334193792194128
8406,0.0023338194005191326
8407,0.002333324635401368
8408,0.002332882024347782
8409,0.0023324256762862206
8410,0.0023324466310441494
8411,0.0023318093735724688
8412,0.002331542782485485
8413,0.0023313029669225216
8414,0.0023311020340770483
8415,0.0023306747898459435
8416,0.0023302759509533644
8417,0.0023297960869967937
8418,0.00232956325635314
8419,0.0023290652316063643
8420,0.0023284684866666794
8421,0.0023279169108718634
8422,0.0023272887337952852
8423,0.0023265667259693146
8424,0.002326062647625804
8425,0.0023255085106939077
8426,0.002324935281649232
8427,0.002324473112821579
8428,0.002323914784938097
8429,0.0023234388791024685
8430,0.0023232274688780308
8431,0.002322844695299864
8432,0.0023223974276334047
8433,0.0023221727460622787
8434,0.0023213017266243696
8435,0.0023217475973069668
8436,0.0023204036988317966
8437,0.002320087281987071
8438,0.0023198523558676243
8439,0.002319436054676771
8440,0.0023188008926808834
8441,0.002318710321560502
8442,0.0023181838914752007
8443,0.0023180246353149414
8444,0.0023178094998002052
8445,0.0023175771348178387
8446,0.002317166654393077
8447,0.0023164746817201376
8448,0.0023160367272794247
8449,0.002315656980499625
8450,0.002315351041033864
8451,0.0023151421919465065
8452,0.0023148595355451107
8453,0.0023141708225011826
8454,0.0023142106365412474
8455,0.0023133063223212957
8456,0.0023130697663873434
8457,0.002312833908945322
8458,0.0023125787265598774
8459,0.0023121158592402935
8460,0.0023123756982386112
8461,0.002311479300260544
8462,0.002311237156391144
8463,0.002311084419488907
8464,0.002310809912160039
8465,0.0023104995489120483
8466,0.002316331258043647
8467,0.0023103479761630297
8468,0.0023099530953913927
8469,0.002309817587956786
8470,0.002309587551280856
8471,0.002309373114258051
8472,0.002309034112840891
8473,0.0023085204884409904
8474,0.0023077763617038727
8475,0.002307320013642311
8476,0.00230689300224185
8477,0.002306660870090127
8478,0.002306101145222783
8479,0.0023055593483150005
8480,0.002304977038875222
8481,0.002304565394297242
8482,0.002304291818290949
8483,0.002304030815139413
8484,0.00230385921895504
8485,0.0023035090416669846
8486,0.002303164452314377
8487,0.002302754670381546
8488,0.0023022398818284273
8489,0.0023020466323941946
8490,0.0023014438338577747
8491,0.0023012899328023195
8492,0.0023010766599327326
8493,0.0023008091375231743
8494,0.002300324384123087
8495,0.0023013195022940636
8496,0.0022996843326836824
8497,0.0022992745507508516
8498,0.0022989732678979635
8499,0.0022985469549894333
8500,0.002298162318766117
8501,0.0022974424064159393
8502,0.0023011635057628155
8503,0.0022965623065829277
8504,0.002296113409101963
8505,0.0022959597408771515
8506,0.0022957362234592438
8507,0.0022955068852752447
8508,0.002295014914125204
8509,0.002295865211635828
8510,0.002294266363605857
8511,0.0022939268965274096
8512,0.002293760422617197
8513,0.0022934062872081995
8514,0.002292969962581992
8515,0.0022922628559172153
8516,0.0022917762398719788
8517,0.00229146471247077
8518,0.0022911399137228727
8519,0.002290873322635889
8520,0.002290632575750351
8521,0.00229492224752903
8522,0.0022904551587998867
8523,0.0022901473566889763
8524,0.0022900844924151897
8525,0.0022898931056261063
8526,0.0022897017188370228
8527,0.002289443276822567
8528,0.0022891995031386614
8529,0.0022888758685439825
8530,0.002288584131747484
8531,0.0022884320933371782
8532,0.0022881641052663326
8533,0.0022877671290189028
8534,0.0022873918060213327
8535,0.0022870730608701706
8536,0.0022866304498165846
8537,0.002286295173689723
8538,0.0022860392928123474
8539,0.0022858059965074062
8540,0.0022853361442685127
8541,0.0022851210087537766
8542,0.0022847000509500504
8543,0.0022839908488094807
8544,0.002283515175804496
8545,0.0022831433452665806
8546,0.0022828220389783382
8547,0.0022826911881566048
8548,0.0022823915351182222
8549,0.0022819009609520435
8550,0.0022825729101896286
8551,0.002281449967995286
8552,0.0022812746465206146
8553,0.0022811652161180973
8554,0.0022810145746916533
8555,0.0022808273788541555
8556,0.0022805340122431517
8557,0.00227999035269022
8558,0.002279830165207386
8559,0.0022794289980083704
8560,0.0022792716044932604
8561,0.0022791223600506783
8562,0.0022788401693105698
8563,0.0022785491310060024
8564,0.0022780555300414562
8565,0.0022776846308261156
8566,0.0022774178069084883
8567,0.0022772180382162333
8568,0.0022770536597818136
8569,0.0022768049966543913
8570,0.0022765151225030422
8571,0.0022761665750294924
8572,0.0022758932318538427
8573,0.0022756229154765606
8574,0.00227541895583272
8575,0.002275491366162896
8576,0.0022749649360775948
8577,0.0022746934555470943
8578,0.0022744317539036274
8579,0.0022742990404367447
8580,0.002274077385663986
8581,0.0022740375716239214
8582,0.0022733216173946857
8583,0.0022730508353561163
8584,0.00227284780703485
8585,0.0022726000752300024
8586,0.0022720855195075274
8587,0.002271498553454876
8588,0.002271039178594947
8589,0.0022707609459757805
8590,0.0022702233400195837
8591,0.0022697995882481337
8592,0.0022694694343954325
8593,0.0022690575569868088
8594,0.0022687255404889584
8595,0.0022683925926685333
8596,0.002268061973154545
8597,0.0022679311223328114
8598,0.0022674337960779667
8599,0.002267230302095413
8600,0.0022669630125164986
8601,0.002266664057970047
8602,0.002266102936118841
8603,0.0022657266817986965
8604,0.002265299204736948
8605,0.0022650419268757105
8606,0.002264775335788727
8607,0.002264434704557061
8608,0.0022637215442955494
8609,0.002263483824208379
8610,0.0022629948798567057
8611,0.00226274854503572
8612,0.0022625161800533533
8613,0.0022621003445237875
8614,0.002261639107018709
8615,0.0022612817119807005
8616,0.0022610926534980536
8617,0.0022608262952417135
8618,0.0022607087157666683
8619,0.002260481473058462
8620,0.002260014647617936
8621,0.0022594458423554897
8622,0.0022603136021643877
8623,0.002258757594972849
8624,0.0022584833204746246
8625,0.0022582700476050377
8626,0.002257992047816515
8627,0.0022575801704078913
8628,0.0022568916901946068
8629,0.0022572330199182034
8630,0.0022561897058039904
8631,0.0022560202050954103
8632,0.002255840227007866
8633,0.002255704253911972
8634,0.0022553792223334312
8635,0.0022600169759243727
8636,0.002255121013149619
8637,0.0022547775879502296
8638,0.002254708204418421
8639,0.0022545768879354
8640,0.002254389226436615
8641,0.0022540553472936153
8642,0.0022536481264978647
8643,0.002253257902339101
8644,0.0022530746646225452
8645,0.00225276593118906
8646,0.0022525200620293617
8647,0.0022521596401929855
8648,0.0022518751211464405
8649,0.002251510275527835
8650,0.002251116093248129
8651,0.002250934485346079
8652,0.002250552410259843
8653,0.0022499272599816322
8654,0.0022499258629977703
8655,0.002249310025945306
8656,0.0022491260897368193
8657,0.002248948672786355
8658,0.0022486401721835136
8659,0.002248399658128619
8660,0.0022481258492916822
8661,0.0022478350438177586
8662,0.0022476629819720984
8663,0.002247441094368696
8664,0.002246964955702424
8665,0.0022462932392954826
8666,0.0022459859028458595
8667,0.00224533979780972
8668,0.0022451586555689573
8669,0.0022448895033448935
8670,0.0022445095237344503
8671,0.0022442820481956005
8672,0.0022437237203121185
8673,0.002243388444185257
8674,0.002243106486275792
8675,0.0022428426891565323
8676,0.002242489019408822
8677,0.002243519527837634
8678,0.002241911366581917
8679,0.0022416047286242247
8680,0.0022413614206016064
8681,0.0022411709651350975
8682,0.0022408743388950825
8683,0.002240596804767847
8684,0.002240255707874894
8685,0.002239867113530636
8686,0.002239640336483717
8687,0.0022392510436475277
8688,0.002238430082798004
8689,0.0022388461511582136
8690,0.002237488981336355
8691,0.0022371415980160236
8692,0.0022368980571627617
8693,0.002236516447737813
8694,0.002235858701169491
8695,0.002235355554148555
8696,0.0022349341306835413
8697,0.0022343953605741262
8698,0.002234042389318347
8699,0.002233513630926609
8700,0.002233159029856324
8701,0.002232624450698495
8702,0.0022322458680719137
8703,0.0022318714763969183
8704,0.0022311971988528967
8705,0.0022301895078271627
8706,0.002229822799563408
8707,0.0022289115004241467
8708,0.0022285575978457928
8709,0.0022282961290329695
8710,0.002227742224931717
8711,0.002227087737992406
8712,0.0022267757449299097
8713,0.0022261987905949354
8714,0.0022259780671447515
8715,0.002225761767476797
8716,0.0022254097275435925
8717,0.00222478318028152
8718,0.0022241920232772827
8719,0.0022236076183617115
8720,0.002223104238510132
8721,0.002222604351118207
8722,0.0022219924721866846
8723,0.0022213677875697613
8724,0.002220738446339965
8725,0.0022202800028026104
8726,0.002220110036432743
8727,0.002219664165750146
8728,0.002219046000391245
8729,0.0022181854583323
8730,0.0022175400517880917
8731,0.002216930501163006
8732,0.0022166005801409483
8733,0.002216183580458164
8734,0.002215785440057516
8735,0.0022159977816045284
8736,0.002215152606368065
8737,0.0022149791475385427
8738,0.0022148205898702145
8739,0.002214614534750581
8740,0.0022142664529383183
8741,0.0022136070765554905
8742,0.0022136534098535776
8743,0.002212611259892583
8744,0.0022122361697256565
8745,0.002211890183389187
8746,0.0022113495506346226
8747,0.0022104657255113125
8748,0.0022096028551459312
8749,0.002209019148722291
8750,0.002208417747169733
8751,0.0022079930640757084
8752,0.0022073485888540745
8753,0.0022067995741963387
8754,0.002206244971603155
8755,0.002205934841185808
8756,0.0022056610323488712
8757,0.002205093391239643
8758,0.0022042887285351753
8759,0.002204781398177147
8760,0.0022034314461052418
8761,0.0022031425032764673
8762,0.0022028242237865925
8763,0.002202387899160385
8764,0.002201762981712818
8765,0.002200591377913952
8766,0.0022008544765412807
8767,0.002199408132582903
8768,0.0021990626119077206
8769,0.0021988702937960625
8770,0.0021986227948218584
8771,0.002198072848841548
8772,0.0021973566617816687
8773,0.002196322660893202
8774,0.0021957275457680225
8775,0.002194758504629135
8776,0.002194308675825596
8777,0.002193993190303445
8778,0.0021935547702014446
8779,0.0021929363720119
8780,0.0021918914280831814
8781,0.0021907195914536715
8782,0.0021898020058870316
8783,0.002189155202358961
8784,0.0021887074690312147
8785,0.002188310492783785
8786,0.0021881060674786568
8787,0.002187760779634118
8788,0.0021874704398214817
8789,0.002187216654419899
8790,0.0021867791656404734
8791,0.0021866015158593655
8792,0.0021864245645701885
8793,0.0021860760170966387
8794,0.0021855775266885757
8795,0.002186622004956007
8796,0.002185104414820671
8797,0.002184920711442828
8798,0.002184727229177952
8799,0.002184624318033457
8800,0.0021845174487680197
8801,0.0021842801943421364
8802,0.0021838380489498377
8803,0.0021833647042512894
8804,0.0021828883327543736
8805,0.002182304859161377
8806,0.00218204315751791
8807,0.0021816855296492577
8808,0.0021813660860061646
8809,0.0021806408185511827
8810,0.0021802918054163456
8811,0.0021796703804284334
8812,0.002179065253585577
8813,0.0021784098353236914
8814,0.0021779071539640427
8815,0.0021773320622742176
8816,0.0021769909653812647
8817,0.002176084090024233
8818,0.0021745688281953335
8819,0.0021737590432167053
8820,0.002172820270061493
8821,0.002172451466321945
8822,0.0021721646189689636
8823,0.002171730622649193
8824,0.002171233994886279
8825,0.002170409308746457
8826,0.0021699967328459024
8827,0.002169498009607196
8828,0.0021690139546990395
8829,0.002168471459299326
8830,0.002167977625504136
8831,0.0021675475873053074
8832,0.002167267957702279
8833,0.0021668148692697287
8834,0.0021661713253706694
8835,0.00216543092392385
8836,0.0021649659611284733
8837,0.0021645009983330965
8838,0.002164263278245926
8839,0.0021640562918037176
8840,0.0021633419673889875
8841,0.002163226716220379
8842,0.0021624627988785505
8843,0.002162258606404066
8844,0.002162120072171092
8845,0.0021619945764541626
8846,0.0021614364814013243
8847,0.0021608369424939156
8848,0.0021601635962724686
8849,0.0021599517203867435
8850,0.0021594753488898277
8851,0.002159206196665764
8852,0.0021591195836663246
8853,0.0021589300595223904
8854,0.002158511895686388
8855,0.0021582713816314936
8856,0.002157796872779727
8857,0.0021574757993221283
8858,0.002157112117856741
8859,0.0021568527445197105
8860,0.0021566252689808607
8861,0.002156257862225175
8862,0.002155689289793372
8863,0.0021552536636590958
8864,0.0021548052318394184
8865,0.002154539804905653
8866,0.002154117915779352
8867,0.0021537772845476866
8868,0.0021534173283725977
8869,0.002152961678802967
8870,0.00215211883187294
8871,0.0021511963568627834
8872,0.0021505430340766907
8873,0.0021500263828784227
8874,0.002150183543562889
8875,0.002149461070075631
8876,0.002149223582819104
8877,0.0021489057689905167
8878,0.0021486058831214905
8879,0.0021482654847204685
8880,0.0021477676928043365
8881,0.002147514373064041
8882,0.002147167921066284
8883,0.00214700261130929
8884,0.002146767219528556
8885,0.0021463967859745026
8886,0.0021458049304783344
8887,0.0021457159891724586
8888,0.0021447143517434597
8889,0.0021443795412778854
8890,0.002144094090908766
8891,0.0021438219118863344
8892,0.002143386285752058
8893,0.0021429697517305613
8894,0.002142571145668626
8895,0.002142262179404497
8896,0.0021421348210424185
8897,0.002141735516488552
8898,0.0021411904599517584
8899,0.002140454947948456
8900,0.002139710821211338
8901,0.0021392465569078922
8902,0.0021389576140791178
8903,0.0021388200111687183
8904,0.0021385487634688616
8905,0.002138350857421756
8906,0.002137955278158188
8907,0.0021372747141867876
8908,0.0021366560831665993
8909,0.002135933144018054
8910,0.002135166432708502
8911,0.0021346360445022583
8912,0.002134162001311779
8913,0.0021338455844670534
8914,0.0021334837656468153
8915,0.0021330551244318485
8916,0.0021322546526789665
8917,0.002131512388586998
8918,0.0021308776922523975
8919,0.0021304467227309942
8920,0.0021298460196703672
8921,0.0021294152829796076
8922,0.0021286585833877325
8923,0.002128212247043848
8924,0.0021278047934174538
8925,0.002127545652911067
8926,0.0021274122409522533
8927,0.002127069979906082
8928,0.0021274639293551445
8929,0.00212659640237689
8930,0.0021263945382088423
8931,0.002126259496435523
8932,0.0021260289940983057
8933,0.0021256839390844107
8934,0.002124994294717908
8935,0.002125234343111515
8936,0.0021240925416350365
8937,0.002123743062838912
8938,0.002123357029631734
8939,0.0021228385157883167
8940,0.002121878555044532
8941,0.0021252757869660854
8942,0.002120870165526867
8943,0.002120398683473468
8944,0.0021200855262577534
8945,0.0021197518799453974
8946,0.0021193805150687695
8947,0.0021189856342971325
8948,0.0021186647936701775
8949,0.002118102740496397
8950,0.002117681782692671
8951,0.0021173253189772367
8952,0.0021166251972317696
8953,0.0021165392827242613
8954,0.002115740906447172
8955,0.002115516923367977
8956,0.0021153022535145283
8957,0.002115009818226099
8958,0.0021144472993910313
8959,0.0021166489459574223
8960,0.002113762777298689
8961,0.0021134058479219675
8962,0.002113141119480133
8963,0.00211283634416759
8964,0.0021124393679201603
8965,0.00211205892264843
8966,0.0021117059513926506
8967,0.002111414447426796
8968,0.0021110877860337496
8969,0.0021105995401740074
8970,0.002110332017764449
8971,0.0021096854470670223
8972,0.002109312452375889
8973,0.0021089077927172184
8974,0.002108413027599454
8975,0.002107773208990693
8976,0.0021071876399219036
8977,0.0021064470056444407
8978,0.002105802996084094
8979,0.002104983665049076
8980,0.00210456526838243
8981,0.0021038639824837446
8982,0.0021035794634371996
8983,0.002103335689753294
8984,0.002102804370224476
8985,0.0021020504646003246
8986,0.002101660007610917
8987,0.002100772690027952
8988,0.0021002795547246933
8989,0.002099814359098673
8990,0.0020993773359805346
8991,0.002098705153912306
8992,0.0020981330890208483
8993,0.0020975149236619473
8994,0.002097093965858221
8995,0.0020965836010873318
8996,0.0020960229448974133
8997,0.002095694886520505
8998,0.002094842493534088
8999,0.0020942259579896927
9000,0.0020937661174684763
9001,0.002093483693897724
9002,0.002093288581818342
9003,0.002092910697683692
9004,0.0020925726275891066
9005,0.002092211041599512
9006,0.002091793343424797
9007,0.0020913465414196253
9008,0.002091165166348219
9009,0.0020908659789711237
9010,0.002090731170028448
9011,0.002090387511998415
9012,0.0020897325593978167
9013,0.0020892757456749678
9014,0.0020886175334453583
9015,0.002088206820189953
9016,0.002087898086756468
9017,0.0020874342881143093
9018,0.0020872028544545174
9019,0.0020864629186689854
9020,0.0020859967917203903
9021,0.0020856636110693216
9022,0.0020854042377322912
9023,0.0020847946871072054
9024,0.0020842761732637882
9025,0.0020838258787989616
9026,0.002083651954308152
9027,0.002083305735141039
9028,0.0020830766297876835
9029,0.002082895254716277
9030,0.0020826132968068123
9031,0.0020822600927203894
9032,0.0020818987395614386
9033,0.0020815820898860693
9034,0.002081340178847313
9035,0.002081261482089758
9036,0.0020811192225664854
9037,0.00208083912730217
9038,0.0020804910454899073
9039,0.00208001839928329
9040,0.0020795739255845547
9041,0.002079297788441181
9042,0.0020790272392332554
9043,0.002078733639791608
9044,0.0020782947540283203
9045,0.00207782001234591
9046,0.0020774570293724537
9047,0.002077242126688361
9048,0.002077065873891115
9049,0.0020768120884895325
9050,0.0020764204673469067
9051,0.0020760484039783478
9052,0.002075512195006013
9053,0.0020751412957906723
9054,0.0020749522373080254
9055,0.002074766904115677
9056,0.002074640477076173
9057,0.002074295189231634
9058,0.002073992043733597
9059,0.002073965035378933
9060,0.00207343022339046
9061,0.002073305658996105
9062,0.0020731566473841667
9063,0.0020729873795062304
9064,0.002072613686323166
9065,0.0020721484906971455
9066,0.002071866998448968
9067,0.0020715834107249975
9068,0.0020712411496788263
9069,0.0020709338132292032
9070,0.002070573391392827
9071,0.0020703817717731
9072,0.002070129383355379
9073,0.0020700281020253897
9074,0.0020698774605989456
9075,0.0020697363652288914
9076,0.002069446025416255
9077,0.0020690474193543196
9078,0.0020684495102614164
9079,0.0020679933950304985
9080,0.0020675917621701956
9081,0.002067332621663809
9082,0.0020672460086643696
9083,0.0020670320373028517
9084,0.00206667254678905
9085,0.0020663957111537457
9086,0.002066063927486539
9087,0.0020658443681895733
9088,0.0020656513515859842
9089,0.002065276727080345
9090,0.0020647847559303045
9091,0.002064793836325407
9092,0.002064018975943327
9093,0.002063687425106764
9094,0.0020634131506085396
9095,0.0020630790386348963
9096,0.0020627244375646114
9097,0.002062256680801511
9098,0.002061936305835843
9099,0.002061636419966817
9100,0.0020614704117178917
9101,0.0020611840300261974
9102,0.002060794737190008
9103,0.0020599346607923508
9104,0.0020593644585460424
9105,0.0020589125342667103
9106,0.0020587167236953974
9107,0.0020583169534802437
9108,0.002058020094409585
9109,0.002057759091258049
9110,0.0020570417400449514
9111,0.002056552330031991
9112,0.0020561562851071358
9113,0.002055868972092867
9114,0.0020555523224174976
9115,0.0020553776994347572
9116,0.0020549676846712828
9117,0.0020542428828775883
9118,0.002053589327260852
9119,0.0020530433394014835
9120,0.002052642172202468
9121,0.0020522992126643658
9122,0.002052053576335311
9123,0.0020518179517239332
9124,0.0020515548530966043
9125,0.0020513315685093403
9126,0.0020510561298578978
9127,0.0020506682340055704
9128,0.002050008624792099
9129,0.002049457048997283
9130,0.002049020491540432
9131,0.002048639813438058
9132,0.0020481336396187544
9133,0.0020476863719522953
9134,0.0020470661111176014
9135,0.0020464053377509117
9136,0.002046265872195363
9137,0.0020457818172872066
9138,0.002045535948127508
9139,0.002045383444055915
9140,0.0020450307056307793
9141,0.0020442751701921225
9142,0.0020443962421268225
9143,0.0020435338374227285
9144,0.0020432942546904087
9145,0.0020429447758942842
9146,0.00204241625033319
9147,0.002041917759925127
9148,0.0020415359176695347
9149,0.0020410832948982716
9150,0.0020407047122716904
9151,0.002040314255282283
9152,0.0020394339226186275
9153,0.002039116807281971
9154,0.002038343343883753
9155,0.0020379172638058662
9156,0.0020375647582113743
9157,0.002036912366747856
9158,0.002036090474575758
9159,0.0020355433225631714
9160,0.002034984529018402
9161,0.0020347272511571646
9162,0.002034454606473446
9163,0.0020341863855719566
9164,0.002033403841778636
9165,0.0020359805785119534
9166,0.0020328862592577934
9167,0.0020325675141066313
9168,0.0020323379430919886
9169,0.002032082062214613
9170,0.0020316694863140583
9171,0.002031147014349699
9172,0.002030423376709223
9173,0.002030006144195795
9174,0.002029404044151306
9175,0.00202903407625854
9176,0.002028796821832657
9177,0.0020285886712372303
9178,0.002028407994657755
9179,0.002028013113886118
9180,0.002027686219662428
9181,0.002027156064286828
9182,0.0020264422055333853
9183,0.0020258568692952394
9184,0.00202539237216115
9185,0.0020250706002116203
9186,0.002024908782914281
9187,0.002024448476731777
9188,0.00202424474991858
9189,0.002023681066930294
9190,0.0020234982948750257
9191,0.002023307140916586
9192,0.002023221692070365
9193,0.0020229690708220005
9194,0.0020228177309036255
9195,0.0020226461347192526
9196,0.0020225222688168287
9197,0.002022123895585537
9198,0.002021396066993475
9199,0.002021877793595195
9200,0.0020208372734487057
9201,0.0020205595064908266
9202,0.0020203024614602327
9203,0.0020198810379952192
9204,0.0020193555392324924
9205,0.002019427018240094
9206,0.0020184493623673916
9207,0.002018122933804989
9208,0.0020177781116217375
9209,0.002017449587583542
9210,0.002016963204368949
9211,0.002016472863033414
9212,0.002016133861616254
9213,0.0020157715771347284
9214,0.002015514764934778
9215,0.002015175297856331
9216,0.002014693571254611
9217,0.002014088211581111
9218,0.002013677265495062
9219,0.002013398800045252
9220,0.002013277029618621
9221,0.002013028832152486
9222,0.0020127608440816402
9223,0.0020123193971812725
9224,0.002011786215007305
9225,0.002011372009292245
9226,0.0020110555924475193
9227,0.0020106134470552206
9228,0.0020103445276618004
9229,0.0020101377740502357
9230,0.0020098979584872723
9231,0.002009720541536808
9232,0.0020093093626201153
9233,0.002008815761655569
9234,0.0020083142444491386
9235,0.002008062321692705
9236,0.002007727511227131
9237,0.002007567323744297
9238,0.0020071500912308693
9239,0.002006729831919074
9240,0.0020062855910509825
9241,0.002005851361900568
9242,0.0020054124761372805
9243,0.0020049260929226875
9244,0.0020043598487973213
9245,0.002003858331590891
9246,0.0020034671761095524
9247,0.0020031689200550318
9248,0.002003043657168746
9249,0.002002825727686286
9250,0.0020024986006319523
9251,0.002002103952690959
9252,0.0020015439949929714
9253,0.0020007691346108913
9254,0.0020004096440970898
9255,0.0019998475909233093
9256,0.0019994338508695364
9257,0.0019984922837466
9258,0.0019976291805505753
9259,0.0019967572297900915
9260,0.001996322302147746
9261,0.0019959197379648685
9262,0.001995618222281337
9263,0.001995094818994403
9264,0.0019943504594266415
9265,0.0019938668701797724
9266,0.0019933374132961035
9267,0.001992994686588645
9268,0.0019925942178815603
9269,0.001992075936868787
9270,0.0019916226156055927
9271,0.0019913401920348406
9272,0.0019910892006009817
9273,0.0019909178372472525
9274,0.0019907604437321424
9275,0.001990494318306446
9276,0.0019901967607438564
9277,0.001989583019167185
9278,0.0019889886025339365
9279,0.001988702453672886
9280,0.0019885224755853415
9281,0.001988399541005492
9282,0.001988267060369253
9283,0.001988130621612072
9284,0.0019877708982676268
9285,0.0019875476136803627
9286,0.001987180905416608
9287,0.0019869927782565355
9288,0.001986782532185316
9289,0.0019865562207996845
9290,0.0019861762411892414
9291,0.001985663315281272
9292,0.0019852030090987682
9293,0.0019848020747303963
9294,0.001984518254175782
9295,0.0019842409528791904
9296,0.0019838723819702864
9297,0.0019836139399558306
9298,0.0019832535181194544
9299,0.0019829957745969296
9300,0.0019828302320092916
9301,0.001982709625735879
9302,0.001982533372938633
9303,0.0019823601469397545
9304,0.001982206478714943
9305,0.0019820290617644787
9306,0.0019817836582660675
9307,0.001981389243155718
9308,0.0019810970406979322
9309,0.001980721252039075
9310,0.001980255823582411
9311,0.0019797910936176777
9312,0.0019793822430074215
9313,0.0019791186787188053
9314,0.0019787864293903112
9315,0.0019785177428275347
9316,0.0019781594164669514
9317,0.0019776930566877127
9318,0.001977398293092847
9319,0.0019768921192735434
9320,0.0019766211044043303
9321,0.0019761642906814814
9322,0.001975752878934145
9323,0.0019753980450332165
9324,0.0019751128274947405
9325,0.0019748162012547255
9326,0.0019744678866118193
9327,0.0019737076945602894
9328,0.0019731319043785334
9329,0.0019728797487914562
9330,0.001972550293430686
9331,0.001972244353964925
9332,0.001971775433048606
9333,0.0019714224617928267
9334,0.0019711588975042105
9335,0.0019709605257958174
9336,0.001970628509297967
9337,0.001970079727470875
9338,0.001969565637409687
9339,0.0019691893830895424
9340,0.0019687816966325045
9341,0.001968313241377473
9342,0.001967963995411992
9343,0.001967743970453739
9344,0.001967081567272544
9345,0.0019668727181851864
9346,0.0019667448941618204
9347,0.001966513227671385
9348,0.001966236624866724
9349,0.0019657937809824944
9350,0.001965488772839308
9351,0.001965275965631008
9352,0.0019650906324386597
9353,0.0019649802707135677
9354,0.001964739989489317
9355,0.001964462921023369
9356,0.0019642163533717394
9357,0.001963864080607891
9358,0.0019635702483356
9359,0.0019630989991128445
9360,0.0019627991132438183
9361,0.0019625204149633646
9362,0.0019622386898845434
9363,0.0019620913080871105
9364,0.0019618081860244274
9365,0.001961503177881241
9366,0.001961106900125742
9367,0.0019607841968536377
9368,0.0019604102708399296
9369,0.0019606100395321846
9370,0.001960147637873888
9371,0.001959959277883172
9372,0.0019598277285695076
9373,0.001959597459062934
9374,0.001959187677130103
9375,0.001958841923624277
9376,0.0019584300462156534
9377,0.0019581965170800686
9378,0.0019580284133553505
9379,0.001957859378308058
9380,0.0019576293416321278
9381,0.0019573927856981754
9382,0.0019570509903132915
9383,0.00195676414296031
9384,0.0019564193207770586
9385,0.0019561524968594313
9386,0.001955907791852951
9387,0.001955673797056079
9388,0.0019554425962269306
9389,0.0019551790319383144
9390,0.001954883337020874
9391,0.001954673556610942
9392,0.001954308245331049
9393,0.0019540698267519474
9394,0.0019537038169801235
9395,0.0019534726161509752
9396,0.001953045604750514
9397,0.0019528304692357779
9398,0.0019525368697941303
9399,0.0019522119546309114
9400,0.0019518387271091342
9401,0.0019514033338055015
9402,0.0019509970443323255
9403,0.0019506639800965786
9404,0.0019503228832036257
9405,0.0019499862100929022
9406,0.0019492332357913256
9407,0.0019487957470119
9408,0.0019483854994177818
9409,0.0019482390489429235
9410,0.0019477795576676726
9411,0.0019473435822874308
9412,0.0019469187827780843
9413,0.001946530886925757
9414,0.0019459051545709372
9415,0.0019452990964055061
9416,0.0019447577651590109
9417,0.001944326446391642
9418,0.0019439596217125654
9419,0.0019435822032392025
9420,0.0019433399429544806
9421,0.001942936796694994
9422,0.0019426305079832673
9423,0.0019421176984906197
9424,0.0019417398143559694
9425,0.001941282069310546
9426,0.00194066995754838
9427,0.0019403358455747366
9428,0.0019398112781345844
9429,0.0019392668036743999
9430,0.0019388033542782068
9431,0.0019383226754143834
9432,0.0019379421137273312
9433,0.001937712775543332
9434,0.0019372281385585666
9435,0.0019367362838238478
9436,0.0019363618921488523
9437,0.0019361131126061082
9438,0.0019358419813215733
9439,0.0019354132236912847
9440,0.0019349592039361596
9441,0.0019341034349054098
9442,0.0019365089247003198
9443,0.001933527528308332
9444,0.0019332937663421035
9445,0.0019331623334437609
9446,0.001933038467541337
9447,0.0019327143672853708
9448,0.0019323108717799187
9449,0.001932408194988966
9450,0.001931669656187296
9451,0.0019314110977575183
9452,0.0019312086515128613
9453,0.0019309264607727528
9454,0.001930795144289732
9455,0.0019302915316075087
9456,0.0019300378626212478
9457,0.0019298403058201075
9458,0.0019296607933938503
9459,0.0019293790683150291
9460,0.001929095946252346
9461,0.0019288565963506699
9462,0.001928387675434351
9463,0.0019279581028968096
9464,0.001927483594045043
9465,0.0019270547199994326
9466,0.0019265434239059687
9467,0.0019260693807154894
9468,0.001925519434735179
9469,0.0019251786870881915
9470,0.0019248838070780039
9471,0.0019246129086241126
9472,0.0019243621500208974
9473,0.0019239324610680342
9474,0.001923614414408803
9475,0.0019229287281632423
9476,0.0019225096330046654
9477,0.0019221992697566748
9478,0.0019217822700738907
9479,0.001922311494126916
9480,0.0019212733022868633
9481,0.0019210918108001351
9482,0.001920906943269074
9483,0.0019206112483516335
9484,0.0019201834220439196
9485,0.0019196521025151014
9486,0.001919094705954194
9487,0.001918806810863316
9488,0.0019184066914021969
9489,0.0019181474344804883
9490,0.001917684799991548
9491,0.0019173362525179982
9492,0.0019169936422258615
9493,0.0019167717546224594
9494,0.0019166599959135056
9495,0.001916494918987155
9496,0.0019163090037181973
9497,0.0019160594092682004
9498,0.0019159396179020405
9499,0.0019157940987497568
9500,0.0019156038761138916
9501,0.0019151928136125207
9502,0.0019147044513374567
9503,0.0019145839614793658
9504,0.0019138962961733341
9505,0.0019136203918606043
9506,0.0019134769681841135
9507,0.0019133472815155983
9508,0.0019130061846226454
9509,0.0019128562416881323
9510,0.0019124719547107816
9511,0.001912242267280817
9512,0.0019121242221444845
9513,0.0019118996569886804
9514,0.0019116365583613515
9515,0.0019114085007458925
9516,0.0019111491274088621
9517,0.001910919090732932
9518,0.001910525606945157
9519,0.0019100424833595753
9520,0.0019095672760158777
9521,0.0019089614506810904
9522,0.001909137237817049
9523,0.0019086424726992846
9524,0.0019085363019257784
9525,0.0019082969520241022
9526,0.001908057020045817
9527,0.0019076652824878693
9528,0.001907150843180716
9529,0.0019070170819759369
9530,0.0019063677173107862
9531,0.001906137214973569
9532,0.001905951532535255
9533,0.0019057556055486202
9534,0.001905371667817235
9535,0.001905202167108655
9536,0.0019045822555199265
9537,0.001904320903122425
9538,0.001904116477817297
9539,0.0019039653707295656
9540,0.001903706812299788
9541,0.0019033667631447315
9542,0.0019031298579648137
9543,0.0019028142560273409
9544,0.0019025331130251288
9545,0.0019022544147446752
9546,0.001901696203276515
9547,0.001901318784803152
9548,0.001901067327708006
9549,0.0019008505623787642
9550,0.0019007460214197636
9551,0.001900274190120399
9552,0.0018997180741280317
9553,0.0018991397228091955
9554,0.001898517832159996
9555,0.0018979557789862156
9556,0.00189763936214149
9557,0.0018973059486597776
9558,0.0018969252705574036
9559,0.0018964378396049142
9560,0.00189608009532094
9561,0.0018957459833472967
9562,0.0018954407423734665
9563,0.00189508858602494
9564,0.0018948557553812861
9565,0.0018946046475321054
9566,0.0018942561000585556
9567,0.0018940181471407413
9568,0.0018938782159239054
9569,0.0018935066182166338
9570,0.0018931354861706495
9571,0.0018925727345049381
9572,0.0018921367591246963
9573,0.0018916426924988627
9574,0.0018912403611466289
9575,0.001891028368845582
9576,0.0018907516496255994
9577,0.0018904886674135923
9578,0.0018899502465501428
9579,0.0018896205583587289
9580,0.0018893105443567038
9581,0.0018890693318098783
9582,0.0018885022727772593
9583,0.001888015540316701
9584,0.001887490157969296
9585,0.0018871958600357175
9586,0.001886893529444933
9587,0.0018865806050598621
9588,0.0018860562704503536
9589,0.0018859810661524534
9590,0.0018854450900107622
9591,0.001885188976302743
9592,0.0018849936313927174
9593,0.001884795492514968
9594,0.0018844406586140394
9595,0.0018840398406609893
9596,0.0018837542738765478
9597,0.0018832795321941376
9598,0.0018829313339665532
9599,0.001882705488242209
9600,0.0018823459977284074
9601,0.0018821691628545523
9602,0.00188204157166183
9603,0.0018817263189703226
9604,0.0018815897637978196
9605,0.001881224918179214
9606,0.0018808703171089292
9607,0.0018804664723575115
9608,0.0018801118712872267
9609,0.001879745745100081
9610,0.0018792985938489437
9611,0.0018788299057632685
9612,0.001878327690064907
9613,0.0018779964884743094
9614,0.0018775451462715864
9615,0.0018770198803395033
9616,0.001876447582617402
9617,0.0018758624792099
9618,0.0018755411729216576
9619,0.0018752729520201683
9620,0.0018749241717159748
9621,0.0018745637498795986
9622,0.0018741735257208347
9623,0.0018737050704658031
9624,0.001873269211500883
9625,0.0018729411531239748
9626,0.001872341032139957
9627,0.001871627289801836
9628,0.0018710506847128272
9629,0.0018708020215854049
9630,0.0018704936373978853
9631,0.0018702233210206032
9632,0.0018700333312153816
9633,0.0018697509076446295
9634,0.0018693958409130573
9635,0.0018691779114305973
9636,0.0018688656855374575
9637,0.001868563354946673
9638,0.0018683329690247774
9639,0.001868044608272612
9640,0.0018677194602787495
9641,0.0018673422746360302
9642,0.0018669444834813476
9643,0.001866656937636435
9644,0.001866285689175129
9645,0.0018657594919204712
9646,0.0018651742720976472
9647,0.0018649956909939647
9648,0.0018643761286512017
9649,0.00186405167914927
9650,0.0018637696048244834
9651,0.0018634202424436808
9652,0.0018630619160830975
9653,0.0018627915997058153
9654,0.0018625876400619745
9655,0.0018623739015311003
9656,0.0018621775088831782
9657,0.0018620109185576439
9658,0.0018617263995110989
9659,0.0018615017179399729
9660,0.0018611010164022446
9661,0.0018605601508170366
9662,0.0018600577022880316
9663,0.0018595922738313675
9664,0.0018589767860248685
9665,0.0018585380166769028
9666,0.0018590418621897697
9667,0.001857867813669145
9668,0.0018575687427073717
9669,0.0018572935368865728
9670,0.0018570409156382084
9671,0.0018568503437563777
9672,0.0018565948121249676
9673,0.001856253482401371
9674,0.0018559632590040565
9675,0.0018556809518486261
9676,0.0018552504479885101
9677,0.001856462680734694
9678,0.0018546869978308678
9679,0.0018543811747804284
9680,0.0018542089965194464
9681,0.0018540825694799423
9682,0.001853914000093937
9683,0.0018535779090598226
9684,0.0018532902467995882
9685,0.0018531144596636295
9686,0.0018529174849390984
9687,0.0018526704516261816
9688,0.0018523281905800104
9689,0.0018518536817282438
9690,0.0018515578703954816
9691,0.001851227250881493
9692,0.0018509915098547935
9693,0.0018506105989217758
9694,0.0018502073362469673
9695,0.0018498423742130399
9696,0.0018496123375371099
9697,0.0018493646057322621
9698,0.001849074149504304
9699,0.001848550047725439
9700,0.0018479474820196629
9701,0.0018474902026355267
9702,0.0018468661000952125
9703,0.0018466874025762081
9704,0.001846473547630012
9705,0.00184613314922899
9706,0.0018457388505339622
9707,0.0018454209202900529
9708,0.0018451253417879343
9709,0.0018448522314429283
9710,0.0018447814509272575
9711,0.0018445784226059914
9712,0.0018443434964865446
9713,0.001844021026045084
9714,0.0018435452366247773
9715,0.0018431105418130755
9716,0.0018429012270644307
9717,0.001842652214691043
9718,0.001842513564042747
9719,0.0018421163549646735
9720,0.0018454057862982154
9721,0.001841516699641943
9722,0.001841103658080101
9723,0.0018407993484288454
9724,0.0018405233277007937
9725,0.0018400473054498434
9726,0.0018396391533315182
9727,0.0018393256468698382
9728,0.0018390053883194923
9729,0.0018387112068012357
9730,0.0018381162080913782
9731,0.0018385405419394374
9732,0.001837493502534926
9733,0.0018372556660324335
9734,0.0018371287733316422
9735,0.00183696614112705
9736,0.0018366571748629212
9737,0.0018363581039011478
9738,0.001836119219660759
9739,0.0018358374945819378
9740,0.0018356801010668278
9741,0.001835439819842577
9742,0.0018352767219766974
9743,0.0018350363243371248
9744,0.001834626542404294
9745,0.0018339775269851089
9746,0.0018334747292101383
9747,0.00183305109385401
9748,0.0018325470155104995
9749,0.0018322530668228865
9750,0.0018317680805921555
9751,0.0018312151078134775
9752,0.0018308261642232537
9753,0.0018302659736946225
9754,0.0018300663214176893
9755,0.0018299620132893324
9756,0.0018294535111635923
9757,0.0018292006570845842
9758,0.001828828826546669
9759,0.0018288198625668883
9760,0.0018282108940184116
9761,0.0018280355725437403
9762,0.0018278262577950954
9763,0.0018275699112564325
9764,0.0018273903988301754
9765,0.0018272299785166979
9766,0.0018269007559865713
9767,0.0018267217092216015
9768,0.0018264703685417771
9769,0.0018260979559272528
9770,0.0018257491756230593
9771,0.0018255463801324368
9772,0.0018251452129334211
9773,0.0018249554559588432
9774,0.0018248476553708315
9775,0.0018245610408484936
9776,0.001824378501623869
9777,0.0018241966608911753
9778,0.0018240148201584816
9779,0.00182413961738348
9780,0.0018236541654914618
9781,0.0018234483432024717
9782,0.0018232567235827446
9783,0.001823049271479249
9784,0.0018227272666990757
9785,0.0018220795318484306
9786,0.0018221670761704445
9787,0.0018213418079540133
9788,0.0018212221330031753
9789,0.0018210816197097301
9790,0.0018209130503237247
9791,0.0018207189859822392
9792,0.0018206427339464426
9793,0.0018203272484242916
9794,0.0018200533231720328
9795,0.0018199102487415075
9796,0.001819739118218422
9797,0.0018194089643657207
9798,0.0018194295698776841
9799,0.001818798715248704
9800,0.0018186030210927129
9801,0.0018184101209044456
9802,0.0018181477207690477
9803,0.0018179451581090689
9804,0.001817567041143775
9805,0.0018175222212448716
9806,0.001816964941099286
9807,0.0018167687812820077
9808,0.0018165882211178541
9809,0.0018163574859499931
9810,0.00181630440056324
9811,0.001815940486267209
9812,0.0018157439772039652
9813,0.0018156090518459678
9814,0.0018154314020648599
9815,0.0018152385018765926
9816,0.001815195893868804
9817,0.0018147421069443226
9818,0.0018144831992685795
9819,0.0018141943728551269
9820,0.0018139586318284273
9821,0.0018135972786694765
9822,0.0018133434932678938
9823,0.0018131763208657503
9824,0.0018130720127373934
9825,0.0018129197414964437
9826,0.0018125587375834584
9827,0.0018122992478311062
9828,0.001812049187719822
9829,0.0018118886509910226
9830,0.0018116595456376672
9831,0.0018114293925464153
9832,0.0018112806137651205
9833,0.0018107204232364893
9834,0.0018112489487975836
9835,0.0018103905022144318
9836,0.0018102963222190738
9837,0.001810083631426096
9838,0.0018097823485732079
9839,0.0018093837425112724
9840,0.001808690489269793
9841,0.001808387110941112
9842,0.0018076624255627394
9843,0.001807384192943573
9844,0.001807177672162652
9845,0.0018070690566673875
9846,0.001806894550099969
9847,0.0018066661432385445
9848,0.0018063983879983425
9849,0.0018061129376292229
9850,0.0018057178240269423
9851,0.0018052727682515979
9852,0.0018048339989036322
9853,0.0018044745083898306
9854,0.0018042512238025665
9855,0.0018039238639175892
9856,0.0018036499386653304
9857,0.001803422230295837
9858,0.001803109422326088
9859,0.0018028193153440952
9860,0.001802609534934163
9861,0.001802366692572832
9862,0.001802150858566165
9863,0.0018018868286162615
9864,0.0018019718118011951
9865,0.001801681937649846
9866,0.0018015785608440638
9867,0.0018014831002801657
9868,0.0018013372318819165
9869,0.0018011974170804024
9870,0.0018010258208960295
9871,0.0018008428160101175
9872,0.0018006712198257446
9873,0.0018003301229327917
9874,0.0018000667914748192
9875,0.001799829420633614
9876,0.0017996479291468859
9877,0.001799343153834343
9878,0.0017991244094446301
9879,0.0017989820335060358
9880,0.0017987792380154133
9881,0.0017985308077186346
9882,0.0017983622383326292
9883,0.0017981501296162605
9884,0.0017979495460167527
9885,0.0017978297546505928
9886,0.0017976316157728434
9887,0.0017973436042666435
9888,0.0017970053013414145
9889,0.0017967005260288715
9890,0.0017962970305234194
9891,0.0017966039013117552
9892,0.0017959652468562126
9893,0.0017957875970751047
9894,0.0017957014497369528
9895,0.0017954402137547731
9896,0.0017952767666429281
9897,0.0017947789747267962
9898,0.001795191434212029
9899,0.001794143463484943
9900,0.0017939064418897033
9901,0.0017937675584107637
9902,0.0017935697687789798
9903,0.0017931857146322727
9904,0.0017925158608704805
9905,0.001792221562936902
9906,0.0017912645125761628
9907,0.0017907940782606602
9908,0.0017905115382745862
9909,0.0017902837134897709
9910,0.0017899578670039773
9911,0.001789360074326396
9912,0.0017889008158817887
9913,0.0017885412089526653
9914,0.0017882699612528086
9915,0.001788092078641057
9916,0.0017877500504255295
9917,0.00178747926838696
9918,0.0017872847383841872
9919,0.0017869557486847043
9920,0.001786653185263276
9921,0.0017863382818177342
9922,0.0017868367722257972
9923,0.0017860966036096215
9924,0.0017859787913039327
9925,0.0017858820501714945
9926,0.0017857491038739681
9927,0.0017854610923677683
9928,0.0017851314041763544
9929,0.0017847763374447823
9930,0.001784617779776454
9931,0.001784391701221466
9932,0.0017842819215729833
9933,0.0017839022912085056
9934,0.00178362219594419
9935,0.0017833730671554804
9936,0.0017831911100074649
9937,0.00178295758087188
9938,0.001782601117156446
9939,0.0017822256777435541
9940,0.001781871891580522
9941,0.0017817510524764657
9942,0.0017815057653933764
9943,0.001781411818228662
9944,0.001781090279109776
9945,0.0017809028504416347
9946,0.0017806787509471178
9947,0.0017805444076657295
9948,0.0017802597722038627
9949,0.0017799952765926719
9950,0.001779372338205576
9951,0.0017790314741432667
9952,0.001778426580131054
9953,0.0017780917696654797
9954,0.001777766039595008
9955,0.0017773136496543884
9956,0.0017766037490218878
9957,0.0017759324982762337
9958,0.0017753670690581203
9959,0.0017749349353834987
9960,0.0017746444791555405
9961,0.0017744239885360003
9962,0.001774227130226791
9963,0.0017739494796842337
9964,0.0017736050067469478
9965,0.0017732343403622508
9966,0.0017729082610458136
9967,0.001772731775417924
9968,0.0017722670454531908
9969,0.0017719515599310398
9970,0.0017715356079861522
9971,0.0017711375840008259
9972,0.0017707634251564741
9973,0.0017705094069242477
9974,0.00177027378231287
9975,0.0017700397875159979
9976,0.001769730355590582
9977,0.001769424881786108
9978,0.00176917330827564
9979,0.001769044203683734
9980,0.00176875083707273
9981,0.0017684681806713343
9982,0.0017683724872767925
9983,0.0017680739983916283
9984,0.0017679104348644614
9985,0.001767713576555252
9986,0.0017675324343144894
9987,0.0017673359252512455
9988,0.0017671850509941578
9989,0.0017670580418780446
9990,0.0017667682841420174
9991,0.001766526373103261
9992,0.0017662812024354935
9993,0.0017660058801993728
9994,0.001765736727975309
9995,0.0017654831754043698
9996,0.0017652029637247324
9997,0.0017649834044277668
9998,0.0017647125059738755
9999,0.0017645290354266763
10000,0.0017645290354266763
