epoch,total_loss,mse_b,mse_f
0,2328.72607421875,0.025964457541704178,2328.7001953125
1,2335.6884765625,0.027296045795083046,2335.6611328125
2,2342.666748046875,0.03096974641084671,2342.6357421875
3,2349.640625,0.013432422652840614,2349.627197265625
4,2356.643798828125,0.010051571764051914,2356.6337890625
5,2363.672119140625,0.017930859699845314,2363.654296875
6,2370.707275390625,0.021105971187353134,2370.686279296875
7,2377.74462890625,0.015554078854620457,2377.72900390625
8,2384.789306640625,0.007871484383940697,2384.781494140625
9,2391.8466796875,0.004489096812903881,2391.84228515625
10,2398.917724609375,0.007101635914295912,2398.91064453125
11,2405.998046875,0.01297321729362011,2405.985107421875
12,2413.082275390625,0.017960555851459503,2413.064208984375
13,2420.166259765625,0.019688809290528297,2420.146484375
14,2427.248291015625,0.018384631723165512,2427.22998046875
15,2434.3291015625,0.015771852806210518,2434.313232421875
16,2441.407958984375,0.0137775968760252,2441.394287109375
17,2448.484130859375,0.01375679299235344,2448.470458984375
18,2455.55615234375,0.016193317249417305,2455.5400390625
19,2462.621826171875,0.02076135016977787,2462.60107421875
20,2469.678466796875,0.026629654690623283,2469.65185546875
21,2476.722900390625,0.03286498039960861,2476.68994140625
22,2483.75341796875,0.03875340148806572,2483.714599609375
23,2490.768310546875,0.043935760855674744,2490.724365234375
24,2497.766357421875,0.04838847741484642,2497.718017578125
25,2504.748291015625,0.05233119800686836,2504.696044921875
26,2511.714599609375,0.05611755698919296,2511.658447265625
27,2518.666748046875,0.060151487588882446,2518.606689453125
28,2525.60791015625,0.0648447796702385,2525.54296875
29,2532.54052734375,0.070600226521492,2532.469970703125
30,2539.46923828125,0.07779809832572937,2539.391357421875
31,2546.398193359375,0.08677507936954498,2546.3115234375
32,2553.3330078125,0.09779318422079086,2553.235107421875
33,2560.27734375,0.1110021322965622,2560.166259765625
34,2567.23583984375,0.1264171600341797,2567.109375
35,2574.212158203125,0.14392532408237457,2574.068115234375
36,2581.20849609375,0.16331984102725983,2581.045166015625
37,2588.2275390625,0.1843620389699936,2588.043212890625
38,2595.27001953125,0.20685921609401703,2595.063232421875
39,2602.3369140625,0.230732262134552,2602.106201171875
40,2609.426513671875,0.25604233145713806,2609.17041015625
41,2616.53662109375,0.282969206571579,2616.253662109375
42,2623.663330078125,0.3117732107639313,2623.3515625
43,2630.801513671875,0.3427470624446869,2630.458740234375
44,2637.9453125,0.3761579990386963,2637.569091796875
45,2645.089111328125,0.4122133255004883,2644.677001953125
46,2652.22802734375,0.4510740041732788,2651.77685546875
47,2659.3583984375,0.4928896725177765,2658.865478515625
48,2666.479248046875,0.5378223657608032,2665.94140625
49,2673.589599609375,0.5860558748245239,2673.003662109375
50,2680.69287109375,0.6377947330474854,2680.05517578125
51,2687.792724609375,0.6932587027549744,2687.099365234375
52,2694.893798828125,0.7526710629463196,2694.14111328125
53,2702.001953125,0.8162369728088379,2701.185791015625
54,2709.12548828125,0.884112536907196,2708.241455078125
55,2716.26953125,0.956369936466217,2715.313232421875
56,2723.44091796875,1.0329639911651611,2722.407958984375
57,2730.64306640625,1.113704800605774,2729.529296875
58,2737.8779296875,1.1982457637786865,2736.6796875
59,2745.14599609375,1.2860939502716064,2743.85986328125
60,2752.443603515625,1.3766329288482666,2751.06689453125
61,2759.765869140625,1.4691579341888428,2758.296630859375
62,2767.10791015625,1.5629216432571411,2765.544921875
63,2774.463134765625,1.6571862697601318,2772.805908203125
64,2781.82763671875,1.7512807846069336,2780.076416015625
65,2789.197509765625,1.8446482419967651,2787.352783203125
66,2796.5703125,1.9368832111358643,2794.633544921875
67,2803.94677734375,2.0277483463287354,2801.9189453125
68,2811.32763671875,2.1171765327453613,2809.21044921875
69,2818.716552734375,2.2052524089813232,2816.51123046875
70,2826.1162109375,2.2921829223632812,2823.823974609375
71,2833.53173828125,2.378261089324951,2831.153564453125
72,2840.96875,2.463832139968872,2838.5048828125
73,2848.430908203125,2.5492660999298096,2845.881591796875
74,2855.923828125,2.6349430084228516,2853.288818359375
75,2863.45166015625,2.7212424278259277,2860.73046875
76,2871.01708984375,2.808520555496216,2868.20849609375
77,2878.6220703125,2.8970842361450195,2875.72509765625
78,2886.268310546875,2.987154960632324,2883.28125
79,2893.95458984375,3.0788486003875732,2890.875732421875
80,2901.6796875,3.1721668243408203,2898.507568359375
81,2909.441162109375,3.2670044898986816,2906.174072265625
82,2917.23583984375,3.363166332244873,2913.87255859375
83,2925.060302734375,3.4603846073150635,2921.599853515625
84,2932.91064453125,3.558342695236206,2929.352294921875
85,2940.78369140625,3.6567001342773438,2937.126953125
86,2948.677001953125,3.7551097869873047,2944.921875
87,2956.5869140625,3.85323166847229,2952.733642578125
88,2964.511962890625,3.950730085372925,2960.561279296875
89,2972.448974609375,4.047280311584473,2968.401611328125
90,2980.39599609375,4.14257287979126,2976.25341796875
91,2988.3505859375,4.236326694488525,2984.1142578125
92,2996.311279296875,4.328307628631592,2991.98291015625
93,3004.2763671875,4.418342590332031,2999.85791015625
94,3012.2421875,4.506344795227051,3007.73583984375
95,3020.2080078125,4.592334747314453,3015.61572265625
96,3028.1708984375,4.676463603973389,3023.494384765625
97,3036.128662109375,4.759030818939209,3031.36962890625
98,3044.078857421875,4.840485095977783,3039.23828125
99,3052.01953125,4.92141056060791,3047.09814453125
100,3059.9482421875,5.002511978149414,3054.94580078125
101,3067.863037109375,5.084574222564697,3062.778564453125
102,3075.7626953125,5.168428897857666,3070.59423828125
103,3083.646240234375,5.254913806915283,3078.391357421875
104,3091.51416015625,5.344826698303223,3086.16943359375
105,3099.368896484375,5.438867092132568,3093.929931640625
106,3107.211669921875,5.537571907043457,3101.674072265625
107,3115.048095703125,5.6412553787231445,3109.40673828125
108,3122.8828125,5.74995231628418,3117.1328125
109,3130.72412109375,5.863373756408691,3124.86083984375
110,3138.579345703125,5.980886459350586,3132.598388671875
111,3146.45703125,6.101521015167236,3140.35546875
112,3154.3662109375,6.2240309715271,3148.14208984375
113,3162.314208984375,6.347009658813477,3155.96728515625
114,3170.308349609375,6.469040870666504,3163.83935546875
115,3178.35205078125,6.588874816894531,3171.76318359375
116,3186.447021484375,6.7056145668029785,3179.741455078125
117,3194.591552734375,6.818850040435791,3187.772705078125
118,3202.780517578125,6.928741931915283,3195.851806640625
119,3211.0078125,7.0360188484191895,3203.9716796875
120,3219.263916015625,7.141916751861572,3212.1220703125
121,3227.54052734375,7.248053550720215,3220.29248046875
122,3235.828125,7.3562703132629395,3228.471923828125
123,3244.11865234375,7.468475818634033,3236.650146484375
124,3252.40478515625,7.586491584777832,3244.818359375
125,3260.6826171875,7.711917400360107,3252.970703125
126,3268.94677734375,7.846038341522217,3261.100830078125
127,3277.195068359375,7.989746570587158,3269.205322265625
128,3285.42529296875,8.14350414276123,3277.28173828125
129,3293.635986328125,8.307332992553711,3285.32861328125
130,3301.825439453125,8.480844497680664,3293.344482421875
131,3309.9912109375,8.663296699523926,3301.327880859375
132,3318.13037109375,8.853696823120117,3309.276611328125
133,3326.239990234375,9.050917625427246,3317.18896484375
134,3334.314208984375,9.253852844238281,3325.060302734375
135,3342.347412109375,9.461543083190918,3332.885986328125
136,3350.333740234375,9.673308372497559,3340.660400390625
137,3358.266357421875,9.8888521194458,3348.37744140625
138,3366.1396484375,10.10832691192627,3356.03125
139,3373.947021484375,10.332367897033691,3363.61474609375
140,3381.68505859375,10.562078475952148,3371.123046875
141,3389.3505859375,10.798954963684082,3378.551513671875
142,3396.942626953125,11.044794082641602,3385.89794921875
143,3404.461669921875,11.301534652709961,3393.16015625
144,3411.910888671875,11.571083068847656,3400.33984375
145,3419.294189453125,11.85512638092041,3407.43896484375
146,3426.61669921875,12.154900550842285,3414.4619140625
147,3433.88427734375,12.471012115478516,3421.413330078125
148,3441.100341796875,12.803230285644531,3428.297119140625
149,3448.265869140625,13.150378227233887,3435.115478515625
150,3455.376953125,13.510271072387695,3441.86669921875
151,3462.4248046875,13.879758834838867,3448.545166015625
152,3469.39404296875,14.254855155944824,3455.13916015625
153,3476.26220703125,14.630934715270996,3461.63134765625
154,3483.004150390625,15.003008842468262,3468.001220703125
155,3489.591064453125,15.366000175476074,3474.22509765625
156,3495.993408203125,15.715038299560547,3480.2783203125
157,3502.18310546875,16.045671463012695,3486.137451171875
158,3508.1337890625,16.354047775268555,3491.77978515625
159,3513.822265625,16.63701629638672,3497.185302734375
160,3519.22607421875,16.892173767089844,3502.333984375
161,3524.325927734375,17.117856979370117,3507.2080078125
162,3529.101806640625,17.31308364868164,3511.788818359375
163,3533.53466796875,17.4775447845459,3516.05712890625
164,3537.60546875,17.611618041992188,3519.993896484375
165,3541.29248046875,17.716262817382812,3523.576171875
166,3544.57177734375,17.79287338256836,3526.77880859375
167,3547.411865234375,17.84319305419922,3529.568603515625
168,3549.775146484375,17.86932945251465,3531.90576171875
169,3551.618408203125,17.87383270263672,3533.74462890625
170,3552.8916015625,17.859664916992188,3535.031982421875
171,3553.54833984375,17.83004379272461,3535.71826171875
172,3553.546142578125,17.788190841674805,3535.758056640625
173,3552.8515625,17.73707389831543,3535.114501953125
174,3551.44287109375,17.67923355102539,3533.763671875
175,3549.31396484375,17.616710662841797,3531.697265625
176,3546.47119140625,17.551082611083984,3528.920166015625
177,3542.93701171875,17.483501434326172,3525.45361328125
178,3538.752197265625,17.414718627929688,3521.33740234375
179,3533.973388671875,17.345033645629883,3516.62841796875
180,3528.67333984375,17.274343490600586,3511.39892578125
181,3522.92236328125,17.202219009399414,3505.72021484375
182,3516.7666015625,17.128154754638672,3499.638427734375
183,3510.20166015625,17.051851272583008,3493.14990234375
184,3503.172607421875,16.973468780517578,3486.19921875
185,3495.592529296875,16.893781661987305,3478.69873046875
186,3487.39111328125,16.814098358154297,3470.576904296875
187,3478.566650390625,16.73599624633789,3461.83056640625
188,3469.216064453125,16.660842895507812,3452.55517578125
189,3459.520751953125,16.589284896850586,3442.931396484375
190,3449.70068359375,16.521060943603516,3433.1796875
191,3439.958740234375,16.455039978027344,3423.503662109375
192,3430.446533203125,16.389312744140625,3414.05712890625
193,3421.25244140625,16.321319580078125,3404.93115234375
194,3412.385009765625,16.24803352355957,3396.136962890625
195,3403.779296875,16.166269302368164,3387.613037109375
196,3395.347412109375,16.07321548461914,3379.274169921875
197,3387.079833984375,15.967041015625,3371.11279296875
198,3379.1220703125,15.847260475158691,3363.27490234375
199,3371.765869140625,15.714834213256836,3356.051025390625
200,3365.3466796875,15.572086334228516,3349.774658203125
201,3360.099853515625,15.422555923461914,3344.67724609375
202,3356.082763671875,15.270755767822266,3340.81201171875
203,3353.227294921875,15.121759414672852,3338.10546875
204,3351.4873046875,14.980521202087402,3336.5068359375
205,3350.96728515625,14.850829124450684,3336.116455078125
206,3351.932861328125,14.734094619750977,3337.19873046875
207,3354.681640625,14.6285400390625,3340.052978515625
208,3359.30908203125,14.529109954833984,3344.780029296875
209,3365.57177734375,14.428701400756836,3351.14306640625
210,3373.086181640625,14.320792198181152,3358.765380859375
211,3381.685546875,14.201946258544922,3367.483642578125
212,3391.44677734375,14.072625160217285,3377.374267578125
213,3402.265625,13.936805725097656,3388.328857421875
214,3413.466064453125,13.800263404846191,3399.665771484375
215,3424.054443359375,13.667266845703125,3410.38720703125
216,3433.384033203125,13.538032531738281,3419.845947265625
217,3441.342041015625,13.408997535705566,3427.93310546875
218,3447.983642578125,13.274556159973145,3434.708984375
219,3453.162353515625,13.129117012023926,3440.033203125
220,3456.5244140625,12.969049453735352,3443.555419921875
221,3457.78759765625,12.793654441833496,3444.993896484375
222,3456.951416015625,12.60476303100586,3444.3466796875
223,3454.296142578125,12.40570068359375,3441.890380859375
224,3450.24169921875,12.200357437133789,3438.041259765625
225,3445.20703125,11.992486953735352,3433.214599609375
226,3439.54248046875,11.785196304321289,3427.75732421875
227,3433.540771484375,11.58061695098877,3421.960205078125
228,3427.499755859375,11.379790306091309,3416.119873046875
229,3421.7587890625,11.182829856872559,3410.575927734375
230,3416.6875,10.98923397064209,3405.6982421875
231,3412.6298828125,10.798274993896484,3401.83154296875
232,3409.842041015625,10.609368324279785,3399.232666015625
233,3408.454833984375,10.422402381896973,3398.032470703125
234,3408.493408203125,10.237922668457031,3398.25537109375
235,3409.91748046875,10.057193756103516,3399.8603515625
236,3412.66796875,9.882096290588379,3402.785888671875
237,3416.679931640625,9.714903831481934,3406.965087890625
238,3421.865966796875,9.558012962341309,3412.307861328125
239,3428.078125,9.413658142089844,3418.66455078125
240,3435.092041015625,9.283668518066406,3425.808349609375
241,3442.6083984375,9.169280052185059,3433.439208984375
242,3450.29345703125,9.07106876373291,3441.222412109375
243,3457.823486328125,8.989023208618164,3448.83447265625
244,3464.921142578125,8.922711372375488,3455.99853515625
245,3471.365478515625,8.871509552001953,3462.493896484375
246,3476.98095703125,8.834813117980957,3468.146240234375
247,3481.625,8.812153816223145,3472.812744140625
248,3485.17724609375,8.803250312805176,3476.3740234375
249,3487.54541015625,8.807953834533691,3478.737548828125
250,3488.6826171875,8.826127052307129,3479.8564453125
251,3488.60400390625,8.857501029968262,3479.74658203125
252,3487.4013671875,8.9015474319458,3478.499755859375
253,3485.2470703125,8.957382202148438,3476.289794921875
254,3482.38671875,9.0237455368042,3473.363037109375
255,3479.12255859375,9.0989990234375,3470.023681640625
256,3475.7890625,9.18118953704834,3466.60791015625
257,3472.736083984375,9.268115997314453,3463.468017578125
258,3470.30615234375,9.35740852355957,3460.94873046875
259,3468.820556640625,9.446603775024414,3459.3740234375
260,3468.567626953125,9.533226013183594,3459.034423828125
261,3469.786865234375,9.61485767364502,3460.172119140625
262,3472.637939453125,9.68921184539795,3462.94873046875
263,3477.166015625,9.754191398620605,3467.411865234375
264,3483.26611328125,9.807954788208008,3473.458251953125
265,3490.665771484375,9.848938941955566,3480.81689453125
266,3498.950439453125,9.875877380371094,3489.074462890625
267,3507.62451171875,9.887796401977539,3497.73681640625
268,3516.189453125,9.884023666381836,3506.305419921875
269,3524.20263671875,9.864224433898926,3514.33837890625
270,3531.3056640625,9.828426361083984,3521.477294921875
271,3537.231201171875,9.777046203613281,3527.4541015625
272,3541.802490234375,9.710868835449219,3532.091552734375
273,3544.951416015625,9.630975723266602,3535.320556640625
274,3546.740966796875,9.53865909576416,3537.202392578125
275,3547.37109375,9.435331344604492,3537.935791015625
276,3547.15771484375,9.322491645812988,3537.835205078125
277,3546.481689453125,9.201732635498047,3537.280029296875
278,3545.737060546875,9.074789047241211,3536.662353515625
279,3545.277587890625,8.943581581115723,3536.333984375
280,3545.395263671875,8.810223579406738,3536.5849609375
281,3546.306884765625,8.676974296569824,3537.6298828125
282,3548.16015625,8.546116828918457,3539.614013671875
283,3551.03173828125,8.419817924499512,3542.61181640625
284,3554.92529296875,8.29997730255127,3546.625244140625
285,3559.767578125,8.188142776489258,3551.579345703125
286,3565.41015625,8.085469245910645,3557.32470703125
287,3571.640380859375,7.99276065826416,3563.647705078125
288,3578.20458984375,7.910533905029297,3570.2939453125
289,3584.83837890625,7.839094638824463,3576.999267578125
290,3591.29931640625,7.778603553771973,3583.520751953125
291,3597.3896484375,7.729148864746094,3589.660400390625
292,3602.9638671875,7.69080114364624,3595.27294921875
293,3607.9296875,7.663644790649414,3600.26611328125
294,3612.238037109375,7.647792339324951,3604.59033203125
295,3615.877197265625,7.643368244171143,3608.23388671875
296,3618.8642578125,7.650495529174805,3611.2138671875
297,3621.24609375,7.669268608093262,3613.576904296875
298,3623.08740234375,7.699749946594238,3615.3876953125
299,3624.47021484375,7.741966724395752,3616.728271484375
300,3625.4765625,7.7958855628967285,3617.6806640625
301,3626.182861328125,7.8614091873168945,3618.321533203125
302,3626.65771484375,7.938333988189697,3618.719482421875
303,3626.964111328125,8.026336669921875,3618.937744140625
304,3627.170654296875,8.12492561340332,3619.045654296875
305,3627.361572265625,8.233421325683594,3619.128173828125
306,3627.63525390625,8.350911140441895,3619.284423828125
307,3628.10400390625,8.476211547851562,3619.627685546875
308,3628.874755859375,8.607850074768066,3620.266845703125
309,3630.039794921875,8.744077682495117,3621.295654296875
310,3631.66357421875,8.882890701293945,3622.78076171875
311,3633.7822265625,9.02210521697998,3624.760009765625
312,3636.401611328125,9.159448623657227,3627.2421875
313,3639.505859375,9.292667388916016,3630.213134765625
314,3643.052978515625,9.41964054107666,3633.63330078125
315,3646.970458984375,9.538491249084473,3637.431884765625
316,3651.149169921875,9.64767074584961,3641.50146484375
317,3655.440673828125,9.746014595031738,3645.694580078125
318,3659.67236328125,9.832783699035645,3649.839599609375
319,3663.671142578125,9.907633781433105,3653.763427734375
320,3667.286376953125,9.97059440612793,3657.315673828125
321,3670.39892578125,10.022001266479492,3660.376953125
322,3672.915771484375,10.062456130981445,3662.853271484375
323,3674.765869140625,10.09280776977539,3664.673095703125
324,3675.898193359375,10.114133834838867,3665.7841796875
325,3676.29248046875,10.127723693847656,3666.164794921875
326,3675.9755859375,10.13504695892334,3665.840576171875
327,3675.031005859375,10.137696266174316,3664.893310546875
328,3673.592529296875,10.137321472167969,3663.455322265625
329,3671.82861328125,10.135557174682617,3661.693115234375
330,3669.920166015625,10.133954048156738,3659.7861328125
331,3668.035400390625,10.13392162322998,3657.9013671875
332,3666.31591796875,10.136677742004395,3656.17919921875
333,3664.868408203125,10.14319896697998,3654.72509765625
334,3663.7646484375,10.1541748046875,3653.6103515625
335,3663.042724609375,10.169963836669922,3652.872802734375
336,3662.70458984375,10.190567016601562,3652.513916015625
337,3662.701171875,10.215607643127441,3652.485595703125
338,3662.924560546875,10.244353294372559,3652.68017578125
339,3663.1904296875,10.275779724121094,3652.91455078125
340,3663.2451171875,10.308728218078613,3652.936279296875
341,3662.793212890625,10.34208869934082,3652.451171875
342,3661.54345703125,10.37500286102295,3651.16845703125
343,3659.25927734375,10.406990051269531,3648.852294921875
344,3655.79736328125,10.438007354736328,3645.359375
345,3651.123046875,10.46844482421875,3640.654541015625
346,3645.306640625,10.499086380004883,3634.8076171875
347,3638.502685546875,10.531059265136719,3627.9716796875
348,3630.92724609375,10.565762519836426,3620.361572265625
349,3622.82470703125,10.604804992675781,3612.219970703125
350,3614.442138671875,10.649898529052734,3603.792236328125
351,3605.99755859375,10.702727317810059,3595.294921875
352,3597.665771484375,10.76476001739502,3586.901123046875
353,3589.5654296875,10.83704948425293,3578.728271484375
354,3581.765869140625,10.920052528381348,3570.845703125
355,3574.28759765625,11.013518333435059,3563.274169921875
356,3567.108154296875,11.116466522216797,3555.99169921875
357,3560.1552734375,11.227232933044434,3548.927978515625
358,3553.30029296875,11.343578338623047,3541.956787109375
359,3546.3466796875,11.462885856628418,3534.8837890625
360,3539.042236328125,11.58248233795166,3527.459716796875
361,3531.113037109375,11.700034141540527,3519.4130859375
362,3522.334228515625,11.813916206359863,3510.520263671875
363,3512.58349609375,11.923426628112793,3500.66015625
364,3501.880126953125,12.0288667678833,3489.851318359375
365,3490.376708984375,12.131487846374512,3478.2451171875
366,3478.312744140625,12.233336448669434,3466.079345703125
367,3465.94677734375,12.337006568908691,3453.60986328125
368,3453.487060546875,12.445265769958496,3441.041748046875
369,3441.058349609375,12.560575485229492,3428.497802734375
370,3428.722900390625,12.684564590454102,3416.038330078125
371,3416.537841796875,12.817648887634277,3403.72021484375
372,3404.593994140625,12.958885192871094,3391.635009765625
373,3393.00341796875,13.106060981750488,3379.8974609375
374,3381.837158203125,13.255997657775879,3368.5810546875
375,3371.0458984375,13.404958724975586,3357.640869140625
376,3360.422607421875,13.549212455749512,3346.873291015625
377,3349.633056640625,13.685662269592285,3335.947509765625
378,3338.333251953125,13.812362670898438,3324.52099609375
379,3326.2978515625,13.92881965637207,3312.369140625
380,3313.49658203125,14.035961151123047,3299.460693359375
381,3300.05419921875,14.135919570922852,3285.918212890625
382,3286.139404296875,14.231679916381836,3271.90771484375
383,3271.861572265625,14.326593399047852,3257.534912109375
384,3257.25390625,14.423759460449219,3242.830078125
385,3242.365234375,14.525373458862305,3227.83984375
386,3227.379150390625,14.63229751586914,3212.746826171875
387,3212.645263671875,14.743971824645996,3197.9013671875
388,3198.59765625,14.858661651611328,3183.739013671875
389,3185.587890625,14.973968505859375,3170.614013671875
390,3173.7529296875,15.087528228759766,3158.665283203125
391,3163.00341796875,15.19774341583252,3147.8056640625
392,3153.152587890625,15.304362297058105,3137.84814453125
393,3144.062255859375,15.408676147460938,3128.653564453125
394,3135.67724609375,15.513349533081055,3120.163818359375
395,3127.927001953125,15.621910095214844,3112.30517578125
396,3120.609375,15.737977027893066,3104.871337890625
397,3113.39111328125,15.864263534545898,3097.52685546875
398,3105.9638671875,16.00174331665039,3089.962158203125
399,3098.229736328125,16.149320602416992,3082.080322265625
400,3090.363525390625,16.304092407226562,3074.059326171875
401,3082.70751953125,16.461992263793945,3066.24560546875
402,3075.57275390625,16.618610382080078,3058.9541015625
403,3069.097900390625,16.76998519897461,3052.327880859375
404,3063.264404296875,16.91316795349121,3046.351318359375
405,3058.023193359375,17.046323776245117,3040.976806640625
406,3053.380859375,17.168485641479492,3036.21240234375
407,3049.33056640625,17.2791748046875,3032.051513671875
408,3045.693359375,17.3780517578125,3028.3154296875
409,3042.038818359375,17.464599609375,3024.57421875
410,3037.783447265625,17.537927627563477,3020.24560546875
411,3032.40869140625,17.59676742553711,3014.81201171875
412,3025.617919921875,17.63971710205078,3007.978271484375
413,3017.345703125,17.665668487548828,2999.679931640625
414,3007.67431640625,17.674240112304688,2990.0
415,2996.76171875,17.66604995727539,2979.095703125
416,2984.8466796875,17.642812728881836,2967.203857421875
417,2972.306396484375,17.607282638549805,2954.69921875
418,2959.676513671875,17.56319236755371,2942.11328125
419,2947.58349609375,17.515151977539062,2930.068359375
420,2936.619140625,17.468486785888672,2919.150634765625
421,2927.20751953125,17.4288387298584,2909.778564453125
422,2919.544921875,17.401533126831055,2902.143310546875
423,2913.594970703125,17.390968322753906,2896.2041015625
424,2909.110107421875,17.40024757385254,2891.7099609375
425,2905.646484375,17.43107032775879,2888.21533203125
426,2902.609130859375,17.48373794555664,2885.12548828125
427,2899.352783203125,17.557199478149414,2881.795654296875
428,2895.31982421875,17.649343490600586,2877.67041015625
429,2890.137939453125,17.757482528686523,2872.38037109375
430,2883.6455078125,17.878772735595703,2865.766845703125
431,2875.85693359375,18.010454177856445,2857.846435546875
432,2866.91552734375,18.14989471435547,2848.765625
433,2857.072509765625,18.29467010498047,2838.77783203125
434,2846.66357421875,18.442602157592773,2828.220947265625
435,2836.0751953125,18.59181785583496,2817.4833984375
436,2825.68212890625,18.74072265625,2806.94140625
437,2815.773681640625,18.888011932373047,2796.8857421875
438,2806.513916015625,19.032604217529297,2787.481201171875
439,2797.94921875,19.17359161376953,2778.775634765625
440,2790.070556640625,19.310157775878906,2770.760498046875
441,2782.8662109375,19.44153594970703,2763.424560546875
442,2776.3291015625,19.56698989868164,2756.76220703125
443,2770.40625,19.68590545654297,2750.720458984375
444,2764.93505859375,19.797883987426758,2745.13720703125
445,2759.6484375,19.9028263092041,2739.74560546875
446,2754.2666015625,20.000974655151367,2734.265625
447,2748.62451171875,20.0928955078125,2728.531494140625
448,2742.72412109375,20.179506301879883,2722.544677734375
449,2736.6728515625,20.26207733154297,2716.410888671875
450,2730.56787109375,20.34218978881836,2710.2255859375
451,2724.419677734375,20.421611785888672,2703.998046875
452,2718.1826171875,20.502037048339844,2697.6806640625
453,2711.833251953125,20.584758758544922,2691.24853515625
454,2705.441162109375,20.67045021057129,2684.770751953125
455,2699.17138671875,20.759044647216797,2678.412353515625
456,2693.224609375,20.849769592285156,2672.374755859375
457,2687.7705078125,20.941373825073242,2666.8291015625
458,2682.917236328125,21.032377243041992,2661.884765625
459,2678.728759765625,21.121490478515625,2657.607177734375
460,2675.260009765625,21.207931518554688,2654.052001953125
461,2672.5537109375,21.291704177856445,2651.261962890625
462,2670.59716796875,21.373741149902344,2649.223388671875
463,2669.271728515625,21.455854415893555,2647.81591796875
464,2668.350341796875,21.540470123291016,2646.809814453125
465,2667.555419921875,21.63016700744629,2645.92529296875
466,2666.65283203125,21.727142333984375,2644.92578125
467,2665.52685546875,21.83273696899414,2643.694091796875
468,2664.198486328125,21.947202682495117,2642.251220703125
469,2662.78564453125,22.069725036621094,2640.7158203125
470,2661.43310546875,22.19862937927246,2639.234375
471,2660.259521484375,22.33179473876953,2637.927734375
472,2659.3408203125,22.46704864501953,2636.873779296875
473,2658.71826171875,22.602561950683594,2636.11572265625
474,2658.408447265625,22.73709487915039,2635.67138671875
475,2658.389404296875,22.87009620666504,2635.519287109375
476,2658.575439453125,23.001680374145508,2635.57373046875
477,2658.80224609375,23.13247299194336,2635.669677734375
478,2658.84423828125,23.26335334777832,2635.580810546875
479,2658.471923828125,23.395143508911133,2635.07666015625
480,2657.5244140625,23.52826690673828,2633.99609375
481,2655.96630859375,23.66252326965332,2632.3037109375
482,2653.900390625,23.79705238342285,2630.103271484375
483,2651.53759765625,23.93045997619629,2627.607177734375
484,2649.141357421875,24.06112289428711,2625.080322265625
485,2646.972412109375,24.187580108642578,2622.784912109375
486,2645.25439453125,24.308971405029297,2620.9453125
487,2644.16064453125,24.4254207611084,2619.735107421875
488,2643.811767578125,24.538311004638672,2619.2734375
489,2644.268310546875,24.650299072265625,2619.617919921875
490,2645.511474609375,24.765003204345703,2620.74658203125
491,2647.428466796875,24.88650131225586,2622.5419921875
492,2649.812744140625,25.018699645996094,2624.7939453125
493,2652.390869140625,25.164714813232422,2627.22607421875
494,2654.872314453125,25.326364517211914,2629.5458984375
495,2657.000244140625,25.503929138183594,2631.496337890625
496,2658.5771484375,25.696157455444336,2632.881103515625
497,2659.469482421875,25.90060043334961,2633.56884765625
498,2659.5927734375,26.114059448242188,2633.478759765625
499,2658.906982421875,26.33312225341797,2632.573974609375
500,2657.4248046875,26.554637908935547,2630.8701171875
501,2655.231201171875,26.77607536315918,2628.455078125
502,2652.498779296875,26.995681762695312,2625.503173828125
503,2649.47900390625,27.21250343322754,2622.2666015625
504,2646.465576171875,27.42621612548828,2619.039306640625
505,2643.7431640625,27.636878967285156,2616.106201171875
506,2641.53857421875,27.844627380371094,2613.69384765625
507,2639.983154296875,28.049375534057617,2611.933837890625
508,2639.093994140625,28.250606536865234,2610.843505859375
509,2638.764892578125,28.447338104248047,2610.317626953125
510,2638.771484375,28.638259887695312,2610.13330078125
511,2638.802734375,28.822040557861328,2609.980712890625
512,2638.52294921875,28.997695922851562,2609.525146484375
513,2637.654296875,29.164953231811523,2608.4892578125
514,2636.05615234375,29.324466705322266,2606.731689453125
515,2633.76416015625,29.477882385253906,2604.286376953125
516,2630.97900390625,29.6276912689209,2601.351318359375
517,2628.013427734375,29.77696418762207,2598.236572265625
518,2625.213134765625,29.928983688354492,2595.2841796875
519,2622.870849609375,30.08686065673828,2592.783935546875
520,2621.15576171875,30.25320053100586,2590.902587890625
521,2620.071044921875,30.429840087890625,2589.64111328125
522,2619.45703125,30.617664337158203,2588.83935546875
523,2619.046875,30.816551208496094,2588.230224609375
524,2618.5546875,31.025390625,2587.529296875
525,2617.7451171875,31.24224853515625,2586.5029296875
526,2616.47216796875,31.46465492248535,2585.007568359375
527,2614.684814453125,31.689817428588867,2582.9951171875
528,2612.4287109375,31.91480255126953,2580.513916015625
529,2609.83447265625,32.13671875,2577.69775390625
530,2607.10205078125,32.352874755859375,2574.749267578125
531,2604.454345703125,32.560970306396484,2571.893310546875
532,2602.08544921875,32.75927734375,2569.326171875
533,2600.109375,32.946800231933594,2567.16259765625
534,2598.544677734375,33.12327194213867,2565.42138671875
535,2597.342041015625,33.289031982421875,2564.052978515625
536,2596.44189453125,33.44473648071289,2562.9970703125
537,2595.825927734375,33.591087341308594,2562.23486328125
538,2595.534423828125,33.72858810424805,2561.805908203125
539,2595.65185546875,33.857425689697266,2561.79443359375
540,2596.27294921875,33.97751235961914,2562.29541015625
541,2597.47021484375,34.08868408203125,2563.381591796875
542,2599.263916015625,34.19101333618164,2565.072998046875
543,2601.595703125,34.285099029541016,2567.310546875
544,2604.314208984375,34.37234878540039,2569.94189453125
545,2607.179443359375,34.45501708984375,2572.724365234375
546,2609.887451171875,34.53609848022461,2575.351318359375
547,2612.117919921875,34.619041442871094,2577.498779296875
548,2613.59521484375,34.707279205322266,2578.887939453125
549,2614.146484375,34.80369567871094,2579.3427734375
550,2613.744140625,34.91008758544922,2578.833984375
551,2612.521728515625,35.026798248291016,2577.494873046875
552,2610.744384765625,35.15254211425781,2575.591796875
553,2608.744384765625,35.2845344543457,2573.4599609375
554,2606.83447265625,35.418922424316406,2571.41552734375
555,2605.228271484375,35.55133056640625,2569.677001953125
556,2603.99658203125,35.67755889892578,2568.319091796875
557,2603.0751953125,35.79423522949219,2567.281005859375
558,2602.310302734375,35.89923858642578,2566.4111328125
559,2601.528564453125,35.99189376831055,2565.53662109375
560,2600.59326171875,36.0728759765625,2564.520263671875
561,2599.442626953125,36.14389419555664,2563.298828125
562,2598.098876953125,36.20721435546875,2561.8916015625
563,2596.662109375,36.26523971557617,2560.39697265625
564,2595.296875,36.32004928588867,2558.976806640625
565,2594.20556640625,36.373130798339844,2557.83251953125
566,2593.599365234375,36.42523956298828,2557.174072265625
567,2593.656005859375,36.47644805908203,2557.179443359375
568,2594.476318359375,36.52633285522461,2557.949951171875
569,2596.05126953125,36.57421875,2559.47705078125
570,2598.2587890625,36.619476318359375,2561.639404296875
571,2600.89599609375,36.661766052246094,2564.234130859375
572,2603.740966796875,36.70124816894531,2567.039794921875
573,2606.615234375,36.738624572753906,2569.876708984375
574,2609.419677734375,36.775115966796875,2572.64453125
575,2612.13134765625,36.81232833862305,2575.319091796875
576,2614.780029296875,36.852108001708984,2577.927978515625
577,2617.412353515625,36.89631652832031,2580.51611328125
578,2620.074462890625,36.94660949707031,2583.1279296875
579,2622.80126953125,37.004188537597656,2585.797119140625
580,2625.61669921875,37.069557189941406,2588.547119140625
581,2628.528564453125,37.14238739013672,2591.38623046875
582,2631.524169921875,37.22153854370117,2594.302734375
583,2634.562744140625,37.305213928222656,2597.257568359375
584,2637.579345703125,37.39133834838867,2600.18798828125
585,2640.501220703125,37.47801971435547,2603.023193359375
586,2643.268310546875,37.56401443481445,2605.704345703125
587,2645.854248046875,37.64915084838867,2608.205078125
588,2648.270263671875,37.73447036743164,2610.535888671875
589,2650.556396484375,37.822200775146484,2612.734130859375
590,2652.75439453125,37.9154052734375,2614.8388671875
591,2654.889892578125,38.01748275756836,2616.872314453125
592,2656.961669921875,38.13151931762695,2618.830078125
593,2658.947998046875,38.25975036621094,2620.688232421875
594,2660.818603515625,38.403114318847656,2622.41552734375
595,2662.5419921875,38.5611572265625,2623.98095703125
596,2664.083740234375,38.73211669921875,2625.3515625
597,2665.3984375,38.91334533691406,2626.485107421875
598,2666.430419921875,39.10173797607422,2627.32861328125
599,2667.1220703125,39.29425048828125,2627.827880859375
600,2667.433349609375,39.48830795288086,2627.945068359375
601,2667.358154296875,39.68199157714844,2627.67626953125
602,2666.9384765625,39.87408447265625,2627.064453125
603,2666.263427734375,40.06403350830078,2626.199462890625
604,2665.4619140625,40.25177001953125,2625.210205078125
605,2664.688232421875,40.437530517578125,2624.250732421875
606,2664.109375,40.62175750732422,2623.487548828125
607,2663.888916015625,40.80487060546875,2623.083984375
608,2664.177978515625,40.98727798461914,2623.190673828125
609,2665.10107421875,41.16923522949219,2623.931884765625
610,2666.734130859375,41.350921630859375,2625.38330078125
611,2669.079833984375,41.532470703125,2627.54736328125
612,2672.048828125,41.714073181152344,2630.334716796875
613,2675.45849609375,41.89611053466797,2633.5625
614,2679.063232421875,42.07926940917969,2636.98388671875
615,2682.591064453125,42.26472091674805,2640.326416015625
616,2685.794189453125,42.454071044921875,2643.340087890625
617,2688.4794921875,42.64942932128906,2645.830078125
618,2690.529541015625,42.85322952270508,2647.67626953125
619,2691.905517578125,43.0680046081543,2648.83740234375
620,2692.643798828125,43.29608154296875,2649.34765625
621,2692.843017578125,43.539222717285156,2649.3037109375
622,2692.6484375,43.79830551147461,2648.85009765625
623,2692.237548828125,44.073150634765625,2648.164306640625
624,2691.79541015625,44.362396240234375,2647.43310546875
625,2691.496826171875,44.66358947753906,2646.833251953125
626,2691.47802734375,44.973480224609375,2646.504638671875
627,2691.825439453125,45.288326263427734,2646.537109375
628,2692.573974609375,45.60429000854492,2646.9697265625
629,2693.71630859375,45.9178466796875,2647.79833984375
630,2695.21923828125,46.22602081298828,2648.9931640625
631,2697.0390625,46.52650451660156,2650.512451171875
632,2699.12744140625,46.817623138427734,2652.309814453125
633,2701.437744140625,47.098243713378906,2654.339599609375
634,2703.924560546875,47.367515563964844,2656.55712890625
635,2706.544189453125,47.62471389770508,2658.91943359375
636,2709.252685546875,47.869041442871094,2661.383544921875
637,2712.00537109375,48.09955596923828,2663.90576171875
638,2714.758544921875,48.31521987915039,2666.443359375
639,2717.46826171875,48.514892578125,2668.953369140625
640,2720.092041015625,48.697532653808594,2671.39453125
641,2722.590576171875,48.8622932434082,2673.728271484375
642,2724.9345703125,49.00864028930664,2675.926025390625
643,2727.1181640625,49.136470794677734,2677.981689453125
644,2729.164306640625,49.24610137939453,2679.918212890625
645,2731.12451171875,49.338294982910156,2681.7861328125
646,2733.060791015625,49.4141731262207,2683.646728515625
647,2735.03564453125,49.47516632080078,2685.560546875
648,2737.09521484375,49.52281188964844,2687.572509765625
649,2739.268798828125,49.55873107910156,2689.7099609375
650,2741.569091796875,49.58446502685547,2691.984619140625
651,2743.994873046875,49.601341247558594,2694.3935546875
652,2746.533447265625,49.610599517822266,2696.9228515625
653,2749.154296875,49.613319396972656,2699.541015625
654,2751.804443359375,49.61063003540039,2702.19384765625
655,2754.4033203125,49.60377883911133,2704.799560546875
656,2756.841796875,49.594322204589844,2707.24755859375
657,2758.99560546875,49.58412170410156,2709.411376953125
658,2760.739501953125,49.575286865234375,2711.164306640625
659,2761.969970703125,49.570030212402344,2712.39990234375
660,2762.61767578125,49.57036590576172,2713.04736328125
661,2762.660400390625,49.57780456542969,2713.08251953125
662,2762.132568359375,49.59313201904297,2712.53955078125
663,2761.127197265625,49.61613464355469,2711.510986328125
664,2759.787353515625,49.6456413269043,2710.1416015625
665,2758.2841796875,49.67955017089844,2708.604736328125
666,2756.79150390625,49.71509552001953,2707.076416015625
667,2755.453369140625,49.74913024902344,2705.704345703125
668,2754.362060546875,49.778564453125,2704.58349609375
669,2753.549072265625,49.80073165893555,2703.748291015625
670,2752.989990234375,49.81375503540039,2703.17626953125
671,2752.624755859375,49.81682205200195,2702.807861328125
672,2752.372802734375,49.810245513916016,2702.5625
673,2752.145751953125,49.79548645019531,2702.350341796875
674,2751.849609375,49.77488708496094,2702.07470703125
675,2751.38916015625,49.751365661621094,2701.6376953125
676,2750.682861328125,49.727962493896484,2700.954833984375
677,2749.68310546875,49.70745849609375,2699.9755859375
678,2748.395263671875,49.69198989868164,2698.703369140625
679,2746.883544921875,49.68287658691406,2697.20068359375
680,2745.2666015625,49.68059539794922,2695.5859375
681,2743.6962890625,49.68484878540039,2694.011474609375
682,2742.332763671875,49.69484329223633,2692.637939453125
683,2741.319091796875,49.70952606201172,2691.609619140625
684,2740.7626953125,49.72786331176758,2691.034912109375
685,2740.729736328125,49.74905776977539,2690.980712890625
686,2741.237548828125,49.77265167236328,2691.46484375
687,2742.2509765625,49.79862594604492,2692.452392578125
688,2743.6826171875,49.827301025390625,2693.855224609375
689,2745.397216796875,49.85926818847656,2695.537841796875
690,2747.225830078125,49.89527130126953,2697.33056640625
691,2748.989990234375,49.9360237121582,2699.053955078125
692,2750.52587890625,49.98215103149414,2700.543701171875
693,2751.702392578125,50.034053802490234,2701.66845703125
694,2752.4375,50.091949462890625,2702.345458984375
695,2752.699462890625,50.15584945678711,2702.543701171875
696,2752.502197265625,50.22560501098633,2702.276611328125
697,2751.897705078125,50.30099868774414,2701.5966796875
698,2750.966796875,50.38180923461914,2700.5849609375
699,2749.816162109375,50.467811584472656,2699.348388671875
700,2748.566162109375,50.558841705322266,2698.00732421875
701,2747.337890625,50.654666900634766,2696.68310546875
702,2746.231201171875,50.7548942565918,2695.476318359375
703,2745.31103515625,50.85879135131836,2694.4521484375
704,2744.594482421875,50.9650993347168,2693.62939453125
705,2744.054443359375,51.071922302246094,2692.982421875
706,2743.62841796875,51.17667007446289,2692.45166015625
707,2743.23583984375,51.276161193847656,2691.959716796875
708,2742.7890625,51.36676788330078,2691.42236328125
709,2742.2099609375,51.444740295410156,2690.76513671875
710,2741.4306640625,51.506446838378906,2689.92431640625
711,2740.403076171875,51.54875183105469,2688.854248046875
712,2739.102783203125,51.569244384765625,2687.533447265625
713,2737.5380859375,51.566532135009766,2685.971435546875
714,2735.7451171875,51.54032516479492,2684.204833984375
715,2733.783203125,51.49142837524414,2682.291748046875
716,2731.71923828125,51.42166519165039,2680.297607421875
717,2729.6171875,51.33363342285156,2678.283447265625
718,2727.53125,51.23042678833008,2676.30078125
719,2725.5029296875,51.115318298339844,2674.3876953125
720,2723.5654296875,50.991493225097656,2672.573974609375
721,2721.7470703125,50.861839294433594,2670.88525390625
722,2720.07275390625,50.72886657714844,2669.343994140625
723,2718.561279296875,50.594696044921875,2667.966552734375
724,2717.220703125,50.46112060546875,2666.759521484375
725,2716.046630859375,50.32968521118164,2665.717041015625
726,2715.023193359375,50.201847076416016,2664.8212890625
727,2714.1259765625,50.079010009765625,2664.046875
728,2713.323486328125,49.96255111694336,2663.36083984375
729,2712.578857421875,49.85381317138672,2662.72509765625
730,2711.848876953125,49.754024505615234,2662.094970703125
731,2711.088134765625,49.66421127319336,2661.423828125
732,2710.24951171875,49.58509063720703,2660.664306640625
733,2709.29248046875,49.51702880859375,2659.775390625
734,2708.18603515625,49.4599609375,2658.72607421875
735,2706.913330078125,49.413421630859375,2657.5
736,2705.469482421875,49.37652587890625,2656.093017578125
737,2703.854736328125,49.348026275634766,2654.506591796875
738,2702.067138671875,49.326385498046875,2652.74072265625
739,2700.097900390625,49.309852600097656,2650.7880859375
740,2697.927978515625,49.296630859375,2648.63134765625
741,2695.529296875,49.28498077392578,2646.244384765625
742,2692.8681640625,49.273414611816406,2643.5947265625
743,2689.91064453125,49.26074981689453,2640.64990234375
744,2686.62939453125,49.2462158203125,2637.383056640625
745,2683.010986328125,49.22932434082031,2633.78173828125
746,2679.06787109375,49.20985794067383,2629.85791015625
747,2674.843505859375,49.18768310546875,2625.65576171875
748,2670.41650390625,49.1627311706543,2621.253662109375
749,2665.893798828125,49.134864807128906,2616.759033203125
750,2661.39501953125,49.10393524169922,2612.291015625
751,2657.029541015625,49.06971740722656,2607.959716796875
752,2652.8759765625,49.032020568847656,2603.843994140625
753,2648.968994140625,48.990684509277344,2599.978271484375
754,2645.289794921875,48.9456901550293,2596.343994140625
755,2641.774658203125,48.89717102050781,2592.87744140625
756,2638.325927734375,48.84547805786133,2589.48046875
757,2634.82958984375,48.79121398925781,2586.038330078125
758,2631.170166015625,48.73518753051758,2582.43505859375
759,2627.248291015625,48.67840576171875,2578.56982421875
760,2622.993896484375,48.62192153930664,2574.3720703125
761,2618.37646484375,48.56679153442383,2569.8095703125
762,2613.40625,48.513919830322266,2564.892333984375
763,2608.133056640625,48.463958740234375,2559.669189453125
764,2602.63037109375,48.417266845703125,2554.213134765625
765,2596.980712890625,48.373863220214844,2548.60693359375
766,2591.261962890625,48.33342742919922,2542.928466796875
767,2585.534423828125,48.29535675048828,2537.239013671875
768,2579.839111328125,48.25879669189453,2531.580322265625
769,2574.204345703125,48.22276306152344,2525.981689453125
770,2568.648681640625,48.1861457824707,2520.462646484375
771,2563.1865234375,48.14786148071289,2515.03857421875
772,2557.826416015625,48.10686492919922,2509.719482421875
773,2552.56689453125,48.062259674072266,2504.504638671875
774,2547.394775390625,48.01336669921875,2499.38134765625
775,2542.283447265625,47.959808349609375,2494.32373046875
776,2537.201416015625,47.90159606933594,2489.2998046875
777,2532.12060546875,47.839149475097656,2484.281494140625
778,2527.025390625,47.77328109741211,2479.252197265625
779,2521.91259765625,47.705078125,2474.20751953125
780,2516.788330078125,47.63579177856445,2469.152587890625
781,2511.6591796875,47.56669616699219,2464.092529296875
782,2506.52978515625,47.49897003173828,2459.03076171875
783,2501.40087890625,47.43365478515625,2453.96728515625
784,2496.274658203125,47.371551513671875,2448.903076171875
785,2491.158203125,47.31325912475586,2443.844970703125
786,2486.068115234375,47.25910949707031,2438.80908203125
787,2481.025146484375,47.20922088623047,2433.81591796875
788,2476.050537109375,47.16339111328125,2428.88720703125
789,2471.16650390625,47.121158599853516,2424.04541015625
790,2466.394287109375,47.08173751831055,2419.3125
791,2461.759521484375,47.04402542114258,2414.715576171875
792,2457.291748046875,47.00660705566406,2410.28515625
793,2453.023193359375,46.96781921386719,2406.055419921875
794,2448.9814453125,46.925819396972656,2402.0556640625
795,2445.1806640625,46.87872314453125,2398.302001953125
796,2441.614013671875,46.824737548828125,2394.789306640625
797,2438.25341796875,46.762298583984375,2391.4912109375
798,2435.048095703125,46.6901741027832,2388.35791015625
799,2431.92822265625,46.60755157470703,2385.320556640625
800,2428.80712890625,46.51408386230469,2382.29296875
801,2425.585693359375,46.40983581542969,2379.17578125
802,2422.16015625,46.29535675048828,2375.86474609375
803,2418.43212890625,46.17152404785156,2372.260498046875
804,2414.32470703125,46.0395393371582,2368.28515625
805,2409.796142578125,45.90081024169922,2363.895263671875
806,2404.849853515625,45.756813049316406,2359.093017578125
807,2399.53173828125,45.60905838012695,2353.922607421875
808,2393.9208984375,45.458900451660156,2348.4619140625
809,2388.115234375,45.3074951171875,2342.8076171875
810,2382.218994140625,45.1557731628418,2337.063232421875
811,2376.33349609375,45.00436782836914,2331.3291015625
812,2370.5537109375,44.85362243652344,2325.7001953125
813,2364.963623046875,44.703643798828125,2320.260009765625
814,2359.631591796875,44.55427169799805,2315.077392578125
815,2354.599609375,44.4051513671875,2310.1943359375
816,2349.87255859375,44.2557258605957,2305.616943359375
817,2345.416015625,44.10533142089844,2301.310791015625
818,2341.15478515625,43.953208923339844,2297.20166015625
819,2336.984375,43.79859161376953,2293.185791015625
820,2332.78173828125,43.64080047607422,2289.140869140625
821,2328.419677734375,43.47929382324219,2284.9404296875
822,2323.77734375,43.313804626464844,2280.463623046875
823,2318.75048828125,43.14434051513672,2275.606201171875
824,2313.260986328125,42.97126770019531,2270.289794921875
825,2307.26806640625,42.795284271240234,2264.472900390625
826,2300.776123046875,42.61737823486328,2258.15869140625
827,2293.8369140625,42.43877410888672,2251.398193359375
828,2286.54833984375,42.26087951660156,2244.287353515625
829,2279.041748046875,42.08515930175781,2236.95654296875
830,2271.46826171875,41.9130859375,2229.55517578125
831,2263.97900390625,41.746070861816406,2222.23291015625
832,2256.70751953125,41.58538818359375,2215.1220703125
833,2249.75341796875,41.43220138549805,2208.3212890625
834,2243.170166015625,41.287479400634766,2201.882568359375
835,2236.95458984375,41.152103424072266,2195.802490234375
836,2231.04638671875,41.02680206298828,2190.01953125
837,2225.33447265625,40.912208557128906,2184.42236328125
838,2219.675048828125,40.80881118774414,2178.8662109375
839,2213.913330078125,40.71693801879883,2173.1962890625
840,2207.90673828125,40.636695861816406,2167.27001953125
841,2201.546142578125,40.56789016723633,2160.978271484375
842,2194.7626953125,40.509979248046875,2154.252685546875
843,2187.529296875,40.462032318115234,2147.0673828125
844,2179.854248046875,40.422706604003906,2139.431640625
845,2171.775390625,40.39023971557617,2131.38525390625
846,2163.354248046875,40.3625373840332,2122.99169921875
847,2154.669189453125,40.33724594116211,2114.33203125
848,2145.80908203125,40.31187057495117,2105.497314453125
849,2136.863037109375,40.28394317626953,2096.5791015625
850,2127.906982421875,40.25116729736328,2087.65576171875
851,2118.9921875,40.2115478515625,2078.780517578125
852,2110.1376953125,40.16351318359375,2069.97412109375
853,2101.32861328125,40.105979919433594,2061.22265625
854,2092.518798828125,40.03837203979492,2052.48046875
855,2083.637939453125,39.96056365966797,2043.677490234375
856,2074.6015625,39.872779846191406,2034.728759765625
857,2065.325439453125,39.77550506591797,2025.550048828125
858,2055.74462890625,39.66926956176758,2016.075439453125
859,2045.8255615234375,39.55457305908203,2006.27099609375
860,2035.5751953125,39.431758880615234,1996.1434326171875
861,2025.03955078125,39.3010368347168,1985.738525390625
862,2014.2884521484375,39.162498474121094,1975.1259765625
863,2003.400146484375,39.0162353515625,1964.3839111328125
864,1992.4429931640625,38.86247253417969,1953.58056640625
865,1981.4637451171875,38.701683044433594,1942.7620849609375
866,1970.48291015625,38.534645080566406,1931.9482421875
867,1959.49609375,38.36247634887695,1921.1336669921875
868,1948.47509765625,38.18658447265625,1910.28857421875
869,1937.37060546875,38.008575439453125,1899.362060546875
870,1926.1165771484375,37.83015441894531,1888.286376953125
871,1914.63720703125,37.65296936035156,1876.9842529296875
872,1902.8544921875,37.4785270690918,1865.3759765625
873,1890.6956787109375,37.30807876586914,1853.3875732421875
874,1878.0953369140625,37.14262390136719,1840.9527587890625
875,1864.9952392578125,36.98291015625,1828.0123291015625
876,1851.341796875,36.82948684692383,1814.5123291015625
877,1837.087646484375,36.68275451660156,1800.4049072265625
878,1822.1982421875,36.54301452636719,1785.6552734375
879,1806.66259765625,36.41049575805664,1770.2520751953125
880,1790.5028076171875,36.28532791137695,1754.217529296875
881,1773.781494140625,36.16752243041992,1737.614013671875
882,1756.6002197265625,36.056915283203125,1720.5433349609375
883,1739.0968017578125,35.953102111816406,1703.1436767578125
884,1721.4354248046875,35.855384826660156,1685.580078125
885,1703.796875,35.76274108886719,1668.0341796875
886,1686.357666015625,35.673797607421875,1650.683837890625
887,1669.265380859375,35.586883544921875,1633.678466796875
888,1652.6085205078125,35.50012969970703,1617.1083984375
889,1636.3946533203125,35.41161346435547,1600.9830322265625
890,1620.5380859375,35.319522857666016,1585.218505859375
891,1604.8707275390625,35.222320556640625,1569.6484375
892,1589.166748046875,35.118873596191406,1554.0478515625
893,1573.178955078125,35.00852966308594,1538.17041015625
894,1556.677490234375,34.89111328125,1521.786376953125
895,1539.4833984375,34.766929626464844,1504.7164306640625
896,1521.49267578125,34.636680603027344,1486.85595703125
897,1502.6884765625,34.501365661621094,1468.1871337890625
898,1483.1405029296875,34.362247467041016,1448.7781982421875
899,1462.989013671875,34.22074890136719,1428.768310546875
900,1442.4210205078125,34.07842254638672,1408.3426513671875
901,1421.6409912109375,33.936920166015625,1387.7041015625
902,1400.8414306640625,33.797950744628906,1367.04345703125
903,1380.18408203125,33.66326904296875,1346.520751953125
904,1359.7850341796875,33.53462600708008,1326.2503662109375
905,1339.7093505859375,33.41370391845703,1306.295654296875
906,1319.967529296875,33.30207443237305,1286.6654052734375
907,1300.5205078125,33.20109558105469,1267.3194580078125
908,1281.29150390625,33.111820220947266,1248.1796875
909,1262.186767578125,33.034908294677734,1229.15185546875
910,1243.125244140625,32.97051239013672,1210.15478515625
911,1224.0648193359375,32.91828536987305,1191.146484375
912,1205.02099609375,32.87738037109375,1172.1436767578125
913,1186.0718994140625,32.84657287597656,1153.225341796875
914,1167.3487548828125,32.8243522644043,1134.5244140625
915,1149.0189208984375,32.80913543701172,1116.2098388671875
916,1131.2657470703125,32.799346923828125,1098.4664306640625
917,1114.26611328125,32.7935905456543,1081.4725341796875
918,1098.17333984375,32.790672302246094,1065.3826904296875
919,1083.1007080078125,32.789649963378906,1050.31103515625
920,1069.112548828125,32.789772033691406,1036.32275390625
921,1056.2227783203125,32.79042434692383,1023.4323120117188
922,1044.4027099609375,32.79104232788086,1011.6116333007812
923,1033.591064453125,32.79106521606445,1000.800048828125
924,1023.70361328125,32.78999710083008,990.9136352539062
925,1014.6365356445312,32.78742980957031,981.84912109375
926,1006.2689208984375,32.783199310302734,973.4857177734375
927,998.4667358398438,32.777462005615234,965.6892700195312
928,991.0917358398438,32.770809173583984,958.3209228515625
929,984.0184936523438,32.764278411865234,951.2542114257812
930,977.14794921875,32.75932693481445,944.3886108398438
931,970.4144287109375,32.75778579711914,937.6566162109375
932,963.7808227539062,32.76176452636719,931.01904296875
933,957.229248046875,32.77349090576172,924.4557495117188
934,950.7506713867188,32.79521942138672,917.9554443359375
935,944.3396606445312,32.829044342041016,911.5106201171875
936,937.9942016601562,32.87675857543945,905.117431640625
937,931.7166748046875,32.93974304199219,898.7769165039062
938,925.514892578125,33.01886749267578,892.4960327148438
939,919.39990234375,33.1144905090332,886.285400390625
940,913.382080078125,33.22645568847656,880.1556396484375
941,907.468017578125,33.35417938232422,874.1138305664062
942,901.6549072265625,33.49672317504883,868.158203125
943,895.9254150390625,33.652950286865234,862.2724609375
944,890.2406005859375,33.82160186767578,856.4190063476562
945,884.5366821289062,34.00141525268555,850.5352783203125
946,878.7240600585938,34.19122314453125,844.5328369140625
947,872.6951904296875,34.38996887207031,838.3052368164062
948,866.3362426757812,34.59674835205078,831.739501953125
949,859.540283203125,34.81072998046875,824.7295532226562
950,852.2203369140625,35.031131744384766,817.189208984375
951,844.3190307617188,35.25715255737305,809.0618896484375
952,835.8148803710938,35.48785400390625,800.3270263671875
953,826.7277221679688,35.722164154052734,791.0055541992188
954,817.1206665039062,35.95875930786133,781.1619262695312
955,807.09619140625,36.19606399536133,770.900146484375
956,796.7880859375,36.43221664428711,760.3558959960938
957,786.3482055664062,36.66508483886719,749.68310546875
958,775.9317016601562,36.89226531982422,739.0394287109375
959,765.6826171875,37.11124038696289,728.5713500976562
960,755.7201538085938,37.31941223144531,718.4007568359375
961,746.124755859375,37.51435089111328,708.6104125976562
962,736.926025390625,37.693878173828125,699.2321166992188
963,728.0960693359375,37.85625076293945,690.2398071289062
964,719.5529174804688,38.00028610229492,681.5526123046875
965,711.1747436523438,38.125423431396484,673.04931640625
966,702.820556640625,38.231754302978516,664.5888061523438
967,694.3563232421875,38.31999206542969,656.0363159179688
968,685.6775512695312,38.3913459777832,647.2861938476562
969,676.72998046875,38.44734191894531,638.2826538085938
970,667.5231323242188,38.489601135253906,629.0335083007812
971,658.1362915039062,38.519615173339844,619.61669921875
972,648.7108764648438,38.53855895996094,610.1723022460938
973,639.4307861328125,38.54718780517578,600.8836059570312
974,630.495361328125,38.54582977294922,591.9495239257812
975,622.0897216796875,38.534423828125,583.5552978515625
976,614.3607177734375,38.512664794921875,575.8480834960938
977,607.3990478515625,38.480072021484375,568.9190063476562
978,601.2272338867188,38.436214447021484,562.791015625
979,595.7916870117188,38.38079833984375,557.410888671875
980,590.9649658203125,38.31382751464844,552.651123046875
981,586.5577392578125,38.235679626464844,548.3220825195312
982,582.3465576171875,38.14714050292969,544.1994018554688
983,578.107421875,38.049381256103516,540.0580444335938
984,573.6494750976562,37.943885803222656,535.70556640625
985,568.8386840820312,37.83244323730469,531.0062255859375
986,563.612060546875,37.71710968017578,525.8949584960938
987,557.9808349609375,37.600250244140625,520.380615234375
988,552.0237426757812,37.4845085144043,514.5392456054688
989,545.868408203125,37.37272644042969,508.49566650390625
990,539.6630859375,37.26783752441406,502.3952331542969
991,533.5449829101562,37.172542572021484,496.3724670410156
992,527.6141357421875,37.08913803100586,490.5249938964844
993,521.9179077148438,37.01924514770508,484.898681640625
994,516.448486328125,36.96369552612305,479.48480224609375
995,511.14825439453125,36.922515869140625,474.2257385253906
996,505.92132568359375,36.89501190185547,469.02630615234375
997,500.6492919921875,36.87994384765625,463.76934814453125
998,495.2095031738281,36.87570571899414,458.33380126953125
999,489.49444580078125,36.880470275878906,452.6139831542969
1000,483.4289855957031,36.89236831665039,446.53662109375
1001,476.9828186035156,36.90949249267578,440.0733337402344
1002,470.1778259277344,36.93000030517578,433.2478332519531
1003,463.09002685546875,36.95210266113281,426.1379089355469
1004,455.8457336425781,36.97409439086914,418.87164306640625
1005,448.6095275878906,36.9943962097168,411.6151428222656
1006,441.5636901855469,37.01165008544922,404.5520324707031
1007,434.881591796875,37.02479553222656,397.8567810058594
1008,428.7016906738281,37.033294677734375,391.66839599609375
1009,423.108642578125,37.03718566894531,386.0714416503906
1010,418.1237487792969,37.03715896606445,381.0865783691406
1011,413.70556640625,37.034454345703125,376.6711120605469
1012,409.7575378417969,37.030643463134766,372.7268981933594
1013,406.14263916015625,37.02727508544922,369.1153564453125
1014,402.7053527832031,37.02547073364258,365.67987060546875
1015,399.2973327636719,37.02558517456055,362.2717590332031
1016,395.7996520996094,37.02695846557617,358.772705078125
1017,392.13653564453125,37.02788162231445,355.108642578125
1018,388.2762145996094,37.025779724121094,351.25042724609375
1019,384.2268371582031,37.01758575439453,347.2092590332031
1020,380.0280456542969,37.0001335144043,343.0279235839844
1021,375.7418212890625,36.97063446044922,338.77117919921875
1022,371.4403991699219,36.92702102661133,334.51336669921875
1023,367.1917419433594,36.868106842041016,330.3236389160156
1024,363.0463562011719,36.793617248535156,326.25274658203125
1025,359.0293884277344,36.7041130065918,322.3252868652344
1026,355.13885498046875,36.60075378417969,318.5380859375
1027,351.34869384765625,36.48520278930664,314.8634948730469
1028,347.61431884765625,36.3594970703125,311.25482177734375
1029,343.8803405761719,36.22604751586914,307.654296875
1030,340.0926208496094,36.08760452270508,304.0050048828125
1031,336.2113342285156,35.947235107421875,300.26409912109375
1032,332.2210693359375,35.808284759521484,296.41278076171875
1033,328.1337585449219,35.674137115478516,292.4596252441406
1034,323.9847412109375,35.54800033569336,288.4367370605469
1035,319.8261413574219,35.43262481689453,284.3935241699219
1036,315.71966552734375,35.33006286621094,280.38958740234375
1037,311.7295837402344,35.241512298583984,276.4880676269531
1038,307.9146728515625,35.167274475097656,272.7474060058594
1039,304.3194885253906,35.1068229675293,269.2126770019531
1040,300.9688720703125,35.059043884277344,265.9098205566406
1041,297.86737060546875,35.02243423461914,262.8449401855469
1042,295.0018310546875,34.9953498840332,260.0064697265625
1043,292.34344482421875,34.97618103027344,257.3672790527344
1044,289.85009765625,34.96333312988281,254.88677978515625
1045,287.4710388183594,34.955257415771484,252.51577758789062
1046,285.1568908691406,34.95030212402344,250.2065887451172
1047,282.8736267089844,34.94664001464844,247.92698669433594
1048,280.6119384765625,34.94230651855469,245.66964721679688
1049,278.38665771484375,34.93523406982422,243.451416015625
1050,276.2261047363281,34.92342758178711,241.30267333984375
1051,274.1570129394531,34.90511703491211,239.25189208984375
1052,272.19012451171875,34.87889099121094,237.31124877929688
1053,270.31048583984375,34.84375762939453,235.4667205810547
1054,268.4736328125,34.799129486083984,233.67449951171875
1055,266.6108703613281,34.74471664428711,231.86614990234375
1056,264.6429138183594,34.68043899536133,229.9624786376953
1057,262.49945068359375,34.60636520385742,227.89309692382812
1058,260.1367492675781,34.522701263427734,225.6140594482422
1059,257.5474853515625,34.429874420166016,223.1175994873047
1060,254.76055908203125,34.32866668701172,220.43190002441406
1061,251.83460998535156,34.22029495239258,217.61431884765625
1062,248.8465576171875,34.10645294189453,214.74009704589844
1063,245.87847900390625,33.98923873901367,211.8892364501953
1064,243.0033416748047,33.87092590332031,209.13241577148438
1065,240.2740020751953,33.753726959228516,206.52027893066406
1066,237.71920776367188,33.639503479003906,204.0797119140625
1067,235.3463897705078,33.52963638305664,201.81675720214844
1068,233.1473388671875,33.42498779296875,199.72235107421875
1069,231.10328674316406,33.32601547241211,197.7772674560547
1070,229.18846130371094,33.23299789428711,195.95545959472656
1071,227.37530517578125,33.14628601074219,194.22901916503906
1072,225.64195251464844,33.06651306152344,192.575439453125
1073,223.97787475585938,32.9946403503418,190.9832305908203
1074,222.38644409179688,32.93187713623047,189.45457458496094
1075,220.88302612304688,32.87946319580078,188.00357055664062
1076,219.491943359375,32.83834457397461,186.65359497070312
1077,218.2423095703125,32.80891036987305,185.4333953857422
1078,217.16192626953125,32.790775299072266,184.37115478515625
1079,216.26785278320312,32.7827262878418,183.48512268066406
1080,215.55731201171875,32.78285598754883,182.7744598388672
1081,215.00466918945312,32.788780212402344,182.2158966064453
1082,214.5662841796875,32.79793167114258,181.7683563232422
1083,214.19058227539062,32.80779266357422,181.38279724121094
1084,213.82785034179688,32.81606674194336,181.01177978515625
1085,213.4371795654297,32.82071304321289,180.61647033691406
1086,212.991455078125,32.819923400878906,180.17153930664062
1087,212.47998046875,32.812110900878906,179.66787719726562
1088,211.90789794921875,32.7958984375,179.11199951171875
1089,211.2913360595703,32.77023696899414,178.52110290527344
1090,210.65101623535156,32.7344856262207,177.91653442382812
1091,210.00762939453125,32.6885986328125,177.31903076171875
1092,209.37939453125,32.6331901550293,176.74620056152344
1093,208.77935791015625,32.56948471069336,176.20986938476562
1094,208.21096801757812,32.499244689941406,175.7117156982422
1095,207.6639862060547,32.4244499206543,175.23953247070312
1096,207.114990234375,32.34706115722656,174.76792907714844
1097,206.53211975097656,32.268733978271484,174.2633819580078
1098,205.88038635253906,32.19062423706055,173.68975830078125
1099,205.1263427734375,32.11338424682617,173.01295471191406
1100,204.24119567871094,32.03718948364258,172.20401000976562
1101,203.20477294921875,31.961851119995117,171.242919921875
1102,202.00778198242188,31.886953353881836,170.12083435058594
1103,200.6512908935547,31.811870574951172,168.83941650390625
1104,199.14198303222656,31.735761642456055,167.40621948242188
1105,197.48898315429688,31.65753746032715,165.83145141601562
1106,195.70465087890625,31.575889587402344,164.12876892089844
1107,193.8084716796875,31.48937225341797,162.319091796875
1108,191.82994079589844,31.396587371826172,160.433349609375
1109,189.80801391601562,31.296483993530273,158.51153564453125
1110,187.78713989257812,31.18856430053711,156.59857177734375
1111,185.8121795654297,31.073041915893555,154.7391357421875
1112,183.92266845703125,30.95087432861328,152.97178649902344
1113,182.14678955078125,30.823646545410156,151.32313537597656
1114,180.4967498779297,30.693296432495117,149.80345153808594
1115,178.96884155273438,30.561843872070312,148.40699768066406
1116,177.54827880859375,30.431114196777344,147.11717224121094
1117,176.21615600585938,30.302528381347656,145.9136199951172
1118,174.95433044433594,30.17704963684082,144.77728271484375
1119,173.74880981445312,30.055198669433594,143.693603515625
1120,172.5924072265625,29.937170028686523,142.65524291992188
1121,171.48646545410156,29.82291030883789,141.66355895996094
1122,170.43873596191406,29.71220588684082,140.72653198242188
1123,169.45790100097656,29.604663848876953,139.85324096679688
1124,168.54705810546875,29.49969482421875,139.04736328125
1125,167.70025634765625,29.39643096923828,138.3038330078125
1126,166.90304565429688,29.29381561279297,137.60923767089844
1127,166.1339111328125,29.19068145751953,136.9432373046875
1128,165.3662567138672,29.08597755432129,136.2802734375
1129,164.57174682617188,28.979026794433594,135.59271240234375
1130,163.72618103027344,28.869688034057617,134.8564910888672
1131,162.81517028808594,28.75844383239746,134.05673217773438
1132,161.8358154296875,28.646339416503906,133.18948364257812
1133,160.7939910888672,28.53476333618164,132.2592315673828
1134,159.6998291015625,28.425222396850586,131.2746124267578
1135,158.56427001953125,28.319028854370117,130.2452392578125
1136,157.39649963378906,28.217178344726562,129.1793212890625
1137,156.2013702392578,28.120214462280273,128.08116149902344
1138,154.97750854492188,28.02824592590332,126.94925689697266
1139,153.71871948242188,27.941030502319336,125.7776870727539
1140,152.4183349609375,27.85810089111328,124.56023406982422
1141,151.0739288330078,27.77889633178711,123.29503631591797
1142,149.69009399414062,27.702850341796875,121.98723602294922
1143,148.27957153320312,27.62942123413086,120.65015411376953
1144,146.86325073242188,27.558109283447266,119.30513763427734
1145,145.46694946289062,27.48836326599121,117.97858428955078
1146,144.11558532714844,27.419626235961914,116.69595336914062
1147,142.82455444335938,27.351333618164062,115.47322082519531
1148,141.59510803222656,27.282978057861328,114.31212615966797
1149,140.41525268554688,27.214126586914062,113.20113372802734
1150,139.26560974121094,27.144428253173828,112.12117767333984
1151,138.12628173828125,27.07353973388672,111.052734375
1152,136.9838409423828,27.001079559326172,109.98275756835938
1153,135.83689880371094,26.926616668701172,108.9102783203125
1154,134.69906616210938,26.849655151367188,107.84941864013672
1155,133.5966339111328,26.769758224487305,106.82687377929688
1156,132.56117248535156,26.68661117553711,105.87455749511719
1157,131.62081909179688,26.600120544433594,105.02069854736328
1158,130.7946014404297,26.510438919067383,104.2841567993164
1159,130.08981323242188,26.417978286743164,103.67183685302734
1160,129.50132751464844,26.323373794555664,103.1779556274414
1161,129.0113983154297,26.22740364074707,102.78399658203125
1162,128.59242248535156,26.13088607788086,102.46154022216797
1163,128.21200561523438,26.034568786621094,102.17743682861328
1164,127.8389663696289,25.939008712768555,101.89995574951172
1165,127.44819641113281,25.844562530517578,101.6036376953125
1166,127.02346801757812,25.75136947631836,101.2720947265625
1167,126.55912780761719,25.659446716308594,100.8996810913086
1168,126.05935668945312,25.568679809570312,100.49067687988281
1169,125.53326416015625,25.478862762451172,100.05439758300781
1170,124.98820495605469,25.389659881591797,99.59854125976562
1171,124.42491912841797,25.300628662109375,99.1242904663086
1172,123.83653259277344,25.211261749267578,98.6252670288086
1173,123.21104431152344,25.121082305908203,98.0899658203125
1174,122.53482055664062,25.02973747253418,97.50508117675781
1175,121.79692840576172,24.93708610534668,96.8598403930664
1176,120.99452209472656,24.84320640563965,96.15131378173828
1177,120.13700866699219,24.748382568359375,95.38862609863281
1178,119.24605560302734,24.652997970581055,94.59305572509766
1179,118.35093688964844,24.557483673095703,93.79345703125
1180,117.48188018798828,24.462182998657227,93.01969909667969
1181,116.66462707519531,24.36722183227539,92.29740905761719
1182,115.91656494140625,24.272443771362305,91.64411926269531
1183,115.24420166015625,24.177343368530273,91.06685638427734
1184,114.6430892944336,24.08112144470215,90.56196594238281
1185,114.10121154785156,23.982776641845703,90.11843872070312
1186,113.60433959960938,23.881269454956055,89.72306823730469
1187,113.14022827148438,23.775625228881836,89.3646011352539
1188,112.70018768310547,23.665002822875977,89.03518676757812
1189,112.27873229980469,23.548738479614258,88.72999572753906
1190,111.8726806640625,23.426393508911133,88.4462890625
1191,111.4796371459961,23.297739028930664,88.18190002441406
1192,111.0959243774414,23.16284942626953,87.93307495117188
1193,110.71537780761719,23.02210807800293,87.69326782226562
1194,110.33037567138672,22.876188278198242,87.45418548583984
1195,109.93449401855469,22.72603416442871,87.20845794677734
1196,109.52374267578125,22.572765350341797,86.95098114013672
1197,109.09573364257812,22.417621612548828,86.67811584472656
1198,108.64891052246094,22.261962890625,86.38694763183594
1199,108.18276977539062,22.1071720123291,86.07559967041016
1200,107.69804382324219,21.95462417602539,85.74341583251953
1201,107.19538116455078,21.805604934692383,85.38977813720703
1202,106.67327880859375,21.661237716674805,85.01203918457031
1203,106.12744903564453,21.522428512573242,84.60501861572266
1204,105.5519027709961,21.38981819152832,84.1620864868164
1205,104.94100952148438,21.263769149780273,83.67723846435547
1206,104.29183959960938,21.144304275512695,83.14753723144531
1207,103.60773468017578,21.03110694885254,82.57662963867188
1208,102.90119934082031,20.923500061035156,81.97769927978516
1209,102.19425201416016,20.820520401000977,81.37373352050781
1210,101.51408386230469,20.72100830078125,80.79307556152344
1211,100.88615417480469,20.62375259399414,80.26239776611328
1212,100.3277816772461,20.527559280395508,79.80022430419922
1213,99.84385681152344,20.431358337402344,79.4124984741211
1214,99.4251708984375,20.33419418334961,79.09098052978516
1215,99.05075073242188,20.23530387878418,78.81544494628906
1216,98.69403076171875,20.13413429260254,78.55989837646484
1217,98.33139038085938,20.030391693115234,78.30099487304688
1218,97.94859313964844,19.924083709716797,78.02450561523438
1219,97.54302978515625,19.815494537353516,77.72753143310547
1220,97.12283325195312,19.705162048339844,77.41767120361328
1221,96.70391845703125,19.593843460083008,77.11007690429688
1222,96.305419921875,19.48249053955078,76.82292938232422
1223,95.94367218017578,19.37220573425293,76.57146453857422
1224,95.62667083740234,19.264190673828125,76.36248016357422
1225,95.35136413574219,19.15962791442871,76.19173431396484
1226,95.10453796386719,19.05959129333496,76.0449447631836
1227,94.86576843261719,18.964935302734375,75.90083312988281
1228,94.61173248291016,18.87627410888672,75.73545837402344
1229,94.32170867919922,18.793928146362305,75.52777862548828
1230,93.98298645019531,18.717906951904297,75.26508331298828
1231,93.59386444091797,18.64789390563965,74.94596862792969
1232,93.16272735595703,18.583208084106445,74.57952117919922
1233,92.70466613769531,18.522844314575195,74.18182373046875
1234,92.23702239990234,18.46552848815918,73.77149200439453
1235,91.7747573852539,18.409820556640625,73.36493682861328
1236,91.32633972167969,18.35421371459961,72.97212982177734
1237,90.89179992675781,18.29720687866211,72.59458923339844
1238,90.46430969238281,18.237361907958984,72.2269515991211
1239,90.03462219238281,18.17342185974121,71.86119842529297
1240,89.59504699707031,18.104419708251953,71.49063110351562
1241,89.14244079589844,18.0297908782959,71.1126480102539
1242,88.67975616455078,17.94944190979004,70.73031616210938
1243,88.21629333496094,17.86373519897461,70.3525619506836
1244,87.76557159423828,17.773414611816406,69.99215698242188
1245,87.3410415649414,17.679506301879883,69.66153717041016
1246,86.9521484375,17.583215713500977,69.36893463134766
1247,86.60257720947266,17.485788345336914,69.11679077148438
1248,86.29063415527344,17.388378143310547,68.90225982666016
1249,86.01028442382812,17.291889190673828,68.71839141845703
1250,85.75263977050781,17.196887969970703,68.55574798583984
1251,85.50809478759766,17.103561401367188,68.40453338623047
1252,85.2681884765625,17.011783599853516,68.25640106201172
1253,85.02599334716797,16.921188354492188,68.10480499267578
1254,84.77581787109375,16.831233978271484,67.944580078125
1255,84.51319885253906,16.741262435913086,67.77193450927734
1256,84.23582458496094,16.650489807128906,67.58533477783203
1257,83.94351959228516,16.558130264282227,67.38539123535156
1258,83.6372299194336,16.463472366333008,67.17375946044922
1259,83.3179931640625,16.365983963012695,66.95201110839844
1260,82.98684692382812,16.265390396118164,66.7214584350586
1261,82.64471435546875,16.161663055419922,66.48304748535156
1262,82.29196166992188,16.054996490478516,66.2369613647461
1263,81.92833709716797,15.94578742980957,65.98255157470703
1264,81.55397033691406,15.834628105163574,65.71934509277344
1265,81.17022705078125,15.722270011901855,65.44795989990234
1266,80.77957153320312,15.609601020812988,65.16996765136719
1267,80.38459777832031,15.497596740722656,64.88700103759766
1268,79.98822784423828,15.38729190826416,64.60093688964844
1269,79.59478759765625,15.27978801727295,64.31500244140625
1270,79.21062469482422,15.176237106323242,64.03438568115234
1271,78.84369659423828,15.077795028686523,63.765899658203125
1272,78.5023422241211,14.985507011413574,63.51683807373047
1273,78.19357299804688,14.900199890136719,63.29336929321289
1274,77.92039489746094,14.822409629821777,63.09798812866211
1275,77.67913818359375,14.752401351928711,62.92673873901367
1276,77.45869445800781,14.690224647521973,62.76846694946289
1277,77.24267578125,14.635729789733887,62.6069450378418
1278,77.01338958740234,14.588597297668457,62.42478942871094
1279,76.75558471679688,14.548301696777344,62.207279205322266
1280,76.45978546142578,14.514121055603027,61.94566345214844
1281,76.12471008300781,14.485166549682617,61.63954162597656
1282,75.75767517089844,14.460456848144531,61.29722213745117
1283,75.37216186523438,14.438987731933594,60.93317794799805
1284,74.98341369628906,14.419800758361816,60.56361389160156
1285,74.60423278808594,14.402045249938965,60.202186584472656
1286,74.24166870117188,14.385049819946289,59.85661697387695
1287,73.89490509033203,14.368343353271484,59.52656173706055
1288,73.55473327636719,14.351631164550781,59.203102111816406
1289,73.20610809326172,14.334697723388672,58.87141036987305
1290,72.83296203613281,14.317279815673828,58.51567840576172
1291,72.42326354980469,14.298993110656738,58.124267578125
1292,71.97264099121094,14.279338836669922,57.69329833984375
1293,71.48603057861328,14.257771492004395,57.2282600402832
1294,70.9774398803711,14.233739852905273,56.74369812011719
1295,70.4665756225586,14.206705093383789,56.25987243652344
1296,69.97380065917969,14.17613410949707,55.797664642333984
1297,69.51469421386719,14.141508102416992,55.37318801879883
1298,69.09701538085938,14.102339744567871,54.99467849731445
1299,68.7195816040039,14.058241844177246,54.661338806152344
1300,68.37310791015625,14.008978843688965,54.36412811279297
1301,68.04337310791016,13.954472541809082,54.088897705078125
1302,67.71612548828125,13.89483642578125,53.8212890625
1303,67.38190460205078,13.830376625061035,53.55152893066406
1304,67.03822326660156,13.761582374572754,53.27663803100586
1305,66.689208984375,13.68907642364502,53.00012969970703
1306,66.3435287475586,13.613512992858887,52.730018615722656
1307,66.01158142089844,13.53547477722168,52.47610855102539
1308,65.70204162597656,13.4554443359375,52.24659729003906
1309,65.41927337646484,13.373814582824707,52.04545974731445
1310,65.1629638671875,13.290935516357422,51.872032165527344
1311,64.92962646484375,13.207131385803223,51.72249221801758
1312,64.71428680419922,13.122672080993652,51.591617584228516
1313,64.5119857788086,13.037696838378906,51.47428894042969
1314,64.31912231445312,12.952197074890137,51.36692428588867
1315,64.1345443725586,12.866035461425781,51.26850891113281
1316,63.95946502685547,12.779006004333496,51.180458068847656
1317,63.79623794555664,12.690897941589355,51.10533905029297
1318,63.646995544433594,12.601571083068848,51.04542541503906
1319,63.51259994506836,12.511002540588379,51.0015983581543
1320,63.39150619506836,12.41934585571289,50.97216033935547
1321,63.27888488769531,12.326940536499023,50.951942443847656
1322,63.16731643676758,12.23430347442627,50.933013916015625
1323,63.04880905151367,12.142013549804688,50.906795501708984
1324,62.916961669921875,12.050688743591309,50.86627197265625
1325,62.767757415771484,11.960948944091797,50.80680847167969
1326,62.599708557128906,11.873456001281738,50.726253509521484
1327,62.413604736328125,11.788930892944336,50.624671936035156
1328,62.21188735961914,11.708106994628906,50.503780364990234
1329,61.9975471496582,11.63162899017334,50.36591720581055
1330,61.773590087890625,11.559930801391602,50.21365737915039
1331,61.54318618774414,11.493185997009277,50.04999923706055
1332,61.30973434448242,11.43130111694336,49.87843322753906
1333,61.07589340209961,11.373954772949219,49.70193862915039
1334,60.84270095825195,11.320652961730957,49.52204895019531
1335,60.60948181152344,11.270776748657227,49.338706970214844
1336,60.37451934814453,11.223654747009277,49.15086364746094
1337,60.13562774658203,11.178619384765625,48.957008361816406
1338,59.89136505126953,11.135054588317871,48.756309509277344
1339,59.642494201660156,11.09238052368164,48.550113677978516
1340,59.392601013183594,11.050048828125,48.342552185058594
1341,59.14734649658203,11.007585525512695,48.1397590637207
1342,58.91267776489258,10.964649200439453,47.948028564453125
1343,58.69347381591797,10.921113967895508,47.77235794067383
1344,58.49220275878906,10.877096176147461,47.615108489990234
1345,58.307647705078125,10.83289623260498,47.47475051879883
1346,58.13423156738281,10.788898468017578,47.345333099365234
1347,57.963096618652344,10.745485305786133,47.21760940551758
1348,57.78413772583008,10.702987670898438,47.08115005493164
1349,57.58821487426758,10.66168212890625,46.92653274536133
1350,57.369197845458984,10.621788024902344,46.74740982055664
1351,57.12580108642578,10.583453178405762,46.5423469543457
1352,56.862274169921875,10.546716690063477,46.31555938720703
1353,56.587215423583984,10.511497497558594,46.07571792602539
1354,56.311119079589844,10.477561950683594,45.83355712890625
1355,56.0441780090332,10.444493293762207,45.59968566894531
1356,55.79417419433594,10.41169261932373,45.38248062133789
1357,55.564727783203125,10.378412246704102,45.186317443847656
1358,55.3546028137207,10.34386157989502,45.0107421875
1359,55.15868377685547,10.307365417480469,44.851318359375
1360,54.97013854980469,10.268457412719727,44.70167922973633
1361,54.782615661621094,10.22692584991455,44.55569076538086
1362,54.592018127441406,10.182760238647461,44.40925979614258
1363,54.39800262451172,10.13611125946045,44.26189041137695
1364,54.20417785644531,10.087236404418945,44.116939544677734
1365,54.01650619506836,10.03653621673584,43.9799690246582
1366,53.840667724609375,9.984542846679688,43.85612487792969
1367,53.6799201965332,9.931896209716797,43.748023986816406
1368,53.53404235839844,9.87928581237793,43.654754638671875
1369,53.399009704589844,9.827380180358887,43.57162857055664
1370,53.268035888671875,9.77674674987793,43.49128723144531
1371,53.13349151611328,9.727781295776367,43.40570831298828
1372,52.98906326293945,9.6806640625,43.30839920043945
1373,52.83089828491211,9.635331153869629,43.1955680847168
1374,52.65796661376953,9.59153938293457,43.06642532348633
1375,52.472023010253906,9.548967361450195,42.923057556152344
1376,52.27703094482422,9.507302284240723,42.76972961425781
1377,52.077484130859375,9.466272354125977,42.611209869384766
1378,51.87690353393555,9.425623893737793,42.45127868652344
1379,51.67704391479492,9.385074615478516,42.291969299316406
1380,51.47801971435547,9.344330787658691,42.133689880371094
1381,51.27875900268555,9.303150177001953,41.975608825683594
1382,51.078086853027344,9.261421203613281,41.81666564941406
1383,50.87590408325195,9.219197273254395,41.656707763671875
1384,50.674034118652344,9.176679611206055,41.49735641479492
1385,50.475563049316406,9.134172439575195,41.341392517089844
1386,50.28364181518555,9.092041969299316,41.19160079956055
1387,50.10054397583008,9.050650596618652,41.04989242553711
1388,49.92717742919922,9.01032829284668,40.91685104370117
1389,49.76280975341797,8.971323013305664,40.79148483276367
1390,49.605403900146484,8.933826446533203,40.67157745361328
1391,49.45233154296875,8.897985458374023,40.55434799194336
1392,49.30097198486328,8.863931655883789,40.437042236328125
1393,49.148624420166016,8.831727027893066,40.316898345947266
1394,48.99244689941406,8.801294326782227,40.19115447998047
1395,48.829856872558594,8.772340774536133,40.05751419067383
1396,48.65892028808594,8.744368553161621,39.91455078125
1397,48.47822952270508,8.716757774353027,39.761470794677734
1398,48.286842346191406,8.688883781433105,39.597957611083984
1399,48.08432388305664,8.660195350646973,39.424129486083984
1400,47.8707389831543,8.630260467529297,39.240478515625
1401,47.64624786376953,8.598766326904297,39.047481536865234
1402,47.41114807128906,8.565519332885742,38.84562683105469
1403,47.1661491394043,8.530441284179688,38.63570785522461
1404,46.91253662109375,8.49355697631836,38.41897964477539
1405,46.65178680419922,8.454999923706055,38.19678497314453
1406,46.38540267944336,8.415020942687988,37.97038269042969
1407,46.11518096923828,8.37399959564209,37.741180419921875
1408,45.843406677246094,8.332412719726562,37.51099395751953
1409,45.573028564453125,8.290770530700684,37.282257080078125
1410,45.307838439941406,8.249499320983887,37.0583381652832
1411,45.0526008605957,8.2088623046875,36.8437385559082
1412,44.81239318847656,8.16893196105957,36.643463134765625
1413,44.591426849365234,8.129638671875,36.461788177490234
1414,44.391929626464844,8.090853691101074,36.30107498168945
1415,44.21367645263672,8.052427291870117,36.16124725341797
1416,44.053646087646484,8.014190673828125,36.03945541381836
1417,43.90640640258789,7.9759368896484375,35.93046951293945
1418,43.76535415649414,7.937432289123535,35.82792282104492
1419,43.62467956542969,7.898427963256836,35.726253509521484
1420,43.48077392578125,7.858701705932617,35.6220703125
1421,43.332881927490234,7.818092346191406,35.51478958129883
1422,43.183074951171875,7.776537895202637,35.40653610229492
1423,43.03517150878906,7.734097003936768,35.30107498168945
1424,42.892852783203125,7.6909379959106445,35.2019157409668
1425,42.757850646972656,7.647279262542725,35.110572814941406
1426,42.629215240478516,7.603301048278809,35.02591323852539
1427,42.50368118286133,7.559094429016113,34.94458770751953
1428,42.37669372558594,7.514671802520752,34.862022399902344
1429,42.24382019042969,7.470029354095459,34.7737922668457
1430,42.10233688354492,7.425187587738037,34.67715072631836
1431,41.95210647583008,7.380197048187256,34.5719108581543
1432,41.79530334472656,7.3350830078125,34.46022033691406
1433,41.63554382324219,7.289815902709961,34.34572982788086
1434,41.476871490478516,7.244287014007568,34.23258590698242
1435,41.322410583496094,7.198344707489014,34.12406539916992
1436,41.17313003540039,7.151832103729248,34.021297454833984
1437,41.027442932128906,7.104642868041992,33.92279815673828
1438,40.881935119628906,7.056762218475342,33.825172424316406
1439,40.73261642456055,7.0082926750183105,33.72432327270508
1440,40.57626724243164,6.959427356719971,33.61684036254883
1441,40.411746978759766,6.9104156494140625,33.5013313293457
1442,40.24044418334961,6.861483573913574,33.37895965576172
1443,40.06578826904297,6.812821865081787,33.252967834472656
1444,39.891841888427734,6.76460599899292,33.127235412597656
1445,39.722198486328125,6.717042446136475,33.005157470703125
1446,39.55923080444336,6.670367240905762,32.88886260986328
1447,39.403717041015625,6.624810218811035,32.778907775878906
1448,39.254920959472656,6.5805277824401855,32.67439270019531
1449,39.11136245727539,6.537547588348389,32.573814392089844
1450,38.97154235839844,6.495782852172852,32.47575759887695
1451,38.834415435791016,6.455070495605469,32.37934494018555
1452,38.69959259033203,6.415209770202637,32.28438186645508
1453,38.56751251220703,6.376013278961182,32.191497802734375
1454,38.439186096191406,6.337324619293213,32.10186004638672
1455,38.31533432006836,6.299030780792236,32.01630401611328
1456,38.195709228515625,6.261051177978516,31.934659957885742
1457,38.078895568847656,6.223315238952637,31.855581283569336
1458,37.962467193603516,6.185744762420654,31.776721954345703
1459,37.84355926513672,6.148307800292969,31.695253372192383
1460,37.71973419189453,6.111057758331299,31.608675003051758
1461,37.589744567871094,6.074177265167236,31.515565872192383
1462,37.453704833984375,6.037944316864014,31.415761947631836
1463,37.312591552734375,6.002655506134033,31.309934616088867
1464,37.167808532714844,5.968538284301758,31.199268341064453
1465,37.020938873291016,5.935723781585693,31.085214614868164
1466,36.873348236083984,5.904250144958496,30.969097137451172
1467,36.7261848449707,5.874095916748047,30.852088928222656
1468,36.580535888671875,5.8451948165893555,30.735340118408203
1469,36.43763732910156,5.817436695098877,30.62019920349121
1470,36.29872131347656,5.7906646728515625,30.508058547973633
1471,36.164764404296875,5.764655590057373,30.400108337402344
1472,36.036476135253906,5.739107608795166,30.297367095947266
1473,35.91415786743164,5.713648319244385,30.200510025024414
1474,35.79746627807617,5.687891483306885,30.109573364257812
1475,35.68541717529297,5.66151237487793,30.023906707763672
1476,35.57677459716797,5.63432502746582,29.94244956970215
1477,35.470298767089844,5.606301307678223,29.863998413085938
1478,35.36496353149414,5.577530860900879,29.787433624267578
1479,35.260162353515625,5.548162460327148,29.711999893188477
1480,35.155738830566406,5.51836633682251,29.637371063232422
1481,35.051578521728516,5.488348484039307,29.563228607177734
1482,34.94725799560547,5.4583587646484375,29.4888973236084
1483,34.84185028076172,5.428707122802734,29.41314125061035
1484,34.734100341796875,5.399720191955566,29.334379196166992
1485,34.62245559692383,5.371712684631348,29.250741958618164
1486,34.5053825378418,5.3449225425720215,29.160459518432617
1487,34.381961822509766,5.31948709487915,29.062475204467773
1488,34.25223922729492,5.295415878295898,28.956823348999023
1489,34.11737060546875,5.272622108459473,28.84474754333496
1490,33.97945022583008,5.250961780548096,28.72848892211914
1491,33.84123229980469,5.230284214019775,28.610946655273438
1492,33.7053108215332,5.210458278656006,28.494853973388672
1493,33.573272705078125,5.191333770751953,28.381938934326172
1494,33.445316314697266,5.172712802886963,28.272602081298828
1495,33.32057571411133,5.1543474197387695,28.166229248046875
1496,33.197593688964844,5.135983943939209,28.061609268188477
1497,33.07508087158203,5.117427825927734,27.95765495300293
1498,32.95262145996094,5.098590850830078,27.854028701782227
1499,32.830787658691406,5.079488277435303,27.751298904418945
1500,32.71064758300781,5.060212135314941,27.650436401367188
1501,32.593162536621094,5.040888786315918,27.552274703979492
1502,32.478607177734375,5.021643161773682,27.45696449279785
1503,32.3663330078125,5.002580642700195,27.363754272460938
1504,32.254669189453125,4.983792781829834,27.270875930786133
1505,32.14127731323242,4.965376853942871,27.175899505615234
1506,32.02391052246094,4.947454452514648,27.076454162597656
1507,31.90106773376465,4.930152893066406,26.970914840698242
1508,31.772438049316406,4.9135637283325195,26.858875274658203
1509,31.639179229736328,4.897680759429932,26.741498947143555
1510,31.50366973876953,4.882391929626465,26.621278762817383
1511,31.368663787841797,4.867514133453369,26.501150131225586
1512,31.236351013183594,4.852852821350098,26.38349723815918
1513,31.107885360717773,4.838257312774658,26.269628524780273
1514,30.983287811279297,4.823631763458252,26.159656524658203
1515,30.86171531677246,4.808916091918945,26.052799224853516
1516,30.742156982421875,4.794066429138184,25.948091506958008
1517,30.62407684326172,4.779057502746582,25.845020294189453
1518,30.507570266723633,4.763885498046875,25.743684768676758
1519,30.3931941986084,4.748598575592041,25.644596099853516
1520,30.281673431396484,4.733307838439941,25.548364639282227
1521,30.17364501953125,4.718192100524902,25.45545196533203
1522,30.06941795349121,4.7034735679626465,25.365943908691406
1523,29.968822479248047,4.689359664916992,25.279462814331055
1524,29.87128448486328,4.675986289978027,25.195297241210938
1525,29.776098251342773,4.663406848907471,25.11269187927246
1526,29.682401657104492,4.651609420776367,25.030792236328125
1527,29.589513778686523,4.640567302703857,24.948945999145508
1528,29.497026443481445,4.6302618980407715,24.866764068603516
1529,29.404861450195312,4.620666980743408,24.784194946289062
1530,29.312992095947266,4.611713886260986,24.701278686523438
1531,29.221431732177734,4.603270530700684,24.618162155151367
1532,29.130203247070312,4.595147132873535,24.535057067871094
1533,29.039283752441406,4.587136268615723,24.4521484375
1534,28.948711395263672,4.579050540924072,24.369661331176758
1535,28.85870361328125,4.5707550048828125,24.287948608398438
1536,28.769657135009766,4.562186241149902,24.207469940185547
1537,28.681842803955078,4.553330898284912,24.128511428833008
1538,28.59527587890625,4.544198036193848,24.05107879638672
1539,28.509624481201172,4.534787178039551,23.974836349487305
1540,28.42412567138672,4.525091171264648,23.89903450012207
1541,28.337635040283203,4.5151262283325195,23.822509765625
1542,28.248973846435547,4.504969120025635,23.74400520324707
1543,28.157350540161133,4.494752883911133,23.66259765625
1544,28.062570571899414,4.484630584716797,23.577939987182617
1545,27.96520233154297,4.4747233390808105,23.490478515625
1546,27.866493225097656,4.465093612670898,23.401399612426758
1547,27.767940521240234,4.45574426651001,23.312196731567383
1548,27.670705795288086,4.446646213531494,23.22406005859375
1549,27.575239181518555,4.437765598297119,23.137474060058594
1550,27.48138999938965,4.429080486297607,23.052309036254883
1551,27.388427734375,4.42056941986084,22.967859268188477
1552,27.295516967773438,4.412203311920166,22.88331413269043
1553,27.202030181884766,4.403921604156494,22.79810905456543
1554,27.107772827148438,4.395642280578613,22.712129592895508
1555,27.012916564941406,4.38728141784668,22.625635147094727
1556,26.917919158935547,4.378799915313721,22.539119720458984
1557,26.823387145996094,4.370228290557861,22.45315933227539
1558,26.72991943359375,4.361660957336426,22.36825942993164
1559,26.63779067993164,4.353198051452637,22.284591674804688
1560,26.546926498413086,4.344911098480225,22.202014923095703
1561,26.456954956054688,4.336813926696777,22.120140075683594
1562,26.367338180541992,4.328893661499023,22.03844451904297
1563,26.27766990661621,4.321131229400635,21.956539154052734
1564,26.188007354736328,4.313511848449707,21.874494552612305
1565,26.0988826751709,4.3060221672058105,21.79286003112793
1566,26.01104736328125,4.298617839813232,21.71242904663086
1567,25.925127029418945,4.291212558746338,21.633914947509766
1568,25.84149742126465,4.283662796020508,21.55783462524414
1569,25.760068893432617,4.27579927444458,21.484270095825195
1570,25.68034553527832,4.267465114593506,21.412879943847656
1571,25.601709365844727,4.258554935455322,21.343154907226562
1572,25.5235538482666,4.249034881591797,21.274518966674805
1573,25.445453643798828,4.2389235496521,21.20652961730957
1574,25.367244720458984,4.228245735168457,21.138999938964844
1575,25.289127349853516,4.217016696929932,21.072111129760742
1576,25.211477279663086,4.205238342285156,21.00623893737793
1577,25.134580612182617,4.192935943603516,20.9416446685791
1578,25.0584774017334,4.180178165435791,20.878299713134766
1579,24.9827880859375,4.167057514190674,20.815731048583984
1580,24.9067325592041,4.1536641120910645,20.753068923950195
1581,24.829376220703125,4.140047073364258,20.689329147338867
1582,24.750051498413086,4.12620735168457,20.623844146728516
1583,24.6685848236084,4.11210823059082,20.556476593017578
1584,24.585269927978516,4.0977067947387695,20.48756217956543
1585,24.500782012939453,4.082983493804932,20.41779899597168
1586,24.41595458984375,4.067957878112793,20.34799575805664
1587,24.33142852783203,4.052680015563965,20.27874755859375
1588,24.24756622314453,4.037200927734375,20.210365295410156
1589,24.164466857910156,4.021551609039307,20.142915725708008
1590,24.08203887939453,4.005755424499512,20.076282501220703
1591,24.000038146972656,3.9898576736450195,20.010181427001953
1592,23.918296813964844,3.9739632606506348,19.944334030151367
1593,23.83678436279297,3.958233118057251,19.878551483154297
1594,23.755624771118164,3.942845106124878,19.812780380249023
1595,23.675031661987305,3.927952289581299,19.747079849243164
1596,23.595352172851562,3.9136481285095215,19.681703567504883
1597,23.51696014404297,3.8999741077423096,19.616985321044922
1598,23.440208435058594,3.8869354724884033,19.553272247314453
1599,23.365413665771484,3.8745203018188477,19.49089241027832
1600,23.29277801513672,3.8627023696899414,19.430076599121094
1601,23.22225570678711,3.851437568664551,19.370819091796875
1602,23.153438568115234,3.840637683868408,19.312801361083984
1603,23.085651397705078,3.8301682472229004,19.255483627319336
1604,23.018070220947266,3.8198609352111816,19.198209762573242
1605,22.949846267700195,3.8095569610595703,19.140289306640625
1606,22.880353927612305,3.7991530895233154,19.081201553344727
1607,22.80931854248047,3.788626194000244,19.020692825317383
1608,22.73676300048828,3.7780187129974365,18.958744049072266
1609,22.662988662719727,3.7674078941345215,18.895580291748047
1610,22.5885066986084,3.7568721771240234,18.831634521484375
1611,22.513885498046875,3.746502637863159,18.767383575439453
1612,22.439470291137695,3.7364134788513184,18.70305633544922
1613,22.365293502807617,3.726750612258911,18.63854217529297
1614,22.29107666015625,3.717672109603882,18.57340431213379
1615,22.21633529663086,3.7093167304992676,18.50701904296875
1616,22.140670776367188,3.7017650604248047,18.438905715942383
1617,22.0640926361084,3.695019006729126,18.36907386779785
1618,21.98706817626953,3.6890058517456055,18.29806137084961
1619,21.91035270690918,3.6836063861846924,18.22674560546875
1620,21.834787368774414,3.678689956665039,18.156097412109375
1621,21.761011123657227,3.6741366386413574,18.08687400817871
1622,21.689311981201172,3.669832944869995,18.019479751586914
1623,21.619590759277344,3.6656572818756104,17.953933715820312
1624,21.551559448242188,3.661463737487793,17.890094757080078
1625,21.48485565185547,3.6571121215820312,17.827743530273438
1626,21.419153213500977,3.652505397796631,17.766647338867188
1627,21.354305267333984,3.647618293762207,17.706687927246094
1628,21.2904052734375,3.6424942016601562,17.647911071777344
1629,21.227651596069336,3.6372203826904297,17.590431213378906
1630,21.166202545166016,3.6318767070770264,17.534326553344727
1631,21.106035232543945,3.6265244483947754,17.479511260986328
1632,21.04680824279785,3.621197462081909,17.42561149597168
1633,20.987892150878906,3.615915298461914,17.371976852416992
1634,20.928565979003906,3.6106908321380615,17.317874908447266
1635,20.868276596069336,3.605537176132202,17.262739181518555
1636,20.806737899780273,3.600435972213745,17.206302642822266
1637,20.74396514892578,3.5953245162963867,17.148639678955078
1638,20.680246353149414,3.590078830718994,17.090167999267578
1639,20.616003036499023,3.584538698196411,17.031463623046875
1640,20.5516300201416,3.57854962348938,16.973079681396484
1641,20.487483978271484,3.572000503540039,16.915483474731445
1642,20.423795700073242,3.564828395843506,16.858966827392578
1643,20.36063003540039,3.5570006370544434,16.80362892150879
1644,20.297901153564453,3.5484938621520996,16.749406814575195
1645,20.235532760620117,3.53928804397583,16.696245193481445
1646,20.173465728759766,3.5293917655944824,16.644073486328125
1647,20.11171531677246,3.5188651084899902,16.592849731445312
1648,20.050418853759766,3.507823944091797,16.54259490966797
1649,19.989694595336914,3.4964241981506348,16.493270874023438
1650,19.929540634155273,3.4848294258117676,16.444711685180664
1651,19.86978530883789,3.4731762409210205,16.396608352661133
1652,19.81010627746582,3.4615585803985596,16.348546981811523
1653,19.750062942504883,3.4500348567962646,16.30002784729004
1654,19.689252853393555,3.4386544227600098,16.250598907470703
1655,19.627429962158203,3.4274721145629883,16.19995880126953
1656,19.564605712890625,3.416537284851074,16.148067474365234
1657,19.50101089477539,3.405871629714966,16.095138549804688
1658,19.43707847595215,3.39544939994812,16.041629791259766
1659,19.373281478881836,3.3852016925811768,15.988080024719238
1660,19.310009002685547,3.3750579357147217,15.934950828552246
1661,19.24749755859375,3.3649682998657227,15.882529258728027
1662,19.185916900634766,3.354926109313965,15.830991744995117
1663,19.12530517578125,3.3449573516845703,15.780346870422363
1664,19.065650939941406,3.335089683532715,15.730562210083008
1665,19.0068359375,3.3253421783447266,15.68149471282959
1666,18.94867706298828,3.3157200813293457,15.632957458496094
1667,18.890859603881836,3.3062362670898438,15.584623336791992
1668,18.833057403564453,3.296921730041504,15.536134719848633
1669,18.775033950805664,3.2878215312957764,15.487212181091309
1670,18.716659545898438,3.2789828777313232,15.437677383422852
1671,18.657886505126953,3.2704200744628906,15.387465476989746
1672,18.598773956298828,3.2621021270751953,15.336670875549316
1673,18.539386749267578,3.2539634704589844,15.285423278808594
1674,18.47977066040039,3.245936870574951,15.233834266662598
1675,18.419994354248047,3.2379813194274902,15.182012557983398
1676,18.360126495361328,3.2300829887390137,15.130043029785156
1677,18.300233840942383,3.222233295440674,15.07800006866455
1678,18.240385055541992,3.21440052986145,15.025984764099121
1679,18.18077278137207,3.2065305709838867,14.974242210388184
1680,18.121654510498047,3.1985597610473633,14.923093795776367
1681,18.06339454650879,3.190445899963379,14.87294864654541
1682,18.006351470947266,3.1821746826171875,14.824176788330078
1683,17.95073699951172,3.1737616062164307,14.77697467803955
1684,17.896455764770508,3.1652207374572754,14.73123550415039
1685,17.843191146850586,3.1565511226654053,14.686639785766602
1686,17.790468215942383,3.14772891998291,14.642739295959473
1687,17.73785972595215,3.1387219429016113,14.599138259887695
1688,17.685115814208984,3.129514455795288,14.555602073669434
1689,17.63222885131836,3.120117425918579,14.51211166381836
1690,17.57940101623535,3.1105544567108154,14.468847274780273
1691,17.526941299438477,3.100832223892212,14.426109313964844
1692,17.475160598754883,3.09092378616333,14.384237289428711
1693,17.424222946166992,3.0807766914367676,14.343445777893066
1694,17.374034881591797,3.0703396797180176,14.303695678710938
1695,17.324283599853516,3.059587240219116,14.264697074890137
1696,17.274513244628906,3.0485317707061768,14.225981712341309
1697,17.224271774291992,3.0371994972229004,14.187071800231934
1698,17.173309326171875,3.02561092376709,14.147698402404785
1699,17.12163543701172,3.013774871826172,14.10785961151123
1700,17.069507598876953,3.0017027854919434,14.067804336547852
1701,17.017269134521484,2.989421844482422,14.027846336364746
1702,16.965253829956055,2.9769883155822754,13.988265991210938
1703,16.913665771484375,2.9644856452941895,13.949179649353027
1704,16.862548828125,2.951991081237793,13.91055679321289
1705,16.81182289123535,2.9395527839660645,13.872269630432129
1706,16.761375427246094,2.9271812438964844,13.83419418334961
1707,16.711111068725586,2.914869785308838,13.796241760253906
1708,16.661046981811523,2.902622699737549,13.758424758911133
1709,16.611330032348633,2.8904716968536377,13.720857620239258
1710,16.562219619750977,2.8784613609313965,13.683758735656738
1711,16.513980865478516,2.8666255474090576,13.647356033325195
1712,16.466829299926758,2.8549716472625732,13.611857414245605
1713,16.42083740234375,2.8434903621673584,13.577346801757812
1714,16.37588119506836,2.8321754932403564,13.543704986572266
1715,16.331689834594727,2.821044921875,13.510644912719727
1716,16.287946701049805,2.8101372718811035,13.47780990600586
1717,16.244312286376953,2.7995033264160156,13.444809913635254
1718,16.20054817199707,2.7891759872436523,13.411372184753418
1719,16.156558990478516,2.7791666984558105,13.377391815185547
1720,16.11232566833496,2.7694716453552246,13.342854499816895
1721,16.067867279052734,2.7600905895233154,13.307777404785156
1722,16.023143768310547,2.7510457038879395,13.272098541259766
1723,15.978019714355469,2.7423644065856934,13.235654830932617
1724,15.932293891906738,2.7340641021728516,13.198229789733887
1725,15.88580322265625,2.726121187210083,13.159682273864746
1726,15.838541030883789,2.7184762954711914,13.120064735412598
1727,15.790630340576172,2.711055278778076,13.079575538635254
1728,15.742298126220703,2.7038049697875977,13.038493156433105
1729,15.693824768066406,2.6966962814331055,12.9971284866333
1730,15.645414352416992,2.6897201538085938,12.955694198608398
1731,15.59720230102539,2.682865619659424,12.914337158203125
1732,15.549276351928711,2.6761114597320557,12.873165130615234
1733,15.501668930053711,2.6694350242614746,12.832234382629395
1734,15.454404830932617,2.662830352783203,12.791574478149414
1735,15.407533645629883,2.6563215255737305,12.751212120056152
1736,15.361163139343262,2.6499507427215576,12.711212158203125
1737,15.315435409545898,2.6437578201293945,12.671677589416504
1738,15.270500183105469,2.637752056121826,12.6327486038208
1739,15.226473808288574,2.631901979446411,12.594572067260742
1740,15.183345794677734,2.6261510848999023,12.557194709777832
1741,15.140971183776855,2.6204442977905273,12.520526885986328
1742,15.099145889282227,2.6147427558898926,12.484403610229492
1743,15.057621002197266,2.6090140342712402,12.448607444763184
1744,15.016170501708984,2.6032156944274902,12.412954330444336
1745,14.974601745605469,2.597282886505127,12.377318382263184
1746,14.932760238647461,2.5911450386047363,12.341614723205566
1747,14.890522003173828,2.584746837615967,12.305774688720703
1748,14.847860336303711,2.5780677795410156,12.269792556762695
1749,14.804838180541992,2.571122884750366,12.233715057373047
1750,14.761613845825195,2.5639424324035645,12.197670936584473
1751,14.718390464782715,2.556558609008789,12.161831855773926
1752,14.675374984741211,2.5489907264709473,12.126384735107422
1753,14.632720947265625,2.541264057159424,12.09145736694336
1754,14.59048843383789,2.533421039581299,12.057066917419434
1755,14.548678398132324,2.525533676147461,12.023144721984863
1756,14.507204055786133,2.517679452896118,11.989524841308594
1757,14.465958595275879,2.5099213123321533,11.956037521362305
1758,14.424850463867188,2.502281665802002,11.922569274902344
1759,14.383891105651855,2.494745969772339,11.889144897460938
1760,14.343165397644043,2.487285614013672,11.855879783630371
1761,14.302835464477539,2.4798781871795654,11.822957038879395
1762,14.26305103302002,2.4725139141082764,11.790536880493164
1763,14.223841667175293,2.4651834964752197,11.758658409118652
1764,14.18509292602539,2.45786714553833,11.727226257324219
1765,14.146562576293945,2.4505324363708496,11.696029663085938
1766,14.107934951782227,2.4431538581848145,11.664780616760254
1767,14.068962097167969,2.435734272003174,11.633227348327637
1768,14.029521942138672,2.428309440612793,11.601212501525879
1769,13.989697456359863,2.4209375381469727,11.56875991821289
1770,13.949703216552734,2.4136734008789062,11.536029815673828
1771,13.909826278686523,2.4065496921539307,11.503276824951172
1772,13.870315551757812,2.3995776176452637,11.47073745727539
1773,13.831304550170898,2.392765522003174,11.438539505004883
1774,13.7927885055542,2.3861351013183594,11.40665340423584
1775,13.754677772521973,2.379715919494629,11.374961853027344
1776,13.716867446899414,2.373534917831421,11.343332290649414
1777,13.67929458618164,2.3675875663757324,11.311707496643066
1778,13.641992568969727,2.3618435859680176,11.280149459838867
1779,13.605047225952148,2.356257438659668,11.24878978729248
1780,13.568548202514648,2.3507943153381348,11.217754364013672
1781,13.532561302185059,2.34543514251709,11.187126159667969
1782,13.497047424316406,2.3401665687561035,11.156881332397461
1783,13.461851119995117,2.3349668979644775,11.126884460449219
1784,13.426769256591797,2.3297946453094482,11.09697437286377
1785,13.391593933105469,2.3246021270751953,11.066991806030273
1786,13.356191635131836,2.319356918334961,11.036834716796875
1787,13.320574760437012,2.3140554428100586,11.006519317626953
1788,13.284856796264648,2.3087220191955566,10.976134300231934
1789,13.249185562133789,2.3033905029296875,10.945795059204102
1790,13.213642120361328,2.298079490661621,10.915562629699707
1791,13.178256034851074,2.292787551879883,10.885468482971191
1792,13.142963409423828,2.2875075340270996,10.855456352233887
1793,13.107711791992188,2.2822413444519043,10.825470924377441
1794,13.072525024414062,2.2770047187805176,10.795519828796387
1795,13.037501335144043,2.2718141078948975,10.765686988830566
1796,13.002772331237793,2.266667366027832,10.736104965209961
1797,12.96850872039795,2.2615413665771484,10.7069673538208
1798,12.93481159210205,2.2564022541046143,10.678409576416016
1799,12.901686668395996,2.251232147216797,10.6504545211792
1800,12.869058609008789,2.2460341453552246,10.623024940490723
1801,12.836769104003906,2.2408268451690674,10.595942497253418
1802,12.804643630981445,2.235626697540283,10.569016456604004
1803,12.772542953491211,2.23042631149292,10.542116165161133
1804,12.74043083190918,2.225203037261963,10.515227317810059
1805,12.708296775817871,2.219933271408081,10.488363265991211
1806,12.67618179321289,2.214614152908325,10.461567878723145
1807,12.644110679626465,2.209261655807495,10.43484878540039
1808,12.612083435058594,2.2038955688476562,10.408187866210938
1809,12.580105781555176,2.1985204219818115,10.381585121154785
1810,12.548196792602539,2.193124294281006,10.355072021484375
1811,12.516422271728516,2.1876919269561768,10.328730583190918
1812,12.484809875488281,2.182220697402954,10.302589416503906
1813,12.453368186950684,2.1767241954803467,10.276643753051758
1814,12.422041893005371,2.1712207794189453,10.250821113586426
1815,12.390756607055664,2.165714740753174,10.225042343139648
1816,12.359447479248047,2.160187244415283,10.199260711669922
1817,12.328094482421875,2.1546101570129395,10.173483848571777
1818,12.296738624572754,2.1489639282226562,10.147774696350098
1819,12.265480995178223,2.1432580947875977,10.122222900390625
1820,12.23444938659668,2.137519359588623,10.096929550170898
1821,12.203727722167969,2.131779193878174,10.071948051452637
1822,12.17336654663086,2.126056432723999,10.047309875488281
1823,12.143316268920898,2.120354175567627,10.02296257019043
1824,12.113500595092773,2.114682197570801,9.998818397521973
1825,12.083853721618652,2.1090610027313232,9.97479248046875
1826,12.054365158081055,2.1035268306732178,9.950838088989258
1827,12.025086402893066,2.0981082916259766,9.92697811126709
1828,11.996125221252441,2.0928118228912354,9.903313636779785
1829,11.96757984161377,2.0876197814941406,9.879960060119629
1830,11.939468383789062,2.082509994506836,9.856958389282227
1831,11.911728858947754,2.077472686767578,9.834256172180176
1832,11.884204864501953,2.0725159645080566,9.811689376831055
1833,11.856683731079102,2.0676536560058594,9.789030075073242
1834,11.828983306884766,2.062887191772461,9.766096115112305
1835,11.801008224487305,2.0581960678100586,9.742812156677246
1836,11.772780418395996,2.05355167388916,9.719228744506836
1837,11.744382858276367,2.048933506011963,9.695448875427246
1838,11.715937614440918,2.0443384647369385,9.671599388122559
1839,11.687511444091797,2.039777994155884,9.647733688354492
1840,11.659120559692383,2.035259246826172,9.623861312866211
1841,11.630735397338867,2.030776262283325,9.599959373474121
1842,11.602341651916504,2.0263144969940186,9.576026916503906
1843,11.57392406463623,2.0218677520751953,9.552056312561035
1844,11.54554557800293,2.0174479484558105,9.528098106384277
1845,11.517287254333496,2.013075828552246,9.50421142578125
1846,11.489234924316406,2.008765697479248,9.480469703674316
1847,11.46147632598877,2.004507064819336,9.456969261169434
1848,11.434049606323242,2.0002689361572266,9.433780670166016
1849,11.40693473815918,1.9960179328918457,9.410917282104492
1850,11.380069732666016,1.9917367696762085,9.388333320617676
1851,11.353373527526855,1.987426519393921,9.365946769714355
1852,11.326774597167969,1.983095645904541,9.34367847442627
1853,11.30025577545166,1.9787465333938599,9.32150936126709
1854,11.273836135864258,1.9743708372116089,9.29946517944336
1855,11.247544288635254,1.9699620008468628,9.277582168579102
1856,11.221380233764648,1.965527057647705,9.255852699279785
1857,11.19534969329834,1.961090087890625,9.234259605407715
1858,11.169416427612305,1.9566768407821655,9.212739944458008
1859,11.143552780151367,1.9522974491119385,9.191255569458008
1860,11.117732048034668,1.9479386806488037,9.169793128967285
1861,11.091925621032715,1.9435781240463257,9.148347854614258
1862,11.06613540649414,1.9392004013061523,9.126935005187988
1863,11.040376663208008,1.9348081350326538,9.105568885803223
1864,11.014691352844238,1.9304134845733643,9.084278106689453
1865,10.989136695861816,1.926025152206421,9.063111305236816
1866,10.963759422302246,1.9216358661651611,9.042123794555664
1867,10.938586235046387,1.9172325134277344,9.021353721618652
1868,10.913637161254883,1.9128085374832153,9.000828742980957
1869,10.888900756835938,1.90837562084198,8.980525016784668
1870,10.86435604095459,1.903955340385437,8.960400581359863
1871,10.839951515197754,1.899564504623413,8.940386772155762
1872,10.815635681152344,1.8952059745788574,8.920429229736328
1873,10.791346549987793,1.8908703327178955,8.900476455688477
1874,10.767023086547852,1.8865522146224976,8.880471229553223
1875,10.742658615112305,1.8822606801986694,8.860398292541504
1876,10.718255996704102,1.8780128955841064,8.840243339538574
1877,10.693836212158203,1.8738198280334473,8.820015907287598
1878,10.669415473937988,1.8696705102920532,8.799744606018066
1879,10.645000457763672,1.8655328750610352,8.779467582702637
1880,10.620583534240723,1.861375093460083,8.759208679199219
1881,10.596184730529785,1.8571717739105225,8.739012718200684
1882,10.571831703186035,1.8529186248779297,8.718913078308105
1883,10.547584533691406,1.848613977432251,8.698970794677734
1884,10.523515701293945,1.8442530632019043,8.679262161254883
1885,10.499686241149902,1.839827299118042,8.659858703613281
1886,10.476118087768555,1.8353352546691895,8.640783309936523
1887,10.45279598236084,1.8307960033416748,8.621999740600586
1888,10.429655075073242,1.8262441158294678,8.603410720825195
1889,10.406620979309082,1.8217144012451172,8.584906578063965
1890,10.383635520935059,1.8172270059585571,8.566408157348633
1891,10.36065673828125,1.8127799034118652,8.547877311706543
1892,10.337672233581543,1.8083633184432983,8.529309272766113
1893,10.314677238464355,1.8039685487747192,8.510708808898926
1894,10.291694641113281,1.799597978591919,8.492096900939941
1895,10.268744468688965,1.7952544689178467,8.473489761352539
1896,10.245842933654785,1.7909290790557861,8.454914093017578
1897,10.222996711730957,1.7865993976593018,8.436397552490234
1898,10.200202941894531,1.7822391986846924,8.417963981628418
1899,10.177445411682129,1.777833104133606,8.399612426757812
1900,10.154727935791016,1.7733842134475708,8.381343841552734
1901,10.132064819335938,1.768904447555542,8.363160133361816
1902,10.10947036743164,1.7644011974334717,8.34506893157959
1903,10.086981773376465,1.7598737478256226,8.327108383178711
1904,10.064629554748535,1.755319356918335,8.309309959411621
1905,10.0424222946167,1.7507517337799072,8.291670799255371
1906,10.02036190032959,1.7461994886398315,8.274162292480469
1907,9.998414039611816,1.7417012453079224,8.256712913513184
1908,9.976532936096191,1.7372872829437256,8.239245414733887
1909,9.954649925231934,1.7329667806625366,8.221683502197266
1910,9.932746887207031,1.7287356853485107,8.204010963439941
1911,9.910835266113281,1.7245851755142212,8.186249732971191
1912,9.8889741897583,1.7205142974853516,8.16845989227295
1913,9.867254257202148,1.7165191173553467,8.150734901428223
1914,9.845720291137695,1.7125864028930664,8.133133888244629
1915,9.82437801361084,1.7086886167526245,8.115689277648926
1916,9.803165435791016,1.7047932147979736,8.098372459411621
1917,9.781998634338379,1.7008771896362305,8.081121444702148
1918,9.760799407958984,1.6969375610351562,8.063861846923828
1919,9.739518165588379,1.6929845809936523,8.046533584594727
1920,9.718154907226562,1.6890273094177246,8.02912712097168
1921,9.69677448272705,1.6850643157958984,8.011710166931152
1922,9.675458908081055,1.6810888051986694,7.994370460510254
1923,9.654288291931152,1.6770970821380615,7.977190971374512
1924,9.633302688598633,1.6731001138687134,7.960202217102051
1925,9.61250114440918,1.6691169738769531,7.943384647369385
1926,9.591865539550781,1.6651625633239746,7.926703453063965
1927,9.571364402770996,1.6612378358840942,7.910126209259033
1928,9.551006317138672,1.6573326587677002,7.893673419952393
1929,9.530821800231934,1.6534392833709717,7.877382278442383
1930,9.51081657409668,1.649558186531067,7.861258506774902
1931,9.491010665893555,1.6456935405731201,7.845317363739014
1932,9.471348762512207,1.6418437957763672,7.82950496673584
1933,9.451773643493652,1.6379926204681396,7.813781261444092
1934,9.432206153869629,1.6341153383255005,7.79809045791626
1935,9.412593841552734,1.630197525024414,7.782395839691162
1936,9.39292049407959,1.6262394189834595,7.76668119430542
1937,9.373190879821777,1.622259497642517,7.750931739807129
1938,9.353442192077637,1.6182760000228882,7.735166072845459
1939,9.333697319030762,1.6143038272857666,7.719393730163574
1940,9.313965797424316,1.6103487014770508,7.703617095947266
1941,9.294261932373047,1.6064205169677734,7.687841892242432
1942,9.274592399597168,1.6025363206863403,7.672056198120117
1943,9.254968643188477,1.5987167358398438,7.656251907348633
1944,9.235410690307617,1.5949738025665283,7.640437126159668
1945,9.215957641601562,1.5913023948669434,7.624654769897461
1946,9.196623802185059,1.5876848697662354,7.608938694000244
1947,9.177421569824219,1.5841081142425537,7.593313694000244
1948,9.158342361450195,1.580568790435791,7.577773094177246
1949,9.139379501342773,1.5770740509033203,7.562304973602295
1950,9.120503425598145,1.5736278295516968,7.546875953674316
1951,9.101702690124512,1.5702252388000488,7.531477451324463
1952,9.082962989807129,1.5668530464172363,7.516109943389893
1953,9.064286231994629,1.5635015964508057,7.500784873962402
1954,9.045680046081543,1.5601742267608643,7.4855055809021
1955,9.027138710021973,1.5568815469741821,7.47025728225708
1956,9.0086669921875,1.5536326169967651,7.4550347328186035
1957,8.990259170532227,1.5504246950149536,7.439834117889404
1958,8.971933364868164,1.547249674797058,7.424683570861816
1959,8.95370101928711,1.5441031455993652,7.409597396850586
1960,8.935559272766113,1.5409893989562988,7.3945698738098145
1961,8.917503356933594,1.5379189252853394,7.379584789276123
1962,8.899504661560059,1.5348907709121704,7.3646135330200195
1963,8.881521224975586,1.531890869140625,7.349630832672119
1964,8.863534927368164,1.5288939476013184,7.334641456604004
1965,8.845537185668945,1.5258769989013672,7.31965970993042
1966,8.827546119689941,1.5228302478790283,7.304716110229492
1967,8.809601783752441,1.5197540521621704,7.2898478507995605
1968,8.79175853729248,1.5166475772857666,7.275111198425293
1969,8.774046897888184,1.5135060548782349,7.260540962219238
1970,8.756481170654297,1.510321021080017,7.24616003036499
1971,8.73902702331543,1.5070958137512207,7.231931209564209
1972,8.721635818481445,1.5038409233093262,7.217795372009277
1973,8.704259872436523,1.5005745887756348,7.2036848068237305
1974,8.686869621276855,1.497304081916809,7.189565658569336
1975,8.669475555419922,1.4940241575241089,7.175451278686523
1976,8.652111053466797,1.4907217025756836,7.1613898277282715
1977,8.63481616973877,1.4873872995376587,7.147428512573242
1978,8.617608070373535,1.4840223789215088,7.1335859298706055
1979,8.60048770904541,1.4806324243545532,7.119854927062988
1980,8.583431243896484,1.4772197008132935,7.106211185455322
1981,8.566414833068848,1.4737792015075684,7.092635631561279
1982,8.549418449401855,1.4703010320663452,7.079117298126221
1983,8.532429695129395,1.4667837619781494,7.065646171569824
1984,8.515462875366211,1.4632351398468018,7.05222749710083
1985,8.498533248901367,1.459665060043335,7.038868427276611
1986,8.481664657592773,1.4560781717300415,7.0255866050720215
1987,8.464869499206543,1.4524669647216797,7.012402534484863
1988,8.448139190673828,1.4488260746002197,6.999312877655029
1989,8.431465148925781,1.445155382156372,6.986310005187988
1990,8.414825439453125,1.4414641857147217,6.973361492156982
1991,8.398216247558594,1.4377665519714355,6.96044921875
1992,8.381633758544922,1.4340680837631226,6.947566032409668
1993,8.365097999572754,1.4303653240203857,6.934732437133789
1994,8.348642349243164,1.4266483783721924,6.921993732452393
1995,8.332284927368164,1.4229148626327515,6.909370422363281
1996,8.316051483154297,1.4191720485687256,6.89687967300415
1997,8.29993724822998,1.4154287576675415,6.8845086097717285
1998,8.283931732177734,1.4116888046264648,6.872242450714111
1999,8.268001556396484,1.4079501628875732,6.860051155090332
2000,8.252123832702637,1.4042117595672607,6.847912311553955
2001,8.236275672912598,1.4004859924316406,6.835789680480957
2002,8.22044563293457,1.3967881202697754,6.823657512664795
2003,8.204632759094238,1.3931361436843872,6.811496257781982
2004,8.188833236694336,1.389534831047058,6.7992987632751465
2005,8.173041343688965,1.3859777450561523,6.7870635986328125
2006,8.157246589660645,1.3824570178985596,6.774789810180664
2007,8.141429901123047,1.378970980644226,6.7624592781066895
2008,8.125602722167969,1.375525712966919,6.750077247619629
2009,8.109789848327637,1.3721272945404053,6.737662315368652
2010,8.09404182434082,1.3687744140625,6.72526741027832
2011,8.078402519226074,1.3654628992080688,6.712939739227295
2012,8.062921524047852,1.3621904850006104,6.70073127746582
2013,8.04760456085205,1.3589651584625244,6.6886396408081055
2014,8.032437324523926,1.3557997941970825,6.676637172698975
2015,8.01738166809082,1.3527028560638428,6.664678573608398
2016,8.002401351928711,1.3496712446212769,6.6527299880981445
2017,7.987462997436523,1.3466956615447998,6.6407670974731445
2018,7.972557544708252,1.3437676429748535,6.628789901733398
2019,7.9576849937438965,1.3408876657485962,6.61679744720459
2020,7.942856311798096,1.338058590888977,6.604797840118408
2021,7.928073883056641,1.3352787494659424,6.592794895172119
2022,7.913332939147949,1.3325387239456177,6.580794334411621
2023,7.898617744445801,1.3298207521438599,6.5687971115112305
2024,7.8839240074157715,1.327113151550293,6.5568108558654785
2025,7.8692450523376465,1.3244085311889648,6.544836521148682
2026,7.8545942306518555,1.3217055797576904,6.532888412475586
2027,7.83998441696167,1.3189963102340698,6.5209879875183105
2028,7.8254241943359375,1.316267967224121,6.509156227111816
2029,7.81092643737793,1.3135088682174683,6.497417449951172
2030,7.7964911460876465,1.3107181787490845,6.485773086547852
2031,7.782129764556885,1.3079065084457397,6.4742231369018555
2032,7.767843246459961,1.305086374282837,6.462757110595703
2033,7.75363302230835,1.3022655248641968,6.451367378234863
2034,7.739484786987305,1.2994434833526611,6.4400410652160645
2035,7.725367546081543,1.2966172695159912,6.428750038146973
2036,7.711256980895996,1.2937897443771362,6.41746711730957
2037,7.697146415710449,1.2909672260284424,6.406179428100586
2038,7.6830339431762695,1.2881553173065186,6.394878387451172
2039,7.66893196105957,1.2853505611419678,6.383581161499023
2040,7.654870986938477,1.282545804977417,6.372325420379639
2041,7.640862941741943,1.2797331809997559,6.3611297607421875
2042,7.626911163330078,1.276916265487671,6.349994659423828
2043,7.613008499145508,1.2741036415100098,6.338904857635498
2044,7.599139213562012,1.2713000774383545,6.327839374542236
2045,7.585294723510742,1.2685022354125977,6.3167924880981445
2046,7.571483612060547,1.265702724456787,6.30578088760376
2047,7.557729721069336,1.2628997564315796,6.294829845428467
2048,7.544064998626709,1.2601017951965332,6.283963203430176
2049,7.530494213104248,1.257321834564209,6.273172378540039
2050,7.517031669616699,1.2545692920684814,6.262462139129639
2051,7.503658294677734,1.251847505569458,6.2518110275268555
2052,7.490353107452393,1.2491589784622192,6.241194248199463
2053,7.477087020874023,1.2465083599090576,6.230578422546387
2054,7.463858127593994,1.2439030408859253,6.219954967498779
2055,7.450657844543457,1.2413486242294312,6.209309101104736
2056,7.437483787536621,1.238840103149414,6.198643684387207
2057,7.424347400665283,1.2363642454147339,6.18798303604126
2058,7.411240577697754,1.233903169631958,6.177337169647217
2059,7.398157119750977,1.2314473390579224,6.166709899902344
2060,7.385100841522217,1.2289959192276,6.156105041503906
2061,7.372058868408203,1.2265477180480957,6.145511150360107
2062,7.35905122756958,1.2241002321243286,6.134951114654541
2063,7.346088409423828,1.2216472625732422,6.124441146850586
2064,7.3331804275512695,1.2191870212554932,6.1139936447143555
2065,7.320344924926758,1.2167242765426636,6.103620529174805
2066,7.307580947875977,1.2142705917358398,6.093310356140137
2067,7.294877052307129,1.211833119392395,6.083044052124023
2068,7.282224178314209,1.209412693977356,6.072811603546143
2069,7.269590377807617,1.2070066928863525,6.0625834465026855
2070,7.256976127624512,1.2046149969100952,6.052361011505127
2071,7.2443695068359375,1.2022422552108765,6.0421271324157715
2072,7.231784820556641,1.1998939514160156,6.031890869140625
2073,7.219232559204102,1.197570562362671,6.02166223526001
2074,7.206726551055908,1.1952592134475708,6.011467456817627
2075,7.194279193878174,1.1929467916488647,6.0013322830200195
2076,7.181891918182373,1.1906208992004395,5.991271018981934
2077,7.169559478759766,1.1882779598236084,5.981281757354736
2078,7.157269477844238,1.1859142780303955,5.971354961395264
2079,7.145014762878418,1.1835253238677979,5.961489677429199
2080,7.132798194885254,1.181102991104126,5.951694965362549
2081,7.120625972747803,1.178646206855774,5.941979885101318
2082,7.108505725860596,1.1761606931686401,5.932344913482666
2083,7.096442699432373,1.1736596822738647,5.922782897949219
2084,7.08442497253418,1.1711528301239014,5.913271903991699
2085,7.072436809539795,1.1686426401138306,5.903794288635254
2086,7.060455322265625,1.1661264896392822,5.894328594207764
2087,7.048474311828613,1.1636022329330444,5.884871959686279
2088,7.0364909172058105,1.1610713005065918,5.875419616699219
2089,7.024526596069336,1.1585395336151123,5.865987300872803
2090,7.012598991394043,1.156008005142212,5.85659122467041
2091,7.000732421875,1.153473973274231,5.847258567810059
2092,6.98893928527832,1.1509339809417725,5.838005065917969
2093,6.977210998535156,1.1483900547027588,5.828820705413818
2094,6.965538024902344,1.1458494663238525,5.81968879699707
2095,6.953906059265137,1.1433193683624268,5.810586929321289
2096,6.942307949066162,1.1408038139343262,5.801504135131836
2097,6.93074369430542,1.1382988691329956,5.792444705963135
2098,6.919219970703125,1.135802984237671,5.783416748046875
2099,6.9077348709106445,1.133320927619934,5.7744140625
2100,6.896295547485352,1.1308610439300537,5.765434265136719
2101,6.884899616241455,1.1284297704696655,5.7564697265625
2102,6.873537063598633,1.126028060913086,5.747509002685547
2103,6.862213134765625,1.1236517429351807,5.738561153411865
2104,6.850916862487793,1.12129807472229,5.729619026184082
2105,6.839653015136719,1.1189677715301514,5.720685005187988
2106,6.82841682434082,1.1166619062423706,5.71175479888916
2107,6.817212104797363,1.1143780946731567,5.702834129333496
2108,6.806041717529297,1.1121089458465576,5.693933010101318
2109,6.7949137687683105,1.1098493337631226,5.685064315795898
2110,6.783830642700195,1.1075981855392456,5.67623233795166
2111,6.772790908813477,1.1053626537322998,5.667428493499756
2112,6.761791706085205,1.1031503677368164,5.658641338348389
2113,6.750822067260742,1.1009653806686401,5.6498565673828125
2114,6.739885330200195,1.0988078117370605,5.641077518463135
2115,6.728971481323242,1.0966765880584717,5.632294654846191
2116,6.718084812164307,1.0945755243301392,5.623509407043457
2117,6.707231044769287,1.092507243156433,5.6147236824035645
2118,6.696413040161133,1.0904754400253296,5.605937480926514
2119,6.6856279373168945,1.0884766578674316,5.597151279449463
2120,6.674868583679199,1.08650541305542,5.588363170623779
2121,6.664127349853516,1.0845589637756348,5.579568386077881
2122,6.65339469909668,1.0826393365859985,5.570755481719971
2123,6.642669677734375,1.0807486772537231,5.561921119689941
2124,6.631958484649658,1.0788841247558594,5.553074359893799
2125,6.621277332305908,1.0770374536514282,5.5442399978637695
2126,6.6106438636779785,1.0751999616622925,5.5354437828063965
2127,6.600058555603027,1.0733667612075806,5.526691913604736
2128,6.5895209312438965,1.0715374946594238,5.517983436584473
2129,6.579030990600586,1.0697124004364014,5.509318828582764
2130,6.568572998046875,1.0678880214691162,5.50068473815918
2131,6.558157920837402,1.0660604238510132,5.4920973777771
2132,6.547784328460693,1.0642277002334595,5.483556747436523
2133,6.537458419799805,1.0623912811279297,5.475067138671875
2134,6.527180194854736,1.060554027557373,5.466626167297363
2135,6.516943454742432,1.0587143898010254,5.458229064941406
2136,6.506738662719727,1.056865930557251,5.4498724937438965
2137,6.496547698974609,1.0550004243850708,5.441547393798828
2138,6.486371040344238,1.0531134605407715,5.433257579803467
2139,6.476198196411133,1.0512053966522217,5.42499303817749
2140,6.466035842895508,1.04927659034729,5.416759014129639
2141,6.455896854400635,1.047325611114502,5.408571243286133
2142,6.445782661437988,1.0453479290008545,5.400434970855713
2143,6.435702800750732,1.0433415174484253,5.392361164093018
2144,6.425653457641602,1.0413075685501099,5.384346008300781
2145,6.415639877319336,1.0392508506774902,5.376389026641846
2146,6.405658721923828,1.0371755361557007,5.368483066558838
2147,6.395705223083496,1.0350821018218994,5.360622882843018
2148,6.385782718658447,1.0329712629318237,5.352811336517334
2149,6.375896453857422,1.0308480262756348,5.345048427581787
2150,6.366055488586426,1.028723120689392,5.337332248687744
2151,6.356267929077148,1.0266082286834717,5.329659938812256
2152,6.346534252166748,1.0245109796524048,5.322023391723633
2153,6.336854934692383,1.0224332809448242,5.314421653747559
2154,6.327211380004883,1.0203765630722046,5.306834697723389
2155,6.317594528198242,1.0183448791503906,5.299249649047852
2156,6.307987213134766,1.0163429975509644,5.291644096374512
2157,6.298392295837402,1.0143725872039795,5.284019947052002
2158,6.288809299468994,1.0124303102493286,5.276379108428955
2159,6.279245376586914,1.010511875152588,5.268733501434326
2160,6.269705295562744,1.0086151361465454,5.261090278625488
2161,6.260181427001953,1.006742000579834,5.253439426422119
2162,6.250667572021484,1.0048925876617432,5.245774745941162
2163,6.241158962249756,1.0030637979507446,5.238095283508301
2164,6.231657981872559,1.0012494325637817,5.230408668518066
2165,6.222170829772949,0.9994422793388367,5.222728729248047
2166,6.21270751953125,0.9976407885551453,5.215066909790039
2167,6.203279495239258,0.9958456754684448,5.207433700561523
2168,6.1938958168029785,0.9940584897994995,5.1998372077941895
2169,6.184556484222412,0.9922804236412048,5.1922760009765625
2170,6.175260543823242,0.9905116558074951,5.184748649597168
2171,6.165995121002197,0.98875492811203,5.177240371704102
2172,6.156765937805176,0.9870163202285767,5.169749736785889
2173,6.147564888000488,0.9853004217147827,5.162264347076416
2174,6.13839054107666,0.9836087226867676,5.154781818389893
2175,6.129247188568115,0.9819368720054626,5.147310256958008
2176,6.120131969451904,0.980280339717865,5.1398515701293945
2177,6.11104679107666,0.9786374568939209,5.132409572601318
2178,6.101990222930908,0.9770076870918274,5.1249823570251465
2179,6.092963218688965,0.9753901362419128,5.117573261260986
2180,6.08396053314209,0.9737809896469116,5.110179424285889
2181,6.074979305267334,0.972175121307373,5.102804183959961
2182,6.0660200119018555,0.9705684185028076,5.095451831817627
2183,6.057080268859863,0.9689618945121765,5.088118553161621
2184,6.0481696128845215,0.9673563241958618,5.080813407897949
2185,6.039280414581299,0.9657505750656128,5.0735297203063965
2186,6.030423164367676,0.9641411304473877,5.066282272338867
2187,6.0215911865234375,0.9625281691551208,5.059062957763672
2188,6.01278018951416,0.9609135985374451,5.05186653137207
2189,6.00398588180542,0.9593040347099304,5.044682025909424
2190,5.995213508605957,0.9577050805091858,5.037508487701416
2191,5.986459732055664,0.9561155438423157,5.030344009399414
2192,5.977732181549072,0.954534113407135,5.023198127746582
2193,5.96903657913208,0.9529596567153931,5.016077041625977
2194,5.960369110107422,0.9513915181159973,5.00897741317749
2195,5.951725959777832,0.9498293995857239,5.001896381378174
2196,5.943098068237305,0.9482698440551758,4.994828224182129
2197,5.934476375579834,0.9467082023620605,4.987768173217773
2198,5.92587423324585,0.9451414346694946,4.9807329177856445
2199,5.9172892570495605,0.9435701370239258,4.973719120025635
2200,5.908735752105713,0.9419988989830017,4.966736793518066
2201,5.900212287902832,0.9404290318489075,4.95978307723999
2202,5.891720771789551,0.9388607144355774,4.952859878540039
2203,5.883254051208496,0.937291145324707,4.945962905883789
2204,5.874807834625244,0.9357205629348755,4.939087390899658
2205,5.866377830505371,0.9341520071029663,4.932225704193115
2206,5.857962608337402,0.9325876235961914,4.925374984741211
2207,5.849569797515869,0.9310287833213806,4.918540954589844
2208,5.8412017822265625,0.9294745922088623,4.911727428436279
2209,5.832855701446533,0.9279242157936096,4.904931545257568
2210,5.824539661407471,0.9263796210289001,4.898159980773926
2211,5.816236972808838,0.9248443245887756,4.891392707824707
2212,5.807949542999268,0.9233187437057495,4.8846306800842285
2213,5.799676895141602,0.9217997193336487,4.877877235412598
2214,5.791415214538574,0.9202826023101807,4.8711323738098145
2215,5.783169746398926,0.9187669157981873,4.864402770996094
2216,5.7749409675598145,0.9172544479370117,4.857686519622803
2217,5.766741752624512,0.915747880935669,4.850993633270264
2218,5.758573532104492,0.914246678352356,4.844326972961426
2219,5.75044059753418,0.9127500057220459,4.837690830230713
2220,5.742335319519043,0.9112575650215149,4.831077575683594
2221,5.734254360198975,0.9097713232040405,4.8244829177856445
2222,5.726197242736816,0.9082940220832825,4.8179030418396
2223,5.7181572914123535,0.9068251848220825,4.8113322257995605
2224,5.71014404296875,0.9053614139556885,4.804782390594482
2225,5.702155590057373,0.9039005041122437,4.79825496673584
2226,5.694195747375488,0.9024428725242615,4.791752815246582
2227,5.68626594543457,0.9009909629821777,4.785274982452393
2228,5.678356647491455,0.8995481729507446,4.77880859375
2229,5.670461654663086,0.8981149196624756,4.7723469734191895
2230,5.6625776290893555,0.8966891765594482,4.765888214111328
2231,5.654701232910156,0.8952719569206238,4.759429454803467
2232,5.646834373474121,0.8938652276992798,4.752969264984131
2233,5.638978958129883,0.8924710750579834,4.7465081214904785
2234,5.631141185760498,0.8910890817642212,4.740052223205566
2235,5.623316764831543,0.8897151947021484,4.7336015701293945
2236,5.615506649017334,0.888348400592804,4.727158069610596
2237,5.607712745666504,0.8869884014129639,4.720724105834961
2238,5.599939346313477,0.8856371641159058,4.714302062988281
2239,5.592189311981201,0.8842929005622864,4.7078962326049805
2240,5.5844645500183105,0.8829516768455505,4.701512813568115
2241,5.576765060424805,0.8816089034080505,4.695156097412109
2242,5.569093227386475,0.880261242389679,4.688831806182861
2243,5.56143856048584,0.8789092898368835,4.682529449462891
2244,5.553808212280273,0.8775543570518494,4.676253795623779
2245,5.546189308166504,0.8761965036392212,4.669992923736572
2246,5.538586616516113,0.8748348951339722,4.663751602172852
2247,5.5309977531433105,0.8734716773033142,4.657526016235352
2248,5.523423671722412,0.8721135258674622,4.651309967041016
2249,5.515864849090576,0.8707643747329712,4.6451005935668945
2250,5.508327960968018,0.8694275617599487,4.638900279998779
2251,5.500804901123047,0.8681018948554993,4.632702827453613
2252,5.493310928344727,0.8667874932289124,4.626523494720459
2253,5.485834121704102,0.8654842376708984,4.620349884033203
2254,5.478378772735596,0.8641942143440247,4.614184379577637
2255,5.470941066741943,0.8629173040390015,4.608023643493652
2256,5.463520050048828,0.8616491556167603,4.601871013641357
2257,5.456118583679199,0.8603872060775757,4.595731258392334
2258,5.448739051818848,0.8591285943984985,4.589610576629639
2259,5.441377639770508,0.8578728437423706,4.583504676818848
2260,5.434035778045654,0.8566185235977173,4.577417373657227
2261,5.426705360412598,0.8553627729415894,4.571342468261719
2262,5.419386386871338,0.8541015386581421,4.565284729003906
2263,5.412079811096191,0.8528344631195068,4.5592451095581055
2264,5.404788017272949,0.8515645265579224,4.553223609924316
2265,5.397521495819092,0.8502944707870483,4.547226905822754
2266,5.390276908874512,0.8490250110626221,4.5412516593933105
2267,5.383060455322266,0.8477561473846436,4.535304069519043
2268,5.375863552093506,0.846488356590271,4.529375076293945
2269,5.368685245513916,0.8452215790748596,4.523463726043701
2270,5.361516952514648,0.843955934047699,4.517560958862305
2271,5.354361534118652,0.8426909446716309,4.5116705894470215
2272,5.3472161293029785,0.8414231538772583,4.50579309463501
2273,5.340085983276367,0.8401496410369873,4.499936580657959
2274,5.33297061920166,0.838869571685791,4.494101047515869
2275,5.32587194442749,0.8375848531723022,4.488286972045898
2276,5.318788051605225,0.8362954258918762,4.482492446899414
2277,5.311717987060547,0.835000216960907,4.476717948913574
2278,5.304664611816406,0.8336973786354065,4.4709672927856445
2279,5.29762077331543,0.8323860764503479,4.465234756469727
2280,5.290592670440674,0.8310674428939819,4.459525108337402
2281,5.28358268737793,0.8297446966171265,4.453837871551514
2282,5.27658748626709,0.8284194469451904,4.4481682777404785
2283,5.26961612701416,0.827094316482544,4.442521572113037
2284,5.2626633644104,0.825770914554596,4.436892509460449
2285,5.255732536315918,0.8244534134864807,4.431279182434082
2286,5.24881649017334,0.8231474161148071,4.425669193267822
2287,5.241914749145508,0.8218564987182617,4.420058250427246
2288,5.2350335121154785,0.8205803036689758,4.414453029632568
2289,5.228163242340088,0.8193172812461853,4.408845901489258
2290,5.221310138702393,0.8180674910545349,4.403242588043213
2291,5.214473247528076,0.8168326020240784,4.397640705108643
2292,5.207650661468506,0.81561279296875,4.392037868499756
2293,5.20084285736084,0.8144068717956543,4.3864359855651855
2294,5.194045066833496,0.8132117390632629,4.380833148956299
2295,5.1872639656066895,0.8120263814926147,4.375237464904785
2296,5.180499076843262,0.8108516931533813,4.36964750289917
2297,5.173752307891846,0.8096876740455627,4.364064693450928
2298,5.16702938079834,0.8085329532623291,4.35849666595459
2299,5.160323143005371,0.8073837757110596,4.352939128875732
2300,5.153632640838623,0.8062383532524109,4.3473944664001465
2301,5.146960258483887,0.8050994277000427,4.341860771179199
2302,5.14029598236084,0.8039693832397461,4.336326599121094
2303,5.133649826049805,0.8028497099876404,4.3308000564575195
2304,5.127016544342041,0.8017392754554749,4.325277328491211
2305,5.120396614074707,0.800637423992157,4.319759368896484
2306,5.1137847900390625,0.7995449304580688,4.314239978790283
2307,5.107184410095215,0.798463761806488,4.308720588684082
2308,5.100591659545898,0.7973933219909668,4.303198337554932
2309,5.094008922576904,0.7963305711746216,4.297678470611572
2310,5.087436676025391,0.7952735424041748,4.292162895202637
2311,5.080881595611572,0.7942212820053101,4.286660194396973
2312,5.074341773986816,0.7931767702102661,4.28116512298584
2313,5.067818641662598,0.7921398878097534,4.275678634643555
2314,5.061312198638916,0.7911090850830078,4.270203113555908
2315,5.054826736450195,0.7900810241699219,4.264745712280273
2316,5.0483574867248535,0.7890535593032837,4.259304046630859
2317,5.041906833648682,0.7880271077156067,4.253879547119141
2318,5.035470962524414,0.7870014309883118,4.248469352722168
2319,5.029048442840576,0.7859740257263184,4.243074417114258
2320,5.02264404296875,0.7849419116973877,4.237701892852783
2321,5.016254425048828,0.783905029296875,4.232349395751953
2322,5.009883880615234,0.7828657627105713,4.227017879486084
2323,5.003530025482178,0.7818264961242676,4.22170352935791
2324,4.997189044952393,0.7807875871658325,4.21640157699585
2325,4.990861892700195,0.7797472476959229,4.211114406585693
2326,4.984545707702637,0.7787041664123535,4.205841541290283
2327,4.978240013122559,0.7776592969894409,4.200580596923828
2328,4.971947193145752,0.7766141891479492,4.195333003997803
2329,4.965662002563477,0.775569498538971,4.19009256362915
2330,4.9593915939331055,0.7745222449302673,4.184869289398193
2331,4.953131675720215,0.7734721302986145,4.179659366607666
2332,4.9468865394592285,0.7724187970161438,4.17446756362915
2333,4.9406561851501465,0.7713651657104492,4.169291019439697
2334,4.934438705444336,0.7703116536140442,4.164126873016357
2335,4.9282402992248535,0.7692571878433228,4.15898323059082
2336,4.922057151794434,0.7681981325149536,4.1538591384887695
2337,4.915891170501709,0.7671354413032532,4.1487555503845215
2338,4.909741401672363,0.766071081161499,4.143670082092285
2339,4.903605937957764,0.7650076150894165,4.138598442077637
2340,4.897488594055176,0.7639440298080444,4.133544445037842
2341,4.891384601593018,0.7628797888755798,4.128504753112793
2342,4.8852949142456055,0.7618148326873779,4.123480319976807
2343,4.879217147827148,0.7607525587081909,4.118464469909668
2344,4.873148441314697,0.759695827960968,4.113452434539795
2345,4.867092609405518,0.7586424946784973,4.108449935913086
2346,4.861043930053711,0.7575929164886475,4.103451251983643
2347,4.855010032653809,0.7565476894378662,4.098462104797363
2348,4.848985195159912,0.7555092573165894,4.093475818634033
2349,4.84296989440918,0.7544808983802795,4.088489055633545
2350,4.836970329284668,0.7534621953964233,4.083508014678955
2351,4.8309760093688965,0.7524502873420715,4.078525543212891
2352,4.824993133544922,0.7514441013336182,4.073549270629883
2353,4.819028854370117,0.7504440546035767,4.06858491897583
2354,4.81307315826416,0.7494504451751709,4.06362247467041
2355,4.80712890625,0.7484613060951233,4.0586676597595215
2356,4.801201343536377,0.7474749684333801,4.0537261962890625
2357,4.795284271240234,0.7464902400970459,4.048793792724609
2358,4.7893805503845215,0.7455103993415833,4.043869972229004
2359,4.783493518829346,0.7445376515388489,4.0389556884765625
2360,4.777618885040283,0.7435731887817383,4.034045696258545
2361,4.771761894226074,0.7426155209541321,4.029146194458008
2362,4.765916347503662,0.741664469242096,4.024251937866211
2363,4.760079383850098,0.7407207489013672,4.0193586349487305
2364,4.754257678985596,0.739784836769104,4.014472961425781
2365,4.748445987701416,0.7388569712638855,4.009589195251465
2366,4.742648124694824,0.7379333972930908,4.004714488983154
2367,4.7368621826171875,0.7370107173919678,3.9998512268066406
2368,4.731090068817139,0.7360893487930298,3.9950008392333984
2369,4.7253313064575195,0.7351691722869873,3.9901621341705322
2370,4.719581127166748,0.7342487573623657,3.985332489013672
2371,4.713843822479248,0.733324408531189,3.9805195331573486
2372,4.708117485046387,0.7323942184448242,3.9757232666015625
2373,4.7024030685424805,0.7314589023590088,3.9709441661834717
2374,4.696702003479004,0.7305207848548889,3.9661810398101807
2375,4.691009521484375,0.7295817136764526,3.961427927017212
2376,4.685328483581543,0.7286409139633179,3.9566874504089355
2377,4.679660320281982,0.7277000546455383,3.951960325241089
2378,4.674001216888428,0.7267595529556274,3.9472415447235107
2379,4.6683549880981445,0.725823163986206,3.9425318241119385
2380,4.662722110748291,0.724892258644104,3.9378299713134766
2381,4.657098770141602,0.7239655256271362,3.933133125305176
2382,4.6514892578125,0.7230405211448669,3.9284486770629883
2383,4.64589262008667,0.7221194505691528,3.9237732887268066
2384,4.640308856964111,0.7212042212486267,3.919104814529419
2385,4.634733200073242,0.7202978134155273,3.914435625076294
2386,4.6291728019714355,0.7193969488143921,3.909775733947754
2387,4.623623847961426,0.7185012102127075,3.905122756958008
2388,4.618084907531738,0.7176098823547363,3.900474786758423
2389,4.612561225891113,0.7167240381240845,3.8958373069763184
2390,4.607046127319336,0.715843677520752,3.891202449798584
2391,4.601545333862305,0.7149661183357239,3.8865792751312256
2392,4.596051216125488,0.7140887975692749,3.881962299346924
2393,4.590569496154785,0.7132118940353394,3.8773577213287354
2394,4.585099220275879,0.7123379707336426,3.8727614879608154
2395,4.579639434814453,0.7114698886871338,3.8681693077087402
2396,4.574191093444824,0.7106050848960876,3.863586187362671
2397,4.56875467300415,0.7097422480583191,3.8590123653411865
2398,4.563327312469482,0.7088815569877625,3.8544459342956543
2399,4.557907581329346,0.7080250978469849,3.8498823642730713
2400,4.552501201629639,0.7071727514266968,3.8453285694122314
2401,4.547106742858887,0.7063217163085938,3.840784788131714
2402,4.541725158691406,0.7054708003997803,3.836254358291626
2403,4.536355972290039,0.7046188116073608,3.8317370414733887
2404,4.531003952026367,0.7037678956985474,3.8272361755371094
2405,4.525663375854492,0.7029178738594055,3.8227455615997314
2406,4.5203328132629395,0.7020673751831055,3.818265438079834
2407,4.515013694763184,0.7012140154838562,3.8137998580932617
2408,4.509705543518066,0.7003570795059204,3.8093485832214355
2409,4.5044097900390625,0.6994975805282593,3.8049120903015137
2410,4.499123573303223,0.6986372470855713,3.8004860877990723
2411,4.493849277496338,0.6977747678756714,3.796074390411377
2412,4.488584518432617,0.69691002368927,3.7916743755340576
2413,4.483328819274902,0.6960434317588806,3.787285327911377
2414,4.478085041046143,0.695178210735321,3.7829067707061768
2415,4.472848415374756,0.6943146586418152,3.778533935546875
2416,4.4676194190979,0.6934524774551392,3.7741668224334717
2417,4.462402820587158,0.6925904750823975,3.7698123455047607
2418,4.457195281982422,0.6917283535003662,3.7654671669006348
2419,4.451998233795166,0.6908673048019409,3.7611310482025146
2420,4.446810722351074,0.6900088787078857,3.7568020820617676
2421,4.441634654998779,0.6891527771949768,3.752481698989868
2422,4.436468601226807,0.68829745054245,3.748171091079712
2423,4.431313514709473,0.68744295835495,3.743870496749878
2424,4.426164627075195,0.6865906119346619,3.7395741939544678
2425,4.421032905578613,0.6857408881187439,3.7352921962738037
2426,4.415909290313721,0.6848913431167603,3.73101806640625
2427,4.4107985496521,0.6840407252311707,3.7267580032348633
2428,4.405701160430908,0.683189332485199,3.7225117683410645
2429,4.400611877441406,0.6823385953903198,3.718273401260376
2430,4.395532131195068,0.6814897656440735,3.7140424251556396
2431,4.390462875366211,0.6806437373161316,3.7098193168640137
2432,4.385403633117676,0.6798007488250732,3.7056031227111816
2433,4.380352973937988,0.6789615154266357,3.7013914585113525
2434,4.375314235687256,0.6781264543533325,3.697187662124634
2435,4.3702850341796875,0.6772987842559814,3.692986488342285
2436,4.365264415740967,0.6764763593673706,3.6887879371643066
2437,4.36025333404541,0.6756583452224731,3.6845951080322266
2438,4.355250358581543,0.6748441457748413,3.680406093597412
2439,4.35025691986084,0.6740344762802124,3.676222324371338
2440,4.345274925231934,0.6732298731803894,3.6720449924468994
2441,4.340301990509033,0.6724284291267395,3.6678733825683594
2442,4.3353376388549805,0.6716290712356567,3.6637086868286133
2443,4.330384254455566,0.6708316802978516,3.6595523357391357
2444,4.325443267822266,0.6700363159179688,3.655407190322876
2445,4.320509433746338,0.669243335723877,3.651266098022461
2446,4.315586090087891,0.668452799320221,3.6471331119537354
2447,4.310676097869873,0.6676641702651978,3.6430118083953857
2448,4.3057732582092285,0.666876494884491,3.6388967037200928
2449,4.300881385803223,0.6660915613174438,3.6347899436950684
2450,4.296000003814697,0.6653100848197937,3.630689859390259
2451,4.291126728057861,0.6645311117172241,3.6265957355499268
2452,4.286261081695557,0.6637523174285889,3.6225087642669678
2453,4.281404972076416,0.6629739999771118,3.6184308528900146
2454,4.27655553817749,0.662196934223175,3.61435866355896
2455,4.271712779998779,0.661421000957489,3.6102917194366455
2456,4.266882419586182,0.6606463193893433,3.606236219406128
2457,4.262062072753906,0.6598726511001587,3.602189302444458
2458,4.2572526931762695,0.6590996384620667,3.5981531143188477
2459,4.252449035644531,0.6583272218704224,3.5941216945648193
2460,4.247657775878906,0.6575572490692139,3.5901005268096924
2461,4.242873668670654,0.6567880511283875,3.586085557937622
2462,4.238099098205566,0.6560181379318237,3.5820810794830322
2463,4.233334541320801,0.6552459597587585,3.5780887603759766
2464,4.228579998016357,0.6544743776321411,3.5741055011749268
2465,4.223833084106445,0.6537032127380371,3.570129871368408
2466,4.219093322753906,0.65293288230896,3.5661604404449463
2467,4.214362144470215,0.6521626710891724,3.562199592590332
2468,4.209638595581055,0.6513940691947937,3.5582447052001953
2469,4.204925060272217,0.650627613067627,3.55429744720459
2470,4.20021915435791,0.649863600730896,3.5503554344177246
2471,4.195526599884033,0.6491028666496277,3.5464236736297607
2472,4.190840721130371,0.6483442783355713,3.5424962043762207
2473,4.186166763305664,0.6475870609283447,3.5385799407958984
2474,4.181502342224121,0.6468322277069092,3.534669876098633
2475,4.17684268951416,0.6460803747177124,3.5307624340057373
2476,4.172195911407471,0.645331084728241,3.526865005493164
2477,4.167553424835205,0.6445823311805725,3.5229709148406982
2478,4.162921905517578,0.6438350081443787,3.519087076187134
2479,4.158297061920166,0.6430896520614624,3.515207529067993
2480,4.153681755065918,0.6423459053039551,3.511335611343384
2481,4.149072647094727,0.6416041254997253,3.5074687004089355
2482,4.144472599029541,0.6408650875091553,3.5036075115203857
2483,4.139878749847412,0.6401294469833374,3.499749183654785
2484,4.1352949142456055,0.6393963694572449,3.495898723602295
2485,4.130719184875488,0.6386666893959045,3.4920523166656494
2486,4.126152992248535,0.6379401683807373,3.488212823867798
2487,4.121593475341797,0.6372148990631104,3.4843785762786865
2488,4.11704158782959,0.636490523815155,3.480551242828369
2489,4.1124982833862305,0.6357675790786743,3.4767305850982666
2490,4.107963562011719,0.6350452899932861,3.4729180335998535
2491,4.103438377380371,0.6343226432800293,3.4691154956817627
2492,4.098919868469238,0.633601188659668,3.4653189182281494
2493,4.0944132804870605,0.6328814625740051,3.4615318775177
2494,4.089912414550781,0.6321626305580139,3.457749843597412
2495,4.085422992706299,0.6314441561698914,3.4539787769317627
2496,4.080936908721924,0.6307256817817688,3.4502110481262207
2497,4.076460838317871,0.6300063133239746,3.4464542865753174
2498,4.071991920471191,0.6292847394943237,3.4427073001861572
2499,4.067531585693359,0.6285616159439087,3.438969850540161
2500,4.063080787658691,0.6278366446495056,3.43524432182312
2501,4.058638572692871,0.6271102428436279,3.4315285682678223
2502,4.054205417633057,0.626382052898407,3.427823305130005
2503,4.049777984619141,0.6256536841392517,3.424124240875244
2504,4.045360088348389,0.624924898147583,3.4204351902008057
2505,4.040948867797852,0.6241945624351501,3.4167542457580566
2506,4.0365447998046875,0.6234636902809143,3.413081169128418
2507,4.03214693069458,0.6227326989173889,3.409414291381836
2508,4.027759075164795,0.6220008134841919,3.4057583808898926
2509,4.023379802703857,0.6212679147720337,3.402111768722534
2510,4.01900577545166,0.6205352544784546,3.398470640182495
2511,4.014638423919678,0.6198036074638367,3.3948349952697754
2512,4.010279655456543,0.6190720796585083,3.391207695007324
2513,4.0059285163879395,0.6183411478996277,3.387587308883667
2514,4.001585960388184,0.6176106333732605,3.3839755058288574
2515,3.997251272201538,0.6168805956840515,3.380370616912842
2516,3.992924690246582,0.6161515712738037,3.3767731189727783
2517,3.9886069297790527,0.6154241561889648,3.373182773590088
2518,3.9842958450317383,0.6146982312202454,3.3695976734161377
2519,3.979992389678955,0.6139731407165527,3.3660192489624023
2520,3.9756946563720703,0.613249659538269,3.3624448776245117
2521,3.9714057445526123,0.6125290989875793,3.3588767051696777
2522,3.967125177383423,0.611810028553009,3.3553152084350586
2523,3.962850570678711,0.6110915541648865,3.3517589569091797
2524,3.9585840702056885,0.6103747487068176,3.3482093811035156
2525,3.954324722290039,0.6096610426902771,3.344663619995117
2526,3.950072765350342,0.6089497208595276,3.341123104095459
2527,3.945826292037964,0.608241081237793,3.337585210800171
2528,3.941589117050171,0.6075354218482971,3.3340537548065186
2529,3.937356472015381,0.6068322658538818,3.330524206161499
2530,3.933133840560913,0.606131374835968,3.32700252532959
2531,3.9289190769195557,0.6054330468177795,3.323486089706421
2532,3.9247100353240967,0.6047361493110657,3.319973945617676
2533,3.920508861541748,0.6040395498275757,3.316469192504883
2534,3.916316509246826,0.6033449769020081,3.312971591949463
2535,3.912128448486328,0.6026532649993896,3.3094751834869385
2536,3.907951831817627,0.6019650101661682,3.3059868812561035
2537,3.9037790298461914,0.6012798547744751,3.3024990558624268
2538,3.899615526199341,0.6005993485450745,3.299016237258911
2539,3.8954548835754395,0.5999242067337036,3.2955305576324463
2540,3.891305923461914,0.5992535352706909,3.2920525074005127
2541,3.887162685394287,0.5985869765281677,3.2885756492614746
2542,3.883026123046875,0.5979236364364624,3.285102367401123
2543,3.878896713256836,0.5972630381584167,3.2816336154937744
2544,3.874774932861328,0.5966037511825562,3.2781710624694824
2545,3.8706603050231934,0.5959464311599731,3.2747137546539307
2546,3.86655330657959,0.5952908992767334,3.2712624073028564
2547,3.862452983856201,0.5946351289749146,3.267817974090576
2548,3.858360767364502,0.5939784049987793,3.2643823623657227
2549,3.8542768955230713,0.5933220982551575,3.2609548568725586
2550,3.8501954078674316,0.5926661491394043,3.2575292587280273
2551,3.8461217880249023,0.5920087695121765,3.254112958908081
2552,3.8420543670654297,0.5913500785827637,3.250704288482666
2553,3.8379948139190674,0.5906906127929688,3.2473042011260986
2554,3.833940029144287,0.5900300741195679,3.2439098358154297
2555,3.8298912048339844,0.5893676280975342,3.24052357673645
2556,3.8258495330810547,0.5887035131454468,3.2371461391448975
2557,3.8218162059783936,0.5880362391471863,3.2337799072265625
2558,3.8177902698516846,0.5873658657073975,3.230424404144287
2559,3.8137705326080322,0.5866950154304504,3.2270755767822266
2560,3.8097589015960693,0.5860232710838318,3.2237355709075928
2561,3.8057515621185303,0.5853497982025146,3.2204017639160156
2562,3.8017537593841553,0.5846758484840393,3.2170779705047607
2563,3.7977633476257324,0.5840033292770386,3.2137598991394043
2564,3.7937753200531006,0.5833315253257751,3.2104437351226807
2565,3.7897963523864746,0.582660436630249,3.2071359157562256
2566,3.785825252532959,0.5819897651672363,3.2038354873657227
2567,3.7818603515625,0.5813204646110535,3.2005398273468018
2568,3.7779011726379395,0.5806531310081482,3.1972479820251465
2569,3.773949146270752,0.5799881219863892,3.1939611434936523
2570,3.7700016498565674,0.5793265700340271,3.1906750202178955
2571,3.7660603523254395,0.5786674618721008,3.1873929500579834
2572,3.762126922607422,0.5780113339424133,3.1841156482696533
2573,3.75819730758667,0.5773590803146362,3.180838108062744
2574,3.7542755603790283,0.5767111778259277,3.1775643825531006
2575,3.7503583431243896,0.5760655999183655,3.174292802810669
2576,3.746450901031494,0.5754224061965942,3.1710286140441895
2577,3.7425479888916016,0.5747820138931274,3.1677660942077637
2578,3.738654136657715,0.5741450786590576,3.1645090579986572
2579,3.734764575958252,0.5735112428665161,3.1612534523010254
2580,3.730882167816162,0.5728808641433716,3.158001184463501
2581,3.7270069122314453,0.5722525119781494,3.154754400253296
2582,3.7231364250183105,0.5716263055801392,3.151510000228882
2583,3.719273805618286,0.5710027813911438,3.148271083831787
2584,3.7154176235198975,0.5703826546669006,3.1450350284576416
2585,3.7115671634674072,0.56976318359375,3.1418039798736572
2586,3.7077226638793945,0.569145143032074,3.138577461242676
2587,3.7038846015930176,0.5685297250747681,3.135354995727539
2588,3.70005202293396,0.5679161548614502,3.1321358680725098
2589,3.6962265968322754,0.5673038363456726,3.128922700881958
2590,3.69240665435791,0.5666917562484741,3.1257150173187256
2591,3.6885933876037598,0.5660802721977234,3.1225130558013916
2592,3.684786081314087,0.5654685497283936,3.1193175315856934
2593,3.6809840202331543,0.5648583769798279,3.1161255836486816
2594,3.6771888732910156,0.5642482042312622,3.112940549850464
2595,3.67339825630188,0.5636376738548279,3.1097605228424072
2596,3.6696159839630127,0.5630274415016174,3.10658860206604
2597,3.6658382415771484,0.5624189376831055,3.103419303894043
2598,3.662064790725708,0.5618112683296204,3.1002535820007324
2599,3.658299207687378,0.5612027049064636,3.0970964431762695
2600,3.654543399810791,0.5605940222740173,3.093949317932129
2601,3.6507866382598877,0.5599860548973083,3.0908005237579346
2602,3.6470394134521484,0.5593787431716919,3.087660789489746
2603,3.643298864364624,0.5587728023529053,3.0845260620117188
2604,3.63956356048584,0.5581682920455933,3.081395149230957
2605,3.6358351707458496,0.5575650334358215,3.078270196914673
2606,3.6321120262145996,0.5569636225700378,3.075148344039917
2607,3.6283936500549316,0.5563651323318481,3.072028636932373
2608,3.624685287475586,0.5557683706283569,3.0689167976379395
2609,3.620978355407715,0.5551720857620239,3.0658061504364014
2610,3.617278575897217,0.5545767545700073,3.06270170211792
2611,3.6135849952697754,0.5539838075637817,3.059601068496704
2612,3.6098978519439697,0.5533936619758606,3.056504249572754
2613,3.6062161922454834,0.5528046488761902,3.0534114837646484
2614,3.6025400161743164,0.5522181987762451,3.0503218173980713
2615,3.598870038986206,0.5516345500946045,3.0472354888916016
2616,3.5952062606811523,0.5510536432266235,3.0441524982452393
2617,3.5915470123291016,0.5504757165908813,3.0410711765289307
2618,3.5878939628601074,0.5498999357223511,3.037993907928467
2619,3.5842480659484863,0.5493253469467163,3.0349228382110596
2620,3.580605983734131,0.5487532019615173,3.0318527221679688
2621,3.5769710540771484,0.5481835603713989,3.02878737449646
2622,3.5733389854431152,0.5476153492927551,3.025723695755005
2623,3.569715976715088,0.5470473766326904,3.0226686000823975
2624,3.5660948753356934,0.5464805364608765,3.0196142196655273
2625,3.5624828338623047,0.5459147691726685,3.0165679454803467
2626,3.5588746070861816,0.5453495979309082,3.0135250091552734
2627,3.5552730560302734,0.5447840690612793,3.010488986968994
2628,3.5516765117645264,0.5442195534706116,3.0074570178985596
2629,3.5480854511260986,0.5436555743217468,3.004429817199707
2630,3.544501781463623,0.5430933833122253,3.001408338546753
2631,3.5409226417541504,0.5425325632095337,2.998389959335327
2632,3.5373473167419434,0.5419721007347107,2.995375156402588
2633,3.533778667449951,0.5414119958877563,2.9923667907714844
2634,3.5302181243896484,0.5408528447151184,2.989365339279175
2635,3.5266594886779785,0.5402951240539551,2.9863643646240234
2636,3.523106575012207,0.5397371649742126,2.9833693504333496
2637,3.5195603370666504,0.539179801940918,2.9803805351257324
2638,3.516018867492676,0.5386232733726501,2.977395534515381
2639,3.512484073638916,0.5380677580833435,2.9744162559509277
2640,3.5089550018310547,0.5375128984451294,2.971442222595215
2641,3.505430221557617,0.536958634853363,2.9684715270996094
2642,3.5019121170043945,0.5364035367965698,2.965508460998535
2643,3.4983983039855957,0.5358477830886841,2.962550640106201
2644,3.494891405105591,0.5352926850318909,2.9595987796783447
2645,3.491389513015747,0.5347378253936768,2.9566516876220703
2646,3.487889528274536,0.534182071685791,2.953707456588745
2647,3.4843993186950684,0.5336261987686157,2.950773000717163
2648,3.480912446975708,0.5330712199211121,2.947841167449951
2649,3.4774322509765625,0.5325175523757935,2.9449145793914795
2650,3.473956346511841,0.5319645404815674,2.9419918060302734
2651,3.4704842567443848,0.5314131379127502,2.9390711784362793
2652,3.4670207500457764,0.5308635234832764,2.9361572265625
2653,3.463559865951538,0.530316174030304,2.933243751525879
2654,3.4601047039031982,0.5297725200653076,2.9303321838378906
2655,3.456655502319336,0.5292315483093262,2.9274239540100098
2656,3.4532110691070557,0.5286924242973328,2.924518585205078
2657,3.449772834777832,0.5281566381454468,2.9216160774230957
2658,3.4463391304016113,0.5276245474815369,2.9187145233154297
2659,3.4429121017456055,0.5270952582359314,2.9158167839050293
2660,3.439491033554077,0.5265686511993408,2.9129223823547363
2661,3.436073064804077,0.5260444283485413,2.9100286960601807
2662,3.432661294937134,0.5255230069160461,2.9071383476257324
2663,3.4292538166046143,0.5250045657157898,2.9042491912841797
2664,3.425851345062256,0.524488627910614,2.901362657546997
2665,3.422454357147217,0.5239745378494263,2.89847993850708
2666,3.4190640449523926,0.5234605073928833,2.8956034183502197
2667,3.415677309036255,0.5229480862617493,2.8927292823791504
2668,3.4122958183288574,0.5224372148513794,2.8898587226867676
2669,3.408918857574463,0.521926760673523,2.8869922161102295
2670,3.405548334121704,0.5214160084724426,2.8841323852539062
2671,3.4021830558776855,0.5209063291549683,2.8812766075134277
2672,3.3988232612609863,0.5203975439071655,2.8784255981445312
2673,3.3954672813415527,0.5198885798454285,2.8755786418914795
2674,3.3921170234680176,0.5193794965744019,2.872737407684326
2675,3.3887717723846436,0.5188694000244141,2.8699023723602295
2676,3.385430097579956,0.5183582305908203,2.8670718669891357
2677,3.382094144821167,0.51784747838974,2.8642466068267822
2678,3.37876558303833,0.5173363089561462,2.861429214477539
2679,3.3754403591156006,0.5168247818946838,2.8586156368255615
2680,3.372119426727295,0.5163133144378662,2.8558061122894287
2681,3.3688039779663086,0.5158029794692993,2.853001117706299
2682,3.365492820739746,0.5152939558029175,2.850198745727539
2683,3.3621878623962402,0.514785647392273,2.847402334213257
2684,3.3588874340057373,0.5142787098884583,2.844608783721924
2685,3.355593204498291,0.51377272605896,2.841820478439331
2686,3.3523025512695312,0.5132690668106079,2.839033365249634
2687,3.349017858505249,0.5127683281898499,2.836249589920044
2688,3.3457369804382324,0.5122694373130798,2.833467483520508
2689,3.342461347579956,0.5117715001106262,2.8306899070739746
2690,3.339191436767578,0.5112764239311218,2.8279149532318115
2691,3.3359267711639404,0.5107836723327637,2.8251430988311768
2692,3.332664728164673,0.5102929472923279,2.8223717212677
2693,3.3294076919555664,0.5098036527633667,2.81960391998291
2694,3.326157569885254,0.5093166828155518,2.816840887069702
2695,3.32291316986084,0.5088318586349487,2.8140811920166016
2696,3.319669485092163,0.5083498954772949,2.811319589614868
2697,3.316434383392334,0.5078702569007874,2.8085641860961914
2698,3.3132009506225586,0.5073927044868469,2.8058083057403564
2699,3.30997633934021,0.5069159865379333,2.803060293197632
2700,3.306753158569336,0.5064421892166138,2.8003110885620117
2701,3.303537368774414,0.5059704184532166,2.7975668907165527
2702,3.3003242015838623,0.5054997801780701,2.7948243618011475
2703,3.2971174716949463,0.5050305724143982,2.7920868396759033
2704,3.2939155101776123,0.5045642256736755,2.789351224899292
2705,3.290717124938965,0.5040994882583618,2.7866177558898926
2706,3.287524700164795,0.5036362409591675,2.783888578414917
2707,3.2843358516693115,0.5031733512878418,2.7811625003814697
2708,3.2811529636383057,0.5027106404304504,2.7784423828125
2709,3.277975082397461,0.5022485256195068,2.775726556777954
2710,3.2748003005981445,0.5017868280410767,2.7730133533477783
2711,3.27163028717041,0.5013251304626465,2.7703051567077637
2712,3.2684686183929443,0.5008633136749268,2.7676053047180176
2713,3.2653090953826904,0.5004028677940369,2.764906167984009
2714,3.2621519565582275,0.49994388222694397,2.7622079849243164
2715,3.2590038776397705,0.49948570132255554,2.7595181465148926
2716,3.255856513977051,0.4990276098251343,2.756828784942627
2717,3.252717971801758,0.49857041239738464,2.754147529602051
2718,3.249579429626465,0.49811407923698425,2.751465320587158
2719,3.246448516845703,0.4976586103439331,2.7487900257110596
2720,3.243321418762207,0.49720343947410583,2.7461180686950684
2721,3.2401986122131348,0.49674856662750244,2.743450164794922
2722,3.2370822429656982,0.4962947368621826,2.7407875061035156
2723,3.2339680194854736,0.49584248661994934,2.7381255626678467
2724,3.23085880279541,0.4953906536102295,2.7354681491851807
2725,3.2277565002441406,0.4949389696121216,2.7328174114227295
2726,3.2246551513671875,0.4944876730442047,2.7301673889160156
2727,3.2215614318847656,0.49403828382492065,2.7275230884552
2728,3.2184700965881348,0.49358993768692017,2.7248802185058594
2729,3.2153844833374023,0.4931424558162689,2.7222421169281006
2730,3.2123043537139893,0.49269622564315796,2.7196080684661865
2731,3.2092270851135254,0.4922512173652649,2.7169759273529053
2732,3.2061569690704346,0.491808146238327,2.714348793029785
2733,3.2030882835388184,0.4913664758205414,2.711721897125244
2734,3.200026750564575,0.4909258186817169,2.7091009616851807
2735,3.196967601776123,0.4904860854148865,2.706481456756592
2736,3.193913698196411,0.49004942178726196,2.703864336013794
2737,3.190864324569702,0.48961466550827026,2.701249599456787
2738,3.18782114982605,0.4891815781593323,2.6986396312713623
2739,3.1847803592681885,0.48874935507774353,2.696031093597412
2740,3.1817469596862793,0.48831918835639954,2.693427801132202
2741,3.17871356010437,0.4878911077976227,2.6908223628997803
2742,3.1756882667541504,0.4874647855758667,2.688223361968994
2743,3.1726651191711426,0.48703980445861816,2.6856253147125244
2744,3.1696462631225586,0.48661643266677856,2.683029890060425
2745,3.1666343212127686,0.4861961901187897,2.6804380416870117
2746,3.163626194000244,0.48577815294265747,2.6778481006622314
2747,3.1606204509735107,0.48536187410354614,2.6752586364746094
2748,3.1576218605041504,0.48494693636894226,2.6726748943328857
2749,3.1546263694763184,0.48453399538993835,2.6700923442840576
2750,3.1516337394714355,0.48412251472473145,2.667511224746704
2751,3.148648262023926,0.4837121367454529,2.664936065673828
2752,3.1456656455993652,0.4833025634288788,2.662363052368164
2753,3.1426868438720703,0.48289355635643005,2.6597933769226074
2754,3.139714479446411,0.48248639702796936,2.6572279930114746
2755,3.1367454528808594,0.48208028078079224,2.654665231704712
2756,3.1337790489196777,0.4816746115684509,2.652104377746582
2757,3.1308181285858154,0.48126885294914246,2.6495492458343506
2758,3.127864122390747,0.4808642566204071,2.6469998359680176
2759,3.124911069869995,0.48045986890792847,2.644451141357422
2760,3.1219632625579834,0.4800564646720886,2.64190673828125
2761,3.119021415710449,0.47965264320373535,2.639368772506714
2762,3.116082191467285,0.47924932837486267,2.6368329524993896
2763,3.113147497177124,0.4788472354412079,2.6343002319335938
2764,3.1102192401885986,0.47844642400741577,2.631772756576538
2765,3.107292890548706,0.4780466556549072,2.629246234893799
2766,3.1043715476989746,0.47764772176742554,2.6267237663269043
2767,3.1014535427093506,0.47725072503089905,2.6242027282714844
2768,3.0985403060913086,0.476855993270874,2.6216843128204346
2769,3.0956320762634277,0.4764627516269684,2.619169235229492
2770,3.092728614807129,0.4760711193084717,2.6166574954986572
2771,3.089827299118042,0.47568076848983765,2.6141464710235596
2772,3.0869321823120117,0.47529181838035583,2.611640453338623
2773,3.084040880203247,0.47490423917770386,2.6091365814208984
2774,3.0811538696289062,0.4745182991027832,2.606635570526123
2775,3.0782716274261475,0.47413328289985657,2.6041383743286133
2776,3.075392961502075,0.47374972701072693,2.6016433238983154
2777,3.0725183486938477,0.4733680784702301,2.5991501808166504
2778,3.0696487426757812,0.47298792004585266,2.596660852432251
2779,3.066781520843506,0.4726084768772125,2.594172954559326
2780,3.0639195442199707,0.4722304940223694,2.591689109802246
2781,3.061063051223755,0.47185343503952026,2.58920955657959
2782,3.0582096576690674,0.4714775085449219,2.5867321491241455
2783,3.0553603172302246,0.47110235691070557,2.5842578411102295
2784,3.0525150299072266,0.47072798013687134,2.581787109375
2785,3.0496740341186523,0.4703546166419983,2.579319477081299
2786,3.0468363761901855,0.469982385635376,2.5768539905548096
2787,3.0440051555633545,0.4696112275123596,2.5743939876556396
2788,3.04117488861084,0.4692406952381134,2.571934223175049
2789,3.038351058959961,0.4688699543476105,2.569481134414673
2790,3.0355305671691895,0.4685007631778717,2.5670297145843506
2791,3.032715320587158,0.4681324362754822,2.5645828247070312
2792,3.0299034118652344,0.4677644968032837,2.5621390342712402
2793,3.0270955562591553,0.4673977494239807,2.5596978664398193
2794,3.0242927074432373,0.46703267097473145,2.557260036468506
2795,3.021493673324585,0.4666692614555359,2.5548243522644043
2796,3.01869797706604,0.4663071036338806,2.5523908138275146
2797,3.01590633392334,0.4659462869167328,2.549960136413574
2798,3.013120174407959,0.46558618545532227,2.5475339889526367
2799,3.0103375911712646,0.4652274250984192,2.5451102256774902
2800,3.0075576305389404,0.46486926078796387,2.5426883697509766
2801,3.0047831535339355,0.4645119905471802,2.540271282196045
2802,3.0020110607147217,0.4641549289226532,2.537856101989746
2803,2.9992458820343018,0.46379899978637695,2.535446882247925
2804,2.99648380279541,0.4634438753128052,2.5330400466918945
2805,2.9937243461608887,0.46308988332748413,2.5306344032287598
2806,2.990969181060791,0.4627363681793213,2.5282328128814697
2807,2.9882194995880127,0.4623839259147644,2.5258355140686035
2808,2.9854722023010254,0.46203309297561646,2.5234391689300537
2809,2.982729196548462,0.46168380975723267,2.521045446395874
2810,2.979992389678955,0.46133583784103394,2.5186564922332764
2811,2.9772586822509766,0.4609886705875397,2.5162699222564697
2812,2.9745266437530518,0.46064311265945435,2.513883590698242
2813,2.971802234649658,0.46029895544052124,2.511503219604492
2814,2.969078779220581,0.4599558711051941,2.509122848510742
2815,2.966360330581665,0.4596136510372162,2.506746768951416
2816,2.9636471271514893,0.4592728018760681,2.5043742656707764
2817,2.9609360694885254,0.45893359184265137,2.502002477645874
2818,2.9582290649414062,0.45859581232070923,2.499633312225342
2819,2.955526828765869,0.45825883746147156,2.497267961502075
2820,2.9528300762176514,0.45792314410209656,2.4949069023132324
2821,2.9501352310180664,0.4575890302658081,2.4925460815429688
2822,2.947443723678589,0.4572559893131256,2.490187644958496
2823,2.944758892059326,0.45692354440689087,2.48783540725708
2824,2.9420745372772217,0.4565923511981964,2.4854822158813477
2825,2.939396619796753,0.45626288652420044,2.4831337928771973
2826,2.9367218017578125,0.45593494176864624,2.4807868003845215
2827,2.934049129486084,0.4556077718734741,2.4784412384033203
2828,2.9313836097717285,0.4552816152572632,2.476101875305176
2829,2.928720474243164,0.4549570083618164,2.4737634658813477
2830,2.9260611534118652,0.45463377237319946,2.4714274406433105
2831,2.9234066009521484,0.4543112516403198,2.469095230102539
2832,2.9207568168640137,0.4539889395236969,2.4667677879333496
2833,2.9181082248687744,0.4536682665348053,2.464439868927002
2834,2.915463924407959,0.45334839820861816,2.462115526199341
2835,2.9128270149230957,0.4530295729637146,2.4597973823547363
2836,2.9101908206939697,0.45271116495132446,2.45747971534729
2837,2.907557964324951,0.45239347219467163,2.4551644325256348
2838,2.904930353164673,0.4520767331123352,2.4528536796569824
2839,2.9023056030273438,0.4517607092857361,2.450544834136963
2840,2.8996846675872803,0.45144540071487427,2.448239326477051
2841,2.897068738937378,0.45113012194633484,2.4459385871887207
2842,2.894456386566162,0.45081621408462524,2.4436402320861816
2843,2.89184832572937,0.45050331950187683,2.441344976425171
2844,2.8892440795898438,0.450190931558609,2.4390530586242676
2845,2.8866422176361084,0.44987910985946655,2.436763048171997
2846,2.884044885635376,0.4495680034160614,2.434476852416992
2847,2.881450891494751,0.4492579400539398,2.4321930408477783
2848,2.878861904144287,0.4489489793777466,2.429912805557251
2849,2.8762764930725098,0.4486405551433563,2.427635908126831
2850,2.8736960887908936,0.4483329653739929,2.425363063812256
2851,2.8711161613464355,0.44802623987197876,2.4230899810791016
2852,2.8685426712036133,0.4477207064628601,2.4208219051361084
2853,2.865971565246582,0.447415828704834,2.418555736541748
2854,2.8634066581726074,0.44711196422576904,2.416294574737549
2855,2.860841751098633,0.4468097686767578,2.414031982421875
2856,2.8582828044891357,0.44650888442993164,2.411773920059204
2857,2.8557286262512207,0.4462093412876129,2.4095191955566406
2858,2.8531768321990967,0.44591063261032104,2.407266139984131
2859,2.8506276607513428,0.44561320543289185,2.4050145149230957
2860,2.8480849266052246,0.4453170895576477,2.4027678966522217
2861,2.845543384552002,0.4450221657752991,2.4005212783813477
2862,2.8430087566375732,0.44472795724868774,2.3982808589935303
2863,2.8404734134674072,0.44443416595458984,2.3960392475128174
2864,2.837944984436035,0.4441419541835785,2.393803119659424
2865,2.835420608520508,0.4438509941101074,2.3915696144104004
2866,2.8328990936279297,0.44356071949005127,2.389338493347168
2867,2.8303794860839844,0.44327104091644287,2.387108325958252
2868,2.8278658390045166,0.4429825246334076,2.384883403778076
2869,2.8253562450408936,0.4426952004432678,2.3826611042022705
2870,2.822849750518799,0.4424093961715698,2.3804402351379395
2871,2.820347547531128,0.4421243965625763,2.378223180770874
2872,2.817847728729248,0.4418410062789917,2.376006603240967
2873,2.81535267829895,0.441559374332428,2.373793363571167
2874,2.812859296798706,0.44127821922302246,2.3715810775756836
2875,2.810370445251465,0.4409986138343811,2.3693718910217285
2876,2.8078856468200684,0.44072023034095764,2.3671653270721436
2877,2.805406332015991,0.4404430091381073,2.3649632930755615
2878,2.802928924560547,0.4401666820049286,2.362762212753296
2879,2.800454616546631,0.4398912787437439,2.360563278198242
2880,2.7979843616485596,0.4396170675754547,2.3583672046661377
2881,2.795518159866333,0.4393434524536133,2.3561747074127197
2882,2.793053388595581,0.43907076120376587,2.35398268699646
2883,2.7905967235565186,0.4387984871864319,2.3517982959747314
2884,2.788141965866089,0.43852663040161133,2.3496153354644775
2885,2.78568959236145,0.43825626373291016,2.34743332862854
2886,2.783240795135498,0.4379860758781433,2.34525465965271
2887,2.780797004699707,0.43771639466285706,2.343080520629883
2888,2.778355360031128,0.43744808435440063,2.340907335281372
2889,2.775916814804077,0.4371805191040039,2.3387362957000732
2890,2.7734835147857666,0.4369141459465027,2.336569309234619
2891,2.7710540294647217,0.4366481602191925,2.3344058990478516
2892,2.768627882003784,0.4363831579685211,2.332244634628296
2893,2.766204357147217,0.4361189603805542,2.330085515975952
2894,2.7637839317321777,0.4358558654785156,2.327928066253662
2895,2.761369466781616,0.4355933666229248,2.3257761001586914
2896,2.7589569091796875,0.4353318214416504,2.323625087738037
2897,2.7565488815307617,0.43507158756256104,2.3214774131774902
2898,2.754143714904785,0.4348125457763672,2.319331169128418
2899,2.751741886138916,0.43455517292022705,2.3171868324279785
2900,2.749345302581787,0.43429842591285706,2.315046787261963
2901,2.746950149536133,0.4340435266494751,2.312906503677368
2902,2.7445590496063232,0.43379005789756775,2.3107690811157227
2903,2.7421724796295166,0.43353840708732605,2.308634042739868
2904,2.7397890090942383,0.4332880973815918,2.3065009117126465
2905,2.7374110221862793,0.4330388307571411,2.3043720722198486
2906,2.7350316047668457,0.43279093503952026,2.3022406101226807
2907,2.732661008834839,0.43254396319389343,2.300117015838623
2908,2.73028826713562,0.4322977662086487,2.297990560531616
2909,2.7279233932495117,0.4320521354675293,2.2958712577819824
2910,2.72556209564209,0.43180733919143677,2.293754816055298
2911,2.7232022285461426,0.4315631687641144,2.2916390895843506
2912,2.720845937728882,0.4313194155693054,2.2895264625549316
2913,2.718494415283203,0.4310762584209442,2.2874181270599365
2914,2.7161457538604736,0.43083348870277405,2.2853121757507324
2915,2.7138001918792725,0.43059173226356506,2.2832083702087402
2916,2.711458921432495,0.43035027384757996,2.2811086177825928
2917,2.7091212272644043,0.43010926246643066,2.2790119647979736
2918,2.7067880630493164,0.42986854910850525,2.2769196033477783
2919,2.7044551372528076,0.4296286702156067,2.2748265266418457
2920,2.7021284103393555,0.429389625787735,2.2727386951446533
2921,2.6998038291931152,0.4291507303714752,2.270653009414673
2922,2.6974823474884033,0.4289117753505707,2.2685706615448
2923,2.6951658725738525,0.4286736845970154,2.2664921283721924
2924,2.6928515434265137,0.42843663692474365,2.2644150257110596
2925,2.690542459487915,0.42819976806640625,2.262342691421509
2926,2.68823504447937,0.42796292901039124,2.2602720260620117
2927,2.6859323978424072,0.42772728204727173,2.2582051753997803
2928,2.6836323738098145,0.4274930953979492,2.2561392784118652
2929,2.681334972381592,0.4272591471672058,2.254075765609741
2930,2.679042100906372,0.4270262122154236,2.2520158290863037
2931,2.676752805709839,0.4267943799495697,2.2499585151672363
2932,2.6744656562805176,0.4265643358230591,2.247901201248169
2933,2.672182083129883,0.42633533477783203,2.245846748352051
2934,2.669903516769409,0.42610645294189453,2.2437970638275146
2935,2.6676275730133057,0.4258792996406555,2.241748332977295
2936,2.6653554439544678,0.4256533980369568,2.239701986312866
2937,2.663084030151367,0.42542794346809387,2.2376561164855957
2938,2.6608188152313232,0.4252026379108429,2.2356162071228027
2939,2.6585559844970703,0.4249782860279083,2.2335777282714844
2940,2.6562960147857666,0.42475536465644836,2.2315406799316406
2941,2.6540422439575195,0.4245332181453705,2.229509115219116
2942,2.651787519454956,0.4243113398551941,2.227476119995117
2943,2.649538993835449,0.42409002780914307,2.2254490852355957
2944,2.6472928524017334,0.4238705337047577,2.2234222888946533
2945,2.6450510025024414,0.42365169525146484,2.2213993072509766
2946,2.642813205718994,0.4234332740306854,2.2193799018859863
2947,2.640575885772705,0.42321550846099854,2.217360496520996
2948,2.638343334197998,0.4229997396469116,2.215343475341797
2949,2.6361143589019775,0.4227848947048187,2.213329553604126
2950,2.6338884830474854,0.4225706160068512,2.211317777633667
2951,2.6316676139831543,0.4223567247390747,2.20931077003479
2952,2.6294469833374023,0.4221438765525818,2.207303047180176
2953,2.6272313594818115,0.4219319820404053,2.2052993774414062
2954,2.625018835067749,0.42172008752822876,2.203298807144165
2955,2.622809886932373,0.42150890827178955,2.201301097869873
2956,2.620603561401367,0.42129820585250854,2.199305295944214
2957,2.618401050567627,0.4210886061191559,2.197312355041504
2958,2.616201877593994,0.4208793342113495,2.1953225135803223
2959,2.6140053272247314,0.42066994309425354,2.1933352947235107
2960,2.611812114715576,0.4204617142677307,2.1913504600524902
2961,2.609623432159424,0.4202542304992676,2.1893692016601562
2962,2.6074371337890625,0.4200470745563507,2.187390089035034
2963,2.605255603790283,0.4198405146598816,2.185415029525757
2964,2.603074789047241,0.4196346402168274,2.1834402084350586
2965,2.600897789001465,0.4194300174713135,2.1814677715301514
2966,2.598723888397217,0.4192260503768921,2.1794979572296143
2967,2.596554756164551,0.4190222918987274,2.177532434463501
2968,2.594388961791992,0.41881901025772095,2.175570011138916
2969,2.5922255516052246,0.4186168313026428,2.1736087799072266
2970,2.5900652408599854,0.4184153079986572,2.171649932861328
2971,2.5879077911376953,0.4182143211364746,2.1696934700012207
2972,2.585754871368408,0.41801393032073975,2.167740821838379
2973,2.5836052894592285,0.4178144931793213,2.1657907962799072
2974,2.5814573764801025,0.41761595010757446,2.163841485977173
2975,2.579312324523926,0.4174179434776306,2.1618943214416504
2976,2.5771725177764893,0.41722017526626587,2.159952402114868
2977,2.575035333633423,0.4170238971710205,2.1580114364624023
2978,2.5729002952575684,0.41682925820350647,2.1560709476470947
2979,2.5707688331604004,0.4166352152824402,2.1541335582733154
2980,2.5686402320861816,0.41644203662872314,2.152198076248169
2981,2.5665171146392822,0.41625022888183594,2.1502668857574463
2982,2.5643935203552246,0.4160591661930084,2.148334264755249
2983,2.5622761249542236,0.4158689081668854,2.146407127380371
2984,2.5601613521575928,0.41567888855934143,2.144482374191284
2985,2.558048963546753,0.415489137172699,2.142559766769409
2986,2.555940628051758,0.4153006374835968,2.1406400203704834
2987,2.553832530975342,0.41511255502700806,2.1387200355529785
2988,2.5517306327819824,0.4149250388145447,2.136805534362793
2989,2.549631118774414,0.41473764181137085,2.1348934173583984
2990,2.547534942626953,0.4145509600639343,2.132983922958374
2991,2.545442819595337,0.4143649935722351,2.131077766418457
2992,2.5433506965637207,0.41417956352233887,2.129171133041382
2993,2.541264533996582,0.4139944314956665,2.127269983291626
2994,2.539180278778076,0.41380974650382996,2.125370502471924
2995,2.5370993614196777,0.4136260747909546,2.1234734058380127
2996,2.5350217819213867,0.4134429097175598,2.1215789318084717
2997,2.5329463481903076,0.41325974464416504,2.1196866035461426
2998,2.5308749675750732,0.41307663917541504,2.117798328399658
2999,2.5288076400756836,0.41289442777633667,2.115913152694702
3000,2.5267415046691895,0.41271254420280457,2.1140289306640625
3001,2.524679660797119,0.412530779838562,2.1121490001678467
3002,2.522620439529419,0.4123494625091553,2.1102709770202637
3003,2.520564079284668,0.41216909885406494,2.1083948612213135
3004,2.51850962638855,0.4119894504547119,2.106520175933838
3005,2.5164618492126465,0.411810040473938,2.104651689529419
3006,2.5144152641296387,0.41163143515586853,2.1027839183807373
3007,2.512371063232422,0.4114537239074707,2.100917339324951
3008,2.510329484939575,0.41127723455429077,2.0990521907806396
3009,2.5082929134368896,0.4111010432243347,2.09719181060791
3010,2.5062568187713623,0.41092556715011597,2.0953311920166016
3011,2.504225015640259,0.4107511639595032,2.0934739112854004
3012,2.5021965503692627,0.41057783365249634,2.091618776321411
3013,2.5001721382141113,0.41040486097335815,2.0897672176361084
3014,2.4981486797332764,0.41023215651512146,2.087916612625122
3015,2.496128797531128,0.4100606143474579,2.0860681533813477
3016,2.494112491607666,0.4098898768424988,2.0842225551605225
3017,2.4920997619628906,0.4097197651863098,2.0823800563812256
3018,2.490088701248169,0.4095504879951477,2.080538272857666
3019,2.4880824089050293,0.4093816876411438,2.0787007808685303
3020,2.486076831817627,0.4092141091823578,2.0768628120422363
3021,2.4840750694274902,0.4090472161769867,2.0750279426574707
3022,2.482076406478882,0.4088805317878723,2.0731959342956543
3023,2.480081081390381,0.40871480107307434,2.071366310119629
3024,2.478088617324829,0.40855035185813904,2.0695383548736572
3025,2.4760982990264893,0.40838614106178284,2.0677120685577393
3026,2.4741132259368896,0.40822213888168335,2.0658910274505615
3027,2.47212815284729,0.40805894136428833,2.0640692710876465
3028,2.470146894454956,0.4078962802886963,2.0622506141662598
3029,2.468169927597046,0.40773436427116394,2.0604355335235596
3030,2.466195583343506,0.4075722098350525,2.0586233139038086
3031,2.464223623275757,0.40741103887557983,2.0568125247955322
3032,2.4622554779052734,0.4072507619857788,2.055004596710205
3033,2.4602887630462646,0.4070907235145569,2.0531980991363525
3034,2.458324432373047,0.4069310426712036,2.0513932704925537
3035,2.4563660621643066,0.40677201747894287,2.049593925476074
3036,2.45440936088562,0.4066137671470642,2.047795534133911
3037,2.452453136444092,0.4064558744430542,2.045997381210327
3038,2.450502395629883,0.40629836916923523,2.044203996658325
3039,2.448554039001465,0.40614160895347595,2.042412519454956
3040,2.4466071128845215,0.4059852361679077,2.040621757507324
3041,2.44466495513916,0.40582945942878723,2.0388355255126953
3042,2.4427261352539062,0.40567368268966675,2.0370523929595947
3043,2.4407899379730225,0.4055185317993164,2.035271406173706
3044,2.438854932785034,0.4053647518157959,2.0334901809692383
3045,2.4369237422943115,0.40521103143692017,2.031712770462036
3046,2.4349942207336426,0.4050571620464325,2.0299370288848877
3047,2.4330716133117676,0.40490424633026123,2.028167247772217
3048,2.4311470985412598,0.4047519862651825,2.026395082473755
3049,2.4292266368865967,0.4046001434326172,2.0246264934539795
3050,2.42730975151062,0.4044480621814728,2.0228617191314697
3051,2.4253971576690674,0.4042971134185791,2.0211000442504883
3052,2.423485517501831,0.40414756536483765,2.0193378925323486
3053,2.421577215194702,0.4039987027645111,2.017578601837158
3054,2.4196724891662598,0.4038497805595398,2.015822649002075
3055,2.417768716812134,0.4037022590637207,2.014066457748413
3056,2.4158694744110107,0.4035554528236389,2.0123140811920166
3057,2.4139721393585205,0.40340885519981384,2.010563373565674
3058,2.4120779037475586,0.40326231718063354,2.0088155269622803
3059,2.4101877212524414,0.4031161367893219,2.0070714950561523
3060,2.4082977771759033,0.40297117829322815,2.005326509475708
3061,2.4064114093780518,0.40282654762268066,2.003584861755371
3062,2.404528856277466,0.4026813805103302,2.001847505569458
3063,2.4026496410369873,0.40253713726997375,2.000112533569336
3064,2.4007720947265625,0.4023936986923218,1.9983783960342407
3065,2.398897171020508,0.40224993228912354,1.9966472387313843
3066,2.397024154663086,0.4021059274673462,1.9949183464050293
3067,2.395155191421509,0.4019632637500763,1.9931918382644653
3068,2.3932881355285645,0.40182092785835266,1.9914671182632446
3069,2.3914241790771484,0.40167903900146484,1.9897451400756836
3070,2.38956356048584,0.40153706073760986,1.9880266189575195
3071,2.3877062797546387,0.4013959765434265,1.9863102436065674
3072,2.3858511447906494,0.401255339384079,1.9845958948135376
3073,2.383997678756714,0.40111464262008667,1.9828829765319824
3074,2.3821475505828857,0.4009740948677063,1.9811733961105347
3075,2.380300283432007,0.4008345305919647,1.9794658422470093
3076,2.3784561157226562,0.4006956219673157,1.9777604341506958
3077,2.3766140937805176,0.40055692195892334,1.9760571718215942
3078,2.3747754096984863,0.4004189968109131,1.9743565320968628
3079,2.372938394546509,0.40028175711631775,1.9726567268371582
3080,2.371105670928955,0.40014535188674927,1.9709603786468506
3081,2.3692727088928223,0.4000091552734375,1.9692636728286743
3082,2.3674464225769043,0.399873286485672,1.9675730466842651
3083,2.3656198978424072,0.39973798394203186,1.9658819437026978
3084,2.363795518875122,0.39960330724716187,1.9641921520233154
3085,2.361976385116577,0.3994692265987396,1.9625071287155151
3086,2.3601596355438232,0.3993353545665741,1.9608243703842163
3087,2.3583428859710693,0.3992021381855011,1.9591407775878906
3088,2.3565313816070557,0.39906948804855347,1.9574618339538574
3089,2.3547215461730957,0.39893725514411926,1.9557842016220093
3090,2.3529152870178223,0.3988054394721985,1.9541099071502686
3091,2.3511099815368652,0.39867421984672546,1.9524357318878174
3092,2.349308967590332,0.39854317903518677,1.95076584815979
3093,2.3475096225738525,0.3984132409095764,1.9490963220596313
3094,2.3457138538360596,0.3982832133769989,1.9474306106567383
3095,2.343919515609741,0.398153692483902,1.9457658529281616
3096,2.342127799987793,0.39802488684654236,1.9441028833389282
3097,2.3403396606445312,0.3978966474533081,1.9424431324005127
3098,2.3385534286499023,0.3977685570716858,1.9407848119735718
3099,2.336770534515381,0.397641122341156,1.93912935256958
3100,2.334989309310913,0.3975141644477844,1.9374752044677734
3101,2.3332111835479736,0.3973875343799591,1.9358235597610474
3102,2.331434965133667,0.3972613215446472,1.9341737031936646
3103,2.329663038253784,0.39713531732559204,1.932527780532837
3104,2.3278915882110596,0.39700955152511597,1.9308820962905884
3105,2.326124429702759,0.39688441157341003,1.9292399883270264
3106,2.324359893798828,0.39675968885421753,1.9276002645492554
3107,2.322597026824951,0.3966355323791504,1.9259614944458008
3108,2.3208370208740234,0.3965124487876892,1.924324631690979
3109,2.319079875946045,0.3963894844055176,1.9226902723312378
3110,2.3173232078552246,0.39626672863960266,1.9210565090179443
3111,2.3155715465545654,0.39614468812942505,1.9194267988204956
3112,2.3138227462768555,0.39602312445640564,1.9177995920181274
3113,2.31207275390625,0.39590156078338623,1.9161713123321533
3114,2.3103299140930176,0.39578044414520264,1.9145495891571045
3115,2.308586597442627,0.3956598937511444,1.9129267930984497
3116,2.3068478107452393,0.39553940296173096,1.9113084077835083
3117,2.305109739303589,0.3954191207885742,1.9096906185150146
3118,2.3033745288848877,0.39529937505722046,1.9080750942230225
3119,2.3016438484191895,0.39517998695373535,1.9064639806747437
3120,2.299913167953491,0.39506083726882935,1.904852271080017
3121,2.2981860637664795,0.39494186639785767,1.903244137763977
3122,2.296461582183838,0.3948235511779785,1.9016380310058594
3123,2.2947380542755127,0.3947053551673889,1.900032639503479
3124,2.293020248413086,0.39458778500556946,1.8984324932098389
3125,2.2913014888763428,0.3944705128669739,1.8968309164047241
3126,2.2895870208740234,0.3943539261817932,1.8952330350875854
3127,2.287874937057495,0.3942376673221588,1.8936372995376587
3128,2.286163806915283,0.39412128925323486,1.892042636871338
3129,2.2844574451446533,0.3940056264400482,1.8904517889022827
3130,2.2827517986297607,0.393890380859375,1.8888614177703857
3131,2.2810492515563965,0.3937755525112152,1.8872736692428589
3132,2.2793500423431396,0.39366117119789124,1.8856889009475708
3133,2.277651071548462,0.39354732632637024,1.8841036558151245
3134,2.27595591545105,0.3934340476989746,1.8825218677520752
3135,2.274263858795166,0.39332085847854614,1.8809430599212646
3136,2.272573471069336,0.3932082951068878,1.8793652057647705
3137,2.2708847522735596,0.39309579133987427,1.8777889013290405
3138,2.269198179244995,0.392983615398407,1.876214623451233
3139,2.2675158977508545,0.3928716778755188,1.8746442794799805
3140,2.2658348083496094,0.3927602469921112,1.8730746507644653
3141,2.2641570568084717,0.39264923334121704,1.8715077638626099
3142,2.262481689453125,0.39253896474838257,1.8699427843093872
3143,2.2608072757720947,0.39242830872535706,1.86837899684906
3144,2.2591357231140137,0.39231806993484497,1.8668177127838135
3145,2.2574663162231445,0.3922080099582672,1.8652583360671997
3146,2.25580096244812,0.3920985758304596,1.863702416419983
3147,2.254136085510254,0.39198917150497437,1.8621469736099243
3148,2.2524752616882324,0.39188045263290405,1.8605947494506836
3149,2.2508158683776855,0.39177238941192627,1.8590435981750488
3150,2.2491588592529297,0.391664981842041,1.8574939966201782
3151,2.247504472732544,0.391557514667511,1.8559470176696777
3152,2.245852470397949,0.3914506435394287,1.854401707649231
3153,2.244201183319092,0.3913443088531494,1.8528568744659424
3154,2.242554187774658,0.3912375867366791,1.8513165712356567
3155,2.240908145904541,0.3911312520503998,1.8497768640518188
3156,2.239266872406006,0.39102569222450256,1.8482412099838257
3157,2.2376255989074707,0.39092087745666504,1.8467046022415161
3158,2.2359867095947266,0.390815794467926,1.8451708555221558
3159,2.2343504428863525,0.3907108008861542,1.843639612197876
3160,2.232717752456665,0.39060646295547485,1.8421112298965454
3161,2.2310855388641357,0.3905026316642761,1.8405829668045044
3162,2.229457378387451,0.39039820432662964,1.8390591144561768
3163,2.227829933166504,0.39029428362846375,1.8375356197357178
3164,2.2262043952941895,0.39019131660461426,1.8360131978988647
3165,2.224583387374878,0.3900885283946991,1.834494948387146
3166,2.222963809967041,0.3899856209754944,1.8329782485961914
3167,2.221346616744995,0.3898829519748688,1.8314636945724487
3168,2.219730854034424,0.3897809088230133,1.829949975013733
3169,2.2181179523468018,0.3896791338920593,1.8284388780593872
3170,2.216505527496338,0.38957691192626953,1.826928734779358
3171,2.214897632598877,0.38947540521621704,1.8254221677780151
3172,2.213291645050049,0.38937458395957947,1.8239171504974365
3173,2.211686611175537,0.3892739415168762,1.8224127292633057
3174,2.2100865840911865,0.3891729712486267,1.820913553237915
3175,2.2084860801696777,0.3890725374221802,1.819413423538208
3176,2.2068886756896973,0.3889728784561157,1.817915916442871
3177,2.2052931785583496,0.38887298107147217,1.816420316696167
3178,2.2036995887756348,0.38877320289611816,1.8149263858795166
3179,2.2021102905273438,0.3886744976043701,1.8134357929229736
3180,2.2005205154418945,0.3885762393474579,1.8119443655014038
3181,2.19893479347229,0.388477623462677,1.8104571104049683
3182,2.1973512172698975,0.3883792757987976,1.808971881866455
3183,2.1957690715789795,0.38828155398368835,1.8074874877929688
3184,2.1941895484924316,0.3881843090057373,1.8060051202774048
3185,2.1926109790802,0.3880862593650818,1.8045246601104736
3186,2.191037178039551,0.3879890441894531,1.8030481338500977
3187,2.189462900161743,0.38789236545562744,1.8015705347061157
3188,2.1878914833068848,0.3877955675125122,1.8000959157943726
3189,2.186323642730713,0.38769853115081787,1.7986249923706055
3190,2.1847572326660156,0.38760197162628174,1.7971552610397339
3191,2.1831929683685303,0.38750603795051575,1.7956868410110474
3192,2.1816306114196777,0.38741037249565125,1.794220209121704
3193,2.1800713539123535,0.3873145580291748,1.7927567958831787
3194,2.1785130500793457,0.38721948862075806,1.7912935018539429
3195,2.1769561767578125,0.3871248960494995,1.7898313999176025
3196,2.175403356552124,0.38703009486198425,1.788373351097107
3197,2.1738502979278564,0.38693541288375854,1.7869149446487427
3198,2.1723010540008545,0.3868411183357239,1.7854599952697754
3199,2.1707539558410645,0.3867470324039459,1.7840068340301514
3200,2.169208526611328,0.3866533041000366,1.7825552225112915
3201,2.1676669120788574,0.38655951619148254,1.7811073064804077
3202,2.166125774383545,0.3864668607711792,1.7796590328216553
3203,2.164588212966919,0.386374294757843,1.7782139778137207
3204,2.163050651550293,0.3862821161746979,1.7767685651779175
3205,2.1615145206451416,0.386190265417099,1.7753243446350098
3206,2.1599831581115723,0.38609886169433594,1.7738842964172363
3207,2.1584527492523193,0.38600775599479675,1.7724449634552002
3208,2.1569247245788574,0.38591670989990234,1.7710081338882446
3209,2.155397891998291,0.3858264088630676,1.7695715427398682
3210,2.153874635696411,0.38573676347732544,1.768137812614441
3211,2.152353048324585,0.385646790266037,1.7667062282562256
3212,2.150832176208496,0.38555726408958435,1.765275001525879
3213,2.1493139266967773,0.385468065738678,1.7638459205627441
3214,2.147799253463745,0.3853791058063507,1.7624200582504272
3215,2.146284580230713,0.3852904736995697,1.7609940767288208
3216,2.14477276802063,0.3852020800113678,1.7595707178115845
3217,2.143263578414917,0.38511380553245544,1.7581497430801392
3218,2.1417558193206787,0.3850257992744446,1.7567299604415894
3219,2.140249490737915,0.38493794202804565,1.7553114891052246
3220,2.1387453079223633,0.3848506212234497,1.7538946866989136
3221,2.137244462966919,0.38476312160491943,1.7524813413619995
3222,2.13574481010437,0.38467544317245483,1.7510693073272705
3223,2.134247303009033,0.3845883011817932,1.7496590614318848
3224,2.132751941680908,0.38450080156326294,1.74825119972229
3225,2.131258487701416,0.3844137489795685,1.7468446493148804
3226,2.129767656326294,0.38432708382606506,1.7454406023025513
3227,2.12827730178833,0.3842403292655945,1.7440370321273804
3228,2.1267905235290527,0.3841538429260254,1.7426366806030273
3229,2.125304937362671,0.38406747579574585,1.7412374019622803
3230,2.123821973800659,0.3839813470840454,1.7398406267166138
3231,2.1223413944244385,0.3838951587677002,1.7384462356567383
3232,2.1208600997924805,0.38380950689315796,1.7370505332946777
3233,2.1193833351135254,0.38372427225112915,1.7356590032577515
3234,2.117908239364624,0.38363882899284363,1.734269380569458
3235,2.1164345741271973,0.3835541903972626,1.7328804731369019
3236,2.1149635314941406,0.3834693729877472,1.7314941883087158
3237,2.1134932041168213,0.38338491320610046,1.7301082611083984
3238,2.1120266914367676,0.38330042362213135,1.7287261486053467
3239,2.1105599403381348,0.3832160234451294,1.727344036102295
3240,2.109095811843872,0.38313257694244385,1.7259632349014282
3241,2.1076340675354004,0.3830488622188568,1.7245852947235107
3242,2.106173515319824,0.3829657733440399,1.723207712173462
3243,2.104717254638672,0.3828831911087036,1.7218340635299683
3244,2.1032607555389404,0.382800430059433,1.720460295677185
3245,2.101806640625,0.3827180862426758,1.7190885543823242
3246,2.1003546714782715,0.3826359510421753,1.7177186012268066
3247,2.098902702331543,0.3825540542602539,1.716348648071289
3248,2.0974555015563965,0.3824724853038788,1.7149831056594849
3249,2.096007823944092,0.38239094614982605,1.713616967201233
3250,2.094564437866211,0.38231009244918823,1.712254285812378
3251,2.093122959136963,0.382229208946228,1.7108937501907349
3252,2.0916812419891357,0.38214850425720215,1.7095327377319336
3253,2.090243339538574,0.3820679187774658,1.7081753015518188
3254,2.088805913925171,0.38198748230934143,1.7068183422088623
3255,2.087371826171875,0.3819073438644409,1.7054646015167236
3256,2.085937023162842,0.38182681798934937,1.7041102647781372
3257,2.084506034851074,0.3817465901374817,1.7027593851089478
3258,2.0830767154693604,0.3816668689250946,1.701409935951233
3259,2.0816502571105957,0.38158679008483887,1.7000635862350464
3260,2.0802245140075684,0.38150712847709656,1.698717474937439
3261,2.0787999629974365,0.3814275562763214,1.6973724365234375
3262,2.0773792266845703,0.3813483715057373,1.6960307359695435
3263,2.0759594440460205,0.3812689483165741,1.6946905851364136
3264,2.07453989982605,0.3811900317668915,1.693349838256836
3265,2.073124408721924,0.38111162185668945,1.6920127868652344
3266,2.0717101097106934,0.38103294372558594,1.6906771659851074
3267,2.0702974796295166,0.3809543550014496,1.6893430948257446
3268,2.0688862800598145,0.38087600469589233,1.6880102157592773
3269,2.0674781799316406,0.38079798221588135,1.6866800785064697
3270,2.066070795059204,0.3807203471660614,1.6853504180908203
3271,2.0646657943725586,0.38064324855804443,1.6840224266052246
3272,2.0632615089416504,0.38056614995002747,1.6826953887939453
3273,2.0618600845336914,0.38048943877220154,1.6813706159591675
3274,2.0604588985443115,0.380412757396698,1.6800462007522583
3275,2.0590627193450928,0.3803364932537079,1.6787261962890625
3276,2.0576658248901367,0.3802601397037506,1.6774057149887085
3277,2.05627179145813,0.38018375635147095,1.6760879755020142
3278,2.0548782348632812,0.3801080882549286,1.6747702360153198
3279,2.0534887313842773,0.3800324499607086,1.6734561920166016
3280,2.0520992279052734,0.37995678186416626,1.672142505645752
3281,2.050710916519165,0.3798813223838806,1.6708296537399292
3282,2.049325942993164,0.37980639934539795,1.6695195436477661
3283,2.0479423999786377,0.37973111867904663,1.6682112216949463
3284,2.0465595722198486,0.3796558976173401,1.6669037342071533
3285,2.045179843902588,0.379581093788147,1.665598750114441
3286,2.043801784515381,0.3795062303543091,1.6642955541610718
3287,2.0424256324768066,0.37943145632743835,1.662994146347046
3288,2.0410501956939697,0.3793570399284363,1.6616930961608887
3289,2.039677619934082,0.37928271293640137,1.6603949069976807
3290,2.038306474685669,0.37920868396759033,1.6590977907180786
3291,2.0369362831115723,0.3791342079639435,1.6578021049499512
3292,2.03556752204895,0.379060298204422,1.656507134437561
3293,2.0342023372650146,0.37898656725883484,1.6552157402038574
3294,2.032837390899658,0.3789130449295044,1.6539243459701538
3295,2.031475067138672,0.37883955240249634,1.6526355743408203
3296,2.03011417388916,0.3787667155265808,1.6513473987579346
3297,2.028754711151123,0.378693550825119,1.6500612497329712
3298,2.0273985862731934,0.3786202669143677,1.6487784385681152
3299,2.0260417461395264,0.3785475790500641,1.6474940776824951
3300,2.024686813354492,0.3784751296043396,1.6462116241455078
3301,2.0233354568481445,0.37840259075164795,1.6449329853057861
3302,2.021984815597534,0.3783301115036011,1.643654704093933
3303,2.0206356048583984,0.3782581686973572,1.642377495765686
3304,2.0192880630493164,0.37818649411201477,1.6411014795303345
3305,2.0179429054260254,0.378114253282547,1.6398286819458008
3306,2.01659893989563,0.3780422508716583,1.638556718826294
3307,2.01525616645813,0.37797021865844727,1.6372859477996826
3308,2.013915538787842,0.37789827585220337,1.6360172033309937
3309,2.0125770568847656,0.37782642245292664,1.6347506046295166
3310,2.011239767074585,0.377755343914032,1.6334843635559082
3311,2.009904384613037,0.3776845335960388,1.632219910621643
3312,2.0085716247558594,0.3776136040687561,1.6309579610824585
3313,2.0072391033172607,0.3775428533554077,1.629696249961853
3314,2.0059077739715576,0.3774724006652832,1.6284353733062744
3315,2.0045793056488037,0.37740200757980347,1.627177357673645
3316,2.0032525062561035,0.37733158469200134,1.6259208917617798
3317,2.001927137374878,0.37726137042045593,1.6246658563613892
3318,2.000602960586548,0.377191424369812,1.6234115362167358
3319,1.9992798566818237,0.3771214783191681,1.622158408164978
3320,1.9979592561721802,0.37705206871032715,1.620907187461853
3321,1.9966411590576172,0.3769828677177429,1.619658350944519
3322,1.9953235387802124,0.37691357731819153,1.6184099912643433
3323,1.9940088987350464,0.3768445551395416,1.6171643733978271
3324,1.9926927089691162,0.376775324344635,1.615917444229126
3325,1.9913815259933472,0.3767070770263672,1.61467444896698
3326,1.9900689125061035,0.3766383230686188,1.6134306192398071
3327,1.9887605905532837,0.37656939029693604,1.6121912002563477
3328,1.9874540567398071,0.3765009939670563,1.6109530925750732
3329,1.9861483573913574,0.37643271684646606,1.6097155809402466
3330,1.9848425388336182,0.3763641119003296,1.6084784269332886
3331,1.9835394620895386,0.3762954771518707,1.6072440147399902
3332,1.9822392463684082,0.37622740864753723,1.6060118675231934
3333,1.9809391498565674,0.3761594891548157,1.604779601097107
3334,1.9796404838562012,0.3760910630226135,1.6035494804382324
3335,1.9783438444137573,0.37602338194847107,1.6023204326629639
3336,1.9770503044128418,0.375955730676651,1.6010946035385132
3337,1.975757360458374,0.37588798999786377,1.5998693704605103
3338,1.9744658470153809,0.37582045793533325,1.5986454486846924
3339,1.973175048828125,0.3757534325122833,1.597421646118164
3340,1.971887469291687,0.37568649649620056,1.596200942993164
3341,1.9705992937088013,0.3756192922592163,1.594980001449585
3342,1.9693143367767334,0.3755524754524231,1.5937618017196655
3343,1.968030333518982,0.37548592686653137,1.592544436454773
3344,1.9667482376098633,0.375419020652771,1.5913292169570923
3345,1.965466022491455,0.3753526210784912,1.5901134014129639
3346,1.9641870260238647,0.37528666853904724,1.5889003276824951
3347,1.9629098176956177,0.37522053718566895,1.5876892805099487
3348,1.9616338014602661,0.3751544952392578,1.5864793062210083
3349,1.9603590965270996,0.37508881092071533,1.5852702856063843
3350,1.9590857028961182,0.37502342462539673,1.5840623378753662
3351,1.9578142166137695,0.37495821714401245,1.5828559398651123
3352,1.9565436840057373,0.3748928904533386,1.581650733947754
3353,1.9552756547927856,0.37482786178588867,1.580447793006897
3354,1.9540082216262817,0.3747628927230835,1.5792453289031982
3355,1.9527429342269897,0.3746977746486664,1.578045129776001
3356,1.9514789581298828,0.37463247776031494,1.5768464803695679
3357,1.95021653175354,0.3745678961277008,1.5756486654281616
3358,1.9489561319351196,0.3745025396347046,1.574453592300415
3359,1.9476960897445679,0.37443801760673523,1.5732580423355103
3360,1.9464385509490967,0.37437310814857483,1.5720654726028442
3361,1.9451824426651,0.374308705329895,1.570873737335205
3362,1.9439268112182617,0.37424415349960327,1.5696827173233032
3363,1.9426734447479248,0.3741796612739563,1.5684937238693237
3364,1.9414219856262207,0.374115526676178,1.567306399345398
3365,1.940171718597412,0.374051034450531,1.5661206245422363
3366,1.9389228820800781,0.3739873170852661,1.564935564994812
3367,1.9376740455627441,0.3739233613014221,1.5637506246566772
3368,1.9364287853240967,0.37386012077331543,1.5625686645507812
3369,1.935184121131897,0.3737964332103729,1.5613876581192017
3370,1.9339417219161987,0.3737330734729767,1.5602086782455444
3371,1.9326995611190796,0.37366965413093567,1.5590299367904663
3372,1.9314590692520142,0.37360596656799316,1.557853102684021
3373,1.930220603942871,0.3735426068305969,1.5566779375076294
3374,1.9289835691452026,0.3734792172908783,1.555504322052002
3375,1.9277472496032715,0.37341633439064026,1.5543309450149536
3376,1.9265133142471313,0.37335333228111267,1.5531599521636963
3377,1.9252803325653076,0.373291015625,1.5519893169403076
3378,1.9240483045578003,0.37322866916656494,1.5508196353912354
3379,1.9228183031082153,0.37316596508026123,1.549652338027954
3380,1.92159104347229,0.37310341000556946,1.548487663269043
3381,1.9203625917434692,0.373041033744812,1.5473215579986572
3382,1.919137954711914,0.3729783892631531,1.5461596250534058
3383,1.9179127216339111,0.3729158639907837,1.5449968576431274
3384,1.9166886806488037,0.3728533983230591,1.5438352823257446
3385,1.9154691696166992,0.3727914094924927,1.5426777601242065
3386,1.9142487049102783,0.37272921204566956,1.5415195226669312
3387,1.9130295515060425,0.3726670444011688,1.5403624773025513
3388,1.9118129014968872,0.37260544300079346,1.5392074584960938
3389,1.9105958938598633,0.3725435137748718,1.5380523204803467
3390,1.9093831777572632,0.3724817931652069,1.5369013547897339
3391,1.908170223236084,0.3724205195903778,1.5357496738433838
3392,1.9069575071334839,0.3723587989807129,1.534598708152771
3393,1.9057470560073853,0.37229740619659424,1.533449649810791
3394,1.904538631439209,0.37223589420318604,1.532302737236023
3395,1.9033315181732178,0.3721742630004883,1.5311572551727295
3396,1.9021252393722534,0.3721127510070801,1.5300124883651733
3397,1.9009215831756592,0.37205153703689575,1.5288699865341187
3398,1.8997178077697754,0.37199071049690247,1.5277271270751953
3399,1.8985159397125244,0.37192994356155396,1.5265860557556152
3400,1.8973150253295898,0.3718690574169159,1.5254459381103516
3401,1.896116018295288,0.3718084692955017,1.5243074893951416
3402,1.8949187994003296,0.3717476427555084,1.5231711864471436
3403,1.8937212228775024,0.3716866075992584,1.5220346450805664
3404,1.89252769947052,0.3716259002685547,1.5209017992019653
3405,1.8913328647613525,0.37156569957733154,1.519767165184021
3406,1.890141248703003,0.37150540947914124,1.518635869026184
3407,1.8889504671096802,0.3714451491832733,1.5175052881240845
3408,1.8877606391906738,0.37138527631759644,1.5163753032684326
3409,1.8865714073181152,0.37132528424263,1.5152461528778076
3410,1.88538658618927,0.3712650537490845,1.5141215324401855
3411,1.8842003345489502,0.37120506167411804,1.5129952430725098
3412,1.8830145597457886,0.3711449205875397,1.5118696689605713
3413,1.8818323612213135,0.37108516693115234,1.5107471942901611
3414,1.8806500434875488,0.371025025844574,1.5096250772476196
3415,1.879469871520996,0.370965838432312,1.508504033088684
3416,1.8782914876937866,0.3709063231945038,1.5073851346969604
3417,1.877114176750183,0.3708469867706299,1.5062671899795532
3418,1.8759382963180542,0.3707873821258545,1.5051509141921997
3419,1.8747648000717163,0.3707282543182373,1.504036545753479
3420,1.873589277267456,0.3706684112548828,1.5029208660125732
3421,1.8724173307418823,0.37060895562171936,1.5018084049224854
3422,1.8712457418441772,0.3705493211746216,1.5006964206695557
3423,1.8700761795043945,0.3704899251461029,1.4995862245559692
3424,1.8689067363739014,0.37043076753616333,1.4984759092330933
3425,1.867740511894226,0.3703717291355133,1.4973688125610352
3426,1.8665753602981567,0.37031304836273193,1.4962623119354248
3427,1.8654108047485352,0.3702539801597595,1.4951568841934204
3428,1.8642470836639404,0.37019556760787964,1.4940515756607056
3429,1.8630852699279785,0.3701364994049072,1.4929487705230713
3430,1.8619239330291748,0.37007826566696167,1.4918456077575684
3431,1.8607652187347412,0.37001946568489075,1.4907457828521729
3432,1.8596067428588867,0.3699611723423004,1.4896456003189087
3433,1.8584518432617188,0.36990219354629517,1.4885497093200684
3434,1.857295274734497,0.36984461545944214,1.4874505996704102
3435,1.8561413288116455,0.3697860836982727,1.4863553047180176
3436,1.854987621307373,0.3697282671928406,1.4852592945098877
3437,1.853834867477417,0.36966973543167114,1.484165072441101
3438,1.852684497833252,0.3696123957633972,1.4830721616744995
3439,1.8515362739562988,0.36955326795578003,1.4819830656051636
3440,1.8503881692886353,0.36949583888053894,1.480892300605774
3441,1.8492414951324463,0.36943739652633667,1.4798041582107544
3442,1.8480963706970215,0.36938005685806274,1.478716254234314
3443,1.8469514846801758,0.36932116746902466,1.4776302576065063
3444,1.8458086252212524,0.36926427483558655,1.4765443801879883
3445,1.844667911529541,0.3692054748535156,1.4754624366760254
3446,1.8435271978378296,0.3691488802433014,1.4743783473968506
3447,1.8423892259597778,0.369089812040329,1.4732993841171265
3448,1.8412501811981201,0.3690333962440491,1.4722167253494263
3449,1.8401143550872803,0.36897414922714233,1.4711402654647827
3450,1.8389796018600464,0.3689180314540863,1.4700615406036377
3451,1.8378469944000244,0.3688584268093109,1.4689885377883911
3452,1.8367159366607666,0.3688034415245056,1.4679124355316162
3453,1.8355852365493774,0.3687429428100586,1.4668422937393188
3454,1.8344576358795166,0.3686893880367279,1.4657682180404663
3455,1.8333327770233154,0.3686283230781555,1.4647043943405151
3456,1.8322125673294067,0.36857637763023376,1.4636361598968506
3457,1.831098198890686,0.36851322650909424,1.4625849723815918
3458,1.8299901485443115,0.36846378445625305,1.4615263938903809
3459,1.8288941383361816,0.36839741468429565,1.4604967832565308
3460,1.8278154134750366,0.3683520257472992,1.459463357925415
3461,1.8267639875411987,0.3682807683944702,1.4584832191467285
3462,1.825756549835205,0.3682425022125244,1.4575140476226807
3463,1.8248205184936523,0.36816269159317017,1.4566577672958374
3464,1.8240036964416504,0.36813563108444214,1.455868124961853
3465,1.8233749866485596,0.36804214119911194,1.45533287525177
3466,1.823060154914856,0.36803317070007324,1.4550269842147827
3467,1.8232578039169312,0.36791613698005676,1.4553416967391968
3468,1.824294090270996,0.36793768405914307,1.456356406211853
3469,1.8266258239746094,0.36778324842453003,1.4588426351547241
3470,1.8309531211853027,0.36785322427749634,1.4630999565124512
3471,1.837900996208191,0.3676416873931885,1.4702593088150024
3472,1.8479470014572144,0.36778175830841064,1.4801652431488037
3473,1.859565019607544,0.3674991726875305,1.4920657873153687
3474,1.8692100048065186,0.36770445108413696,1.5015056133270264
3475,1.8691761493682861,0.367379367351532,1.501796841621399
3476,1.8552302122116089,0.3675720989704132,1.487658143043518
3477,1.8308117389678955,0.3673142194747925,1.463497519493103
3478,1.8108701705932617,0.3673648536205292,1.4435052871704102
3479,1.808701753616333,0.3673025965690613,1.4413992166519165
3480,1.8245654106140137,0.3671502470970154,1.457415223121643
3481,1.8447377681732178,0.36728471517562866,1.4774531126022339
3482,1.8502764701843262,0.36700016260147095,1.4832763671875
3483,1.8339910507202148,0.3671569526195526,1.4668340682983398
3484,1.8093018531799316,0.36695465445518494,1.4423471689224243
3485,1.8005307912826538,0.3669309616088867,1.433599829673767
3486,1.815253734588623,0.36696112155914307,1.44829261302948
3487,1.8355250358581543,0.36674124002456665,1.4687837362289429
3488,1.836898684501648,0.36689749360084534,1.470001220703125
3489,1.8152536153793335,0.36665263772010803,1.4486010074615479
3490,1.7956299781799316,0.3666866421699524,1.428943395614624
3491,1.8008718490600586,0.36666443943977356,1.4342074394226074
3492,1.8221204280853271,0.36647287011146545,1.455647587776184
3493,1.8298518657684326,0.36661577224731445,1.4632360935211182
3494,1.8114043474197388,0.3663782775402069,1.4450260400772095
3495,1.790683388710022,0.3664137125015259,1.424269676208496
3496,1.7949191331863403,0.36638137698173523,1.4285377264022827
3497,1.8157525062561035,0.36619991064071655,1.4495526552200317
3498,1.8210322856903076,0.3663357198238373,1.454696536064148
3499,1.8007436990737915,0.3661079704761505,1.4346357583999634
3500,1.7839524745941162,0.3661222457885742,1.417830228805542
3501,1.794245719909668,0.3661242127418518,1.428121566772461
3502,1.8132202625274658,0.3659206032752991,1.447299599647522
3503,1.8091206550598145,0.3660455346107483,1.4430750608444214
3504,1.7863974571228027,0.365855872631073,1.4205416440963745
3505,1.7801513671875,0.3658202886581421,1.414331078529358
3506,1.7981992959976196,0.3658639192581177,1.432335376739502
3507,1.808237910270691,0.3656426966190338,1.4425952434539795
3508,1.791578769683838,0.36574673652648926,1.4258320331573486
3509,1.7744550704956055,0.3656107783317566,1.4088443517684937
3510,1.784079909324646,0.3655101954936981,1.4185696840286255
3511,1.801366925239563,0.3656087815761566,1.435758113861084
3512,1.7938772439956665,0.36538374423980713,1.4284934997558594
3513,1.7730070352554321,0.36543047428131104,1.407576560974121
3514,1.7736743688583374,0.3653872013092041,1.4082871675491333
3515,1.7921106815338135,0.3652209937572479,1.4268896579742432
3516,1.7928111553192139,0.3653300106525421,1.4274811744689941
3517,1.7723917961120605,0.365143358707428,1.4072483777999878
3518,1.7664388418197632,0.36510980129241943,1.4013290405273438
3519,1.7833930253982544,0.3651527166366577,1.4182403087615967
3520,1.7891583442687988,0.364937961101532,1.424220323562622
3521,1.7709619998931885,0.3650180697441101,1.4059438705444336
3522,1.7610421180725098,0.36492425203323364,1.3961178064346313
3523,1.7757877111434937,0.36479222774505615,1.4109954833984375
3524,1.7845669984817505,0.36489391326904297,1.4196730852127075
3525,1.7682907581329346,0.36469972133636475,1.4035910367965698
3526,1.7565147876739502,0.36468976736068726,1.3918250799179077
3527,1.769602656364441,0.36470678448677063,1.4048959016799927
3528,1.779320478439331,0.36451125144958496,1.414809226989746
3529,1.7644895315170288,0.364591509103775,1.3998980522155762
3530,1.7522855997085571,0.3644791543483734,1.3878064155578613
3531,1.764512300491333,0.364363431930542,1.400148868560791
3532,1.774240493774414,0.3644561469554901,1.4097843170166016
3533,1.759711742401123,0.36426061391830444,1.3954511880874634
3534,1.7481907606124878,0.3642517328262329,1.3839390277862549
3535,1.7604073286056519,0.36426985263824463,1.3961374759674072
3536,1.7688825130462646,0.36407601833343506,1.4048064947128296
3537,1.7542158365249634,0.36414551734924316,1.3900703191757202
3538,1.7442597150802612,0.36404839158058167,1.380211353302002
3539,1.756972312927246,0.36392584443092346,1.393046498298645
3540,1.7636029720306396,0.36401018500328064,1.3995927572250366
3541,1.748182773590088,0.3638290464878082,1.384353756904602
3542,1.7406818866729736,0.36380535364151,1.3768764734268188
3543,1.7541052103042603,0.3638346195220947,1.3902705907821655
3544,1.7577505111694336,0.36363866925239563,1.3941118717193604
3545,1.7418625354766846,0.36369502544403076,1.3781675100326538
3546,1.7376209497451782,0.3636256158351898,1.373995304107666
3547,1.7513638734817505,0.3634808361530304,1.3878830671310425
3548,1.751546859741211,0.36356738209724426,1.387979507446289
3549,1.735595464706421,0.3634132742881775,1.3721822500228882
3550,1.735274076461792,0.36335429549217224,1.3719197511672974
3551,1.7486118078231812,0.3634059429168701,1.385205864906311
3552,1.7445480823516846,0.363217830657959,1.3813302516937256
3553,1.7297241687774658,0.36324262619018555,1.3664815425872803
3554,1.73362135887146,0.36321181058883667,1.3704094886779785
3555,1.745144248008728,0.36304762959480286,1.3820966482162476
3556,1.737069845199585,0.36312270164489746,1.3739471435546875
3557,1.7247188091278076,0.3630017936229706,1.3617169857025146
3558,1.732511043548584,0.3629027009010315,1.3696084022521973
3559,1.740882158279419,0.3629762530326843,1.3779058456420898
3560,1.7292473316192627,0.3628005087375641,1.366446852684021
3561,1.7209117412567139,0.3627806007862091,1.3581311702728271
3562,1.7315435409545898,0.3628005385398865,1.3687430620193481
3563,1.7351877689361572,0.3626224100589752,1.3725653886795044
3564,1.7216546535491943,0.36266690492630005,1.358987808227539
3565,1.718458890914917,0.3626018762588501,1.355857014656067
3566,1.7300385236740112,0.3624650239944458,1.3675734996795654
3567,1.7283666133880615,0.3625372052192688,1.365829348564148
3568,1.714944839477539,0.36239564418792725,1.3525491952896118
3569,1.7172369956970215,0.362327516078949,1.3549095392227173
3570,1.7275290489196777,0.3623819649219513,1.3651471138000488
3571,1.7205111980438232,0.36220279335975647,1.3583084344863892
3572,1.709684133529663,0.362204372882843,1.3474797010421753
3573,1.7167069911956787,0.36220014095306396,1.3545068502426147
3574,1.7232575416564941,0.36203038692474365,1.3612271547317505
3575,1.7124450206756592,0.36208218336105347,1.350362777709961
3576,1.706237554550171,0.36200106143951416,1.3442364931106567
3577,1.716022253036499,0.36187851428985596,1.354143738746643
3578,1.7173452377319336,0.3619447350502014,1.3554004430770874
3579,1.705007791519165,0.36180034279823303,1.3432074785232544
3580,1.7045196294784546,0.36174559593200684,1.3427740335464478
3581,1.7143840789794922,0.36178600788116455,1.3525980710983276
3582,1.7099101543426514,0.3616129755973816,1.348297119140625
3583,1.6990501880645752,0.36162298917770386,1.3374272584915161
3584,1.7039103507995605,0.36160439252853394,1.3423058986663818
3585,1.7108993530273438,0.36144381761550903,1.3494555950164795
3586,1.701930046081543,0.36149781942367554,1.3404322862625122
3587,1.6951016187667847,0.36140987277030945,1.3336917161941528
3588,1.7034214735031128,0.3612954318523407,1.3421260118484497
3589,1.705530047416687,0.36135971546173096,1.344170331954956
3590,1.694407343864441,0.36121702194213867,1.3331903219223022
3591,1.6930983066558838,0.361164391040802,1.3319339752197266
3592,1.702027440071106,0.36119914054870605,1.3408282995224
3593,1.6984376907348633,0.36103326082229614,1.337404489517212
3594,1.6883554458618164,0.3610408306121826,1.3273146152496338
3595,1.6923575401306152,0.36101797223091125,1.3313395977020264
3596,1.6987590789794922,0.3608655035495758,1.3378936052322388
3597,1.69069242477417,0.3609148859977722,1.3297775983810425
3598,1.6843611001968384,0.36082521080970764,1.3235359191894531
3599,1.691786766052246,0.36071473360061646,1.3310719728469849
3600,1.6935526132583618,0.3607746362686157,1.332777976989746
3601,1.6834032535552979,0.3606334328651428,1.3227697610855103
3602,1.6823291778564453,0.3605795204639435,1.3217496871948242
3603,1.690280795097351,0.3606135845184326,1.3296672105789185
3604,1.6866623163223267,0.3604511320590973,1.3262112140655518
3605,1.677616834640503,0.36045265197753906,1.3171641826629639
3606,1.6814861297607422,0.3604324162006378,1.3210537433624268
3607,1.6868946552276611,0.3602825105190277,1.326612114906311
3608,1.6792073249816895,0.3603236675262451,1.3188836574554443
3609,1.6738489866256714,0.36024025082588196,1.3136087656021118
3610,1.6806929111480713,0.3601309657096863,1.3205620050430298
3611,1.6816439628601074,0.36018460988998413,1.3214592933654785
3612,1.6723264455795288,0.3600490987300873,1.3122773170471191
3613,1.6718976497650146,0.3599935472011566,1.3119040727615356
3614,1.6788785457611084,0.36002570390701294,1.3188527822494507
3615,1.6749024391174316,0.35986536741256714,1.3150371313095093
3616,1.666965365409851,0.3598620891571045,1.3071032762527466
3617,1.6709353923797607,0.35984542965888977,1.3110899925231934
3618,1.6752406358718872,0.35969480872154236,1.3155457973480225
3619,1.667790174484253,0.359730988740921,1.3080592155456543
3620,1.6635031700134277,0.3596561551094055,1.3038469552993774
3621,1.6698362827301025,0.35954397916793823,1.310292363166809
3622,1.6699036359786987,0.3595924377441406,1.310311198234558
3623,1.661386251449585,0.35946616530418396,1.3019200563430786
3624,1.6616301536560059,0.3594057559967041,1.3022243976593018
3625,1.6676620244979858,0.3594350814819336,1.3082269430160522
3626,1.6633470058441162,0.35928207635879517,1.3040649890899658
3627,1.6564723253250122,0.35927489399909973,1.2971974611282349
3628,1.6604887247085571,0.3592595160007477,1.3012292385101318
3629,1.6637799739837646,0.3591107428073883,1.3046692609786987
3630,1.656628966331482,0.35914281010627747,1.2974861860275269
3631,1.6532647609710693,0.3590719699859619,1.2941927909851074
3632,1.6590474843978882,0.3589567244052887,1.3000907897949219
3633,1.6584205627441406,0.3590034544467926,1.2994171380996704
3634,1.6506876945495605,0.35888436436653137,1.2918033599853516
3635,1.6513797044754028,0.35881850123405457,1.2925611734390259
3636,1.6565485000610352,0.35884779691696167,1.2977006435394287
3637,1.6521161794662476,0.3587011396884918,1.2934150695800781
3638,1.6461361646652222,0.35868725180625916,1.2874488830566406
3639,1.6500078439712524,0.35867321491241455,1.291334629058838
3640,1.6525259017944336,0.358529657125473,1.2939962148666382
3641,1.6457979679107666,0.3585558235645294,1.2872421741485596
3642,1.6430606842041016,0.3584858179092407,1.2845748662948608
3643,1.6482576131820679,0.35837045311927795,1.2898871898651123
3644,1.6472663879394531,0.35841184854507446,1.2888545989990234
3645,1.6402482986450195,0.3582931160926819,1.2819552421569824
3646,1.6410595178604126,0.3582253158092499,1.2828341722488403
3647,1.645533561706543,0.3582541048526764,1.287279486656189
3648,1.6412707567214966,0.35810986161231995,1.283160924911499
3649,1.6359200477600098,0.35809212923049927,1.2778279781341553
3650,1.6394284963607788,0.3580794036388397,1.2813490629196167
3651,1.641514778137207,0.35793784260749817,1.2835769653320312
3652,1.6353299617767334,0.3579583466053009,1.2773716449737549
3653,1.6328318119049072,0.3578914701938629,1.2749403715133667
3654,1.6374390125274658,0.357779860496521,1.2796591520309448
3655,1.6364803314208984,0.3578164577484131,1.2786638736724854
3656,1.6300629377365112,0.3577006161212921,1.2723623514175415
3657,1.630624771118164,0.3576361835002899,1.2729885578155518
3658,1.6346324682235718,0.35765936970710754,1.2769731283187866
3659,1.630846619606018,0.3575174808502197,1.2733291387557983
3660,1.6258050203323364,0.35750266909599304,1.268302321434021
3661,1.6287305355072021,0.35748690366744995,1.2712435722351074
3662,1.6307621002197266,0.3573477864265442,1.2734142541885376
3663,1.6252362728118896,0.3573686480522156,1.2678675651550293
3664,1.6225697994232178,0.3573001027107239,1.2652697563171387
3665,1.6265802383422852,0.357191264629364,1.2693889141082764
3666,1.626051425933838,0.3572250306606293,1.2688263654708862
3667,1.6201344728469849,0.3571106195449829,1.263023853302002
3668,1.6200852394104004,0.35704904794692993,1.2630362510681152
3669,1.6238048076629639,0.3570653796195984,1.2667394876480103
3670,1.6208022832870483,0.3569267690181732,1.2638754844665527
3671,1.6158238649368286,0.35691389441490173,1.2589099407196045
3672,1.6179206371307373,0.35688912868499756,1.2610315084457397
3673,1.6201943159103394,0.3567562997341156,1.2634379863739014
3674,1.6155030727386475,0.35677915811538696,1.2587238550186157
3675,1.6123343706130981,0.35670217871665955,1.2556321620941162
3676,1.615646243095398,0.3566009998321533,1.2590452432632446
3677,1.6159002780914307,0.35663241147994995,1.2592679262161255
3678,1.6105175018310547,0.3565129041671753,1.2540045976638794
3679,1.6094961166381836,0.3564586639404297,1.253037452697754
3680,1.6129603385925293,0.3564683496952057,1.256492018699646
3681,1.611093521118164,0.35633090138435364,1.2547626495361328
3682,1.6060831546783447,0.3563227355480194,1.249760389328003
3683,1.60701322555542,0.35628756880760193,1.2507256269454956
3684,1.6096750497817993,0.35616299510002136,1.2535120248794556
3685,1.6061339378356934,0.35618558526039124,1.2499483823776245
3686,1.6022744178771973,0.3560991585254669,1.2461752891540527
3687,1.6045818328857422,0.3560115694999695,1.2485703229904175
3688,1.6058510541915894,0.35603591799736023,1.2498151063919067
3689,1.6012840270996094,0.35590994358062744,1.245374083518982
3690,1.599012851715088,0.3558701276779175,1.2431427240371704
3691,1.6019666194915771,0.35586684942245483,1.2460997104644775
3692,1.601561188697815,0.35573145747184753,1.245829701423645
3693,1.5967488288879395,0.3557349741458893,1.2410138845443726
3694,1.5961318016052246,0.35568517446517944,1.2404465675354004
3695,1.598987340927124,0.35557013750076294,1.2434172630310059
3696,1.5970380306243896,0.35559457540512085,1.2414435148239136
3697,1.5926307439804077,0.35549676418304443,1.2371339797973633
3698,1.5934373140335083,0.3554246425628662,1.238012671470642
3699,1.5956330299377441,0.35544025897979736,1.2401927709579468
3700,1.5924427509307861,0.3553128242492676,1.2371299266815186
3701,1.5889265537261963,0.355288565158844,1.233638048171997
3702,1.590745210647583,0.3552655279636383,1.235479712486267
3703,1.5918937921524048,0.35513806343078613,1.2367557287216187
3704,1.5879522562026978,0.3551507294178009,1.2328015565872192
3705,1.585571527481079,0.3550785183906555,1.2304929494857788
3706,1.5879132747650146,0.35498160123825073,1.2329317331314087
3707,1.5879045724868774,0.3550051748752594,1.2328994274139404
3708,1.583663821220398,0.3548905849456787,1.2287732362747192
3709,1.5824612379074097,0.3548389971256256,1.2276222705841064
3710,1.584892749786377,0.3548395037651062,1.2300533056259155
3711,1.583743929862976,0.3547084331512451,1.229035496711731
3712,1.5796270370483398,0.35470113158226013,1.2249258756637573
3713,1.579481840133667,0.3546563982963562,1.224825382232666
3714,1.5816295146942139,0.3545423746109009,1.227087140083313
3715,1.5795408487319946,0.35455986857414246,1.2249809503555298
3716,1.5758371353149414,0.3544657826423645,1.2213714122772217
3717,1.576537847518921,0.3543931841850281,1.2221447229385376
3718,1.578179121017456,0.3544037342071533,1.2237753868103027
3719,1.575364112854004,0.3542792499065399,1.2210848331451416
3720,1.5722622871398926,0.3542550802230835,1.218007206916809
3721,1.573559045791626,0.35422956943511963,1.2193294763565063
3722,1.5745484828948975,0.3541061580181122,1.220442295074463
3723,1.5712754726409912,0.3541172742843628,1.2171581983566284
3724,1.5688502788543701,0.3540423512458801,1.2148078680038452
3725,1.5705029964447021,0.35395026206970215,1.216552734375
3726,1.5708279609680176,0.35396701097488403,1.2168610095977783
3727,1.5673081874847412,0.35385236144065857,1.2134557962417603
3728,1.565549373626709,0.353807270526886,1.2117420434951782
3729,1.5673539638519287,0.3537965416908264,1.213557481765747
3730,1.5670353174209595,0.3536718785762787,1.2133634090423584
3731,1.563462257385254,0.35366934537887573,1.209792971611023
3732,1.5623085498809814,0.35361069440841675,1.2086979150772095
3733,1.5641010999679565,0.3535093367099762,1.2105917930603027
3734,1.5632404088974,0.35352417826652527,1.2097162008285522
3735,1.5597387552261353,0.3534194231033325,1.2063193321228027
3736,1.5590896606445312,0.3533627390861511,1.205726981163025
3737,1.560772180557251,0.35336020588874817,1.2074120044708252
3738,1.5594558715820312,0.3532347083091736,1.206221103668213
3739,1.5561130046844482,0.3532227873802185,1.2028902769088745
3740,1.5558656454086304,0.35317638516426086,1.202689290046692
3741,1.5573692321777344,0.3530657887458801,1.204303503036499
3742,1.5557177066802979,0.3530788719654083,1.202638864517212
3743,1.5525692701339722,0.35298553109169006,1.1995837688446045
3744,1.5526193380355835,0.3529168367385864,1.199702501296997
3745,1.5539336204528809,0.3529191315174103,1.201014518737793
3746,1.5520309209823608,0.35279834270477295,1.199232578277588
3747,1.5490849018096924,0.35277658700942993,1.1963082551956177
3748,1.5493438243865967,0.352737694978714,1.196606159210205
3749,1.5504642724990845,0.3526255786418915,1.1978386640548706
3750,1.5484106540679932,0.3526339530944824,1.1957767009735107
3751,1.5456463098526,0.35254526138305664,1.1931010484695435
3752,1.5460271835327148,0.35247164964675903,1.193555474281311
3753,1.5469880104064941,0.3524746298789978,1.1945133209228516
3754,1.5448448657989502,0.3523549437522888,1.1924898624420166
3755,1.5422368049621582,0.3523294925689697,1.1899073123931885
3756,1.5426782369613647,0.3522959053516388,1.1903823614120483
3757,1.5435066223144531,0.35218214988708496,1.1913244724273682
3758,1.5413435697555542,0.35218822956085205,1.1891553401947021
3759,1.5388493537902832,0.35210490226745605,1.1867444515228271
3760,1.5392968654632568,0.3520274758338928,1.1872693300247192
3761,1.5400431156158447,0.3520301878452301,1.188012957572937
3762,1.5378992557525635,0.3519147038459778,1.1859846115112305
3763,1.5354771614074707,0.35188645124435425,1.1835906505584717
3764,1.5358808040618896,0.3518516719341278,1.1840291023254395
3765,1.5365729331970215,0.35173988342285156,1.18483304977417
3766,1.5345067977905273,0.3517436385154724,1.1827632188796997
3767,1.5321205854415894,0.3516586124897003,1.1804620027542114
3768,1.5324397087097168,0.3515840470790863,1.180855631828308
3769,1.5331230163574219,0.351585328578949,1.1815377473831177
3770,1.5311620235443115,0.35146886110305786,1.1796932220458984
3771,1.528782606124878,0.35144227743148804,1.1773403882980347
3772,1.5289744138717651,0.35140490531921387,1.1775695085525513
3773,1.5296694040298462,0.3512938916683197,1.178375482559204
3774,1.5278689861297607,0.35129696130752563,1.1765719652175903
3775,1.5254669189453125,0.3512107729911804,1.1742562055587769
3776,1.525489330291748,0.35113924741744995,1.1743501424789429
3777,1.5262211561203003,0.3511357009410858,1.175085425376892
3778,1.5246126651763916,0.3510209023952484,1.1735917329788208
3779,1.522182583808899,0.35099729895591736,1.1711852550506592
3780,1.5219892263412476,0.35095247626304626,1.171036720275879
3781,1.5227482318878174,0.3508482575416565,1.1718999147415161
3782,1.5213885307312012,0.3508520722389221,1.1705363988876343
3783,1.518938422203064,0.35075855255126953,1.1681798696517944
3784,1.5184882879257202,0.3506962060928345,1.1677920818328857
3785,1.5192639827728271,0.350686252117157,1.1685776710510254
3786,1.5181816816329956,0.3505696952342987,1.1676119565963745
3787,1.5157427787780762,0.35055363178253174,1.1651891469955444
3788,1.5149953365325928,0.35049980878829956,1.164495587348938
3789,1.5157421827316284,0.35040152072906494,1.1653406620025635
3790,1.5149890184402466,0.3504045307636261,1.1645845174789429
3791,1.5126092433929443,0.3503050208091736,1.1623042821884155
3792,1.511529803276062,0.3502528965473175,1.161276936531067
3793,1.5121855735778809,0.35023337602615356,1.1619521379470825
3794,1.5117685794830322,0.3501207232475281,1.161647915840149
3795,1.5095314979553223,0.3501104712486267,1.1594209671020508
3796,1.5081145763397217,0.35004156827926636,1.1580729484558105
3797,1.5085885524749756,0.34995603561401367,1.158632516860962
3798,1.5085135698318481,0.349954217672348,1.1585593223571777
3799,1.5065085887908936,0.3498459458351135,1.1566625833511353
3800,1.5047776699066162,0.349809467792511,1.15496826171875
3801,1.504971981048584,0.3497752547264099,1.1551966667175293
3802,1.5051860809326172,0.3496667146682739,1.1555193662643433
3803,1.5035219192504883,0.3496634364128113,1.1538584232330322
3804,1.5015419721603394,0.3495793044567108,1.1519626379013062
3805,1.5013556480407715,0.34950852394104004,1.1518471240997314
3806,1.5017746686935425,0.349498987197876,1.1522756814956665
3807,1.5005412101745605,0.3493875563144684,1.1511536836624146
3808,1.498429298400879,0.3493644595146179,1.1490647792816162
3809,1.4977781772613525,0.3493107855319977,1.1484674215316772
3810,1.498254418373108,0.3492144048213959,1.1490399837493896
3811,1.4975149631500244,0.34921127557754517,1.148303747177124
3812,1.4954373836517334,0.3491120934486389,1.1463252305984497
3813,1.494293451309204,0.3490632474422455,1.1452301740646362
3814,1.4946458339691162,0.34903696179389954,1.145608901977539
3815,1.4943894147872925,0.3489271402359009,1.1454622745513916
3816,1.4925442934036255,0.34891796112060547,1.14362633228302
3817,1.4909571409225464,0.34884175658226013,1.1421153545379639
3818,1.490983009338379,0.3487638533115387,1.1422191858291626
3819,1.4911168813705444,0.34875568747520447,1.1423611640930176
3820,1.4896912574768066,0.348646342754364,1.1410448551177979
3821,1.4878073930740356,0.34861719608306885,1.1391901969909668
3822,1.487341046333313,0.3485683500766754,1.13877272605896
3823,1.4876611232757568,0.3484700322151184,1.1391910314559937
3824,1.4867916107177734,0.3484644293785095,1.1383271217346191
3825,1.4848538637161255,0.3483690023422241,1.1364848613739014
3826,1.483817219734192,0.34831738471984863,1.1354998350143433
3827,1.484053373336792,0.3482898473739624,1.1357635259628296
3828,1.483742356300354,0.3481823205947876,1.1355600357055664
3829,1.4820425510406494,0.34817054867744446,1.1338720321655273
3830,1.4805035591125488,0.34809237718582153,1.132411241531372
3831,1.4803695678710938,0.34801802039146423,1.1323515176773071
3832,1.4804744720458984,0.348006010055542,1.1324684619903564
3833,1.4792673587799072,0.3478970229625702,1.1313703060150146
3834,1.4774553775787354,0.34787100553512573,1.1295843124389648
3835,1.4767451286315918,0.34781575202941895,1.1289293766021729
3836,1.4769551753997803,0.34772229194641113,1.1292328834533691
3837,1.4763721227645874,0.3477146625518799,1.1286574602127075
3838,1.474640130996704,0.3476153612136841,1.12702476978302
3839,1.4733335971832275,0.3475702106952667,1.1257634162902832
3840,1.473283290863037,0.34753355383872986,1.1257497072219849
3841,1.4732215404510498,0.3474311828613281,1.1257903575897217
3842,1.4719297885894775,0.3474205732345581,1.1245092153549194
3843,1.4702403545379639,0.347333699464798,1.1229066848754883
3844,1.4696234464645386,0.34727153182029724,1.122351884841919
3845,1.4697619676589966,0.3472484350204468,1.1225135326385498
3846,1.4691097736358643,0.3471407890319824,1.1219689846038818
3847,1.4674474000930786,0.34712326526641846,1.1203241348266602
3848,1.4661997556686401,0.3470516502857208,1.1191481351852417
3849,1.4660899639129639,0.3469722867012024,1.1191177368164062
3850,1.4659907817840576,0.3469586968421936,1.1190320253372192
3851,1.4647808074951172,0.3468528687953949,1.1179279088974
3852,1.4631505012512207,0.3468222916126251,1.116328239440918
3853,1.4624465703964233,0.3467666208744049,1.1156799793243408
3854,1.4625086784362793,0.34667545557022095,1.1158332824707031
3855,1.4619637727737427,0.34666332602500916,1.1153004169464111
3856,1.460431456565857,0.3465639054775238,1.1138675212860107
3857,1.4591031074523926,0.34652137756347656,1.112581729888916
3858,1.458822250366211,0.3464769423007965,1.1123453378677368
3859,1.4587690830230713,0.34637877345085144,1.1123902797698975
3860,1.457787275314331,0.3463671803474426,1.1114201545715332
3861,1.4561951160430908,0.346274733543396,1.1099203824996948
3862,1.455256462097168,0.34622126817703247,1.1090351343154907
3863,1.455193281173706,0.34618860483169556,1.1090046167373657
3864,1.4548711776733398,0.3460846245288849,1.1087865829467773
3865,1.4535800218582153,0.34606942534446716,1.1075105667114258
3866,1.4521136283874512,0.34598588943481445,1.1061277389526367
3867,1.4515169858932495,0.34592029452323914,1.105596661567688
3868,1.451486587524414,0.3458942770957947,1.1055922508239746
3869,1.4508640766143799,0.3457900285720825,1.1050740480422974
3870,1.449418544769287,0.34576964378356934,1.1036489009857178
3871,1.4481666088104248,0.34569495916366577,1.1024715900421143
3872,1.447812795639038,0.34562212228775024,1.1021907329559326
3873,1.4476964473724365,0.3456001877784729,1.1020963191986084
3874,1.44681978225708,0.34549564123153687,1.1013240814208984
3875,1.4453388452529907,0.3454705774784088,1.0998682975769043
3876,1.4443079233169556,0.345402330160141,1.0989055633544922
3877,1.4440891742706299,0.34532251954078674,1.0987666845321655
3878,1.4438419342041016,0.3453037142753601,1.0985382795333862
3879,1.4427846670150757,0.3451995551586151,1.0975850820541382
3880,1.4413444995880127,0.3451692461967468,1.0961753129959106
3881,1.4404942989349365,0.345107764005661,1.0953865051269531
3882,1.440330147743225,0.34502387046813965,1.0953062772750854
3883,1.43995201587677,0.3450060188770294,1.094946026802063
3884,1.4387905597686768,0.34490472078323364,1.0938857793807983
3885,1.4374167919158936,0.34486961364746094,1.0925471782684326
3886,1.436694860458374,0.3448110818862915,1.0918837785720825
3887,1.4365365505218506,0.3447246551513672,1.0918118953704834
3888,1.4360558986663818,0.3447069823741913,1.0913488864898682
3889,1.4348468780517578,0.34460675716400146,1.0902401208877563
3890,1.433538556098938,0.34456920623779297,1.088969349861145
3891,1.4328893423080444,0.3445129096508026,1.0883764028549194
3892,1.432715654373169,0.3444235324859619,1.088292121887207
3893,1.4321759939193726,0.3444056212902069,1.0877703428268433
3894,1.430957317352295,0.34430646896362305,1.0866508483886719
3895,1.429695963859558,0.34426677227020264,1.0854291915893555
3896,1.4290721416473389,0.34421271085739136,1.0848594903945923
3897,1.4288768768310547,0.3441236615180969,1.084753155708313
3898,1.4283182621002197,0.34410494565963745,1.084213376045227
3899,1.427119255065918,0.3440069556236267,1.0831122398376465
3900,1.4258801937103271,0.34396690130233765,1.0819132328033447
3901,1.425241470336914,0.34391069412231445,1.0813307762145996
3902,1.4250198602676392,0.3438222408294678,1.0811976194381714
3903,1.4244790077209473,0.3438023030757904,1.0806766748428345
3904,1.4233258962631226,0.3437030017375946,1.0796228647232056
3905,1.42208993434906,0.3436645269393921,1.078425407409668
3906,1.4214017391204834,0.3436071276664734,1.0777945518493652
3907,1.4211506843566895,0.3435203433036804,1.0776304006576538
3908,1.4206575155258179,0.3434998095035553,1.077157735824585
3909,1.4195762872695923,0.34340012073516846,1.0761761665344238
3910,1.4183349609375,0.3433627486228943,1.074972152709961
3911,1.4175593852996826,0.34330126643180847,1.0742580890655518
3912,1.417259693145752,0.34321773052215576,1.0740419626235962
3913,1.4168365001678467,0.3431943655014038,1.0736421346664429
3914,1.4158594608306885,0.34309425950050354,1.0727652311325073
3915,1.4146215915679932,0.34306055307388306,1.0715610980987549
3916,1.4137356281280518,0.34299367666244507,1.070741891860962
3917,1.4133563041687012,0.342915415763855,1.0704408884048462
3918,1.413001298904419,0.34288957715034485,1.0701117515563965
3919,1.4121644496917725,0.34278810024261475,1.0693763494491577
3920,1.4109597206115723,0.34275808930397034,1.0682016611099243
3921,1.4099493026733398,0.3426845669746399,1.0672647953033447
3922,1.4094480276107788,0.342611163854599,1.0668368339538574
3923,1.409132957458496,0.342580646276474,1.0665522813796997
3924,1.4084632396697998,0.3424805998802185,1.0659825801849365
3925,1.4073463678359985,0.3424537181854248,1.0648926496505737
3926,1.4062319993972778,0.3423738181591034,1.063858151435852
3927,1.4055566787719727,0.34230905771255493,1.0632476806640625
3928,1.4052205085754395,0.3422711491584778,1.062949299812317
3929,1.4047197103500366,0.3421732187271118,1.0625464916229248
3930,1.4037610292434692,0.34214910864830017,1.0616118907928467
3931,1.4025990962982178,0.3420615792274475,1.060537576675415
3932,1.4017252922058105,0.342006117105484,1.059719204902649
3933,1.4012794494628906,0.3419598937034607,1.0593196153640747
3934,1.4008986949920654,0.3418657183647156,1.0590330362319946
3935,1.4001576900482178,0.3418421149253845,1.0583155155181885
3936,1.3990553617477417,0.3417482078075409,1.0573071241378784
3937,1.3980071544647217,0.3417021632194519,1.0563050508499146
3938,1.3973579406738281,0.3416450619697571,1.0557129383087158
3939,1.3969898223876953,0.34155914187431335,1.0554306507110596
3940,1.3964699506759644,0.34153249859809875,1.054937481880188
3941,1.395548701286316,0.3414343297481537,1.0541143417358398
3942,1.394431710243225,0.3413989543914795,1.0530327558517456
3943,1.393539309501648,0.3413287401199341,1.0522105693817139
3944,1.393031120300293,0.34125447273254395,1.051776647567749
3945,1.3926419019699097,0.3412210941314697,1.05142080783844
3946,1.3919824361801147,0.3411210775375366,1.0508613586425781
3947,1.390967607498169,0.34109237790107727,1.049875259399414
3948,1.3899033069610596,0.34100961685180664,1.048893690109253
3949,1.389135479927063,0.3409486711025238,1.0481867790222168
3950,1.3886878490447998,0.34090447425842285,1.047783374786377
3951,1.3882423639297485,0.34081077575683594,1.0474315881729126
3952,1.3874880075454712,0.34078410267829895,1.0467039346694946
3953,1.3864463567733765,0.34069108963012695,1.0457552671432495
3954,1.3854424953460693,0.3406445384025574,1.0447978973388672
3955,1.384750485420227,0.3405839204788208,1.0441665649414062
3956,1.3843178749084473,0.34050077199935913,1.043817162513733
3957,1.3838261365890503,0.34047067165374756,1.0433554649353027
3958,1.38302743434906,0.3403714597225189,1.0426559448242188
3959,1.3819905519485474,0.3403375446796417,1.041653037071228
3960,1.3810276985168457,0.34026023745536804,1.0407674312591553
3961,1.3803620338439941,0.340192973613739,1.0401691198349
3962,1.3799221515655518,0.3401513993740082,1.0397707223892212
3963,1.3794105052947998,0.3400561511516571,1.0393543243408203
3964,1.3786131143569946,0.34002789855003357,1.0385851860046387
3965,1.3775967359542847,0.3399362564086914,1.0376604795455933
3966,1.3766417503356934,0.33988773822784424,1.0367540121078491
3967,1.375962495803833,0.3398274779319763,1.0361350774765015
3968,1.3755035400390625,0.33974510431289673,1.035758376121521
3969,1.3749994039535522,0.33971333503723145,1.0352860689163208
3970,1.3742386102676392,0.33961474895477295,1.0346238613128662
3971,1.3732547760009766,0.3395809531211853,1.033673882484436
3972,1.3722907304763794,0.33950063586235046,1.0327900648117065
3973,1.371563196182251,0.3394368290901184,1.0321264266967773
3974,1.3710670471191406,0.33939045667648315,1.0316765308380127
3975,1.3705852031707764,0.3392978608608246,1.0312873125076294
3976,1.369894027709961,0.3392683267593384,1.0306257009506226
3977,1.3689656257629395,0.33917391300201416,1.0297917127609253
3978,1.367985725402832,0.33913081884384155,1.0288548469543457
3979,1.3671797513961792,0.33906134963035583,1.028118371963501
3980,1.3666162490844727,0.33898666501045227,1.0276296138763428
3981,1.3661484718322754,0.3389474153518677,1.0272010564804077
3982,1.3655487298965454,0.3388505280017853,1.0266982316970825
3983,1.364713430404663,0.3388201892375946,1.025893211364746
3984,1.3637439012527466,0.33873048424720764,1.0250134468078613
3985,1.362851619720459,0.3386792540550232,1.024172306060791
3986,1.3621792793273926,0.3386193811893463,1.0235599279403687
3987,1.361677885055542,0.33853679895401,1.0231410264968872
3988,1.3611611127853394,0.33850157260894775,1.0226595401763916
3989,1.3604613542556763,0.3384041488170624,1.0220571756362915
3990,1.3595638275146484,0.3383699059486389,1.0211938619613647
3991,1.3586175441741943,0.33828455209732056,1.0203330516815186
3992,1.357804775238037,0.3382273316383362,1.0195773839950562
3993,1.3571991920471191,0.3381710946559906,1.0190280675888062
3994,1.3567050695419312,0.33808496594429016,1.0186201333999634
3995,1.356144905090332,0.33805128931999207,1.0180935859680176
3996,1.3553948402404785,0.3379536271095276,1.0174412727355957
3997,1.3544856309890747,0.337917298078537,1.0165683031082153
3998,1.3535680770874023,0.3378343880176544,1.0157337188720703
3999,1.35279381275177,0.33777379989624023,1.0150200128555298
4000,1.3522043228149414,0.3377193510532379,1.0144850015640259
4001,1.3517018556594849,0.337632417678833,1.0140694379806519
4002,1.3511269092559814,0.33759844303131104,1.0135284662246704
4003,1.3503767251968384,0.33750131726264954,1.0128754377365112
4004,1.3494840860366821,0.33746472001075745,1.012019395828247
4005,1.3485791683197021,0.3373808264732361,1.0111982822418213
4006,1.3477985858917236,0.33732113242149353,1.0104774236679077
4007,1.3471866846084595,0.33726438879966736,1.0099222660064697
4008,1.346671462059021,0.33717843890190125,1.0094929933547974
4009,1.346113920211792,0.33714303374290466,1.008970856666565
4010,1.3454089164733887,0.33704572916030884,1.0083632469177246
4011,1.3445556163787842,0.33701014518737793,1.0075454711914062
4012,1.343653917312622,0.3369230031967163,1.0067309141159058
4013,1.3428312540054321,0.3368675410747528,1.005963683128357
4014,1.3421614170074463,0.3368048369884491,1.0053565502166748
4015,1.3416118621826172,0.3367236256599426,1.0048882961273193
4016,1.341080665588379,0.33668363094329834,1.0043970346450806
4017,1.340451955795288,0.3365868330001831,1.003865122795105
4018,1.3396786451339722,0.33655276894569397,1.0031259059906006
4019,1.3388060331344604,0.33646073937416077,1.002345323562622
4020,1.3379366397857666,0.3364124298095703,1.0015242099761963
4021,1.3371715545654297,0.33634132146835327,1.0008302927017212
4022,1.3365412950515747,0.3362683355808258,1.0002729892730713
4023,1.3360002040863037,0.3362208604812622,0.9997793436050415
4024,1.3354473114013672,0.3361276090145111,0.9993196725845337
4025,1.3347952365875244,0.3360927700996399,0.9987024664878845
4026,1.3340167999267578,0.3359963893890381,0.998020350933075
4027,1.333155632019043,0.335956335067749,0.997199296951294
4028,1.3323043584823608,0.33587366342544556,0.9964306950569153
4029,1.331542730331421,0.3358136713504791,0.9957290887832642
4030,1.3309035301208496,0.33575379848480225,0.9951497316360474
4031,1.330348253250122,0.33567044138908386,0.9946777820587158
4032,1.3297979831695557,0.33562999963760376,0.9941679239273071
4033,1.3291724920272827,0.33553293347358704,0.9936395883560181
4034,1.3284337520599365,0.3354976177215576,0.9929361343383789
4035,1.3276057243347168,0.3354035019874573,0.9922022223472595
4036,1.3267550468444824,0.3353577256202698,0.9913973212242126
4037,1.3259565830230713,0.3352806270122528,0.9906759858131409
4038,1.3252582550048828,0.3352143466472626,0.9900438785552979
4039,1.3246582746505737,0.3351583778858185,0.9894999265670776
4040,1.324105143547058,0.3350715637207031,0.989033579826355
4041,1.323533058166504,0.3350321650505066,0.9885008931159973
4042,1.3228826522827148,0.33493414521217346,0.987948477268219
4043,1.3221341371536255,0.33489853143692017,0.9872356057167053
4044,1.3213154077529907,0.33480480313301086,0.9865105748176575
4045,1.3204808235168457,0.33475828170776367,0.985722541809082
4046,1.3196922540664673,0.3346802890300751,0.9850119948387146
4047,1.318987250328064,0.33461418747901917,0.9843730926513672
4048,1.318369746208191,0.33455613255500793,0.9838135838508606
4049,1.317805528640747,0.33447083830833435,0.9833346605300903
4050,1.3172385692596436,0.33442914485931396,0.9828094840049744
4051,1.3166193962097168,0.33433204889297485,0.9822873473167419
4052,1.3159209489822388,0.3342961072921753,0.9816248416900635
4053,1.3151473999023438,0.33419907093048096,0.980948269367218
4054,1.314330816268921,0.33415669202804565,0.98017418384552
4055,1.3135217428207397,0.33407166600227356,0.9794500470161438
4056,1.3127589225769043,0.3340131938457489,0.9787457585334778
4057,1.3120694160461426,0.33394569158554077,0.9781237840652466
4058,1.3114495277404785,0.33386844396591187,0.9775810837745667
4059,1.3108750581741333,0.3338181972503662,0.9770568609237671
4060,1.3103052377700806,0.33372655510902405,0.9765787124633789
4061,1.3097023963928223,0.33368822932243347,0.9760141968727112
4062,1.30903959274292,0.3335888385772705,0.9754507541656494
4063,1.3083117008209229,0.33355289697647095,0.9747588634490967
4064,1.3075323104858398,0.3334561586380005,0.9740760922431946
4065,1.3067302703857422,0.33341196179389954,0.9733182787895203
4066,1.3059401512145996,0.3333272337913513,0.9726129174232483
4067,1.3051908016204834,0.3332684338092804,0.9719223976135254
4068,1.304499626159668,0.3331998586654663,0.9712997674942017
4069,1.3038661479949951,0.3331246078014374,0.9707415103912354
4070,1.3032727241516113,0.33307135105133057,0.9702014327049255
4071,1.3027000427246094,0.3329812288284302,0.9697188138961792
4072,1.3021165132522583,0.3329409062862396,0.9691755771636963
4073,1.301501750946045,0.332841694355011,0.9686599969863892
4074,1.3008395433425903,0.33280622959136963,0.9680333137512207
4075,1.30012845993042,0.33270514011383057,0.9674233198165894
4076,1.2993757724761963,0.3326667845249176,0.9667090177536011
4077,1.298596978187561,0.3325713574886322,0.9660255908966064
4078,1.2978150844573975,0.33252543210983276,0.9652896523475647
4079,1.2970482110977173,0.3324407637119293,0.9646074771881104
4080,1.2963135242462158,0.3323821425437927,0.9639313220977783
4081,1.2956175804138184,0.33231085538864136,0.9633066654205322
4082,1.294965147972107,0.3322373330593109,0.9627277851104736
4083,1.294346809387207,0.332180380821228,0.9621664881706238
4084,1.2937560081481934,0.3320935368537903,0.9616624712944031
4085,1.2931745052337646,0.3320484161376953,0.9611260890960693
4086,1.292593002319336,0.3319518566131592,0.9606411457061768
4087,1.2919964790344238,0.33191436529159546,0.9600821733474731
4088,1.2913761138916016,0.33181124925613403,0.9595649242401123
4089,1.2907302379608154,0.33177846670150757,0.9589517116546631
4090,1.290053367614746,0.33167240023612976,0.958380937576294
4091,1.289350152015686,0.3316395580768585,0.9577106237411499
4092,1.2886236906051636,0.3315354585647583,0.9570882320404053
4093,1.2878813743591309,0.3314984440803528,0.9563828706741333
4094,1.287130355834961,0.33140021562576294,0.9557300806045532
4095,1.286376953125,0.33135688304901123,0.9550201296806335
4096,1.285630464553833,0.3312649726867676,0.9543654322624207
4097,1.2848927974700928,0.33121436834335327,0.9536784291267395
4098,1.2841684818267822,0.3311302065849304,0.9530383348464966
4099,1.2834596633911133,0.33107051253318787,0.952389121055603
4100,1.2827677726745605,0.33099597692489624,0.9517718553543091
4101,1.2820932865142822,0.33092647790908813,0.9511667490005493
4102,1.2814351320266724,0.33086109161376953,0.9505740404129028
4103,1.2807937860488892,0.33078286051750183,0.9500108957290649
4104,1.2801693677902222,0.33072593808174133,0.9494433999061584
4105,1.2795603275299072,0.3306393623352051,0.9489209055900574
4106,1.2789669036865234,0.33059102296829224,0.9483758211135864
4107,1.2783920764923096,0.33049476146698,0.9478973150253296
4108,1.2778393030166626,0.3304559290409088,0.9473834037780762
4109,1.2773127555847168,0.33034929633140564,0.9469634890556335
4110,1.2768197059631348,0.33032023906707764,0.9464994072914124
4111,1.2763713598251343,0.33020395040512085,0.9461674094200134
4112,1.2759796380996704,0.33018630743026733,0.9457933306694031
4113,1.27566397190094,0.3300570547580719,0.9456069469451904
4114,1.2754517793655396,0.3300546109676361,0.945397138595581
4115,1.275372862815857,0.3299073874950409,0.9454654455184937
4116,1.2754778861999512,0.3299245834350586,0.9455532431602478
4117,1.2758171558380127,0.32975536584854126,0.9460618495941162
4118,1.2764745950698853,0.32979828119277954,0.9466763138771057
4119,1.2775174379348755,0.3296007215976715,0.9479166865348816
4120,1.2790683507919312,0.3296768367290497,0.9493915438652039
4121,1.2811625003814697,0.3294413685798645,0.9517210721969604
4122,1.2838919162750244,0.32955968379974365,0.9543322920799255
4123,1.287090539932251,0.32927948236465454,0.9578109979629517
4124,1.290604829788208,0.3294433057308197,0.9611615538597107
4125,1.2937078475952148,0.32912105321884155,0.9645868539810181
4126,1.2957444190979004,0.32931897044181824,0.9664254188537598
4127,1.2954158782958984,0.32897502183914185,0.9664409160614014
4128,1.2921509742736816,0.3291724622249603,0.9629785418510437
4129,1.2856143712997437,0.3288536071777344,0.9567607641220093
4130,1.2771186828613281,0.3289916515350342,0.948127031326294
4131,1.2686697244644165,0.3287630081176758,0.9399067163467407
4132,1.2627323865890503,0.32878193259239197,0.9339504241943359
4133,1.2609326839447021,0.32869207859039307,0.9322406053543091
4134,1.263530969619751,0.3285664916038513,0.9349644780158997
4135,1.2693613767623901,0.3286198079586029,0.9407415390014648
4136,1.2761733531951904,0.32837027311325073,0.9478030800819397
4137,1.2813661098480225,0.32852253317832947,0.9528435468673706
4138,1.282413125038147,0.32821041345596313,0.9542027115821838
4139,1.2784444093704224,0.3283764719963074,0.950067937374115
4140,1.270384669303894,0.3280971348285675,0.9422875046730042
4141,1.2615258693695068,0.32817572355270386,0.933350145816803
4142,1.2555819749832153,0.3280228078365326,0.9275591969490051
4143,1.2549768686294556,0.32794874906539917,0.9270281195640564
4144,1.2595407962799072,0.32795846462249756,0.9315823316574097
4145,1.2666563987731934,0.32773759961128235,0.9389188289642334
4146,1.272535800933838,0.3278677761554718,0.9446679949760437
4147,1.2736680507659912,0.32757139205932617,0.9460967183113098
4148,1.2690287828445435,0.3277187645435333,0.9413099884986877
4149,1.260467529296875,0.3274630010128021,0.9330044984817505
4150,1.252424955368042,0.3275083303451538,0.924916684627533
4151,1.2490234375,0.32739758491516113,0.9216258525848389
4152,1.2517074346542358,0.3272777497768402,0.924429714679718
4153,1.2584229707717896,0.32733216881752014,0.931090772151947
4154,1.2647767066955566,0.3270779550075531,0.9376987814903259
4155,1.2666226625442505,0.32721829414367676,0.9394043684005737
4156,1.2621797323226929,0.3269374966621399,0.935242235660553
4157,1.2537907361984253,0.327034056186676,0.9267566800117493
4158,1.2462847232818604,0.3268568515777588,0.9194278120994568
4159,1.244041919708252,0.32680654525756836,0.9172354340553284
4160,1.2479380369186401,0.32680022716522217,0.921137809753418
4161,1.2548675537109375,0.3265918493270874,0.9282757043838501
4162,1.259836196899414,0.326710045337677,0.9331262111663818
4163,1.2589430809020996,0.3264322280883789,0.9325109124183655
4164,1.2523374557495117,0.3265448212623596,0.9257925748825073
4165,1.244016170501709,0.3263382911682129,0.9176779389381409
4166,1.2393678426742554,0.3263184726238251,0.9130493402481079
4167,1.2410767078399658,0.3262783885002136,0.9147982597351074
4168,1.2473137378692627,0.32609426975250244,0.9212194085121155
4169,1.2531286478042603,0.32619303464889526,0.926935613155365
4170,1.2537682056427002,0.325925350189209,0.9278428554534912
4171,1.2483000755310059,0.3260364532470703,0.9222635626792908
4172,1.2401750087738037,0.3258258104324341,0.9143491387367249
4173,1.2350001335144043,0.3258143663406372,0.9091858267784119
4174,1.2360553741455078,0.3257635235786438,0.9102917909622192
4175,1.2418994903564453,0.32558760046958923,0.9163118600845337
4176,1.2475643157958984,0.3256779909133911,0.9218863248825073
4177,1.2481472492218018,0.325415700674057,0.9227315187454224
4178,1.2427234649658203,0.3255199193954468,0.9172035455703735
4179,1.2349293231964111,0.3253178596496582,0.9096114039421082
4180,1.230391025543213,0.325298547744751,0.9050924181938171
4181,1.2320572137832642,0.3252584636211395,0.9067987203598022
4182,1.237945318222046,0.325076162815094,0.9128692150115967
4183,1.2428290843963623,0.3251667022705078,0.9176623225212097
4184,1.2422120571136475,0.3249090015888214,0.9173030853271484
4185,1.2361042499542236,0.3249971270561218,0.911107063293457
4186,1.2288908958435059,0.3248138725757599,0.9040769934654236
4187,1.2259273529052734,0.3247721195220947,0.9011552929878235
4188,1.2289783954620361,0.3247520327568054,0.9042263627052307
4189,1.2348730564117432,0.32455652952194214,0.9103164672851562
4190,1.2382121086120605,0.3246505856513977,0.9135615229606628
4191,1.235621690750122,0.32440006732940674,0.9112215638160706
4192,1.2287704944610596,0.3244677782058716,0.9043026566505432
4193,1.2228381633758545,0.32431212067604065,0.8985260725021362
4194,1.222231149673462,0.32423830032348633,0.8979928493499756
4195,1.2267792224884033,0.3242468535900116,0.9025323987007141
4196,1.2319897413253784,0.3240329325199127,0.9079568386077881
4197,1.232910394668579,0.32413017749786377,0.9087801575660706
4198,1.2281432151794434,0.32389381527900696,0.904249370098114
4199,1.221285104751587,0.3239317536354065,0.8973533511161804
4200,1.2176494598388672,0.32381463050842285,0.8938348293304443
4201,1.2197215557098389,0.3237019181251526,0.8960196375846863
4202,1.2250370979309082,0.32374003529548645,0.9012970328330994
4203,1.2283720970153809,0.3235119581222534,0.9048601388931274
4204,1.2263089418411255,0.32360246777534485,0.9027064442634583
4205,1.2200466394424438,0.323390394449234,0.8966562151908875
4206,1.2145551443099976,0.3233896791934967,0.8911654353141785
4207,1.2140209674835205,0.32331448793411255,0.8907065391540527
4208,1.2182221412658691,0.3231620192527771,0.8950600624084473
4209,1.222831130027771,0.3232230246067047,0.8996080756187439
4210,1.2231776714324951,0.3229880928993225,0.9001896381378174
4211,1.2184414863586426,0.32306283712387085,0.895378589630127
4212,1.2122406959533691,0.3228866159915924,0.8893540501594543
4213,1.2095208168029785,0.32284238934516907,0.8866783976554871
4214,1.2120290994644165,0.3228163719177246,0.8892127275466919
4215,1.2168513536453247,0.3226291835308075,0.8942221403121948
4216,1.219113826751709,0.3227062523365021,0.8964075446128845
4217,1.2161970138549805,0.32247716188430786,0.8937197923660278
4218,1.2101986408233643,0.3225194811820984,0.8876792192459106
4219,1.2059170007705688,0.3223878741264343,0.8835291266441345
4220,1.2065627574920654,0.32229387760162354,0.8842688798904419
4221,1.2108701467514038,0.32230955362319946,0.8885605931282043
4222,1.2143305540084839,0.32209911942481995,0.8922314047813416
4223,1.213289737701416,0.32217612862586975,0.8911136388778687
4224,1.208096981048584,0.3219699263572693,0.8861269950866699
4225,1.2029166221618652,0.3219715356826782,0.8809451460838318
4226,1.2018051147460938,0.3218883275985718,0.8799168467521667
4227,1.205081820487976,0.32174909114837646,0.8833327293395996
4228,1.209144949913025,0.3217954635620117,0.8873494863510132
4229,1.2097183465957642,0.3215738832950592,0.8881444931030273
4230,1.2057621479034424,0.32163751125335693,0.8841245770454407
4231,1.200284719467163,0.32146549224853516,0.8788191676139832
4232,1.1976836919784546,0.32142069935798645,0.8762629628181458
4233,1.1996541023254395,0.3213869035243988,0.878267228603363
4234,1.2037372589111328,0.32120856642723083,0.8825287222862244
4235,1.2056552171707153,0.32127222418785095,0.884382963180542
4236,1.2030831575393677,0.3210550844669342,0.8820281028747559
4237,1.1978415250778198,0.3210882842540741,0.8767532706260681
4238,1.194104552268982,0.3209618031978607,0.8731427788734436
4239,1.1946381330490112,0.320867657661438,0.8737704753875732
4240,1.198291301727295,0.3208748698234558,0.8774164915084839
4241,1.2011325359344482,0.3206712007522583,0.8804613351821899
4242,1.2000523805618286,0.32073336839675903,0.8793190121650696
4243,1.1954567432403564,0.3205364942550659,0.8749203085899353
4244,1.1909847259521484,0.32052987813949585,0.8704549074172974
4245,1.1900746822357178,0.3204495906829834,0.8696251511573792
4246,1.1928889751434326,0.32031309604644775,0.8725759387016296
4247,1.19626784324646,0.32034891843795776,0.8759188652038574
4248,1.1965727806091309,0.3201354146003723,0.8764373064041138
4249,1.1930148601531982,0.32018446922302246,0.8728304505348206
4250,1.188244104385376,0.32001936435699463,0.8682246804237366
4251,1.1860047578811646,0.3199707567691803,0.8660339713096619
4252,1.18767249584198,0.31993529200553894,0.8677372336387634
4253,1.1911046504974365,0.3197644352912903,0.871340274810791
4254,1.1926531791687012,0.31981712579727173,0.8728360533714294
4255,1.1903644800186157,0.31960824131965637,0.870756208896637
4256,1.1857870817184448,0.31963086128234863,0.8661562204360962
4257,1.182460069656372,0.3195044696331024,0.862955629825592
4258,1.1827590465545654,0.3194114565849304,0.8633475303649902
4259,1.18578040599823,0.3194117248058319,0.8663687109947205
4260,1.1882293224334717,0.3192196488380432,0.8690096139907837
4261,1.18739652633667,0.3192733824253082,0.8681231141090393
4262,1.183477520942688,0.3190840184688568,0.8643934726715088
4263,1.1794456243515015,0.3190748393535614,0.8603707551956177
4264,1.1782997846603394,0.31898874044418335,0.859311044216156
4265,1.1804306507110596,0.3188600242137909,0.8615705966949463
4266,1.1833546161651611,0.31888359785079956,0.8644710779190063
4267,1.183924674987793,0.3186818063259125,0.8652428984642029
4268,1.181136965751648,0.3187241554260254,0.8624128103256226
4269,1.1769132614135742,0.31855762004852295,0.858355700969696
4270,1.1744353771209717,0.3185132145881653,0.8559221625328064
4271,1.1752760410308838,0.31846103072166443,0.856814980506897
4272,1.178084135055542,0.31830352544784546,0.8597806096076965
4273,1.1798572540283203,0.3183422088623047,0.8615149855613708
4274,1.17850661277771,0.3181416392326355,0.8603649735450745
4275,1.1747236251831055,0.3181665539741516,0.8565570712089539
4276,1.1712646484375,0.31802958250045776,0.8532350063323975
4277,1.170573115348816,0.31795233488082886,0.8526207804679871
4278,1.1726467609405518,0.31793004274368286,0.8547167181968689
4279,1.1751153469085693,0.3177529573440552,0.8573623895645142
4280,1.1753383874893188,0.31779494881629944,0.857543408870697
4281,1.172607183456421,0.3176038861274719,0.8550032377243042
4282,1.1687802076339722,0.3176058828830719,0.8511743545532227
4283,1.1665949821472168,0.317497193813324,0.849097728729248
4284,1.1673424243927002,0.31739282608032227,0.8499495387077332
4285,1.169808268547058,0.317391574382782,0.8524166941642761
4286,1.1713523864746094,0.3172051012516022,0.8541473150253296
4287,1.1701805591583252,0.31724315881729126,0.8529374599456787
4288,1.1667793989181519,0.3170650899410248,0.8497143387794495
4289,1.1635308265686035,0.3170444965362549,0.8464863300323486
4290,1.162621259689331,0.31695932149887085,0.845661997795105
4291,1.1642429828643799,0.31683358550071716,0.8474093675613403
4292,1.1664973497390747,0.31684598326683044,0.8496513962745667
4293,1.1669883728027344,0.3166549503803253,0.8503333926200867
4294,1.164844274520874,0.31668752431869507,0.848156750202179
4295,1.1613479852676392,0.31652453541755676,0.8448234796524048
4296,1.1588975191116333,0.31648486852645874,0.8424126505851746
4297,1.158966064453125,0.3164202570915222,0.8425458669662476
4298,1.1609447002410889,0.3162786662578583,0.8446660041809082
4299,1.162703037261963,0.3162992596626282,0.8464037179946899
4300,1.1623146533966064,0.3161083459854126,0.8462063670158386
4301,1.1596437692642212,0.31613147258758545,0.8435122966766357
4302,1.1563711166381836,0.3159824013710022,0.8403887152671814
4303,1.154648780822754,0.3159264326095581,0.8387223482131958
4304,1.155328392982483,0.3158746063709259,0.8394537568092346
4305,1.157332181930542,0.31572312116622925,0.8416091203689575
4306,1.1585732698440552,0.31574493646621704,0.8428283333778381
4307,1.1575922966003418,0.31555670499801636,0.8420355319976807
4308,1.1547248363494873,0.31557178497314453,0.8391531109809875
4309,1.1517679691314697,0.3154330253601074,0.8363348841667175
4310,1.150564193725586,0.3153676390647888,0.8351965546607971
4311,1.1515367031097412,0.3153242766857147,0.8362124562263489
4312,1.1534152030944824,0.31516844034194946,0.838246762752533
4313,1.1542737483978271,0.3151910603046417,0.8390827178955078
4314,1.1529899835586548,0.31500548124313354,0.8379845023155212
4315,1.1501272916793823,0.3150152564048767,0.8351120352745056
4316,1.147430419921875,0.31488317251205444,0.8325471878051758
4317,1.1464921236038208,0.3148123025894165,0.8316798210144043
4318,1.1475249528884888,0.3147725760936737,0.8327523469924927
4319,1.1492542028427124,0.31461453437805176,0.8346396684646606
4320,1.1499300003051758,0.31463462114334106,0.8352953195571899
4321,1.14859938621521,0.3144504427909851,0.8341489434242249
4322,1.145846962928772,0.31445544958114624,0.8313915133476257
4323,1.1432857513427734,0.3143245279788971,0.8289612531661987
4324,1.1423603296279907,0.3142531216144562,0.8281072378158569
4325,1.143270492553711,0.31421178579330444,0.8290587067604065
4326,1.1448745727539062,0.3140575885772705,0.8308169841766357
4327,1.1455678939819336,0.3140745162963867,0.8314934372901917
4328,1.144416093826294,0.3138924241065979,0.8305237293243408
4329,1.1418570280075073,0.3138974905014038,0.8279595375061035
4330,1.1393166780471802,0.31376227736473083,0.825554370880127
4331,1.1381853818893433,0.3136955499649048,0.8244898319244385
4332,1.1388083696365356,0.31364622712135315,0.8251621723175049
4333,1.1402884721755981,0.3134990930557251,0.826789379119873
4334,1.1411586999893188,0.3135116696357727,0.8276470303535461
4335,1.1403934955596924,0.31333088874816895,0.8270625472068787
4336,1.1381455659866333,0.3133391737937927,0.8248063921928406
4337,1.1355795860290527,0.31319570541381836,0.8223838806152344
4338,1.1340625286102295,0.3131381869316101,0.8209242820739746
4339,1.1341999769210815,0.3130757808685303,0.8211241960525513
4340,1.1354584693908691,0.3129381537437439,0.8225203156471252
4341,1.1365654468536377,0.31294262409210205,0.8236227631568909
4342,1.1363730430603027,0.3127642273902893,0.8236088156700134
4343,1.1346420049667358,0.31277599930763245,0.821865975856781
4344,1.132148027420044,0.31262296438217163,0.8195251226425171
4345,1.1301746368408203,0.31258082389831543,0.8175938725471497
4346,1.129619836807251,0.3125014305114746,0.8171183466911316
4347,1.1304266452789307,0.31238090991973877,0.8180457353591919
4348,1.131664752960205,0.3123716711997986,0.8192930817604065
4349,1.132142186164856,0.3121996819972992,0.8199424743652344
4350,1.131194829940796,0.3122134208679199,0.818981409072876
4351,1.1290614604949951,0.312049001455307,0.8170124888420105
4352,1.1267552375793457,0.31202512979507446,0.8147301077842712
4353,1.1253607273101807,0.31192076206207275,0.8134399652481079
4354,1.125363826751709,0.31182360649108887,0.8135402798652649
4355,1.1263675689697266,0.3117932081222534,0.8145743608474731
4356,1.127367377281189,0.31163302063941956,0.815734326839447
4357,1.1273974180221558,0.31164464354515076,0.8157528042793274
4358,1.1260881423950195,0.31147152185440063,0.8146166801452637
4359,1.1239070892333984,0.31146708130836487,0.812440037727356
4360,1.1218303442001343,0.31133583188056946,0.8104944825172424
4361,1.1207504272460938,0.3112676739692688,0.8094828128814697
4362,1.120940923690796,0.31120848655700684,0.8097324967384338
4363,1.1219152212142944,0.31107115745544434,0.8108440637588501
4364,1.1227495670318604,0.31106993556022644,0.8116796612739563
4365,1.1226177215576172,0.3108976185321808,0.8117201328277588
4366,1.1212834119796753,0.31090545654296875,0.8103779554367065
4367,1.119188666343689,0.31074997782707214,0.8084386587142944
4368,1.117218017578125,0.3107146620750427,0.8065033555030823
4369,1.1161518096923828,0.3106176257133484,0.8055341243743896
4370,1.1162420511245728,0.31051498651504517,0.8057270646095276
4371,1.1170895099639893,0.31048497557640076,0.8066045045852661
4372,1.1178913116455078,0.31032851338386536,0.8075627684593201
4373,1.1178990602493286,0.31033530831336975,0.8075637221336365
4374,1.1167988777160645,0.3101646602153778,0.806634247303009
4375,1.1148979663848877,0.3101586699485779,0.8047393560409546
4376,1.1129130125045776,0.3100215196609497,0.8028914928436279
4377,1.1115995645523071,0.3099628686904907,0.8016366958618164
4378,1.1113269329071045,0.3098893165588379,0.8014375567436218
4379,1.1119132041931152,0.309766948223114,0.8021462559700012
4380,1.1127424240112305,0.3097522258758545,0.802990198135376
4381,1.1130887269973755,0.30958688259124756,0.8035018444061279
4382,1.1124999523162842,0.3095936179161072,0.8029063940048218
4383,1.1109874248504639,0.30942726135253906,0.8015601634979248
4384,1.1090444326400757,0.3094102144241333,0.7996342182159424
4385,1.107356071472168,0.3092869520187378,0.7980690598487854
4386,1.1064645051956177,0.3092145025730133,0.7972500324249268
4387,1.1065057516098022,0.3091532289981842,0.7973524928092957
4388,1.1071642637252808,0.3090217113494873,0.7981425523757935
4389,1.1078442335128784,0.30901026725769043,0.798833966255188
4390,1.1079515218734741,0.3088432848453522,0.7991082668304443
4391,1.1071867942810059,0.3088473081588745,0.7983394861221313
4392,1.105644941329956,0.30868539214134216,0.7969595193862915
4393,1.1037930250167847,0.30866557359695435,0.7951274514198303
4394,1.1022181510925293,0.3085445165634155,0.793673574924469
4395,1.1013646125793457,0.3084717392921448,0.7928929328918457
4396,1.1013407707214355,0.308407723903656,0.7929331064224243
4397,1.1018898487091064,0.3082786798477173,0.7936111688613892
4398,1.1025121212005615,0.30826327204704285,0.7942488193511963
4399,1.1026935577392578,0.30809831619262695,0.7945953011512756
4400,1.1021291017532349,0.3081017732620239,0.7940273284912109
4401,1.100823163986206,0.30793651938438416,0.7928866744041443
4402,1.099101185798645,0.3079213500022888,0.7911798357963562
4403,1.0974493026733398,0.3077908754348755,0.7896584272384644
4404,1.0963114500045776,0.3077290952205658,0.7885823249816895
4405,1.095906138420105,0.30765262246131897,0.7882535457611084
4406,1.0961532592773438,0.3075367510318756,0.7886165380477905
4407,1.0967202186584473,0.30750948190689087,0.7892106771469116
4408,1.0971624851226807,0.30735230445861816,0.7898101210594177
4409,1.0971016883850098,0.3073514699935913,0.7897501587867737
4410,1.096350908279419,0.30718252062797546,0.7891683578491211
4411,1.0949976444244385,0.3071771264076233,0.78782057762146
4412,1.0933423042297363,0.3070288896560669,0.7863134741783142
4413,1.0917952060699463,0.30699092149734497,0.7848042249679565
4414,1.090706706047058,0.3068857789039612,0.7838209271430969
4415,1.0902552604675293,0.3067973852157593,0.7834578156471252
4416,1.090384840965271,0.30674198269844055,0.7836428880691528
4417,1.0908443927764893,0.30660659074783325,0.784237802028656
4418,1.0912843942642212,0.30659201741218567,0.7846923470497131
4419,1.0913705825805664,0.3064280152320862,0.784942626953125
4420,1.0909013748168945,0.30642974376678467,0.7844716310501099
4421,1.0898469686508179,0.3062627911567688,0.7835841774940491
4422,1.0883888006210327,0.30625119805336,0.7821376323699951
4423,1.0868154764175415,0.3061087727546692,0.7807067036628723
4424,1.0854512453079224,0.30606165528297424,0.7793895602226257
4425,1.0845402479171753,0.30596235394477844,0.7785779237747192
4426,1.0841771364212036,0.30586984753608704,0.7783072590827942
4427,1.0842900276184082,0.3058176338672638,0.7784724235534668
4428,1.084673285484314,0.30568262934684753,0.778990626335144
4429,1.08505380153656,0.305665522813797,0.7793882489204407
4430,1.085167646408081,0.3055022060871124,0.779665470123291
4431,1.0848438739776611,0.3055017590522766,0.7793421745300293
4432,1.084018349647522,0.3053331971168518,0.7786851525306702
4433,1.0827794075012207,0.3053264915943146,0.7774529457092285
4434,1.081311821937561,0.3051755726337433,0.7761362195014954
4435,1.0798659324645996,0.30514249205589294,0.7747234106063843
4436,1.0786702632904053,0.30502548813819885,0.7736448049545288
4437,1.0778818130493164,0.3049519956111908,0.772929847240448
4438,1.077547311782837,0.3048768639564514,0.7726703882217407
4439,1.0776034593582153,0.3047613203525543,0.7728421688079834
4440,1.0778987407684326,0.3047265410423279,0.7731722593307495
4441,1.0782390832901,0.30457645654678345,0.7736626267433167
4442,1.0784310102462769,0.3045690059661865,0.7738620042800903
4443,1.0783131122589111,0.3043997287750244,0.7739134430885315
4444,1.0778048038482666,0.30440184473991394,0.7734029293060303
4445,1.0768976211547852,0.304231733083725,0.7726658582687378
4446,1.075679063796997,0.30422481894493103,0.7714542150497437
4447,1.0742894411087036,0.30407172441482544,0.7702177166938782
4448,1.0729069709777832,0.30403992533683777,0.768867015838623
4449,1.0716931819915771,0.30391696095466614,0.7677762508392334
4450,1.0707755088806152,0.30385076999664307,0.7669246792793274
4451,1.070211410522461,0.3037654161453247,0.766446053981781
4452,1.069995641708374,0.3036630153656006,0.7663326859474182
4453,1.0700623989105225,0.3036138117313385,0.7664485573768616
4454,1.070306658744812,0.3034771680831909,0.7668294906616211
4455,1.0706002712249756,0.3034574091434479,0.7671428918838501
4456,1.0708132982254028,0.30329450964927673,0.7675187587738037
4457,1.0708420276641846,0.3032945394515991,0.7675474286079407
4458,1.070598840713501,0.3031182587146759,0.7674806118011475
4459,1.0700531005859375,0.30312567949295044,0.7669274806976318
4460,1.0692009925842285,0.30294984579086304,0.7662510871887207
4461,1.0680999755859375,0.30294981598854065,0.7651501297950745
4462,1.0668256282806396,0.30278661847114563,0.7640390396118164
4463,1.0654890537261963,0.3027670979499817,0.7627220153808594
4464,1.064197063446045,0.30262768268585205,0.7615693807601929
4465,1.0630474090576172,0.30258122086524963,0.7604662179946899
4466,1.0621122121810913,0.30247190594673157,0.7596402764320374
4467,1.0614337921142578,0.30239444971084595,0.7590393424034119
4468,1.061018943786621,0.3023165464401245,0.7587023377418518
4469,1.060847282409668,0.3022073209285736,0.758639931678772
4470,1.0608785152435303,0.3021593987941742,0.7587191462516785
4471,1.0610606670379639,0.3020210564136505,0.7590396404266357
4472,1.0613353252410889,0.30200105905532837,0.7593342661857605
4473,1.0616390705108643,0.3018381595611572,0.759800910949707
4474,1.0619181394577026,0.30184051394462585,0.7600776553153992
4475,1.0621064901351929,0.30165842175483704,0.7604480981826782
4476,1.0621662139892578,0.30167508125305176,0.7604910731315613
4477,1.0620362758636475,0.3014814257621765,0.760554850101471
4478,1.0617040395736694,0.30150458216667175,0.7601994276046753
4479,1.0611292123794556,0.30130863189697266,0.7598205804824829
4480,1.0603289604187012,0.3013309836387634,0.7589980363845825
4481,1.059298038482666,0.3011409044265747,0.7581571936607361
4482,1.058093547821045,0.30115368962287903,0.7569398283958435
4483,1.0567538738250732,0.3009756803512573,0.7557781934738159
4484,1.0553548336029053,0.3009718954563141,0.7543829679489136
4485,1.053958773612976,0.3008127212524414,0.7531460523605347
4486,1.0526390075683594,0.30078718066215515,0.7518518567085266
4487,1.0514487028121948,0.30065345764160156,0.7507952451705933
4488,1.0504333972930908,0.3006014823913574,0.7498319149017334
4489,1.049614667892456,0.3004959523677826,0.7491187453269958
4490,1.0490057468414307,0.3004143536090851,0.7485913634300232
4491,1.0486023426055908,0.30033770203590393,0.7482646107673645
4492,1.0483945608139038,0.30022722482681274,0.7481673359870911
4493,1.048370599746704,0.300178587436676,0.7481920123100281
4494,1.0485156774520874,0.3000414967536926,0.7484741806983948
4495,1.0488200187683105,0.3000184893608093,0.7488015294075012
4496,1.0492724180221558,0.29985663294792175,0.7494157552719116
4497,1.0498733520507812,0.29985755681991577,0.7500157356262207
4498,1.050605058670044,0.299671471118927,0.7509336471557617
4499,1.0514737367630005,0.29969626665115356,0.7517774701118469
4500,1.052436351776123,0.2994864881038666,0.7529498338699341
4501,1.0534719228744507,0.2995345890522003,0.753937304019928
4502,1.0544774532318115,0.29930225014686584,0.7551752328872681
4503,1.0553934574127197,0.29937100410461426,0.7560223937034607
4504,1.056021809577942,0.2991212010383606,0.7569006085395813
4505,1.0562572479248047,0.29920387268066406,0.7570534348487854
4506,1.0558509826660156,0.2989461421966553,0.7569048404693604
4507,1.054734230041504,0.29902908205986023,0.7557051181793213
4508,1.0527790784835815,0.2987797260284424,0.7539993524551392
4509,1.0501174926757812,0.29884475469589233,0.7512727975845337
4510,1.0469187498092651,0.2986229658126831,0.748295783996582
4511,1.0435690879821777,0.298650324344635,0.744918704032898
4512,1.0404493808746338,0.2984742820262909,0.7419751286506653
4513,1.0379528999328613,0.29844874143600464,0.7395040988922119
4514,1.0363554954528809,0.29832983016967773,0.7380256652832031
4515,1.0357881784439087,0.2982441186904907,0.737544059753418
4516,1.0362279415130615,0.29818642139434814,0.7380415201187134
4517,1.037521243095398,0.29804137349128723,0.7394798994064331
4518,1.039423942565918,0.2980402708053589,0.7413837313652039
4519,1.0416103601455688,0.29784321784973145,0.7437671422958374
4520,1.0437452793121338,0.29788780212402344,0.7458574771881104
4521,1.0454130172729492,0.2976531386375427,0.7477598190307617
4522,1.046287178993225,0.29772499203681946,0.7485621571540833
4523,1.0460147857666016,0.2974730432033539,0.7485417127609253
4524,1.044518232345581,0.2975473999977112,0.7469707727432251
4525,1.0418212413787842,0.29730793833732605,0.7445132732391357
4526,1.0383288860321045,0.2973548173904419,0.7409741282463074
4527,1.0345720052719116,0.2971571683883667,0.7374148368835449
4528,1.0312230587005615,0.2971498370170593,0.734073281288147
4529,1.0288441181182861,0.2970152199268341,0.7318288683891296
4530,1.0277900695800781,0.29693901538848877,0.7308510541915894
4531,1.0281294584274292,0.2968752086162567,0.7312542796134949
4532,1.0296622514724731,0.2967316508293152,0.732930600643158
4533,1.0319775342941284,0.29673275351524353,0.7352447509765625
4534,1.0345182418823242,0.2965329885482788,0.7379853129386902
4535,1.0367119312286377,0.29657986760139465,0.7401320338249207
4536,1.0379574298858643,0.29634493589401245,0.7416124939918518
4537,1.037880301475525,0.2964128255844116,0.7414674758911133
4538,1.036258339881897,0.29617205262184143,0.7400863170623779
4539,1.0333225727081299,0.2962278127670288,0.7370948195457458
4540,1.0295606851577759,0.2960154414176941,0.7335452437400818
4541,1.0257697105407715,0.29602545499801636,0.7297441959381104
4542,1.0227277278900146,0.2958722710609436,0.7268555164337158
4543,1.021037220954895,0.29581281542778015,0.7252243757247925
4544,1.0209403038024902,0.295734703540802,0.7252055406570435
4545,1.0222954750061035,0.29559987783432007,0.7266955375671387
4546,1.0246431827545166,0.29559391736984253,0.7290492653846741
4547,1.0273025035858154,0.29539623856544495,0.7319062352180481
4548,1.0295499563217163,0.29544174671173096,0.7341082096099854
4549,1.0306780338287354,0.29520827531814575,0.7354698181152344
4550,1.0302844047546387,0.2952718138694763,0.7350125312805176
4551,1.0282254219055176,0.2950378656387329,0.7331876158714294
4552,1.0249022245407104,0.2950803339481354,0.7298218607902527
4553,1.0210108757019043,0.29488497972488403,0.7261258959770203
4554,1.0174797773361206,0.29487353563308716,0.7226062417030334
4555,1.0151124000549316,0.29474425315856934,0.7203680872917175
4556,1.0143797397613525,0.29466068744659424,0.7197190523147583
4557,1.015293002128601,0.29460784792900085,0.7206851243972778
4558,1.0174386501312256,0.2944532036781311,0.7229855060577393
4559,1.0201138257980347,0.29446497559547424,0.7256488800048828
4560,1.0224677324295044,0.2942560911178589,0.7282116413116455
4561,1.0237622261047363,0.294305682182312,0.7294565439224243
4562,1.0234373807907104,0.29407361149787903,0.729363739490509
4563,1.0214385986328125,0.2941248118877411,0.727313756942749
4564,1.0181052684783936,0.2939094305038452,0.7241958975791931
4565,1.014270544052124,0.2939245104789734,0.7203460931777954
4566,1.0108821392059326,0.29376280307769775,0.7171193361282349
4567,1.008772850036621,0.29371118545532227,0.7150617241859436
4568,1.008365273475647,0.29362496733665466,0.7147402763366699
4569,1.0095828771591187,0.29349759221076965,0.7160853147506714
4570,1.0119061470031738,0.2934856414794922,0.7184204459190369
4571,1.014521598815918,0.2932944595813751,0.7212271094322205
4572,1.016567349433899,0.29333406686782837,0.7232332825660706
4573,1.0172762870788574,0.2931087017059326,0.7241676449775696
4574,1.0163003206253052,0.2931610345840454,0.7231392860412598
4575,1.0137014389038086,0.2929404377937317,0.7207609415054321
4576,1.0101215839385986,0.29296380281448364,0.7171577215194702
4577,1.0064644813537598,0.2927895784378052,0.7136749625205994
4578,1.0036993026733398,0.2927519679069519,0.7109472751617432
4579,1.0024811029434204,0.2926497161388397,0.7098314166069031
4580,1.0029784440994263,0.29253724217414856,0.7104411721229553
4581,1.004850149154663,0.2925092875957489,0.7123408913612366
4582,1.0073742866516113,0.29233184456825256,0.7150424718856812
4583,1.0096759796142578,0.2923578917980194,0.717318058013916
4584,1.0108996629714966,0.2921423316001892,0.7187573313713074
4585,1.010542631149292,0.2921885848045349,0.7183541059494019
4586,1.0084953308105469,0.29197198152542114,0.716523289680481
4587,1.0052417516708374,0.2919972538948059,0.7132444977760315
4588,1.0016064643859863,0.2918173670768738,0.7097890377044678
4589,0.9985806941986084,0.2917885184288025,0.7067921757698059
4590,0.9969225525856018,0.2916744351387024,0.7052481174468994
4591,0.996946394443512,0.2915751338005066,0.7053712606430054
4592,0.9984499216079712,0.2915339171886444,0.7069159746170044
4593,1.000798225402832,0.2913688123226166,0.7094293832778931
4594,1.0031388998031616,0.2913854420185089,0.7117534279823303
4595,1.004600167274475,0.2911761403083801,0.713424026966095
4596,1.0046032667160034,0.29121842980384827,0.7133848071098328
4597,1.0029377937316895,0.29100170731544495,0.7119360566139221
4598,0.9999748468399048,0.29103004932403564,0.7089447975158691
4599,0.996458113193512,0.2908455729484558,0.7056125402450562
4600,0.9933529496192932,0.2908231019973755,0.7025298476219177
4601,0.9914590120315552,0.2907022535800934,0.7007567286491394
4602,0.9911772608757019,0.29060959815979004,0.7005676627159119
4603,0.9923955202102661,0.29056212306022644,0.7018334269523621
4604,0.9945575594902039,0.2904024124145508,0.7041551470756531
4605,0.9968615174293518,0.2904149889945984,0.7064465284347534
4606,0.9984481334686279,0.29020947217941284,0.7082386612892151
4607,0.9987017512321472,0.2902490496635437,0.7084527015686035
4608,0.9973405599594116,0.29003390669822693,0.7073066830635071
4609,0.9946465492248535,0.2900603711605072,0.7045862078666687
4610,0.9912774562835693,0.28987598419189453,0.7014014720916748
4611,0.988150954246521,0.28985342383384705,0.6982975602149963
4612,0.9860737323760986,0.28972989320755005,0.6963438391685486
4613,0.9855087995529175,0.28964006900787354,0.695868730545044
4614,0.9864353537559509,0.28958678245544434,0.6968485713005066
4615,0.9883898496627808,0.2894321084022522,0.6989577412605286
4616,0.9906302690505981,0.2894366979598999,0.7011935710906982
4617,0.9923243522644043,0.289238840341568,0.7030855417251587
4618,0.9928328394889832,0.28927159309387207,0.7035612463951111
4619,0.9918084144592285,0.28906217217445374,0.7027462124824524
4620,0.989423394203186,0.28908562660217285,0.7003377676010132
4621,0.9862337708473206,0.28890126943588257,0.697332501411438
4622,0.9830913543701172,0.2888825833797455,0.6942088007926941
4623,0.9808083176612854,0.28875190019607544,0.69205641746521
4624,0.9799108505249023,0.28867143392562866,0.6912394165992737
4625,0.9804821014404297,0.2886071503162384,0.6918749809265137
4626,0.9821697473526001,0.2884639799594879,0.6937057375907898
4627,0.9843171834945679,0.2884570360183716,0.6958601474761963
4628,0.9861364364624023,0.2882673740386963,0.697869062423706
4629,0.9869658350944519,0.2882941961288452,0.6986716389656067
4630,0.9863756895065308,0.28808680176734924,0.6982889175415039
4631,0.9844082593917847,0.2881130874156952,0.6962952017784119
4632,0.9814779162406921,0.28792232275009155,0.6935555934906006
4633,0.9783421754837036,0.28791338205337524,0.6904287934303284
4634,0.9757949709892273,0.28777074813842773,0.6880242228507996
4635,0.974440336227417,0.28770312666893005,0.6867371797561646
4636,0.974498987197876,0.28762567043304443,0.6868733167648315
4637,0.9757733345031738,0.2874945104122162,0.6882787942886353
4638,0.9777337312698364,0.28747859597206116,0.6902551651000977
4639,0.9796677827835083,0.2872954308986664,0.6923723220825195
4640,0.9809002876281738,0.2873188853263855,0.6935814023017883
4641,0.980909526348114,0.2871112823486328,0.6937982439994812
4642,0.9795663356781006,0.28714051842689514,0.6924257874488831
4643,0.9770832657814026,0.2869434356689453,0.6901398301124573
4644,0.9740636348724365,0.286942720413208,0.6871209144592285
4645,0.9712424874305725,0.2867892384529114,0.6844532489776611
4646,0.969300389289856,0.28673335909843445,0.6825670003890991
4647,0.9686324596405029,0.2866421639919281,0.6819902658462524
4648,0.969253659248352,0.2865237295627594,0.682729959487915
4649,0.9708268642425537,0.28649479150772095,0.6843320727348328
4650,0.9727638959884644,0.28632408380508423,0.6864398121833801
4651,0.9744117259979248,0.28633731603622437,0.6880744099617004
4652,0.9751676321029663,0.286137193441391,0.6890304684638977
4653,0.974704384803772,0.28616270422935486,0.6885417103767395
4654,0.9729801416397095,0.28596439957618713,0.6870157718658447
4655,0.970355212688446,0.28597038984298706,0.684384822845459
4656,0.9674195051193237,0.28580400347709656,0.6816155314445496
4657,0.9648727178573608,0.28576526045799255,0.6791074872016907
4658,0.9632775783538818,0.28565168380737305,0.6776258945465088
4659,0.962913453578949,0.28555721044540405,0.6773562431335449
4660,0.9637138843536377,0.2855024039745331,0.6782114505767822
4661,0.9653112888336182,0.28535598516464233,0.6799553036689758
4662,0.9671524167060852,0.28534913063049316,0.681803286075592
4663,0.9686222076416016,0.2851649820804596,0.6834571957588196
4664,0.9692292213439941,0.28518354892730713,0.684045672416687
4665,0.9686541557312012,0.28498539328575134,0.6836687922477722
4666,0.9669333696365356,0.28500133752822876,0.6819320321083069
4667,0.9643725156784058,0.2848164439201355,0.6795560717582703
4668,0.9615471959114075,0.2848033905029297,0.6767438054084778
4669,0.9590797424316406,0.28465813398361206,0.6744216084480286
4670,0.9574898481369019,0.2845979630947113,0.6728918552398682
4671,0.9570403695106506,0.28450697660446167,0.672533392906189
4672,0.9576948881149292,0.28439244627952576,0.6733024716377258
4673,0.9591454267501831,0.2843565046787262,0.6747889518737793
4674,0.9609000086784363,0.28419363498687744,0.6767063736915588
4675,0.9624189734458923,0.2841989994049072,0.6782199740409851
4676,0.963197648525238,0.2840051054954529,0.6791925430297852
4677,0.9629378318786621,0.28402847051620483,0.6789093613624573
4678,0.9615511894226074,0.28382807970046997,0.6777231097221375
4679,0.9592810869216919,0.28384071588516235,0.6754403710365295
4680,0.9565602540969849,0.2836630940437317,0.6728971600532532
4681,0.9539733529090881,0.28364038467407227,0.6703329682350159
4682,0.9520394206047058,0.28350961208343506,0.6685298085212708
4683,0.9511064887046814,0.2834342122077942,0.6676722764968872
4684,0.9512574076652527,0.28336042165756226,0.6678969860076904
4685,0.952314555644989,0.28322911262512207,0.6690854430198669
4686,0.953909158706665,0.28320828080177307,0.6707008481025696
4687,0.9555549621582031,0.2830318808555603,0.6725230813026428
4688,0.9567831754684448,0.283046156167984,0.6737369894981384
4689,0.957182765007019,0.28284499049186707,0.6743377447128296
4690,0.9565638303756714,0.2828685939311981,0.6736952662467957
4691,0.9549241662025452,0.28266966342926025,0.6722545027732849
4692,0.9525513648986816,0.2826763093471527,0.6698750853538513
4693,0.94987952709198,0.28250762820243835,0.667371928691864
4694,0.9474442601203918,0.28247523307800293,0.6649690270423889
4695,0.9456964731216431,0.28235554695129395,0.6633409261703491
4696,0.9449157118797302,0.2822713255882263,0.6626443862915039
4697,0.9451425075531006,0.2822055220603943,0.6629369854927063
4698,0.9461987018585205,0.2820693552494049,0.664129376411438
4699,0.9477434158325195,0.2820493280887604,0.6656940579414368
4700,0.9493375420570374,0.28187328577041626,0.6674642562866211
4701,0.9505630731582642,0.2818830907344818,0.6686800122261047
4702,0.9510411024093628,0.28168657422065735,0.6693544983863831
4703,0.9505801200866699,0.2817041575908661,0.6688759922981262
4704,0.9491389989852905,0.2815108895301819,0.6676281094551086
4705,0.9469430446624756,0.28151416778564453,0.665428876876831
4706,0.9443538188934326,0.28134700655937195,0.6630068421363831
4707,0.9418511986732483,0.28131717443466187,0.6605340242385864
4708,0.9398763179779053,0.2811916172504425,0.6586846709251404
4709,0.9387446641921997,0.2811167240142822,0.6576279401779175
4710,0.9385724067687988,0.2810378670692444,0.6575345396995544
4711,0.9392736554145813,0.28091585636138916,0.6583577990531921
4712,0.9405968189239502,0.28088054060935974,0.6597162485122681
4713,0.9421775341033936,0.2807193100452423,0.6614581942558289
4714,0.9436289072036743,0.2807167172431946,0.6629121899604797
4715,0.9445639848709106,0.28052961826324463,0.664034366607666
4716,0.9447190761566162,0.28054380416870117,0.664175271987915
4717,0.9439375400543213,0.28034961223602295,0.6635879278182983
4718,0.9422887563705444,0.2803613245487213,0.6619274616241455
4719,0.9399814605712891,0.2801801562309265,0.6598013043403625
4720,0.9374154806137085,0.2801700532436371,0.657245397567749
4721,0.935011625289917,0.2800184488296509,0.6549931764602661
4722,0.9331691265106201,0.2799701690673828,0.6531989574432373
4723,0.932149350643158,0.2798611521720886,0.6522881984710693
4724,0.9320360422134399,0.2797679603099823,0.6522680521011353
4725,0.9327377676963806,0.2797057628631592,0.6530320048332214
4726,0.9340218305587769,0.279567688703537,0.6544541120529175
4727,0.9355690479278564,0.2795478403568268,0.656021237373352
4728,0.937015175819397,0.27937251329421997,0.657642662525177
4729,0.9380358457565308,0.2793836295604706,0.6586521863937378
4730,0.9383351802825928,0.27918562293052673,0.6591495275497437
4731,0.9377785921096802,0.27921032905578613,0.658568263053894
4732,0.9363394975662231,0.2790088951587677,0.6573306322097778
4733,0.9342169761657715,0.2790246307849884,0.6551923155784607
4734,0.9317073822021484,0.27884092926979065,0.6528664827346802
4735,0.9292186498641968,0.2788274586200714,0.6503912210464478
4736,0.927133321762085,0.2786809802055359,0.6484523415565491
4737,0.9257521629333496,0.278624027967453,0.647128164768219
4738,0.9252256751060486,0.27852725982666016,0.6466984152793884
4739,0.9255417585372925,0.2784203886985779,0.6471213698387146
4740,0.9265482425689697,0.27837446331977844,0.6481738090515137
4741,0.9279852509498596,0.27822011709213257,0.649765133857727
4742,0.9295452237129211,0.2782164216041565,0.6513288021087646
4743,0.9308874607086182,0.2780264616012573,0.6528609991073608
4744,0.9317308664321899,0.27804967761039734,0.653681218624115
4745,0.9318189024925232,0.2778412103652954,0.6539776921272278
4746,0.9310662746429443,0.2778714895248413,0.653194785118103
4747,0.9294711351394653,0.2776668965816498,0.6518042683601379
4748,0.9272497892379761,0.277681440114975,0.6495683193206787
4749,0.9246967434883118,0.2775033712387085,0.6471933722496033
4750,0.922210693359375,0.2774832844734192,0.6447274088859558
4751,0.9201501607894897,0.2773486375808716,0.6428015232086182
4752,0.9187994599342346,0.277280330657959,0.6415191292762756
4753,0.9182891249656677,0.2771962285041809,0.6410928964614868
4754,0.9186066389083862,0.27707672119140625,0.64152991771698
4755,0.9196076989173889,0.27704042196273804,0.6425672769546509
4756,0.9210456609725952,0.276877224445343,0.6441684365272522
4757,0.9226382374763489,0.2768784761428833,0.6457597613334656
4758,0.9240610003471375,0.2766857147216797,0.6473752856254578
4759,0.9250423908233643,0.2767086625099182,0.648333728313446
4760,0.9253196716308594,0.2765043377876282,0.6488153338432312
4761,0.9247809648513794,0.2765292227268219,0.6482517719268799
4762,0.9233860969543457,0.27633365988731384,0.6470524072647095
4763,0.9213000535964966,0.27634021639823914,0.6449598073959351
4764,0.9187751412391663,0.2761715054512024,0.6426036357879639
4765,0.916185736656189,0.2761422097682953,0.6400435566902161
4766,0.9138988852500916,0.2760133743286133,0.6378855109214783
4767,0.912228524684906,0.2759391665458679,0.6362893581390381
4768,0.9113652110099792,0.2758559584617615,0.6355092525482178
4769,0.9113550186157227,0.2757377028465271,0.6356173157691956
4770,0.912105917930603,0.27569666504859924,0.6364092230796814
4771,0.9134170413017273,0.275540828704834,0.6378762125968933
4772,0.9150270819664001,0.27553313970565796,0.6394939422607422
4773,0.9166257381439209,0.2753521800041199,0.641273558139801
4774,0.9179250597953796,0.2753641605377197,0.6425608992576599
4775,0.9186355471611023,0.2751714587211609,0.6434640884399414
4776,0.9185781478881836,0.27518680691719055,0.6433913707733154
4777,0.9176309704780579,0.27499788999557495,0.6426330804824829
4778,0.9158645272254944,0.2749999165534973,0.6408646106719971
4779,0.9134598970413208,0.2748301923274994,0.6386297345161438
4780,0.9107599258422852,0.2748056650161743,0.6359542608261108
4781,0.908152163028717,0.2746672034263611,0.633484959602356
4782,0.9060176610946655,0.2746075689792633,0.6314101219177246
4783,0.9046370983123779,0.274506539106369,0.6301305890083313
4784,0.9041476845741272,0.2744091749191284,0.6297385096549988
4785,0.9045341610908508,0.2743460536003113,0.6301881074905396
4786,0.9056456089019775,0.27421364188194275,0.6314319968223572
4787,0.9072374105453491,0.27418383955955505,0.6330536007881165
4788,0.9089982509613037,0.2740226089954376,0.6349756121635437
4789,0.910610556602478,0.27401822805404663,0.6365923285484314
4790,0.9117460250854492,0.27383682131767273,0.6379091739654541
4791,0.912156879901886,0.2738470435142517,0.6383098363876343
4792,0.9116502404212952,0.2736564874649048,0.6379937529563904
4793,0.9102270007133484,0.27366918325424194,0.6365578174591064
4794,0.908005952835083,0.27348223328590393,0.6345237493515015
4795,0.9053019285202026,0.27348384261131287,0.6318180561065674
4796,0.902503490447998,0.27331340312957764,0.6291900873184204
4797,0.9000447988510132,0.27329134941101074,0.6267534494400024
4798,0.8982697129249573,0.273149311542511,0.6251204013824463
4799,0.8973913788795471,0.2730937600135803,0.6242976188659668
4800,0.89745032787323,0.272988498210907,0.624461829662323
4801,0.8983322381973267,0.27289503812789917,0.6254372000694275
4802,0.8998026251792908,0.2728300094604492,0.6269726157188416
4803,0.901554524898529,0.27269816398620605,0.628856360912323
4804,0.9032518267631531,0.2726719379425049,0.6305798888206482
4805,0.9045524597167969,0.2725042998790741,0.6320481896400452
4806,0.9051922559738159,0.27251091599464417,0.6326813697814941
4807,0.9049649238586426,0.27231407165527344,0.6326508522033691
4808,0.9038493633270264,0.2723439335823059,0.6315054297447205
4809,0.9019224643707275,0.2721294164657593,0.6297930479049683
4810,0.8994816541671753,0.2721675932407379,0.627314031124115
4811,0.8968624472618103,0.27195191383361816,0.6249105334281921
4812,0.8944815397262573,0.2719813883304596,0.6225001215934753
4813,0.8926585912704468,0.2717840373516083,0.6208745837211609
4814,0.8916172981262207,0.2717864513397217,0.619830846786499
4815,0.8914180994033813,0.27162453532218933,0.6197935938835144
4816,0.891974925994873,0.2715860903263092,0.6203888654708862
4817,0.893077552318573,0.2714712619781494,0.6216062903404236
4818,0.8944494128227234,0.2713829278945923,0.6230664849281311
4819,0.8957815170288086,0.27132102847099304,0.6244605183601379
4820,0.8967896103858948,0.271178662776947,0.6256109476089478
4821,0.8972690105438232,0.27117010951042175,0.6260988712310791
4822,0.8970855474472046,0.27097591757774353,0.6261096596717834
4823,0.8962634801864624,0.27101582288742065,0.6252476572990417
4824,0.8948812484741211,0.27077966928482056,0.6241015791893005
4825,0.8931722640991211,0.2708531618118286,0.6223191022872925
4826,0.8913326263427734,0.2705933153629303,0.6207393407821655
4827,0.8896353244781494,0.2706771194934845,0.6189581751823425
4828,0.8882414698600769,0.2704193592071533,0.6178221106529236
4829,0.8872818946838379,0.27048614621162415,0.6167957782745361
4830,0.8867658376693726,0.27025943994522095,0.6165063977241516
4831,0.8866378664970398,0.27028244733810425,0.6163554191589355
4832,0.8867729306221008,0.27011215686798096,0.6166607737541199
4833,0.8870440721511841,0.2700687348842621,0.6169753670692444
4834,0.8873431086540222,0.26997435092926025,0.617368757724762
4835,0.8876203894615173,0.2698495388031006,0.6177708506584167
4836,0.8878663778305054,0.2698410153388977,0.6180253624916077
4837,0.8880693912506104,0.2696320712566376,0.6184373497962952
4838,0.888231635093689,0.2697042226791382,0.6185274124145508
4839,0.8882452249526978,0.26942333579063416,0.618821918964386
4840,0.8880451321601868,0.2695521116256714,0.6184930205345154
4841,0.8874387741088867,0.26922962069511414,0.618209183216095
4842,0.8863778114318848,0.26937711238861084,0.6170006990432739
4843,0.8847898840904236,0.26905912160873413,0.6157307624816895
4844,0.8828206062316895,0.26917654275894165,0.6136440634727478
4845,0.8806920051574707,0.2689146101474762,0.6117773652076721
4846,0.8787820339202881,0.26895204186439514,0.6098299622535706
4847,0.8774677515029907,0.2687911093235016,0.6086766123771667
4848,0.8770430088043213,0.2687142789363861,0.6083287000656128
4849,0.8776088953018188,0.26867690682411194,0.6089320182800293
4850,0.8790301084518433,0.2684780955314636,0.6105520129203796
4851,0.8809717893600464,0.2685560882091522,0.6124156713485718
4852,0.882897138595581,0.26825636625289917,0.6146407723426819
4853,0.8842902183532715,0.2684136927127838,0.6158765554428101
4854,0.8845900297164917,0.2680601477622986,0.6165298819541931
4855,0.883587658405304,0.2682375907897949,0.615350067615509
4856,0.8812676668167114,0.2678970396518707,0.6133706569671631
4857,0.8781516551971436,0.26802483201026917,0.610126793384552
4858,0.8749225735664368,0.26776736974716187,0.6071552038192749
4859,0.8723682165145874,0.26778507232666016,0.6045831441879272
4860,0.871021032333374,0.26765671372413635,0.6033643484115601
4861,0.8710281252861023,0.2675376534461975,0.6034904718399048
4862,0.8721297979354858,0.26754486560821533,0.6045849323272705
4863,0.8737661838531494,0.26730450987815857,0.6064617037773132
4864,0.8752782344818115,0.26741161942481995,0.607866644859314
4865,0.8760706782341003,0.2670999765396118,0.6089707016944885
4866,0.8758753538131714,0.2672434449195862,0.6086319088935852
4867,0.8747375011444092,0.2669321894645691,0.6078053116798401
4868,0.8731435537338257,0.26703810691833496,0.6061054468154907
4869,0.8716682195663452,0.2667974531650543,0.6048707365989685
4870,0.8708627820014954,0.2668072581291199,0.6040555238723755
4871,0.8709319233894348,0.26667845249176025,0.6042534708976746
4872,0.8716907501220703,0.26657289266586304,0.6051178574562073
4873,0.8725944757461548,0.2665543556213379,0.6060401201248169
4874,0.8728951215744019,0.26635754108428955,0.6065375804901123
4875,0.8720107674598694,0.26640188694000244,0.6056088805198669
4876,0.8697854280471802,0.2661747634410858,0.6036106944084167
4877,0.8667566180229187,0.26620936393737793,0.6005472540855408
4878,0.8639260530471802,0.26602786779403687,0.5978981852531433
4879,0.8623194098472595,0.26598769426345825,0.5963317155838013
4880,0.8624459505081177,0.26590028405189514,0.5965456962585449
4881,0.8640761375427246,0.26576393842697144,0.5983121991157532
4882,0.8663636445999146,0.2657630443572998,0.6006006002426147
4883,0.8681849241256714,0.2655639052391052,0.6026210188865662
4884,0.8686394691467285,0.2655923068523407,0.6030471324920654
4885,0.8674275875091553,0.2654041051864624,0.6020234823226929
4886,0.8651444911956787,0.2653786242008209,0.5997658967971802
4887,0.8629562854766846,0.2652827799320221,0.5976734757423401
4888,0.8619938492774963,0.2651381492614746,0.5968557000160217
4889,0.8626810312271118,0.26517584919929504,0.5975051522254944
4890,0.8644471764564514,0.26490265130996704,0.5995445251464844
4891,0.8661094307899475,0.26504552364349365,0.6010639071464539
4892,0.8663890361785889,0.26470324397087097,0.6016858220100403
4893,0.8647640347480774,0.26486438512802124,0.5998996496200562
4894,0.8616644144058228,0.2645532190799713,0.5971112251281738
4895,0.8584259152412415,0.26463019847869873,0.5937957167625427
4896,0.8564141392707825,0.26444268226623535,0.5919714570045471
4897,0.8562833070755005,0.2643755376338959,0.591907799243927
4898,0.8575891256332397,0.2643393874168396,0.5932497382164001
4899,0.8590964674949646,0.2641434073448181,0.5949530601501465
4900,0.8594985008239746,0.26420465111732483,0.5952938795089722
4901,0.8581655025482178,0.26395702362060547,0.5942084789276123
4902,0.8556037545204163,0.26401448249816895,0.5915892720222473
4903,0.8531434535980225,0.2638157308101654,0.5893276929855347
4904,0.8521288633346558,0.26378440856933594,0.5883444547653198
4905,0.8530387878417969,0.2636928856372833,0.5893458724021912
4906,0.8552138805389404,0.26355668902397156,0.5916572213172913
4907,0.8572832345962524,0.2635510563850403,0.5937321782112122
4908,0.8579474687576294,0.2633681297302246,0.5945793390274048
4909,0.856814980506897,0.2633596956729889,0.5934553146362305
4910,0.8546549081802368,0.26323068141937256,0.5914242267608643
4911,0.8530035018920898,0.26312121748924255,0.5898822546005249
4912,0.8530963659286499,0.26312780380249023,0.5899685621261597
4913,0.8550201654434204,0.262874960899353,0.5921452045440674
4914,0.8576987981796265,0.2630196213722229,0.5946791768074036
4915,0.8594839572906494,0.2626621425151825,0.5968217849731445
4916,0.8593941926956177,0.26286154985427856,0.5965326428413391
4917,0.857539176940918,0.26250120997428894,0.5950379371643066
4918,0.8553544282913208,0.26264330744743347,0.5927110910415649
4919,0.8543335199356079,0.26238393783569336,0.5919495820999146
4920,0.85518479347229,0.2623988091945648,0.5927860140800476
4921,0.857127845287323,0.2622719407081604,0.5948559045791626
4922,0.8584432601928711,0.26217934489250183,0.5962638854980469
4923,0.8576196432113647,0.26211872696876526,0.5955009460449219
4924,0.8544517159461975,0.26201295852661133,0.5924387574195862
4925,0.8504308462142944,0.26190540194511414,0.5885254740715027
4926,0.8476203083992004,0.26189136505126953,0.5857289433479309
4927,0.8470739126205444,0.2616686522960663,0.5854052901268005
4928,0.8480563759803772,0.26177042722702026,0.5862859487533569
4929,0.848633885383606,0.2614663243293762,0.5871675610542297
4930,0.8473082184791565,0.26159512996673584,0.5857130885124207
4931,0.8441580533981323,0.2613237798213959,0.5828342437744141
4932,0.8409225940704346,0.26134949922561646,0.5795730948448181
4933,0.8395722508430481,0.26122939586639404,0.578342854976654
4934,0.8407661318778992,0.2610812783241272,0.579684853553772
4935,0.843358039855957,0.2611353099346161,0.5822227001190186
4936,0.8453128337860107,0.26085230708122253,0.5844605565071106
4937,0.8453023433685303,0.2609879672527313,0.5843143463134766
4938,0.8436708450317383,0.2606866955757141,0.5829841494560242
4939,0.8422241806983948,0.2607737183570862,0.5814504623413086
4940,0.8426397442817688,0.2605661153793335,0.5820736289024353
4941,0.8451667428016663,0.2605389356613159,0.5846278071403503
4942,0.8483242392539978,0.2604403495788574,0.5878838896751404
4943,0.8500246405601501,0.2603434920310974,0.5896811485290527
4944,0.849218487739563,0.2602597773075104,0.588958740234375
4945,0.8467458486557007,0.260206401348114,0.5865394473075867
4946,0.8447160720825195,0.2600178122520447,0.5846982598304749
4947,0.8446465134620667,0.2601011395454407,0.584545373916626
4948,0.8459612727165222,0.25977635383605957,0.5861849188804626
4949,0.8466397523880005,0.2599720060825348,0.5866677761077881
4950,0.8447508215904236,0.2595999240875244,0.5851508975028992
4951,0.8405357599258423,0.25976788997650146,0.5807678699493408
4952,0.8360648155212402,0.2594945728778839,0.5765702128410339
4953,0.8337088823318481,0.2594999670982361,0.5742089152336121
4954,0.8339961767196655,0.2594146430492401,0.5745815634727478
4955,0.8353346586227417,0.259242981672287,0.5760916471481323
4956,0.8355358242988586,0.2592970132827759,0.5762388110160828
4957,0.8337939381599426,0.25905418395996094,0.5747397541999817
4958,0.8314703106880188,0.2591068744659424,0.5723634362220764
4959,0.8308006525039673,0.2589232325553894,0.5718774199485779
4960,0.8328255414962769,0.25887399911880493,0.5739515423774719
4961,0.8363924622535706,0.25879281759262085,0.5775996446609497
4962,0.839107096195221,0.25867313146591187,0.5804339647293091
4963,0.8393702507019043,0.2586122155189514,0.5807580351829529
4964,0.8377101421356201,0.2585428059101105,0.5791673064231873
4965,0.8363198041915894,0.25837022066116333,0.577949583530426
4966,0.8368917107582092,0.25844740867614746,0.5784443020820618
4967,0.8388245701789856,0.25812089443206787,0.5807036757469177
4968,0.8398711681365967,0.25831863284111023,0.5815525054931641
4969,0.8379906415939331,0.25794094800949097,0.5800496935844421
4970,0.8336789608001709,0.25811299681663513,0.5755659341812134
4971,0.8293259143829346,0.25784265995025635,0.5714832544326782
4972,0.8272951245307922,0.25784605741500854,0.5694490671157837
4973,0.8276492357254028,0.2577650249004364,0.569884181022644
4974,0.8283461928367615,0.25759321451187134,0.5707529783248901
4975,0.8273753523826599,0.2576342225074768,0.5697411298751831
4976,0.824785590171814,0.257413387298584,0.56737220287323
4977,0.8227325677871704,0.25743237137794495,0.5653001666069031
4978,0.8233065009117126,0.25729113817214966,0.566015362739563
4979,0.826450765132904,0.25720787048339844,0.5692428946495056
4980,0.8299435973167419,0.25715166330337524,0.5727919340133667
4981,0.8313807845115662,0.25702667236328125,0.5743541121482849
4982,0.8303858637809753,0.25694215297698975,0.5734437108039856
4983,0.8288305997848511,0.2569137215614319,0.5719168782234192
4984,0.8288759589195251,0.2566884160041809,0.5721875429153442
4985,0.8306779861450195,0.25682052969932556,0.5738574266433716
4986,0.831992506980896,0.25646308064460754,0.5755294561386108
4987,0.8306227922439575,0.25666341185569763,0.5739593505859375
4988,0.8264309167861938,0.25631868839263916,0.5701122283935547
4989,0.8219304084777832,0.25641775131225586,0.5655126571655273
4990,0.8196576833724976,0.2562393546104431,0.5634183287620544
4991,0.8199242949485779,0.25614655017852783,0.56377774477005
4992,0.8206835985183716,0.25614723563194275,0.5645363330841064
4993,0.8198233246803284,0.2559276223182678,0.5638957023620605
4994,0.817459762096405,0.2559773921966553,0.5614823698997498
4995,0.8158250451087952,0.2557818293571472,0.560043215751648
4996,0.8169281482696533,0.25575152039527893,0.5611766576766968
4997,0.8203816413879395,0.2556605339050293,0.5647211074829102
4998,0.8236798644065857,0.2555510997772217,0.568128764629364
4999,0.8245694637298584,0.2554912269115448,0.569078266620636
5000,0.8231289386749268,0.25541800260543823,0.5677109360694885
5001,0.8216030597686768,0.2552500069141388,0.5663530826568604
5002,0.821896493434906,0.2553219199180603,0.5665745735168457
5003,0.8233681321144104,0.2550053596496582,0.5683627724647522
5004,0.8236030340194702,0.25519001483917236,0.5684130191802979
5005,0.820807933807373,0.254837304353714,0.5659705996513367
5006,0.8161252737045288,0.2549693286418915,0.5611559152603149
5007,0.8124079704284668,0.2547483444213867,0.5576596260070801
5008,0.8115530014038086,0.2546939253807068,0.5568590760231018
5009,0.8126484155654907,0.25466790795326233,0.5579805374145508
5010,0.8131997585296631,0.2544548809528351,0.5587449073791504
5011,0.8119149208068848,0.2545231878757477,0.5573917627334595
5012,0.8100694417953491,0.2542990744113922,0.5557703971862793
5013,0.8100864887237549,0.25431033968925476,0.5557761192321777
5014,0.8127942085266113,0.2541823387145996,0.5586118698120117
5015,0.8164166808128357,0.2540929317474365,0.5623237490653992
5016,0.8182513117790222,0.2540229558944702,0.564228355884552
5017,0.8172787427902222,0.25393733382225037,0.5633413791656494
5018,0.8151429891586304,0.25379443168640137,0.561348557472229
5019,0.8142426609992981,0.2538372874259949,0.5604053735733032
5020,0.8149794936180115,0.2535511255264282,0.5614283680915833
5021,0.8154095411300659,0.2537122666835785,0.561697244644165
5022,0.813308835029602,0.25337013602256775,0.5599386692047119
5023,0.8089982867240906,0.25349879264831543,0.5554994940757751
5024,0.8050499558448792,0.25327348709106445,0.5517764687538147
5025,0.8038129806518555,0.2532265782356262,0.5505864024162292
5026,0.8050084710121155,0.2531985640525818,0.5518099069595337
5027,0.806268572807312,0.2529826760292053,0.5532858967781067
5028,0.8058207035064697,0.2530616819858551,0.552759051322937
5029,0.8043572902679443,0.2528177499771118,0.5515395402908325
5030,0.8041866421699524,0.2528493404388428,0.5513373017311096
5031,0.806499719619751,0.2527015507221222,0.5537981986999512
5032,0.8099352121353149,0.2526324391365051,0.5573027729988098
5033,0.8118312954902649,0.25255584716796875,0.5592754483222961
5034,0.8108829259872437,0.25247374176979065,0.5584092140197754
5035,0.8084594011306763,0.2523346245288849,0.556124746799469
5036,0.8070045709609985,0.2523636519908905,0.5546409487724304
5037,0.8072283864021301,0.25208979845046997,0.5551385879516602
5038,0.8074380159378052,0.2522360384464264,0.5552019476890564
5039,0.8054535388946533,0.2519115209579468,0.5535420179367065
5040,0.8014285564422607,0.2520284354686737,0.5494000911712646
5041,0.7977620363235474,0.25181645154953003,0.5459455847740173
5042,0.7967349290847778,0.25175878405570984,0.5449761748313904
5043,0.7981133460998535,0.2517384886741638,0.5463748574256897
5044,0.7996043562889099,0.25151437520980835,0.5480899810791016
5045,0.7994533181190491,0.2516002655029297,0.5478530526161194
5046,0.7982871532440186,0.25135257840156555,0.5469346046447754
5047,0.79828941822052,0.2513911724090576,0.5468982458114624
5048,0.8005496263504028,0.25123706459999084,0.5493125915527344
5049,0.8037196397781372,0.2511718273162842,0.552547812461853
5050,0.805274248123169,0.2510855793952942,0.5541886687278748
5051,0.8040921688079834,0.25100910663604736,0.553083062171936
5052,0.8016102313995361,0.2508668005466461,0.5507434010505676
5053,0.8001452684402466,0.2509019672870636,0.5492433309555054
5054,0.80022132396698,0.2506312429904938,0.5495901107788086
5055,0.8001430034637451,0.2507694959640503,0.5493735074996948
5056,0.7979637384414673,0.250453382730484,0.5475103259086609
5057,0.7940608859062195,0.2505529522895813,0.5435079336166382
5058,0.7908132076263428,0.2503568232059479,0.5404563546180725
5059,0.7901840209960938,0.2502869665622711,0.5398970246315002
5060,0.7916589975357056,0.25027963519096375,0.5413793921470642
5061,0.7929776906967163,0.250053733587265,0.5429239869117737
5062,0.792702317237854,0.25013837218284607,0.5425639748573303
5063,0.7916957139968872,0.24989598989486694,0.5417997241020203
5064,0.7920279502868652,0.2499259114265442,0.542102038860321
5065,0.7944441437721252,0.24977923929691315,0.5446649193763733
5066,0.7973958849906921,0.2497134953737259,0.5476824045181274
5067,0.7985479831695557,0.24962648749351501,0.5489214658737183
5068,0.7971868515014648,0.2495582401752472,0.54762864112854
5069,0.7949383854866028,0.24940241873264313,0.5455359816551208
5070,0.793861985206604,0.2494458258152008,0.5444161295890808
5071,0.7940493822097778,0.2491663545370102,0.5448830127716064
5072,0.7936877012252808,0.24930869042873383,0.5443789958953857
5073,0.7911617755889893,0.24900025129318237,0.5421615242958069
5074,0.7872589826583862,0.2490931898355484,0.538165807723999
5075,0.7843598127365112,0.24890932440757751,0.5354505181312561
5076,0.7840110659599304,0.24882890284061432,0.5351821780204773
5077,0.785330057144165,0.24882353842258453,0.5365065336227417
5078,0.7861559987068176,0.2486003041267395,0.5375556945800781
5079,0.7855188846588135,0.24867382645606995,0.5368450284004211
5080,0.784613311290741,0.2484492063522339,0.5361641049385071
5081,0.7853413820266724,0.2484619915485382,0.5368793606758118
5082,0.7879862785339355,0.24832984805107117,0.5396564602851868
5083,0.790772020816803,0.24825499951839447,0.5425170063972473
5084,0.7916370034217834,0.24816566705703735,0.5434713363647461
5085,0.7903468608856201,0.24810712039470673,0.5422397255897522
5086,0.7886587381362915,0.24793876707553864,0.5407199859619141
5087,0.7882366180419922,0.2480008602142334,0.5402357578277588
5088,0.7886560559272766,0.24770957231521606,0.5409464836120605
5089,0.7880437970161438,0.24786026775836945,0.5401835441589355
5090,0.7851826548576355,0.24754847586154938,0.5376341938972473
5091,0.7812627553939819,0.24763789772987366,0.5336248278617859
5092,0.7785879969596863,0.2474566251039505,0.531131386756897
5093,0.7782556414604187,0.24737697839736938,0.5308786630630493
5094,0.7790930271148682,0.24736598134040833,0.5317270755767822
5095,0.7791684865951538,0.2471582591533661,0.5320101976394653
5096,0.7780278921127319,0.2472093105316162,0.5308185815811157
5097,0.7771496772766113,0.24701015651226044,0.5301395058631897
5098,0.7781872749328613,0.24699661135673523,0.5311906337738037
5099,0.780974268913269,0.24688522517681122,0.5340890288352966
5100,0.783592939376831,0.246800035238266,0.5367929339408875
5101,0.7843255996704102,0.24671433866024017,0.5376112461090088
5102,0.7833724021911621,0.24666360020637512,0.5367088317871094
5103,0.7824894785881042,0.246481254696846,0.5360082387924194
5104,0.7828820943832397,0.24655722081661224,0.5363248586654663
5105,0.7836652994155884,0.24625086784362793,0.5374144315719604
5106,0.7829831838607788,0.24641087651252747,0.536572277545929
5107,0.7799896597862244,0.2460942417383194,0.5338954329490662
5108,0.7761580944061279,0.24618889391422272,0.5299692153930664
5109,0.7736170887947083,0.24600429832935333,0.5276128053665161
5110,0.7730801105499268,0.24593299627304077,0.527147114276886
5111,0.7732279300689697,0.24590633809566498,0.5273215770721436
5112,0.7724279761314392,0.24572062492370605,0.5267073512077332
5113,0.770707368850708,0.24574461579322815,0.5249627828598022
5114,0.7697278261184692,0.24557775259017944,0.5241500735282898
5115,0.7708739042282104,0.2455361932516098,0.5253376960754395
5116,0.7736274003982544,0.24544790387153625,0.5281794667243958
5117,0.7760396599769592,0.2453465312719345,0.5306931138038635
5118,0.7767296433448792,0.24526526033878326,0.5314643979072571
5119,0.7762082815170288,0.24521738290786743,0.5309908986091614
5120,0.776142418384552,0.24502836167812347,0.5311140418052673
5121,0.7773246169090271,0.24511708319187164,0.5322075486183167
5122,0.7785367369651794,0.24480313062667847,0.533733606338501
5123,0.7780012488365173,0.24497120082378387,0.5330300331115723
5124,0.7751427292823792,0.24464915692806244,0.5304935574531555
5125,0.771568238735199,0.24474777281284332,0.5268204808235168
5126,0.7691844701766968,0.24455592036247253,0.5246285796165466
5127,0.7684017419815063,0.24449703097343445,0.5239046812057495
5128,0.7678623199462891,0.2444540560245514,0.5234082341194153
5129,0.7662410736083984,0.24429184198379517,0.5219492316246033
5130,0.7639439702033997,0.24428702890872955,0.5196569561958313
5131,0.7627369165420532,0.2441476434469223,0.5185892581939697
5132,0.7637982964515686,0.2440788894891739,0.5197194218635559
5133,0.7663723230361938,0.24401338398456573,0.5223589539527893
5134,0.7685364484786987,0.24389883875846863,0.5246376395225525
5135,0.7691770792007446,0.24382585287094116,0.5253512263298035
5136,0.7689999341964722,0.24377776682376862,0.5252221822738647
5137,0.7695555686950684,0.24358496069908142,0.5259706377983093
5138,0.7713178396224976,0.2436772882938385,0.5276405215263367
5139,0.7728722095489502,0.24335935711860657,0.5295128226280212
5140,0.7725244760513306,0.2435300648212433,0.5289943814277649
5141,0.7698870301246643,0.24320830404758453,0.526678740978241
5142,0.7666155695915222,0.24330995976924896,0.5233055949211121
5143,0.7644140720367432,0.24311557412147522,0.5212985277175903
5144,0.7634914517402649,0.24306273460388184,0.5204287171363831
5145,0.7624925971031189,0.24300764501094818,0.5194849371910095
5146,0.7603247165679932,0.24286094307899475,0.5174638032913208
5147,0.757645845413208,0.24283982813358307,0.5148060321807861
5148,0.7562762498855591,0.24272146821022034,0.5135548114776611
5149,0.7572466135025024,0.2426365315914154,0.5146100521087646
5150,0.7596685290336609,0.24258412420749664,0.5170844197273254
5151,0.7616618871688843,0.2424602210521698,0.5192016959190369
5152,0.7622841596603394,0.24239039421081543,0.5198937654495239
5153,0.7623330950737,0.24234294891357422,0.5199901461601257
5154,0.7632491588592529,0.24214932322502136,0.5210998058319092
5155,0.7652959823608398,0.24224618077278137,0.5230498313903809
5156,0.766956090927124,0.2419281303882599,0.5250279903411865
5157,0.7666174173355103,0.24209828674793243,0.524519145488739
5158,0.7640279531478882,0.24177750945091248,0.5222504734992981
5159,0.7608639001846313,0.24187490344047546,0.5189890265464783
5160,0.7587176561355591,0.24168303608894348,0.517034649848938
5161,0.7576914429664612,0.2416306883096695,0.5160607695579529
5162,0.7564631104469299,0.2415754795074463,0.5148876309394836
5163,0.7540985941886902,0.2414313554763794,0.5126672387123108
5164,0.7513816356658936,0.2414044439792633,0.5099771618843079
5165,0.7501168847084045,0.24128848314285278,0.5088284015655518
5166,0.751213550567627,0.24120119214057922,0.5100123882293701
5167,0.7537009119987488,0.24115140736103058,0.5125495195388794
5168,0.7557235956192017,0.24103125929832458,0.5146923065185547
5169,0.7564066648483276,0.24095898866653442,0.5154476761817932
5170,0.7565667629241943,0.24091656506061554,0.51565021276474
5171,0.7575594782829285,0.2407180815935135,0.5168414115905762
5172,0.759549617767334,0.24081730842590332,0.5187323093414307
5173,0.7609856724739075,0.24049890041351318,0.5204867720603943
5174,0.7603363990783691,0.24066875874996185,0.5196676254272461
5175,0.7574610710144043,0.24035479128360748,0.517106294631958
5176,0.7540971040725708,0.24044528603553772,0.5136518478393555
5177,0.7518324851989746,0.2402619570493698,0.5115705132484436
5178,0.7507543563842773,0.24019822478294373,0.510556161403656
5179,0.7495843172073364,0.24015352129936218,0.5094308257102966
5180,0.7474463582038879,0.23999939858913422,0.5074469447135925
5181,0.7451199293136597,0.23998674750328064,0.5051332116127014
5182,0.7443132400512695,0.23985978960990906,0.5044534206390381
5183,0.7458274364471436,0.2397860586643219,0.506041407585144
5184,0.7486382126808167,0.23972195386886597,0.5089162588119507
5185,0.7508796453475952,0.23961439728736877,0.5112652778625488
5186,0.7516569495201111,0.23953048884868622,0.5121264457702637
5187,0.7517333626747131,0.23949767649173737,0.512235701084137
5188,0.7524195909500122,0.23929420113563538,0.5131253600120544
5189,0.753900408744812,0.23939672112464905,0.5145036578178406
5190,0.7547062635421753,0.2390798032283783,0.5156264901161194
5191,0.7534192800521851,0.23924359679222107,0.5141757130622864
5192,0.7500085830688477,0.23893824219703674,0.5110703110694885
5193,0.7462778687477112,0.23901641368865967,0.5072614550590515
5194,0.7438925504684448,0.23885011672973633,0.5050424337387085
5195,0.7429919242858887,0.2387688308954239,0.504223108291626
5196,0.7423195838928223,0.238745778799057,0.5035738348960876
5197,0.7409312129020691,0.23856820166110992,0.5023630261421204
5198,0.7394320368766785,0.23858046531677246,0.500851571559906
5199,0.7393468618392944,0.23842787742614746,0.500918984413147
5200,0.7413890361785889,0.23838022351264954,0.5030087828636169
5201,0.7445381879806519,0.23829343914985657,0.5062447786331177
5202,0.7469251751899719,0.2382059246301651,0.508719265460968
5203,0.7475674152374268,0.23810803890228271,0.509459376335144
5204,0.7471274733543396,0.23808260262012482,0.509044885635376
5205,0.7469437122344971,0.23787717521190643,0.5090665221214294
5206,0.747393012046814,0.23797522485256195,0.5094177722930908
5207,0.7472397089004517,0.23766908049583435,0.5095705986022949
5208,0.7452235221862793,0.23781970143318176,0.5074037909507751
5209,0.7414012551307678,0.23753368854522705,0.5038675665855408
5210,0.7375734448432922,0.23759058117866516,0.4999828636646271
5211,0.7354652881622314,0.23744839429855347,0.4980168640613556
5212,0.7352530360221863,0.23734015226364136,0.4979128837585449
5213,0.7356491088867188,0.23734816908836365,0.4983009397983551
5214,0.7355045080184937,0.23713907599449158,0.49836546182632446
5215,0.7350937724113464,0.23718705773353577,0.49790671467781067
5216,0.7356798648834229,0.23699931800365448,0.4986805319786072
5217,0.7379639148712158,0.23698483407497406,0.5009790658950806
5218,0.7410581111907959,0.23686915636062622,0.5041889548301697
5219,0.7431648969650269,0.2368016541004181,0.5063632130622864
5220,0.7431967258453369,0.236693874001503,0.5065028667449951
5221,0.7417046427726746,0.23666884005069733,0.5050358176231384
5222,0.7401435375213623,0.23647479712963104,0.5036687254905701
5223,0.7392584681510925,0.23655444383621216,0.5027040243148804
5224,0.7382489442825317,0.23627227544784546,0.5019766688346863
5225,0.7360028624534607,0.2363951951265335,0.499607652425766
5226,0.732488751411438,0.2361379861831665,0.4963507652282715
5227,0.7292600274085999,0.23616817593574524,0.4930918514728546
5228,0.7279610633850098,0.23605570197105408,0.4919053912162781
5229,0.7288184762001038,0.23591989278793335,0.4928985834121704
5230,0.7305376529693604,0.2359597086906433,0.49457794427871704
5231,0.7316921949386597,0.23571696877479553,0.49597522616386414
5232,0.7321245670318604,0.2358025312423706,0.49632206559181213
5233,0.7328020334243774,0.2355785369873047,0.49722349643707275
5234,0.7345703840255737,0.2355985939502716,0.4989717900753021
5235,0.7368913292884827,0.23545747995376587,0.5014338493347168
5236,0.738194465637207,0.23540392518043518,0.5027905106544495
5237,0.7373046278953552,0.23529569804668427,0.5020089149475098
5238,0.734610915184021,0.23525428771972656,0.49935662746429443
5239,0.7316995859146118,0.23508749902248383,0.4966120719909668
5240,0.7297930121421814,0.2351316213607788,0.4946613907814026
5241,0.728613018989563,0.2348904013633728,0.4937226474285126
5242,0.7270951867103577,0.23497609794139862,0.49211910367012024
5243,0.7248063683509827,0.23475323617458344,0.49005311727523804
5244,0.722735583782196,0.23475539684295654,0.4879801869392395
5245,0.7223373055458069,0.23466625809669495,0.48767104744911194
5246,0.7240297794342041,0.23450946807861328,0.4895203113555908
5247,0.7267144322395325,0.23457381129264832,0.49214062094688416
5248,0.728763222694397,0.234304741024971,0.49445846676826477
5249,0.7295332551002502,0.2344227135181427,0.49511054158210754
5250,0.7296378016471863,0.2341640591621399,0.4954737424850464
5251,0.7301580905914307,0.2342146337032318,0.49594342708587646
5252,0.7311330437660217,0.23404985666275024,0.4970831871032715
5253,0.7314637899398804,0.23400495946407318,0.497458815574646
5254,0.7299395203590393,0.2339072972536087,0.4960322082042694
5255,0.7266125082969666,0.23384079337120056,0.492771714925766
5256,0.7229681015014648,0.23371751606464386,0.4892506003379822
5257,0.7206006050109863,0.23371170461177826,0.4868888854980469
5258,0.719803512096405,0.23352204263210297,0.48628148436546326
5259,0.7196007966995239,0.2335633933544159,0.48603737354278564
5260,0.7190055251121521,0.23337556421756744,0.48562994599342346
5261,0.718200147151947,0.2333584576845169,0.4848416745662689
5262,0.718305766582489,0.2332809418439865,0.4850248396396637
5263,0.7200881242752075,0.2331189066171646,0.4869692027568817
5264,0.7229875326156616,0.23318998515605927,0.48979753255844116
5265,0.7254271507263184,0.2329077571630478,0.49251940846443176
5266,0.7262746095657349,0.23304781317710876,0.4932268261909485
5267,0.7255980968475342,0.23276184499263763,0.49283626675605774
5268,0.7245896458625793,0.23284301161766052,0.4917466342449188
5269,0.7240004539489746,0.23265519738197327,0.49134528636932373
5270,0.7234864830970764,0.2326195389032364,0.49086692929267883
5271,0.7219524383544922,0.23252975940704346,0.48942264914512634
5272,0.718921422958374,0.2324337661266327,0.48648765683174133
5273,0.7153363227844238,0.2323579639196396,0.48297834396362305
5274,0.7128490805625916,0.23229728639125824,0.4805518090724945
5275,0.7123597264289856,0.23216590285301208,0.4801938235759735
5276,0.7132866382598877,0.23215976357460022,0.48112690448760986
5277,0.7143054008483887,0.23200394213199615,0.4823014736175537
5278,0.7147184610366821,0.23197294771671295,0.48274552822113037
5279,0.7150354385375977,0.23189415037631989,0.48314130306243896
5280,0.716251015663147,0.23174411058425903,0.48450687527656555
5281,0.7185889482498169,0.2318035364151001,0.4867853820323944
5282,0.7209670543670654,0.23152610659599304,0.48944091796875
5283,0.7219817638397217,0.23167341947555542,0.49030831456184387
5284,0.720952033996582,0.2313670814037323,0.4895849823951721
5285,0.7187504768371582,0.23147635161876678,0.4872741401195526
5286,0.7166351079940796,0.23126056790351868,0.4853745102882385
5287,0.7152350544929504,0.23124557733535767,0.4839894771575928
5288,0.7139571905136108,0.23115602135658264,0.4828011691570282
5289,0.711898684501648,0.23104187846183777,0.48085683584213257
5290,0.7090871930122375,0.23100711405277252,0.47808006405830383
5291,0.7067070603370667,0.23089168965816498,0.47581538558006287
5292,0.7060804963111877,0.23082052171230316,0.4752599895000458
5293,0.7074053287506104,0.23076248168945312,0.4766428768634796
5294,0.7095868587493896,0.23064395785331726,0.4789429306983948
5295,0.7112765312194824,0.23059852421283722,0.4806780219078064
5296,0.7120324373245239,0.23051276803016663,0.4815196692943573
5297,0.7125558853149414,0.230385422706604,0.4821704626083374
5298,0.7137218713760376,0.23041567206382751,0.48330622911453247
5299,0.7154124975204468,0.23016324639320374,0.48524928092956543
5300,0.7165212035179138,0.23029974102973938,0.48622146248817444
5301,0.7157483100891113,0.22998777031898499,0.48576053977012634
5302,0.7131304740905762,0.2301197201013565,0.48301076889038086
5303,0.7098122835159302,0.22987264394760132,0.47993960976600647
5304,0.7072678804397583,0.22988811135292053,0.47737979888916016
5305,0.7058796882629395,0.2297813892364502,0.47609826922416687
5306,0.7049108147621155,0.22966662049293518,0.4752441942691803
5307,0.703528106212616,0.22966092824935913,0.47386717796325684
5308,0.7018624544143677,0.22949858009815216,0.4723638892173767
5309,0.701008677482605,0.2294885218143463,0.47152018547058105
5310,0.7019220590591431,0.2293682098388672,0.4725538492202759
5311,0.7043980360031128,0.22929906845092773,0.47509893774986267
5312,0.7071501612663269,0.22922714054584503,0.47792303562164307
5313,0.7088630199432373,0.22914312779903412,0.4797199070453644
5314,0.7092639207839966,0.22903957962989807,0.4802243709564209
5315,0.7091467380523682,0.22903048992156982,0.4801162779331207
5316,0.7093599438667297,0.22882097959518433,0.4805389642715454
5317,0.7098401784896851,0.22892268002033234,0.4809175133705139
5318,0.7094489932060242,0.228627547621727,0.480821430683136
5319,0.7073530554771423,0.22876687347888947,0.4785861670970917
5320,0.7037761211395264,0.2284957617521286,0.4752803444862366
5321,0.7002212405204773,0.2285485416650772,0.4716727137565613
5322,0.6980544328689575,0.2284083068370819,0.4696460962295532
5323,0.6975051760673523,0.22831372916698456,0.46919143199920654
5324,0.697658896446228,0.22831183671951294,0.4693470299243927
5325,0.6975603103637695,0.22812025249004364,0.4694400727748871
5326,0.6972202658653259,0.22816386818885803,0.4690563976764679
5327,0.6975231170654297,0.22797876596450806,0.46954432129859924
5328,0.6992301940917969,0.22797274589538574,0.47125741839408875
5329,0.7020269632339478,0.22785216569900513,0.47417476773262024
5330,0.7046201825141907,0.2277899533510208,0.47683021426200867
5331,0.7057383060455322,0.22769558429718018,0.47804269194602966
5332,0.7051428556442261,0.2276516854763031,0.477491170167923
5333,0.7037214040756226,0.2274966537952423,0.47622475028038025
5334,0.7025272250175476,0.22754192352294922,0.4749853014945984
5335,0.701650857925415,0.2272932380437851,0.47435763478279114
5336,0.7003304958343506,0.22740906476974487,0.4729214608669281
5337,0.6977752447128296,0.22713646292686462,0.4706387519836426
5338,0.6943786144256592,0.22721660137176514,0.46716201305389404
5339,0.6914834380149841,0.2270391285419464,0.4644443094730377
5340,0.6903582215309143,0.2269848883152008,0.4633733332157135
5341,0.6911004781723022,0.22695910930633545,0.4641413986682892
5342,0.6926677227020264,0.2267664074897766,0.46590131521224976
5343,0.6939077377319336,0.22683918476104736,0.46706855297088623
5344,0.694532036781311,0.22659948468208313,0.4679325520992279
5345,0.6952420473098755,0.22666314244270325,0.46857890486717224
5346,0.6967455148696899,0.22647640109062195,0.4702691435813904
5347,0.6989283561706543,0.2264651656150818,0.4724631905555725
5348,0.7006654143333435,0.22634978592395782,0.4743156135082245
5349,0.7007359266281128,0.22629249095916748,0.4744434356689453
5350,0.6988765001296997,0.2261834740638733,0.47269299626350403
5351,0.696027934551239,0.22616244852542877,0.46986547112464905
5352,0.6935070157051086,0.22598674893379211,0.46752026677131653
5353,0.6918787956237793,0.22604316473007202,0.46583566069602966
5354,0.6905832290649414,0.2258068323135376,0.4647764265537262
5355,0.6888555884361267,0.2258840948343277,0.4629715085029602
5356,0.6866753101348877,0.22568157315254211,0.4609937369823456
5357,0.6850303411483765,0.22567187249660492,0.45935845375061035
5358,0.6850125193595886,0.2255985140800476,0.459414005279541
5359,0.686790943145752,0.22544170916080475,0.4613492488861084
5360,0.6894048452377319,0.22550475597381592,0.46390005946159363
5361,0.6915191411972046,0.225243479013443,0.4662756621837616
5362,0.6925403475761414,0.22535811364650726,0.4671822190284729
5363,0.6928209066390991,0.22510316967964172,0.4677177369594574
5364,0.6932402849197388,0.22516468167304993,0.46807557344436646
5365,0.6940304040908813,0.2249942123889923,0.46903616189956665
5366,0.6945273280143738,0.22496475279331207,0.4695625603199005
5367,0.6936396956443787,0.22486720979213715,0.4687725007534027
5368,0.69095379114151,0.2247995138168335,0.4661542773246765
5369,0.6872950792312622,0.22469788789749146,0.46259716153144836
5370,0.6841539144515991,0.22467172145843506,0.45948222279548645
5371,0.6824842095375061,0.22450962662696838,0.4579745829105377
5372,0.6820546388626099,0.22454042732715607,0.4575141966342926
5373,0.6819068193435669,0.2243512123823166,0.4575556218624115
5374,0.6814548969268799,0.22436487674713135,0.45709002017974854
5375,0.6810654401779175,0.2242424339056015,0.4568229913711548
5376,0.6816594004631042,0.2241445779800415,0.45751482248306274
5377,0.6837015151977539,0.22415657341480255,0.45954495668411255
5378,0.6865750551223755,0.22392356395721436,0.46265146136283875
5379,0.689005970954895,0.22404558956623077,0.46496036648750305
5380,0.6898977160453796,0.22375096380710602,0.4661467373371124
5381,0.6893362402915955,0.22387920320034027,0.465457022190094
5382,0.6881086826324463,0.22363442182540894,0.46447429060935974
5383,0.687112033367157,0.2236720472574234,0.4634400010108948
5384,0.6863064169883728,0.22353620827198029,0.4627702236175537
5385,0.6849356889724731,0.22347012162208557,0.4614655375480652
5386,0.6823673248291016,0.22340944409370422,0.45895785093307495
5387,0.6789541244506836,0.22331035137176514,0.45564377307891846
5388,0.6759999394416809,0.22323887050151825,0.45276108384132385
5389,0.6747277975082397,0.22318261861801147,0.4515451490879059
5390,0.675309956073761,0.2230580449104309,0.4522519111633301
5391,0.6768249273300171,0.2230437994003296,0.4537811577320099
5392,0.6781407594680786,0.22290977835655212,0.4552310109138489
5393,0.678873598575592,0.22285938262939453,0.4560142159461975
5394,0.6795673966407776,0.2228042185306549,0.4567631781101227
5395,0.6809829473495483,0.22264058887958527,0.4583423435688019
5396,0.6831847429275513,0.22271309792995453,0.46047163009643555
5397,0.6851736307144165,0.22243735194206238,0.4627363085746765
5398,0.6857646107673645,0.2225877195596695,0.4631769061088562
5399,0.6843225955963135,0.22228871285915375,0.4620338976383209
5400,0.6816004514694214,0.22240304946899414,0.45919740200042725
5401,0.6788061857223511,0.22219066321849823,0.45661553740501404
5402,0.6768313646316528,0.22218303382396698,0.45464834570884705
5403,0.6754826307296753,0.222100168466568,0.4533824622631073
5404,0.673986554145813,0.22198143601417542,0.45200514793395996
5405,0.6719734072685242,0.22197265923023224,0.4500007629394531
5406,0.6700367331504822,0.22182752192020416,0.4482091963291168
5407,0.6693150401115417,0.2218003273010254,0.44751471281051636
5408,0.6704610586166382,0.22170162200927734,0.4487594664096832
5409,0.6730051636695862,0.22162048518657684,0.45138466358184814
5410,0.6756826639175415,0.22156107425689697,0.4541216194629669
5411,0.6773790717124939,0.2214748114347458,0.4559042751789093
5412,0.6779401898384094,0.22137822210788727,0.45656195282936096
5413,0.6780763268470764,0.22136980295181274,0.45670652389526367
5414,0.6784977316856384,0.22116966545581818,0.45732808113098145
5415,0.6791385412216187,0.22127026319503784,0.4578683078289032
5416,0.6789724826812744,0.2209840714931488,0.4579884111881256
5417,0.6771683692932129,0.22112852334976196,0.4560398757457733
5418,0.6737347841262817,0.22085602581501007,0.45287877321243286
5419,0.6699601411819458,0.22092732787132263,0.44903284311294556
5420,0.6672654151916504,0.22077178955078125,0.44649359583854675
5421,0.6662600636482239,0.220700204372406,0.44555985927581787
5422,0.6663773655891418,0.2206847071647644,0.44569265842437744
5423,0.6666088104248047,0.2205028533935547,0.44610595703125
5424,0.6665177345275879,0.22055354714393616,0.44596415758132935
5425,0.666584849357605,0.2203563153743744,0.4462285041809082
5426,0.6676768064498901,0.22037634253501892,0.4473004639148712
5427,0.6700491905212402,0.220237135887146,0.44981202483177185
5428,0.6729576587677002,0.22019323706626892,0.45276445150375366
5429,0.6750671863555908,0.22010383009910583,0.454963356256485
5430,0.6754087209701538,0.22004583477973938,0.4553629159927368
5431,0.6741119623184204,0.21993061900138855,0.4541813135147095
5432,0.6721925139427185,0.21993456780910492,0.4522579312324524
5433,0.6705842018127441,0.21973374485969543,0.4508504271507263
5434,0.669381856918335,0.21982181072235107,0.4495600163936615
5435,0.6678003668785095,0.2195625603199005,0.448237806558609
5436,0.6652919054031372,0.21966663002967834,0.44562530517578125
5437,0.6621993780136108,0.21944871544837952,0.4427506923675537
5438,0.6597821116447449,0.2194574624300003,0.44032466411590576
5439,0.6591759920120239,0.2193707823753357,0.43980520963668823
5440,0.6604928970336914,0.21923094987869263,0.4412619471549988
5441,0.6627544164657593,0.21928225457668304,0.4434721767902374
5442,0.6647014617919922,0.21904107928276062,0.44566038250923157
5443,0.6657888889312744,0.21914589405059814,0.44664299488067627
5444,0.6663703918457031,0.21890497207641602,0.4474653899669647
5445,0.667264461517334,0.21896271407604218,0.4483017325401306
5446,0.6686804294586182,0.21879839897155762,0.44988203048706055
5447,0.669956386089325,0.21877211332321167,0.4511842727661133
5448,0.6699244379997253,0.21867844462394714,0.4512459933757782
5449,0.6679132580757141,0.2186143845319748,0.4492988586425781
5450,0.6644622087478638,0.2185167819261551,0.4459454119205475
5451,0.6609813570976257,0.21849097311496735,0.4424903690814972
5452,0.6586824059486389,0.21833065152168274,0.4403517544269562
5453,0.6577222347259521,0.21836990118026733,0.4393523335456848
5454,0.657299280166626,0.2181704342365265,0.4391288459300995
5455,0.6566438674926758,0.21821226179599762,0.43843162059783936
5456,0.6558072566986084,0.21806013584136963,0.4377470910549164
5457,0.6556409001350403,0.21800497174263,0.4376359283924103
5458,0.6569460034370422,0.21797938644886017,0.4389666020870209
5459,0.6596273183822632,0.21778494119644165,0.44184234738349915
5460,0.6626335382461548,0.21788713335990906,0.4447464048862457
5461,0.6645816564559937,0.2176043689250946,0.44697725772857666
5462,0.664902925491333,0.21774666011333466,0.44715625047683716
5463,0.6639323234558105,0.2174803614616394,0.44645193219184875
5464,0.6627303957939148,0.21755413711071014,0.44517624378204346
5465,0.6618493795394897,0.21738675236701965,0.4444626569747925
5466,0.6610210537910461,0.2173498272895813,0.44367122650146484
5467,0.6594002842903137,0.21728046238422394,0.4421198070049286
5468,0.656539261341095,0.2171783745288849,0.4393608868122101
5469,0.6530805230140686,0.21713218092918396,0.43594834208488464
5470,0.6504095792770386,0.21704812347888947,0.4333614408969879
5471,0.6496294736862183,0.21695539355278015,0.4326740503311157
5472,0.6507049798965454,0.2169274538755417,0.4337775409221649
5473,0.6525840759277344,0.21679574251174927,0.4357883632183075
5474,0.6541154980659485,0.2167762815952301,0.4373392164707184
5475,0.6549179553985596,0.21667946875095367,0.4382385015487671
5476,0.6555575132369995,0.21657930314540863,0.4389782249927521
5477,0.656822681427002,0.21659201383590698,0.44023069739341736
5478,0.6587945818901062,0.21636901795864105,0.44242554903030396
5479,0.6606259346008301,0.2164953500032425,0.4441305994987488
5480,0.6609622240066528,0.2161971926689148,0.44476500153541565
5481,0.6592859029769897,0.2163493037223816,0.44293662905693054
5482,0.6560962796211243,0.2160826176404953,0.4400136470794678
5483,0.652854323387146,0.21614575386047363,0.43670853972435
5484,0.6506202220916748,0.21600022912025452,0.4346199631690979
5485,0.649467945098877,0.21592891216278076,0.4335390627384186
5486,0.6486170291900635,0.21590867638587952,0.43270835280418396
5487,0.6473767161369324,0.2157510668039322,0.4316256642341614
5488,0.6459429264068604,0.21577292680740356,0.4301699995994568
5489,0.6452863216400146,0.2156185656785965,0.42966777086257935
5490,0.6462899446487427,0.21559779345989227,0.4306921660900116
5491,0.6488819718360901,0.21550299227237701,0.4333789646625519
5492,0.651968240737915,0.21543064713478088,0.43653756380081177
5493,0.6541911363601685,0.21536630392074585,0.438824862241745
5494,0.6548377275466919,0.21530193090438843,0.43953579664230347
5495,0.6543092131614685,0.21518483757972717,0.43912437558174133
5496,0.6535995602607727,0.21520230174064636,0.43839725852012634
5497,0.6532754898071289,0.21498443186283112,0.438291072845459
5498,0.6529871225357056,0.21509867906570435,0.43788841366767883
5499,0.6516733765602112,0.21481963992118835,0.4368537366390228
5500,0.648859977722168,0.2149488627910614,0.4339110851287842
5501,0.6451029181480408,0.21471160650253296,0.4303913116455078
5502,0.6419078707695007,0.21474233269691467,0.42716553807258606
5503,0.6405028104782104,0.21463796496391296,0.4258648455142975
5504,0.6410046815872192,0.2145223319530487,0.42648231983184814
5505,0.6424486041069031,0.21455614268779755,0.4278924763202667
5506,0.6436688303947449,0.21434035897254944,0.42932847142219543
5507,0.644267737865448,0.214427188038826,0.4298405349254608
5508,0.6447558403015137,0.2142086625099182,0.43054720759391785
5509,0.6459872722625732,0.21425089240074158,0.43173640966415405
5510,0.6481447815895081,0.21410278975963593,0.43404197692871094
5511,0.6504482626914978,0.21407076716423035,0.43637749552726746
5512,0.6515816450119019,0.2139836847782135,0.43759796023368835
5513,0.6506680846214294,0.21392299234867096,0.4367451071739197
5514,0.6480233669281006,0.21382153034210205,0.4342018663883209
5515,0.6449211239814758,0.21380773186683655,0.4311133921146393
5516,0.6425926685333252,0.21363398432731628,0.4289587140083313
5517,0.6413038969039917,0.21369868516921997,0.42760518193244934
5518,0.640308141708374,0.21347454190254211,0.4268336296081543
5519,0.6388318538665771,0.21355493366718292,0.4252769351005554
5520,0.6369038224220276,0.21336673200130463,0.42353710532188416
5521,0.6355031728744507,0.21335509419441223,0.42214807868003845
5522,0.6357123255729675,0.2132900506258011,0.42242226004600525
5523,0.6377590894699097,0.2131352424621582,0.4246238172054291
5524,0.6407597661018372,0.2132105827331543,0.42754918336868286
5525,0.6432873010635376,0.21295195817947388,0.4303353428840637
5526,0.6444829106330872,0.21308791637420654,0.4313949942588806
5527,0.6444156169891357,0.21282094717025757,0.4315946698188782
5528,0.644031822681427,0.21290838718414307,0.43112343549728394
5529,0.6440033912658691,0.2127240002155304,0.43127939105033875
5530,0.6442272067070007,0.2127131223678589,0.43151408433914185
5531,0.6437554359436035,0.2126261293888092,0.4311292767524719
5532,0.6417003273963928,0.21254567801952362,0.429154634475708
5533,0.6381869912147522,0.21248766779899597,0.4256993234157562
5534,0.6344499588012695,0.21241649985313416,0.4220334589481354
5535,0.6320146322250366,0.212314635515213,0.4196999967098236
5536,0.6315368413925171,0.21230711042881012,0.41922974586486816
5537,0.6324220895767212,0.21215498447418213,0.42026710510253906
5538,0.6334722638130188,0.21217404305934906,0.42129820585250854
5539,0.6339293718338013,0.21203401684761047,0.4218953549861908
5540,0.6340645551681519,0.21198642253875732,0.4220781624317169
5541,0.6347898244857788,0.21194639801979065,0.42284342646598816
5542,0.6367162466049194,0.21177375316619873,0.4249424636363983
5543,0.6394542455673218,0.21186774969100952,0.42758646607398987
5544,0.6416696310043335,0.21158981323242188,0.430079847574234
5545,0.642199695110321,0.21174992620944977,0.43044978380203247
5546,0.6406769752502441,0.21145790815353394,0.4292190968990326
5547,0.6380912065505981,0.21157008409500122,0.42652109265327454
5548,0.6356741786003113,0.211370587348938,0.4243035912513733
5549,0.6341539621353149,0.21136397123336792,0.422789990901947
5550,0.633137583732605,0.21129250526428223,0.42184507846832275
5551,0.6317034363746643,0.2111799269914627,0.4205234944820404
5552,0.6294348239898682,0.21117648482322693,0.41825833916664124
5553,0.6269724369049072,0.21103806793689728,0.41593435406684875
5554,0.6256181001663208,0.21101424098014832,0.4146038591861725
5555,0.6262563467025757,0.21092844009399414,0.41532790660858154
5556,0.6286114454269409,0.2108473777770996,0.4177640974521637
5557,0.6314319372177124,0.2108083963394165,0.4206235110759735
5558,0.6333944201469421,0.21070854365825653,0.4226858615875244
5559,0.6340717077255249,0.21063995361328125,0.42343178391456604
5560,0.6340752243995667,0.21060626208782196,0.4234689772129059
5561,0.6343948245048523,0.21043959259986877,0.4239552319049835
5562,0.6353949308395386,0.21052488684654236,0.4248700737953186
5563,0.636267900466919,0.21025767922401428,0.4260101914405823
5564,0.6358357071876526,0.21041475236415863,0.42542096972465515
5565,0.6333538293838501,0.2101241648197174,0.4232296347618103
5566,0.6295568943023682,0.2102392613887787,0.4193176329135895
5567,0.6259497404098511,0.21004006266593933,0.41590964794158936
5568,0.6238837242126465,0.21002712845802307,0.4138565957546234
5569,0.6235033273696899,0.20997464656829834,0.413528710603714
5570,0.6238698959350586,0.20982970297336578,0.4140401780605316
5571,0.6239210963249207,0.20987507700920105,0.4140460193157196
5572,0.6234238147735596,0.209675133228302,0.4137486517429352
5573,0.6231616735458374,0.20972305536270142,0.4134385883808136
5574,0.624131441116333,0.2095654159784317,0.4145660400390625
5575,0.6266037821769714,0.20955020189285278,0.41705358028411865
5576,0.6297222375869751,0.20945991575717926,0.42026233673095703
5577,0.6320253610610962,0.20939263701438904,0.42263275384902954
5578,0.6324890851974487,0.2093149721622467,0.4231741428375244
5579,0.6312125325202942,0.2092733234167099,0.4219391942024231
5580,0.6293185353279114,0.20913487672805786,0.4201836585998535
5581,0.627942681312561,0.20918616652488708,0.41875654458999634
5582,0.627200186252594,0.2089572548866272,0.4182429313659668
5583,0.6262805461883545,0.2090800404548645,0.4172005355358124
5584,0.6241893768310547,0.20881637930870056,0.41537296772003174
5585,0.6210013628005981,0.2089127153158188,0.41208863258361816
5586,0.6178638935089111,0.20872744917869568,0.40913647413253784
5587,0.6162664890289307,0.20870229601860046,0.4075641632080078
5588,0.6168292760848999,0.20866495370864868,0.40816429257392883
5589,0.6188819408416748,0.2084963023662567,0.4103856086730957
5590,0.6210466027259827,0.20857936143875122,0.41246724128723145
5591,0.6222879886627197,0.20833396911621094,0.4139540493488312
5592,0.6226842403411865,0.2084413319826126,0.4142428934574127
5593,0.6230852603912354,0.2082221955060959,0.41486304998397827
5594,0.6243348717689514,0.2082640677690506,0.416070818901062
5595,0.6262859106063843,0.2081296145915985,0.41815632581710815
5596,0.6278395652770996,0.2080896496772766,0.419749915599823
5597,0.6276999711990356,0.2080119401216507,0.41968804597854614
5598,0.6254094839096069,0.207951158285141,0.41745835542678833
5599,0.6218739748001099,0.20785437524318695,0.4140195846557617
5600,0.6186757683753967,0.20784972608089447,0.41082605719566345
5601,0.6168684959411621,0.2076801061630249,0.4091883599758148
5602,0.616260826587677,0.20774470269680023,0.4085161089897156
5603,0.6157755851745605,0.20752975344657898,0.40824586153030396
5604,0.6146270632743835,0.20759187638759613,0.4070351719856262
5605,0.6130746603012085,0.20742909610271454,0.40564554929733276
5606,0.6122666001319885,0.20739251375198364,0.4048740863800049
5607,0.613210916519165,0.20736391842365265,0.4058469831943512
5608,0.6158517003059387,0.20718704164028168,0.40866467356681824
5609,0.6190361976623535,0.2072899341583252,0.41174623370170593
5610,0.6212576627731323,0.20701709389686584,0.4142405390739441
5611,0.6218613386154175,0.20716530084609985,0.41469600796699524
5612,0.6212107539176941,0.20690064132213593,0.414310097694397
5613,0.620485246181488,0.20698921382427216,0.4134960174560547
5614,0.6203604936599731,0.2068173885345459,0.41354310512542725
5615,0.6205556392669678,0.20679838955402374,0.4137572646141052
5616,0.6199612021446228,0.2067224532365799,0.4132387340068817
5617,0.6176698207855225,0.20663827657699585,0.4110315442085266
5618,0.6139747500419617,0.20658844709396362,0.40738630294799805
5619,0.6103001236915588,0.20652079582214355,0.4037793278694153
5620,0.6082034111022949,0.2064208686351776,0.4017825722694397
5621,0.608180820941925,0.20641613006591797,0.4017646908760071
5622,0.6093953847885132,0.20626123249530792,0.40313416719436646
5623,0.6105072498321533,0.20628243684768677,0.40422478318214417
5624,0.6107907295227051,0.2061464637517929,0.40464428067207336
5625,0.6106904745101929,0.20610249042510986,0.404587984085083
5626,0.6112984418869019,0.206073597073555,0.40522482991218567
5627,0.6132910847663879,0.20590125024318695,0.4073898196220398
5628,0.6162130832672119,0.2060038298368454,0.4102092385292053
5629,0.6186000108718872,0.20572450757026672,0.41287553310394287
5630,0.6192155480384827,0.20589351654052734,0.4133220314979553
5631,0.6177138090133667,0.20560039579868317,0.4121134281158447
5632,0.6151960492134094,0.20571988821029663,0.4094761610031128
5633,0.6129763722419739,0.20551797747612,0.4074583947658539
5634,0.6117614507675171,0.2055172622203827,0.406244158744812
5635,0.6110104918479919,0.20544345676898956,0.4055670201778412
5636,0.6096261739730835,0.20533984899520874,0.40428635478019714
5637,0.6071034669876099,0.20533302426338196,0.4017704129219055
5638,0.6041543483734131,0.20520690083503723,0.39894741773605347
5639,0.6022822856903076,0.2051762342453003,0.3971060812473297
5640,0.6025476455688477,0.20510205626487732,0.3974456191062927
5641,0.6047130823135376,0.20501047372817993,0.3997025787830353
5642,0.6074452996253967,0.20498710870742798,0.40245819091796875
5643,0.6093306541442871,0.2048805058002472,0.4044501781463623
5644,0.6099334359169006,0.20482902228832245,0.4051044285297394
5645,0.6099711656570435,0.2047930359840393,0.40517809987068176
5646,0.6105833053588867,0.20463529229164124,0.40594804286956787
5647,0.61219722032547,0.20472125709056854,0.4074759781360626
5648,0.6139192581176758,0.20445264875888824,0.40946662425994873
5649,0.6143534779548645,0.2046196609735489,0.4097338318824768
5650,0.612485408782959,0.20431770384311676,0.4081677198410034
5651,0.6089310646057129,0.20445452630519867,0.4044765532016754
5652,0.6052125096321106,0.20423610508441925,0.40097638964653015
5653,0.6028482913970947,0.20424902439117432,0.398599237203598
5654,0.6020841598510742,0.20417602360248566,0.39790812134742737
5655,0.601958155632019,0.2040579915046692,0.39790013432502747
5656,0.6013236045837402,0.204087033867836,0.39723655581474304
5657,0.599948525428772,0.20391157269477844,0.39603695273399353
5658,0.5987886190414429,0.203943133354187,0.39484548568725586
5659,0.5991227626800537,0.2038029581308365,0.3953198194503784
5660,0.6014078259468079,0.20377463102340698,0.3976331949234009
5661,0.6047859787940979,0.20370301604270935,0.40108296275138855
5662,0.6076439619064331,0.2036287486553192,0.4040152132511139
5663,0.6087931394577026,0.20356611907482147,0.40522703528404236
5664,0.60825514793396,0.2035219371318817,0.40473318099975586
5665,0.6071779727935791,0.20338407158851624,0.40379390120506287
5666,0.6067337989807129,0.2034415304660797,0.4032922685146332
5667,0.6069672703742981,0.20320065319538116,0.4037666320800781
5668,0.6068506240844727,0.2033463418483734,0.40350431203842163
5669,0.6050533056259155,0.2030601054430008,0.40199318528175354
5670,0.601508617401123,0.2031923085451126,0.39831632375717163
5671,0.5974488258361816,0.2029743790626526,0.39447444677352905
5672,0.5947093963623047,0.20298947393894196,0.39171990752220154
5673,0.5942192077636719,0.20292289555072784,0.3912963271141052
5674,0.5954163670539856,0.20279072225093842,0.392625629901886
5675,0.5968539714813232,0.20285002887248993,0.3940039277076721
5676,0.5974439382553101,0.2026311457157135,0.39481279253959656
5677,0.5973372459411621,0.20271816849708557,0.39461907744407654
5678,0.5976047515869141,0.20251867175102234,0.3950861096382141
5679,0.5992400646209717,0.20254983007907867,0.3966902494430542
5680,0.6020943522453308,0.20242881774902344,0.3996655344963074
5681,0.6048657298088074,0.20238693058490753,0.40247878432273865
5682,0.6059871315956116,0.2023124396800995,0.4036746919155121
5683,0.6047825217247009,0.2022590935230255,0.4025234282016754
5684,0.6020692586898804,0.2021494060754776,0.39991986751556396
5685,0.5994521379470825,0.20216752588748932,0.397284597158432
5686,0.597967803478241,0.20197176933288574,0.3959960341453552
5687,0.5973234176635742,0.20207418501377106,0.39524921774864197
5688,0.5962513089179993,0.20182611048221588,0.3944252133369446
5689,0.5939743518829346,0.20193246006965637,0.3920418620109558
5690,0.5909834504127502,0.201735258102417,0.38924819231033325
5691,0.5888334512710571,0.20173965394496918,0.38709381222724915
5692,0.5888305902481079,0.2016829401254654,0.3871476352214813
5693,0.5909637212753296,0.2015358805656433,0.38942787051200867
5694,0.5939186811447144,0.20161744952201843,0.39230120182037354
5695,0.5960877537727356,0.20136648416519165,0.39472126960754395
5696,0.5968371033668518,0.2014983743429184,0.3953387439250946
5697,0.5967322587966919,0.20125055313110352,0.3954817056655884
5698,0.5970386862754822,0.20133034884929657,0.3957083523273468
5699,0.5983272790908813,0.20116780698299408,0.39715948700904846
5700,0.5999730229377747,0.20115378499031067,0.398819237947464
5701,0.6004931330680847,0.20107139647006989,0.39942172169685364
5702,0.5987690687179565,0.20100629329681396,0.3977627754211426
5703,0.5951370000839233,0.2009301334619522,0.39420685172080994
5704,0.5912173986434937,0.20090070366859436,0.3903166949748993
5705,0.58870929479599,0.20076186954975128,0.3879474103450775
5706,0.5880562663078308,0.2008078247308731,0.3872484564781189
5707,0.5882631540298462,0.20061232149600983,0.38765084743499756
5708,0.5879980325698853,0.20067891478538513,0.38731908798217773
5709,0.5868407487869263,0.2005116492509842,0.3863290846347809
5710,0.585702121257782,0.2004978209733963,0.3852042853832245
5711,0.5859672427177429,0.20045118033885956,0.38551604747772217
5712,0.5882202386856079,0.20029467344284058,0.38792553544044495
5713,0.5916426181793213,0.2003888487815857,0.3912537395954132
5714,0.5945135951042175,0.20011921226978302,0.3943943679332733
5715,0.5956188440322876,0.2002803385257721,0.3953385055065155
5716,0.5948923826217651,0.20000006258487701,0.39489230513572693
5717,0.593600332736969,0.2001156359910965,0.3934846818447113
5718,0.5929030776023865,0.19992217421531677,0.3929809033870697
5719,0.5930161476135254,0.19992682337760925,0.3930893540382385
5720,0.5928927659988403,0.19984227418899536,0.3930504620075226
5721,0.5912295579910278,0.19976364076137543,0.3914659321308136
5722,0.5877888798713684,0.1997239589691162,0.3880649209022522
5723,0.5837981104850769,0.19964632391929626,0.38415178656578064
5724,0.5811333656311035,0.19956612586975098,0.3815672695636749
5725,0.5807995796203613,0.19955140352249146,0.38124820590019226
5726,0.582210898399353,0.19941115379333496,0.38279974460601807
5727,0.5838115811347961,0.1994345337152481,0.38437703251838684
5728,0.5844253301620483,0.19929805397987366,0.3851272463798523
5729,0.5842101573944092,0.19926656782627106,0.38494357466697693
5730,0.5843768119812012,0.19922591745853424,0.38515087962150574
5731,0.5860114097595215,0.1990671157836914,0.3869442939758301
5732,0.5889787077903748,0.19916389882564545,0.3898147940635681
5733,0.5917880535125732,0.19888988137245178,0.39289820194244385
5734,0.5928714871406555,0.19906555116176605,0.39380592107772827
5735,0.591548502445221,0.1987667679786682,0.39278173446655273
5736,0.5888775587081909,0.1989033818244934,0.3899742066860199
5737,0.5864152908325195,0.19869132339954376,0.38772398233413696
5738,0.5851709246635437,0.19870765507221222,0.3864632844924927
5739,0.5846686959266663,0.198627308011055,0.38604140281677246
5740,0.5835857391357422,0.19853322207927704,0.38505253195762634
5741,0.5811253786087036,0.19852662086486816,0.38259872794151306
5742,0.5779070258140564,0.19840414822101593,0.37950289249420166
5743,0.5756360292434692,0.19837726652622223,0.3772587478160858
5744,0.5756611227989197,0.19830691814422607,0.3773542046546936
5745,0.5778530836105347,0.19821834564208984,0.3796347677707672
5746,0.5807340741157532,0.19819967448711395,0.3825344145298004
5747,0.582664430141449,0.19809161126613617,0.3845728039741516
5748,0.5831304788589478,0.19804444909095764,0.3850859999656677
5749,0.5829976797103882,0.1980086863040924,0.3849889636039734
5750,0.5836352109909058,0.1978527307510376,0.3857824504375458
5751,0.5855489373207092,0.19794589281082153,0.3876030445098877
5752,0.5876846313476562,0.19767600297927856,0.3900086581707001
5753,0.5883970260620117,0.19785311818122864,0.3905439078807831
5754,0.5865552425384521,0.19755038619041443,0.38900482654571533
5755,0.5829154253005981,0.19769471883773804,0.3852207064628601
5756,0.5792254209518433,0.19747722148895264,0.3817481994628906
5757,0.5770790576934814,0.1974952071905136,0.37958386540412903
5758,0.5765413045883179,0.197424054145813,0.3791172206401825
5759,0.5763736963272095,0.1973109245300293,0.3790627717971802
5760,0.5753298997879028,0.19733695685863495,0.3779929280281067
5761,0.5733880400657654,0.19717274606227875,0.3762153089046478
5762,0.5718755722045898,0.19719380140304565,0.3746818006038666
5763,0.5722702741622925,0.19707323610782623,0.37519702315330505
5764,0.5748642086982727,0.19703148305416107,0.37783271074295044
5765,0.578427791595459,0.1969742327928543,0.38145357370376587
5766,0.5811127424240112,0.1968943476676941,0.3842184245586395
5767,0.5818835496902466,0.19683246314525604,0.38505107164382935
5768,0.5812011361122131,0.19680099189281464,0.3844001591205597
5769,0.580551266670227,0.19665177166461945,0.3838995099067688
5770,0.5809803605079651,0.19673538208007812,0.38424497842788696
5771,0.5819709300994873,0.1964777112007141,0.3854932188987732
5772,0.5820194482803345,0.19664326310157776,0.3853761553764343
5773,0.5797831416130066,0.19635017216205597,0.38343295454978943
5774,0.5757124423980713,0.196485698223114,0.37922677397727966
5775,0.5715786814689636,0.1962795853614807,0.3752990961074829
5776,0.5692805647850037,0.1962854117155075,0.37299513816833496
5777,0.5692453384399414,0.1962335705757141,0.3730117380619049
5778,0.5703006386756897,0.19609542191028595,0.37420523166656494
5779,0.5708593726158142,0.19615429639816284,0.37470507621765137
5780,0.5703468918800354,0.19595104455947876,0.37439584732055664
5781,0.5696897506713867,0.1960172951221466,0.3736724853515625
5782,0.5703412294387817,0.1958523690700531,0.374488890171051
5783,0.5729171633720398,0.19585171341896057,0.3770654499530792
5784,0.5764755010604858,0.19576074182987213,0.3807147443294525
5785,0.579152524471283,0.19570501148700714,0.383447527885437
5786,0.5795993208885193,0.19563277065753937,0.3839665651321411
5787,0.5779779553413391,0.195602148771286,0.3823758065700531
5788,0.5758320093154907,0.19546262919902802,0.3803693652153015
5789,0.5746425986289978,0.1955278515815735,0.3791147470474243
5790,0.5744389295578003,0.19529172778129578,0.37914717197418213
5791,0.5739584565162659,0.1954333782196045,0.3785250782966614
5792,0.5718058347702026,0.19516578316688538,0.3766400218009949
5793,0.5681219100952148,0.19527798891067505,0.3728438913822174
5794,0.5645098090171814,0.19509731233119965,0.36941248178482056
5795,0.5628639459609985,0.19507835805416107,0.36778560280799866
5796,0.5637588500976562,0.1950538456439972,0.36870503425598145
5797,0.5660682916641235,0.19488683342933655,0.3711814880371094
5798,0.5680078268051147,0.19497866928577423,0.3730291724205017
5799,0.5686056017875671,0.19474118947982788,0.37386441230773926
5800,0.5684617161750793,0.19484415650367737,0.373617559671402
5801,0.5689493417739868,0.1946437805891037,0.3743055760860443
5802,0.5709408521652222,0.19467531144618988,0.3762655258178711
5803,0.5737835764884949,0.194560706615448,0.3792228698730469
5804,0.5757396817207336,0.19451981782913208,0.38121986389160156
5805,0.5753514766693115,0.19444456696510315,0.38090693950653076
5806,0.5726401805877686,0.1944066882133484,0.37823349237442017
5807,0.5692228078842163,0.1942848265171051,0.3749379515647888
5808,0.5668911933898926,0.19432517886161804,0.37256601452827454
5809,0.5660792589187622,0.19411933422088623,0.371959924697876
5810,0.5657091736793518,0.19422735273838043,0.37148183584213257
5811,0.5643284916877747,0.1939956098794937,0.37033286690711975
5812,0.561728835105896,0.19407564401626587,0.3676531910896301
5813,0.5592070817947388,0.1939268857240677,0.3652801811695099
5814,0.5585039854049683,0.19387854635715485,0.3646254241466522
5815,0.560253918170929,0.1938810795545578,0.36637285351753235
5816,0.5634106993675232,0.19368687272071838,0.3697238266468048
5817,0.5661369562149048,0.1938064992427826,0.3723304569721222
5818,0.5672130584716797,0.19354212284088135,0.37367093563079834
5819,0.5670278668403625,0.19367241859436035,0.3733554482460022
5820,0.5668929219245911,0.1934482455253601,0.37344467639923096
5821,0.5679052472114563,0.1934993714094162,0.3744058609008789
5822,0.5696924924850464,0.1933722198009491,0.3763202726840973
5823,0.5707076787948608,0.1933380365371704,0.37736964225769043
5824,0.5695027112960815,0.1932685375213623,0.37623414397239685
5825,0.5660457015037537,0.19321776926517487,0.37282794713974
5826,0.5619824528694153,0.19311772286891937,0.3688647449016571
5827,0.5592585802078247,0.19312864542007446,0.36612990498542786
5828,0.558532178401947,0.1929571032524109,0.36557507514953613
5829,0.5587984323501587,0.19303160905838013,0.36576682329177856
5830,0.5584945678710938,0.1928342878818512,0.36566025018692017
5831,0.5570875406265259,0.19288212060928345,0.36420539021492004
5832,0.5555623769760132,0.19276097416877747,0.3628014326095581
5833,0.5555349588394165,0.19268690049648285,0.36284804344177246
5834,0.5577218532562256,0.19271177053451538,0.3650101125240326
5835,0.5612097978591919,0.19249722361564636,0.36871257424354553
5836,0.5641863942146301,0.19263674318790436,0.37154966592788696
5837,0.5652583837509155,0.1923549473285675,0.372903436422348
5838,0.5646830201148987,0.19250339269638062,0.37217962741851807
5839,0.5637487173080444,0.19226479530334473,0.3714838922023773
5840,0.5637601613998413,0.19232869148254395,0.37143149971961975
5841,0.5645943880081177,0.19219735264778137,0.3723970353603363
5842,0.5648729205131531,0.19216221570968628,0.3727107048034668
5843,0.5631798505783081,0.19210195541381836,0.37107792496681213
5844,0.5594383478164673,0.19203533232212067,0.3674030303955078
5845,0.5552678108215332,0.191957488656044,0.3633103370666504
5846,0.5526571869850159,0.19194264709949493,0.36071452498435974
5847,0.5523480772972107,0.19179949164390564,0.36054858565330505
5848,0.5533558130264282,0.1918438822031021,0.3615119457244873
5849,0.5540071129798889,0.1916750818490982,0.3623320162296295
5850,0.553524374961853,0.19169673323631287,0.3618276119232178
5851,0.552670955657959,0.19159765541553497,0.3610732853412628
5852,0.5530000329017639,0.19150444865226746,0.36149558424949646
5853,0.5553252100944519,0.1915462464094162,0.3637789785861969
5854,0.5588467121124268,0.1913183182477951,0.36752837896347046
5855,0.5617808699607849,0.19147299230098724,0.37030789256095886
5856,0.5626136064529419,0.19117918610572815,0.37143445014953613
5857,0.5615246295928955,0.19133925437927246,0.37018534541130066
5858,0.5598160028457642,0.1910935640335083,0.36872240900993347
5859,0.5589696168899536,0.19116230309009552,0.3678072988986969
5860,0.5590642690658569,0.19103172421455383,0.3680325150489807
5861,0.5588533878326416,0.19099128246307373,0.36786213517189026
5862,0.55693519115448,0.19094133377075195,0.3659938871860504
5863,0.5531959533691406,0.19085881114006042,0.3623371720314026
5864,0.5492092967033386,0.19080126285552979,0.35840803384780884
5865,0.5469571948051453,0.1907634288072586,0.35619378089904785
5866,0.5471940040588379,0.1906457096338272,0.3565483093261719
5867,0.5489066243171692,0.190665140748024,0.358241468667984
5868,0.5503246784210205,0.190519317984581,0.3598053455352783
5869,0.5505193471908569,0.19051937758922577,0.35999998450279236
5870,0.5501166582107544,0.19044077396392822,0.3596758544445038
5871,0.5506417751312256,0.19033145904541016,0.3603103458881378
5872,0.5529784560203552,0.1903892606496811,0.3625892102718353
5873,0.5563787817955017,0.19014830887317657,0.36623045802116394
5874,0.55905681848526,0.1903141587972641,0.3687426447868347
5875,0.5594223141670227,0.19001241028308868,0.3694099187850952
5876,0.5576624870300293,0.19017896056175232,0.3674834966659546
5877,0.5551725625991821,0.18993176519870758,0.36524078249931335
5878,0.5535988211631775,0.18999822437763214,0.36360061168670654
5879,0.5531420111656189,0.18987442553043365,0.36326757073402405
5880,0.5526070594787598,0.18982255458831787,0.3627845346927643
5881,0.5506125688552856,0.18978935480117798,0.3608231842517853
5882,0.5470573902130127,0.18968825042247772,0.3573691248893738
5883,0.5435121059417725,0.18965262174606323,0.35385945439338684
5884,0.5419073104858398,0.18959195911884308,0.35231533646583557
5885,0.5429064631462097,0.18949788808822632,0.3534085750579834
5886,0.5453845262527466,0.1894930899143219,0.3558914363384247
5887,0.5474666953086853,0.18937192857265472,0.3580947518348694
5888,0.5481469631195068,0.1893492490053177,0.35879769921302795
5889,0.5480242371559143,0.18929237127304077,0.35873186588287354
5890,0.5486352443695068,0.18916365504264832,0.3594716191291809
5891,0.5508710145950317,0.18923890590667725,0.3616321384906769
5892,0.5539299249649048,0.1889842450618744,0.3649456799030304
5893,0.5559971928596497,0.18916061520576477,0.3668365776538849
5894,0.555495023727417,0.18885357677936554,0.36664146184921265
5895,0.5527706742286682,0.18901973962783813,0.3637509346008301
5896,0.5494316220283508,0.1887802630662918,0.3606513440608978
5897,0.5472607612609863,0.1888340264558792,0.3584267199039459
5898,0.5464863777160645,0.18872970342636108,0.35775670409202576
5899,0.5458738207817078,0.18865585327148438,0.3572179675102234
5900,0.5440566539764404,0.18864740431308746,0.3554092347621918
5901,0.541020393371582,0.18852129578590393,0.3524991273880005
5902,0.5383526086807251,0.18851205706596375,0.34984055161476135
5903,0.5378541350364685,0.1884250044822693,0.3494291305541992
5904,0.5399333238601685,0.18835723400115967,0.3515760898590088
5905,0.5432438850402832,0.18832600116729736,0.35491788387298584
5906,0.5458087921142578,0.18823173642158508,0.3575770854949951
5907,0.5466626882553101,0.18818369507789612,0.35847896337509155
5908,0.5464981198310852,0.18815261125564575,0.35834550857543945
5909,0.5468965172767639,0.18800097703933716,0.35889554023742676
5910,0.5486854910850525,0.18809553980827332,0.3605899512767792
5911,0.5509105324745178,0.18782742321491241,0.3630831241607666
5912,0.5517357587814331,0.18801021575927734,0.36372554302215576
5913,0.5497956275939941,0.1877080202102661,0.3620876371860504
5914,0.5458447337150574,0.18785996735095978,0.3579847514629364
5915,0.5418511629104614,0.18764470517635345,0.35420647263526917
5916,0.5396214127540588,0.18766702711582184,0.3519543707370758
5917,0.539185643196106,0.18759985268115997,0.3515857756137848
5918,0.5390976667404175,0.18748784065246582,0.3516097962856293
5919,0.5380029678344727,0.18751686811447144,0.3504860997200012
5920,0.5360346436500549,0.1873548924922943,0.3486797511577606
5921,0.5347724556922913,0.1873779147863388,0.34739452600479126
5922,0.5357444882392883,0.18726171553134918,0.34848275780677795
5923,0.5389629602432251,0.1872236728668213,0.3517393171787262
5924,0.5427967309951782,0.1871654987335205,0.3556312322616577
5925,0.5452347993850708,0.18709911406040192,0.3581357002258301
5926,0.5455204248428345,0.18702372908592224,0.35849669575691223
5927,0.5446057319641113,0.18701794743537903,0.3575877547264099
5928,0.5441712141036987,0.18684574961662292,0.3573254346847534
5929,0.5449249744415283,0.18695548176765442,0.3579695224761963
5930,0.5457295179367065,0.18668341636657715,0.359046071767807
5931,0.5448561310768127,0.18685756623744965,0.3579985797405243
5932,0.5414503216743469,0.18657690286636353,0.3548734188079834
5933,0.5368292331695557,0.18669357895851135,0.3501356244087219
5934,0.5332386493682861,0.18652519583702087,0.34671342372894287
5935,0.5321460962295532,0.1864948719739914,0.345651239156723
5936,0.5330466032028198,0.18648210167884827,0.34656453132629395
5937,0.5341618061065674,0.18631848692893982,0.34784334897994995
5938,0.5341971516609192,0.18639357388019562,0.34780359268188477
5939,0.5334883332252502,0.18619388341903687,0.3472944498062134
5940,0.5336109399795532,0.18624970316886902,0.3473612070083618
5941,0.5357205867767334,0.18610775470733643,0.3496128022670746
5942,0.5393717288970947,0.18609356880187988,0.35327818989753723
5943,0.5426823496818542,0.18601460754871368,0.35666772723197937
5944,0.5437953472137451,0.18596810102462769,0.35782724618911743
5945,0.5424348711967468,0.18587498366832733,0.3565598726272583
5946,0.5400264859199524,0.1858840137720108,0.3541424870491028
5947,0.5383782982826233,0.18570367991924286,0.3526746332645416
5948,0.5379867553710938,0.18581171333789825,0.3521750569343567
5949,0.5375635623931885,0.18555475771427155,0.3520088195800781
5950,0.5356141328811646,0.1856982260942459,0.34991589188575745
5951,0.5319273471832275,0.1854628324508667,0.34646448493003845
5952,0.5281885266304016,0.1855214238166809,0.3426671028137207
5953,0.5264766812324524,0.1854187250137329,0.3410579562187195
5954,0.5275226831436157,0.18532270193099976,0.34219998121261597
5955,0.5301400423049927,0.18537259101867676,0.34476742148399353
5956,0.5323359966278076,0.18515539169311523,0.3471806049346924
5957,0.5330761671066284,0.18527331948280334,0.3478028476238251
5958,0.5329743027687073,0.18504293262958527,0.3479313552379608
5959,0.5336102843284607,0.18512167036533356,0.34848859906196594
5960,0.535760760307312,0.1849660873413086,0.35079464316368103
5961,0.5385919809341431,0.18496155738830566,0.3536304533481598
5962,0.5401646494865417,0.18487615883350372,0.35528847575187683
5963,0.5390535593032837,0.18483400344848633,0.35421958565711975
5964,0.5357184410095215,0.18473951518535614,0.35097891092300415
5965,0.5321146249771118,0.18474623560905457,0.34736835956573486
5966,0.5300055742263794,0.18457671999931335,0.34542882442474365
5967,0.5294724702835083,0.18466395139694214,0.34480851888656616
5968,0.5290421843528748,0.1844407618045807,0.34460142254829407
5969,0.5274208188056946,0.1845363825559616,0.34288445115089417
5970,0.5248368978500366,0.18435996770858765,0.3404769003391266
5971,0.5229970812797546,0.18435291945934296,0.3386441469192505
5972,0.5234912037849426,0.18431738018989563,0.339173823595047
5973,0.5263087749481201,0.18415884673595428,0.342149943113327
5974,0.5298100709915161,0.18426254391670227,0.34554755687713623
5975,0.5320463180541992,0.18400484323501587,0.34804147481918335
5976,0.5324408411979675,0.18415121734142303,0.3482896089553833
5977,0.5319279432296753,0.18390555679798126,0.3480224013328552
5978,0.5321044921875,0.18399009108543396,0.3481144309043884
5979,0.5334223508834839,0.1838378608226776,0.34958451986312866
5980,0.5347840189933777,0.18382634222507477,0.3509576916694641
5981,0.5344036817550659,0.18375125527381897,0.35065242648124695
5982,0.5314828157424927,0.18369849026203156,0.3477843403816223
5983,0.5271763801574707,0.18361619114875793,0.34356021881103516
5984,0.5236726999282837,0.18360866606235504,0.34006401896476746
5985,0.5223566889762878,0.18346014618873596,0.3388965427875519
5986,0.5227276086807251,0.1835182160139084,0.3392094075679779
5987,0.5230966806411743,0.18333309888839722,0.3397635817527771
5988,0.5223462581634521,0.18338048458099365,0.3389657437801361
5989,0.5209947228431702,0.18325741589069366,0.3377373218536377
5990,0.520693838596344,0.18319478631019592,0.33749905228614807
5991,0.5225851535797119,0.18321320414543152,0.3393719494342804
5992,0.5261282324790955,0.18300840258598328,0.3431198298931122
5993,0.5294880270957947,0.1831488460302353,0.3463391661643982
5994,0.5309167504310608,0.18286673724651337,0.3480500280857086
5995,0.5303388833999634,0.18302610516548157,0.3473127782344818
5996,0.5290045738220215,0.18278096616268158,0.3462235927581787
5997,0.5284937620162964,0.18285751342773438,0.345636248588562
5998,0.528968334197998,0.1827205866575241,0.34624773263931274
5999,0.5291361212730408,0.18269170820713043,0.34644439816474915
6000,0.5274478793144226,0.18263478577136993,0.34481310844421387
6001,0.5236917734146118,0.18256579339504242,0.3411259949207306
6002,0.5194922089576721,0.18249887228012085,0.33699333667755127
6003,0.516956627368927,0.18247467279434204,0.33448195457458496
6004,0.5169137716293335,0.18234583735466003,0.33456796407699585
6005,0.518317699432373,0.1823788285255432,0.33593887090682983
6006,0.5193557739257812,0.1822253167629242,0.33713045716285706
6007,0.5191749334335327,0.18223518133163452,0.3369397521018982
6008,0.5185756087303162,0.182153582572937,0.33642202615737915
6009,0.519175112247467,0.18204915523529053,0.3371259570121765
6010,0.5217511057853699,0.1821073591709137,0.3396437466144562
6011,0.5253451466560364,0.18187062442302704,0.34347453713417053
6012,0.5280529260635376,0.18203487992286682,0.3460180461406708
6013,0.5283939242362976,0.1817408800125122,0.3466530442237854
6014,0.5267906188964844,0.18190133571624756,0.34488925337791443
6015,0.5247698426246643,0.18166552484035492,0.3431043028831482
6016,0.5238065719604492,0.18172715604305267,0.34207943081855774
6017,0.5237503051757812,0.18161091208457947,0.3421393632888794
6018,0.5231581330299377,0.1815619170665741,0.34159621596336365
6019,0.5207546353340149,0.1815224438905716,0.3392321765422821
6020,0.5168242454528809,0.1814373880624771,0.33538687229156494
6021,0.5132527351379395,0.18138407170772552,0.3318686783313751
6022,0.511903703212738,0.1813470721244812,0.33055663108825684
6023,0.5130389928817749,0.18123413622379303,0.3318048417568207
6024,0.5151984095573425,0.18124742805957794,0.3339509963989258
6025,0.5165876150131226,0.1811191886663437,0.33546844124794006
6026,0.5166763067245483,0.18109916150569916,0.335577130317688
6027,0.5165297985076904,0.18105119466781616,0.3354785740375519
6028,0.5176981687545776,0.180913507938385,0.33678463101387024
6029,0.5206079483032227,0.1810029149055481,0.3396050035953522
6030,0.5239236950874329,0.18074221909046173,0.34318146109580994
6031,0.525738000869751,0.18092238903045654,0.3448156416416168
6032,0.5249128341674805,0.180623859167099,0.34428897500038147
6033,0.5223624110221863,0.1807793229818344,0.34158310294151306
6034,0.5198414325714111,0.1805591881275177,0.33928224444389343
6035,0.518635630607605,0.18060000240802765,0.3380356431007385
6036,0.5182639956474304,0.18050718307495117,0.33775681257247925
6037,0.5171656608581543,0.18043504655361176,0.33673062920570374
6038,0.5143802165985107,0.18041449785232544,0.3339656889438629
6039,0.5106633305549622,0.1803136020898819,0.33034974336624146
6040,0.5080419778823853,0.18027295172214508,0.32776904106140137
6041,0.5080118179321289,0.18022486567497253,0.32778695225715637
6042,0.5102517604827881,0.18012635409832,0.3301253914833069
6043,0.5129705667495728,0.18012167513370514,0.3328489065170288
6044,0.5144854784011841,0.1800171136856079,0.33446839451789856
6045,0.5146527290344238,0.17996856570243835,0.3346841633319855
6046,0.5147983431816101,0.1799531877040863,0.3348451554775238
6047,0.5163331627845764,0.1797846555709839,0.33654850721359253
6048,0.5192610621452332,0.1799025535583496,0.33935850858688354
6049,0.521878182888031,0.17962251603603363,0.34225568175315857
6050,0.522388219833374,0.17981210350990295,0.3425760865211487
6051,0.5201537013053894,0.1795172542333603,0.3406364619731903
6052,0.5166492462158203,0.17965754866600037,0.33699166774749756
6053,0.5138074159622192,0.17946219444274902,0.3343452215194702
6054,0.5125876069068909,0.17947138845920563,0.33311620354652405
6055,0.512122392654419,0.17941051721572876,0.3327119052410126
6056,0.5108119249343872,0.17930757999420166,0.33150431513786316
6057,0.5080941319465637,0.17931288480758667,0.32878124713897705
6058,0.5051612854003906,0.17919205129146576,0.32596921920776367
6059,0.5039937496185303,0.179168701171875,0.32482507824897766
6060,0.5055404901504517,0.17910555005073547,0.3264349400997162
6061,0.5088506937026978,0.17902612686157227,0.3298245370388031
6062,0.5119019746780396,0.1789999157190323,0.33290207386016846
6063,0.5132623910903931,0.17892301082611084,0.3343393802642822
6064,0.5132519006729126,0.17884290218353271,0.3344089686870575
6065,0.5134207010269165,0.17886105179786682,0.33455967903137207
6066,0.5149258375167847,0.1786622405052185,0.33626362681388855
6067,0.5172900557518005,0.1788053959608078,0.33848467469215393
6068,0.5185302495956421,0.17851229012012482,0.34001797437667847
6069,0.5171921253204346,0.17870064079761505,0.3384914696216583
6070,0.513392984867096,0.17842142283916473,0.33497154712677
6071,0.5091954469680786,0.17853066325187683,0.3306647539138794
6072,0.5065517425537109,0.178376242518425,0.32817548513412476
6073,0.5058733224868774,0.17833934724330902,0.3275339901447296
6074,0.505828857421875,0.17832377552986145,0.32750505208969116
6075,0.5048678517341614,0.17818044126033783,0.32668742537498474
6076,0.5028802752494812,0.17821912467479706,0.32466113567352295
6077,0.5013624429702759,0.17807385325431824,0.32328861951828003
6078,0.5020208358764648,0.17807286977767944,0.323947936296463
6079,0.5051054954528809,0.17799165844917297,0.3271138072013855
6080,0.5090680122375488,0.17793303728103638,0.33113500475883484
6081,0.5118136405944824,0.1778823435306549,0.3339313268661499
6082,0.5123510956764221,0.17783403396606445,0.33451706171035767
6083,0.511570394039154,0.17772330343723297,0.3338470757007599
6084,0.5112050771713257,0.17777219414710999,0.3334329128265381
6085,0.5120259523391724,0.1775488555431366,0.3344770669937134
6086,0.5130748748779297,0.17770513892173767,0.3353697657585144
6087,0.5123512148857117,0.1774139702320099,0.3349372446537018
6088,0.5090814828872681,0.17758093774318695,0.3315005302429199
6089,0.5043563842773438,0.17734014987945557,0.3270162343978882
6090,0.5005949139595032,0.17739640176296234,0.32319849729537964
6091,0.49932438135147095,0.17730341851711273,0.322020947933197
6092,0.5000833868980408,0.17720504105091095,0.322878360748291
6093,0.5010743737220764,0.17724689841270447,0.32382747530937195
6094,0.5009647607803345,0.1770574152469635,0.32390734553337097
6095,0.5001562833786011,0.17713218927383423,0.32302406430244446
6096,0.5002609491348267,0.17696203291416168,0.32329893112182617
6097,0.5024871826171875,0.1769813597202301,0.3255058228969574
6098,0.5063073635101318,0.17688390612602234,0.3294234275817871
6099,0.5097596645355225,0.17684340476989746,0.3329162299633026
6100,0.5109975934028625,0.1767716109752655,0.33422598242759705
6101,0.509758710861206,0.17674607038497925,0.3330126404762268
6102,0.5075779557228088,0.1766127645969391,0.33096519112586975
6103,0.5062398910522461,0.1766793429851532,0.3295605480670929
6104,0.5060274004936218,0.1764490157365799,0.3295783996582031
6105,0.5056310296058655,0.17659656703472137,0.3290344774723053
6106,0.5034189820289612,0.17633187770843506,0.3270871043205261
6107,0.49946391582489014,0.17645329236984253,0.3230106234550476
6108,0.4955543279647827,0.17627397179603577,0.31928035616874695
6109,0.49383464455604553,0.17625969648361206,0.31757494807243347
6110,0.4948979318141937,0.17624029517173767,0.31865763664245605
6111,0.49739354848861694,0.17607496678829193,0.3213185966014862
6112,0.49934136867523193,0.17617341876029968,0.32316794991493225
6113,0.49984872341156006,0.17594273388385773,0.32390597462654114
6114,0.4998122453689575,0.17604613304138184,0.3237661123275757
6115,0.5007785558700562,0.17586077749729156,0.3249177634716034
6116,0.503391683101654,0.17588983476161957,0.3275018632411957
6117,0.5065147280693054,0.17578637599945068,0.33072835206985474
6118,0.5080863833427429,0.17575201392173767,0.33233436942100525
6119,0.5068812370300293,0.17567220330238342,0.33120906352996826
6120,0.5035730004310608,0.17565374076366425,0.32791924476623535
6121,0.5002472400665283,0.17551550269126892,0.3247317373752594
6122,0.49848705530166626,0.1755795180797577,0.32290753722190857
6123,0.4979986846446991,0.17536446452140808,0.322634220123291
6124,0.4972255229949951,0.175481915473938,0.32174360752105713
6125,0.49501848220825195,0.1752636432647705,0.31975483894348145
6126,0.4920513927936554,0.17532393336296082,0.3167274594306946
6127,0.4902394711971283,0.17521539330482483,0.31502407789230347
6128,0.49103283882141113,0.1751287877559662,0.31590405106544495
6129,0.4940628111362457,0.17517858743667603,0.3188842236995697
6130,0.4974311292171478,0.17495620250701904,0.3224749267101288
6131,0.49937593936920166,0.17509792745113373,0.3242780268192291
6132,0.49957412481307983,0.17484112083911896,0.3247329890727997
6133,0.4993651509284973,0.17495733499526978,0.32440781593322754
6134,0.5001195073127747,0.17477229237556458,0.3253472149372101
6135,0.5019672513008118,0.1747950315475464,0.3271722197532654
6136,0.5034193396568298,0.1747003048658371,0.32871904969215393
6137,0.5026780366897583,0.1746562272310257,0.3280218243598938
6138,0.4993791878223419,0.17458301782608032,0.3247961699962616
6139,0.4950438141822815,0.17455706000328064,0.32048675417900085
6140,0.4918971061706543,0.17442981898784637,0.31746727228164673
6141,0.490935742855072,0.17447713017463684,0.3164586126804352
6142,0.4912221133708954,0.17429089546203613,0.31693121790885925
6143,0.4910624027252197,0.1743679940700531,0.3166944086551666
6144,0.4897348880767822,0.17420154809951782,0.3155333399772644
6145,0.48825177550315857,0.1742020845413208,0.31404969096183777
6146,0.48835819959640503,0.17415648698806763,0.3142017126083374
6147,0.4908296465873718,0.17401021718978882,0.316819429397583
6148,0.4946472942829132,0.1741127371788025,0.3205345571041107
6149,0.49773409962654114,0.1738508641719818,0.3238832354545593
6150,0.49877744913101196,0.17401845753192902,0.32475897669792175
6151,0.4980194568634033,0.17375212907791138,0.32426732778549194
6152,0.4971121549606323,0.1738659292459488,0.32324621081352234
6153,0.4972071349620819,0.17369338870048523,0.3235137462615967
6154,0.4980063736438751,0.17369821667671204,0.3243081569671631
6155,0.4979007840156555,0.17362146079540253,0.3242793083190918
6156,0.4955395758152008,0.17355987429618835,0.32197970151901245
6157,0.49133309721946716,0.17350098490715027,0.3178321123123169
6158,0.4872637391090393,0.1734626591205597,0.3138010799884796
6159,0.4852865934371948,0.17335179448127747,0.31193479895591736
6160,0.4856639504432678,0.173379585146904,0.31228435039520264
6161,0.48693427443504333,0.17322221398353577,0.31371206045150757
6162,0.4874318838119507,0.17326194047927856,0.3141699433326721
6163,0.48683950304985046,0.17313948273658752,0.31370002031326294
6164,0.4864233434200287,0.17309129238128662,0.31333205103874207
6165,0.4877120554447174,0.1730949580669403,0.3146170973777771
6166,0.49092644453048706,0.1729051172733307,0.31802132725715637
6167,0.49464261531829834,0.1730434149503708,0.32159921526908875
6168,0.49679723381996155,0.1727583408355713,0.32403889298439026
6169,0.4965890645980835,0.172937273979187,0.3236517906188965
6170,0.4947800934314728,0.17267337441444397,0.3221067190170288
6171,0.4932098388671875,0.1727745682001114,0.3204352557659149
6172,0.4927741289138794,0.17262226343154907,0.3201518654823303
6173,0.4927978515625,0.17260321974754333,0.32019463181495667
6174,0.4916567802429199,0.1725490391254425,0.3191077411174774
6175,0.48847511410713196,0.17246702313423157,0.3160080909729004
6176,0.48426127433776855,0.17242489755153656,0.3118363618850708
6177,0.481153666973114,0.1723739355802536,0.3087797462940216
6178,0.4806314706802368,0.17227786779403687,0.30835360288619995
6179,0.48227185010910034,0.17228882014751434,0.3099830448627472
6180,0.4842672646045685,0.17215478420257568,0.3121124804019928
6181,0.4851321876049042,0.172163724899292,0.3129684627056122
6182,0.4849521219730377,0.17207732796669006,0.31287479400634766
6183,0.4851926863193512,0.17198973894119263,0.31320294737815857
6184,0.4871516227722168,0.17203208804130554,0.31511953473091125
6185,0.49055033922195435,0.17181000113487244,0.3187403380870819
6186,0.49368637800216675,0.1719733476638794,0.32171303033828735
6187,0.4946196973323822,0.17167603969573975,0.32294365763664246
6188,0.49308982491493225,0.17185622453689575,0.3212336003780365
6189,0.49033570289611816,0.17160263657569885,0.3187330663204193
6190,0.48827534914016724,0.1716846227645874,0.31659072637557983
6191,0.48751306533813477,0.17155660688877106,0.3159564435482025
6192,0.48703938722610474,0.17150984704494476,0.3155295252799988
6193,0.4853060841560364,0.1714816391468048,0.31382444500923157
6194,0.48191216588020325,0.17137819528579712,0.31053397059440613
6195,0.47828471660614014,0.17135454714298248,0.30693015456199646
6196,0.47649458050727844,0.17128977179527283,0.3052048087120056
6197,0.4774598479270935,0.17120854556560516,0.30625128746032715
6198,0.48016929626464844,0.17120300233364105,0.3089662790298462
6199,0.4826350510120392,0.1710909903049469,0.3115440607070923
6200,0.4836388826370239,0.1710713505744934,0.3125675320625305
6201,0.48365405201911926,0.17101791501045227,0.312636137008667
6202,0.4842677712440491,0.1708950698375702,0.3133727014064789
6203,0.4864993989467621,0.1709718406200409,0.3155275583267212
6204,0.48960018157958984,0.1707240492105484,0.31887611746788025
6205,0.4916873872280121,0.17090460658073425,0.32078278064727783
6206,0.49108242988586426,0.1706039011478424,0.32047852873802185
6207,0.48813802003860474,0.17077510058879852,0.3173629343509674
6208,0.48457005620002747,0.17054077982902527,0.3140292763710022
6209,0.4822695851325989,0.1705942302942276,0.31167536973953247
6210,0.48147082328796387,0.17049850523471832,0.31097230315208435
6211,0.48085451126098633,0.17041857540607452,0.3104359209537506
6212,0.47901424765586853,0.1704215705394745,0.30859267711639404
6213,0.4760103225708008,0.17029128968715668,0.3057190477848053
6214,0.473540335893631,0.1702912151813507,0.3032491207122803
6215,0.4734135866165161,0.17020893096923828,0.30320465564727783
6216,0.4759068191051483,0.17014679312705994,0.3057600259780884
6217,0.4794951379299164,0.1701219081878662,0.30937322974205017
6218,0.4821279048919678,0.17003197968006134,0.3120959401130676
6219,0.48294493556022644,0.16998350620269775,0.3129614293575287
6220,0.4828166663646698,0.16996237635612488,0.3128542900085449
6221,0.4833987057209015,0.16980689764022827,0.3135918080806732
6222,0.48537492752075195,0.1699148267507553,0.31546011567115784
6223,0.487529456615448,0.16964662075042725,0.31788283586502075
6224,0.48794734477996826,0.1698359102010727,0.31811144948005676
6225,0.4854467511177063,0.16954220831394196,0.31590452790260315
6226,0.4811367988586426,0.1696898341178894,0.3114469647407532
6227,0.4771864414215088,0.1694912314414978,0.307695209980011
6228,0.475256085395813,0.16950087249279022,0.30575522780418396
6229,0.4750399589538574,0.16945087909698486,0.30558907985687256
6230,0.474895179271698,0.16932742297649384,0.30556774139404297
6231,0.47361788153648376,0.16936948895454407,0.3042483925819397
6232,0.47170060873031616,0.16920845210552216,0.3024921715259552
6233,0.4709210991859436,0.16923633217811584,0.30168476700782776
6234,0.47261983156204224,0.16913200914859772,0.3034878373146057
6235,0.47638174891471863,0.1690908968448639,0.30729085206985474
6236,0.480269193649292,0.16904306411743164,0.31122612953186035
6237,0.48234546184539795,0.16897670924663544,0.3133687376976013
6238,0.4822658896446228,0.16890090703964233,0.31336498260498047
6239,0.4813411831855774,0.1689089685678482,0.3124322295188904
6240,0.48120611906051636,0.16872838139533997,0.3124777376651764
6241,0.4821571111679077,0.168857142329216,0.3132999837398529
6242,0.4826509356498718,0.1685819923877716,0.3140689432621002
6243,0.4810238480567932,0.1687621921300888,0.3122616708278656
6244,0.4769330620765686,0.16849550604820251,0.3084375560283661
6245,0.472210556268692,0.16859805583953857,0.30361250042915344
6246,0.4691598415374756,0.16845576465129852,0.30070409178733826
6247,0.46877607703208923,0.16840234398841858,0.30037373304367065
6248,0.4700193703174591,0.16841372847557068,0.3016056418418884
6249,0.4709910452365875,0.16823789477348328,0.30275315046310425
6250,0.4707860052585602,0.16832438111305237,0.3024616241455078
6251,0.47023534774780273,0.16813212633132935,0.3021032214164734
6252,0.4710293412208557,0.16818509995937347,0.30284425616264343
6253,0.47392863035202026,0.16806086897850037,0.3058677613735199
6254,0.47790831327438354,0.16803699731826782,0.3098713159561157
6255,0.4808470606803894,0.16796992719173431,0.3128771483898163
6256,0.4811854958534241,0.16792239248752594,0.3132631182670593
6257,0.47926437854766846,0.16782839596271515,0.3114359974861145
6258,0.47689318656921387,0.1678525060415268,0.30904069542884827
6259,0.47563934326171875,0.16766493022441864,0.3079743981361389
6260,0.4754033088684082,0.16779173910617828,0.3076115846633911
6261,0.4745355248451233,0.1675342321395874,0.3070012927055359
6262,0.4718267023563385,0.16768014430999756,0.30414655804634094
6263,0.46774497628211975,0.16746214032173157,0.3002828359603882
6264,0.46440327167510986,0.16750140488147736,0.2969018518924713
6265,0.4636538028717041,0.16742856800556183,0.2962252199649811
6266,0.4655512273311615,0.16730627417564392,0.2982449531555176
6267,0.46839237213134766,0.16738291084766388,0.3010094463825226
6268,0.4702589511871338,0.16715599596500397,0.30310294032096863
6269,0.47068482637405396,0.16728149354457855,0.3034033179283142
6270,0.4707739055156708,0.16706505417823792,0.30370885133743286
6271,0.47207111120224,0.1671314835548401,0.3049396276473999
6272,0.47481095790863037,0.1670004278421402,0.30781054496765137
6273,0.4775777757167816,0.16697949171066284,0.3105982840061188
6274,0.47836214303970337,0.16690857708454132,0.31145355105400085
6275,0.4762687683105469,0.16686466336250305,0.3094041049480438
6276,0.472459077835083,0.1667688488960266,0.3056902289390564
6277,0.4691295921802521,0.16679227352142334,0.30233731865882874
6278,0.46759262681007385,0.16661781072616577,0.3009748160839081
6279,0.4672737121582031,0.1667213886976242,0.3005523085594177
6280,0.466469407081604,0.16650135815143585,0.29996806383132935
6281,0.4643179476261139,0.16659417748451233,0.29772377014160156
6282,0.46171385049819946,0.16643616557121277,0.2952776849269867
6283,0.4606055021286011,0.1664094626903534,0.2941960394382477
6284,0.4621661901473999,0.1664029061794281,0.2957632839679718
6285,0.46567994356155396,0.16622187197208405,0.2994580566883087
6286,0.46914249658584595,0.16634973883628845,0.3027927577495575
6287,0.47084498405456543,0.16608569025993347,0.30475929379463196
6288,0.470832496881485,0.16623669862747192,0.30459579825401306
6289,0.4704502820968628,0.1660090833902359,0.3044412136077881
6290,0.47112518548965454,0.1660754531621933,0.30504974722862244
6291,0.47272562980651855,0.16595107316970825,0.3067745566368103
6292,0.47367507219314575,0.16591687500476837,0.3077582120895386
6293,0.47231918573379517,0.16585984826087952,0.30645933747291565
6294,0.46851807832717896,0.16580353677272797,0.3027145266532898
6295,0.464056134223938,0.16572342813014984,0.29833269119262695
6296,0.461145281791687,0.16573235392570496,0.29541292786598206
6297,0.4605793356895447,0.1655801683664322,0.2949991822242737
6298,0.4612428545951843,0.1656521111726761,0.29559075832366943
6299,0.4613683223724365,0.1654721051454544,0.2958962321281433
6300,0.4603344202041626,0.16551338136196136,0.2948210537433624
6301,0.4592175781726837,0.1654106080532074,0.2938069701194763
6302,0.45974215865135193,0.16532763838768005,0.2944145202636719
6303,0.46256110072135925,0.1653740108013153,0.29718708992004395
6304,0.46650388836860657,0.1651521921157837,0.3013516962528229
6305,0.4695385694503784,0.16531267762184143,0.304225891828537
6306,0.470254123210907,0.16503094136714935,0.30522316694259644
6307,0.4691781997680664,0.16518878936767578,0.3039894104003906
6308,0.46786555647850037,0.1649629771709442,0.30290257930755615
6309,0.4676460921764374,0.1650182008743286,0.30262789130210876
6310,0.46814969182014465,0.16490891575813293,0.3032407760620117
6311,0.46776092052459717,0.16485600173473358,0.3029049038887024
6312,0.4651997685432434,0.16482046246528625,0.30037930607795715
6313,0.46090108156204224,0.16474519670009613,0.2961558997631073
6314,0.45694029331207275,0.1646876037120819,0.29225268959999084
6315,0.4552556872367859,0.16467541456222534,0.29058027267456055
6316,0.4560539424419403,0.1645469069480896,0.2915070354938507
6317,0.4577977657318115,0.16458961367607117,0.29320815205574036
6318,0.4587146043777466,0.16443993151187897,0.2942746877670288
6319,0.4584260582923889,0.16444352269172668,0.29398253560066223
6320,0.4581604599952698,0.16438116133213043,0.29377931356430054
6321,0.45949500799179077,0.16425898671150208,0.2952360212802887
6322,0.4627351462841034,0.164345383644104,0.2983897626399994
6323,0.46640998125076294,0.16409429907798767,0.30231568217277527
6324,0.46854445338249207,0.16427621245384216,0.3042682409286499
6325,0.468039870262146,0.16398566961288452,0.3040542006492615
6326,0.4658683240413666,0.16413888335227966,0.3017294406890869
6327,0.4637744426727295,0.1639256328344345,0.2998488247394562
6328,0.46295788884162903,0.16396069526672363,0.2989971935749054
6329,0.4628218710422516,0.16387388110160828,0.2989479899406433
6330,0.4617335796356201,0.16380080580711365,0.29793277382850647
6331,0.45873427391052246,0.16378521919250488,0.2949490547180176
6332,0.454654335975647,0.1636946201324463,0.2909597158432007
6333,0.4516376852989197,0.1636539250612259,0.287983775138855
6334,0.4512632489204407,0.16362354159355164,0.28763970732688904
6335,0.45322903990745544,0.16351428627967834,0.2897147536277771
6336,0.4557267427444458,0.1635311245918274,0.2921956181526184
6337,0.45706596970558167,0.16340777277946472,0.29365819692611694
6338,0.45712167024612427,0.16338302195072174,0.2937386631965637
6339,0.4572582542896271,0.16335132718086243,0.29390692710876465
6340,0.4589312672615051,0.16320432722568512,0.2957269549369812
6341,0.46216633915901184,0.16331657767295837,0.29884976148605347
6342,0.4652561843395233,0.1630476415157318,0.3022085428237915
6343,0.466319739818573,0.16324079036712646,0.30307894945144653
6344,0.4645938277244568,0.16294626891613007,0.3016475737094879
6345,0.4614509344100952,0.16309186816215515,0.29835906624794006
6346,0.45879805088043213,0.16289295256137848,0.29590511322021484
6347,0.45767417550086975,0.16290581226348877,0.294768363237381
6348,0.45726829767227173,0.16284647583961487,0.29442182183265686
6349,0.45593178272247314,0.1627487689256668,0.29318299889564514
6350,0.452972412109375,0.1627582460641861,0.2902141809463501
6351,0.44950225949287415,0.16264790296554565,0.2868543565273285
6352,0.4476225972175598,0.1626230627298355,0.2849995195865631
6353,0.4485340714454651,0.16257719695568085,0.28595688939094543
6354,0.45150476694107056,0.16248191893100739,0.289022833108902
6355,0.45454221963882446,0.1624792516231537,0.2920629680156708
6356,0.4560612738132477,0.1623794138431549,0.2936818599700928
6357,0.45619291067123413,0.16233021020889282,0.2938627004623413
6358,0.4564357399940491,0.16232900321483612,0.29410672187805176
6359,0.4581192135810852,0.16215777397155762,0.2959614396095276
6360,0.4610070586204529,0.16229166090488434,0.29871541261672974
6361,0.4631849229335785,0.1620103120803833,0.3011746108531952
6362,0.46292585134506226,0.16220365464687347,0.3007221817970276
6363,0.4598901569843292,0.16191551089286804,0.2979746460914612
6364,0.4558691680431366,0.16204330325126648,0.2938258647918701
6365,0.45290833711624146,0.1618681252002716,0.29104021191596985
6366,0.4518161416053772,0.16185496747493744,0.28996115922927856
6367,0.45152547955513,0.1618252396583557,0.2897002398967743
6368,0.4503772258758545,0.16170088946819305,0.28867635130882263
6369,0.44792038202285767,0.16173729300498962,0.28618308901786804
6370,0.4454645812511444,0.16160258650779724,0.28386199474334717
6371,0.44496339559555054,0.16159851849079132,0.2833648920059204
6372,0.4471951127052307,0.16153104603290558,0.28566408157348633
6373,0.4510209560394287,0.16145507991313934,0.2895658612251282
6374,0.454312801361084,0.16143397986888885,0.2928788363933563
6375,0.4556516408920288,0.16135646402835846,0.29429519176483154
6376,0.4554601311683655,0.16128794848918915,0.29417216777801514
6377,0.45538458228111267,0.16131067276000977,0.2940739095211029
6378,0.45660459995269775,0.16111932694911957,0.2954852879047394
6379,0.4586143493652344,0.1612684577703476,0.2973458766937256
6380,0.45938730239868164,0.16097794473171234,0.2984093725681305
6381,0.45750486850738525,0.16116513311862946,0.2963397204875946
6382,0.45322078466415405,0.1608932763338089,0.29232752323150635
6383,0.44874346256256104,0.16099148988723755,0.2877519726753235
6384,0.44611597061157227,0.1608572006225586,0.28525876998901367
6385,0.4457302689552307,0.16080257296562195,0.28492769598960876
6386,0.44617563486099243,0.1608162522315979,0.28535938262939453
6387,0.4457833766937256,0.1606549322605133,0.2851284444332123
6388,0.4443266689777374,0.16072121262550354,0.2836054563522339
6389,0.4432240426540375,0.16056182980537415,0.28266221284866333
6390,0.4441893994808197,0.16057690978050232,0.2836124897003174
6391,0.4475324749946594,0.16049069166183472,0.2870417833328247
6392,0.45174741744995117,0.16043518483638763,0.29131224751472473
6393,0.4546705484390259,0.16039422154426575,0.29427632689476013
6394,0.4551485776901245,0.16034123301506042,0.2948073446750641
6395,0.453977108001709,0.16025222837924957,0.2937248647212982
6396,0.45298081636428833,0.1602937877178192,0.2926870286464691
6397,0.4531933665275574,0.1600903421640396,0.29310303926467896
6398,0.45388635993003845,0.16023880243301392,0.29364755749702454
6399,0.45309337973594666,0.1599569022655487,0.29313647747039795
6400,0.44986191391944885,0.16012075543403625,0.2897411584854126
6401,0.44509339332580566,0.1598832905292511,0.28521010279655457
6402,0.44119793176651,0.15994012355804443,0.2812578082084656
6403,0.4399224519729614,0.15985551476478577,0.28006693720817566
6404,0.44104036688804626,0.1597529649734497,0.28128740191459656
6405,0.4427468478679657,0.15981435775756836,0.28293249011039734
6406,0.44340628385543823,0.15961040556430817,0.28379586338996887
6407,0.4430360198020935,0.15971095860004425,0.28332507610321045
6408,0.44309356808662415,0.15952396392822266,0.2835696041584015
6409,0.4450218677520752,0.15955962240695953,0.28546226024627686
6410,0.4486868679523468,0.15945973992347717,0.28922712802886963
6411,0.45232295989990234,0.1594175100326538,0.29290544986724854
6412,0.4538823068141937,0.15936854481697083,0.2945137619972229
6413,0.4526548981666565,0.15932679176330566,0.29332810640335083
6414,0.4499284029006958,0.15922777354717255,0.29070064425468445
6415,0.4477280378341675,0.1592743694782257,0.2884536683559418
6416,0.44693195819854736,0.15906965732574463,0.28786230087280273
6417,0.44662246108055115,0.15920555591583252,0.28741690516471863
6418,0.4450247883796692,0.15894778072834015,0.28607699275016785
6419,0.4416186213493347,0.15907281637191772,0.282545804977417
6420,0.43772628903388977,0.1588875949382782,0.2788386940956116
6421,0.43558627367019653,0.15888835489749908,0.27669793367385864
6422,0.4363592565059662,0.1588631570339203,0.2774960994720459
6423,0.43917879462242126,0.15870755910873413,0.28047123551368713
6424,0.44199007749557495,0.15881362557411194,0.283176451921463
6425,0.44328930974006653,0.1585749387741089,0.28471437096595764
6426,0.44337818026542664,0.158699631690979,0.28467854857444763
6427,0.4437448978424072,0.15849678218364716,0.28524813055992126
6428,0.4456258714199066,0.15854501724243164,0.287080854177475
6429,0.4485689401626587,0.15843898057937622,0.29012995958328247
6430,0.45071595907211304,0.15840283036231995,0.2923131287097931
6431,0.4503104090690613,0.15835116803646088,0.2919592559337616
6432,0.44721555709838867,0.1583087146282196,0.28890684247016907
6433,0.4432135224342346,0.15821413695812225,0.28499940037727356
6434,0.4404309391975403,0.15824773907661438,0.2821832001209259
6435,0.4395071268081665,0.15806153416633606,0.28144559264183044
6436,0.4392867982387543,0.15816840529441833,0.28111839294433594
6437,0.4381084144115448,0.15794751048088074,0.28016090393066406
6438,0.4356688857078552,0.1580304652452469,0.27763843536376953
6439,0.4333764314651489,0.15789498388767242,0.2754814624786377
6440,0.43313223123550415,0.15784740447998047,0.2752848267555237
6441,0.43555960059165955,0.15787112712860107,0.27768847346305847
6442,0.43938106298446655,0.15767069160938263,0.28171035647392273
6443,0.44250449538230896,0.15781354904174805,0.2846909463405609
6444,0.4436243772506714,0.15754695236682892,0.28607743978500366
6445,0.44333040714263916,0.15769067406654358,0.2856397330760956
6446,0.4431542456150055,0.15748047828674316,0.28567376732826233
6447,0.4442254304885864,0.15752938389778137,0.28669604659080505
6448,0.44593316316604614,0.15743164718151093,0.288501501083374
6449,0.4464600086212158,0.1573854386806488,0.289074569940567
6450,0.44440940022468567,0.15734487771987915,0.2870645225048065
6451,0.44016626477241516,0.15728875994682312,0.28287750482559204
6452,0.4358394145965576,0.1572064757347107,0.2786329388618469
6453,0.43346139788627625,0.15722277760505676,0.2762386202812195
6454,0.4333254098892212,0.15705832839012146,0.27626708149909973
6455,0.4339850842952728,0.1571366786956787,0.2768484055995941
6456,0.43377745151519775,0.1569538116455078,0.27682363986968994
6457,0.43249034881591797,0.156995952129364,0.27549439668655396
6458,0.4315115213394165,0.15690557658672333,0.274605929851532
6459,0.43250077962875366,0.15681490302085876,0.2756858766078949
6460,0.4357582628726959,0.15687599778175354,0.2788822650909424
6461,0.4397921562194824,0.15664559602737427,0.28314656019210815
6462,0.44256770610809326,0.15681035816669464,0.2857573330402374
6463,0.4429584741592407,0.15653179585933685,0.2864266633987427
6464,0.44181352853775024,0.1566821038722992,0.28513142466545105
6465,0.4407591223716736,0.15647365152835846,0.28428545594215393
6466,0.44089359045028687,0.15651798248291016,0.2843756079673767
6467,0.44153517484664917,0.15642909705638885,0.2851060926914215
6468,0.4409414827823639,0.15637022256851196,0.28457126021385193
6469,0.4380147457122803,0.15634313225746155,0.2816716134548187
6470,0.43349242210388184,0.1562684029340744,0.27722403407096863
6471,0.42959246039390564,0.15620636940002441,0.2733860909938812
6472,0.4281311631202698,0.15620005130767822,0.27193111181259155
6473,0.42905402183532715,0.15606224536895752,0.27299177646636963
6474,0.4306814670562744,0.1561141461133957,0.2745673358440399
6475,0.43133753538131714,0.15596063435077667,0.27537691593170166
6476,0.4308682680130005,0.1559744030237198,0.2748938500881195
6477,0.4306609332561493,0.155912846326828,0.2747480869293213
6478,0.4322567582130432,0.1557941436767578,0.2764626145362854
6479,0.435781866312027,0.1558820605278015,0.27989980578422546
6480,0.439595490694046,0.1556292474269867,0.2839662432670593
6481,0.44171521067619324,0.15581300854682922,0.285902202129364
6482,0.44116681814193726,0.15552450716495514,0.2856423258781433
6483,0.4390561580657959,0.15567782521247864,0.28337833285331726
6484,0.4371470510959625,0.15547502040863037,0.28167203068733215
6485,0.43653008341789246,0.15550553798675537,0.2810245454311371
6486,0.43647462129592896,0.15543319284915924,0.2810414135456085
6487,0.43528440594673157,0.15535375475883484,0.27993065118789673
6488,0.4320623576641083,0.15534615516662598,0.2767162024974823
6489,0.42776191234588623,0.1552533507347107,0.27250856161117554
6490,0.42462050914764404,0.15520940721035004,0.2694111168384552
6491,0.4242202639579773,0.15518659353256226,0.26903367042541504
6492,0.4261953830718994,0.15506896376609802,0.2711264193058014
6493,0.4286719262599945,0.1550999879837036,0.2735719382762909
6494,0.42994916439056396,0.15497173368930817,0.274977445602417
6495,0.4299585819244385,0.1549585461616516,0.27500003576278687
6496,0.43012773990631104,0.15492422878742218,0.27520349621772766
6497,0.4319365322589874,0.1547808051109314,0.27715572714805603
6498,0.4353812336921692,0.1548902690410614,0.2804909646511078
6499,0.4386846721172333,0.15462413430213928,0.284060537815094
6500,0.4399035573005676,0.15481562912464142,0.2850879430770874
6501,0.43823671340942383,0.15452687442302704,0.2837098240852356
6502,0.4350752830505371,0.1546737402677536,0.2804015278816223
6503,0.43237513303756714,0.15448161959648132,0.2778935134410858
6504,0.4312310218811035,0.15449558198451996,0.27673545479774475
6505,0.430835098028183,0.15444090962409973,0.27639418840408325
6506,0.42948901653289795,0.15434099733829498,0.27514803409576416
6507,0.4264380931854248,0.15435634553432465,0.27208173274993896
6508,0.42279282212257385,0.1542416214942932,0.26855120062828064
6509,0.42073509097099304,0.15422222018241882,0.2665128707885742
6510,0.42157483100891113,0.15417668223381042,0.2673981487751007
6511,0.42462214827537537,0.15408343076705933,0.27053871750831604
6512,0.42782241106033325,0.15409192442893982,0.27373048663139343
6513,0.42948150634765625,0.15398527681827545,0.2754962146282196
6514,0.4296497106552124,0.15395112335681915,0.27569857239723206
6515,0.4298439025878906,0.15393784642219543,0.2759060561656952
6516,0.4314888119697571,0.15377621352672577,0.2777125835418701
6517,0.434437096118927,0.15390324592590332,0.2805338501930237
6518,0.43676838278770447,0.1536252200603485,0.28314316272735596
6519,0.4366474747657776,0.15382219851016998,0.2828252911567688
6520,0.43359827995300293,0.15353542566299438,0.28006285429000854
6521,0.4293975532054901,0.15366768836975098,0.27572986483573914
6522,0.42621010541915894,0.15349724888801575,0.2727128565311432
6523,0.4250158965587616,0.15348175168037415,0.27153414487838745
6524,0.42481476068496704,0.15346121788024902,0.271353542804718
6525,0.423856645822525,0.15332922339439392,0.2705274224281311
6526,0.42151933908462524,0.1533764898777008,0.26814284920692444
6527,0.41902875900268555,0.15323655307292938,0.26579222083091736
6528,0.4184190034866333,0.15324002504348755,0.26517897844314575
6529,0.42064201831817627,0.1531747579574585,0.2674672603607178
6530,0.42465582489967346,0.15310129523277283,0.27155452966690063
6531,0.42825835943222046,0.15308834612369537,0.2751700282096863
6532,0.42983338236808777,0.15300551056861877,0.276827871799469
6533,0.4296402335166931,0.15294668078422546,0.27669355273246765
6534,0.42933571338653564,0.1529589295387268,0.27637678384780884
6535,0.43029290437698364,0.15277749300003052,0.2775154113769531
6536,0.43219712376594543,0.15291786193847656,0.27927926182746887
6537,0.4330398440361023,0.1526358723640442,0.2804039716720581
6538,0.4312329888343811,0.1528223603963852,0.2784106135368347
6539,0.42684268951416016,0.15255539119243622,0.27428731322288513
6540,0.42207321524620056,0.15265673398971558,0.269416481256485
6541,0.419177383184433,0.15252414345741272,0.26665323972702026
6542,0.41878604888916016,0.15247054398059845,0.2663154900074005
6543,0.41954442858695984,0.15249046683311462,0.2670539617538452
6544,0.41960859298706055,0.15232406556606293,0.2672845125198364
6545,0.4184795022010803,0.15240445733070374,0.2660750448703766
6546,0.417440265417099,0.15223568677902222,0.2652045786380768
6547,0.418310284614563,0.1522652953863144,0.2660449743270874
6548,0.42163097858428955,0.15217505395412445,0.2694559097290039
6549,0.4260232448577881,0.15212461352348328,0.2738986313343048
6550,0.42921000719070435,0.1520913988351822,0.27711862325668335
6551,0.4297722578048706,0.1520279347896576,0.277744323015213
6552,0.42832306027412415,0.15195384621620178,0.27636921405792236
6553,0.426769495010376,0.15197761356830597,0.2747918963432312
6554,0.4264562726020813,0.1517900675535202,0.2746661901473999
6555,0.4269126057624817,0.15192757546901703,0.27498504519462585
6556,0.42619407176971436,0.1516566425561905,0.27453741431236267
6557,0.4231228828430176,0.1518193781375885,0.2713035047054291
6558,0.4183892011642456,0.15158657729625702,0.2668026089668274
6559,0.41439905762672424,0.1516449749469757,0.26275408267974854
6560,0.4131186902523041,0.1515648365020752,0.2615538537502289
6561,0.4145404100418091,0.15145987272262573,0.26308053731918335
6562,0.41685280203819275,0.15153217315673828,0.26532062888145447
6563,0.41815540194511414,0.15132039785385132,0.2668350040912628
6564,0.4181482493877411,0.15143758058547974,0.26671066880226135
6565,0.4181603789329529,0.15124092996120453,0.26691943407058716
6566,0.4198097586631775,0.1512899547815323,0.268519788980484
6567,0.4232439696788788,0.15118753910064697,0.2720564305782318
6568,0.42683783173561096,0.15114635229110718,0.2756914794445038
6569,0.4284087121486664,0.15110555291175842,0.27730315923690796
6570,0.42697396874427795,0.1510496735572815,0.27592429518699646
6571,0.423692911863327,0.15096911787986755,0.2727237939834595
6572,0.4207727015018463,0.15099570155143738,0.26977699995040894
6573,0.4194885492324829,0.15081192553043365,0.26867663860321045
6574,0.41918355226516724,0.1509331911802292,0.26825037598609924
6575,0.41802334785461426,0.15069063007831573,0.26733270287513733
6576,0.41514766216278076,0.15081138908863068,0.2643362879753113
6577,0.41158628463745117,0.15063290297985077,0.2609533667564392
6578,0.4095633625984192,0.15063457190990448,0.2589287757873535
6579,0.4104793667793274,0.1506136804819107,0.2598657011985779
6580,0.4136941432952881,0.1504572182893753,0.263236939907074
6581,0.4171130955219269,0.15057304501533508,0.2665400505065918
6582,0.4189222753047943,0.15032899379730225,0.26859328150749207
6583,0.4191075563430786,0.15046796202659607,0.26863959431648254
6584,0.4190801978111267,0.15025733411312103,0.2688228487968445
6585,0.4203452467918396,0.15031512081623077,0.27003014087677
6586,0.4228026866912842,0.15020844340324402,0.27259424328804016
6587,0.42474642395973206,0.15016958117485046,0.2745768427848816
6588,0.42425736784935,0.15012940764427185,0.2741279602050781
6589,0.42091962695121765,0.15006905794143677,0.2708505690097809
6590,0.41643226146698,0.14999674260616302,0.26643550395965576
6591,0.4131520390510559,0.15000730752944946,0.26314473152160645
6592,0.4121071696281433,0.14984698593616486,0.26226019859313965
6593,0.41231346130371094,0.1499371975660324,0.26237624883651733
6594,0.4119243621826172,0.14973382651805878,0.2621905505657196
6595,0.4102146029472351,0.14981156587600708,0.260403037071228
6596,0.4082869589328766,0.14968061447143555,0.25860634446144104
6597,0.40808212757110596,0.149637371301651,0.25844475626945496
6598,0.4105266332626343,0.14966075122356415,0.26086586713790894
6599,0.41458994150161743,0.14946572482585907,0.26512420177459717
6600,0.4181252419948578,0.14961400628089905,0.26851123571395874
6601,0.41948726773262024,0.1493445336818695,0.27014273405075073
6602,0.41898077726364136,0.14950023591518402,0.26948052644729614
6603,0.4181409478187561,0.14928288757801056,0.26885804533958435
6604,0.4184432923793793,0.14933988451957703,0.26910340785980225
6605,0.4196494221687317,0.14924171566963196,0.27040770649909973
6606,0.42006915807724,0.14918853342533112,0.2708806097507477
6607,0.41810131072998047,0.14916451275348663,0.26893678307533264
6608,0.4138280153274536,0.14908644556999207,0.26474156975746155
6609,0.4092709422111511,0.1490323394536972,0.2602386176586151
6610,0.4066828489303589,0.1490243524312973,0.2576585114002228
6611,0.4066978096961975,0.14888544380664825,0.25781235098838806
6612,0.4079737961292267,0.14895150065422058,0.2590222954750061
6613,0.4086030125617981,0.14877894520759583,0.25982406735420227
6614,0.4079442024230957,0.14882269501686096,0.25912150740623474
6615,0.4071314036846161,0.1487308144569397,0.2584005892276764
6616,0.4079521894454956,0.14864854514598846,0.25930362939834595
6617,0.4110596776008606,0.1487084925174713,0.2623511850833893
6618,0.41519251465797424,0.14848297834396362,0.2667095363140106
6619,0.4182244539260864,0.14865286648273468,0.26957160234451294
6620,0.4186819791793823,0.14837275445461273,0.2703092098236084
6621,0.4171801805496216,0.14852990210056305,0.2686502933502197
6622,0.4154137074947357,0.14831900596618652,0.2670947015285492
6623,0.4148556590080261,0.14836369454860687,0.26649197936058044
6624,0.41517454385757446,0.1482798308134079,0.26689469814300537
6625,0.41469821333885193,0.1482124924659729,0.26648572087287903
6626,0.4120621085166931,0.14820191264152527,0.26386019587516785
6627,0.40767356753349304,0.14811137318611145,0.2595621943473816
6628,0.40367215871810913,0.1480713188648224,0.25560083985328674
6629,0.4021042287349701,0.14804798364639282,0.25405624508857727
6630,0.40322810411453247,0.14793044328689575,0.2552976608276367
6631,0.40543705224990845,0.14797253906726837,0.2574644982814789
6632,0.4067893326282501,0.14782848954200745,0.2589608430862427
6633,0.40674740076065063,0.14784331619739532,0.2589040994644165
6634,0.4065069854259491,0.1477796733379364,0.2587273120880127
6635,0.4077831506729126,0.14767307043075562,0.260110080242157
6636,0.4110605716705322,0.14775343239307404,0.2633071541786194
6637,0.4149095416069031,0.1475127786397934,0.2673967480659485
6638,0.4172312617301941,0.14769209921360016,0.26953914761543274
6639,0.41671133041381836,0.14740726351737976,0.2693040668964386
6640,0.414241224527359,0.14756369590759277,0.26667752861976624
6641,0.4116954207420349,0.14735758304595947,0.26433783769607544
6642,0.41054198145866394,0.14739301800727844,0.2631489634513855
6643,0.41035646200180054,0.1473226100206375,0.2630338668823242
6644,0.4094420075416565,0.14723914861679077,0.2622028589248657
6645,0.40660589933395386,0.14724738895893097,0.2593585252761841
6646,0.402489572763443,0.14713868498802185,0.25535088777542114
6647,0.3992760181427002,0.14711973071098328,0.2521562874317169
6648,0.39878931641578674,0.1470780074596405,0.25171130895614624
6649,0.40095412731170654,0.14697878062725067,0.2539753317832947
6650,0.4039422571659088,0.14700385928153992,0.2569383978843689
6651,0.40579158067703247,0.14687731862068176,0.2589142620563507
6652,0.40608668327331543,0.14687460660934448,0.25921207666397095
6653,0.40611812472343445,0.14682984352111816,0.2592882812023163
6654,0.4075648784637451,0.14670319855213165,0.26086166501045227
6655,0.4107649326324463,0.14680302143096924,0.26396191120147705
6656,0.4141072630882263,0.1465453952550888,0.2675618529319763
6657,0.41550081968307495,0.14673680067062378,0.26876401901245117
6658,0.4138275384902954,0.14644715189933777,0.26738038659095764
6659,0.4103168547153473,0.14659848809242249,0.2637183666229248
6660,0.407070517539978,0.146405890583992,0.26066461205482483
6661,0.4055336117744446,0.14642128348350525,0.25911232829093933
6662,0.40513965487480164,0.14637669920921326,0.2587629556655884
6663,0.4041336476802826,0.1462690234184265,0.2578646242618561
6664,0.4014643132686615,0.14630112051963806,0.25516319274902344
6665,0.3979819118976593,0.1461741328239441,0.2518077790737152
6666,0.3958660662174225,0.14617028832435608,0.2496957778930664
6667,0.39666467905044556,0.1461157500743866,0.25054892897605896
6668,0.39992305636405945,0.14603087306022644,0.253892183303833
6669,0.403581440448761,0.14603959023952484,0.25754183530807495
6670,0.4056875705718994,0.14593325555324554,0.2597543001174927
6671,0.4060070216655731,0.14590606093406677,0.26010096073150635
6672,0.4059833288192749,0.14588744938373566,0.26009589433670044
6673,0.40725943446159363,0.14573654532432556,0.26152288913726807
6674,0.4099697470664978,0.14585570991039276,0.26411405205726624
6675,0.4122875928878784,0.14558683335781097,0.26670077443122864
6676,0.4122087359428406,0.14577794075012207,0.2664307951927185
6677,0.4090135991573334,0.14549946784973145,0.26351413130760193
6678,0.40442100167274475,0.1456308662891388,0.25879013538360596
6679,0.4007939398288727,0.14546704292297363,0.25532689690589905
6680,0.39940521121025085,0.14545196294784546,0.2539532482624054
6681,0.3993892967700958,0.14543896913528442,0.2539503276348114
6682,0.39886999130249023,0.1453036516904831,0.25356635451316833
6683,0.3969576060771942,0.14536190032958984,0.25159570574760437
6684,0.3946940302848816,0.14521215856075287,0.24948187172412872
6685,0.394153356552124,0.1452297419309616,0.2489236295223236
6686,0.3964686989784241,0.14515376091003418,0.2513149380683899
6687,0.4007278084754944,0.14509092271327972,0.25563690066337585
6688,0.4046620726585388,0.1450764238834381,0.2595856487751007
6689,0.40642693638801575,0.14499378204345703,0.2614331543445587
6690,0.4061000347137451,0.14494441449642181,0.2611556053161621
6691,0.4053598940372467,0.14494526386260986,0.26041463017463684
6692,0.40579700469970703,0.14477968215942383,0.2610173225402832
6693,0.4073094129562378,0.14490759372711182,0.262401819229126
6694,0.40794044733047485,0.14463971555233002,0.26330074667930603
6695,0.4059881865978241,0.14482024312019348,0.2611679434776306
6696,0.40141624212265015,0.14456316828727722,0.2568530738353729
6697,0.3964586853981018,0.14466355741024017,0.25179511308670044
6698,0.3935355544090271,0.14453954994678497,0.24899600446224213
6699,0.39340686798095703,0.1444815695285797,0.2489253133535385
6700,0.3946935534477234,0.14451509714126587,0.2501784563064575
6701,0.3953702449798584,0.14433643221855164,0.25103381276130676
6702,0.3947391211986542,0.14443200826644897,0.2503071129322052
6703,0.3939826786518097,0.14425057172775269,0.249732106924057
6704,0.39498502016067505,0.14429353177547455,0.2506915032863617
6705,0.3983854055404663,0.1441994458436966,0.2541859745979309
6706,0.4028344750404358,0.14415083825588226,0.2586836516857147
6707,0.4059666395187378,0.14412401616573334,0.26184263825416565
6708,0.40623927116394043,0.14405345916748047,0.26218581199645996
6709,0.4042520523071289,0.14399172365665436,0.26026031374931335
6710,0.40204787254333496,0.14400511980056763,0.25804275274276733
6711,0.4011760950088501,0.1438310742378235,0.2573450207710266
6712,0.4012925326824188,0.14396065473556519,0.25733187794685364
6713,0.4004538655281067,0.14370323717594147,0.2567506432533264
6714,0.3974059224128723,0.14385832846164703,0.2535475790500641
6715,0.39282742142677307,0.1436426192522049,0.24918480217456818
6716,0.3891424536705017,0.1436903476715088,0.24545210599899292
6717,0.38834914565086365,0.14362755417823792,0.24472159147262573
6718,0.3903891444206238,0.1435089111328125,0.24688023328781128
6719,0.3933230936527252,0.14359650015830994,0.24972659349441528
6720,0.39510464668273926,0.14337502419948578,0.2517296075820923
6721,0.39535582065582275,0.1435011774301529,0.25185465812683105
6722,0.39540523290634155,0.1433025598526001,0.25210267305374146
6723,0.3969467878341675,0.1433538794517517,0.25359290838241577
6724,0.4001641273498535,0.14325575530529022,0.2569083869457245
6725,0.40341436862945557,0.1432109773159027,0.26020339131355286
6726,0.40447330474853516,0.14317910373210907,0.2612941861152649
6727,0.4023905396461487,0.1431162804365158,0.2592742443084717
6728,0.3984734117984772,0.14304712414741516,0.255426287651062
6729,0.39510416984558105,0.14306427538394928,0.25203990936279297
6730,0.3936625123023987,0.14289680123329163,0.25076571106910706
6731,0.39345377683639526,0.14300695061683655,0.2504468262195587
6732,0.39257049560546875,0.1427847146987915,0.24978578090667725
6733,0.3900875449180603,0.14289087057113647,0.24719667434692383
6734,0.3870350122451782,0.1427328735589981,0.24430213868618011
6735,0.38562026619911194,0.14272013306617737,0.24290013313293457
6736,0.387170672416687,0.14271530508995056,0.24445535242557526
6737,0.39091235399246216,0.14254868030548096,0.24836365878582
6738,0.3946313261985779,0.142674058675766,0.2519572675228119
6739,0.396455317735672,0.142426997423172,0.2540283203125
6740,0.39644360542297363,0.1425684541463852,0.25387513637542725
6741,0.3961021602153778,0.14236223697662354,0.2537399232387543
6742,0.3970179557800293,0.1424168050289154,0.2546011507511139
6743,0.39905184507369995,0.14231975376605988,0.2567320764064789
6744,0.40043696761131287,0.14227178692817688,0.258165180683136
6745,0.39929071068763733,0.14224475622177124,0.2570459544658661
6746,0.3953813910484314,0.14217475056648254,0.25320664048194885
6747,0.39063480496406555,0.14211852848529816,0.2485162764787674
6748,0.38749897480010986,0.14211834967136383,0.24538064002990723
6749,0.38688331842422485,0.1419750601053238,0.24490827322006226
6750,0.3875892758369446,0.14205381274223328,0.2455354630947113
6751,0.3876557946205139,0.14186803996562958,0.24578776955604553
6752,0.38636916875839233,0.14193372428417206,0.24443545937538147
6753,0.3849153220653534,0.14181889593601227,0.24309642612934113
6754,0.38524818420410156,0.14176414906978607,0.24348405003547668
6755,0.3881739377975464,0.14180009067058563,0.24637386202812195
6756,0.3924656808376312,0.14159855246543884,0.2508671283721924
6757,0.39588287472724915,0.14175400137901306,0.2541288733482361
6758,0.39682644605636597,0.14148522913455963,0.25534123182296753
6759,0.3958137631416321,0.14163921773433685,0.2541745603084564
6760,0.3945528268814087,0.14143043756484985,0.25312238931655884
6761,0.39454254508018494,0.14147818088531494,0.25306436419487
6762,0.39541658759117126,0.14139604568481445,0.2540205419063568
6763,0.39537566900253296,0.1413295418024063,0.25404611229896545
6764,0.39290863275527954,0.14132390916347504,0.2515847086906433
6765,0.3883613646030426,0.14123383164405823,0.24712753295898438
6766,0.38397014141082764,0.14119479060173035,0.24277536571025848
6767,0.381946861743927,0.14117960631847382,0.240767240524292
6768,0.38264328241348267,0.14105139672756195,0.24159187078475952
6769,0.38443249464035034,0.14111250638961792,0.24331998825073242
6770,0.38533031940460205,0.1409492790699005,0.24438105523586273
6771,0.38484901189804077,0.14098694920539856,0.24386204779148102
6772,0.38432037830352783,0.14090724289417267,0.24341313540935516
6773,0.38555580377578735,0.1408156007528305,0.24474020302295685
6774,0.3890104293823242,0.14088867604732513,0.24812175333499908
6775,0.39314693212509155,0.14065593481063843,0.2524909973144531
6776,0.3957598805427551,0.1408327966928482,0.2549270689487457
6777,0.3955487608909607,0.1405550241470337,0.254993736743927
6778,0.3934674859046936,0.14070512354373932,0.2527623772621155
6779,0.39141854643821716,0.14051207900047302,0.25090646743774414
6780,0.39078283309936523,0.14053811132907867,0.25024473667144775
6781,0.3909609913825989,0.14047984778881073,0.25048115849494934
6782,0.390114426612854,0.14039266109466553,0.24972176551818848
6783,0.3870562016963959,0.14040140807628632,0.24665479362010956
6784,0.3825750946998596,0.14030355215072632,0.2422715425491333
6785,0.3790285289287567,0.14026904106140137,0.23875948786735535
6786,0.3782842755317688,0.14024953544139862,0.23803472518920898
6787,0.380164235830307,0.14013150334358215,0.24003273248672485
6788,0.382733553647995,0.14017629623413086,0.24255725741386414
6789,0.38408151268959045,0.14003922045230865,0.2440422922372818
6790,0.38399314880371094,0.14004497230052948,0.24394816160202026
6791,0.3839572072029114,0.13999930024147034,0.24395790696144104
6792,0.3856622576713562,0.13987544178962708,0.24578683078289032
6793,0.38925474882125854,0.13997402787208557,0.24928073585033417
6794,0.39292430877685547,0.1397264301776886,0.25319787859916687
6795,0.39453744888305664,0.13990731537342072,0.2546301484107971
6796,0.3931187391281128,0.13963569700717926,0.25348302721977234
6797,0.3900512158870697,0.13977199792861938,0.2502792179584503
6798,0.38741767406463623,0.13959680497646332,0.2478208690881729
6799,0.3864327669143677,0.13960617780685425,0.24682658910751343
6800,0.3862502872943878,0.13956311345100403,0.2466871738433838
6801,0.384996235370636,0.13946415483951569,0.2455320656299591
6802,0.38177424669265747,0.1394830346107483,0.24229121208190918
6803,0.37773483991622925,0.13937602937221527,0.23835882544517517
6804,0.3752610683441162,0.1393536925315857,0.23590737581253052
6805,0.3758426308631897,0.13931971788406372,0.23652289807796478
6806,0.37879300117492676,0.13922077417373657,0.23957222700119019
6807,0.38192856311798096,0.13924433290958405,0.2426842451095581
6808,0.38345852494239807,0.13912922143936157,0.2443293035030365
6809,0.38348639011383057,0.13911306858062744,0.24437333643436432
6810,0.383687287569046,0.13908714056015015,0.24460014700889587
6811,0.3855997920036316,0.13894785940647125,0.24665193259716034
6812,0.3890247344970703,0.13905936479568481,0.2499653697013855
6813,0.39187055826187134,0.13880372047424316,0.2530668377876282
6814,0.3921548128128052,0.13898859918117523,0.25316619873046875
6815,0.3893766701221466,0.13871875405311584,0.25065791606903076
6816,0.3854024410247803,0.13884809613227844,0.24655432999134064
6817,0.38244765996932983,0.1386856883764267,0.24376198649406433
6818,0.3814294636249542,0.13867564499378204,0.24275381863117218
6819,0.3811856210231781,0.13865645229816437,0.24252916872501373
6820,0.37984955310821533,0.13853205740451813,0.241317480802536
6821,0.3768806457519531,0.13857699930667877,0.23830363154411316
6822,0.37374645471572876,0.13844715058803558,0.23529928922653198
6823,0.37271133065223694,0.13844481110572815,0.2342665195465088
6824,0.3747498393058777,0.1383965015411377,0.23635335266590118
6825,0.37866467237472534,0.1383087933063507,0.24035589396953583
6826,0.3821167051792145,0.13832202553749084,0.24379467964172363
6827,0.3835386037826538,0.13821794092655182,0.245320662856102
6828,0.38340598344802856,0.13818788528442383,0.24521809816360474
6829,0.38355445861816406,0.13818152248859406,0.2453729212284088
6830,0.3853040933609009,0.13802139461040497,0.24728268384933472
6831,0.3880714774131775,0.13815532624721527,0.2499161660671234
6832,0.3895602226257324,0.13788248598575592,0.2516777217388153
6833,0.38809674978256226,0.1380736082792282,0.25002315640449524
6834,0.3838491141796112,0.13781000673770905,0.24603910744190216
6835,0.3792085647583008,0.13791708648204803,0.24129147827625275
6836,0.3764229714870453,0.1377905160188675,0.2386324554681778
6837,0.37592655420303345,0.13773861527442932,0.23818793892860413
6838,0.37613552808761597,0.13776293396949768,0.2383725792169571
6839,0.37521490454673767,0.13760161399841309,0.23761329054832458
6840,0.3730160593986511,0.13767367601394653,0.23534239828586578
6841,0.3712701201438904,0.13752968609333038,0.2337404191493988
6842,0.37198394536972046,0.13753248751163483,0.23445147275924683
6843,0.3754875659942627,0.1374833583831787,0.23800420761108398
6844,0.38003265857696533,0.13739866018295288,0.24263399839401245
6845,0.38320815563201904,0.13740234076976776,0.24580581486225128
6846,0.38384535908699036,0.1373191475868225,0.24652621150016785
6847,0.38295507431030273,0.13726003468036652,0.24569503962993622
6848,0.3825616240501404,0.13728836178779602,0.24527327716350555
6849,0.38362741470336914,0.13709677755832672,0.24653062224388123
6850,0.38510528206825256,0.13725054264068604,0.24785473942756653
6851,0.3846725821495056,0.13697557151317596,0.24769701063632965
6852,0.3813071846961975,0.13714638352394104,0.24416080117225647
6853,0.3761172890663147,0.13692250847816467,0.23919476568698883
6854,0.37185120582580566,0.1369764357805252,0.23487475514411926
6855,0.37035393714904785,0.13690824806690216,0.23344570398330688
6856,0.37122806906700134,0.13680383563041687,0.23442423343658447
6857,0.3724419176578522,0.13686899840831757,0.2355729192495346
6858,0.3723700940608978,0.13668343424797058,0.23568665981292725
6859,0.37134385108947754,0.13676618039608002,0.23457765579223633
6860,0.3711974024772644,0.13662008941173553,0.23457729816436768
6861,0.37346315383911133,0.13662441074848175,0.23683872818946838
6862,0.3777512013912201,0.13657008111476898,0.2411811202764511
6863,0.381905198097229,0.136500746011734,0.2454044669866562
6864,0.3837209939956665,0.1364801824092865,0.2472407966852188
6865,0.38267308473587036,0.1364271640777588,0.24624590575695038
6866,0.3803763687610626,0.1363391876220703,0.2440371811389923
6867,0.3789573013782501,0.13638930022716522,0.2425680011510849
6868,0.37897101044654846,0.13619095087051392,0.24278005957603455
6869,0.37901753187179565,0.13633261620998383,0.24268491566181183
6870,0.37705105543136597,0.1360870599746704,0.24096398055553436
6871,0.3728276789188385,0.13621322810649872,0.23661445081233978
6872,0.3681996464729309,0.13604235649108887,0.23215730488300323
6873,0.36577409505844116,0.13604269921779633,0.22973139584064484
6874,0.3665633797645569,0.13602367043495178,0.2305397242307663
6875,0.36925387382507324,0.1358807384967804,0.23337312042713165
6876,0.3715248703956604,0.13597610592842102,0.23554874956607819
6877,0.372115820646286,0.1357693076133728,0.2363465130329132
6878,0.37187767028808594,0.13586880266666412,0.23600886762142181
6879,0.37266743183135986,0.13570936024188995,0.23695805668830872
6880,0.37550869584083557,0.1357269436120987,0.23978175222873688
6881,0.379355251789093,0.13565967977046967,0.24369558691978455
6882,0.38184672594070435,0.13560178875923157,0.24624495208263397
6883,0.3812974691390991,0.1355729103088379,0.24572454392910004
6884,0.37811335921287537,0.13552406430244446,0.2425892949104309
6885,0.374548077583313,0.13543802499771118,0.2391100376844406
6886,0.37260034680366516,0.1354796141386032,0.23712073266506195
6887,0.3722214102745056,0.1352972686290741,0.23692414164543152
6888,0.3716922402381897,0.13541579246520996,0.23627646267414093
6889,0.36943382024765015,0.1351996660232544,0.23423413932323456
6890,0.36589330434799194,0.13528978824615479,0.23060351610183716
6891,0.36318981647491455,0.13515892624855042,0.22803089022636414
6892,0.36327505111694336,0.13511797785758972,0.22815705835819244
6893,0.3661574721336365,0.13514359295368195,0.23101389408111572
6894,0.36991050839424133,0.13495910167694092,0.23495140671730042
6895,0.37238678336143494,0.13509245216846466,0.23729433119297028
6896,0.37288910150527954,0.13485535979270935,0.238033726811409
6897,0.3727029263973236,0.13497619330883026,0.23772673308849335
6898,0.37351182103157043,0.1348065733909607,0.23870524764060974
6899,0.3758329153060913,0.1348235160112381,0.24100938439369202
6900,0.3782435655593872,0.13476629555225372,0.2434772551059723
6901,0.37857112288475037,0.13469359278678894,0.24387753009796143
6902,0.37588533759117126,0.1346806138753891,0.24120472371578217
6903,0.37140804529190063,0.13461834192276,0.23678970336914062
6904,0.3676259517669678,0.13454192876815796,0.23308402299880981
6905,0.36609694361686707,0.1345769315958023,0.23152001202106476
6906,0.3662020266056061,0.13440078496932983,0.23180124163627625
6907,0.3660629391670227,0.13450755178928375,0.23155537247657776
6908,0.3644728660583496,0.13431137800216675,0.23016147315502167
6909,0.3622201383113861,0.13437090814113617,0.22784923017024994
6910,0.3613341152667999,0.13428306579589844,0.2270510494709015
6911,0.3631906807422638,0.13419346511363983,0.22899721562862396
6912,0.3671687841415405,0.13427062332630157,0.23289816081523895
6913,0.3710620701313019,0.13404187560081482,0.23702019453048706
6914,0.3730010986328125,0.1342078298330307,0.2387932687997818
6915,0.37277549505233765,0.13395535945892334,0.2388201504945755
6916,0.3720598816871643,0.13407285511493683,0.23798702657222748
6917,0.3724505305290222,0.13392247259616852,0.2385280579328537
6918,0.37405842542648315,0.13391262292861938,0.24014581739902496
6919,0.37516680359840393,0.13388259708881378,0.24128420650959015
6920,0.3738250136375427,0.13378974795341492,0.2400352656841278
6921,0.36981773376464844,0.1337842494249344,0.23603346943855286
6922,0.3650176525115967,0.13372749090194702,0.23129014670848846
6923,0.3619173467159271,0.13363809883594513,0.228279247879982
6924,0.3614451289176941,0.13368619978427887,0.22775894403457642
6925,0.3623465299606323,0.13350601494312286,0.22884050011634827
6926,0.3626302480697632,0.13360053300857544,0.22902970016002655
6927,0.36152344942092896,0.13343575596809387,0.22808769345283508
6928,0.3602147698402405,0.13344796001911163,0.22676679491996765
6929,0.36063724756240845,0.1334163099527359,0.22722095251083374
6930,0.36358022689819336,0.13327443599700928,0.2303057760000229
6931,0.3678627908229828,0.13339298963546753,0.23446980118751526
6932,0.37120482325553894,0.13314342498779297,0.23806139826774597
6933,0.37224310636520386,0.13330763578414917,0.2389354556798935
6934,0.3713119328022003,0.13307642936706543,0.2382355034351349
6935,0.37026447057724,0.13316236436367035,0.23710212111473083
6936,0.3703671097755432,0.13304384052753448,0.23732325434684753
6937,0.37130019068717957,0.13301144540309906,0.2382887452840805
6938,0.3713071346282959,0.13298895955085754,0.23831818997859955
6939,0.3688887357711792,0.13290557265281677,0.23598316311836243
6940,0.36441922187805176,0.132879838347435,0.23153938353061676
6941,0.359991192817688,0.13284516334533691,0.22714604437351227
6942,0.3577604293823242,0.1327419877052307,0.2250184565782547
6943,0.35811707377433777,0.13278789818286896,0.2253291755914688
6944,0.35953712463378906,0.13262870907783508,0.22690843045711517
6945,0.360156774520874,0.13268616795539856,0.22747062146663666
6946,0.3594875931739807,0.13256745040416718,0.22692015767097473
6947,0.358847439289093,0.1325361430644989,0.22631129622459412
6948,0.36001482605934143,0.13253910839557648,0.22747571766376495
6949,0.3634560704231262,0.13237980008125305,0.23107628524303436
6950,0.36776047945022583,0.13249962031841278,0.23526087403297424
6951,0.370615690946579,0.1322622150182724,0.23835347592830658
6952,0.37091630697250366,0.13240762054920197,0.2385086715221405
6953,0.36931130290031433,0.13219290971755981,0.23711839318275452
6954,0.3678499460220337,0.13226982951164246,0.23558011651039124
6955,0.3676947057247162,0.13215133547782898,0.2355433702468872
6956,0.36822807788848877,0.13212759792804718,0.2361004799604416
6957,0.3675410747528076,0.13209392130374908,0.23544713854789734
6958,0.3643515110015869,0.1320185512304306,0.2323329597711563
6959,0.35954082012176514,0.13199302554130554,0.2275477945804596
6960,0.3555404245853424,0.1319476217031479,0.22359280288219452
6961,0.3542984426021576,0.1318654865026474,0.2224329560995102
6962,0.3556196987628937,0.13188466429710388,0.2237350344657898
6963,0.35754263401031494,0.13175341486930847,0.22578921914100647
6964,0.3582742214202881,0.13178902864456177,0.2264852076768875
6965,0.3577789068222046,0.13168436288833618,0.2260945588350296
6966,0.3577122986316681,0.1316475123167038,0.2260647863149643
6967,0.3596912622451782,0.1316509246826172,0.22804035246372223
6968,0.3636242151260376,0.1314939558506012,0.2321302741765976
6969,0.36768752336502075,0.13161472976207733,0.23607280850410461
6970,0.36962729692459106,0.1313701719045639,0.23825713992118835
6971,0.36890047788619995,0.13152803480625153,0.23737245798110962
6972,0.3666471242904663,0.1312989890575409,0.23534813523292542
6973,0.36492788791656494,0.13138793408870697,0.23353996872901917
6974,0.36449745297431946,0.13126519322395325,0.2332322597503662
6975,0.36435937881469727,0.1312350481748581,0.23312431573867798
6976,0.36275768280029297,0.13121962547302246,0.23153804242610931
6977,0.35902002453804016,0.13111701607704163,0.22790300846099854
6978,0.3545224666595459,0.131122887134552,0.2233995646238327
6979,0.3515878915786743,0.13104741275310516,0.22054046392440796
6980,0.3515525460243225,0.13098938763141632,0.2205631583929062
6981,0.35370194911956787,0.1309954673051834,0.22270648181438446
6982,0.35604965686798096,0.13086919486522675,0.2251804620027542
6983,0.357144296169281,0.13090643286705017,0.22623784840106964
6984,0.35721850395202637,0.13079965114593506,0.2264188677072525
6985,0.35782909393310547,0.1307610273361206,0.22706808149814606
6986,0.36022529006004333,0.13077564537525177,0.22944964468479156
6987,0.3639902174472809,0.13059809803962708,0.2333921194076538
6988,0.36730271577835083,0.13074620068073273,0.2365565150976181
6989,0.36813127994537354,0.13047271966934204,0.2376585453748703
6990,0.3662722706794739,0.1306520253419876,0.23562023043632507
6991,0.36307889223098755,0.13041552901268005,0.2326633483171463
6992,0.3606312572956085,0.13049475848674774,0.23013649880886078
6993,0.35962021350860596,0.1303996741771698,0.22922055423259735
6994,0.3589998781681061,0.13032929599285126,0.22867058217525482
6995,0.35712844133377075,0.13035848736763,0.22676995396614075
6996,0.35356196761131287,0.13021619617938995,0.2233457714319229
6997,0.3498387336730957,0.1302500069141388,0.21958871185779572
6998,0.3482230007648468,0.13016416132450104,0.21805883944034576
6999,0.34972819685935974,0.1301031857728958,0.21962501108646393
7000,0.3532050848007202,0.13011980056762695,0.22308526933193207
7001,0.3563408851623535,0.1299845576286316,0.22635634243488312
7002,0.3576785922050476,0.13002000749111176,0.22765856981277466
7003,0.3577495515346527,0.12993291020393372,0.227816641330719
7004,0.35844266414642334,0.129856675863266,0.22858597338199615
7005,0.360970139503479,0.12992338836193085,0.23104675114154816
7006,0.36437857151031494,0.1296927034854889,0.23468585312366486
7007,0.3663851022720337,0.12988163530826569,0.236503466963768
7008,0.3650968074798584,0.12959125638008118,0.23550556600093842
7009,0.3611900806427002,0.12975580990314484,0.23143425583839417
7010,0.35692787170410156,0.12956467270851135,0.2273631989955902
7011,0.3544714152812958,0.1295776665210724,0.2248937487602234
7012,0.3538253903388977,0.1295538991689682,0.2242714762687683
7013,0.35326170921325684,0.1294245719909668,0.22383713722229004
7014,0.3513067960739136,0.12948831915855408,0.2218184769153595
7015,0.348371684551239,0.1293417364358902,0.21902994811534882
7016,0.34650135040283203,0.1293548047542572,0.21714656054973602
7017,0.34740638732910156,0.1293010711669922,0.21810530126094818
7018,0.35089612007141113,0.1292160302400589,0.22168010473251343
7019,0.35506194829940796,0.12923525273799896,0.2258266806602478
7020,0.3578677475452423,0.12912969291210175,0.22873805463314056
7021,0.3587448298931122,0.1291056126356125,0.2296392172574997
7022,0.35871148109436035,0.12909701466560364,0.22961445152759552
7023,0.3592527210712433,0.12894412875175476,0.23030859231948853
7024,0.36081477999687195,0.12906557321548462,0.23174920678138733
7025,0.36215195059776306,0.12881670892238617,0.2333352416753769
7026,0.3616000711917877,0.12897956371307373,0.232620507478714
7027,0.3582637906074524,0.12875241041183472,0.22951139509677887
7028,0.3533865809440613,0.12883391976356506,0.22455264627933502
7029,0.3491699695587158,0.1287248730659485,0.22044511139392853
7030,0.3473012149333954,0.1286764144897461,0.2186248004436493
7031,0.34755653142929077,0.12868301570415497,0.218873530626297
7032,0.3482668995857239,0.12855497002601624,0.21971191465854645
7033,0.34801483154296875,0.12859778106212616,0.21941706538200378
7034,0.3470377027988434,0.12847363948822021,0.21856406331062317
7035,0.34704965353012085,0.1284821480512619,0.21856752038002014
7036,0.34948354959487915,0.12840579450130463,0.22107776999473572
7037,0.35394686460494995,0.12837278842926025,0.2255740910768509
7038,0.35825014114379883,0.12832202017307281,0.229928120970726
7039,0.36009275913238525,0.12828797101974487,0.2318047732114792
7040,0.35907721519470215,0.1282103955745697,0.23086683452129364
7041,0.356914222240448,0.12822376191616058,0.22869046032428741
7042,0.35571712255477905,0.12808409333229065,0.2276330441236496
7043,0.3558752238750458,0.1281629055738449,0.22771231830120087
7044,0.35559630393981934,0.1279742568731308,0.22762203216552734
7045,0.35309940576553345,0.1280762255191803,0.22502318024635315
7046,0.34842216968536377,0.12789557874202728,0.2205265909433365
7047,0.3439123034477234,0.12794911861419678,0.2159631848335266
7048,0.34201616048812866,0.12785100936889648,0.21416516602039337
7049,0.3432481288909912,0.12779909372329712,0.2154490351676941
7050,0.34593960642814636,0.1278163492679596,0.21812325716018677
7051,0.34794408082962036,0.1276617795228958,0.22028228640556335
7052,0.34856903553009033,0.12775249779224396,0.22081652283668518
7053,0.34884801506996155,0.12756450474262238,0.22128351032733917
7054,0.35036084055900574,0.12764322757720947,0.22271761298179626
7055,0.3534439206123352,0.1275094598531723,0.2259344458580017
7056,0.35680001974105835,0.12751032412052155,0.2292896956205368
7057,0.35842955112457275,0.12745735049247742,0.23097218573093414
7058,0.35720306634902954,0.12739582359790802,0.22980725765228271
7059,0.3538669943809509,0.12736333906650543,0.2265036702156067
7060,0.35034021735191345,0.12732671201229095,0.2230135053396225
7061,0.34813392162323,0.1272277683019638,0.22090615332126617
7062,0.34722891449928284,0.12728376686573029,0.21994514763355255
7063,0.34630775451660156,0.12709832191467285,0.2192094475030899
7064,0.3443509638309479,0.12720581889152527,0.2171451449394226
7065,0.34169816970825195,0.1270235925912857,0.21467457711696625
7066,0.34000056982040405,0.12706133723258972,0.21293923258781433
7067,0.34078389406204224,0.1270066350698471,0.21377724409103394
7068,0.3440505862236023,0.12688617408275604,0.21716441214084625
7069,0.3481258749961853,0.1269911527633667,0.2211347073316574
7070,0.3508725166320801,0.12674926221370697,0.2241232544183731
7071,0.3515375256538391,0.12691102921962738,0.22462651133537292
7072,0.3510814309120178,0.12668639421463013,0.2243950366973877
7073,0.3513467013835907,0.12676192820072174,0.22458477318286896
7074,0.3528929650783539,0.12666793167591095,0.22622503340244293
7075,0.3543671667575836,0.12660682201385498,0.22776034474372864
7076,0.3536313772201538,0.12661537528038025,0.22701601684093475
7077,0.34989845752716064,0.1265086829662323,0.22338977456092834
7078,0.344848096370697,0.12649062275886536,0.21835745871067047
7079,0.3411999046802521,0.12646955251693726,0.21473035216331482
7080,0.3403218984603882,0.12633778154850006,0.21398411691188812
7081,0.34118354320526123,0.12642431259155273,0.2147592455148697
7082,0.3416847884654999,0.1262318193912506,0.21545296907424927
7083,0.3409003019332886,0.12630724906921387,0.2145930379629135
7084,0.339877724647522,0.1261986345052719,0.21367909014225006
7085,0.340472012758255,0.1261352002620697,0.2143368124961853
7086,0.3434194326400757,0.12619031965732574,0.21722911298274994
7087,0.34757986664772034,0.1259802281856537,0.22159963846206665
7088,0.3509715795516968,0.1261371672153473,0.2248344123363495
7089,0.3521577715873718,0.12589305639266968,0.22626470029354095
7090,0.3514406681060791,0.1260128617286682,0.22542782127857208
7091,0.34999966621398926,0.12585680186748505,0.22414284944534302
7092,0.34911948442459106,0.12586288154125214,0.22325660288333893
7093,0.34887459874153137,0.12581250071525574,0.22306209802627563
7094,0.34827399253845215,0.12574315071105957,0.22253082692623138
7095,0.34612613916397095,0.1257239580154419,0.22040216624736786
7096,0.34224963188171387,0.12566599249839783,0.21658365428447723
7097,0.33808159828186035,0.1256028711795807,0.21247872710227966
7098,0.33570846915245056,0.12559978663921356,0.210108682513237
7099,0.33617103099823,0.12549251317977905,0.21067853271961212
7100,0.33852899074554443,0.12551149725914001,0.21301749348640442
7101,0.340698778629303,0.12541534006595612,0.21528345346450806
7102,0.3413795530796051,0.12539277970790863,0.21598677337169647
7103,0.34122419357299805,0.12536007165908813,0.2158641368150711
7104,0.3421330451965332,0.125261127948761,0.21687190234661102
7105,0.3451664447784424,0.12531036138534546,0.21985608339309692
7106,0.34918469190597534,0.12513971328735352,0.22404499351978302
7107,0.3518352508544922,0.12524624168872833,0.22658902406692505
7108,0.35137253999710083,0.12504059076309204,0.2263319343328476
7109,0.3485742211341858,0.12514901161193848,0.2234252244234085
7110,0.3454993963241577,0.12497054040431976,0.22052884101867676
7111,0.3438500761985779,0.12502016127109528,0.2188299149274826
7112,0.34330618381500244,0.12492441385984421,0.21838177740573883
7113,0.3422567546367645,0.12488050013780594,0.21737626194953918
7114,0.33962327241897583,0.12487231194972992,0.2147509753704071
7115,0.33603429794311523,0.12476497888565063,0.2112693339586258
7116,0.3333941102027893,0.12478000670671463,0.20861409604549408
7117,0.33321183919906616,0.12469092011451721,0.20852093398571014
7118,0.33543911576271057,0.12465665489435196,0.21078245341777802
7119,0.33864331245422363,0.12463667243719101,0.21400663256645203
7120,0.3411611318588257,0.12454046308994293,0.21662065386772156
7121,0.34231677651405334,0.12454905360937119,0.21776773035526276
7122,0.34274303913116455,0.12447349727153778,0.21826952695846558
7123,0.34374096989631653,0.12440625578165054,0.21933472156524658
7124,0.3459897041320801,0.12445136159658432,0.22153834998607635
7125,0.34858977794647217,0.12425114214420319,0.2243386209011078
7126,0.34977221488952637,0.12441323697566986,0.2253589779138565
7127,0.3480340838432312,0.12414370477199554,0.22389037907123566
7128,0.3440244793891907,0.12429934740066528,0.2197251170873642
7129,0.3398284912109375,0.12410999834537506,0.21571847796440125
7130,0.3375059962272644,0.12412531673908234,0.21338069438934326
7131,0.3370990753173828,0.12410257011651993,0.21299651265144348
7132,0.3368528485298157,0.12396875023841858,0.2128841131925583
7133,0.3352053165435791,0.1240430623292923,0.2111622393131256
7134,0.3325461447238922,0.12388275563716888,0.20866338908672333
7135,0.3310070335865021,0.1239112839102745,0.20709574222564697
7136,0.3323270380496979,0.12384847551584244,0.20847855508327484
7137,0.33613714575767517,0.12376720458269119,0.21236994862556458
7138,0.34029096364974976,0.12378988415002823,0.21650108695030212
7139,0.34274691343307495,0.12367640435695648,0.21907052397727966
7140,0.34323275089263916,0.12366209924221039,0.21957065165042877
7141,0.3430527448654175,0.12364639341831207,0.2194063663482666
7142,0.34364354610443115,0.12350073456764221,0.22014281153678894
7143,0.3451722264289856,0.12361924350261688,0.2215529978275299
7144,0.3462710976600647,0.12337586283683777,0.22289523482322693
7145,0.34548404812812805,0.12353384494781494,0.2219502031803131
7146,0.3421942889690399,0.12331564724445343,0.2188786417245865
7147,0.33760491013526917,0.12338722497224808,0.21421769261360168
7148,0.3336223363876343,0.12328725308179855,0.21033509075641632
7149,0.3317502737045288,0.12323451042175293,0.20851577818393707
7150,0.3318953514099121,0.12324115633964539,0.20865420997142792
7151,0.33260780572891235,0.12312058359384537,0.2094872146844864
7152,0.3324657380580902,0.12315493822097778,0.20931079983711243
7153,0.3314841389656067,0.1230393797159195,0.2084447592496872
7154,0.3312413692474365,0.12304499745368958,0.20819635689258575
7155,0.3333052396774292,0.12296777963638306,0.21033746004104614
7156,0.33754825592041016,0.12293940037488937,0.21460886299610138
7157,0.34192949533462524,0.12288349866867065,0.21904601156711578
7158,0.3441126346588135,0.12285063415765762,0.22126199305057526
7159,0.34353941679000854,0.12278233468532562,0.22075706720352173
7160,0.34175628423690796,0.122778981924057,0.21897730231285095
7161,0.34080299735069275,0.12266501784324646,0.2181379795074463
7162,0.34113672375679016,0.12271972745656967,0.2184170037508011
7163,0.3411387801170349,0.12254805117845535,0.21859073638916016
7164,0.33912163972854614,0.12264739722013474,0.2164742350578308
7165,0.3348846435546875,0.12245465070009232,0.21243000030517578
7166,0.3303084373474121,0.12253633886575699,0.20777209103107452
7167,0.3275449872016907,0.12240348011255264,0.20514151453971863
7168,0.3274528682231903,0.12238649278879166,0.20506638288497925
7169,0.329146146774292,0.12238027155399323,0.20676587522029877
7170,0.33099067211151123,0.12223711609840393,0.2087535709142685
7171,0.3319668173789978,0.1223316416144371,0.2096351683139801
7172,0.3322920799255371,0.12213294953107834,0.21015913784503937
7173,0.3331398367881775,0.12222354114055634,0.21091628074645996
7174,0.3354595899581909,0.12208517640829086,0.21337440609931946
7175,0.33903300762176514,0.1220780611038208,0.21695496141910553
7176,0.3422597348690033,0.12204649299383163,0.22021323442459106
7177,0.3431951403617859,0.1219586730003357,0.2212364822626114
7178,0.3412584364414215,0.12195287644863129,0.21930555999279022
7179,0.3378264307975769,0.12190014123916626,0.21592630445957184
7180,0.3351307511329651,0.121802419424057,0.21332833170890808
7181,0.3341730833053589,0.12187431752681732,0.21229878067970276
7182,0.33375662565231323,0.12166178971529007,0.21209484338760376
7183,0.3320402503013611,0.12180360406637192,0.21023663878440857
7184,0.32853424549102783,0.12159193307161331,0.20694230496883392
7185,0.3249965310096741,0.12165332585573196,0.2033431977033615
7186,0.3237578868865967,0.12158245593309402,0.20217542350292206
7187,0.32559239864349365,0.12147637456655502,0.20411603152751923
7188,0.3290956914424896,0.12156350910663605,0.20753218233585358
7189,0.33206817507743835,0.12134750932455063,0.21072065830230713
7190,0.3334527611732483,0.12147632986307144,0.21197642385959625
7191,0.3338097333908081,0.12128973007202148,0.21251998841762543
7192,0.3345772325992584,0.12133597582578659,0.21324124932289124
7193,0.3364337682723999,0.12125308811664581,0.2151806652545929
7194,0.3388262391090393,0.12120439112186432,0.217621847987175
7195,0.34026312828063965,0.12118102610111237,0.21908210217952728
7196,0.33938905596733093,0.12111928313970566,0.21826978027820587
7197,0.3361148238182068,0.12106101214885712,0.21505382657051086
7198,0.33181920647621155,0.12106351554393768,0.21075569093227386
7199,0.32851842045783997,0.1209338903427124,0.20758453011512756
7200,0.3272555470466614,0.12099713087081909,0.20625843107700348
7201,0.32723551988601685,0.12083791196346283,0.20639760792255402
7202,0.3267591595649719,0.12089339643716812,0.2058657705783844
7203,0.3249846398830414,0.12077534198760986,0.20420929789543152
7204,0.32301709055900574,0.12076164036989212,0.2022554576396942
7205,0.32291334867477417,0.1207273006439209,0.20218603312969208
7206,0.32564693689346313,0.12062811106443405,0.2050188183784485
7207,0.3300287127494812,0.12067797780036926,0.20935073494911194
7208,0.33363282680511475,0.12051007151603699,0.21312275528907776
7209,0.33501768112182617,0.12060782313346863,0.21440984308719635
7210,0.33459413051605225,0.12041889876127243,0.21417522430419922
7211,0.33419036865234375,0.12050452083349228,0.21368585526943207
7212,0.3348686695098877,0.12035686522722244,0.21451179683208466
7213,0.33612191677093506,0.12037495523691177,0.21574696898460388
7214,0.33628028631210327,0.12030938267707825,0.21597088873386383
7215,0.3340948224067688,0.12024740874767303,0.21384739875793457
7216,0.3299427926540375,0.12023396044969559,0.2097088247537613
7217,0.32554304599761963,0.12015920877456665,0.20538382232189178
7218,0.32274359464645386,0.1201155036687851,0.20262807607650757
7219,0.3221789300441742,0.12010733783245087,0.20207159221172333
7220,0.3229984641075134,0.11998342722654343,0.2030150294303894
7221,0.32373344898223877,0.12004522979259491,0.20368821918964386
7222,0.3235439658164978,0.11989124864339828,0.20365272462368011
7223,0.3230041265487671,0.11992286890745163,0.20308125019073486
7224,0.32361701130867004,0.11985991150140762,0.20375710725784302
7225,0.3263948857784271,0.11975648254156113,0.2066383957862854
7226,0.330683171749115,0.11984789371490479,0.210835263133049
7227,0.334322988986969,0.11961338669061661,0.21470960974693298
7228,0.33556023240089417,0.11978504061698914,0.21577519178390503
7229,0.33427879214286804,0.11954101920127869,0.21473777294158936
7230,0.332375705242157,0.1196444183588028,0.2127312868833542
7231,0.3315322995185852,0.11952264606952667,0.21200966835021973
7232,0.3317938446998596,0.11948183178901672,0.2123120278120041
7233,0.3314685821533203,0.11948412656784058,0.21198444068431854
7234,0.3289679288864136,0.11936493217945099,0.20960299670696259
7235,0.324588805437088,0.11937852203845978,0.20521028339862823
7236,0.3203330636024475,0.11931174993515015,0.20102132856845856
7237,0.3182527422904968,0.11923485994338989,0.19901788234710693
7238,0.31880244612693787,0.11926651746034622,0.19953593611717224
7239,0.3207741677761078,0.11912158131599426,0.20165258646011353
7240,0.32252880930900574,0.11917277425527573,0.20335602760314941
7241,0.32327044010162354,0.1190638318657875,0.20420661568641663
7242,0.3235195279121399,0.11902541667222977,0.20449410378932953
7243,0.3245111107826233,0.11903449892997742,0.20547661185264587
7244,0.32709771394729614,0.11888040602207184,0.2082172930240631
7245,0.3308506906032562,0.1189875453710556,0.21186314523220062
7246,0.33396661281585693,0.11877681314945221,0.21518979966640472
7247,0.33477354049682617,0.1188979297876358,0.21587562561035156
7248,0.3327730894088745,0.11871026456356049,0.21406283974647522
7249,0.3296040892601013,0.11877228319644928,0.21083179116249084
7250,0.32724863290786743,0.11865618824958801,0.20859242975711823
7251,0.32647794485092163,0.11864142119884491,0.20783652365207672
7252,0.32602638006210327,0.11859539896249771,0.20743098855018616
7253,0.3240518867969513,0.11852612346410751,0.20552577078342438
7254,0.32026907801628113,0.11851713061332703,0.2017519474029541
7255,0.31646573543548584,0.1184350773692131,0.19803066551685333
7256,0.3149797320365906,0.11841445416212082,0.19656527042388916
7257,0.3165552020072937,0.11836479604244232,0.19819042086601257
7258,0.31983140110969543,0.1183023452758789,0.20152905583381653
7259,0.3227001428604126,0.11829225718975067,0.20440788567066193
7260,0.3240435719490051,0.11820358783006668,0.20583999156951904
7261,0.3244480490684509,0.11818837374448776,0.20625968277454376
7262,0.3253219425678253,0.11814585328102112,0.2071760892868042
7263,0.3275068402290344,0.1180487796664238,0.20945806801319122
7264,0.33049967885017395,0.11811663955450058,0.21238304674625397
7265,0.3325629234313965,0.11790969222784042,0.21465322375297546
7266,0.33229151368141174,0.11806268244981766,0.21422883868217468
7267,0.32931339740753174,0.11781720817089081,0.21149618923664093
7268,0.3251533508300781,0.11794037371873856,0.20721296966075897
7269,0.3217788636684418,0.11778701096773148,0.2039918452501297
7270,0.32030606269836426,0.11777054518461227,0.2025355100631714
7271,0.3199859857559204,0.11777044832706451,0.2022155374288559
7272,0.31907930970191956,0.11762689054012299,0.20145241916179657
7273,0.316761314868927,0.1177007406949997,0.1990605592727661
7274,0.3141528069972992,0.11755014210939407,0.19660265743732452
7275,0.31345993280410767,0.11756502091884613,0.19589491188526154
7276,0.31584632396698,0.11751897633075714,0.19832733273506165
7277,0.3202309012413025,0.11742406338453293,0.20280684530735016
7278,0.3241783380508423,0.11745452880859375,0.20672382414340973
7279,0.32593321800231934,0.11733780801296234,0.208595409989357
7280,0.3258483111858368,0.11732164770364761,0.20852667093276978
7281,0.3256862163543701,0.1173110231757164,0.20837518572807312
7282,0.3267558515071869,0.11715959757566452,0.20959626138210297
7283,0.32863497734069824,0.11728528887033463,0.21134968101978302
7284,0.329404354095459,0.11704090982675552,0.21236343681812286
7285,0.32767730951309204,0.1171969324350357,0.21048036217689514
7286,0.3234748840332031,0.11698759347200394,0.2064872831106186
7287,0.3186662793159485,0.11704383790493011,0.20162245631217957
7288,0.31526607275009155,0.11696306616067886,0.1983029991388321
7289,0.3142257332801819,0.11688871681690216,0.19733703136444092
7290,0.31480804085731506,0.11691652983427048,0.19789151847362518
7291,0.31538939476013184,0.11677917093038559,0.19861023128032684
7292,0.3149571418762207,0.11682499200105667,0.19813214242458344
7293,0.3140610456466675,0.11670788377523422,0.19735315442085266
7294,0.3144102990627289,0.11670847237110138,0.1977018266916275
7295,0.3171946406364441,0.11664314568042755,0.20055148005485535
7296,0.321769654750824,0.11659849435091019,0.2051711529493332
7297,0.32587358355522156,0.11655882000923157,0.20931476354599
7298,0.327370822429657,0.11651144176721573,0.21085937321186066
7299,0.3261381983757019,0.11645132303237915,0.20968687534332275
7300,0.3240198791027069,0.11644493043422699,0.20757494866847992
7301,0.3230074346065521,0.11633091419935226,0.20667651295661926
7302,0.323277086019516,0.11639131605625153,0.20688576996326447
7303,0.3229973316192627,0.11621788889169693,0.20677943527698517
7304,0.3205503225326538,0.11631572246551514,0.20423460006713867
7305,0.316039115190506,0.11613111197948456,0.19990800321102142
7306,0.31160181760787964,0.11619701981544495,0.1954047977924347
7307,0.30942487716674805,0.11608406901359558,0.19334080815315247
7308,0.3101236820220947,0.11604557931423187,0.19407810270786285
7309,0.31248584389686584,0.11605983972549438,0.19642600417137146
7310,0.31467804312705994,0.11590277403593063,0.1987752616405487
7311,0.31572961807250977,0.11600501835346222,0.19972458481788635
7312,0.3160451054573059,0.11580853909254074,0.20023655891418457
7313,0.31696730852127075,0.11589117348194122,0.20107613503932953
7314,0.31939592957496643,0.11576433479785919,0.20363159477710724
7315,0.32289817929267883,0.11574302613735199,0.20715515315532684
7316,0.32569220662117004,0.11572306603193283,0.20996913313865662
7317,0.32587218284606934,0.11562420427799225,0.2102479636669159
7318,0.3231295347213745,0.11562588810920715,0.20750364661216736
7319,0.31912145018577576,0.11556709557771683,0.20355434715747833
7320,0.31618911027908325,0.11547839641571045,0.2007106989622116
7321,0.3152441084384918,0.11554241925477982,0.1997016817331314
7322,0.31498944759368896,0.11534195393323898,0.19964750111103058
7323,0.31354400515556335,0.11547097563743591,0.19807302951812744
7324,0.31044691801071167,0.1152723953127861,0.19517453014850616
7325,0.30742689967155457,0.11532144248485565,0.1921054571866989
7326,0.3067649304866791,0.11525974422693253,0.19150519371032715
7327,0.30917906761169434,0.11514773219823837,0.19403134286403656
7328,0.31321460008621216,0.11524012684822083,0.19797448813915253
7329,0.3165546655654907,0.11502189934253693,0.2015327662229538
7330,0.3180152177810669,0.11515595763921738,0.20285926759243011
7331,0.31808310747146606,0.11496552079916,0.20311757922172546
7332,0.3183232545852661,0.11501406133174896,0.20330917835235596
7333,0.3196101784706116,0.11493013799190521,0.20468004047870636
7334,0.32151561975479126,0.11487576365470886,0.2066398710012436
7335,0.3224981129169464,0.1148626059293747,0.20763550698757172
7336,0.3211129307746887,0.11478260159492493,0.206330344080925
7337,0.317304790019989,0.11474762111902237,0.20255717635154724
7338,0.3126237690448761,0.11472790688276291,0.1978958547115326
7339,0.3092687427997589,0.1146211326122284,0.19464761018753052
7340,0.30833369493484497,0.11466802656650543,0.19366565346717834
7341,0.30896317958831787,0.11451955884695053,0.19444362819194794
7342,0.30929118394851685,0.11457027494907379,0.19472089409828186
7343,0.3082718849182129,0.11445237696170807,0.19381952285766602
7344,0.306821346282959,0.11443831026554108,0.1923830360174179
7345,0.3069601356983185,0.1144053190946579,0.19255481660366058
7346,0.30981287360191345,0.11430349946022034,0.19550937414169312
7347,0.3143753409385681,0.11436159163713455,0.20001374185085297
7348,0.318187415599823,0.11418824642896652,0.20399917662143707
7349,0.3195571303367615,0.11429278552532196,0.20526432991027832
7350,0.3186253309249878,0.11410002410411835,0.20452530682086945
7351,0.3173033893108368,0.11418258398771286,0.20312079787254333
7352,0.3170248568058014,0.11404204368591309,0.2029828131198883
7353,0.3176743686199188,0.11404743790626526,0.20362693071365356
7354,0.3176537752151489,0.11399547010660172,0.2036583125591278
7355,0.31547975540161133,0.11391838639974594,0.2015613615512848
7356,0.31128376722335815,0.11392359435558319,0.19736015796661377
7357,0.3068009614944458,0.1138315498828888,0.192969411611557
7358,0.30410540103912354,0.1138056069612503,0.19029979407787323
7359,0.3040156066417694,0.11378046870231628,0.19023513793945312
7360,0.30565550923347473,0.1136736050248146,0.19198191165924072
7361,0.30732235312461853,0.11372089385986328,0.19360145926475525
7362,0.3078763484954834,0.11357447504997253,0.19430188834667206
7363,0.30768150091171265,0.11360464990139008,0.19407683610916138
7364,0.3082118630409241,0.11353719234466553,0.19467465579509735
7365,0.3106846213340759,0.11344630271196365,0.19723831117153168
7366,0.3147510290145874,0.11352640390396118,0.20122464001178741
7367,0.31837302446365356,0.113303542137146,0.20506948232650757
7368,0.3195927143096924,0.11347045004367828,0.2061222642660141
7369,0.3178797960281372,0.11322419345378876,0.20465558767318726
7370,0.3149966597557068,0.11333417147397995,0.20166249573230743
7371,0.31300243735313416,0.11320161074399948,0.19980083405971527
7372,0.31260016560554504,0.11316486448049545,0.199435293674469
7373,0.31240713596343994,0.1131715476512909,0.19923560321331024
7374,0.310524046421051,0.11303785443305969,0.19748620688915253
7375,0.30663448572158813,0.1130807027220726,0.19355379045009613
7376,0.30247408151626587,0.11297906190156937,0.1894950270652771
7377,0.30040058493614197,0.11293824017047882,0.18746234476566315
7378,0.30133023858070374,0.1129421815276146,0.18838806450366974
7379,0.30414003133773804,0.11280975490808487,0.19133028388023376
7380,0.3068298101425171,0.11286016553640366,0.19396963715553284
7381,0.3081553280353546,0.11273766309022903,0.19541765749454498
7382,0.30846622586250305,0.1127215102314949,0.19574472308158875
7383,0.3091169595718384,0.11271162331104279,0.1964053511619568
7384,0.3112122416496277,0.11257199198007584,0.19864024221897125
7385,0.31454670429229736,0.11267764866352081,0.20186904072761536
7386,0.3174305260181427,0.11246095597743988,0.20496957004070282
7387,0.3181212544441223,0.11259274184703827,0.20552851259708405
7388,0.3158445358276367,0.11239546537399292,0.2034490555524826
7389,0.3120008409023285,0.11245924234390259,0.1995415985584259
7390,0.30869758129119873,0.11235040426254272,0.1963471621274948
7391,0.30727481842041016,0.11232000589370728,0.19495481252670288
7392,0.307006299495697,0.11229829490184784,0.194707989692688
7393,0.30597931146621704,0.11220718920230865,0.1937721222639084
7394,0.30318596959114075,0.11221681535243988,0.19096915423870087
7395,0.299743115901947,0.11212120205163956,0.18762190639972687
7396,0.2980601191520691,0.11210746318101883,0.18595264852046967
7397,0.2995770573616028,0.11205261945724487,0.1875244528055191
7398,0.30344122648239136,0.11199197918176651,0.19144925475120544
7399,0.30729466676712036,0.11197706311941147,0.1953176110982895
7400,0.3092658817768097,0.11189622431993484,0.19736965000629425
7401,0.30947622656822205,0.11187736690044403,0.19759885966777802
7402,0.3095663785934448,0.11183474957942963,0.1977316290140152
7403,0.3110012114048004,0.11174788326025009,0.19925332069396973
7404,0.3136165738105774,0.11180134117603302,0.20181524753570557
7405,0.3155476152896881,0.11161788552999496,0.20392972230911255
7406,0.3150920867919922,0.111747145652771,0.20334495604038239
7407,0.3117626905441284,0.1115211620926857,0.20024152100086212
7408,0.3071611821651459,0.11163455992937088,0.1955266296863556
7409,0.3033713102340698,0.11147795617580414,0.1918933391571045
7410,0.3016684651374817,0.11147478967905045,0.19019366800785065
7411,0.3015517294406891,0.11146020144224167,0.19009153544902802
7412,0.3014293611049652,0.1113257184624672,0.19010363519191742
7413,0.3001963794231415,0.1114024817943573,0.18879389762878418
7414,0.29833635687828064,0.11123349517583847,0.18710285425186157
7415,0.297640323638916,0.11128094792366028,0.18635937571525574
7416,0.29958271980285645,0.11119426041841507,0.18838846683502197
7417,0.3038588762283325,0.11113159358501434,0.19272726774215698
7418,0.3083871603012085,0.11114690452814102,0.19724026322364807
7419,0.31086817383766174,0.11102498322725296,0.19984318315982819
7420,0.31074845790863037,0.11103902757167816,0.1997094452381134
7421,0.30952924489974976,0.11098572611808777,0.1985435038805008
7422,0.30927830934524536,0.11088384687900543,0.19839444756507874
7423,0.31050580739974976,0.11097395420074463,0.19953186810016632
7424,0.3114537000656128,0.11074572801589966,0.20070795714855194
7425,0.31006190180778503,0.11090714484453201,0.19915476441383362
7426,0.3057624101638794,0.1106749027967453,0.1950874924659729
7427,0.3005289137363434,0.11076033115386963,0.18976858258247375
7428,0.29694902896881104,0.1106589138507843,0.18629011511802673
7429,0.29625940322875977,0.11058921366930008,0.18567019701004028
7430,0.2975139021873474,0.11063496768474579,0.18687893450260162
7431,0.2987724840641022,0.11046449095010757,0.1883080005645752
7432,0.29891711473464966,0.11055096983909607,0.1883661448955536
7433,0.2984527051448822,0.11039984971284866,0.18805284798145294
7434,0.29891741275787354,0.1104152500629425,0.18850214779376984
7435,0.30136969685554504,0.1103537306189537,0.19101597368717194
7436,0.3054380416870117,0.11028747260570526,0.19515055418014526
7437,0.30938300490379333,0.11028049141168594,0.199102520942688
7438,0.3112160563468933,0.1102038100361824,0.2010122537612915
7439,0.3102456033229828,0.11016493290662766,0.20008066296577454
7440,0.30760639905929565,0.1101556122303009,0.19745077192783356
7441,0.30540329217910767,0.11003533005714417,0.1953679621219635
7442,0.3047676980495453,0.11010507494211197,0.19466263055801392
7443,0.3046801686286926,0.10992599278688431,0.19475416839122772
7444,0.3032124936580658,0.11002007126808167,0.19319242238998413
7445,0.29942387342453003,0.10985396057367325,0.18956992030143738
7446,0.29482266306877136,0.1098937913775444,0.18492887914180756
7447,0.29205435514450073,0.10980848222970963,0.1822458803653717
7448,0.29265475273132324,0.10975468158721924,0.1829000562429428
7449,0.295702189207077,0.10976984351873398,0.18593235313892365
7450,0.298766553401947,0.10962937772274017,0.18913717567920685
7451,0.3001537322998047,0.10970573127269745,0.19044798612594604
7452,0.3001658320426941,0.10953523963689804,0.19063059985637665
7453,0.3006174862384796,0.10959991067647934,0.19101756811141968
7454,0.30278831720352173,0.10947474837303162,0.1933135688304901
7455,0.3062364459037781,0.10947121679782867,0.1967652440071106
7456,0.3090018630027771,0.10942420363426208,0.19957764446735382
7457,0.309174120426178,0.1093512773513794,0.19982284307479858
7458,0.30650556087493896,0.10934355854988098,0.19716200232505798
7459,0.30252373218536377,0.10927588492631912,0.19324783980846405
7460,0.299342542886734,0.1092207059264183,0.1901218444108963
7461,0.2979421019554138,0.10923558473587036,0.18870651721954346
7462,0.29752013087272644,0.10908723622560501,0.18843290209770203
7463,0.2965647280216217,0.10918035358190536,0.18738436698913574
7464,0.2942892909049988,0.10899075865745544,0.18529854714870453
7465,0.29160088300704956,0.10906191170215607,0.1825389862060547
7466,0.2903898358345032,0.10895772278308868,0.1814320981502533
7467,0.29195916652679443,0.108901247382164,0.18305791914463043
7468,0.29580482840538025,0.10894928872585297,0.18685553967952728
7469,0.29983997344970703,0.10875429213047028,0.19108569622039795
7470,0.30209776759147644,0.10889629274606705,0.19320148229599
7471,0.3021664321422577,0.10866983979940414,0.19349659979343414
7472,0.30163252353668213,0.10876694321632385,0.19286556541919708
7473,0.302247554063797,0.10864102840423584,0.19360652565956116
7474,0.30429956316947937,0.1086072027683258,0.19569236040115356
7475,0.30602818727493286,0.10860776156187057,0.1974204182624817
7476,0.30520790815353394,0.10848876088857651,0.19671915471553802
7477,0.30136239528656006,0.10851302742958069,0.19284938275814056
7478,0.29632169008255005,0.10843624174594879,0.18788544833660126
7479,0.2927706241607666,0.10836561024188995,0.18440502882003784
7480,0.29188016057014465,0.10840640217065811,0.18347375094890594
7481,0.2925446927547455,0.10823321342468262,0.18431147933006287
7482,0.2927887439727783,0.10833112895488739,0.18445761501789093
7483,0.29170510172843933,0.10816507786512375,0.18354003131389618
7484,0.29025962948799133,0.10819084197282791,0.18206878006458282
7485,0.290239155292511,0.10814876854419708,0.1820903867483139
7486,0.29261982440948486,0.10803376138210297,0.1845860481262207
7487,0.29670360684394836,0.10812248289585114,0.18858112394809723
7488,0.30058392882347107,0.10791697353124619,0.1926669478416443
7489,0.30265533924102783,0.10804097354412079,0.19461436569690704
7490,0.3024749755859375,0.10785295814275742,0.19462202489376068
7491,0.301297128200531,0.10790878534317017,0.19338835775852203
7492,0.3006150424480438,0.1078111007809639,0.19280393421649933
7493,0.30109483003616333,0.10777437686920166,0.19332046806812286
7494,0.3016999065876007,0.10775209963321686,0.19394780695438385
7495,0.3005788326263428,0.10767266899347305,0.19290617108345032
7496,0.29689180850982666,0.1076546311378479,0.18923716247081757
7497,0.2918694019317627,0.10760053992271423,0.18426884710788727
7498,0.2881293296813965,0.10753656923770905,0.18059274554252625
7499,0.2873918116092682,0.107539601624012,0.1798522025346756
7500,0.28902798891067505,0.10742833465337753,0.18159964680671692
7501,0.29080086946487427,0.10745970904827118,0.1833411604166031
7502,0.29102471470832825,0.10734834522008896,0.18367637693881989
7503,0.29014116525650024,0.10734954476356506,0.18279163539409637
7504,0.2901434898376465,0.10729777812957764,0.18284571170806885
7505,0.29256340861320496,0.1072196289896965,0.18534378707408905
7506,0.29690617322921753,0.10726317018270493,0.189642995595932
7507,0.30090656876564026,0.10709673166275024,0.19380983710289001
7508,0.30260634422302246,0.10720573365688324,0.19540062546730042
7509,0.3015916645526886,0.10700168460607529,0.19458997249603271
7510,0.299493670463562,0.10710154473781586,0.19239212572574615
7511,0.2980276644229889,0.10694818943738937,0.19107948243618011
7512,0.29779207706451416,0.10695995390415192,0.19083210825920105
7513,0.2976800203323364,0.1069134771823883,0.19076655805110931
7514,0.2960737943649292,0.10682361572980881,0.189250186085701
7515,0.29245761036872864,0.10684867948293686,0.18560893833637238
7516,0.2880248725414276,0.1067330613732338,0.18129181861877441
7517,0.2849350571632385,0.10673350095748901,0.1782015562057495
7518,0.28457701206207275,0.10668794810771942,0.17788906395435333
7519,0.2865542769432068,0.10659608244895935,0.17995819449424744
7520,0.28908973932266235,0.10663974285125732,0.18244999647140503
7521,0.2904965579509735,0.1064939796924591,0.1840025782585144
7522,0.29058384895324707,0.1065368801355362,0.18404698371887207
7523,0.2907252311706543,0.10645506531000137,0.18427015841007233
7524,0.2925770878791809,0.1063854917883873,0.1861916035413742
7525,0.2963697612285614,0.1064489483833313,0.1899208128452301
7526,0.30028942227363586,0.10623990744352341,0.19404952228069305
7527,0.30206048488616943,0.10640125721693039,0.19565923511981964
7528,0.3005552887916565,0.106155164539814,0.1944001168012619
7529,0.29723551869392395,0.10627481341362,0.19096070528030396
7530,0.2944223880767822,0.10613130033016205,0.18829107284545898
7531,0.29347550868988037,0.10610652714967728,0.1873689740896225
7532,0.2934166193008423,0.10611084848642349,0.1873057633638382
7533,0.2921333909034729,0.10597306489944458,0.18616034090518951
7534,0.2886793613433838,0.10602980852127075,0.18264956772327423
7535,0.28437530994415283,0.10590805858373642,0.178467258810997
7536,0.28178393840789795,0.10588999092578888,0.17589394748210907
7537,0.2823888063430786,0.10587674379348755,0.17651206254959106
7538,0.28540876507759094,0.10575602203607559,0.17965275049209595
7539,0.2886649966239929,0.10581281781196594,0.18285217881202698
7540,0.29045742750167847,0.10567912459373474,0.18477830290794373
7541,0.29085415601730347,0.10568538308143616,0.1851687878370285
7542,0.2912730574607849,0.10565634816884995,0.18561671674251556
7543,0.293093204498291,0.10553567111492157,0.18755751848220825
7544,0.29632604122161865,0.10563267767429352,0.19069337844848633
7545,0.2993338108062744,0.10541915893554688,0.19391463696956635
7546,0.30027151107788086,0.10555698722600937,0.1947145313024521
7547,0.29815202951431274,0.10535566508769989,0.19279637932777405
7548,0.29417723417282104,0.1054236888885498,0.18875354528427124
7549,0.2904244363307953,0.10531960427761078,0.1851048320531845
7550,0.2885182499885559,0.10528088361024857,0.18323735892772675
7551,0.2881143093109131,0.10527227818965912,0.18284203112125397
7552,0.28742143511772156,0.10516857355833054,0.18225285410881042
7553,0.2851070165634155,0.1051882952451706,0.17991870641708374
7554,0.2818085551261902,0.10509170591831207,0.17671683430671692
7555,0.2798410952091217,0.1050756573677063,0.1747654378414154
7556,0.28106507658958435,0.10503136366605759,0.17603370547294617
7557,0.2850911617279053,0.10496614128351212,0.18012501299381256
7558,0.28953486680984497,0.10495850443840027,0.1845763772726059
7559,0.2920149266719818,0.10488004237413406,0.18713487684726715
7560,0.29219427704811096,0.10485894978046417,0.1873353272676468
7561,0.2918073236942291,0.10482463985681534,0.18698269128799438
7562,0.2928440272808075,0.1047358289361,0.18810820579528809
7563,0.29545313119888306,0.10478711873292923,0.19066600501537323
7564,0.29753416776657104,0.10461775213479996,0.1929164081811905
7565,0.29693537950515747,0.10472860932350159,0.19220678508281708
7566,0.2930797338485718,0.10452689230442047,0.1885528266429901
7567,0.28797459602355957,0.10462026298046112,0.18335433304309845
7568,0.28412145376205444,0.10448089241981506,0.17964057624340057
7569,0.2827466130256653,0.10447424650192261,0.17827238142490387
7570,0.28296542167663574,0.10445503890514374,0.178510382771492
7571,0.2829698324203491,0.10433374345302582,0.1786360889673233
7572,0.28184205293655396,0.10440093278884888,0.17744113504886627
7573,0.28034770488739014,0.1042405366897583,0.17610716819763184
7574,0.2802409529685974,0.10429221391677856,0.17594873905181885
7575,0.282642126083374,0.10419707000255585,0.17844504117965698
7576,0.2869979739189148,0.10415484011173248,0.18284311890602112
7577,0.2913392186164856,0.10415521264076233,0.18718400597572327
7578,0.2936224341392517,0.10404515266418457,0.18957729637622833
7579,0.2933390438556671,0.10406361520290375,0.18927542865276337
7580,0.291803777217865,0.10399714857339859,0.1878066211938858
7581,0.29097607731819153,0.10392145812511444,0.1870546191930771
7582,0.2915496230125427,0.10398577153682709,0.18756386637687683
7583,0.2920351028442383,0.10378332436084747,0.188251793384552
7584,0.2904054522514343,0.103931725025177,0.18647371232509613
7585,0.2859418988227844,0.10370399057865143,0.1822378933429718
7586,0.2805916666984558,0.10379844903945923,0.17679321765899658
7587,0.27724480628967285,0.10369036346673965,0.1735544502735138
7588,0.2773497998714447,0.10362540930509567,0.17372438311576843
7589,0.2796831727027893,0.10368083417415619,0.1760023534297943
7590,0.2816852629184723,0.10349296778440475,0.17819230258464813
7591,0.28194695711135864,0.10360807925462723,0.178338885307312
7592,0.2813677191734314,0.1034320592880249,0.1779356598854065
7593,0.2821330726146698,0.10346934199333191,0.1786637306213379
7594,0.2853271961212158,0.10340903699398041,0.1819181591272354
7595,0.2898104786872864,0.10332807898521423,0.18648239970207214
7596,0.2930905520915985,0.10335271060466766,0.18973784148693085
7597,0.2933526635169983,0.10324418544769287,0.19010847806930542
7598,0.2909582853317261,0.10323276370763779,0.18772552907466888
7599,0.28787294030189514,0.10321512818336487,0.18465781211853027
7600,0.28592726588249207,0.10308866947889328,0.1828385889530182
7601,0.2853066623210907,0.10318303853273392,0.18212363123893738
7602,0.28457003831863403,0.1029818207025528,0.18158823251724243
7603,0.2823754549026489,0.10309216380119324,0.1792832762002945
7604,0.27871617674827576,0.10293423384428024,0.1757819503545761
7605,0.2752819061279297,0.10294663161039352,0.17233526706695557
7606,0.2740783095359802,0.102913036942482,0.17116527259349823
7607,0.2758537530899048,0.10280493646860123,0.17304880917072296
7608,0.2794482707977295,0.10287219285964966,0.17657609283924103
7609,0.2826675772666931,0.10270542651414871,0.1799621433019638
7610,0.28409045934677124,0.10278364270925522,0.18130682408809662
7611,0.28406137228012085,0.10264343023300171,0.18141795694828033
7612,0.28442421555519104,0.10266418755054474,0.1817600280046463
7613,0.28646790981292725,0.10259051620960236,0.1838773936033249
7614,0.28958624601364136,0.10255000740289688,0.18703624606132507
7615,0.29146629571914673,0.10252097249031067,0.18894532322883606
7616,0.29007846117019653,0.10246045887470245,0.18761798739433289
7617,0.2857747972011566,0.10242468863725662,0.1833501160144806
7618,0.2810845375061035,0.10239829868078232,0.1786862462759018
7619,0.27852368354797363,0.10231322050094604,0.1762104481458664
7620,0.27833402156829834,0.10234367847442627,0.17599032819271088
7621,0.27854445576667786,0.1022123247385025,0.17633213102817535
7622,0.27729570865631104,0.10226660966873169,0.17502909898757935
7623,0.27473095059394836,0.10213714092969894,0.17259381711483002
7624,0.27291327714920044,0.10215272009372711,0.17076055705547333
7625,0.27377620339393616,0.10209914296865463,0.17167706787586212
7626,0.2773219645023346,0.10201972723007202,0.17530223727226257
7627,0.28166505694389343,0.10207080841064453,0.1795942485332489
7628,0.2845882475376129,0.10189855843782425,0.18268968164920807
7629,0.28538450598716736,0.10200904309749603,0.18337546288967133
7630,0.2848954200744629,0.10181854665279388,0.1830768883228302
7631,0.2847886085510254,0.1018933653831482,0.182895228266716
7632,0.2857401967048645,0.10178008675575256,0.18396012485027313
7633,0.2869911193847656,0.10175120830535889,0.18523989617824554
7634,0.28685590624809265,0.10174211114645004,0.185113787651062
7635,0.28417688608169556,0.10163554549217224,0.18254134058952332
7636,0.2796001434326172,0.10165859013795853,0.17794156074523926
7637,0.275204598903656,0.10157885402441025,0.17362573742866516
7638,0.2729915380477905,0.10152792930603027,0.17146359384059906
7639,0.27328288555145264,0.10155011713504791,0.17173276841640472
7640,0.2745603322982788,0.10140123218297958,0.17315909266471863
7641,0.27497097849845886,0.10148534923791885,0.1734856367111206
7642,0.2740600109100342,0.10133154690265656,0.17272844910621643
7643,0.27327439188957214,0.10135626792907715,0.171918123960495
7644,0.2745673954486847,0.10132250934839249,0.1732448935508728
7645,0.2784026861190796,0.10119935870170593,0.17720331251621246
7646,0.28308290243148804,0.10131078958511353,0.18177209794521332
7647,0.2859620451927185,0.10108226537704468,0.18487976491451263
7648,0.2859305143356323,0.10123136639595032,0.1846991330385208
7649,0.2840089499950409,0.10103137046098709,0.1829775869846344
7650,0.28259187936782837,0.101081982254982,0.18150988221168518
7651,0.28277167677879333,0.10101719200611115,0.1817544847726822
7652,0.2834938168525696,0.10093306005001068,0.1825607568025589
7653,0.28259211778640747,0.10096824914216995,0.18162386119365692
7654,0.27901551127433777,0.10084285587072372,0.17817264795303345
7655,0.27409955859184265,0.10085534304380417,0.17324420809745789
7656,0.2703957259654999,0.10080826282501221,0.16958746314048767
7657,0.2695257067680359,0.10071523487567902,0.16881047189235687
7658,0.270964652299881,0.10076899826526642,0.17019565403461456
7659,0.27282774448394775,0.10061509162187576,0.1722126454114914
7660,0.27365538477897644,0.1006738692522049,0.17298151552677155
7661,0.2735062837600708,0.10057501494884491,0.17293128371238708
7662,0.2737206220626831,0.10053355246782303,0.17318706214427948
7663,0.2755996584892273,0.10056076943874359,0.1750389039516449
7664,0.27919626235961914,0.10040431469678879,0.17879195511341095
7665,0.2831571698188782,0.10051734745502472,0.18263980746269226
7666,0.28543469309806824,0.10031832754611969,0.18511636555194855
7667,0.2851063311100006,0.10041632503271103,0.18468999862670898
7668,0.2827397584915161,0.10026872158050537,0.18247105181217194
7669,0.28036677837371826,0.10028570145368576,0.1800810843706131
7670,0.27935338020324707,0.10022453963756561,0.17912882566452026
7671,0.2793288230895996,0.10016660392284393,0.17916221916675568
7672,0.27843186259269714,0.1001579537987709,0.17827390134334564
7673,0.2752339243888855,0.10007859766483307,0.17515534162521362
7674,0.27054712176322937,0.10006193816661835,0.17048518359661102
7675,0.2669544219970703,0.10001396387815475,0.16694046556949615
7676,0.2665642499923706,0.09995612502098083,0.16660812497138977
7677,0.2690691649913788,0.09995303303003311,0.16911612451076508
7678,0.2721360921859741,0.09986317157745361,0.1722729206085205
7679,0.27364134788513184,0.09987276047468185,0.17376859486103058
7680,0.2735166847705841,0.0997965857386589,0.1737200915813446
7681,0.2736354172229767,0.09976717829704285,0.17386823892593384
7682,0.2757667303085327,0.09975871443748474,0.17600801587104797
7683,0.2797049582004547,0.09964726120233536,0.18005768954753876
7684,0.2834396958351135,0.09972268342971802,0.1837170273065567
7685,0.28465989232063293,0.0995376780629158,0.18512222170829773
7686,0.2830135226249695,0.09965150058269501,0.18336202204227448
7687,0.2797999680042267,0.09946445375680923,0.18033550679683685
7688,0.27714455127716064,0.09952966868877411,0.17761489748954773
7689,0.27587759494781494,0.09942968189716339,0.17644791305065155
7690,0.27523672580718994,0.09938764572143555,0.1758490800857544
7691,0.2737295627593994,0.09939572960138321,0.1743338257074356
7692,0.2706577479839325,0.09927178174257278,0.1713859736919403
7693,0.26700371503829956,0.09931712597608566,0.1676865965127945
7694,0.26471519470214844,0.09921247512102127,0.16550272703170776
7695,0.26519620418548584,0.09919295459985733,0.1660032421350479
7696,0.26814231276512146,0.09917977452278137,0.1689625382423401
7697,0.2717401385307312,0.09907130897045135,0.17266882956027985
7698,0.27408623695373535,0.09911918640136719,0.17496705055236816
7699,0.2746700048446655,0.09900377690792084,0.17566624283790588
7700,0.274811327457428,0.09899812936782837,0.17581318318843842
7701,0.2763023376464844,0.09899251163005829,0.17730984091758728
7702,0.27946925163269043,0.09884974360466003,0.1806195229291916
7703,0.2826368808746338,0.09897518157958984,0.18366171419620514
7704,0.2831803262233734,0.09873787313699722,0.1844424605369568
7705,0.28032487630844116,0.09888843446969986,0.1814364343881607
7706,0.2755756974220276,0.09869389981031418,0.1768817901611328
7707,0.27184468507766724,0.0987328588962555,0.17311182618141174
7708,0.27051419019699097,0.09868913888931274,0.17182505130767822
7709,0.2704943120479584,0.09858176857233047,0.1719125360250473
7710,0.2695704996585846,0.09864753484725952,0.17092296481132507
7711,0.26683348417282104,0.09849227964878082,0.16834120452404022
7712,0.2637891471385956,0.09853861480951309,0.16525053977966309
7713,0.2628907561302185,0.09846063703298569,0.16443012654781342
7714,0.2652192711830139,0.09839929640293121,0.1668199896812439
7715,0.2695380449295044,0.09842399507761002,0.17111405730247498
7716,0.27344104647636414,0.09830092638731003,0.1751401126384735
7717,0.27537742257118225,0.09833056479692459,0.17704686522483826
7718,0.2756049931049347,0.09826284646987915,0.17734214663505554
7719,0.27569255232810974,0.09819279611110687,0.17749975621700287
7720,0.27687758207321167,0.0982491672039032,0.17862839996814728
7721,0.27883732318878174,0.09806706011295319,0.18077026307582855
7722,0.28003180027008057,0.0981966108083725,0.18183517456054688
7723,0.2786635756492615,0.09799191355705261,0.18067167699337006
7724,0.27466219663619995,0.09808184206485748,0.17658033967018127
7725,0.26956504583358765,0.09795905649662018,0.17160597443580627
7726,0.2658245861530304,0.09794238954782486,0.16788218915462494
7727,0.2646774649620056,0.0979272723197937,0.1667502075433731
7728,0.2653220295906067,0.09782499074935913,0.16749702394008636
7729,0.26577579975128174,0.09786280244588852,0.16791298985481262
7730,0.2648492455482483,0.09774597734212875,0.16710326075553894
7731,0.26344531774520874,0.09776315093040466,0.16568216681480408
7732,0.2637224495410919,0.09768763929605484,0.16603481769561768
7733,0.26694971323013306,0.09765733778476715,0.1692923754453659
7734,0.27202871441841125,0.09762644022703171,0.17440226674079895
7735,0.2762123644351959,0.09756755083799362,0.1786448210477829
7736,0.27743634581565857,0.09754300862550735,0.17989332973957062
7737,0.276007741689682,0.09750422835350037,0.17850351333618164
7738,0.27425679564476013,0.09743952751159668,0.17681726813316345
7739,0.274064838886261,0.0974610298871994,0.17660382390022278
7740,0.27489209175109863,0.09733037650585175,0.1775617152452469
7741,0.2745751738548279,0.0974089503288269,0.17716622352600098
7742,0.2713911533355713,0.09724004566669464,0.17415112257003784
7743,0.2662482261657715,0.0973205640912056,0.16892766952514648
7744,0.26172810792922974,0.09718547016382217,0.16454264521598816
7745,0.2600383162498474,0.09719248116016388,0.16284582018852234
7746,0.2611940801143646,0.09715955704450607,0.16403453052043915
7747,0.26340925693511963,0.09705767035484314,0.16635160148143768
7748,0.26487013697624207,0.09712198376655579,0.16774815320968628
7749,0.2651847004890442,0.09695513546466827,0.16822955012321472
7750,0.2655031681060791,0.09703698754310608,0.16846616566181183
7751,0.26719096302986145,0.0969034731388092,0.17028748989105225
7752,0.27058011293411255,0.0969112366437912,0.17366886138916016
7753,0.2744292616844177,0.09687148034572601,0.1775577813386917
7754,0.27669039368629456,0.09679122269153595,0.1798991709947586
7755,0.2760693430900574,0.09680953621864319,0.17925982177257538
7756,0.2730289101600647,0.09672386199235916,0.17630505561828613
7757,0.26960304379463196,0.09669208526611328,0.17291095852851868
7758,0.2676287591457367,0.09670272469520569,0.170926034450531
7759,0.26708322763442993,0.09655852615833282,0.1705247163772583
7760,0.2663401663303375,0.09666574746370316,0.16967441141605377
7761,0.2638232409954071,0.0964675173163414,0.1673557311296463
7762,0.2600136399269104,0.09656012058258057,0.16345353424549103
7763,0.25721174478530884,0.09644254297018051,0.16076920926570892
7764,0.2575693726539612,0.0964023619890213,0.16116702556610107
7765,0.2610020339488983,0.09644229710102081,0.1645597368478775
7766,0.26518598198890686,0.09626515954732895,0.16892081499099731
7767,0.26768559217453003,0.0963936448097229,0.17129196226596832
7768,0.2679693400859833,0.09619352221488953,0.17177581787109375
7769,0.2677980661392212,0.09627355635166168,0.1715245246887207
7770,0.26904839277267456,0.09617238491773605,0.1728760153055191
7771,0.27185893058776855,0.09612852334976196,0.17573042213916779
7772,0.27426329255104065,0.0961383506655693,0.17812493443489075
7773,0.27400463819503784,0.09603003412485123,0.1779746115207672
7774,0.27066469192504883,0.09604357928037643,0.1746211051940918
7775,0.2659735679626465,0.09598913788795471,0.16998444497585297
7776,0.26237252354621887,0.09591101855039597,0.1664615124464035
7777,0.2609531581401825,0.0959637239575386,0.1649894416332245
7778,0.26086243987083435,0.0958002507686615,0.16506218910217285
7779,0.2605188190937042,0.09588982164859772,0.1646289974451065
7780,0.25913500785827637,0.09574689716100693,0.16338810324668884
7781,0.25747382640838623,0.09576191008090973,0.1617119014263153
7782,0.25712546706199646,0.09572945535182953,0.16139601171016693
7783,0.2591641843318939,0.0956268310546875,0.16353735327720642
7784,0.2631586790084839,0.09569809585809708,0.1674605756998062
7785,0.26728174090385437,0.09552761167287827,0.1717541366815567
7786,0.2696901857852936,0.09562055766582489,0.1740696281194687
7787,0.26971253752708435,0.09546872973442078,0.17424380779266357
7788,0.268657386302948,0.09550705552101135,0.17315033078193665
7789,0.2682700753211975,0.0954216793179512,0.1728483885526657
7790,0.2692289650440216,0.09539290517568588,0.17383606731891632
7791,0.2701551914215088,0.09536224603652954,0.17479294538497925
7792,0.2688630223274231,0.09530080109834671,0.17356222867965698
7793,0.2646793723106384,0.09527818858623505,0.1694011688232422
7794,0.25940489768981934,0.09523512423038483,0.16416975855827332
7795,0.2559650242328644,0.09518048167228699,0.1607845425605774
7796,0.25572431087493896,0.0951799750328064,0.16054433584213257
7797,0.25741076469421387,0.0950867235660553,0.16232404112815857
7798,0.2586141526699066,0.09511236101388931,0.1635017991065979
7799,0.25818541646003723,0.09501373767852783,0.1631716787815094
7800,0.2572624385356903,0.0950174555182457,0.1622449904680252
7801,0.25793832540512085,0.09496809542179108,0.16297022998332977
7802,0.2611146867275238,0.09489957988262177,0.16621510684490204
7803,0.265598863363266,0.09493861347436905,0.17066024243831635
7804,0.2690298855304718,0.09478429704904556,0.17424559593200684
7805,0.2700088620185852,0.0948863998055458,0.1751224547624588
7806,0.26873889565467834,0.09469898045063019,0.17403991520404816
7807,0.26694563031196594,0.0947863981127739,0.17215923964977264
7808,0.26593056321144104,0.09465602785348892,0.17127452790737152
7809,0.26577600836753845,0.09465116262435913,0.17112484574317932
7810,0.2652462124824524,0.0946265459060669,0.1706196665763855
7811,0.26301300525665283,0.09453101456165314,0.1684819906949997
7812,0.25904786586761475,0.09456536173820496,0.16448251903057098
7813,0.25485897064208984,0.09446185827255249,0.16039711236953735
7814,0.2525182068347931,0.09445396810770035,0.15806423127651215
7815,0.2530072033405304,0.09443292766809464,0.15857428312301636
7816,0.25543057918548584,0.09433142840862274,0.1610991507768631
7817,0.257783979177475,0.09438662230968475,0.16339735686779022
7818,0.2586545944213867,0.09425119310617447,0.16440340876579285
7819,0.25850802659988403,0.09428083896636963,0.1642272025346756
7820,0.2591729462146759,0.09423080831766129,0.16494214534759521
7821,0.2619946002960205,0.0941363200545311,0.1678582727909088
7822,0.26629507541656494,0.09422435611486435,0.17207071185112
7823,0.2695555090904236,0.094013512134552,0.1755419820547104
7824,0.2698236107826233,0.09416274726390839,0.1756608486175537
7825,0.26712560653686523,0.09395349025726318,0.17317213118076324
7826,0.2638314664363861,0.09402912855148315,0.16980233788490295
7827,0.26201626658439636,0.09393956512212753,0.16807670891284943
7828,0.26179295778274536,0.0938783809542656,0.16791456937789917
7829,0.2612878084182739,0.09391053020954132,0.1673772931098938
7830,0.2587530016899109,0.09377884864807129,0.1649741381406784
7831,0.2545633912086487,0.09381882846355438,0.1607445776462555
7832,0.2509578466415405,0.09373839199542999,0.15721945464611053
7833,0.25006675720214844,0.09369045495986938,0.15637628734111786
7834,0.25207430124282837,0.09370876848697662,0.15836554765701294
7835,0.255301296710968,0.09358392655849457,0.16171735525131226
7836,0.25779056549072266,0.09363258630037308,0.16415797173976898
7837,0.2588041126728058,0.09353631734848022,0.16526779532432556
7838,0.2591989040374756,0.09350831061601639,0.1656905859708786
7839,0.26039329171180725,0.09352102130651474,0.1668722778558731
7840,0.2630377411842346,0.09338071942329407,0.16965702176094055
7841,0.26636773347854614,0.0934862345457077,0.17288151383399963
7842,0.26843398809432983,0.09329123795032501,0.17514276504516602
7843,0.26785850524902344,0.09339670091867447,0.17446179687976837
7844,0.2645889222621918,0.09324315935373306,0.1713457703590393
7845,0.2605541944503784,0.09327042102813721,0.16728375852108002
7846,0.25776901841163635,0.09320589900016785,0.1645631194114685
7847,0.2568768858909607,0.09315139055252075,0.16372549533843994
7848,0.25653451681137085,0.09315189719200134,0.1633826047182083
7849,0.2548699378967285,0.09306208044290543,0.1618078649044037
7850,0.25162261724472046,0.09306856989860535,0.1585540622472763
7851,0.2486739456653595,0.09299968928098679,0.15567424893379211
7852,0.24843890964984894,0.09296976029872894,0.15546914935112
7853,0.2515166699886322,0.09294220805168152,0.15857446193695068
7854,0.25604480504989624,0.09287950396537781,0.16316528618335724
7855,0.2593502402305603,0.09287271648645401,0.1664775311946869
7856,0.26023223996162415,0.09281234443187714,0.167419895529747
7857,0.2599228322505951,0.09277884662151337,0.16714398562908173
7858,0.26059281826019287,0.09276844561100006,0.1678243726491928
7859,0.26303619146347046,0.09266956150531769,0.17036662995815277
7860,0.26584357023239136,0.0927312970161438,0.17311225831508636
7861,0.26645752787590027,0.09256523102521896,0.1738923043012619
7862,0.263884961605072,0.09266644716262817,0.17121852934360504
7863,0.25916630029678345,0.09249183535575867,0.1666744500398636
7864,0.2548666000366211,0.092554971575737,0.1623116135597229
7865,0.252610981464386,0.09245587140321732,0.16015511751174927
7866,0.25217193365097046,0.09241921454668045,0.1597527265548706
7867,0.252010703086853,0.09243020415306091,0.15958048403263092
7868,0.25089865922927856,0.09230439364910126,0.1585942804813385
7869,0.24911466240882874,0.09236786514520645,0.1567467898130417
7870,0.248166024684906,0.09223804622888565,0.15592797100543976
7871,0.24949464201927185,0.09225862473249435,0.1572360247373581
7872,0.2531808018684387,0.09220652282238007,0.16097426414489746
7873,0.2577134072780609,0.0921388491988182,0.1655745506286621
7874,0.2609977722167969,0.09216032922267914,0.16883744299411774
7875,0.2618415653705597,0.09206029027700424,0.16978128254413605
7876,0.26098355650901794,0.09206028282642365,0.1689232736825943
7877,0.2603055238723755,0.09203719347715378,0.1682683229446411
7878,0.26096880435943604,0.09192341566085815,0.1690453737974167
7879,0.26219651103019714,0.09202028065919876,0.17017622292041779
7880,0.26165592670440674,0.09181065857410431,0.16984526813030243
7881,0.2581050395965576,0.0919463261961937,0.16615870594978333
7882,0.2525728940963745,0.09176087379455566,0.16081202030181885
7883,0.24804724752902985,0.09180378913879395,0.1562434583902359
7884,0.24667730927467346,0.0917574018239975,0.15491990745067596
7885,0.2480335533618927,0.09165479987859726,0.15637874603271484
7886,0.24974295496940613,0.09173284471035004,0.1580101102590561
7887,0.24992626905441284,0.09155874699354172,0.15836751461029053
7888,0.24901926517486572,0.09164170920848846,0.15737755596637726
7889,0.2491193562746048,0.09152361750602722,0.15759573876857758
7890,0.25179487466812134,0.09150846302509308,0.16028642654418945
7891,0.25640153884887695,0.09149705618619919,0.16490447521209717
7892,0.2605873942375183,0.09139995276927948,0.16918745636940002
7893,0.2622668743133545,0.09142450243234634,0.17084237933158875
7894,0.26116204261779785,0.09135131537914276,0.16981074213981628
7895,0.2588770389556885,0.0913015753030777,0.16757544875144958
7896,0.2572396397590637,0.09133318066596985,0.16590645909309387
7897,0.2566986680030823,0.0911787748336792,0.16551987826824188
7898,0.25620049238204956,0.09128784388303757,0.1649126559495926
7899,0.2541879713535309,0.09110209345817566,0.16308587789535522
7900,0.2504146993160248,0.09118213504552841,0.15923257172107697
7901,0.2461695820093155,0.09107273817062378,0.1550968438386917
7902,0.24356627464294434,0.09104523807764053,0.1525210440158844
7903,0.24384766817092896,0.09104888141155243,0.15279878675937653
7904,0.2464624047279358,0.09092922508716583,0.15553317964076996
7905,0.2495124191045761,0.09099380671977997,0.15851861238479614
7906,0.2512516975402832,0.09085392951965332,0.1603977531194687
7907,0.2515961825847626,0.09089922159910202,0.16069696843624115
7908,0.25198569893836975,0.09080203622579575,0.1611836701631546
7909,0.2540435194969177,0.0907922089099884,0.16325132548809052
7910,0.25766533613204956,0.09074784070253372,0.16691750288009644
7911,0.26079970598220825,0.09070248156785965,0.170097216963768
7912,0.26108893752098083,0.09067525714635849,0.17041368782520294
7913,0.2579890489578247,0.09063592553138733,0.16735310852527618
7914,0.2535421848297119,0.09058193862438202,0.1629602462053299
7915,0.25047439336776733,0.09058666974306107,0.15988773107528687
7916,0.24966230988502502,0.09048415720462799,0.15917815268039703
7917,0.24959230422973633,0.09053070843219757,0.15906159579753876
7918,0.24812260270118713,0.0904020145535469,0.15772059559822083
7919,0.24497920274734497,0.09044737368822098,0.1545318365097046
7920,0.24204280972480774,0.09034392982721329,0.15169888734817505
7921,0.24161593616008759,0.09033383429050446,0.15128210186958313
7922,0.24425308406352997,0.09031195938587189,0.15394112467765808
7923,0.24835479259490967,0.09021317213773727,0.1581416130065918
7924,0.25168126821517944,0.09027647972106934,0.1614048033952713
7925,0.2530590295791626,0.09011325240135193,0.16294579207897186
7926,0.2532040476799011,0.09020385891199112,0.1630001962184906
7927,0.2535325288772583,0.09005380421876907,0.16347871720790863
7928,0.254966676235199,0.09008979797363281,0.16487689316272736
7929,0.25688832998275757,0.09002207219600677,0.1668662428855896
7930,0.2576928734779358,0.08996930718421936,0.16772355139255524
7931,0.25607046484947205,0.08997613191604614,0.1660943329334259
7932,0.2521158456802368,0.08988639712333679,0.16222943365573883
7933,0.24756628274917603,0.08988524973392487,0.15768103301525116
7934,0.24447181820869446,0.08984953165054321,0.15462228655815125
7935,0.24365082383155823,0.08976373076438904,0.1538870930671692
7936,0.24416467547416687,0.08981770277023315,0.15434697270393372
7937,0.24425987899303436,0.08966349065303802,0.15459638833999634
7938,0.24313989281654358,0.0897367000579834,0.15340319275856018
7939,0.2417871505022049,0.08961960673332214,0.15216754376888275
7940,0.24215495586395264,0.08960233628749847,0.15255261957645416
7941,0.24524272978305817,0.08961543440818787,0.1556272953748703
7942,0.2499110847711563,0.08946490287780762,0.1604461818933487
7943,0.25372448563575745,0.0895865261554718,0.16413795948028564
7944,0.2548316717147827,0.08937830477952957,0.16545337438583374
7945,0.253783643245697,0.08948932588100433,0.16429433226585388
7946,0.25257596373558044,0.0893460214138031,0.16322994232177734
7947,0.25288575887680054,0.08934780210256577,0.16353794932365417
7948,0.2541511654853821,0.08932830393314362,0.16482286155223846
7949,0.2542135417461395,0.08922965824604034,0.16498388350009918
7950,0.2514786124229431,0.08926530182361603,0.1622133105993271
7951,0.24657027423381805,0.08917160332202911,0.15739867091178894
7952,0.24202287197113037,0.08914858847856522,0.15287427604198456
7953,0.23998814821243286,0.08914808928966522,0.15084005892276764
7954,0.24052660167217255,0.08902843296527863,0.15149816870689392
7955,0.24192869663238525,0.08909911662340164,0.15282957255840302
7956,0.2425018548965454,0.08895645290613174,0.15354539453983307
7957,0.2420685589313507,0.08899282664060593,0.15307573974132538
7958,0.24186131358146667,0.08893408626317978,0.1529272198677063
7959,0.24328866600990295,0.08885886520147324,0.15442979335784912
7960,0.24663490056991577,0.08891621232032776,0.157718688249588
7961,0.2507174611091614,0.08874920010566711,0.16196827590465546
7962,0.2538122236728668,0.08885788917541504,0.16495433449745178
7963,0.2546001076698303,0.08868390321731567,0.16591621935367584
7964,0.25340983271598816,0.0887487456202507,0.16466109454631805
7965,0.2515389621257782,0.08864498138427734,0.16289398074150085
7966,0.25051289796829224,0.08862822502851486,0.16188468039035797
7967,0.25045883655548096,0.08859811723232269,0.16186073422431946
7968,0.25003278255462646,0.08853287994861603,0.16149991750717163
7969,0.24765422940254211,0.08852510899305344,0.15912911295890808
7970,0.24321600794792175,0.08846856653690338,0.15474744141101837
7971,0.23870064318180084,0.0884307324886322,0.15026991069316864
7972,0.23658308386802673,0.08841629326343536,0.14816679060459137
7973,0.23765407502651215,0.08833864331245422,0.14931543171405792
7974,0.24033883213996887,0.08835381269454956,0.1519850194454193
7975,0.24223023653030396,0.08826762437820435,0.1539626121520996
7976,0.24236096441745758,0.08826690912246704,0.15409405529499054
7977,0.24198481440544128,0.08821684122085571,0.15376797318458557
7978,0.24323728680610657,0.08816144615411758,0.1550758332014084
7979,0.2468729019165039,0.08818013966083527,0.15869276225566864
7980,0.2513270378112793,0.08805462718009949,0.16327239573001862
7981,0.2541743814945221,0.0881325975060463,0.1660417765378952
7982,0.25391852855682373,0.08796539902687073,0.1659531146287918
7983,0.25153642892837524,0.08805111050605774,0.1634853184223175
7984,0.24897751212120056,0.08790526539087296,0.161072239279747
7985,0.2477211058139801,0.08793607354164124,0.15978503227233887
7986,0.24733006954193115,0.08787105977535248,0.15945900976657867
7987,0.24622836709022522,0.08781681954860687,0.15841154754161835
7988,0.24334903061389923,0.08782866597175598,0.15552036464214325
7989,0.23923680186271667,0.08772923797369003,0.15150757133960724
7990,0.2358008176088333,0.0877479761838913,0.14805284142494202
7991,0.23474912345409393,0.08768154680728912,0.1470675766468048
7992,0.23632949590682983,0.0876387506723404,0.14869074523448944
7993,0.23925551772117615,0.0876450166106224,0.15161050856113434
7994,0.2417600154876709,0.08753914386034012,0.15422086417675018
7995,0.24294909834861755,0.08757470548152924,0.15537439286708832
7996,0.24337457120418549,0.08748704195022583,0.15588752925395966
7997,0.2445077896118164,0.08745603263378143,0.15705175697803497
7998,0.24728378653526306,0.08747343719005585,0.15981034934520721
7999,0.25092077255249023,0.08732475340366364,0.1635960042476654
8000,0.2534487843513489,0.08744567632675171,0.16600310802459717
8001,0.2529296278953552,0.08723051846027374,0.1656990945339203
8002,0.24964354932308197,0.08735205233097076,0.1622914969921112
8003,0.24555185437202454,0.08719561249017715,0.15835624933242798
8004,0.242994487285614,0.08720961213111877,0.15578487515449524
8005,0.24233463406562805,0.0871860682964325,0.15514856576919556
8006,0.2418813854455948,0.08708080649375916,0.15480057895183563
8007,0.2397700399160385,0.08714142441749573,0.15262861549854279
8008,0.23604446649551392,0.08700965344905853,0.14903481304645538
8009,0.2329520881175995,0.08703537285327911,0.14591671526432037
8010,0.23285086452960968,0.08698377013206482,0.14586709439754486
8011,0.2360074520111084,0.08690981566905975,0.14909763634204865
8012,0.24037611484527588,0.08694682270288467,0.1534292995929718
8013,0.24343344569206238,0.08682524412870407,0.1566081941127777
8014,0.24436038732528687,0.08685380965471268,0.15750658512115479
8015,0.2444068044424057,0.08679868280887604,0.15760812163352966
8016,0.2454701066017151,0.08671998232603073,0.15875013172626495
8017,0.24809008836746216,0.0867885947227478,0.16130149364471436
8018,0.2507714033126831,0.08660297095775604,0.16416844725608826
8019,0.2515029311180115,0.08673346787691116,0.1647694706916809
8020,0.2491244524717331,0.0865383893251419,0.1625860631465912
8021,0.24473407864570618,0.08661698549985886,0.15811708569526672
8022,0.24035042524337769,0.08651529252529144,0.15383513271808624
8023,0.23770323395729065,0.08648036420345306,0.15122286975383759
8024,0.23687097430229187,0.08648727089166641,0.15038371086120605
8025,0.23661750555038452,0.0863768681883812,0.15024062991142273
8026,0.23568189144134521,0.08641833811998367,0.14926354587078094
8027,0.23397526144981384,0.08631712198257446,0.14765813946723938
8028,0.23282462358474731,0.08631519973278046,0.14650942385196686
8029,0.23384951055049896,0.08627451956272125,0.1475749909877777
8030,0.23748598992824554,0.08621633052825928,0.15126965939998627
8031,0.24234460294246674,0.08621318638324738,0.15613141655921936
8032,0.24604514241218567,0.08614862710237503,0.15989652276039124
8033,0.2471161186695099,0.08612187951803207,0.16099423170089722
8034,0.24613241851329803,0.0861048698425293,0.16002754867076874
8035,0.2452097088098526,0.086015984416008,0.1591937243938446
8036,0.24582365155220032,0.08606446534395218,0.15975919365882874
8037,0.2470737099647522,0.08592096716165543,0.16115273535251617
8038,0.24667677283287048,0.08600141108036041,0.16067536175251007
8039,0.2430056929588318,0.08585064858198166,0.15715505182743073
8040,0.23733678460121155,0.08590254932641983,0.15143422782421112
8041,0.23262690007686615,0.08580315113067627,0.14682374894618988
8042,0.2311444729566574,0.08578519523143768,0.14535927772521973
8043,0.23250171542167664,0.08576828241348267,0.14673343300819397
8044,0.2343849539756775,0.08567603677511215,0.14870890974998474
8045,0.23493649065494537,0.08571954071521759,0.14921694993972778
8046,0.23439981043338776,0.08559413254261017,0.1488056778907776
8047,0.2346762716770172,0.08563964068889618,0.14903663098812103
8048,0.23722779750823975,0.08554117381572723,0.1516866236925125
8049,0.2416238635778427,0.08553725481033325,0.15608660876750946
8050,0.24576595425605774,0.08549827337265015,0.1602676808834076
8051,0.24753062427043915,0.0854397714138031,0.16209085285663605
8052,0.24643337726593018,0.08543351292610168,0.1609998643398285
8053,0.2437513917684555,0.08537690341472626,0.15837448835372925
8054,0.2413928210735321,0.08533275127410889,0.15606006979942322
8055,0.2402278035879135,0.08534544706344604,0.15488235652446747
8056,0.2394486665725708,0.08522003144025803,0.15422864258289337
8057,0.23771892488002777,0.0853009819984436,0.15241794288158417
8058,0.23440659046173096,0.08513310551643372,0.14927348494529724
8059,0.2305833101272583,0.08520597219467163,0.14537733793258667
8060,0.22820129990577698,0.08509746193885803,0.14310383796691895
8061,0.22866538166999817,0.08507059514522552,0.14359478652477264
8062,0.23166269063949585,0.08508950471878052,0.14657318592071533
8063,0.2353467047214508,0.08494608849287033,0.15040062367916107
8064,0.2378072738647461,0.08505146950483322,0.15275581181049347
8065,0.23847907781600952,0.08487022668123245,0.15360884368419647
8066,0.23865550756454468,0.08495088666677475,0.15370462834835052
8067,0.23997578024864197,0.08484186232089996,0.155133917927742
8068,0.24279820919036865,0.08481783419847488,0.15798036754131317
8069,0.24542821943759918,0.08481612801551819,0.160612091422081
8070,0.24544833600521088,0.08471611142158508,0.1607322245836258
8071,0.24205198884010315,0.08474262058734894,0.1573093682527542
8072,0.23694005608558655,0.08467263728380203,0.1522674262523651
8073,0.23304863274097443,0.08462141454219818,0.14842721819877625
8074,0.2318621128797531,0.08465449512004852,0.1472076177597046
8075,0.23224282264709473,0.08450387418270111,0.14773894846439362
8076,0.23194241523742676,0.08459890633821487,0.14734351634979248
8077,0.22998762130737305,0.08444152027368546,0.1455461084842682
8078,0.22777391970157623,0.08447980880737305,0.14329411089420319
8079,0.2276238203048706,0.08443066477775574,0.14319315552711487
8080,0.23051907122135162,0.08433987200260162,0.14617919921875
8081,0.2351554036140442,0.08441871404647827,0.15073668956756592
8082,0.23905202746391296,0.08423475921154022,0.15481726825237274
8083,0.2407171130180359,0.08434979617595673,0.15636731684207916
8084,0.24040260910987854,0.08418446779251099,0.15621814131736755
8085,0.23978663980960846,0.08422744274139404,0.15555919706821442
8086,0.23998767137527466,0.08415976166725159,0.15582790970802307
8087,0.24082332849502563,0.0841059461236,0.15671737492084503
8088,0.24089749157428741,0.08411341905593872,0.1567840725183487
8089,0.23888377845287323,0.08402687311172485,0.15485690534114838
8090,0.23481425642967224,0.08402366191148758,0.15079058706760406
8091,0.23018433153629303,0.08398593962192535,0.14619839191436768
8092,0.2270561158657074,0.0839139074087143,0.1431422084569931
8093,0.22650828957557678,0.08394382148981094,0.14256447553634644
8094,0.22789588570594788,0.08382676541805267,0.1440691202878952
8095,0.22949358820915222,0.08386656641960144,0.14562702178955078
8096,0.2299838662147522,0.08377689123153687,0.14620697498321533
8097,0.22965960204601288,0.08375698328018188,0.145902618765831
8098,0.23013454675674438,0.08374667912721634,0.14638787508010864
8099,0.2327791452407837,0.08364484459161758,0.1491342931985855
8100,0.2371937781572342,0.08370570838451385,0.15348806977272034
8101,0.2411041259765625,0.08355589956045151,0.1575482338666916
8102,0.2423848807811737,0.08363448083400726,0.15875039994716644
8103,0.24058222770690918,0.0834922194480896,0.15709000825881958
8104,0.23769532144069672,0.08353391289710999,0.15416140854358673
8105,0.23590561747550964,0.0834442675113678,0.15246134996414185
8106,0.23577827215194702,0.08342602849006653,0.1523522436618805
8107,0.23565950989723206,0.08339720219373703,0.15226230025291443
8108,0.2335033416748047,0.08333293348550797,0.15017040073871613
8109,0.22917813062667847,0.08333272486925125,0.1458454132080078
8110,0.22482097148895264,0.08326534926891327,0.14155562222003937
8111,0.22302718460559845,0.08324620127677917,0.13978098332881927
8112,0.22450366616249084,0.0832161083817482,0.14128755033016205
8113,0.22764122486114502,0.08315359055995941,0.1444876343011856
8114,0.2301454246044159,0.0831592008471489,0.1469862163066864
8115,0.2310054898262024,0.08307651430368423,0.14792898297309875
8116,0.2311578094959259,0.08307460695505142,0.14808319509029388
8117,0.2322775274515152,0.08303073048591614,0.14924679696559906
8118,0.23509147763252258,0.08296354860067368,0.1521279215812683
8119,0.23866279423236847,0.08300560712814331,0.15565718710422516
8120,0.2409643977880478,0.08285242319107056,0.15811197459697723
8121,0.2407435029745102,0.08295635879039764,0.15778714418411255
8122,0.23803028464317322,0.08277307450771332,0.1552572101354599
8123,0.23450380563735962,0.08285538107156754,0.1516484171152115
8124,0.23178428411483765,0.08273779600858688,0.14904648065567017
8125,0.2304941564798355,0.08272320032119751,0.147770956158638
8126,0.22978979349136353,0.08271897584199905,0.14707081019878387
8127,0.22829917073249817,0.08261111378669739,0.14568805694580078
8128,0.22558733820915222,0.08266587555408478,0.14292146265506744
8129,0.22275739908218384,0.08254861831665039,0.14020878076553345
8130,0.2217467725276947,0.08256284892559052,0.1391839236021042
8131,0.22364550828933716,0.082520492374897,0.14112502336502075
8132,0.22763055562973022,0.08244531601667404,0.14518523216247559
8133,0.2314978837966919,0.08247967064380646,0.14901821315288544
8134,0.2333918809890747,0.0823671817779541,0.1510246992111206
8135,0.23341909050941467,0.08238586038351059,0.1510332226753235
8136,0.23339295387268066,0.0823444053530693,0.15104855597019196
8137,0.23500213027000427,0.08225367218255997,0.1527484655380249
8138,0.23797094821929932,0.08233337849378586,0.15563757717609406
8139,0.23989692330360413,0.0821380540728569,0.15775886178016663
8140,0.23872952163219452,0.08227197825908661,0.1564575433731079
8141,0.2343888282775879,0.0820789560675621,0.1523098647594452
8142,0.22939975559711456,0.08214481174945831,0.14725494384765625
8143,0.22632309794425964,0.0820666030049324,0.14425648748874664
8144,0.2257595807313919,0.08200500905513763,0.14375457167625427
8145,0.2260417640209198,0.08204618841409683,0.14399556815624237
8146,0.22517487406730652,0.08190804719924927,0.14326682686805725
8147,0.22295498847961426,0.08197077363729477,0.14098422229290009
8148,0.22111080586910248,0.08186514675617218,0.1392456591129303
8149,0.22162476181983948,0.08185288310050964,0.13977187871932983
8150,0.2248663604259491,0.08183940500020981,0.14302696287631989
8151,0.2293158620595932,0.08174894750118256,0.14756691455841064
8152,0.23287460207939148,0.08177904039621353,0.15109555423259735
8153,0.2343776971101761,0.08169524371623993,0.15268245339393616
8154,0.23432326316833496,0.08166982978582382,0.15265344083309174
8155,0.23408885300159454,0.08167341351509094,0.1524154394865036
8156,0.23468229174613953,0.08154847472906113,0.1531338095664978
8157,0.23586444556713104,0.08163799345493317,0.15422645211219788
8158,0.2360973060131073,0.08145879954099655,0.15463851392269135
8159,0.23412588238716125,0.08155474066734314,0.15257114171981812
8160,0.2298099845647812,0.0814126580953598,0.1483973264694214
8161,0.22489836812019348,0.08143392205238342,0.14346444606781006
8162,0.221562460064888,0.08138366043567657,0.14017879962921143
8163,0.22091472148895264,0.08131641894578934,0.1395983099937439
8164,0.22210368514060974,0.08134052902460098,0.14076316356658936
8165,0.22317367792129517,0.08123171329498291,0.14194196462631226
8166,0.22293782234191895,0.081266388297081,0.14167143404483795
8167,0.222105473279953,0.0811760351061821,0.1409294307231903
8168,0.22266614437103271,0.08117295056581497,0.14149320125579834
8169,0.2258482575416565,0.08112720400094986,0.14472106099128723
8170,0.2307448387145996,0.0810859203338623,0.1496589183807373
8171,0.2348174899816513,0.0810636430978775,0.1537538468837738
8172,0.23591767251491547,0.08101700246334076,0.1549006700515747
8173,0.23422035574913025,0.08097846060991287,0.15324188768863678
8174,0.23190797865390778,0.08096612989902496,0.1509418487548828
8175,0.23103542625904083,0.08088020980358124,0.1501552164554596
8176,0.23152804374694824,0.08092135936021805,0.1506066769361496
8177,0.2312202751636505,0.08078894019126892,0.1504313349723816
8178,0.228415846824646,0.08085554093122482,0.14756031334400177
8179,0.22350278496742249,0.08071725815534592,0.14278551936149597
8180,0.21901613473892212,0.08075465261936188,0.13826148211956024
8181,0.21725928783416748,0.08067631721496582,0.13658297061920166
8182,0.21850651502609253,0.08063770830631256,0.13786880671977997
8183,0.22104525566101074,0.08064986020326614,0.1403954029083252
8184,0.22289764881134033,0.08053289353847504,0.1423647552728653
8185,0.22350060939788818,0.08060137927532196,0.14289923012256622
8186,0.22381716966629028,0.08046071976423264,0.14335645735263824
8187,0.22529113292694092,0.08051089197397232,0.1447802484035492
8188,0.2283393144607544,0.08041973412036896,0.14791958034038544
8189,0.23198559880256653,0.08039895445108414,0.151586651802063
8190,0.23445376753807068,0.08038311451673508,0.1540706604719162
8191,0.23438148200511932,0.08030623197555542,0.1540752500295639
8192,0.23192694783210754,0.08031316846609116,0.15161378681659698
8193,0.22856828570365906,0.0802585706114769,0.14830972254276276
8194,0.22602903842926025,0.08020246028900146,0.1458265781402588
8195,0.22490277886390686,0.0802326500415802,0.14467012882232666
8196,0.22417664527893066,0.08008795976638794,0.14408868551254272
8197,0.2224493771791458,0.08017858862876892,0.1422707885503769
8198,0.21931013464927673,0.08001640439033508,0.13929373025894165
8199,0.21615613996982574,0.08006967604160309,0.13608646392822266
8200,0.21509255468845367,0.07999849319458008,0.1350940614938736
8201,0.21712225675582886,0.07993361353874207,0.1371886432170868
8202,0.22112919390201569,0.07999119162559509,0.1411380022764206
8203,0.22469958662986755,0.07982360571622849,0.14487598836421967
8204,0.2262258529663086,0.07993394881486893,0.14629191160202026
8205,0.22609849274158478,0.07976524531841278,0.146333247423172
8206,0.22635558247566223,0.07981809973716736,0.14653748273849487
8207,0.22836452722549438,0.0797460675239563,0.14861845970153809
8208,0.23144806921482086,0.07969243824481964,0.15175563097000122
8209,0.23323650658130646,0.0797123908996582,0.15352411568164825
8210,0.23177379369735718,0.07961224019527435,0.15216155350208282
8211,0.22750237584114075,0.07962397485971451,0.14787839353084564
8212,0.22285747528076172,0.0795804113149643,0.14327706396579742
8213,0.22017398476600647,0.07949985563755035,0.14067412912845612
8214,0.21968775987625122,0.07955536991357803,0.1401323825120926
8215,0.219683438539505,0.0793977603316307,0.1402856856584549
8216,0.218533456325531,0.07948420196771622,0.1390492469072342
8217,0.2162894904613495,0.07935139536857605,0.13693809509277344
8218,0.2146238088607788,0.07936207205057144,0.13526172935962677
8219,0.21518827974796295,0.07934056222438812,0.13584771752357483
8220,0.218185156583786,0.07923378795385361,0.138951376080513
8221,0.2222743183374405,0.07931166887283325,0.14296264946460724
8222,0.22561015188694,0.07914282381534576,0.14646732807159424
8223,0.22725513577461243,0.07923305779695511,0.14802207052707672
8224,0.2274073362350464,0.07909754663705826,0.14830978214740753
8225,0.22730137407779694,0.07911945879459381,0.14818191528320312
8226,0.2278294712305069,0.07906448841094971,0.1487649828195572
8227,0.22895559668540955,0.07901506870985031,0.14994052052497864
8228,0.2294759601354599,0.07900911569595337,0.15046684443950653
8229,0.22792021930217743,0.07894377410411835,0.14897644519805908
8230,0.223993182182312,0.07892195880413055,0.14507122337818146
8231,0.21910928189754486,0.07889838516712189,0.14021089673042297
8232,0.21559008955955505,0.07882325351238251,0.13676683604717255
8233,0.21474432945251465,0.07884976267814636,0.1358945667743683
8234,0.21578620374202728,0.07874228060245514,0.13704392313957214
8235,0.21669161319732666,0.07877516001462936,0.1379164457321167
8236,0.2161562442779541,0.07868684083223343,0.13746939599514008
8237,0.2149350345134735,0.0786733403801918,0.1362617015838623
8238,0.21511036157608032,0.07864692062139511,0.13646343350410461
8239,0.21802808344364166,0.07856731116771698,0.13946077227592468
8240,0.22283528745174408,0.07860730588436127,0.1442279815673828
8241,0.2269798368215561,0.07847592234611511,0.14850391447544098
8242,0.2285439521074295,0.07854598760604858,0.14999796450138092
8243,0.22752919793128967,0.07840391248464584,0.14912529289722443
8244,0.22598673403263092,0.07845562696456909,0.14753110706806183
8245,0.22560523450374603,0.07835368812084198,0.14725154638290405
8246,0.22636595368385315,0.07835076004266739,0.14801520109176636
8247,0.22647438943386078,0.07831425964832306,0.14816012978553772
8248,0.22420287132263184,0.07825597375631332,0.1459469050168991
8249,0.21970047056674957,0.07825872302055359,0.14144174754619598
8250,0.2149534523487091,0.07818954437971115,0.13676390051841736
8251,0.21221178770065308,0.0781712755560875,0.13404050469398499
8252,0.21215882897377014,0.07814531773328781,0.13401351869106293
8253,0.21367964148521423,0.07807068526744843,0.1356089562177658
8254,0.21509280800819397,0.07809476554393768,0.1369980424642563
8255,0.21556253731250763,0.07798801362514496,0.13757452368736267
8256,0.215644970536232,0.07801245152950287,0.13763251900672913
8257,0.21659152209758759,0.07794728875160217,0.1386442333459854
8258,0.21922241151332855,0.07789702713489532,0.14132538437843323
8259,0.22315335273742676,0.07793013006448746,0.1452232152223587
8260,0.22680029273033142,0.07777893543243408,0.14902135729789734
8261,0.2286096215248108,0.07788807898759842,0.15072153508663177
8262,0.22781123220920563,0.07769791781902313,0.1501133143901825
8263,0.22546228766441345,0.07779082655906677,0.14767146110534668
8264,0.22320975363254547,0.07766786217689514,0.14554189145565033
8265,0.22220057249069214,0.07766181975603104,0.1445387601852417
8266,0.22183047235012054,0.07765471935272217,0.14417575299739838
8267,0.22037047147750854,0.07755406945943832,0.14281639456748962
8268,0.2168230265378952,0.07760106027126312,0.13922196626663208
8269,0.21218790113925934,0.07749474048614502,0.13469316065311432
8270,0.20899686217308044,0.0774940699338913,0.13150279223918915
8271,0.20909512042999268,0.07746892422437668,0.1316262036561966
8272,0.2119961380958557,0.07737606763839722,0.1346200704574585
8273,0.21535170078277588,0.07742862403392792,0.13792307674884796
8274,0.21705952286720276,0.07730188965797424,0.13975763320922852
8275,0.21713611483573914,0.07733283936977386,0.13980327546596527
8276,0.21745891869068146,0.07728026807308197,0.1401786506175995
8277,0.21980977058410645,0.077199786901474,0.14260998368263245
8278,0.2239551842212677,0.07727068662643433,0.14668449759483337
8279,0.22755926847457886,0.07708490639925003,0.15047435462474823
8280,0.22844018042087555,0.07721354067325592,0.15122663974761963
8281,0.22604602575302124,0.07702619582414627,0.14901983737945557
8282,0.22226253151893616,0.07709779590368271,0.14516472816467285
8283,0.2192089557647705,0.07700997591018677,0.14219897985458374
8284,0.2177862823009491,0.07696765661239624,0.14081862568855286
8285,0.21701577305793762,0.07698478549718857,0.14003098011016846
8286,0.2153560072183609,0.07687371969223022,0.13848228752613068
8287,0.21238243579864502,0.07691384851932526,0.13546858727931976
8288,0.2092135101556778,0.07682585716247559,0.1323876529932022
8289,0.20766787230968475,0.07680557668209076,0.130862295627594
8290,0.20878934860229492,0.07679378986358643,0.1319955587387085
8291,0.2121073454618454,0.076706662774086,0.1354006826877594
8292,0.2160230576992035,0.07673314958810806,0.13928990066051483
8293,0.2188750058412552,0.07664766907691956,0.14222733676433563
8294,0.22008538246154785,0.07663235813379288,0.14345301687717438
8295,0.22041019797325134,0.07661904394626617,0.14379115402698517
8296,0.22127532958984375,0.07651866227388382,0.14475667476654053
8297,0.22336392104625702,0.07658371329307556,0.14678020775318146
8298,0.22554989159107208,0.07642745971679688,0.1491224318742752
8299,0.22587203979492188,0.07651516795158386,0.149356871843338
8300,0.22288855910301208,0.07636815309524536,0.14652040600776672
8301,0.217691570520401,0.07641065865755081,0.1412809193134308
8302,0.21284592151641846,0.07632821053266525,0.1365177184343338
8303,0.21057459712028503,0.07630036026239395,0.13427422940731049
8304,0.2107505202293396,0.07629191875457764,0.13445860147476196
8305,0.21130339801311493,0.07620869576931,0.13509470224380493
8306,0.2104390412569046,0.07623587548732758,0.13420316576957703
8307,0.20850510895252228,0.0761415958404541,0.13236351311206818
8308,0.20773717761039734,0.07615155726671219,0.13158562779426575
8309,0.20998261868953705,0.07608920335769653,0.13389341533184052
8310,0.2148323357105255,0.07605957984924316,0.13877275586128235
8311,0.2198248952627182,0.07603524625301361,0.1437896490097046
8312,0.22244086861610413,0.07598051428794861,0.14646035432815552
8313,0.22219222784042358,0.07596360146999359,0.14622862637043
8314,0.2206970900297165,0.07592515647411346,0.14477193355560303
8315,0.2200137972831726,0.07586842775344849,0.14414536952972412
8316,0.22059133648872375,0.07588724046945572,0.14470410346984863
8317,0.22082552313804626,0.07576478272676468,0.145060732960701
8318,0.21897761523723602,0.07583701610565186,0.14314059913158417
8319,0.21466025710105896,0.07568114250898361,0.13897910714149475
8320,0.20964811742305756,0.07574997842311859,0.13389813899993896
8321,0.20623266696929932,0.07564164698123932,0.13059101998806
8322,0.2056373655796051,0.07563216239213943,0.13000521063804626
8323,0.2072465419769287,0.07562901079654694,0.13161753118038177
8324,0.2093975991010666,0.07551825046539307,0.13387934863567352
8325,0.21079769730567932,0.07559129595756531,0.135206401348114
8326,0.2113674134016037,0.0754387229681015,0.1359286904335022
8327,0.21217970550060272,0.07550308108329773,0.136676624417305
8328,0.21432027220726013,0.07539979368448257,0.13892047107219696
8329,0.21787604689598083,0.07538671791553497,0.14248932898044586
8330,0.22146260738372803,0.07537354528903961,0.14608906209468842
8331,0.22301585972309113,0.0752878487110138,0.14772801101207733
8332,0.221471905708313,0.07531197369098663,0.14615993201732635
8333,0.21768276393413544,0.07523699104785919,0.14244577288627625
8334,0.2139856368303299,0.07519973814487457,0.13878589868545532
8335,0.21215370297431946,0.07521692663431168,0.13693676888942719
8336,0.2117871642112732,0.07507922500371933,0.13670793175697327
8337,0.21098537743091583,0.07517535984516144,0.1358100175857544
8338,0.20833806693553925,0.07500666379928589,0.13333140313625336
8339,0.2047462910413742,0.07507352530956268,0.12967276573181152
8340,0.2027234137058258,0.0749908909201622,0.127732515335083
8341,0.20412831008434296,0.07493776082992554,0.12919054925441742
8342,0.20835289359092712,0.07498617470264435,0.13336671888828278
8343,0.21278679370880127,0.07482369989156723,0.13796308636665344
8344,0.21516035497188568,0.07493425905704498,0.1402260959148407
8345,0.215265691280365,0.07476304471492767,0.14050264656543732
8346,0.21501091122627258,0.07482395321130753,0.14018696546554565
8347,0.2160915732383728,0.07474272698163986,0.14134883880615234
8348,0.2184353470802307,0.0746990516781807,0.14373628795146942
8349,0.2200908362865448,0.07471354305744171,0.1453772932291031
8350,0.219035342335701,0.07461372017860413,0.14442162215709686
8351,0.21512331068515778,0.07463327050209045,0.14049004018306732
8352,0.21016985177993774,0.07457778602838516,0.13559207320213318
8353,0.20654770731925964,0.07451744377613068,0.13203026354312897
8354,0.20527447760105133,0.07455185055732727,0.13072262704372406
8355,0.2055545151233673,0.07441778481006622,0.1311367303133011
8356,0.20587998628616333,0.0744863897562027,0.13139359652996063
8357,0.2054131031036377,0.07436565309762955,0.13104744255542755
8358,0.20465606451034546,0.07437547296285629,0.13028058409690857
8359,0.20490029454231262,0.0743454322218895,0.13055485486984253
8360,0.20711880922317505,0.07425563782453537,0.13286317884922028
8361,0.21108420193195343,0.07431639730930328,0.13676780462265015
8362,0.2152496576309204,0.07416386902332306,0.14108578860759735
8363,0.21783888339996338,0.0742497518658638,0.14358913898468018
8364,0.21782824397087097,0.07410850375890732,0.14371974766254425
8365,0.2161114364862442,0.07414595782756805,0.14196547865867615
8366,0.21439531445503235,0.07407061755657196,0.1403246968984604
8367,0.21395011246204376,0.07404078543186188,0.13990932703018188
8368,0.21416205167770386,0.07402480393648148,0.14013725519180298
8369,0.213102787733078,0.07396146655082703,0.13914132118225098
8370,0.2095555067062378,0.07395755499601364,0.13559795916080475
8371,0.20451679825782776,0.07390496879816055,0.1306118369102478
8372,0.20075300335884094,0.0738692358136177,0.12688376009464264
8373,0.20034347474575043,0.07385416328907013,0.1264893114566803
8374,0.2028461992740631,0.0737823098897934,0.12906388938426971
8375,0.20582178235054016,0.07379224896430969,0.13202953338623047
8376,0.20714282989501953,0.07371226698160172,0.1334305703639984
8377,0.2069111168384552,0.0737089067697525,0.1332022100687027
8378,0.20710015296936035,0.07366573065519333,0.13343442976474762
8379,0.20945701003074646,0.07360856235027313,0.13584844768047333
8380,0.21366067230701447,0.07363387942314148,0.14002679288387299
8381,0.21739444136619568,0.07350748032331467,0.14388695359230042
8382,0.2185535579919815,0.07358437776565552,0.144969180226326
8383,0.21661995351314545,0.07342614233493805,0.1431938111782074
8384,0.21332818269729614,0.07349980622529984,0.1398283690214157
8385,0.21060192584991455,0.07338035851716995,0.137221559882164
8386,0.2092970907688141,0.07338932156562805,0.13590776920318604
8387,0.20856842398643494,0.07335865497589111,0.13520976901054382
8388,0.2070220708847046,0.07328307628631592,0.13373899459838867
8389,0.2041604220867157,0.0733177438378334,0.1308426856994629
8390,0.20090103149414062,0.07320865988731384,0.12769237160682678
8391,0.19898001849651337,0.07323247194290161,0.12574754655361176
8392,0.1995852142572403,0.07316939532756805,0.12641581892967224
8393,0.20249807834625244,0.07312198728322983,0.12937608361244202
8394,0.206234872341156,0.0731349065899849,0.1330999732017517
8395,0.2090301513671875,0.07303283363580704,0.13599732518196106
8396,0.21014374494552612,0.07306405901908875,0.13707968592643738
8397,0.21031132340431213,0.07299171388149261,0.13731960952281952
8398,0.21111437678337097,0.07294772565364838,0.1381666511297226
8399,0.21338772773742676,0.07297796756029129,0.14040976762771606
8400,0.2160291224718094,0.07282452285289764,0.14320459961891174
8401,0.21691936254501343,0.07293982803821564,0.1439795345067978
8402,0.21444447338581085,0.07274490594863892,0.14169956743717194
8403,0.20960161089897156,0.07284200936555862,0.13675960898399353
8404,0.20497149229049683,0.07272345572710037,0.13224804401397705
8405,0.2028069645166397,0.07270902395248413,0.13009794056415558
8406,0.20293021202087402,0.07271964102983475,0.13021057844161987
8407,0.20320695638656616,0.07259734719991684,0.13060961663722992
8408,0.20186451077461243,0.07267139852046967,0.12919311225414276
8409,0.19934684038162231,0.07253897935152054,0.12680785357952118
8410,0.19799132645130157,0.07256557047367096,0.12542575597763062
8411,0.19969528913497925,0.07251709699630737,0.12717819213867188
8412,0.20407560467720032,0.07244960218667984,0.13162599503993988
8413,0.20878908038139343,0.07248129695653915,0.13630779087543488
8414,0.21150751411914825,0.07237347960472107,0.13913403451442719
8415,0.2118207812309265,0.0723923072218895,0.13942846655845642
8416,0.211151123046875,0.0723467469215393,0.1388043761253357
8417,0.21126356720924377,0.07226737588644028,0.1389961838722229
8418,0.21252961456775665,0.07232825458049774,0.1402013599872589
8419,0.21354109048843384,0.07215874642133713,0.1413823366165161
8420,0.21267133951187134,0.07226919382810593,0.14040213823318481
8421,0.20922085642814636,0.0721011832356453,0.13711966574192047
8422,0.20443899929523468,0.07215818762779236,0.13228081166744232
8423,0.20029133558273315,0.07208330184221268,0.12820804119110107
8424,0.19831353425979614,0.07203633338212967,0.12627720832824707
8425,0.19853198528289795,0.07205900549888611,0.12647297978401184
8426,0.19970804452896118,0.07194558531045914,0.12776245176792145
8427,0.20043079555034637,0.07199761271476746,0.12843318283557892
8428,0.20025698840618134,0.07189138233661652,0.12836560606956482
8429,0.20014512538909912,0.07190194725990295,0.12824317812919617
8430,0.20157815515995026,0.07185104489326477,0.12972711026668549
8431,0.20518474280834198,0.07180607318878174,0.13337866961956024
8432,0.2098204791545868,0.07179702073335648,0.1380234658718109
8433,0.2131378948688507,0.07173652946949005,0.14140136539936066
8434,0.213471919298172,0.0717170238494873,0.1417548954486847
8435,0.21124163269996643,0.07168854027986526,0.13955308496952057
8436,0.20872682332992554,0.07161757349967957,0.13710924983024597
8437,0.207846537232399,0.07164597511291504,0.13620056211948395
8438,0.20817384123802185,0.0715251937508583,0.13664864003658295
8439,0.20757779479026794,0.07158584892749786,0.13599194586277008
8440,0.20430375635623932,0.07145614922046661,0.1328476071357727
8441,0.19924888014793396,0.0714997723698616,0.12774910032749176
8442,0.19516080617904663,0.07141280174255371,0.12374800443649292
8443,0.194320410490036,0.07139743864536285,0.12292296439409256
8444,0.19653098285198212,0.07138609886169434,0.12514488399028778
8445,0.1995667815208435,0.071296826004982,0.1282699555158615
8446,0.20135027170181274,0.07134521007537842,0.13000506162643433
8447,0.20163501799106598,0.07121546566486359,0.1304195523262024
8448,0.20195415616035461,0.0712701603770256,0.1306839883327484
8449,0.20378682017326355,0.07116469740867615,0.1326221227645874
8450,0.2072092890739441,0.07116980105638504,0.13603949546813965
8451,0.2107052206993103,0.0711306557059288,0.1395745724439621
8452,0.21237611770629883,0.07107237726449966,0.14130374789237976
8453,0.21136851608753204,0.07107803225517273,0.14029048383235931
8454,0.2083350569009781,0.07100574672222137,0.1373293101787567
8455,0.2049952745437622,0.07098649442195892,0.13400878012180328
8456,0.20273521542549133,0.070970818400383,0.13176439702510834
8457,0.20164917409420013,0.07087478041648865,0.1307743936777115
8458,0.20076298713684082,0.07093650847673416,0.12982648611068726
8459,0.19891619682312012,0.07078561931848526,0.12813058495521545
8460,0.19608670473098755,0.07086256891489029,0.12522414326667786
8461,0.1935669183731079,0.07074879109859467,0.12281811982393265
8462,0.19313201308250427,0.07074423879384995,0.12238778173923492
8463,0.19551534950733185,0.07074367254972458,0.12477167695760727
8464,0.1996123492717743,0.07062117010354996,0.12899117171764374
8465,0.20323312282562256,0.07071517407894135,0.1325179487466812
8466,0.2047596275806427,0.07053915411233902,0.13422048091888428
8467,0.20464660227298737,0.0706275999546051,0.13401900231838226
8468,0.20469819009304047,0.07050780951976776,0.1341903805732727
8469,0.20642730593681335,0.07050508260726929,0.13592222332954407
8470,0.20921607315540314,0.070492222905159,0.13872385025024414
8471,0.210730642080307,0.07040140777826309,0.1403292417526245
8472,0.20904642343521118,0.07043738663196564,0.13860903680324554
8473,0.20448356866836548,0.07034684717655182,0.13413672149181366
8474,0.19962120056152344,0.0703292116522789,0.12929199635982513
8475,0.19690975546836853,0.0703270360827446,0.12658272683620453
8476,0.19660940766334534,0.07021143287420273,0.1263979822397232
8477,0.19694814085960388,0.07029072195291519,0.1266574114561081
8478,0.19609831273555756,0.07013727724552155,0.125961035490036
8479,0.19407811760902405,0.07019974291324615,0.1238783672451973
8480,0.19257891178131104,0.07011616975069046,0.12246274948120117
8481,0.19332221150398254,0.07007282972335815,0.12324938923120499
8482,0.19650283455848694,0.07010575383901596,0.12639707326889038
8483,0.2006978988647461,0.06996222585439682,0.13073568046092987
8484,0.20412185788154602,0.07005702704191208,0.13406482338905334
8485,0.20570549368858337,0.06989670544862747,0.1358087807893753
8486,0.20583787560462952,0.06996097415685654,0.13587690889835358
8487,0.2055082619190216,0.06986629962921143,0.13564196228981018
8488,0.20575127005577087,0.06985022872686386,0.1359010487794876
8489,0.20654726028442383,0.06983383744955063,0.1367134302854538
8490,0.20686975121498108,0.06976372748613358,0.1371060162782669
8491,0.20538735389709473,0.06976991891860962,0.1356174349784851
8492,0.2015954852104187,0.06970908492803574,0.13188640773296356
8493,0.19672420620918274,0.06967485696077347,0.12704935669898987
8494,0.19300296902656555,0.06966860592365265,0.1233343556523323
8495,0.1919623613357544,0.06958022713661194,0.12238213419914246
8496,0.1931377351284027,0.06961565464735031,0.123522087931633
8497,0.19453167915344238,0.06951357424259186,0.12501810491085052
8498,0.19455374777317047,0.06953400373458862,0.12501974403858185
8499,0.19354267418384552,0.06946972012519836,0.12407295405864716
8500,0.19349586963653564,0.0694323182106018,0.12406354397535324
8501,0.19606930017471313,0.06943409889936447,0.12663519382476807
8502,0.20077961683273315,0.06933338195085526,0.1314462423324585
8503,0.2052878439426422,0.0693902000784874,0.13589763641357422
8504,0.20720642805099487,0.06925211101770401,0.13795432448387146
8505,0.20637904107570648,0.06932127475738525,0.13705776631832123
8506,0.20444944500923157,0.06919613480567932,0.13525331020355225
8507,0.2035251259803772,0.06922835856676102,0.13429675996303558
8508,0.20388883352279663,0.06916262209415436,0.13472621142864227
8509,0.20404255390167236,0.06912793219089508,0.13491462171077728
8510,0.2021895945072174,0.06912446767091751,0.1330651193857193
8511,0.198031485080719,0.06904364377260208,0.12898783385753632
8512,0.19326545298099518,0.06905458867549896,0.12421086430549622
8513,0.19010388851165771,0.06899130344390869,0.12111258506774902
8514,0.18960478901863098,0.0689588114619255,0.12064598500728607
8515,0.1910889744758606,0.06895570456981659,0.1221332773566246
8516,0.19298672676086426,0.06886449456214905,0.1241222396492958
8517,0.1941491812467575,0.06890290975570679,0.12524627149105072
8518,0.19456878304481506,0.06879978626966476,0.1257690042257309
8519,0.19525186717510223,0.0688079297542572,0.12644393742084503
8520,0.19727322459220886,0.06877411156892776,0.1284991055727005
8521,0.20079916715621948,0.06868688762187958,0.1321122795343399
8522,0.2047651708126068,0.06875721365213394,0.13600796461105347
8523,0.20719164609909058,0.0685838982462883,0.13860775530338287
8524,0.20693953335285187,0.0687011182308197,0.13823841512203217
8525,0.20428171753883362,0.06853380054235458,0.13574792444705963
8526,0.20124612748622894,0.06859098374843597,0.13265514373779297
8527,0.1995118260383606,0.06852401793003082,0.13098780810832977
8528,0.19910508394241333,0.06846656650304794,0.1306385099887848
8529,0.1983114778995514,0.06850187480449677,0.12980960309505463
8530,0.19546085596084595,0.06837963312864304,0.1270812302827835
8531,0.1909671425819397,0.06842551380395889,0.1225416362285614
8532,0.18724697828292847,0.06834147870540619,0.11890550702810287
8533,0.1866886019706726,0.06831073760986328,0.11837787181138992
8534,0.18943016231060028,0.06832241266965866,0.12110774964094162
8535,0.19330386817455292,0.06820930540561676,0.12509456276893616
8536,0.19586491584777832,0.06826668977737427,0.12759822607040405
8537,0.19644542038440704,0.06815722584724426,0.12828819453716278
8538,0.1965695321559906,0.06815525144338608,0.12841427326202393
8539,0.19816985726356506,0.06814605742692947,0.130023792386055
8540,0.20159265398979187,0.06802809983491898,0.1335645616054535
8541,0.2052331566810608,0.06812579184770584,0.13710737228393555
8542,0.20669493079185486,0.06794024258852005,0.1387546807527542
8543,0.2051343023777008,0.06805185973644257,0.13708244264125824
8544,0.20136399567127228,0.06790702044963837,0.1334569752216339
8545,0.19751885533332825,0.06793386489152908,0.12958499789237976
8546,0.19499211013317108,0.06789392232894897,0.1270981878042221
8547,0.19381755590438843,0.0678207278251648,0.12599682807922363
8548,0.19289453327655792,0.06785552203655243,0.1250390112400055
8549,0.19116422533988953,0.06774597615003586,0.12341824918985367
8550,0.18869110941886902,0.06777483224868774,0.12091626971960068
8551,0.18669235706329346,0.06770604103803635,0.11898630857467651
8552,0.18672144412994385,0.06767286360263824,0.1190485879778862
8553,0.18942707777023315,0.06766875833272934,0.12175831943750381
8554,0.1938614547252655,0.06758786737918854,0.12627358734607697
8555,0.19797474145889282,0.06760312616825104,0.13037161529064178
8556,0.20001168549060822,0.06753550469875336,0.13247618079185486
8557,0.19999787211418152,0.06750503182411194,0.13249284029006958
8558,0.19961297512054443,0.06750304251909256,0.13210992515087128
8559,0.20054593682289124,0.06740295886993408,0.13314297795295715
8560,0.20269645750522614,0.06746430695056915,0.13523215055465698
8561,0.2037874311208725,0.06732450425624847,0.13646292686462402
8562,0.20177772641181946,0.06739882379770279,0.13437891006469727
8563,0.19661206007003784,0.06727154552936554,0.1293405145406723
8564,0.19099441170692444,0.06730354577302933,0.12369085848331451
8565,0.18776798248291016,0.067236989736557,0.12053099274635315
8566,0.18767747282981873,0.06719887256622314,0.12047859281301498
8567,0.18895739316940308,0.06720644980669022,0.12175093591213226
8568,0.1893223226070404,0.06710666418075562,0.1222156509757042
8569,0.18825137615203857,0.06715168803930283,0.12109968811273575
8570,0.1873413473367691,0.06704308837652206,0.12029825896024704
8571,0.18863722681999207,0.06706497818231583,0.12157224118709564
8572,0.19253681600093842,0.0670042634010315,0.12553255259990692
8573,0.1974208652973175,0.06696764379739761,0.1304532289505005
8574,0.20097261667251587,0.06696172803640366,0.1340108960866928
8575,0.20185209810733795,0.06688760221004486,0.1349644958972931
8576,0.2005782425403595,0.06689038127660751,0.1336878538131714
8577,0.1987447291612625,0.06684233248233795,0.13190239667892456
8578,0.19764664769172668,0.06678953766822815,0.13085711002349854
8579,0.19725821912288666,0.06681883335113525,0.1304393857717514
8580,0.1963011920452118,0.06668711453676224,0.12961408495903015
8581,0.19374477863311768,0.06677628308534622,0.12696848809719086
8582,0.18959926068782806,0.0666188895702362,0.12298037111759186
8583,0.18542198836803436,0.06668251752853394,0.11873947083950043
8584,0.18319928646087646,0.06659922003746033,0.11660005897283554
8585,0.183977410197258,0.06655439734458923,0.11742301285266876
8586,0.18696585297584534,0.06659257411956787,0.12037327885627747
8587,0.19010725617408752,0.06644637882709503,0.12366087734699249
8588,0.1917838156223297,0.06654372066259384,0.12524008750915527
8589,0.19204817712306976,0.06639060378074646,0.1256575733423233
8590,0.19261088967323303,0.066440150141716,0.12617073953151703
8591,0.19496014714241028,0.06637261807918549,0.1285875290632248
8592,0.19877105951309204,0.06632240861654282,0.13244865834712982
8593,0.2017449587583542,0.0663461983203888,0.1353987604379654
8594,0.20145738124847412,0.0662408396601677,0.13521653413772583
8595,0.19776198267936707,0.06626875698566437,0.1314932256937027
8596,0.19294700026512146,0.06620961427688599,0.12673738598823547
8597,0.1897973120212555,0.06615199148654938,0.12364532053470612
8598,0.1890764981508255,0.0661974549293518,0.1228790432214737
8599,0.1890910267829895,0.06604767590761185,0.12304335832595825
8600,0.18778984248638153,0.06614457070827484,0.12164527177810669
8601,0.18489845097064972,0.06599800288677216,0.11890044808387756
8602,0.1823461651802063,0.06603022664785385,0.11631594598293304
8603,0.18233130872249603,0.06599120795726776,0.11634010076522827
8604,0.18532004952430725,0.06590210646390915,0.1194179430603981
8605,0.18975597620010376,0.06597398966550827,0.12378198653459549
8606,0.19340011477470398,0.06581181287765503,0.12758830189704895
8607,0.19512075185775757,0.06590742617845535,0.1292133331298828
8608,0.19523446261882782,0.06577104330062866,0.12946341931819916
8609,0.19515414535999298,0.0657995343208313,0.12935461103916168
8610,0.1957600712776184,0.0657494068145752,0.1300106644630432
8611,0.19689062237739563,0.06569400429725647,0.13119661808013916
8612,0.1973360925912857,0.06570802628993988,0.13162806630134583
8613,0.19575655460357666,0.06562314182519913,0.13013342022895813
8614,0.19190026819705963,0.06562937796115875,0.12627089023590088
8615,0.18701985478401184,0.0655868649482727,0.12143299728631973
8616,0.1833239048719406,0.06552808731794357,0.11779581755399704
8617,0.18228855729103088,0.0655522495508194,0.11673630774021149
8618,0.18348482251167297,0.06544426828622818,0.1180405467748642
8619,0.1850409060716629,0.06548701226711273,0.11955389380455017
8620,0.185340017080307,0.06539282202720642,0.11994720250368118
8621,0.18457570672035217,0.06538954377174377,0.1191861554980278
8622,0.18459957838058472,0.06536053866147995,0.11923903226852417
8623,0.18712499737739563,0.06528625637292862,0.12183874845504761
8624,0.19184893369674683,0.06532789021730423,0.1265210509300232
8625,0.19630661606788635,0.06520134955644608,0.13110527396202087
8626,0.19810785353183746,0.06527374684810638,0.13283410668373108
8627,0.19667761027812958,0.06513902544975281,0.13153858482837677
8628,0.1940208077430725,0.06518946588039398,0.12883134186267853
8629,0.19235733151435852,0.06510047614574432,0.1272568553686142
8630,0.1923452466726303,0.06508837640285492,0.1272568702697754
8631,0.1924145221710205,0.0650709792971611,0.1273435354232788
8632,0.19051478803157806,0.06499819457530975,0.1255165934562683
8633,0.18634146451950073,0.06501898169517517,0.12132247537374496
8634,0.18176400661468506,0.06493658572435379,0.11682742089033127
8635,0.17926564812660217,0.06493470817804337,0.1143309473991394
8636,0.17982496321201324,0.06489946693181992,0.11492549628019333
8637,0.18239471316337585,0.06483778357505798,0.11755692958831787
8638,0.18503549695014954,0.06485717743635178,0.12017831951379776
8639,0.18648570775985718,0.06475793570280075,0.12172777205705643
8640,0.18699508905410767,0.06478480994701385,0.12221028655767441
8641,0.18777605891227722,0.06471653282642365,0.12305951863527298
8642,0.18985891342163086,0.06467905640602112,0.12517985701560974
8643,0.19315321743488312,0.0647030919790268,0.12845012545585632
8644,0.1962607204914093,0.06456803530454636,0.13169267773628235
8645,0.19755545258522034,0.06467210501432419,0.13288334012031555
8646,0.19596005976200104,0.0644938200712204,0.13146623969078064
8647,0.192377507686615,0.06458617001771927,0.12779134511947632
8648,0.18872076272964478,0.06447184830904007,0.1242489144206047
8649,0.18672087788581848,0.06446278840303421,0.12225808203220367
8650,0.18627195060253143,0.0644666999578476,0.12180525064468384
8651,0.18569591641426086,0.06435583531856537,0.12134008854627609
8652,0.1834980547428131,0.06442192196846008,0.11907613277435303
8653,0.18001583218574524,0.06429938971996307,0.11571643501520157
8654,0.17751729488372803,0.06432276964187622,0.11319451779127121
8655,0.1781645566225052,0.06427872180938721,0.11388583481311798
8656,0.1819230616092682,0.06420833617448807,0.11771473288536072
8657,0.18650192022323608,0.0642494335770607,0.12225247919559479
8658,0.1893189698457718,0.06412835419178009,0.1251906156539917
8659,0.18974608182907104,0.06416862457990646,0.12557744979858398
8660,0.18936806917190552,0.06410320848226547,0.12526485323905945
8661,0.19034838676452637,0.06404676288366318,0.1263016164302826
8662,0.19315668940544128,0.06410008668899536,0.12905660271644592
8663,0.19588297605514526,0.06393704563379288,0.13194593787193298
8664,0.19619902968406677,0.06405869126319885,0.13214033842086792
8665,0.19314587116241455,0.06388148665428162,0.12926438450813293
8666,0.18837639689445496,0.06395559757947922,0.12442080676555634
8667,0.18424327671527863,0.06387103348970413,0.1203722432255745
8668,0.1822301149368286,0.06383159756660461,0.1183985099196434
8669,0.1818939745426178,0.06385578215122223,0.11803819984197617
8670,0.18170590698719025,0.06373938918113708,0.11796651780605316
8671,0.1806149035692215,0.06379736959934235,0.11681753396987915
8672,0.17894649505615234,0.0636902004480362,0.11525630205869675
8673,0.17809465527534485,0.06369920819997787,0.11439543962478638
8674,0.17931202054023743,0.063662588596344,0.11564943194389343
8675,0.18274778127670288,0.06359806656837463,0.11914970725774765
8676,0.18721899390220642,0.06361730396747589,0.12360169738531113
8677,0.19079871475696564,0.06353046000003815,0.1272682547569275
8678,0.1921532154083252,0.06353608518838882,0.12861712276935577
8679,0.1914992332458496,0.06349825114011765,0.12800098955631256
8680,0.19053207337856293,0.06343187391757965,0.12710019946098328
8681,0.1908036768436432,0.0634736493229866,0.12733003497123718
8682,0.19202452898025513,0.06334313005208969,0.12868140637874603
8683,0.1923292577266693,0.06342246383428574,0.12890678644180298
8684,0.18969471752643585,0.06328508257865906,0.1264096349477768
8685,0.18448518216609955,0.06333521753549576,0.12114996463060379
8686,0.17921322584152222,0.06324977427721024,0.11596344411373138
8687,0.1766982525587082,0.06323295086622238,0.11346530169248581
8688,0.17745639383792877,0.06322307884693146,0.11423331499099731
8689,0.17951011657714844,0.06313923001289368,0.11637087911367416
8690,0.18046844005584717,0.0631810650229454,0.11728738248348236
8691,0.1797560155391693,0.06306784600019455,0.11668816208839417
8692,0.17906421422958374,0.06310558319091797,0.11595862358808517
8693,0.18051859736442566,0.06302280724048615,0.11749579757452011
8694,0.184563547372818,0.06301027536392212,0.12155327945947647
8695,0.18938961625099182,0.06298915296792984,0.12640047073364258
8696,0.19246509671211243,0.06292452663183212,0.1295405626296997
8697,0.1926230490207672,0.06293448060750961,0.1296885758638382
8698,0.1906789243221283,0.06286901235580444,0.12780991196632385
8699,0.1885867714881897,0.06284882873296738,0.12573795020580292
8700,0.18762069940567017,0.06284115463495255,0.12477953732013702
8701,0.1873580813407898,0.06274775415658951,0.12461031973361969
8702,0.18639478087425232,0.06281115114688873,0.12358362227678299
8703,0.1835954487323761,0.062663234770298,0.1209322065114975
8704,0.1794808954000473,0.06274433434009552,0.11673656105995178
8705,0.17569079995155334,0.06262199580669403,0.11306880414485931
8706,0.17399480938911438,0.06263463199138641,0.11136016994714737
8707,0.1750302016735077,0.06261622905731201,0.11241398006677628
8708,0.177871972322464,0.0625157430768013,0.11535622924566269
8709,0.18068742752075195,0.06259465217590332,0.11809278279542923
8710,0.1821017563343048,0.06243516132235527,0.11966659873723984
8711,0.18239174783229828,0.06251749396324158,0.1198742538690567
8712,0.18303903937339783,0.06240491569042206,0.12063411623239517
8713,0.18541410565376282,0.06240309774875641,0.123011015355587
8714,0.18918240070343018,0.062392450869083405,0.12678995728492737
8715,0.19223907589912415,0.06230340525507927,0.12993566691875458
8716,0.19234523177146912,0.062347106635570526,0.129998117685318
8717,0.18910318613052368,0.06225180998444557,0.1268513798713684
8718,0.1846853494644165,0.06224870681762695,0.12243663519620895
8719,0.18177944421768188,0.06223887950181961,0.11954056471586227
8720,0.18113425374031067,0.06213266775012016,0.11900158226490021
8721,0.18114835023880005,0.062216684222221375,0.11893165856599808
8722,0.17962299287319183,0.06205116584897041,0.11757183074951172
8723,0.17624591290950775,0.06213807314634323,0.11410783976316452
8724,0.17295074462890625,0.06202832609415054,0.1109224185347557
8725,0.1722184270620346,0.062012623995542526,0.11020579934120178
8726,0.17473039031028748,0.06202906742691994,0.11270132660865784
8727,0.17886272072792053,0.06189851835370064,0.1169641986489296
8728,0.18229299783706665,0.061994507908821106,0.12029848247766495
8729,0.18381182849407196,0.06183464080095291,0.12197718769311905
8730,0.18410445749759674,0.0619051530957222,0.12219930440187454
8731,0.18457356095314026,0.06181284785270691,0.12276071310043335
8732,0.18619874119758606,0.06179459020495415,0.12440415471792221
8733,0.18846651911735535,0.061791591346263885,0.12667493522167206
8734,0.1898723840713501,0.06170869618654251,0.12816369533538818
8735,0.18907968699932098,0.06173473969101906,0.12734495103359222
8736,0.1858367621898651,0.06166206672787666,0.12417469173669815
8737,0.18139302730560303,0.061640553176403046,0.11975247412919998
8738,0.17764344811439514,0.06163739413022995,0.11600605398416519
8739,0.1758902370929718,0.0615396574139595,0.1143505796790123
8740,0.17587929964065552,0.06159726530313492,0.11428202688694
8741,0.17605580389499664,0.061472129076719284,0.11458367854356766
8742,0.17514142394065857,0.06151715666055679,0.11362427473068237
8743,0.17339545488357544,0.06143896281719208,0.11195649206638336
8744,0.17255383729934692,0.06141185760498047,0.11114197969436646
8745,0.17428827285766602,0.06141568720340729,0.11287258565425873
8746,0.17854073643684387,0.06131632253527641,0.11722441762685776
8747,0.1833016723394394,0.061376284807920456,0.12192539125680923
8748,0.18604718148708344,0.0612468458712101,0.12480033189058304
8749,0.1861160397529602,0.0613081231713295,0.1248079165816307
8750,0.18490156531333923,0.06120121106505394,0.123700350522995
8751,0.18467015027999878,0.0612202063202858,0.12344993650913239
8752,0.1860293447971344,0.06117083877325058,0.12485851347446442
8753,0.18748366832733154,0.061129339039325714,0.12635433673858643
8754,0.18673765659332275,0.06113291531801224,0.1256047487258911
8755,0.18288704752922058,0.061056651175022125,0.12183038890361786
8756,0.17758816480636597,0.06106283888220787,0.1165253221988678
8757,0.1735919713973999,0.06101320683956146,0.11257876455783844
8758,0.17239607870578766,0.06096987798810005,0.1114262044429779
8759,0.17321763932704926,0.06098080053925514,0.11223684251308441
8760,0.17415231466293335,0.06088218092918396,0.11327013373374939
8761,0.17403686046600342,0.0609278678894043,0.11310898512601852
8762,0.1732727289199829,0.060823678970336914,0.11244905740022659
8763,0.17331907153129578,0.060839973390102386,0.11247909814119339
8764,0.1753118932247162,0.060800522565841675,0.11451136320829391
8765,0.17906323075294495,0.06073249131441116,0.11833074688911438
8766,0.18322372436523438,0.06078704074025154,0.12243667989969254
8767,0.18607960641384125,0.06063688173890114,0.1254427284002304
8768,0.18684431910514832,0.06074155122041702,0.1261027753353119
8769,0.18572327494621277,0.06058533489704132,0.12513794004917145
8770,0.1841934621334076,0.060644976794719696,0.1235484853386879
8771,0.18348577618598938,0.06057557463645935,0.12291019409894943
8772,0.18364444375038147,0.06052834540605545,0.12311609089374542
8773,0.18323130905628204,0.06055893003940582,0.12267237901687622
8774,0.18066152930259705,0.06044367700815201,0.12021785974502563
8775,0.1760127693414688,0.06049046292901039,0.11552230268716812
8776,0.17126578092575073,0.06040911376476288,0.11085665971040726
8777,0.168952077627182,0.060380637645721436,0.10857143998146057
8778,0.1699339598417282,0.06039499491453171,0.1095389649271965
8779,0.17262017726898193,0.060278840363025665,0.11234134435653687
8780,0.1745045781135559,0.06035026162862778,0.11415431648492813
8781,0.1745244562625885,0.06022462248802185,0.11429984122514725
8782,0.17400424182415009,0.06025267019867897,0.11375156790018082
8783,0.1751488447189331,0.060218602418899536,0.11493024975061417
8784,0.17883405089378357,0.06013179197907448,0.11870226263999939
8785,0.1836688071489334,0.06021423265337944,0.12345457077026367
8786,0.18695318698883057,0.06003929674625397,0.1269138902425766
8787,0.18721342086791992,0.06015786528587341,0.1270555555820465
8788,0.18497800827026367,0.060003604739904404,0.12497439980506897
8789,0.18249276280403137,0.060047440230846405,0.12244533002376556
8790,0.1811651736497879,0.059999506920576096,0.12116566300392151
8791,0.18078702688217163,0.05993380397558212,0.1208532303571701
8792,0.1798967570066452,0.05997171998023987,0.11992503702640533
8793,0.1772715449333191,0.05986097455024719,0.1174105629324913
8794,0.17319747805595398,0.059894219040870667,0.11330326646566391
8795,0.1693202257156372,0.05982820317149162,0.10949201881885529
8796,0.16748639941215515,0.05979081243276596,0.10769559442996979
8797,0.1683373600244522,0.05980411544442177,0.10853324830532074
8798,0.17101852595806122,0.059703629463911057,0.11131490021944046
8799,0.17392733693122864,0.05974974110722542,0.11417759209871292
8800,0.17575499415397644,0.059656038880348206,0.11609895527362823
8801,0.1764214038848877,0.059657685458660126,0.11676371842622757
8802,0.17711372673511505,0.059638045728206635,0.11747568100690842
8803,0.17924538254737854,0.0595531091094017,0.11969227343797684
8804,0.18293331563472748,0.05961653217673302,0.12331678718328476
8805,0.18635712563991547,0.059474144130945206,0.12688298523426056
8806,0.18738558888435364,0.059559740126132965,0.12782584130764008
8807,0.18495139479637146,0.0594286173582077,0.12552277743816376
8808,0.18061217665672302,0.059468433260917664,0.12114373594522476
8809,0.1769140660762787,0.05940078943967819,0.1175132691860199
8810,0.17547018826007843,0.059370432049036026,0.1160997599363327
8811,0.17534317076206207,0.05936978757381439,0.11597338318824768
8812,0.17424188554286957,0.059286803007125854,0.11495508253574371
8813,0.17110797762870789,0.05931534990668297,0.11179263144731522
8814,0.16733169555664062,0.05922951549291611,0.10810217261314392
8815,0.16560211777687073,0.05923447012901306,0.10636764019727707
8816,0.1674257069826126,0.059195660054683685,0.10823004692792892
8817,0.1717880368232727,0.05914537236094475,0.11264266073703766
8818,0.17607848346233368,0.05915941670536995,0.11691906303167343
8819,0.17831489443778992,0.05907450616359711,0.11924038827419281
8820,0.1787165254354477,0.059092313051223755,0.11962421238422394
8821,0.17899641394615173,0.059038907289505005,0.11995751410722733
8822,0.18056148290634155,0.05899784341454506,0.12156364321708679
8823,0.18317517638206482,0.05902421846985817,0.12415096163749695
8824,0.1850142478942871,0.05890178307890892,0.1261124610900879
8825,0.18443557620048523,0.0589909665286541,0.12544460594654083
8826,0.18091748654842377,0.0588318333029747,0.12208565324544907
8827,0.17602762579917908,0.05891234427690506,0.11711528897285461
8828,0.1718209683895111,0.058805473148822784,0.11301550269126892
8829,0.1696828156709671,0.05879795551300049,0.11088486015796661
8830,0.16940493881702423,0.058800309896469116,0.11060462892055511
8831,0.16965077817440033,0.058689702302217484,0.11096107214689255
8832,0.16916298866271973,0.05876637250185013,0.110396608710289
8833,0.16793355345726013,0.05862909555435181,0.10930445045232773
8834,0.1674373894929886,0.05867833271622658,0.10875906050205231
8835,0.16929802298545837,0.05861426889896393,0.11068374663591385
8836,0.17367501556873322,0.058567848056554794,0.11510716378688812
8837,0.17879235744476318,0.0585978738963604,0.12019448727369308
8838,0.1820831000804901,0.058487892150878906,0.1235952153801918
8839,0.18227417767047882,0.05853408947587013,0.12374009191989899
8840,0.1803608387708664,0.05846190080046654,0.12189894169569016
8841,0.17882215976715088,0.05842477083206177,0.12039739638566971
8842,0.17907342314720154,0.05846073478460312,0.12061269581317902
8843,0.17984691262245178,0.05831626057624817,0.12153064459562302
8844,0.17872194945812225,0.05842851474881172,0.12029343098402023
8845,0.17445170879364014,0.05825427919626236,0.11619742214679718
8846,0.16875597834587097,0.05833280831575394,0.11042316257953644
8847,0.16470706462860107,0.05824834853410721,0.10645870864391327
8848,0.1642586886882782,0.05820538103580475,0.10605330020189285
8849,0.1666211187839508,0.05824924260377884,0.10837186872959137
8850,0.1692749559879303,0.05810580402612686,0.11116914451122284
8851,0.17044883966445923,0.05820118635892868,0.11224764585494995
8852,0.1704799085855484,0.058063194155693054,0.11241671442985535
8853,0.1711539626121521,0.05810048431158066,0.11305348575115204
8854,0.17367039620876312,0.05805446580052376,0.11561593413352966
8855,0.17761948704719543,0.05799604207277298,0.11962343752384186
8856,0.1811860352754593,0.05802783742547035,0.12315820157527924
8857,0.18244525790214539,0.057930830866098404,0.12451443076133728
8858,0.1808406561613083,0.05795437470078468,0.1228862851858139
8859,0.17739275097846985,0.05790529027581215,0.1194874569773674
8860,0.17399504780769348,0.057851605117321014,0.11614343523979187
8861,0.17193195223808289,0.05788867920637131,0.11404328048229218
8862,0.1710248589515686,0.05775909870862961,0.113265760242939
8863,0.17008310556411743,0.05783843249082565,0.11224467307329178
8864,0.16795308887958527,0.057709693908691406,0.11024339497089386
8865,0.1649436354637146,0.05774514377117157,0.10719849169254303
8866,0.16280241310596466,0.057692576199769974,0.10510984063148499
8867,0.16337163746356964,0.05763839930295944,0.1057332381606102
8868,0.1668802797794342,0.05767467990517616,0.10920560359954834
8869,0.17154759168624878,0.057554587721824646,0.11399300396442413
8870,0.17494703829288483,0.057625044137239456,0.11732199043035507
8871,0.17580047249794006,0.05750458687543869,0.11829587817192078
8872,0.1752188801765442,0.05754396319389343,0.11767491698265076
8873,0.1753106564283371,0.05747564509510994,0.11783500760793686
8874,0.17718836665153503,0.0574563667178154,0.11973199993371964
8875,0.1794888973236084,0.057446304708719254,0.12204259634017944
8876,0.1796097457408905,0.057378679513931274,0.12223107367753983
8877,0.17625074088573456,0.05739397928118706,0.1188567578792572
8878,0.1707298457622528,0.057326771318912506,0.1134030669927597
8879,0.16610826551914215,0.0573110431432724,0.10879722237586975
8880,0.16446460783481598,0.05729673430323601,0.10716786980628967
8881,0.16523921489715576,0.057220857590436935,0.10801835358142853
8882,0.16618376970291138,0.057260558009147644,0.10892321914434433
8883,0.1657394915819168,0.05714983865618706,0.10858964920043945
8884,0.1644803285598755,0.05719245225191116,0.10728786885738373
8885,0.16426540911197662,0.05711638927459717,0.10714901983737946
8886,0.16642114520072937,0.057095080614089966,0.1093260645866394
8887,0.1705695390701294,0.057106662541627884,0.11346288025379181
8888,0.17488746345043182,0.05699658393859863,0.11789087951183319
8889,0.17757652699947357,0.05708043649792671,0.12049609422683716
8890,0.1778225600719452,0.05692566931247711,0.12089689821004868
8891,0.17651982605457306,0.0570126511156559,0.11950717121362686
8892,0.17498233914375305,0.056900352239608765,0.11808198690414429
8893,0.17424707114696503,0.05690653994679451,0.11734053492546082
8894,0.17407390475273132,0.05689603090286255,0.11717786639928818
8895,0.17319604754447937,0.05680365860462189,0.11639238148927689
8896,0.17044112086296082,0.05686022341251373,0.11358090490102768
8897,0.166005939245224,0.05674619972705841,0.10925974696874619
8898,0.16186589002609253,0.05677188187837601,0.10509400069713593
8899,0.16023443639278412,0.05673205852508545,0.10350237786769867
8900,0.16174322366714478,0.05666189268231392,0.10508132725954056
8901,0.16489019989967346,0.05671437829732895,0.10817581415176392
8902,0.16728994250297546,0.056583769619464874,0.11070618033409119
8903,0.16778786480426788,0.05664742365479469,0.11114044487476349
8904,0.1674577295780182,0.05656188353896141,0.11089584976434708
8905,0.168573796749115,0.05653706192970276,0.11203672736883163
8906,0.17216072976589203,0.05656766518950462,0.1155930608510971
8907,0.17665301263332367,0.05642848461866379,0.12022452801465988
8908,0.17932917177677155,0.056544698774814606,0.12278447300195694
8909,0.17838424444198608,0.056366220116615295,0.12201801687479019
8910,0.1748904287815094,0.05646027624607086,0.11843015253543854
8911,0.17132271826267242,0.05635935813188553,0.1149633601307869
8912,0.16965502500534058,0.056340135633945465,0.11331489682197571
8913,0.1694452166557312,0.0563586987555027,0.1130865216255188
8914,0.1686812788248062,0.05624290928244591,0.11243836581707001
8915,0.16604626178741455,0.05631058290600777,0.10973568260669708
8916,0.1622350662946701,0.05619867518544197,0.10603639483451843
8917,0.15941449999809265,0.056212373077869415,0.10320213437080383
8918,0.1592901051044464,0.05618763715028763,0.10310247540473938
8919,0.16184745728969574,0.05611095204949379,0.10573650151491165
8920,0.16553142666816711,0.05615902692079544,0.10937239974737167
8921,0.16850078105926514,0.05604816600680351,0.11245261132717133
8922,0.169965460896492,0.056084152311086655,0.11388130486011505
8923,0.1704515516757965,0.0560288280248642,0.11442272365093231
8924,0.17123766243457794,0.05598213151097298,0.11525553464889526
8925,0.17318928241729736,0.05602081120014191,0.11716846376657486
8926,0.1758425384759903,0.05588897690176964,0.11995355784893036
8927,0.17765910923480988,0.05598381906747818,0.1216752901673317
8928,0.17676055431365967,0.05583620071411133,0.12092436105012894
8929,0.1730605959892273,0.05590143799781799,0.1171591654419899
8930,0.1681930422782898,0.055816493928432465,0.11237654089927673
8931,0.1646900475025177,0.05579926073551178,0.10889077931642532
8932,0.16366279125213623,0.05579733848571777,0.10786544531583786
8933,0.164037823677063,0.0557122603058815,0.10832556337118149
8934,0.1636756807565689,0.05575196072459221,0.1079237163066864
8935,0.16155989468097687,0.05565556138753891,0.10590433329343796
8936,0.15907427668571472,0.05567660182714462,0.1033976748585701
8937,0.1587647944688797,0.055624302476644516,0.10314048826694489
8938,0.16185353696346283,0.055592749267816544,0.10626079142093658
8939,0.16694927215576172,0.055593594908714294,0.11135567724704742
8940,0.17119786143302917,0.05552072823047638,0.1156771332025528
8941,0.17274126410484314,0.055541183799505234,0.11720007658004761
8942,0.17208489775657654,0.05547501519322395,0.11660987883806229
8943,0.1714874804019928,0.055459003895521164,0.11602847278118134
8944,0.17256948351860046,0.05545730143785477,0.1171121820807457
8945,0.17460982501506805,0.05536650866270065,0.1192433163523674
8946,0.17542067170143127,0.055434633046388626,0.11998604238033295
8947,0.17320024967193604,0.055292412638664246,0.11790783703327179
8948,0.16856735944747925,0.05537491664290428,0.11319243907928467
8949,0.16362549364566803,0.055254559963941574,0.10837093740701675
8950,0.16056929528713226,0.055277422070503235,0.10529187321662903
8951,0.15994702279567719,0.05524640157818794,0.10470062494277954
8952,0.16068099439144135,0.05517006292939186,0.10551093518733978
8953,0.1612318605184555,0.055226489901542664,0.10600537061691284
8954,0.1609143167734146,0.055094506591558456,0.10581981390714645
8955,0.16039437055587769,0.05516529828310013,0.10522907972335815
8956,0.16099916398525238,0.05506664514541626,0.10593251883983612
8957,0.16365894675254822,0.055067624896764755,0.10859132558107376
8958,0.1679900735616684,0.055059630423784256,0.11293044686317444
8959,0.17226198315620422,0.05497116595506668,0.11729082465171814
8960,0.1744961440563202,0.05502406507730484,0.11947208642959595
8961,0.17389249801635742,0.05492289364337921,0.11896960437297821
8962,0.17174071073532104,0.05493608117103577,0.11680462956428528
8963,0.17018991708755493,0.054919954389333725,0.11526995897293091
8964,0.17020022869110107,0.0548255480825901,0.11537467688322067
8965,0.17063088715076447,0.05491204559803009,0.11571884155273438
8966,0.16911330819129944,0.0547427162528038,0.11437058448791504
8967,0.16483278572559357,0.0548492930829525,0.10998349636793137
8968,0.15944184362888336,0.054718490689992905,0.10472334921360016
8969,0.15603946149349213,0.05473434925079346,0.10130511224269867
8970,0.15628144145011902,0.054727353155612946,0.10155409574508667
8971,0.15904346108436584,0.054620638489723206,0.10442282259464264
8972,0.1616613119840622,0.05470947548747063,0.10695183277130127
8973,0.16242800652980804,0.054555121809244156,0.10787288844585419
8974,0.16205951571464539,0.05463501811027527,0.10742449760437012
8975,0.16263429820537567,0.054543010890483856,0.10809128731489182
8976,0.16551843285560608,0.05452636256814003,0.11099206656217575
8977,0.16988970339298248,0.05453863367438316,0.11535107344388962
8978,0.1734474152326584,0.0544390007853508,0.11900841444730759
8979,0.1743488609790802,0.05449075251817703,0.11985810101032257
8980,0.17245984077453613,0.054402906447649,0.11805693060159683
8981,0.16938872635364532,0.054395996034145355,0.11499273031949997
8982,0.16691896319389343,0.054398324340581894,0.11252063512802124
8983,0.16567182540893555,0.05429369956254959,0.11137812584638596
8984,0.1649119257926941,0.05437421053647995,0.11053771525621414
8985,0.1632915586233139,0.05422678217291832,0.10906477272510529
8986,0.16035285592079163,0.05430108308792114,0.10605177283287048
8987,0.15690968930721283,0.05420627072453499,0.10270341485738754
8988,0.154694065451622,0.054197367280721664,0.10049669444561005
8989,0.15506301820278168,0.054199859499931335,0.10086315870285034
8990,0.15795224905014038,0.054102201014757156,0.10385004431009293
8991,0.16179248690605164,0.05416956543922424,0.10762292891740799
8992,0.16455546021461487,0.05404342710971832,0.11051204055547714
8993,0.16545163094997406,0.05410214513540268,0.11134948581457138
8994,0.16542193293571472,0.0540166012942791,0.11140532791614532
8995,0.166383758187294,0.05401400849223137,0.11236975342035294
8996,0.1691022515296936,0.053994644433259964,0.11510761082172394
8997,0.17227721214294434,0.05393551290035248,0.11834169924259186
8998,0.1734025627374649,0.053951606154441833,0.11945095658302307
8999,0.1709507405757904,0.05388178676366806,0.11706896126270294
9000,0.1661064773797989,0.05388057604432106,0.11222589761018753
9001,0.16176658868789673,0.05385227128863335,0.10791431367397308
9002,0.1599617451429367,0.053794946521520615,0.1061667948961258
9003,0.16012269258499146,0.053826119750738144,0.10629657655954361
9004,0.15994893014431,0.05371922627091408,0.10622970759868622
9005,0.15801844000816345,0.05377601459622383,0.10424242168664932
9006,0.15516400337219238,0.05367310345172882,0.10149090737104416
9007,0.15369057655334473,0.05369456857442856,0.09999600052833557
9008,0.1551462709903717,0.05365739017724991,0.1014888808131218
9009,0.15898695588111877,0.053597964346408844,0.10538898408412933
9010,0.1631932556629181,0.05364592745900154,0.10954732447862625
9011,0.16591531038284302,0.0535162128508091,0.11239910125732422
9012,0.1668713241815567,0.05360269919037819,0.11326862871646881
9013,0.16692809760570526,0.05347372218966484,0.11345437914133072
9014,0.16739538311958313,0.053519755601882935,0.1138756200671196
9015,0.16865622997283936,0.0534617155790329,0.11519450694322586
9016,0.17004285752773285,0.05341755971312523,0.11662530153989792
9017,0.17017029225826263,0.0534445084631443,0.11672578006982803
9018,0.16793428361415863,0.053341396152973175,0.11459288746118546
9019,0.16365468502044678,0.0533871203660965,0.11026755720376968
9020,0.15899646282196045,0.05331499129533768,0.10568147897720337
9021,0.15600454807281494,0.05328904092311859,0.10271550714969635
9022,0.15549993515014648,0.05330919474363327,0.10219073295593262
9023,0.15643444657325745,0.05319181829690933,0.10324263572692871
9024,0.15691383183002472,0.05327608063817024,0.10363775491714478
9025,0.15598388016223907,0.0531427338719368,0.10284114629030228
9026,0.15471643209457397,0.05318949744105339,0.10152693092823029
9027,0.1552383303642273,0.053144656121730804,0.10209368169307709
9028,0.15863893926143646,0.05307597666978836,0.1055629625916481
9029,0.1637251228094101,0.05314746871590614,0.11057765036821365
9030,0.16778230667114258,0.05298806354403496,0.11479424685239792
9031,0.16904787719249725,0.053102847188711166,0.11594503372907639
9032,0.16787782311439514,0.05295577645301819,0.11492204666137695
9033,0.1665768325328827,0.053004104644060135,0.11357273161411285
9034,0.1667335331439972,0.052958905696868896,0.1137746274471283
9035,0.16792893409729004,0.05289439857006073,0.11503452807664871
9036,0.16806413233280182,0.052942194044589996,0.11512193828821182
9037,0.16544781625270844,0.052826255559921265,0.11262156069278717
9038,0.16060826182365417,0.05287374556064606,0.10773450881242752
9039,0.1557929664850235,0.0528084859251976,0.1029844805598259
9040,0.15318602323532104,0.05277065932750702,0.10041535645723343
9041,0.15320581197738647,0.0528019517660141,0.10040386766195297
9042,0.15456809103488922,0.05268365889787674,0.10188443213701248
9043,0.15567933022975922,0.05275828018784523,0.10292105376720428
9044,0.15591159462928772,0.052647341042757034,0.10326425731182098
9045,0.1559244692325592,0.05266987904906273,0.10325459390878677
9046,0.15691745281219482,0.05264472961425781,0.10427272319793701
9047,0.15964476764202118,0.052567653357982635,0.10707711428403854
9048,0.16374720633029938,0.0526324100792408,0.11111479997634888
9049,0.16767171025276184,0.05249194800853729,0.11517976224422455
9050,0.16978460550308228,0.052581869065761566,0.11720272898674011
9051,0.16918794810771942,0.05245879292488098,0.11672915518283844
9052,0.16692587733268738,0.05249618738889694,0.11442969739437103
9053,0.1647675335407257,0.05244354158639908,0.11232399940490723
9054,0.16398827731609344,0.0524027980864048,0.11158547550439835
9055,0.16393566131591797,0.05241738259792328,0.11151827126741409
9056,0.16264718770980835,0.05233334004878998,0.11031384766101837
9057,0.1589297354221344,0.052362486720085144,0.10656724125146866
9058,0.15384945273399353,0.05229577422142029,0.10155367106199265
9059,0.1502326875925064,0.052283722907304764,0.09794896841049194
9060,0.15012626349925995,0.052272945642471313,0.09785331785678864
9061,0.15297088027000427,0.052205443382263184,0.10076544433832169
9062,0.15623785555362701,0.05223865434527397,0.10399919748306274
9063,0.15778541564941406,0.05214862897992134,0.10563678294420242
9064,0.15774448215961456,0.05217553302645683,0.10556894540786743
9065,0.15808652341365814,0.052121665328741074,0.10596486181020737
9066,0.16055446863174438,0.05208797752857208,0.1084664985537529
9067,0.1648477017879486,0.052110444754362106,0.1127372607588768
9068,0.16870932281017303,0.05200131610035896,0.11670800298452377
9069,0.1700863093137741,0.05208510160446167,0.11800120770931244
9070,0.1683659553527832,0.05194170027971268,0.11642426252365112
9071,0.16510431468486786,0.052019137889146805,0.11308517307043076
9072,0.1620844304561615,0.051919084042310715,0.11016535013914108
9073,0.16033422946929932,0.051918014883995056,0.10841620713472366
9074,0.15934185683727264,0.05191349983215332,0.10742835700511932
9075,0.15786758065223694,0.05182253196835518,0.10604505240917206
9076,0.15520113706588745,0.051885657012462616,0.10331548750400543
9077,0.15186838805675507,0.051771409809589386,0.10009697824716568
9078,0.14948023855686188,0.05181193724274635,0.09766829758882523
9079,0.14954765141010284,0.05176049843430519,0.09778714925050735
9080,0.15235434472560883,0.05171162635087967,0.10064271837472916
9081,0.15658891201019287,0.05174943804740906,0.10483946651220322
9082,0.1601208597421646,0.05163535848259926,0.10848550498485565
9083,0.16166198253631592,0.05169814079999924,0.10996383428573608
9084,0.16173985600471497,0.051613323390483856,0.1101265400648117
9085,0.16227655112743378,0.05159812048077583,0.11067843437194824
9086,0.164573073387146,0.0516219437122345,0.1129511296749115
9087,0.16765937209129333,0.05149351805448532,0.11616584658622742
9088,0.16910240054130554,0.051607295870780945,0.1174951121211052
9089,0.16681113839149475,0.051433369517326355,0.1153777688741684
9090,0.16162854433059692,0.05153065547347069,0.11009788513183594
9091,0.1563648283481598,0.05142868310213089,0.1049361526966095
9092,0.15367943048477173,0.05141187086701393,0.1022675558924675
9093,0.1536049246788025,0.051437124609947205,0.10216780006885529
9094,0.15399472415447235,0.05131491646170616,0.10267980396747589
9095,0.15294691920280457,0.0514039546251297,0.10154296457767487
9096,0.1507006138563156,0.05127644166350365,0.09942417591810226
9097,0.14940589666366577,0.05131673812866211,0.09808915853500366
9098,0.15095004439353943,0.05127479135990143,0.099675253033638
9099,0.1552080363035202,0.051213979721069336,0.10399405658245087
9100,0.16017097234725952,0.051260948181152344,0.10891002416610718
9101,0.16357219219207764,0.051150284707546234,0.112421914935112
9102,0.16459819674491882,0.0511985644698143,0.11339962482452393
9103,0.16400478780269623,0.051136910915374756,0.11286787688732147
9104,0.16331513226032257,0.05109933763742447,0.1122157946228981
9105,0.1634194403886795,0.05113626644015312,0.11228317767381668
9106,0.16379699110984802,0.051006995141506195,0.11278999596834183
9107,0.16315758228302002,0.051104836165905,0.11205273866653442
9108,0.16026151180267334,0.05096066743135452,0.10930084437131882
9109,0.15552809834480286,0.05102437362074852,0.10450372099876404
9110,0.15072153508663177,0.05095185339450836,0.09976968169212341
9111,0.14805276691913605,0.050921257585287094,0.09713151305913925
9112,0.14845381677150726,0.050942037254571915,0.09751177579164505
9113,0.15088149905204773,0.05083943158388138,0.10004206746816635
9114,0.15317127108573914,0.05090513080358505,0.10226613283157349
9115,0.15390557050704956,0.050796642899513245,0.10310892015695572
9116,0.15376706421375275,0.05083389952778816,0.10293316096067429
9117,0.15474165976047516,0.0507768876850605,0.10396477580070496
9118,0.15813122689723969,0.050749920308589935,0.10738130658864975
9119,0.1629200279712677,0.050754208117723465,0.11216581612825394
9120,0.16634733974933624,0.05068325996398926,0.11566407978534698
9121,0.1662289798259735,0.05070853978395462,0.11552044749259949
9122,0.1628415733575821,0.050644561648368835,0.11219701170921326
9123,0.15885406732559204,0.05063201114535332,0.10822205990552902
9124,0.1567057967185974,0.050626643002033234,0.10607916116714478
9125,0.15637047588825226,0.050547197461128235,0.10582327842712402
9126,0.15584000945091248,0.05060310661792755,0.10523689538240433
9127,0.15334250032901764,0.050482865422964096,0.10285963863134384
9128,0.1494249403476715,0.05054744333028793,0.09887749701738358
9129,0.1463630497455597,0.05045308545231819,0.0959099605679512
9130,0.1461867094039917,0.05045681446790695,0.09572988748550415
9131,0.14897015690803528,0.05044885352253914,0.09852129966020584
9132,0.15297825634479523,0.050362441688776016,0.10261581838130951
9133,0.156244158744812,0.050435904413461685,0.10580825805664062
9134,0.1578550785779953,0.05029866471886635,0.10755641013383865
9135,0.1584092527627945,0.050381407141685486,0.10802784562110901
9136,0.15898281335830688,0.05027592182159424,0.10870689898729324
9137,0.16041412949562073,0.0502859391272068,0.11012819409370422
9138,0.1623556911945343,0.05027427151799202,0.11208141595125198
9139,0.16342182457447052,0.050192058086395264,0.11322976648807526
9140,0.16213378310203552,0.050249963998794556,0.11188381910324097
9141,0.1581522822380066,0.05014366656541824,0.10800860822200775
9142,0.15309107303619385,0.05017439275979996,0.10291668772697449
9143,0.14936485886573792,0.050137583166360855,0.09922727197408676
9144,0.148368701338768,0.05007043853402138,0.09829826653003693
9145,0.14932486414909363,0.05013251304626465,0.09919235855340958
9146,0.1500571221113205,0.04999364912509918,0.10006347298622131
9147,0.14921578764915466,0.050081245601177216,0.09913454949855804
9148,0.147668719291687,0.04997476935386658,0.09769394248723984
9149,0.14777259528636932,0.049978774040937424,0.0977938249707222
9150,0.15095509588718414,0.049988262355327606,0.10096683353185654
9151,0.15612661838531494,0.0498742014169693,0.10625241696834564
9152,0.16054798662662506,0.04997967556118965,0.11056831479072571
9153,0.1619671732187271,0.0498148538172245,0.11215232312679291
9154,0.1607425957918167,0.04991144314408302,0.11083114892244339
9155,0.15890918672084808,0.04980780556797981,0.10910137742757797
9156,0.15844818949699402,0.04980219155550003,0.10864599049091339
9157,0.15913933515548706,0.049813162535429,0.10932616889476776
9158,0.15909117460250854,0.049711983650922775,0.10937918722629547
9159,0.15671288967132568,0.049780093133449554,0.10693279653787613
9160,0.15221577882766724,0.049674101173877716,0.10254167765378952
9161,0.14764092862606049,0.04969557002186775,0.09794536232948303
9162,0.14509981870651245,0.049669571220874786,0.09543024003505707
9163,0.145292729139328,0.04959726333618164,0.09569547325372696
9164,0.14724738895893097,0.04965453967452049,0.09759284555912018
9165,0.14932231605052948,0.04953635111451149,0.09978596121072769
9166,0.15049965679645538,0.049595531076192856,0.10090412199497223
9167,0.15092338621616364,0.049521300941705704,0.10140208899974823
9168,0.15169036388397217,0.04950213059782982,0.10218823701143265
9169,0.15390105545520782,0.04951930046081543,0.1043817549943924
9170,0.1575843095779419,0.049412619322538376,0.10817168653011322
9171,0.16138112545013428,0.04949692264199257,0.11188419908285141
9172,0.16307631134986877,0.0493607297539711,0.11371558159589767
9173,0.1617380529642105,0.04943440482020378,0.11230365186929703
9174,0.1582127809524536,0.04934157058596611,0.1088712066411972
9175,0.15495751798152924,0.049344226717948914,0.10561329126358032
9176,0.1535738706588745,0.04932871460914612,0.10424516350030899
9177,0.15353377163410187,0.04926183447241783,0.10427193343639374
9178,0.15270650386810303,0.04929925501346588,0.10340724140405655
9179,0.14961013197898865,0.049208663403987885,0.10040146112442017
9180,0.14529339969158173,0.049238141626119614,0.09605526179075241
9181,0.14255355298519135,0.049183111637830734,0.09337044507265091
9182,0.14337094128131866,0.04915871471166611,0.09421222656965256
9183,0.14708489179611206,0.04916533827781677,0.09791954606771469
9184,0.15110543370246887,0.0490885004401207,0.10201693326234818
9185,0.1532687246799469,0.049128975719213486,0.10413975268602371
9186,0.15352486073970795,0.04904518276453018,0.10447967797517776
9187,0.1537138819694519,0.04905787855386734,0.10465601086616516
9188,0.1555091142654419,0.04903271049261093,0.10647639632225037
9189,0.15874379873275757,0.04896871745586395,0.10977508872747421
9190,0.16164228320121765,0.04902712628245354,0.11261515319347382
9191,0.1621323972940445,0.04889386519789696,0.11323853582143784
9192,0.1598348170518875,0.04898962751030922,0.11084519326686859
9193,0.1557546854019165,0.04885612800717354,0.10689855366945267
9194,0.15191172063350677,0.0489041805267334,0.10300754010677338
9195,0.14958612620830536,0.04885384440422058,0.10073228180408478
9196,0.14876365661621094,0.048800379037857056,0.09996328502893448
9197,0.14830729365348816,0.0488506555557251,0.09945663064718246
9198,0.14702388644218445,0.04872741550207138,0.09829646348953247
9199,0.14487089216709137,0.04880443215370178,0.09606646001338959
9200,0.1431598961353302,0.04870404303073883,0.09445586055517197
9201,0.14365270733833313,0.04871232807636261,0.09494037181138992
9202,0.14698559045791626,0.04870660975575447,0.09827898442745209
9203,0.15184219181537628,0.04861899092793465,0.10322319716215134
9204,0.1557740569114685,0.04868672043085098,0.10708734393119812
9205,0.1570737510919571,0.048572342842817307,0.10850140452384949
9206,0.15638262033462524,0.04861215129494667,0.10777047276496887
9207,0.155922532081604,0.04857446253299713,0.10734806209802628
9208,0.15728133916854858,0.04850585758686066,0.10877548903226852
9209,0.1596982479095459,0.0485827699303627,0.1111154854297638
9210,0.16042383015155792,0.04842371866106987,0.11200011521577835
9211,0.15771082043647766,0.04854190722107887,0.10916891694068909
9212,0.1522509753704071,0.0483977310359478,0.103853240609169
9213,0.14709889888763428,0.048441749066114426,0.09865714609622955
9214,0.1446770429611206,0.048409972339868546,0.09626707434654236
9215,0.14498355984687805,0.04833349958062172,0.09665005654096603
9216,0.14599373936653137,0.04840633273124695,0.09758739918470383
9217,0.14585697650909424,0.048269934952259064,0.09758704155683517
9218,0.14463505148887634,0.04834848642349243,0.09628655761480331
9219,0.14396417140960693,0.04825644567608833,0.0957077294588089
9220,0.14544041454792023,0.04825222119688988,0.09718819707632065
9221,0.14916537702083588,0.04825681075453758,0.10090856999158859
9222,0.1537274420261383,0.048169538378715515,0.1055578961968422
9223,0.1572675108909607,0.04822652414441109,0.10904098302125931
9224,0.1585700809955597,0.04813246428966522,0.11043761670589447
9225,0.15784864127635956,0.04814981296658516,0.1096988245844841
9226,0.15634411573410034,0.048128046095371246,0.1082160696387291
9227,0.15542563796043396,0.04805570840835571,0.10736992955207825
9228,0.15546070039272308,0.04811885580420494,0.10734184086322784
9229,0.15521876513957977,0.04798736795783043,0.10723140090703964
9230,0.15317897498607635,0.04807304963469505,0.105105921626091
9231,0.1488116979598999,0.047959987074136734,0.10085171461105347
9232,0.14379215240478516,0.04798804223537445,0.0958041176199913
9233,0.14070463180541992,0.04795294255018234,0.09275169670581818
9234,0.14102552831172943,0.04789715260267258,0.09312837570905685
9235,0.14378485083580017,0.04793895035982132,0.09584589302539825
9236,0.14644697308540344,0.04783342033624649,0.09861355274915695
9237,0.14727117121219635,0.0478961355984211,0.09937503933906555
9238,0.14682066440582275,0.047801196575164795,0.09901946783065796
9239,0.14737261831760406,0.04782300814986229,0.09954961389303207
9240,0.1504293978214264,0.04778614267706871,0.10264325886964798
9241,0.15515395998954773,0.04774497449398041,0.10740897804498672
9242,0.1589009314775467,0.04776511713862419,0.1111358180642128
9243,0.1594228446483612,0.04768509790301323,0.11173775047063828
9244,0.15686476230621338,0.0477144792675972,0.10915028303861618
9245,0.15338265895843506,0.04765748977661133,0.10572517663240433
9246,0.15117618441581726,0.0476343110203743,0.10354188084602356
9247,0.1505487561225891,0.04765073210000992,0.10289803147315979
9248,0.14993691444396973,0.04755360260605812,0.1023833155632019
9249,0.147873193025589,0.04762832820415497,0.10024485737085342
9250,0.14431457221508026,0.0475006066262722,0.09681396186351776
9251,0.1408596932888031,0.04756293073296547,0.09329675883054733
9252,0.13931898772716522,0.047488465905189514,0.09183052182197571
9253,0.14046715199947357,0.047465745359659195,0.09300140291452408
9254,0.14360152184963226,0.047495286911726,0.09610623121261597
9255,0.1470911204814911,0.0473799854516983,0.09971112757921219
9256,0.14950287342071533,0.047474198043346405,0.10202867537736893
9257,0.15039223432540894,0.04733641818165779,0.10305581986904144
9258,0.15074557065963745,0.047401946038007736,0.10334362089633942
9259,0.15191799402236938,0.047333069145679474,0.10458491742610931
9260,0.1544887274503708,0.04730066657066345,0.10718806087970734
9261,0.15727268159389496,0.04733477532863617,0.10993790626525879
9262,0.15800362825393677,0.047226063907146454,0.11077756434679031
9263,0.15540823340415955,0.047292716801166534,0.10811552405357361
9264,0.15048477053642273,0.04720454663038254,0.10328023135662079
9265,0.146067813038826,0.04720037430524826,0.09886743873357773
9266,0.14424197375774384,0.04721233993768692,0.09702963382005692
9267,0.1445249319076538,0.04710414260625839,0.09742078930139542
9268,0.14463824033737183,0.04719848185777664,0.09743976593017578
9269,0.14289365708827972,0.04705425351858139,0.09583940356969833
9270,0.14007121324539185,0.04712603986263275,0.0929451659321785
9271,0.13863489031791687,0.047056909650564194,0.09157798439264297
9272,0.14036902785301208,0.04701964557170868,0.093349389731884
9273,0.14468321204185486,0.04706882685422897,0.09761439263820648
9274,0.1491788774728775,0.046934835612773895,0.10224404186010361
9275,0.1518290787935257,0.047040291130542755,0.10478878766298294
9276,0.15229493379592896,0.04690070450305939,0.10539423674345016
9277,0.15203550457954407,0.046958357095718384,0.10507714748382568
9278,0.15243765711784363,0.046903226524591446,0.10553443431854248
9279,0.15383651852607727,0.04686101898550987,0.1069755032658577
9280,0.1551360785961151,0.04689723625779152,0.1082388386130333
9281,0.15479996800422668,0.04679670184850693,0.10800325870513916
9282,0.15211528539657593,0.046848081052303314,0.10526719689369202
9283,0.1476753205060959,0.04677552357316017,0.10089979320764542
9284,0.14325475692749023,0.04676195979118347,0.09649278968572617
9285,0.14059747755527496,0.04677087441086769,0.09382659941911697
9286,0.14027035236358643,0.04668160527944565,0.09358874708414078
9287,0.1412961333990097,0.04674641415476799,0.09454972296953201
9288,0.14195922017097473,0.046638041734695435,0.0953211858868599
9289,0.14139032363891602,0.046682894229888916,0.0947074294090271
9290,0.1404392123222351,0.046623650938272476,0.09381555765867233
9291,0.14104005694389343,0.04659446328878403,0.09444560110569
9292,0.14434117078781128,0.04661694914102554,0.09772421419620514
9293,0.14933539927005768,0.046519022434949875,0.1028163805603981
9294,0.15353327989578247,0.046593427658081055,0.10693985968828201
9295,0.15480035543441772,0.046474263072013855,0.10832608491182327
9296,0.15351177752017975,0.046535465866327286,0.10697630792856216
9297,0.1517278403043747,0.04645368084311485,0.10527415573596954
9298,0.151481032371521,0.046453457325696945,0.10502757877111435
9299,0.1525212824344635,0.046443335711956024,0.10607794672250748
9300,0.15274757146835327,0.046377621591091156,0.10636995732784271
9301,0.15029002726078033,0.046416670083999634,0.1038733571767807
9302,0.1453815996646881,0.04633024334907532,0.09905136376619339
9303,0.1404239535331726,0.04635661095380783,0.09406734257936478
9304,0.13782715797424316,0.04631369933485985,0.09151346236467361
9305,0.13812494277954102,0.04627658799290657,0.09184835851192474
9306,0.13989585638046265,0.04630488529801369,0.09359097480773926
9307,0.14131338894367218,0.046205345541238785,0.0951080471277237
9308,0.1416882425546646,0.04626793786883354,0.09542030841112137
9309,0.14171317219734192,0.04617100954055786,0.09554216265678406
9310,0.14270542562007904,0.046189937740564346,0.0965154841542244
9311,0.14543642103672028,0.046173788607120514,0.09926263242959976
9312,0.14947091042995453,0.04609818011522293,0.1033727303147316
9313,0.15339863300323486,0.04617590084671974,0.10722272843122482
9314,0.15540918707847595,0.04602985829114914,0.10937933623790741
9315,0.1548762321472168,0.04613303020596504,0.10874319821596146
9316,0.15243585407733917,0.04600703716278076,0.10642881691455841
9317,0.15004011988639832,0.04603947326540947,0.10400065034627914
9318,0.1489761471748352,0.04601655155420303,0.10295960307121277
9319,0.14884331822395325,0.04594196379184723,0.10290135443210602
9320,0.14778152108192444,0.04601028561592102,0.10177122801542282
9321,0.14433526992797852,0.04588759317994118,0.09844767302274704
9322,0.13938526809215546,0.045948732644319534,0.09343653917312622
9323,0.13562193512916565,0.04588092863559723,0.08974101394414902
9324,0.13529673218727112,0.045850493013858795,0.08944624662399292
9325,0.1381562352180481,0.045887306332588196,0.0922689363360405
9326,0.14175255596637726,0.045771274715662,0.09598127752542496
9327,0.1437290608882904,0.045855067670345306,0.0978740006685257
9328,0.14382871985435486,0.04574572294950485,0.09808298945426941
9329,0.14397209882736206,0.04576772078871727,0.09820437431335449
9330,0.14610368013381958,0.045758914202451706,0.10034476220607758
9331,0.15019230544567108,0.04566850885748863,0.10452379286289215
9332,0.15426386892795563,0.04576064273715019,0.10850322246551514
9333,0.1558673232793808,0.045605532824993134,0.11026179045438766
9334,0.15440571308135986,0.045709796249866486,0.10869591683149338
9335,0.15093229711055756,0.04559268802404404,0.10533960908651352
9336,0.14760340750217438,0.0456133671104908,0.10199004411697388
9337,0.14556246995925903,0.04560120776295662,0.09996126592159271
9338,0.14454315602779388,0.04552190750837326,0.09902124851942062
9339,0.14334474503993988,0.04558409005403519,0.0977606549859047
9340,0.1410168558359146,0.04547334089875221,0.0955435112118721
9341,0.13785763084888458,0.04552120342850685,0.09233642369508743
9342,0.13529765605926514,0.045462094247341156,0.08983556181192398
9343,0.13500989973545074,0.0454365573823452,0.08957333862781525
9344,0.1376020908355713,0.04545721039175987,0.09214488416910172
9345,0.14197438955307007,0.04537031054496765,0.09660407900810242
9346,0.1459624469280243,0.04542195051908493,0.10054050385951996
9347,0.1478709727525711,0.045339081436395645,0.10253189504146576
9348,0.14794602990150452,0.045348815619945526,0.10259722173213959
9349,0.14805972576141357,0.045331716537475586,0.10272801667451859
9350,0.14987412095069885,0.045265935361385345,0.1046081930398941
9351,0.1530010998249054,0.045324549078941345,0.10767654329538345
9352,0.15480786561965942,0.04520518705248833,0.1096026748418808
9353,0.15313971042633057,0.04528673738241196,0.10785296559333801
9354,0.1480523645877838,0.04517270624637604,0.10287966579198837
9355,0.1424478441476822,0.04520978033542633,0.09723806381225586
9356,0.13917265832424164,0.0451638326048851,0.09400882571935654
9357,0.13882361352443695,0.0451231375336647,0.09370047599077225
9358,0.1394994854927063,0.045157257467508316,0.09434222429990768
9359,0.13899073004722595,0.04505745321512222,0.09393326938152313
9360,0.13706038892269135,0.04512069746851921,0.09193968772888184
9361,0.1355602741241455,0.04502692446112633,0.09053334593772888
9362,0.1365758329629898,0.04504971578717232,0.09152611345052719
9363,0.14043313264846802,0.04502122849225998,0.09541191160678864
9364,0.14547696709632874,0.04496916010975838,0.10050781071186066
9365,0.1494416743516922,0.045008864253759384,0.10443280637264252
9366,0.1509847640991211,0.04491204023361206,0.10607272386550903
9367,0.1505090594291687,0.04495706409215927,0.10555198788642883
9368,0.14941810071468353,0.044899120926856995,0.10451897978782654
9369,0.14897149801254272,0.04487122967839241,0.10410027205944061
9370,0.1492457538843155,0.04490699991583824,0.10433875024318695
9371,0.14892509579658508,0.04478789120912552,0.10413720458745956
9372,0.1466957926750183,0.04488730430603027,0.10180849581956863
9373,0.1422017365694046,0.04474277421832085,0.09745896607637405
9374,0.13708309829235077,0.04481283947825432,0.09227025508880615
9375,0.1337679624557495,0.04474787414073944,0.08902008831501007
9376,0.133768230676651,0.04470916464924812,0.08905906230211258
9377,0.13636013865470886,0.044762253761291504,0.09159788489341736
9378,0.1391865760087967,0.044631361961364746,0.09455521404743195
9379,0.14037519693374634,0.044731657952070236,0.0956435352563858
9380,0.14015799760818481,0.04460497573018074,0.09555302560329437
9381,0.14066088199615479,0.04464732110500336,0.09601356834173203
9382,0.14358150959014893,0.044615473598241806,0.09896603226661682
9383,0.14834578335285187,0.044551651924848557,0.10379413515329361
9384,0.15227010846138,0.044613756239414215,0.10765634477138519
9385,0.15273018181324005,0.04449688270688057,0.10823329538106918
9386,0.1496465802192688,0.04455510526895523,0.10509148240089417
9387,0.14537087082862854,0.044493742287158966,0.10087712854146957
9388,0.14261236786842346,0.044457875192165375,0.09815450012683868
9389,0.14194563031196594,0.04450497403740883,0.09744065254926682
9390,0.1416034996509552,0.04437590390443802,0.09722759574651718
9391,0.13972443342208862,0.04447764530777931,0.09524678438901901
9392,0.1362047642469406,0.04434556886553764,0.09185919910669327
9393,0.13297836482524872,0.04439428076148033,0.08858408033847809
9394,0.13216698169708252,0.04435627534985542,0.0878107026219368
9395,0.1343824714422226,0.04429489001631737,0.09008757770061493
9396,0.1384107917547226,0.044360432773828506,0.09405035525560379
9397,0.14224697649478912,0.04422921687364578,0.09801775962114334
9398,0.1445683240890503,0.04432009533047676,0.10024823248386383
9399,0.1452462375164032,0.04421038180589676,0.10103585571050644
9400,0.1454186737537384,0.04423953592777252,0.10117913782596588
9401,0.14620524644851685,0.04421260952949524,0.1019926369190216
9402,0.14790970087051392,0.0441569983959198,0.10375270992517471
9403,0.14940360188484192,0.044196996837854385,0.10520660132169724
9404,0.14881186187267303,0.04410551115870476,0.10470635443925858
9405,0.1452435851097107,0.044142916798591614,0.10110066831111908
9406,0.13984233140945435,0.04408861696720123,0.09575370699167252
9407,0.13536861538887024,0.04406358301639557,0.09130503982305527
9408,0.13389265537261963,0.0440826378762722,0.08981001377105713
9409,0.13500921428203583,0.043995995074510574,0.09101322293281555
9410,0.136387899518013,0.04405485838651657,0.09233304113149643
9411,0.1360885202884674,0.043956026434898376,0.09213250130414963
9412,0.1345498114824295,0.04399166628718376,0.09055814892053604
9413,0.13413771986961365,0.04394378885626793,0.09019393473863602
9414,0.136769637465477,0.043909814208745956,0.09285981953144073
9415,0.14187756180763245,0.04394429177045822,0.09793326258659363
9416,0.1466972976922989,0.043841734528541565,0.10285556316375732
9417,0.1488076150417328,0.043921083211898804,0.10488652437925339
9418,0.1478157639503479,0.04380207508802414,0.10401368886232376
9419,0.14575356245040894,0.04385935515165329,0.10189420729875565
9420,0.14459702372550964,0.04379039630293846,0.10080663114786148
9421,0.14479254186153412,0.043774981051683426,0.10101756453514099
9422,0.1448776125907898,0.043789271265268326,0.10108833760023117
9423,0.1430923044681549,0.04370098188519478,0.09939131885766983
9424,0.1391579508781433,0.043760620057582855,0.09539733827114105
9425,0.1345415711402893,0.04366730898618698,0.09087426215410233
9426,0.1314283311367035,0.0436910055577755,0.0877373218536377
9427,0.13104099035263062,0.04366600885987282,0.0873749777674675
9428,0.1329767107963562,0.04360680654644966,0.08936990052461624
9429,0.13568717241287231,0.04365997388958931,0.0920272022485733
9430,0.13760730624198914,0.04354604333639145,0.09406125545501709
9431,0.13829120993614197,0.04361294209957123,0.09467826038599014
9432,0.13864868879318237,0.043535493314266205,0.09511318802833557
9433,0.14021821320056915,0.043524425476789474,0.09669378399848938
9434,0.14364898204803467,0.04355244338512421,0.10009653121232986
9435,0.14767268300056458,0.04343671724200249,0.10423596203327179
9436,0.15000399947166443,0.04354282468557358,0.10646116733551025
9437,0.14884419739246368,0.043390464037656784,0.1054537296295166
9438,0.1450372040271759,0.043476276099681854,0.10156092792749405
9439,0.14106744527816772,0.04339298605918884,0.09767446666955948
9440,0.13921162486076355,0.04337472468614578,0.09583689272403717
9441,0.13923409581184387,0.04340803623199463,0.09582605212926865
9442,0.13886427879333496,0.04329383373260498,0.09557044506072998
9443,0.13630202412605286,0.0433809757232666,0.09292105585336685
9444,0.13217242062091827,0.043266840279102325,0.08890558034181595
9445,0.12922903895378113,0.0432991124689579,0.08592993021011353
9446,0.1297311633825302,0.043277256190776825,0.08645390719175339
9447,0.13340803980827332,0.04320796579122543,0.09020007401704788
9448,0.13782629370689392,0.04327351972460747,0.09455277025699615
9449,0.14056290686130524,0.04315553978085518,0.09740737080574036
9450,0.14122053980827332,0.04321826994419098,0.09800226241350174
9451,0.14125189185142517,0.04315299168229103,0.09809889644384384
9452,0.14241743087768555,0.04312523826956749,0.09929219633340836
9453,0.14505475759506226,0.043167032301425934,0.10188773274421692
9454,0.1477077305316925,0.04304390028119087,0.10466383397579193
9455,0.1485545039176941,0.04314756393432617,0.10540693998336792
9456,0.1464543491601944,0.043009769171476364,0.10344458371400833
9457,0.1422715038061142,0.0430765226483345,0.0991949811577797
9458,0.13780902326107025,0.043010883033275604,0.09479814022779465
9459,0.13492628931999207,0.042983610183000565,0.0919426828622818
9460,0.1340901255607605,0.04301239922642708,0.09107773005962372
9461,0.13425832986831665,0.04291310906410217,0.09134521335363388
9462,0.13385236263275146,0.04298078268766403,0.09087157994508743
9463,0.13220730423927307,0.04288544878363609,0.08932185173034668
9464,0.13044971227645874,0.042911969125270844,0.0875377506017685
9465,0.13063934445381165,0.04288171976804733,0.08775763213634491
9466,0.133884996175766,0.04283653572201729,0.0910484567284584
9467,0.13906903564929962,0.042867496609687805,0.09620153903961182
9468,0.1434728056192398,0.042784009128808975,0.10068879276514053
9469,0.14502398669719696,0.04282280057668686,0.1022011861205101
9470,0.1439894139766693,0.04276174679398537,0.10122767090797424
9471,0.14278751611709595,0.042750053107738495,0.10003745555877686
9472,0.1434728503227234,0.042760711163282394,0.10071214288473129
9473,0.14549225568771362,0.04267726466059685,0.10281499475240707
9474,0.14632375538349152,0.042748529464006424,0.10357522964477539
9475,0.14370524883270264,0.04262720048427582,0.10107804089784622
9476,0.1383342444896698,0.04269702360033989,0.09563722461462021
9477,0.1329936683177948,0.04260777309536934,0.09038589894771576
9478,0.13037878274917603,0.0426161028444767,0.08776267617940903
9479,0.13076598942279816,0.04261123016476631,0.08815475553274155
9480,0.13228687644004822,0.042536087334156036,0.08975078165531158
9481,0.1329464465379715,0.042602282017469406,0.09034416079521179
9482,0.13237275183200836,0.0424872487783432,0.08988550305366516
9483,0.13191229104995728,0.042550623416900635,0.08936166018247604
9484,0.13313645124435425,0.04247647151350975,0.0906599760055542
9485,0.13651064038276672,0.04246886074542999,0.09404178708791733
9486,0.1409878432750702,0.04247807711362839,0.0985097736120224
9487,0.14469727873802185,0.04239436984062195,0.1023029088973999
9488,0.14615805447101593,0.042455099523067474,0.10370295494794846
9489,0.14510475099086761,0.042360540479421616,0.1027442142367363
9490,0.14286774396896362,0.042386364191770554,0.10048137605190277
9491,0.14121629297733307,0.04236859455704689,0.09884769469499588
9492,0.1408621072769165,0.0422956645488739,0.0985664427280426
9493,0.1408376395702362,0.042373787611722946,0.09846384823322296
9494,0.13913607597351074,0.04223151132464409,0.09690456837415695
9495,0.13505519926548004,0.04233026131987572,0.09272494167089462
9496,0.13004951179027557,0.04221945255994797,0.0878300592303276
9497,0.12698766589164734,0.042237959802150726,0.08474970608949661
9498,0.127577006816864,0.04223909229040146,0.08533790707588196
9499,0.1308373212814331,0.04214468598365784,0.08869263529777527
9500,0.13402053713798523,0.04223687946796417,0.09178365021944046
9501,0.13510990142822266,0.042096495628356934,0.09301339834928513
9502,0.1346745491027832,0.04217744991183281,0.0924970954656601
9503,0.13500463962554932,0.04209766909480095,0.09290696680545807
9504,0.13781969249248505,0.042084161192178726,0.09573552757501602
9505,0.14235681295394897,0.04210898280143738,0.100247822701931
9506,0.14596816897392273,0.042009804397821426,0.1039583683013916
9507,0.1464492678642273,0.04208054393529892,0.10436871647834778
9508,0.1437513530254364,0.04198523983359337,0.10176610946655273
9509,0.1400451958179474,0.042002953588962555,0.09804224967956543
9510,0.1375255584716797,0.04199647158384323,0.09552907943725586
9511,0.13664287328720093,0.0419141985476017,0.09472867101430893
9512,0.13614152371883392,0.04199589416384697,0.09414562582969666
9513,0.13442552089691162,0.041861724108457565,0.09256379306316376
9514,0.13130372762680054,0.041943199932575226,0.08936053514480591
9515,0.1280180662870407,0.0418553464114666,0.08616271615028381
9516,0.12637922167778015,0.04185328632593155,0.084525927901268
9517,0.12738929688930511,0.04186379909515381,0.0855254977941513
9518,0.13058915734291077,0.04177314415574074,0.08881601691246033
9519,0.13438326120376587,0.04185022413730621,0.09253303706645966
9520,0.1370246410369873,0.04173225536942482,0.09529238194227219
9521,0.13794635236263275,0.041795507073402405,0.09615084528923035
9522,0.13800430297851562,0.04172492399811745,0.09627937525510788
9523,0.1389281153678894,0.04171677306294441,0.0972113385796547
9524,0.14144663512706757,0.04172005504369736,0.09972658008337021
9525,0.14439675211906433,0.04165158048272133,0.1027451753616333
9526,0.14538846909999847,0.0416925884783268,0.10369588434696198
9527,0.14283965528011322,0.04161678999662399,0.10122286528348923
9528,0.13783027231693268,0.04163409024477005,0.09619618207216263
9529,0.1332882195711136,0.04160834476351738,0.0916798785328865
9530,0.13143758475780487,0.0415610671043396,0.08987651765346527
9531,0.13182494044303894,0.04160133749246597,0.09022361040115356
9532,0.13198864459991455,0.04150283709168434,0.09048581123352051
9533,0.13021603226661682,0.04156471788883209,0.08865131437778473
9534,0.1272697150707245,0.04147301986813545,0.08579669892787933
9535,0.12569184601306915,0.04149604216217995,0.08419580012559891
9536,0.12728261947631836,0.04147149622440338,0.08581113070249557
9537,0.13146689534187317,0.04141850769519806,0.0900483950972557
9538,0.1359441876411438,0.04147157818078995,0.09447261691093445
9539,0.13862717151641846,0.041358690708875656,0.0972684770822525
9540,0.13931319117546082,0.04143884778022766,0.09787434339523315
9541,0.139164999127388,0.04133281484246254,0.09783218801021576
9542,0.13970042765140533,0.04136832430958748,0.09833209961652756
9543,0.14119590818881989,0.04133464768528938,0.0998612642288208
9544,0.14272144436836243,0.041286155581474304,0.10143528133630753
9545,0.14277486503124237,0.04133034497499466,0.10144452005624771
9546,0.14036519825458527,0.04123098775744438,0.09913421422243118
9547,0.13600239157676697,0.04128553718328476,0.0947168618440628
9548,0.13139954209327698,0.04122002422809601,0.09017951041460037
9549,0.12850941717624664,0.041204147040843964,0.08730527013540268
9550,0.12804511189460754,0.041228748857975006,0.08681635558605194
9551,0.1289394199848175,0.041125450283288956,0.08781397342681885
9552,0.12934806942939758,0.04121078550815582,0.08813727647066116
9553,0.12834174931049347,0.04109093174338341,0.08725082129240036
9554,0.12697762250900269,0.04114091023802757,0.08583670854568481
9555,0.12739881873130798,0.04110097512602806,0.08629784733057022
9556,0.130776509642601,0.041047658771276474,0.08972885459661484
9557,0.1359614133834839,0.041114360094070435,0.09484706073999405
9558,0.14016811549663544,0.040979642421007156,0.09918847680091858
9559,0.14151637256145477,0.04108520224690437,0.1004311665892601
9560,0.14034222066402435,0.04096032679080963,0.09938189387321472
9561,0.13907380402088165,0.041003551334142685,0.09807024896144867
9562,0.13943013548851013,0.04097411781549454,0.098456010222435
9563,0.1409759223461151,0.040912434458732605,0.10006348043680191
9564,0.14144663512706757,0.04097213223576546,0.10047450661659241
9565,0.1389584094285965,0.040860988199710846,0.09809742122888565
9566,0.13401451706886292,0.04092033952474594,0.09309418499469757
9567,0.12899863719940186,0.04085740074515343,0.08814124017953873
9568,0.12625722587108612,0.04083480313420296,0.08542241901159286
9569,0.126209557056427,0.04086713120341301,0.0853424221277237
9570,0.12745389342308044,0.04076278582215309,0.08669111132621765
9571,0.12832438945770264,0.04084192216396332,0.08748247474431992
9572,0.12823231518268585,0.0407353900372982,0.08749692887067795
9573,0.12794844806194305,0.04077024385333061,0.08717820048332214
9574,0.12877096235752106,0.040741533041000366,0.08802942931652069
9575,0.13149264454841614,0.0406855009496212,0.09080714732408524
9576,0.1357300877571106,0.04074488580226898,0.09498520195484161
9577,0.1398870050907135,0.04062724858522415,0.09925975650548935
9578,0.1422855257987976,0.04071274772286415,0.10157277435064316
9579,0.1420065462589264,0.040605492889881134,0.10140104591846466
9580,0.14008814096450806,0.04064187407493591,0.09944626688957214
9581,0.1383255422115326,0.04060298204421997,0.09772255271673203
9582,0.13800138235092163,0.0405636690557003,0.09743770956993103
9583,0.1383695900440216,0.04059393331408501,0.0977756604552269
9584,0.1372813880443573,0.0405111089348793,0.096770279109478
9585,0.13343235850334167,0.04055534675717354,0.09287700802087784
9586,0.12794636189937592,0.040490422397851944,0.08745593577623367
9587,0.12383421510457993,0.04048847407102585,0.08334574103355408
9588,0.12328381091356277,0.04048505425453186,0.08279875665903091
9589,0.12574149668216705,0.04042220115661621,0.08531929552555084
9590,0.12859563529491425,0.040468182414770126,0.08812745660543442
9591,0.12969045341014862,0.04037748649716377,0.08931296318769455
9592,0.1292724758386612,0.04041977971792221,0.08885269612073898
9593,0.12946417927742004,0.040363460779190063,0.08910071104764938
9594,0.13204193115234375,0.04034692049026489,0.09169501066207886
9595,0.1366354525089264,0.04036878049373627,0.09626667946577072
9596,0.14096224308013916,0.040276311337947845,0.10068593174219131
9597,0.1429673433303833,0.04035697877407074,0.10261037200689316
9598,0.14198839664459229,0.040232133120298386,0.1017562672495842
9599,0.13943926990032196,0.040304120630025864,0.0991351529955864
9600,0.1369638442993164,0.040224090218544006,0.0967397466301918
9601,0.13557268679141998,0.04022064059972763,0.09535204619169235
9602,0.134785458445549,0.04023268446326256,0.09455277025699615
9603,0.1333470195531845,0.040144938975572586,0.09320208430290222
9604,0.1304212063550949,0.040215205401182175,0.09020599722862244
9605,0.12639519572257996,0.04011198878288269,0.08628319948911667
9606,0.12300651520490646,0.04015175253152847,0.08285476267337799
9607,0.12211816012859344,0.04011664167046547,0.08200151473283768
9608,0.12430335581302643,0.04006805270910263,0.0842353031039238
9609,0.12823081016540527,0.04011910408735275,0.08811169862747192
9610,0.13155877590179443,0.040008172392845154,0.09155060350894928
9611,0.13289082050323486,0.04008016362786293,0.09281066060066223
9612,0.1328936070203781,0.03999808430671692,0.0928955227136612
9613,0.13375332951545715,0.03999647870659828,0.09375685453414917
9614,0.1368563175201416,0.040018483996391296,0.09683782607316971
9615,0.14104416966438293,0.039911702275276184,0.10113246738910675
9616,0.14355430006980896,0.040016353130340576,0.10353795439004898
9617,0.1421036273241043,0.03986869379878044,0.10223493725061417
9618,0.1375647932291031,0.0399555079638958,0.09760928153991699
9619,0.1327371597290039,0.039872925728559494,0.09286423772573471
9620,0.13019487261772156,0.039859339594841,0.09033553302288055
9621,0.1298447847366333,0.039889607578516006,0.089955173432827
9622,0.12953272461891174,0.039783209562301636,0.08974950760602951
9623,0.12750497460365295,0.03986791521310806,0.08763705939054489
9624,0.12419678270816803,0.03975860774517059,0.08443817496299744
9625,0.121908038854599,0.03979604318737984,0.08211199194192886
9626,0.12257783114910126,0.03976849094033241,0.08280933648347855
9627,0.12616193294525146,0.03971261531114578,0.08644931763410568
9628,0.13084201514720917,0.039766401052474976,0.09107561409473419
9629,0.13449402153491974,0.03966310992836952,0.09483090788125992
9630,0.13619469106197357,0.03971980884671211,0.09647487848997116
9631,0.13643379509449005,0.039657264947891235,0.09677653014659882
9632,0.136589914560318,0.039640091359615326,0.09694983065128326
9633,0.1376609206199646,0.03966812789440155,0.09799280017614365
9634,0.1392630934715271,0.03956645727157593,0.09969663619995117
9635,0.13994629681110382,0.03965456038713455,0.10029173642396927
9636,0.13792526721954346,0.03953027352690697,0.09839498996734619
9637,0.13321036100387573,0.03959432616829872,0.09361603111028671
9638,0.12761060893535614,0.03952713683247566,0.08808347582817078
9639,0.12390372157096863,0.03951137885451317,0.08439233899116516
9640,0.1234179437160492,0.03952882066369057,0.08388911932706833
9641,0.1250181794166565,0.039445266127586365,0.08557290583848953
9642,0.12624597549438477,0.039508603513240814,0.08673737943172455
9643,0.12571164965629578,0.03941265493631363,0.08629899471998215
9644,0.12455503642559052,0.0394529290497303,0.08510210365056992
9645,0.1252700686454773,0.03940633684396744,0.08586373180150986
9646,0.12917113304138184,0.039382606744766235,0.0897885337471962
9647,0.13482756912708282,0.03940075263381004,0.09542682021856308
9648,0.1391042321920395,0.03932749480009079,0.0997767373919487
9649,0.13986927270889282,0.03937000408768654,0.10049927234649658
9650,0.1376599222421646,0.03930029273033142,0.09835962951183319
9651,0.13510531187057495,0.03930812329053879,0.09579718858003616
9652,0.13419052958488464,0.03930168226361275,0.0948888435959816
9653,0.13443616032600403,0.039235103875398636,0.0952010527253151
9654,0.13379047811031342,0.039297983050346375,0.09449249505996704
9655,0.13066808879375458,0.03918175771832466,0.09148632735013962
9656,0.12587282061576843,0.039256028831005096,0.08661678433418274
9657,0.12169795483350754,0.03916531056165695,0.08253264427185059
9658,0.12019290030002594,0.03917846828699112,0.08101443201303482
9659,0.12164166569709778,0.03917624428868294,0.08246542513370514
9660,0.12469257414340973,0.03909878060221672,0.0855937972664833
9661,0.1275538206100464,0.03917433321475983,0.08837948739528656
9662,0.12915736436843872,0.03905268386006355,0.09010467678308487
9663,0.12983623147010803,0.039127979427576065,0.09070824831724167
9664,0.1307641565799713,0.03904811665415764,0.09171604365110397
9665,0.13306288421154022,0.039046332240104675,0.09401655197143555
9666,0.1364639848470688,0.03905868157744408,0.09740529954433441
9667,0.1391528844833374,0.038971640169620514,0.10018124431371689
9668,0.13903334736824036,0.03904181718826294,0.09999153017997742
9669,0.13547074794769287,0.03894420713186264,0.09652654826641083
9670,0.130415141582489,0.03897443786263466,0.09144069999456406
9671,0.1267661601305008,0.038955457508563995,0.0878107026219368
9672,0.12584903836250305,0.038887813687324524,0.08696122467517853
9673,0.12630948424339294,0.03896096348762512,0.08734851330518723
9674,0.12561972439289093,0.03883032873272896,0.08678939193487167
9675,0.12294094264507294,0.03891723230481148,0.08402370661497116
9676,0.12006287276744843,0.038825854659080505,0.08123701810836792
9677,0.11978328227996826,0.03882881999015808,0.08095446228981018
9678,0.12311969697475433,0.038847245275974274,0.08427245169878006
9679,0.12830163538455963,0.038747843354940414,0.08955379575490952
9680,0.13242293894290924,0.0388423353433609,0.09358060359954834
9681,0.13380172848701477,0.03870992362499237,0.095091812312603
9682,0.13334321975708008,0.03878523409366608,0.0945579931139946
9683,0.1329769641160965,0.03871412202715874,0.09426284581422806
9684,0.13396260142326355,0.038698092103004456,0.0952645093202591
9685,0.13556255400180817,0.03872432932257652,0.09683822095394135
9686,0.13594037294387817,0.03863203525543213,0.09730833768844604
9687,0.13382232189178467,0.03869722783565521,0.09512508660554886
9688,0.12946611642837524,0.03861076384782791,0.09085535258054733
9689,0.12469233572483063,0.03862757235765457,0.08606476336717606
9690,0.12148930132389069,0.03861647844314575,0.08287282288074493
9691,0.12077084183692932,0.03855021670460701,0.08222062140703201
9692,0.1218918114900589,0.038609687238931656,0.08328212797641754
9693,0.12325097620487213,0.03850580006837845,0.08474517613649368
9694,0.12360911071300507,0.03856312856078148,0.08504598587751389
9695,0.12312497198581696,0.03849748894572258,0.08462748676538467
9696,0.12337137758731842,0.038489263504743576,0.08488211035728455
9697,0.12590248882770538,0.03850282356142998,0.0873996689915657
9698,0.13054874539375305,0.03842071071267128,0.09212803840637207
9699,0.13519904017448425,0.03849349170923233,0.09670555591583252
9700,0.13717669248580933,0.03838258236646652,0.09879410266876221
9701,0.1358802318572998,0.03844641149044037,0.09743381291627884
9702,0.1329517960548401,0.03837145119905472,0.09458035230636597
9703,0.1311212182044983,0.0383746474981308,0.0927465632557869
9704,0.1312505155801773,0.03837002441287041,0.0928804874420166
9705,0.13169565796852112,0.03830808401107788,0.09338756650686264
9706,0.13001489639282227,0.03835385665297508,0.09166103601455688
9707,0.1255641132593155,0.03826778009533882,0.08729633688926697
9708,0.12049873173236847,0.03830350190401077,0.0821952298283577
9709,0.11779024451971054,0.03825986385345459,0.07953038066625595
9710,0.11862307786941528,0.03823461756110191,0.08038846403360367
9711,0.12158817052841187,0.038258250802755356,0.08332992345094681
9712,0.1242595762014389,0.03817595914006233,0.08608361333608627
9713,0.125363290309906,0.03823292627930641,0.08713036775588989
9714,0.12552392482757568,0.03814762830734253,0.08737629652023315
9715,0.12638668715953827,0.03817204758524895,0.08821464329957962
9716,0.1289389431476593,0.03815498948097229,0.09078396111726761
9717,0.13267627358436584,0.03809540346264839,0.09458087384700775
9718,0.1360633671283722,0.03816206380724907,0.09790129959583282
9719,0.1372908055782318,0.038037918508052826,0.09925288707017899
9720,0.13585282862186432,0.03813019022345543,0.09772264212369919
9721,0.13245579600334167,0.0380205400288105,0.09443525224924088
9722,0.12909670174121857,0.03805256262421608,0.09104413539171219
9723,0.12723110616207123,0.03803371265530586,0.08919739723205566
9724,0.12676271796226501,0.037967268377542496,0.08879544585943222
9725,0.12606745958328247,0.03803412616252899,0.08803332597017288
9726,0.12357920408248901,0.0379205159842968,0.08565869182348251
9727,0.11971843987703323,0.03798690438270569,0.08173153549432755
9728,0.11683398485183716,0.037919141352176666,0.07891484349966049
9729,0.11726026237010956,0.037904515862464905,0.07935574650764465
9730,0.12103710323572159,0.037932008504867554,0.08310509473085403
9731,0.12572097778320312,0.03783423826098442,0.0878867357969284
9732,0.12856066226959229,0.03791174292564392,0.09064891189336777
9733,0.12883636355400085,0.0378132127225399,0.09102315455675125
9734,0.1284717619419098,0.03784188628196716,0.09062986820936203
9735,0.12983399629592896,0.0378296785056591,0.09200432151556015
9736,0.1332629919052124,0.037757646292448044,0.09550534188747406
9737,0.13669760525226593,0.03783990815281868,0.09885770082473755
9738,0.1373099684715271,0.037702348083257675,0.09960761666297913
9739,0.13445085287094116,0.03779984638094902,0.09665101021528244
9740,0.1296539008617401,0.0376957543194294,0.09195814281702042
9741,0.12564216554164886,0.03771475329995155,0.08792741596698761
9742,0.12371966242790222,0.037711385637521744,0.08600828051567078
9743,0.12327159941196442,0.03763530030846596,0.08563630282878876
9744,0.12272046506404877,0.03770408034324646,0.08501638472080231
9745,0.12108767032623291,0.03759656473994255,0.08349110186100006
9746,0.11888530850410461,0.037652190774679184,0.08123311400413513
9747,0.11760465055704117,0.03759584575891495,0.08000880479812622
9748,0.1186150386929512,0.037576109170913696,0.0810389295220375
9749,0.1221034973859787,0.0375988744199276,0.0845046266913414
9750,0.1267855167388916,0.03751802444458008,0.08926748484373093
9751,0.13063068687915802,0.03757190331816673,0.09305878728628159
9752,0.13213887810707092,0.03749559447169304,0.09464327991008759
9753,0.13167375326156616,0.03751068934798241,0.09416306763887405
9754,0.1311173290014267,0.03749798610806465,0.09361934661865234
9755,0.13210256397724152,0.037438564002513885,0.09466399997472763
9756,0.1342480480670929,0.037497758865356445,0.09675028920173645
9757,0.1349881887435913,0.03738923370838165,0.09759896248579025
9758,0.13234247267246246,0.03746360167860985,0.09487886726856232
9759,0.12667441368103027,0.03736906498670578,0.08930535614490509
9760,0.12111638486385345,0.037395816296339035,0.08372056484222412
9761,0.11854399740695953,0.03737003728747368,0.08117395639419556
9762,0.11922304332256317,0.03732290118932724,0.08190014213323593
9763,0.12083064019680023,0.037368129938840866,0.08346251398324966
9764,0.12096214294433594,0.03727347403764725,0.08368866890668869
9765,0.1195337176322937,0.03733403980731964,0.08219967782497406
9766,0.11864765733480453,0.03725609928369522,0.08139155805110931
9767,0.1204102635383606,0.037270620465278625,0.08313964307308197
9768,0.12483354657888412,0.03725726157426834,0.08757628500461578
9769,0.12987120449543,0.03720349818468094,0.09266770631074905
9770,0.13315826654434204,0.037247274070978165,0.09591099619865417
9771,0.1336856484413147,0.03716011717915535,0.09652552753686905
9772,0.13238559663295746,0.0372018925845623,0.09518370777368546
9773,0.1309191882610321,0.037157054990530014,0.09376212954521179
9774,0.13035188615322113,0.03712829574942589,0.09322359412908554
9775,0.13039621710777283,0.037168338894844055,0.09322787076234818
9776,0.12959042191505432,0.0370611771941185,0.09252925217151642
9777,0.12686121463775635,0.0371507853269577,0.08971042931079865
9778,0.12229223549365997,0.03703194111585617,0.0852602943778038
9779,0.11770670861005783,0.037084706127643585,0.08062200248241425
9780,0.11533719301223755,0.03704313561320305,0.0782940611243248
9781,0.11621890962123871,0.03699849545955658,0.07922041416168213
9782,0.11923153698444366,0.037055931985378265,0.0821756049990654
9783,0.12196292728185654,0.036938801407814026,0.08502412587404251
9784,0.12285354733467102,0.03702804073691368,0.08582550287246704
9785,0.12253936380147934,0.03692539036273956,0.08561397343873978
9786,0.12331993877887726,0.03695327416062355,0.08636666089296341
9787,0.12665042281150818,0.036939531564712524,0.08971089869737625
9788,0.131496399641037,0.036873314529657364,0.09462308138608932
9789,0.13495135307312012,0.0369369275867939,0.09801442176103592
9790,0.1346607804298401,0.03683340176939964,0.09782738238573074
9791,0.1311604231595993,0.036885228008031845,0.09427519142627716
9792,0.1271716058254242,0.03683881834149361,0.09033279120922089
9793,0.12512731552124023,0.03680303320288658,0.08832427859306335
9794,0.12494802474975586,0.036854203790426254,0.0880938246846199
9795,0.12444491684436798,0.03673737868666649,0.0877075344324112
9796,0.12197403609752655,0.03682964667677879,0.08514439314603806
9797,0.1180090457201004,0.036719273775815964,0.08128977566957474
9798,0.11483040452003479,0.03675571456551552,0.07807468622922897
9799,0.11438128352165222,0.03673320636153221,0.07764807343482971
9800,0.11680763959884644,0.036674272269010544,0.0801333636045456
9801,0.12060685455799103,0.036738187074661255,0.08386866748332977
9802,0.12388727813959122,0.03662450611591339,0.08726277202367783
9803,0.12569934129714966,0.03670252859592438,0.08899681270122528
9804,0.12627938389778137,0.036614611744880676,0.08966477960348129
9805,0.12687602639198303,0.03663196414709091,0.09024406224489212
9806,0.128465473651886,0.03662034124135971,0.09184512495994568
9807,0.13098850846290588,0.036563690751791,0.09442481398582458
9808,0.13298489153385162,0.03660833463072777,0.09637656062841415
9809,0.13246804475784302,0.036526553332805634,0.09594149887561798
9810,0.12881475687026978,0.03656164929270744,0.09225310385227203
9811,0.12359677255153656,0.03651987388730049,0.08707690238952637
9812,0.11966533958911896,0.03649327531456947,0.08317206799983978
9813,0.11861930042505264,0.03652063012123108,0.08209867030382156
9814,0.11937154829502106,0.03643695265054703,0.08293459564447403
9815,0.11944092065095901,0.03649812191724777,0.08294279873371124
9816,0.11751306056976318,0.036408305168151855,0.08110475540161133
9817,0.11496281623840332,0.03644249215722084,0.07852032035589218
9818,0.11451861262321472,0.0364048145711422,0.07811379432678223
9819,0.11755934357643127,0.036372970789670944,0.08118636906147003
9820,0.12271158397197723,0.036409858614206314,0.08630172908306122
9821,0.12704768776893616,0.03631710261106491,0.09073058515787125
9822,0.12877655029296875,0.03638990968465805,0.0923866406083107
9823,0.12831427156925201,0.036289364099502563,0.09202490746974945
9824,0.1277799904346466,0.03633461892604828,0.09144537150859833
9825,0.12849543988704681,0.036288101226091385,0.09220734238624573
9826,0.1300870180130005,0.03626242280006409,0.0938245877623558
9827,0.1307981312274933,0.03628941625356674,0.09450871497392654
9828,0.12910708785057068,0.036205194890499115,0.09290188550949097
9829,0.12509024143218994,0.03626154363155365,0.0888286903500557
9830,0.12026029825210571,0.036187175661325455,0.08407312631607056
9831,0.11665572226047516,0.03619689121842384,0.08045882731676102
9832,0.11540098488330841,0.03619559854269028,0.07920538634061813
9833,0.11611028015613556,0.036125410348176956,0.0799848735332489
9834,0.11732254177331924,0.03619060665369034,0.0811319351196289
9835,0.1176445335149765,0.03608251363039017,0.08156201988458633
9836,0.11701013147830963,0.036144185811281204,0.08086594194173813
9837,0.11682586371898651,0.03608393669128418,0.08074192702770233
9838,0.11882169544696808,0.036065489053726196,0.08275620639324188
9839,0.12326756119728088,0.03610244393348694,0.08716511726379395
9840,0.1282549351453781,0.03599630296230316,0.09225863218307495
9841,0.1312188059091568,0.03609257936477661,0.09512622654438019
9842,0.1308434009552002,0.03596743941307068,0.09487595409154892
9843,0.12863662838935852,0.036030642688274384,0.09260598570108414
9844,0.12705938518047333,0.035976558923721313,0.09108282625675201
9845,0.12740623950958252,0.03594525158405304,0.09146099537611008
9846,0.1283094435930252,0.03598707914352417,0.09232236444950104
9847,0.12719734013080597,0.035886798053979874,0.0913105383515358
9848,0.12306246161460876,0.035956934094429016,0.08710552752017975
9849,0.11753576248884201,0.035875409841537476,0.08166035264730453
9850,0.1136593297123909,0.035885170102119446,0.07777415961027145
9851,0.11310002207756042,0.03588902950286865,0.07721099257469177
9852,0.11500234156847,0.035812243819236755,0.07919009774923325
9853,0.11717502027750015,0.035882435739040375,0.08129258453845978
9854,0.11813081800937653,0.03577745705842972,0.08235336095094681
9855,0.11817438900470734,0.0358295664191246,0.08234482258558273
9856,0.11871299892663956,0.03578200191259384,0.08293099701404572
9857,0.12093055248260498,0.035753101110458374,0.0851774513721466
9858,0.12478882074356079,0.03579337149858475,0.08899544924497604
9859,0.12892456352710724,0.03569130226969719,0.09323325753211975
9860,0.13166481256484985,0.03577662259340286,0.09588818997144699
9861,0.131697878241539,0.03566626086831093,0.09603162109851837
9862,0.1294780820608139,0.03571753948926926,0.09376054257154465
9863,0.12651605904102325,0.03566807508468628,0.09084798395633698
9864,0.12465280294418335,0.03564364090561867,0.08900915831327438
9865,0.12418445944786072,0.03566836565732956,0.08851609379053116
9866,0.1236085593700409,0.03558997064828873,0.08801858872175217
9867,0.121107317507267,0.03564191609621048,0.08546540141105652
9868,0.11654432117938995,0.03556905314326286,0.08097527176141739
9869,0.1122029647231102,0.035584695637226105,0.0766182690858841
9870,0.11087998747825623,0.035568565130233765,0.07531142234802246
9871,0.11331577599048615,0.035522546619176865,0.07779323309659958
9872,0.11747878789901733,0.035560864955186844,0.08191792666912079
9873,0.12044340372085571,0.03547998517751694,0.08496341854333878
9874,0.12108452618122101,0.03552411496639252,0.08556041121482849
9875,0.12086494266986847,0.03546427562832832,0.08540066331624985
9876,0.12221993505954742,0.035461317747831345,0.08675861358642578
9877,0.12594416737556458,0.03547186031937599,0.09047231078147888
9878,0.1302526891231537,0.03539697825908661,0.09485570341348648
9879,0.13256879150867462,0.035467974841594696,0.09710081666707993
9880,0.13136926293373108,0.03535528481006622,0.09601398557424545
9881,0.12777750194072723,0.03542633727192879,0.09235116839408875
9882,0.12387573719024658,0.03534580394625664,0.08852993696928024
9883,0.12139636278152466,0.03535331040620804,0.08604305237531662
9884,0.12030379474163055,0.03535621985793114,0.08494757860898972
9885,0.1193755716085434,0.03528307005763054,0.08409249782562256
9886,0.1174686998128891,0.0353485569357872,0.0821201428771019
9887,0.11454230546951294,0.035249050706624985,0.07929325848817825
9888,0.11192725598812103,0.0352993905544281,0.07662786543369293
9889,0.11137950420379639,0.03525194898247719,0.0761275589466095
9890,0.11378800123929977,0.035225629806518555,0.07856237143278122
9891,0.11830466985702515,0.03525923937559128,0.08304543048143387
9892,0.12270477414131165,0.035166315734386444,0.0875384584069252
9893,0.12504443526268005,0.035234108567237854,0.0898103266954422
9894,0.12513528764247894,0.03515205159783363,0.08998323976993561
9895,0.12487433850765228,0.035165946930646896,0.08970838785171509
9896,0.12626594305038452,0.03517061471939087,0.09109532088041306
9897,0.1291692852973938,0.03508910536766052,0.09408017247915268
9898,0.13124242424964905,0.035176441073417664,0.09606597572565079
9899,0.12972140312194824,0.035043977200984955,0.09467741847038269
9900,0.12466958165168762,0.03513078764081001,0.08953879773616791
9901,0.11873054504394531,0.03504529967904091,0.0836852490901947
9902,0.11518773436546326,0.03504553809762001,0.08014219254255295
9903,0.11485223472118378,0.0350644588470459,0.07978777587413788
9904,0.11580537259578705,0.034974049776792526,0.08083132654428482
9905,0.11564843356609344,0.03505447134375572,0.08059396594762802
9906,0.11390842497348785,0.03494664654135704,0.07896178215742111
9907,0.11242826282978058,0.03499731048941612,0.07743094861507416
9908,0.11335976421833038,0.03495529666543007,0.07840447127819061
9909,0.11716970801353455,0.03492097929120064,0.08224872499704361
9910,0.12227343767881393,0.03496157377958298,0.08731186389923096
9911,0.12633635103702545,0.03487013280391693,0.09146621823310852
9912,0.12801605463027954,0.03492898866534233,0.09308706969022751
9913,0.12748444080352783,0.03486175090074539,0.09262268990278244
9914,0.12618902325630188,0.03486112505197525,0.09132789075374603
9915,0.12551909685134888,0.0348733589053154,0.09064573794603348
9916,0.12565553188323975,0.034792397171258926,0.09086313098669052
9917,0.12552706897258759,0.034868285059928894,0.09065878391265869
9918,0.12341886013746262,0.03475591540336609,0.08866294473409653
9919,0.11898864805698395,0.034820493310689926,0.08416815102100372
9920,0.11370474845170975,0.03475288301706314,0.0789518654346466
9921,0.11028143018484116,0.03474714607000351,0.07553428411483765
9922,0.11038801819086075,0.03475911170244217,0.07562890648841858
9923,0.11322805285453796,0.03468452766537666,0.078543521463871
9924,0.11621691286563873,0.03474767506122589,0.08146923780441284
9925,0.11730573326349258,0.03465403616428375,0.08265169709920883
9926,0.11693638563156128,0.03470185399055481,0.08223453164100647
9927,0.11740126460790634,0.03465009480714798,0.08275116980075836
9928,0.12051808089017868,0.03463827073574066,0.08587981015443802
9929,0.12549082934856415,0.034650132060050964,0.09084069728851318
9930,0.12939080595970154,0.03458472713828087,0.09480607509613037
9931,0.12971453368663788,0.034628771245479584,0.0950857624411583
9932,0.12650401890277863,0.03455793485045433,0.0919460877776146
9933,0.12238149344921112,0.03457615152001381,0.08780534565448761
9934,0.1198977380990982,0.034560803323984146,0.08533693850040436
9935,0.11931496858596802,0.034510158002376556,0.08480481058359146
9936,0.11886677891016006,0.03456176817417145,0.08430501073598862
9937,0.11675092577934265,0.03446110337972641,0.08228982239961624
9938,0.11316198110580444,0.03452927619218826,0.07863270491361618
9939,0.10995936393737793,0.03444507345557213,0.0755142867565155
9940,0.10913261026144028,0.03446293622255325,0.07466967403888702
9941,0.11122273653745651,0.03445769101381302,0.0767650455236435
9942,0.11510850489139557,0.034391287714242935,0.08071722090244293
9943,0.11893656104803085,0.03446109592914581,0.08447546511888504
9944,0.12123235315084457,0.03434917330741882,0.08688317984342575
9945,0.12191897630691528,0.03442395105957985,0.08749502897262573
9946,0.12202469259500504,0.03434450179338455,0.08768019080162048
9947,0.12304723262786865,0.0343511700630188,0.08869606256484985
9948,0.12527714669704437,0.034356702119112015,0.09092044830322266
9949,0.12727129459381104,0.03428177163004875,0.09298952668905258
9950,0.12682954967021942,0.034347064793109894,0.09248248487710953
9951,0.12293772399425507,0.03425384685397148,0.08868387341499329
9952,0.11732407659292221,0.03429152071475983,0.08303255587816238
9953,0.11309176683425903,0.03426379710435867,0.07882796972990036
9954,0.11207868158817291,0.03421516343951225,0.07786352187395096
9955,0.11324256658554077,0.03427283465862274,0.07896973192691803
9956,0.113885298371315,0.034161850810050964,0.07972344756126404
9957,0.11255397647619247,0.034240901470184326,0.07831307500600815
9958,0.11047294735908508,0.034155409783124924,0.07631753385066986
9959,0.11033523082733154,0.03416625037789345,0.0761689841747284
9960,0.11352648586034775,0.034175679087638855,0.07935080677270889
9961,0.1187368780374527,0.03409421071410179,0.0846426710486412
9962,0.12320342659950256,0.03417666628956795,0.08902675658464432
9963,0.12491908669471741,0.034056905657052994,0.09086217731237411
9964,0.1243380680680275,0.03413120657205582,0.09020686149597168
9965,0.12317240238189697,0.03405817598104477,0.0891142264008522
9966,0.12300053238868713,0.034054484218358994,0.08894605189561844
9967,0.12366719543933868,0.03406934440135956,0.08959785103797913
9968,0.12377326190471649,0.033992040902376175,0.08978122472763062
9969,0.12196533381938934,0.03405192494392395,0.0879134088754654
9970,0.11800119280815125,0.03396866098046303,0.08403253555297852
9971,0.11323799192905426,0.03399614244699478,0.07924184948205948
9972,0.10969230532646179,0.03397348150610924,0.07571882009506226
9973,0.10877583175897598,0.03392813354730606,0.07484769821166992
9974,0.11029922962188721,0.03397370129823685,0.07632552832365036
9975,0.11261245608329773,0.03388458490371704,0.07872787117958069
9976,0.11392982304096222,0.033939678221940994,0.07999014854431152
9977,0.11383642256259918,0.03387376666069031,0.07996265590190887
9978,0.11380679905414581,0.0338779054582119,0.07992889732122421
9979,0.1158197671175003,0.03387894108891487,0.08194082975387573
9980,0.12024722993373871,0.03381524607539177,0.08643198758363724
9981,0.12515705823898315,0.03387756645679474,0.09127949923276901
9982,0.1275658905506134,0.03377585858106613,0.09379003942012787
9983,0.12641125917434692,0.03384169191122055,0.09256957471370697
9984,0.12308720499277115,0.03376394510269165,0.0893232598900795
9985,0.12052279710769653,0.03377833589911461,0.08674445748329163
9986,0.1200127825140953,0.03376608341932297,0.08624669909477234
9987,0.12030405551195145,0.03371517360210419,0.08658888190984726
9988,0.11897595971822739,0.03375907987356186,0.08521687984466553
9989,0.11502214521169662,0.03367607295513153,0.0813460722565651
9990,0.11013579368591309,0.03372012451291084,0.07641566544771194
9991,0.10712279379367828,0.033670056611299515,0.07345273345708847
9992,0.10747750103473663,0.033658336848020554,0.07381916046142578
9993,0.11031835526227951,0.03367437422275543,0.07664398103952408
9994,0.11348851025104523,0.033601921051740646,0.07988659292459488
9995,0.11543677747249603,0.03365758806467056,0.08177918940782547
9996,0.11614449322223663,0.0335741825401783,0.08257030695676804
9997,0.11684387922286987,0.03360581770539284,0.08323805779218674
9998,0.11874103546142578,0.033582188189029694,0.08515884727239609
9999,0.1220036968588829,0.03353547304868698,0.08846822381019592
