epoch,total_loss,mse_b,mse_f
0,2310.17138671875,0.5311228036880493,2309.640380859375
1,2316.69580078125,0.1404653638601303,2316.555419921875
2,2323.49658203125,0.005240796133875847,2323.491455078125
3,2330.505615234375,0.0615544468164444,2330.444091796875
4,2337.582763671875,0.17195755243301392,2337.410888671875
5,2344.620849609375,0.2289448082447052,2344.391845703125
6,2351.605712890625,0.21956504881381989,2351.38623046875
7,2358.56396484375,0.1699879914522171,2358.39404296875
8,2365.5224609375,0.10821656137704849,2365.414306640625
9,2372.50146484375,0.05434555187821388,2372.447021484375
10,2379.51123046875,0.01965939998626709,2379.491455078125
11,2386.5546875,0.007833002135157585,2386.546875
12,2393.62890625,0.016629107296466827,2393.6123046875
13,2400.72705078125,0.039778932929039,2400.687255859375
14,2407.84033203125,0.06908891350030899,2407.771240234375
15,2414.95947265625,0.09669364988803864,2414.86279296875
16,2422.078125,0.11684079468250275,2421.961181640625
17,2429.192626953125,0.1266203671693802,2429.06591796875
18,2436.30126953125,0.12575450539588928,2436.175537109375
19,2443.405029296875,0.11589842289686203,2443.2890625
20,2450.504638671875,0.09984415769577026,2450.40478515625
21,2457.601806640625,0.08083683997392654,2457.52099609375
22,2464.69775390625,0.06206488981842995,2464.6357421875
23,2471.79345703125,0.04631074517965317,2471.7470703125
24,2478.888916015625,0.035709820687770844,2478.853271484375
25,2485.983642578125,0.03157378360629082,2485.9521484375
26,2493.077392578125,0.034289173781871796,2493.043212890625
27,2500.16845703125,0.04334436357021332,2500.125
28,2507.25537109375,0.05750126391649246,2507.19775390625
29,2514.3369140625,0.07505545020103455,2514.261962890625
30,2521.4130859375,0.0941225066781044,2521.31884765625
31,2528.482666015625,0.11290854215621948,2528.369873046875
32,2535.547119140625,0.12993283569812775,2535.417236328125
33,2542.606689453125,0.14418244361877441,2542.46240234375
34,2549.6630859375,0.15519292652606964,2549.5078125
35,2556.718017578125,0.163059264421463,2556.554931640625
36,2563.773193359375,0.1683882176876068,2563.604736328125
37,2570.8310546875,0.1722099930047989,2570.658935546875
38,2577.894287109375,0.17586137354373932,2577.718505859375
39,2584.966796875,0.18084563314914703,2584.785888671875
40,2592.051513671875,0.1886669248342514,2591.86279296875
41,2599.153564453125,0.2006443738937378,2598.952880859375
42,2606.27734375,0.21772830188274384,2606.0595703125
43,2613.427734375,0.2403527945280075,2613.1875
44,2620.609619140625,0.26836249232292175,2620.34130859375
45,2627.82763671875,0.30104267597198486,2627.526611328125
46,2635.085693359375,0.3372648358345032,2634.74853515625
47,2642.385498046875,0.3757336139678955,2642.009765625
48,2649.726318359375,0.41528549790382385,2649.31103515625
49,2657.103515625,0.455153226852417,2656.6484375
50,2664.509521484375,0.49512189626693726,2664.014404296875
51,2671.9326171875,0.5355592370033264,2671.39697265625
52,2679.359619140625,0.5773343443870544,2678.7822265625
53,2686.7783203125,0.6216614246368408,2686.15673828125
54,2694.177734375,0.6699068546295166,2693.5078125
55,2701.548583984375,0.7234019637107849,2700.8251953125
56,2708.88671875,0.7832876443862915,2708.103515625
57,2716.1904296875,0.8504078984260559,2715.340087890625
58,2723.458740234375,0.9252551198005676,2722.533447265625
59,2730.6943359375,1.0079671144485474,2729.686279296875
60,2737.902099609375,1.0983706712722778,2736.8037109375
61,2745.08837890625,1.1960572004318237,2743.892333984375
62,2752.260986328125,1.3004714250564575,2750.96044921875
63,2759.429443359375,1.4109961986541748,2758.0185546875
64,2766.603759765625,1.5270098447799683,2765.07666015625
65,2773.79443359375,1.647902250289917,2772.146484375
66,2781.013916015625,1.7730456590652466,2779.240966796875
67,2788.270751953125,1.9017244577407837,2786.369140625
68,2795.57373046875,2.0330440998077393,2793.540771484375
69,2802.92724609375,2.1658449172973633,2800.761474609375
70,2810.3330078125,2.29866361618042,2808.034423828125
71,2817.78662109375,2.4297726154327393,2815.35693359375
72,2825.280517578125,2.5573134422302246,2822.72314453125
73,2832.803466796875,2.67950701713562,2830.1240234375
74,2840.34375,2.794877767562866,2837.548828125
75,2847.886962890625,2.9024486541748047,2844.984619140625
76,2855.423095703125,3.0018703937530518,2852.421142578125
77,2862.94140625,3.0934536457061768,2859.847900390625
78,2870.436279296875,3.1781413555145264,2867.258056640625
79,2877.9033203125,3.257405996322632,2874.64599609375
80,2885.341796875,3.3331217765808105,2882.0087890625
81,2892.75390625,3.4074149131774902,2889.346435546875
82,2900.14208984375,3.482511281967163,2896.65966796875
83,2907.513427734375,3.560579776763916,2903.952880859375
84,2914.875244140625,3.6435930728912354,2911.231689453125
85,2922.236083984375,3.73319673538208,2918.5029296875
86,2929.60693359375,3.830603837966919,2925.7763671875
87,2936.998291015625,3.936516523361206,2933.061767578125
88,2944.421630859375,4.05108642578125,2940.37060546875
89,2951.888916015625,4.173913478851318,2947.715087890625
90,2959.41064453125,4.304091930389404,2955.1064453125
91,2966.99658203125,4.440306663513184,2962.556396484375
92,2974.654541015625,4.580970764160156,2970.073486328125
93,2982.3896484375,4.724408149719238,2977.665283203125
94,2990.2021484375,4.869035720825195,2985.3330078125
95,2998.088623046875,5.013512134552002,2993.0751953125
96,3006.039306640625,5.156826972961426,3000.882568359375
97,3014.0400390625,5.298321723937988,3008.74169921875
98,3022.072265625,5.437653064727783,3016.634521484375
99,3030.113525390625,5.574717998504639,3024.538818359375
100,3038.141357421875,5.709566116333008,3032.431884765625
101,3046.1357421875,5.842350006103516,3040.29345703125
102,3054.08154296875,5.9732842445373535,3048.108154296875
103,3061.967041015625,6.102656841278076,3055.864501953125
104,3069.79052734375,6.230849742889404,3063.5595703125
105,3077.55322265625,6.358379364013672,3071.19482421875
106,3085.262939453125,6.485926151275635,3078.777099609375
107,3092.931640625,6.614353656768799,3086.3173828125
108,3100.572509765625,6.744715213775635,3093.827880859375
109,3108.19970703125,6.878243923187256,3101.321533203125
110,3115.825439453125,7.016305446624756,3108.80908203125
111,3123.46044921875,7.160318851470947,3116.300048828125
112,3131.109619140625,7.3116302490234375,3123.798095703125
113,3138.774169921875,7.471390724182129,3131.302734375
114,3146.449462890625,7.640454292297363,3138.80908203125
115,3154.12890625,7.819315433502197,3146.3095703125
116,3161.800048828125,8.008113861083984,3153.7919921875
117,3169.44873046875,8.206653594970703,3161.2421875
118,3177.062744140625,8.414443969726562,3168.648193359375
119,3184.62744140625,8.630711555480957,3175.996826171875
120,3192.134521484375,8.854413032531738,3183.280029296875
121,3199.576904296875,9.084210395812988,3190.49267578125
122,3206.951904296875,9.318449974060059,3197.633544921875
123,3214.259521484375,9.55514144897461,3204.704345703125
124,3221.5,9.791938781738281,3211.7080078125
125,3228.674072265625,10.026135444641113,3218.64794921875
126,3235.778076171875,10.254714965820312,3225.5234375
127,3242.802490234375,10.474469184875488,3232.328125
128,3249.729736328125,10.682233810424805,3239.047607421875
129,3256.533935546875,10.875127792358398,3245.65869140625
130,3263.18115234375,11.050745964050293,3252.13037109375
131,3269.63623046875,11.207283973693848,3258.428955078125
132,3275.86572265625,11.34357738494873,3264.522216796875
133,3281.844482421875,11.459046363830566,3270.385498046875
134,3287.5654296875,11.553596496582031,3276.01171875
135,3293.04052734375,11.627462387084961,3281.4130859375
136,3298.3076171875,11.681076049804688,3286.62646484375
137,3303.42822265625,11.715018272399902,3291.713134765625
138,3308.482177734375,11.730177879333496,3296.751953125
139,3313.541748046875,11.728109359741211,3301.813720703125
140,3318.6416015625,11.711142539978027,3306.930419921875
141,3323.745849609375,11.681912422180176,3312.06396484375
142,3328.75732421875,11.642587661743164,3317.11474609375
143,3333.57177734375,11.594470977783203,3321.977294921875
144,3338.138671875,11.53806209564209,3326.6005859375
145,3342.501953125,11.473512649536133,3331.0283203125
146,3346.80322265625,11.401169776916504,3335.402099609375
147,3351.243408203125,11.322295188903809,3339.921142578125
148,3355.99755859375,11.239484786987305,3344.758056640625
149,3361.116943359375,11.155603408813477,3349.96142578125
150,3366.47314453125,11.072230339050293,3355.40087890625
151,3371.76416015625,10.989828109741211,3360.7744140625
152,3376.611572265625,10.908578872680664,3365.702880859375
153,3380.707275390625,10.828739166259766,3369.87841796875
154,3383.904296875,10.75063419342041,3373.153564453125
155,3386.237060546875,10.674720764160156,3375.562255859375
156,3387.879638671875,10.601665496826172,3377.278076171875
157,3389.0908203125,10.532415390014648,3378.558349609375
158,3390.1533203125,10.468198776245117,3379.68505859375
159,3391.307373046875,10.410481452941895,3380.89697265625
160,3392.69091796875,10.36083984375,3382.330078125
161,3394.304443359375,10.320777893066406,3383.983642578125
162,3396.02783203125,10.29153823852539,3385.736328125
163,3397.689453125,10.273937225341797,3387.41552734375
164,3399.150390625,10.268197059631348,3388.882080078125
165,3400.364013671875,10.273841857910156,3390.090087890625
166,3401.39208984375,10.289658546447754,3391.1025390625
167,3402.375,10.31374740600586,3392.061279296875
168,3403.45556640625,10.343681335449219,3393.11181640625
169,3404.68701171875,10.376749038696289,3394.310302734375
170,3405.96875,10.410301208496094,3395.558349609375
171,3407.05517578125,10.442133903503418,3396.613037109375
172,3407.64208984375,10.470719337463379,3397.17138671875
173,3407.4755859375,10.49521255493164,3396.98046875
174,3406.427978515625,10.515313148498535,3395.91259765625
175,3404.5263671875,10.531150817871094,3393.9951171875
176,3401.93505859375,10.543280601501465,3391.391845703125
177,3398.914794921875,10.552749633789062,3388.362060546875
178,3395.759033203125,10.561153411865234,3385.197998046875
179,3392.7353515625,10.570663452148438,3382.164794921875
180,3390.030029296875,10.584017753601074,3379.446044921875
181,3387.723876953125,10.604433059692383,3377.119384765625
182,3385.81103515625,10.635464668273926,3375.175537109375
183,3384.25048828125,10.680778503417969,3373.56982421875
184,3383.020263671875,10.74385929107666,3372.2763671875
185,3382.12744140625,10.827661514282227,3371.2998046875
186,3381.57177734375,10.934233665466309,3370.637451171875
187,3381.27880859375,11.064332962036133,3370.21435546875
188,3381.06494140625,11.217143058776855,3369.847900390625
189,3380.673828125,11.390256881713867,3369.28369140625
190,3379.885986328125,11.580015182495117,3368.305908203125
191,3378.64599609375,11.782096862792969,3366.864013671875
192,3377.140869140625,11.991996765136719,3365.14892578125
193,3375.778564453125,12.205207824707031,3363.5732421875
194,3375.061279296875,12.41709041595459,3362.644287109375
195,3375.392822265625,12.622655868530273,3362.770263671875
196,3376.8779296875,12.816715240478516,3364.061279296875
197,3379.25244140625,12.994662284851074,3366.2578125
198,3382.0263671875,13.15351676940918,3368.872802734375
199,3384.742919921875,13.292487144470215,3371.450439453125
200,3387.140380859375,13.412787437438965,3373.7275390625
201,3389.130126953125,13.517004013061523,3375.613037109375
202,3390.668701171875,13.608382225036621,3377.060302734375
203,3391.62890625,13.690321922302246,3377.9384765625
204,3391.760986328125,13.766037940979004,3377.994873046875
205,3390.7822265625,13.83833122253418,3376.94384765625
206,3388.5400390625,13.909270286560059,3374.630859375
207,3385.100341796875,13.979852676391602,3371.12060546875
208,3380.693359375,14.049742698669434,3366.6435546875
209,3375.563720703125,14.117270469665527,3361.446533203125
210,3369.820556640625,14.179633140563965,3355.640869140625
211,3363.361328125,14.233254432678223,3349.128173828125
212,3355.939453125,14.274245262145996,3341.665283203125
213,3347.3271484375,14.298773765563965,3333.0283203125
214,3337.45556640625,14.303299903869629,3323.15234375
215,3326.44287109375,14.284819602966309,3312.157958984375
216,3314.5341796875,14.241296768188477,3300.29296875
217,3302.0283203125,14.172122955322266,3287.856201171875
218,3289.239013671875,14.078232765197754,3275.160888671875
219,3276.498046875,13.961936950683594,3262.5361328125
220,3264.17529296875,13.826567649841309,3250.3486328125
221,3252.686767578125,13.675996780395508,3239.0107421875
222,3242.45166015625,13.514205932617188,3228.9375
223,3233.79150390625,13.344995498657227,3220.446533203125
224,3226.806640625,13.171780586242676,3213.634765625
225,3221.297119140625,12.997525215148926,3208.299560546875
226,3216.772216796875,12.824806213378906,3203.947509765625
227,3212.578125,12.655963897705078,3199.922119140625
228,3208.07861328125,12.493180274963379,3195.58544921875
229,3202.82177734375,12.338444709777832,3190.4833984375
230,3196.60205078125,12.19353199005127,3184.408447265625
231,3189.41552734375,12.06008243560791,3177.35546875
232,3181.35107421875,11.939713478088379,3169.411376953125
233,3172.4921875,11.8341703414917,3160.657958984375
234,3162.877685546875,11.745429039001465,3151.13232421875
235,3152.537841796875,11.675727844238281,3140.862060546875
236,3141.5556640625,11.627443313598633,3129.92822265625
237,3130.100830078125,11.602900505065918,3118.498046875
238,3118.386962890625,11.604169845581055,3106.78271484375
239,3106.58349609375,11.632930755615234,3094.95068359375
240,3094.735107421875,11.69038200378418,3083.044677734375
241,3082.735107421875,11.777152061462402,3070.9580078125
242,3070.391357421875,11.893216133117676,3058.498046875
243,3057.543701171875,12.037751197814941,3045.505859375
244,3044.176025390625,12.208925247192383,3031.967041015625
245,3030.4453125,12.403738021850586,3018.04150390625
246,3016.62158203125,12.61805248260498,3004.00341796875
247,3002.97314453125,12.846986770629883,2990.126220703125
248,2989.695068359375,13.08547306060791,2976.609619140625
249,2976.893798828125,13.3287992477417,2963.56494140625
250,2964.623779296875,13.572968482971191,2951.05078125
251,2952.9140625,13.814718246459961,2939.099365234375
252,2941.7763671875,14.051342964172363,2927.72509765625
253,2931.18603515625,14.280430793762207,2916.905517578125
254,2921.093505859375,14.499671936035156,2906.59375
255,2911.472412109375,14.706829071044922,2896.765625
256,2902.3603515625,14.899809837341309,2887.46044921875
257,2893.817138671875,15.07676887512207,2878.740478515625
258,2885.84619140625,15.236124038696289,2870.610107421875
259,2878.362060546875,15.37652587890625,2862.985595703125
260,2871.272705078125,15.496917724609375,2855.77587890625
261,2864.623779296875,15.596692085266113,2849.027099609375
262,2858.6533203125,15.675817489624023,2842.9775390625
263,2853.64208984375,15.734768867492676,2837.9072265625
264,2849.635986328125,15.774319648742676,2833.861572265625
265,2846.301025390625,15.795316696166992,2830.505615234375
266,2843.076171875,15.798641204833984,2827.277587890625
267,2839.498291015625,15.78535270690918,2823.712890625
268,2835.358154296875,15.756880760192871,2819.601318359375
269,2830.58740234375,15.715062141418457,2814.872314453125
270,2825.0546875,15.66214370727539,2809.392578125
271,2818.50048828125,15.600787162780762,2802.899658203125
272,2810.668212890625,15.533917427062988,2795.13427734375
273,2801.477294921875,15.464345932006836,2786.012939453125
274,2791.079345703125,15.394209861755371,2775.68505859375
275,2779.788330078125,15.324577331542969,2764.4638671875
276,2767.982421875,15.255383491516113,2752.72705078125
277,2756.04296875,15.18564224243164,2740.857421875
278,2744.347900390625,15.113906860351562,2729.23388671875
279,2733.263671875,15.038713455200195,2718.224853515625
280,2723.122802734375,14.958924293518066,2708.163818359375
281,2714.186279296875,14.873851776123047,2699.3125
282,2706.61279296875,14.783303260803223,2691.82958984375
283,2700.451904296875,14.687628746032715,2685.76416015625
284,2695.659912109375,14.587779998779297,2681.072021484375
285,2692.091552734375,14.485146522521973,2677.6064453125
286,2689.458740234375,14.381216049194336,2675.07763671875
287,2687.32080078125,14.277284622192383,2673.04345703125
288,2685.172119140625,14.174402236938477,2670.997802734375
289,2682.58056640625,14.073497772216797,2668.507080078125
290,2679.278076171875,13.975435256958008,2665.302734375
291,2675.163330078125,13.880958557128906,2661.282470703125
292,2670.246826171875,13.790642738342285,2656.456298828125
293,2664.61181640625,13.70493221282959,2650.906982421875
294,2658.401123046875,13.624329566955566,2644.77685546875
295,2651.82080078125,13.549592971801758,2638.271240234375
296,2645.12060546875,13.481922149658203,2631.638671875
297,2638.543212890625,13.422993659973145,2625.1201171875
298,2632.2578125,13.374876022338867,2618.883056640625
299,2626.306396484375,13.339786529541016,2612.966552734375
300,2620.580078125,13.319726943969727,2607.26025390625
301,2614.844970703125,13.31607437133789,2601.52880859375
302,2608.8076171875,13.32925033569336,2595.478271484375
303,2602.1904296875,13.358593940734863,2588.831787109375
304,2594.792236328125,13.402480125427246,2581.3896484375
305,2586.50341796875,13.458620071411133,2573.044677734375
306,2577.28955078125,13.524401664733887,2563.76513671875
307,2567.17431640625,13.597210884094238,2553.5771484375
308,2556.245361328125,13.674640655517578,2542.57080078125
309,2544.679931640625,13.754654884338379,2530.92529296875
310,2532.75634765625,13.835616111755371,2518.920654296875
311,2520.823974609375,13.91628360748291,2506.90771484375
312,2509.233154296875,13.995736122131348,2495.2373046875
313,2498.24658203125,14.073275566101074,2484.17333984375
314,2487.989013671875,14.148270606994629,2473.8408203125
315,2478.446533203125,14.220000267028809,2464.2265625
316,2469.506103515625,14.287527084350586,2455.218505859375
317,2460.99951171875,14.34970474243164,2446.64990234375
318,2452.728515625,14.40526008605957,2438.3232421875
319,2444.467041015625,14.453032493591309,2430.013916015625
320,2435.97216796875,14.492226600646973,2421.47998046875
321,2427.015869140625,14.52266788482666,2412.4931640625
322,2417.437255859375,14.54491138458252,2402.892333984375
323,2407.192626953125,14.560221672058105,2392.63232421875
324,2396.365478515625,14.570473670959473,2381.794921875
325,2385.1396484375,14.577987670898438,2370.561767578125
326,2373.741455078125,14.585384368896484,2359.156005859375
327,2362.38671875,14.595386505126953,2347.791259765625
328,2351.248046875,14.61060905456543,2336.637451171875
329,2340.451904296875,14.633288383483887,2325.818603515625
330,2330.07958984375,14.665059089660645,2315.41455078125
331,2320.16845703125,14.706798553466797,2305.461669921875
332,2310.691650390625,14.758612632751465,2295.93310546875
333,2301.543212890625,14.819948196411133,2286.72314453125
334,2292.537841796875,14.889802932739258,2277.64794921875
335,2283.442138671875,14.966907501220703,2268.475341796875
336,2274.025146484375,15.049896240234375,2258.975341796875
337,2264.10009765625,15.137425422668457,2248.962646484375
338,2253.551513671875,15.228240966796875,2238.3232421875
339,2242.3369140625,15.321216583251953,2227.015625
340,2230.47216796875,15.415371894836426,2215.056884765625
341,2218.0185546875,15.509866714477539,2202.5087890625
342,2205.072998046875,15.604024887084961,2189.468994140625
343,2191.76611328125,15.69732666015625,2176.06884765625
344,2178.257080078125,15.789447784423828,2162.467529296875
345,2164.717041015625,15.880293846130371,2148.836669921875
346,2151.302734375,15.970062255859375,2135.332763671875
347,2138.130615234375,16.05931282043457,2122.0712890625
348,2125.268310546875,16.149002075195312,2109.119384765625
349,2112.74609375,16.24046516418457,2096.505615234375
350,2100.573974609375,16.3353328704834,2084.238525390625
351,2088.755615234375,16.435359954833984,2072.3203125
352,2077.2880859375,16.54222869873047,2060.745849609375
353,2066.15380859375,16.657371520996094,2049.496337890625
354,2055.322021484375,16.781818389892578,2038.540283203125
355,2044.76171875,16.916093826293945,2027.8455810546875
356,2034.4595947265625,17.060182571411133,2017.3994140625
357,2024.4300537109375,17.213533401489258,2007.216552734375
358,2014.70166015625,17.375078201293945,1997.3265380859375
359,2005.2869873046875,17.543296813964844,1987.74365234375
360,1996.1566162109375,17.716243743896484,1978.4404296875
361,1987.233642578125,17.891584396362305,1969.342041015625
362,1978.4112548828125,18.06665802001953,1960.3446044921875
363,1969.5732421875,18.238567352294922,1951.334716796875
364,1960.600341796875,18.40439224243164,1942.1959228515625
365,1951.3643798828125,18.561420440673828,1932.802978515625
366,1941.731689453125,18.707469940185547,1923.024169921875
367,1931.5894775390625,18.841068267822266,1912.7484130859375
368,1920.8892822265625,18.96156120300293,1901.927734375
369,1909.6728515625,19.069122314453125,1890.603759765625
370,1898.0618896484375,19.164691925048828,1878.897216796875
371,1886.208251953125,19.249902725219727,1866.9583740234375
372,1874.2369384765625,19.326955795288086,1854.9100341796875
373,1862.215087890625,19.398414611816406,1842.816650390625
374,1850.1617431640625,19.46693992614746,1830.69482421875
375,1838.0799560546875,19.535037994384766,1818.544921875
376,1825.968994140625,19.604883193969727,1806.3641357421875
377,1813.818359375,19.678192138671875,1794.14013671875
378,1801.58544921875,19.75629425048828,1781.8291015625
379,1789.2008056640625,19.8402099609375,1769.360595703125
380,1776.6024169921875,19.930776596069336,1756.671630859375
381,1763.784423828125,20.028724670410156,1743.7557373046875
382,1750.8223876953125,20.13467788696289,1730.687744140625
383,1737.856201171875,20.24910545349121,1717.6070556640625
384,1725.0418701171875,20.372188568115234,1704.669677734375
385,1712.510009765625,20.50372314453125,1692.00634765625
386,1700.35791015625,20.64302635192871,1679.71484375
387,1688.671142578125,20.788928985595703,1667.8822021484375
388,1677.5498046875,20.939912796020508,1656.60986328125
389,1667.10400390625,21.09428596496582,1646.009765625
390,1657.4178466796875,21.250473022460938,1636.1673583984375
391,1648.5091552734375,21.407283782958984,1627.1019287109375
392,1640.323486328125,21.564149856567383,1618.75927734375
393,1632.76318359375,21.721250534057617,1611.0419921875
394,1625.7332763671875,21.879501342773438,1603.853759765625
395,1619.154296875,22.04044532775879,1597.1138916015625
396,1612.9420166015625,22.206052780151367,1590.7359619140625
397,1606.973876953125,22.37843894958496,1584.595458984375
398,1601.0869140625,22.559555053710938,1578.52734375
399,1595.1177978515625,22.750822067260742,1572.366943359375
400,1588.9566650390625,22.95289421081543,1566.0037841796875
401,1582.574462890625,23.16551399230957,1559.408935546875
402,1576.0062255859375,23.387531280517578,1552.61865234375
403,1569.3114013671875,23.617063522338867,1545.6943359375
404,1562.5499267578125,23.851707458496094,1538.6982421875
405,1555.7882080078125,24.08878517150879,1531.699462890625
406,1549.1226806640625,24.325559616088867,1524.797119140625
407,1542.6845703125,24.5594482421875,1518.1251220703125
408,1536.6083984375,24.788105010986328,1511.8203125
409,1530.9864501953125,25.009510040283203,1505.9769287109375
410,1525.8394775390625,25.2219181060791,1500.6175537109375
411,1521.130615234375,25.423812866210938,1495.706787109375
412,1516.8048095703125,25.61379623413086,1491.1910400390625
413,1512.814453125,25.790546417236328,1487.02392578125
414,1509.1083984375,25.952861785888672,1483.155517578125
415,1505.593994140625,26.09978485107422,1479.4942626953125
416,1502.119384765625,26.230783462524414,1475.8885498046875
417,1498.494384765625,26.3459415435791,1472.1484375
418,1494.5426025390625,26.446041107177734,1468.0965576171875
419,1490.140869140625,26.53256607055664,1463.6082763671875
420,1485.2247314453125,26.607534408569336,1458.6171875
421,1479.7681884765625,26.673202514648438,1453.094970703125
422,1473.7684326171875,26.73167610168457,1447.0367431640625
423,1467.2542724609375,26.784507751464844,1440.4697265625
424,1460.3123779296875,26.832366943359375,1433.47998046875
425,1453.09033203125,26.87497329711914,1426.21533203125
426,1445.7650146484375,26.911197662353516,1418.853759765625
427,1438.4901123046875,26.939395904541016,1411.5506591796875
428,1431.3553466796875,26.957805633544922,1404.3975830078125
429,1424.387451171875,26.964977264404297,1397.4224853515625
430,1417.5853271484375,26.96005630493164,1390.625244140625
431,1410.9532470703125,26.942928314208984,1384.0103759765625
432,1404.508056640625,26.914165496826172,1377.5938720703125
433,1398.2584228515625,26.874858856201172,1371.383544921875
434,1392.186279296875,26.826366424560547,1365.35986328125
435,1386.2535400390625,26.77004623413086,1359.4835205078125
436,1380.4234619140625,26.7070255279541,1353.7164306640625
437,1374.6741943359375,26.63807487487793,1348.0361328125
438,1368.985107421875,26.563613891601562,1342.4215087890625
439,1363.306640625,26.483802795410156,1336.8228759765625
440,1357.544189453125,26.39874267578125,1331.1455078125
441,1351.57958984375,26.30866813659668,1325.2708740234375
442,1345.31787109375,26.214115142822266,1319.103759765625
443,1338.726806640625,26.11597442626953,1312.61083984375
444,1331.8363037109375,26.015483856201172,1305.82080078125
445,1324.70751953125,25.914066314697266,1298.79345703125
446,1317.3992919921875,25.813135147094727,1291.586181640625
447,1309.959716796875,25.71385383605957,1284.245849609375
448,1302.438232421875,25.616968154907227,1276.8212890625
449,1294.8946533203125,25.522724151611328,1269.3719482421875
450,1287.3870849609375,25.43091583251953,1261.9561767578125
451,1279.945556640625,25.341062545776367,1254.6044921875
452,1272.5626220703125,25.25261878967285,1247.31005859375
453,1265.2135009765625,25.165218353271484,1240.04833984375
454,1257.8941650390625,25.078805923461914,1232.8153076171875
455,1250.6451416015625,24.99371910095215,1225.6513671875
456,1243.541748046875,24.91063117980957,1218.631103515625
457,1236.66015625,24.83037757873535,1211.829833984375
458,1230.0479736328125,24.75373077392578,1205.294189453125
459,1223.7181396484375,24.681106567382812,1199.0369873046875
460,1217.66552734375,24.612323760986328,1193.05322265625
461,1211.87890625,24.546499252319336,1187.3323974609375
462,1206.3311767578125,24.482046127319336,1181.84912109375
463,1200.9649658203125,24.416893005371094,1176.548095703125
464,1195.6861572265625,24.348796844482422,1171.33740234375
465,1190.3834228515625,24.275691986083984,1166.1077880859375
466,1184.9593505859375,24.196025848388672,1160.7633056640625
467,1179.350341796875,24.108898162841797,1155.241455078125
468,1173.5240478515625,24.014116287231445,1149.5098876953125
469,1167.46533203125,23.912050247192383,1143.55322265625
470,1161.172119140625,23.803380966186523,1137.3687744140625
471,1154.66845703125,23.68886947631836,1130.9796142578125
472,1148.0208740234375,23.569156646728516,1124.45166015625
473,1141.3333740234375,23.444734573364258,1117.888671875
474,1134.724365234375,23.316020965576172,1111.4083251953125
475,1128.2940673828125,23.18358039855957,1105.1104736328125
476,1122.106689453125,23.048358917236328,1099.058349609375
477,1116.190673828125,22.911876678466797,1093.27880859375
478,1110.5430908203125,22.776254653930664,1087.766845703125
479,1105.1290283203125,22.64406394958496,1082.4849853515625
480,1099.8780517578125,22.51797866821289,1077.360107421875
481,1094.68994140625,22.400306701660156,1072.2896728515625
482,1089.452392578125,22.292583465576172,1067.1597900390625
483,1084.0623779296875,22.195283889770508,1061.8670654296875
484,1078.4368896484375,22.10781478881836,1056.3291015625
485,1072.5054931640625,22.028736114501953,1050.476806640625
486,1066.2015380859375,21.956209182739258,1044.245361328125
487,1059.4617919921875,21.888507843017578,1037.5732421875
488,1052.2412109375,21.824451446533203,1030.416748046875
489,1044.5286865234375,21.763681411743164,1022.7650146484375
490,1036.3521728515625,21.70665740966797,1014.6455078125
491,1027.770751953125,21.65447998046875,1006.1162719726562
492,1018.8629150390625,21.608539581298828,997.25439453125
493,1009.7178344726562,21.570165634155273,988.1476440429688
494,1000.4314575195312,21.540298461914062,978.8911743164062
495,991.1000366210938,21.519296646118164,969.5807495117188
496,981.8031005859375,21.506935119628906,960.296142578125
497,972.5818481445312,21.50251579284668,951.079345703125
498,963.424560546875,21.505115509033203,941.91943359375
499,954.2714233398438,21.513866424560547,932.757568359375
500,945.0370483398438,21.528202056884766,923.5088500976562
501,935.6376342773438,21.547977447509766,914.0896606445312
502,926.0108642578125,21.57341194152832,904.4374389648438
503,916.1221923828125,21.60487937927246,894.517333984375
504,905.9696044921875,21.642589569091797,884.3270263671875
505,895.5850830078125,21.686281204223633,873.8988037109375
506,885.036865234375,21.734996795654297,863.3018798828125
507,874.4227294921875,21.787052154541016,852.6356811523438
508,863.8512573242188,21.8402156829834,842.0110473632812
509,853.4232177734375,21.892030715942383,831.5311889648438
510,843.22119140625,21.940258026123047,821.2809448242188
511,833.3135986328125,21.983301162719727,811.330322265625
512,823.7651977539062,22.020509719848633,801.7446899414062
513,814.640625,22.052268981933594,792.58837890625
514,805.9949340820312,22.079904556274414,783.9150390625
515,797.856689453125,22.10533905029297,775.7513427734375
516,790.2149658203125,22.13067626953125,768.0842895507812
517,783.0169067382812,22.157758712768555,760.859130859375
518,776.1735229492188,22.187820434570312,753.9857177734375
519,769.5667114257812,22.221324920654297,747.3453979492188
520,763.0546875,22.258020401000977,740.7966918945312
521,756.4841918945312,22.29717254638672,734.18701171875
522,749.715087890625,22.337905883789062,727.377197265625
523,742.6515502929688,22.379528045654297,720.2720336914062
524,735.264404296875,22.421714782714844,712.8427124023438
525,727.5923461914062,22.464515686035156,705.1278076171875
526,719.7234497070312,22.508132934570312,697.21533203125
527,711.7710571289062,22.552644729614258,689.2183837890625
528,703.8543701171875,22.59770393371582,681.2566528320312
529,696.0864868164062,22.642345428466797,673.4441528320312
530,688.5618286132812,22.684988021850586,665.8768310546875
531,681.3412475585938,22.72366714477539,658.6175537109375
532,674.4397583007812,22.756404876708984,651.683349609375
533,667.8285522460938,22.78166961669922,645.046875
534,661.452392578125,22.79877471923828,638.6536254882812
535,655.2522583007812,22.808130264282227,632.4441528320312
536,649.180419921875,22.811237335205078,626.3692016601562
537,643.20166015625,22.810466766357422,620.3911743164062
538,637.2886962890625,22.808670043945312,614.4800415039062
539,631.4212036132812,22.808696746826172,608.6124877929688
540,625.5890502929688,22.812984466552734,602.7760620117188
541,619.7965698242188,22.82323455810547,596.9733276367188
542,614.05615234375,22.840347290039062,591.2158203125
543,608.3757934570312,22.864513397216797,585.5112915039062
544,602.7483520507812,22.895484924316406,579.8528442382812
545,597.1513061523438,22.932893753051758,574.2183837890625
546,591.5557861328125,22.97652816772461,568.5792846679688
547,585.9346923828125,23.02644920349121,562.9082641601562
548,580.2635498046875,23.082963943481445,557.1806030273438
549,574.5166625976562,23.14643669128418,551.3702392578125
550,568.6670532226562,23.216964721679688,545.4500732421875
551,562.69384765625,23.294116973876953,539.3997192382812
552,556.5914306640625,23.376707077026367,533.2147216796875
553,550.3726196289062,23.462785720825195,526.9098510742188
554,544.0609741210938,23.549779891967773,520.5111694335938
555,537.6807861328125,23.63484764099121,514.0459594726562
556,531.2505493164062,23.715299606323242,507.5352783203125
557,524.7826538085938,23.789011001586914,500.9936218261719
558,518.284423828125,23.854679107666016,494.4297180175781
559,511.75592041015625,23.9118709564209,487.84405517578125
560,505.1849670410156,23.960819244384766,481.2241516113281
561,498.54669189453125,24.002073287963867,474.54461669921875
562,491.81207275390625,24.03607749938965,467.7760009765625
563,484.9617004394531,24.062829971313477,460.89886474609375
564,477.9976501464844,24.08174705505371,453.9158935546875
565,470.9472961425781,24.091739654541016,446.8555603027344
566,463.86102294921875,24.091506958007812,439.7695007324219
567,456.8084411621094,24.079893112182617,432.7285461425781
568,449.8742370605469,24.0562744140625,425.8179626464844
569,443.15057373046875,24.02076530456543,419.12982177734375
570,436.72406005859375,23.974262237548828,412.7497863769531
571,430.6586608886719,23.918277740478516,406.7403869628906
572,424.98175048828125,23.854639053344727,401.1271057128906
573,419.6782531738281,23.78515625,395.8930969238281
574,414.6947021484375,23.71137237548828,390.98333740234375
575,409.9495849609375,23.634387969970703,386.315185546875
576,405.34674072265625,23.554916381835938,381.7918395996094
577,400.79046630859375,23.47344970703125,377.3170166015625
578,396.2005615234375,23.390487670898438,372.81005859375
579,391.52655029296875,23.306734085083008,368.2198181152344
580,386.7557678222656,23.223207473754883,363.5325622558594
581,381.91180419921875,23.141185760498047,358.7706298828125
582,377.04339599609375,23.062042236328125,353.9813537597656
583,372.2059326171875,22.986982345581055,349.2189636230469
584,367.44256591796875,22.916799545288086,344.5257568359375
585,362.7701110839844,22.851686477661133,339.9184265136719
586,358.1736755371094,22.791187286376953,335.3824768066406
587,353.61187744140625,22.734291076660156,330.8775939941406
588,349.03045654296875,22.679706573486328,326.3507385253906
589,344.3792724609375,22.626117706298828,321.7531433105469
590,339.62811279296875,22.57251739501953,317.05560302734375
591,334.7759094238281,22.518390655517578,312.25750732421875
592,329.851318359375,22.46381187438965,307.38751220703125
593,324.904052734375,22.409408569335938,302.4946594238281
594,319.98828125,22.356197357177734,297.632080078125
595,315.14306640625,22.30538558959961,292.8376770019531
596,310.37841796875,22.25817108154297,288.1202392578125
597,305.67181396484375,22.21554946899414,283.4562683105469
598,300.97625732421875,22.178247451782227,278.7980041503906
599,296.2346496582031,22.146705627441406,274.08795166015625
600,291.39508056640625,22.12117576599121,269.2738952636719
601,286.422119140625,22.1018123626709,264.3203125
602,281.3046569824219,22.088804244995117,259.2158508300781
603,276.06024169921875,22.0823974609375,253.9778289794922
604,270.7338562011719,22.082860946655273,248.6510009765625
605,265.3918151855469,22.090396881103516,243.30140686035156
606,260.1117858886719,22.104997634887695,238.0067901611328
607,254.97442626953125,22.12632179260254,232.8480987548828
608,250.05848693847656,22.153661727905273,227.9048309326172
609,245.43850708007812,22.185962677001953,223.25254821777344
610,241.18008422851562,22.22197723388672,218.95811462402344
611,237.3310089111328,22.26045799255371,215.070556640625
612,233.9116668701172,22.300350189208984,211.61131286621094
613,230.90960693359375,22.340967178344727,208.56863403320312
614,228.28199768066406,22.382047653198242,205.8999481201172
615,225.9635009765625,22.423683166503906,203.53981018066406
616,223.8775634765625,22.466182708740234,201.411376953125
617,221.9495086669922,22.509811401367188,199.439697265625
618,220.12156677246094,22.554611206054688,197.56695556640625
619,218.36474609375,22.600231170654297,195.76451110839844
620,216.6804962158203,22.64593505859375,194.03456115722656
621,215.08778381347656,22.690689086914062,192.3970947265625
622,213.6008758544922,22.733394622802734,190.8674774169922
623,212.20986938476562,22.773052215576172,189.4368133544922
624,210.87347412109375,22.80895233154297,188.0645294189453
625,209.525390625,22.840709686279297,186.68467712402344
626,208.0888671875,22.86819839477539,185.22067260742188
627,206.4945831298828,22.89139175415039,183.6031951904297
628,204.6989288330078,22.910140991210938,181.78878784179688
629,202.6996307373047,22.92397689819336,179.77565002441406
630,200.54190063476562,22.93206024169922,177.60983276367188
631,198.3085174560547,22.93319320678711,175.3753204345703
632,196.0955047607422,22.926010131835938,173.16949462890625
633,193.98440551757812,22.909212112426758,171.0751953125
634,192.0234375,22.881805419921875,169.14163208007812
635,190.22329711914062,22.84324073791504,167.3800506591797
636,188.5645751953125,22.79346466064453,165.77110290527344
637,187.0101318359375,22.73281478881836,164.27731323242188
638,185.5196990966797,22.6618709564209,162.8578338623047
639,184.06500244140625,22.581295013427734,161.48370361328125
640,182.6415252685547,22.49169921875,160.1498260498047
641,181.27059936523438,22.39366912841797,158.87692260742188
642,179.98854064941406,22.2878360748291,157.70069885253906
643,178.82908630371094,22.175031661987305,156.654052734375
644,177.80914306640625,22.056468963623047,155.75267028808594
645,176.92391967773438,21.93381118774414,154.9901123046875
646,176.14987182617188,21.809160232543945,154.34071350097656
647,175.4488525390625,21.684917449951172,153.76393127441406
648,174.7716827392578,21.5634765625,153.2082061767578
649,174.06375122070312,21.446979522705078,152.6167755126953
650,173.27447509765625,21.337032318115234,151.93743896484375
651,172.3666229248047,21.234577178955078,151.13204956054688
652,171.320556640625,21.13990020751953,150.18064880371094
653,170.13278198242188,21.052722930908203,149.08006286621094
654,168.8135223388672,20.972415924072266,147.8411102294922
655,167.38702392578125,20.898143768310547,146.48887634277344
656,165.89169311523438,20.829044342041016,145.06265258789062
657,164.37518310546875,20.764280319213867,143.61090087890625
658,162.88385009765625,20.703048706054688,142.18080139160156
659,161.4530487060547,20.64451026916504,140.80853271484375
660,160.10415649414062,20.58776092529297,139.5164031982422
661,158.84902954101562,20.53180694580078,138.3172149658203
662,157.6961212158203,20.475601196289062,137.22052001953125
663,156.65489196777344,20.418153762817383,136.2367401123047
664,155.73831176757812,20.358673095703125,135.379638671875
665,154.96612548828125,20.296710968017578,134.66941833496094
666,154.36622619628906,20.23226547241211,134.1339569091797
667,153.9685821533203,20.1657657623291,133.8028106689453
668,153.7912139892578,20.097963333129883,133.69325256347656
669,153.82456970214844,20.029691696166992,133.7948760986328
670,154.0247802734375,19.961610794067383,134.06317138671875
671,154.31756591796875,19.89397430419922,134.423583984375
672,154.60848999023438,19.82648468017578,134.78201293945312
673,154.79354858398438,19.758342742919922,135.0352020263672
674,154.76992797851562,19.688419342041016,135.08151245117188
675,154.44998168945312,19.615541458129883,134.83444213867188
676,153.77484130859375,19.53874969482422,134.23609924316406
677,152.72117614746094,19.457473754882812,133.26370239257812
678,151.29676818847656,19.371564865112305,131.92520141601562
679,149.53073120117188,19.281177520751953,130.2495574951172
680,147.4663543701172,19.186595916748047,128.27975463867188
681,145.15853881835938,19.088043212890625,126.07049560546875
682,142.67149353027344,18.98563575744629,123.68585968017578
683,140.0729217529297,18.879384994506836,121.19353485107422
684,137.42803955078125,18.769363403320312,118.65867614746094
685,134.7979736328125,18.65584945678711,116.14212036132812
686,132.24229431152344,18.539461135864258,113.70283508300781
687,129.82098388671875,18.42116355895996,111.39982604980469
688,127.59134674072266,18.302169799804688,109.28917694091797
689,125.60269165039062,18.183753967285156,107.41893768310547
690,123.8927001953125,18.067031860351562,105.82566833496094
691,122.48674011230469,17.9527645111084,104.53397369384766
692,121.39639282226562,17.84127426147461,103.55511474609375
693,120.61485290527344,17.73246955871582,102.88238525390625
694,120.11259460449219,17.626018524169922,102.48657989501953
695,119.83805847167969,17.521549224853516,102.3165054321289
696,119.72476959228516,17.418886184692383,102.3058853149414
697,119.69989013671875,17.318159103393555,102.38172912597656
698,119.69073486328125,17.21982192993164,102.47090911865234
699,119.63002014160156,17.12450408935547,102.5055160522461
700,119.46282958984375,17.03284454345703,102.42998504638672
701,119.15238952636719,16.94527816772461,102.20711517333984
702,118.68205261230469,16.861940383911133,101.82011413574219
703,118.05165100097656,16.78268051147461,101.26897430419922
704,117.2728042602539,16.70714569091797,100.56565856933594
705,116.36602783203125,16.634952545166016,99.7310791015625
706,115.35938262939453,16.5657958984375,98.79358673095703
707,114.28512573242188,16.499561309814453,97.78556060791016
708,113.17550659179688,16.43627166748047,96.7392349243164
709,112.05921173095703,16.376022338867188,95.68318939208984
710,110.96107482910156,16.31884002685547,94.6422348022461
711,109.90277862548828,16.264602661132812,93.63817596435547
712,108.9024887084961,16.212989807128906,92.68949890136719
713,107.97344970703125,16.1635799407959,91.80986785888672
714,107.12318420410156,16.1159725189209,91.00720977783203
715,106.35359191894531,16.069978713989258,90.28361511230469
716,105.66121673583984,16.025718688964844,89.635498046875
717,105.03628540039062,15.98365306854248,89.0526351928711
718,104.46226501464844,15.944463729858398,88.5177993774414
719,103.91771697998047,15.908836364746094,88.00888061523438
720,103.38015747070312,15.877216339111328,87.50294494628906
721,102.82981872558594,15.849621772766113,86.98019409179688
722,102.25182342529297,15.825571060180664,86.42625427246094
723,101.63703918457031,15.804169654846191,85.83287048339844
724,100.9818344116211,15.784292221069336,85.19754028320312
725,100.2873306274414,15.764801025390625,84.52252960205078
726,99.5577392578125,15.74472427368164,83.81301879882812
727,98.79798889160156,15.723312377929688,83.07467651367188
728,98.01246643066406,15.699978828430176,82.31248474121094
729,97.20468139648438,15.674161911010742,81.530517578125
730,96.37828063964844,15.645206451416016,80.73307037353516
731,95.53791046142578,15.61230754852295,79.92560577392578
732,94.68994140625,15.574596405029297,79.11534881591797
733,93.84217834472656,15.531293869018555,78.31088256835938
734,93.00296783447266,15.48193073272705,77.52103424072266
735,92.18006896972656,15.426483154296875,76.75358581542969
736,91.3799819946289,15.365427017211914,76.01455688476562
737,90.60794067382812,15.299610137939453,75.30833435058594
738,89.86808013916016,15.230066299438477,74.63801574707031
739,89.16316223144531,15.157777786254883,74.00538635253906
740,88.49420166015625,15.083503723144531,73.41069793701172
741,87.85987091064453,15.007733345031738,72.85213470458984
742,87.255615234375,14.930757522583008,72.32485961914062
743,86.67225646972656,14.852821350097656,71.8194351196289
744,86.09588623046875,14.77426528930664,71.32161712646484
745,85.51050567626953,14.69560718536377,70.81489562988281
746,84.9029312133789,14.617527961730957,70.285400390625
747,84.26693725585938,14.540727615356445,69.72621154785156
748,83.60447692871094,14.465774536132812,69.13870239257812
749,82.92420959472656,14.392950057983398,68.53125762939453
750,82.23890686035156,14.32221794128418,67.91668701171875
751,81.56138610839844,14.253260612487793,67.3081283569336
752,80.89968872070312,14.185622215270996,66.71406555175781
753,80.25347137451172,14.118882179260254,66.13459014892578
754,79.61490631103516,14.052764892578125,65.56214141845703
755,78.97360229492188,13.98719310760498,64.98641204833984
756,78.32157897949219,13.922207832336426,64.39936828613281
757,77.65508270263672,13.857853889465332,63.7972297668457
758,76.97435760498047,13.79403305053711,63.18032455444336
759,76.2833251953125,13.730435371398926,62.552886962890625
760,75.5890884399414,13.666570663452148,61.92251968383789
761,74.89990997314453,13.601874351501465,61.298038482666016
762,74.22282409667969,13.535861015319824,60.68696212768555
763,73.5639419555664,13.468274116516113,60.09566879272461
764,72.93185424804688,13.399145126342773,59.53270721435547
765,72.3393783569336,13.328753471374512,59.01062774658203
766,71.80105590820312,13.257524490356445,58.54353332519531
767,71.32808685302734,13.185895919799805,58.14219284057617
768,70.9249267578125,13.114206314086914,57.81071853637695
769,70.58843231201172,13.042657852172852,57.545772552490234
770,70.30775451660156,12.97135066986084,57.33640670776367
771,70.06497192382812,12.900351524353027,57.16462326049805
772,69.83893585205078,12.829771041870117,57.0091667175293
773,69.61183166503906,12.759814262390137,56.852020263671875
774,69.37344360351562,12.690779685974121,56.68266677856445
775,69.12007141113281,12.623000144958496,56.497074127197266
776,68.85030364990234,12.556772232055664,56.29352951049805
777,68.56266784667969,12.49227523803711,56.07038879394531
778,68.25570678710938,12.429543495178223,55.82616424560547
779,67.9281997680664,12.36845874786377,55.55973815917969
780,67.57907104492188,12.308799743652344,55.270267486572266
781,67.20936584472656,12.250324249267578,54.95903778076172
782,66.8250961303711,12.192845344543457,54.63225173950195
783,66.43771362304688,12.136282920837402,54.30143356323242
784,66.05986022949219,12.080690383911133,53.97916793823242
785,65.7005615234375,12.026205062866211,53.67435836791992
786,65.36363983154297,11.972982406616211,53.39065933227539
787,65.04908752441406,11.921098709106445,53.127986907958984
788,64.75462341308594,11.870508193969727,52.88411331176758
789,64.47630310058594,11.821027755737305,52.655277252197266
790,64.20970153808594,11.772392272949219,52.43730926513672
791,63.95075607299805,11.724360466003418,52.22639465332031
792,63.69465637207031,11.676810264587402,52.017845153808594
793,63.43262481689453,11.629804611206055,51.80282211303711
794,63.150779724121094,11.58355712890625,51.567222595214844
795,62.832679748535156,11.538339614868164,51.294342041015625
796,62.464759826660156,11.494344711303711,50.97041702270508
797,62.04093551635742,11.451558113098145,50.589378356933594
798,61.56517028808594,11.409734725952148,50.155433654785156
799,61.051513671875,11.368473052978516,49.683040618896484
800,60.521507263183594,11.327363014221191,49.19414520263672
801,59.99909210205078,11.286161422729492,48.712928771972656
802,59.504642486572266,11.244874000549316,48.259769439697266
803,59.05082702636719,11.203737258911133,47.84708786010742
804,58.64165115356445,11.163070678710938,47.478580474853516
805,58.27471160888672,11.123092651367188,47.15161895751953
806,57.944244384765625,11.083788871765137,46.86045455932617
807,57.64348602294922,11.044907569885254,46.59857940673828
808,57.36553192138672,11.00609016418457,46.359439849853516
809,57.1033935546875,10.967077255249023,46.13631820678711
810,56.85035705566406,10.927896499633789,45.92245864868164
811,56.60008239746094,10.88891315460205,45.7111701965332
812,56.34657669067383,10.850724220275879,45.495853424072266
813,56.084896087646484,10.81393814086914,45.270957946777344
814,55.812950134277344,10.778932571411133,45.034019470214844
815,55.53256607055664,10.745726585388184,44.78683853149414
816,55.24796676635742,10.714027404785156,44.533939361572266
817,54.9630126953125,10.683412551879883,44.279598236083984
818,54.67999267578125,10.653581619262695,44.02640914916992
819,54.40024948120117,10.624515533447266,43.775733947753906
820,54.12446975708008,10.596477508544922,43.527992248535156
821,53.852073669433594,10.569854736328125,43.28221893310547
822,53.581546783447266,10.544913291931152,43.0366325378418
823,53.31162643432617,10.52160358428955,42.79002380371094
824,53.040836334228516,10.499505043029785,42.54133224487305
825,52.76504898071289,10.4779691696167,42.287078857421875
826,52.47622299194336,10.456351280212402,42.01987075805664
827,52.16469192504883,10.434242248535156,41.73044967651367
828,51.822601318359375,10.411575317382812,41.41102600097656
829,51.44609069824219,10.388561248779297,41.05752944946289
830,51.03615951538086,10.36546802520752,40.670692443847656
831,50.59983444213867,10.342392921447754,40.257442474365234
832,50.150054931640625,10.319129943847656,39.83092498779297
833,49.702301025390625,10.295207977294922,39.4070930480957
834,49.26976776123047,10.270087242126465,38.99967956542969
835,48.860740661621094,10.243407249450684,38.617332458496094
836,48.478919982910156,10.215177536010742,38.26374053955078
837,48.12439727783203,10.185800552368164,37.9385986328125
838,47.7943115234375,10.155913352966309,37.638397216796875
839,47.48445129394531,10.126145362854004,37.358306884765625
840,47.19165802001953,10.09691047668457,37.094749450683594
841,46.91471862792969,10.068324089050293,36.84639358520508
842,46.65296173095703,10.04030704498291,36.61265563964844
843,46.40469741821289,10.012770652770996,36.39192581176758
844,46.16719055175781,9.98581314086914,36.18137741088867
845,45.93738555908203,9.959785461425781,35.97760009765625
846,45.71196746826172,9.93519401550293,35.776771545410156
847,45.48750686645508,9.912510871887207,35.57499694824219
848,45.26118469238281,9.891962051391602,35.36922073364258
849,45.03163528442383,9.873428344726562,35.158206939697266
850,44.799034118652344,9.856491088867188,34.942543029785156
851,44.564697265625,9.840604782104492,34.72409439086914
852,44.330894470214844,9.825297355651855,34.50559616088867
853,44.10112762451172,9.810300827026367,34.29082489013672
854,43.87997817993164,9.79555606842041,34.08442306518555
855,43.67210006713867,9.781085968017578,33.891014099121094
856,43.48036575317383,9.76684284210205,33.713523864746094
857,43.30446243286133,9.752579689025879,33.551883697509766
858,43.14054870605469,9.737850189208984,33.4026985168457
859,42.981807708740234,9.722099304199219,33.259708404541016
860,42.81964874267578,9.704832077026367,33.11481475830078
861,42.64546203613281,9.685747146606445,32.959716796875
862,42.45286178588867,9.664776802062988,32.7880859375
863,42.23919677734375,9.642046928405762,32.59714889526367
864,42.004817962646484,9.617748260498047,32.38706970214844
865,41.75084686279297,9.592035293579102,32.158809661865234
866,41.477699279785156,9.564977645874023,31.9127197265625
867,41.185157775878906,9.53659439086914,31.648563385009766
868,40.8729362487793,9.506914138793945,31.36602210998535
869,40.54133224487305,9.47606372833252,31.065269470214844
870,40.19283676147461,9.44429874420166,30.748538970947266
871,39.83392333984375,9.411988258361816,30.421934127807617
872,39.47453689575195,9.379545211791992,30.09499168395996
873,39.125057220458984,9.347365379333496,29.777690887451172
874,38.793373107910156,9.315759658813477,29.47761344909668
875,38.48417663574219,9.284933090209961,29.199243545532227
876,38.19928741455078,9.254999160766602,28.944290161132812
877,37.93797302246094,9.22600269317627,28.71196937561035
878,37.698204040527344,9.19796085357666,28.500244140625
879,37.478919982910156,9.17088508605957,28.30803680419922
880,37.280906677246094,9.14479923248291,28.136106491088867
881,37.10493087768555,9.119733810424805,27.985197067260742
882,36.94948196411133,9.095710754394531,27.853771209716797
883,36.81047821044922,9.072707176208496,27.737770080566406
884,36.68222427368164,9.050618171691895,27.63160514831543
885,36.558250427246094,9.029237747192383,27.529014587402344
886,36.4322624206543,9.008271217346191,27.42399024963379
887,36.299842834472656,8.987384796142578,27.31245994567871
888,36.15961456298828,8.96628189086914,27.193334579467773
889,36.01221466064453,8.944770812988281,27.06744384765625
890,35.85880661010742,8.92277717590332,26.9360294342041
891,35.7008056640625,8.900300979614258,26.800504684448242
892,35.540470123291016,8.877300262451172,26.663169860839844
893,35.38080596923828,8.853601455688477,26.527204513549805
894,35.224693298339844,8.828864097595215,26.395830154418945
895,35.07372283935547,8.802644729614258,26.271080017089844
896,34.927154541015625,8.774526596069336,26.152629852294922
897,34.78093719482422,8.744264602661133,26.03667449951172
898,34.62754440307617,8.711832046508789,25.915712356567383
899,34.45779800415039,8.67737865447998,25.780418395996094
900,34.264095306396484,8.641095161437988,25.623001098632812
901,34.043296813964844,8.603058815002441,25.44023895263672
902,33.79776382446289,8.563179016113281,25.23458480834961
903,33.5340461730957,8.521265029907227,25.012781143188477
904,33.26031494140625,8.477178573608398,24.78313446044922
905,32.98373794555664,8.430994033813477,24.552743911743164
906,32.708858489990234,8.383065223693848,24.325794219970703
907,32.43727111816406,8.333942413330078,24.103328704833984
908,32.1693000793457,8.284171104431152,23.885129928588867
909,31.906570434570312,8.23409652709961,23.672473907470703
910,31.653541564941406,8.183772087097168,23.469768524169922
911,31.41645050048828,8.133036613464355,23.283414840698242
912,31.20093536376953,8.081707954406738,23.119226455688477
913,31.01009178161621,8.029802322387695,22.980289459228516
914,30.843364715576172,7.9776201248168945,22.86574363708496
915,30.69594383239746,7.925680637359619,22.770263671875
916,30.55978775024414,7.874530792236328,22.685256958007812
917,30.426280975341797,7.824554443359375,22.601726531982422
918,30.28854751586914,7.775888919830322,22.512659072875977
919,30.14180564880371,7.728496551513672,22.41330909729004
920,29.982824325561523,7.6823601722717285,22.300464630126953
921,29.81021499633789,7.637661933898926,22.17255210876465
922,29.624752044677734,7.594844341278076,22.0299072265625
923,29.4287109375,7.554497718811035,21.87421417236328
924,29.225168228149414,7.517143249511719,21.708024978637695
925,29.01807975769043,7.483022212982178,21.535057067871094
926,28.812091827392578,7.452005863189697,21.36008644104004
927,28.61103630065918,7.423677444458008,21.187358856201172
928,28.41692352294922,7.397540092468262,21.019384384155273
929,28.230663299560547,7.373218536376953,20.857444763183594
930,28.05356216430664,7.350539207458496,20.703022003173828
931,27.88764190673828,7.3294677734375,20.55817413330078
932,27.73540687561035,7.309930801391602,20.42547607421875
933,27.599529266357422,7.2916460037231445,20.30788230895996
934,27.481950759887695,7.274080753326416,20.207870483398438
935,27.382165908813477,7.256553649902344,20.125612258911133
936,27.296283721923828,7.238432884216309,20.057849884033203
937,27.218042373657227,7.219297409057617,19.99874496459961
938,27.140819549560547,7.199007987976074,19.94181251525879
939,27.059097290039062,7.177617073059082,19.881481170654297
940,26.969343185424805,7.155193328857422,19.814149856567383
941,26.870357513427734,7.131681442260742,19.738676071166992
942,26.76287078857422,7.106869697570801,19.656002044677734
943,26.648258209228516,7.080484390258789,19.567773818969727
944,26.527442932128906,7.052351951599121,19.47509002685547
945,26.400667190551758,7.022533416748047,19.37813377380371
946,26.267972946166992,6.991342544555664,19.276630401611328
947,26.129610061645508,6.959247589111328,19.17036247253418
948,25.986148834228516,6.926713466644287,19.05943489074707
949,25.83843421936035,6.89409065246582,18.94434356689453
950,25.687618255615234,6.861575126647949,18.8260440826416
951,25.53507423400879,6.829273223876953,18.705801010131836
952,25.38212776184082,6.797306060791016,18.584821701049805
953,25.22978401184082,6.765874862670898,18.463909149169922
954,25.079008102416992,6.7352447509765625,18.34376335144043
955,24.930971145629883,6.705677032470703,18.22529411315918
956,24.78660774230957,6.677319049835205,18.109289169311523
957,24.64622688293457,6.6501617431640625,17.996065139770508
958,24.509790420532227,6.624053955078125,17.8857364654541
959,24.37746810913086,6.598780632019043,17.7786865234375
960,24.24950408935547,6.574145317077637,17.675357818603516
961,24.125873565673828,6.5500335693359375,17.57583999633789
962,24.006412506103516,6.526415824890137,17.479997634887695
963,23.890817642211914,6.503314971923828,17.387502670288086
964,23.77800750732422,6.480777740478516,17.297229766845703
965,23.665727615356445,6.458842754364014,17.206884384155273
966,23.5513916015625,6.4375410079956055,17.11385154724121
967,23.43318748474121,6.416903972625732,17.01628303527832
968,23.3101806640625,6.396963119506836,16.913217544555664
969,23.182321548461914,6.37774658203125,16.804574966430664
970,23.050661087036133,6.359269618988037,16.691390991210938
971,22.917062759399414,6.341545104980469,16.575517654418945
972,22.783050537109375,6.324584007263184,16.458467483520508
973,22.649085998535156,6.308408737182617,16.34067726135254
974,22.514972686767578,6.293028831481934,16.221942901611328
975,22.38045310974121,6.278417587280273,16.102035522460938
976,22.245311737060547,6.264481544494629,15.980829238891602
977,22.10967445373535,6.251065731048584,15.85860824584961
978,21.974510192871094,6.237997055053711,15.736513137817383
979,21.841552734375,6.225144386291504,15.616408348083496
980,21.71245574951172,6.212465763092041,15.49998950958252
981,21.58826446533203,6.199995994567871,15.388267517089844
982,21.469654083251953,6.187787055969238,15.281867027282715
983,21.357215881347656,6.175809860229492,15.181405067443848
984,21.251501083374023,6.163911819458008,15.087589263916016
985,21.153247833251953,6.151836395263672,15.001410484313965
986,21.063453674316406,6.139317512512207,14.924137115478516
987,20.983043670654297,6.126190185546875,14.856854438781738
988,20.912044525146484,6.112449645996094,14.79959487915039
989,20.84906005859375,6.098219871520996,14.75084114074707
990,20.79131507873535,6.083642482757568,14.707673072814941
991,20.73526382446289,6.068758964538574,14.666504859924316
992,20.67721176147461,6.053463935852051,14.623748779296875
993,20.613842010498047,6.037569046020508,14.576272010803223
994,20.54277801513672,6.020929336547852,14.521848678588867
995,20.463016510009766,6.00356912612915,14.459446907043457
996,20.374908447265625,5.985694885253906,14.389213562011719
997,20.279829025268555,5.967597484588623,14.312231063842773
998,20.180194854736328,5.949496269226074,14.230698585510254
999,20.07938575744629,5.9314188957214355,14.147967338562012
1000,19.981046676635742,5.913206577301025,14.067839622497559
1001,19.88782501220703,5.894636154174805,13.993189811706543
1002,19.800678253173828,5.87559175491333,13.925086975097656
1003,19.718765258789062,5.856170177459717,13.862595558166504
1004,19.639589309692383,5.8366498947143555,13.802939414978027
1005,19.559703826904297,5.817363739013672,13.742340087890625
1006,19.476167678833008,5.798521995544434,13.677645683288574
1007,19.387805938720703,5.780139923095703,13.607666969299316
1008,19.295013427734375,5.762092113494873,13.53292179107666
1009,19.198867797851562,5.74424934387207,13.454619407653809
1010,19.10053253173828,5.726627826690674,13.37390422821045
1011,19.00086784362793,5.709427833557129,13.2914400100708
1012,18.90007972717285,5.692947864532471,13.207131385803223
1013,18.798078536987305,5.677413463592529,13.120664596557617
1014,18.695526123046875,5.662850379943848,13.032675743103027
1015,18.594223022460938,5.649064064025879,12.945159912109375
1016,18.496381759643555,5.635753631591797,12.860628128051758
1017,18.403762817382812,5.622686386108398,12.78107738494873
1018,18.317304611206055,5.609802722930908,12.707502365112305
1019,18.236915588378906,5.5972137451171875,12.639701843261719
1020,18.16151237487793,5.585084915161133,12.576427459716797
1021,18.089679718017578,5.573481559753418,12.516197204589844
1022,18.020477294921875,5.562309265136719,12.458168029785156
1023,17.953506469726562,5.551342010498047,12.402164459228516
1024,17.888378143310547,5.540362358093262,12.348014831542969
1025,17.824459075927734,5.5292744636535645,12.295185089111328
1026,17.761045455932617,5.518151760101318,12.24289321899414
1027,17.69761085510254,5.5071563720703125,12.190454483032227
1028,17.634075164794922,5.496416091918945,12.137660026550293
1029,17.571022033691406,5.485926628112793,12.085094451904297
1030,17.50956153869629,5.475530624389648,12.03403091430664
1031,17.4506893157959,5.465014934539795,11.985674858093262
1032,17.39449691772461,5.454214572906494,11.940281867980957
1033,17.340024948120117,5.44308614730835,11.896939277648926
1034,17.285737991333008,5.4316935539245605,11.854044914245605
1035,17.230205535888672,5.420125484466553,11.810079574584961
1036,17.172523498535156,5.408403396606445,11.764120101928711
1037,17.11245346069336,5.396438121795654,11.716014862060547
1038,17.050310134887695,5.384066104888916,11.666244506835938
1039,16.98653793334961,5.371119499206543,11.615419387817383
1040,16.921199798583984,5.357500076293945,11.563700675964355
1041,16.854066848754883,5.343191623687744,11.51087474822998
1042,16.785175323486328,5.3282294273376465,11.45694637298584
1043,16.715126037597656,5.3126540184021,11.402472496032715
1044,16.644817352294922,5.296470642089844,11.348347663879395
1045,16.575271606445312,5.279658317565918,11.295614242553711
1046,16.507457733154297,5.262211322784424,11.245246887207031
1047,16.441974639892578,5.244172096252441,11.197803497314453
1048,16.378829956054688,5.225652694702148,11.153177261352539
1049,16.317852020263672,5.206819534301758,11.111032485961914
1050,16.25908660888672,5.187870025634766,11.07121753692627
1051,16.2025146484375,5.169014930725098,11.033500671386719
1052,16.147539138793945,5.150460720062256,10.997078895568848
1053,16.093013763427734,5.132408142089844,10.960604667663574
1054,16.037364959716797,5.115042686462402,10.922323226928711
1055,15.978705406188965,5.098511695861816,10.880193710327148
1056,15.91533088684082,5.082916736602783,10.832414627075195
1057,15.84648323059082,5.068321704864502,10.778162002563477
1058,15.772424697875977,5.054764270782471,10.717659950256348
1059,15.693872451782227,5.042290210723877,10.651581764221191
1060,15.611563682556152,5.030942916870117,10.580620765686035
1061,15.526205062866211,5.0207438468933105,10.505460739135742
1062,15.438352584838867,5.011654376983643,10.426698684692383
1063,15.348499298095703,5.003564834594727,10.344934463500977
1064,15.257440567016602,4.996314525604248,10.261125564575195
1065,15.166510581970215,4.989755630493164,10.17675495147705
1066,15.077260971069336,4.983804702758789,10.093456268310547
1067,14.991079330444336,4.978444576263428,10.01263427734375
1068,14.9090576171875,4.973681926727295,9.935376167297363
1069,14.832062721252441,4.969466209411621,9.86259651184082
1070,14.76069450378418,4.965645790100098,9.795048713684082
1071,14.695261001586914,4.961976528167725,9.733284950256348
1072,14.6358003616333,4.9582109451293945,9.677589416503906
1073,14.581989288330078,4.954178333282471,9.62781047821045
1074,14.532988548278809,4.949827194213867,9.583161354064941
1075,14.48752212524414,4.945188999176025,9.542332649230957
1076,14.444230079650879,4.940281867980957,9.503948211669922
1077,14.402103424072266,4.935033798217773,9.467069625854492
1078,14.360475540161133,4.9292731285095215,9.431201934814453
1079,14.318811416625977,4.922801971435547,9.39600944519043
1080,14.276514053344727,4.9155049324035645,9.361008644104004
1081,14.232794761657715,4.907408714294434,9.325386047363281
1082,14.18668270111084,4.898655891418457,9.288026809692383
1083,14.137262344360352,4.889394283294678,9.247868537902832
1084,14.084243774414062,4.879662036895752,9.204582214355469
1085,14.028213500976562,4.869349956512451,9.158863067626953
1086,13.970255851745605,4.858268737792969,9.111987113952637
1087,13.911497116088867,4.8462724685668945,9.065224647521973
1088,13.8529052734375,4.833357334136963,9.019548416137695
1089,13.795095443725586,4.819677829742432,8.975418090820312
1090,13.738271713256836,4.80544900894165,8.932823181152344
1091,13.682624816894531,4.790833950042725,8.891791343688965
1092,13.628639221191406,4.775877952575684,8.852761268615723
1093,13.576848030090332,4.760540008544922,8.81630802154541
1094,13.527307510375977,4.744809627532959,8.782498359680176
1095,13.479429244995117,4.728796005249023,8.750633239746094
1096,13.432034492492676,4.712747573852539,8.719286918640137
1097,13.383456230163574,4.696954727172852,8.686501502990723
1098,13.332074165344238,4.6816205978393555,8.650453567504883
1099,13.277053833007812,4.666764736175537,8.610288619995117
1100,13.218570709228516,4.652242183685303,8.566329002380371
1101,13.157512664794922,4.637844562530518,8.519668579101562
1102,13.095130920410156,4.623421669006348,8.471709251403809
1103,13.032783508300781,4.60894250869751,8.42384147644043
1104,12.97153091430664,4.594452857971191,8.37707805633545
1105,12.911898612976074,4.579987525939941,8.331911087036133
1106,12.854010581970215,4.565492630004883,8.288517951965332
1107,12.797776222229004,4.550835609436035,8.246940612792969
1108,12.742874145507812,4.535880088806152,8.20699405670166
1109,12.688835144042969,4.520589828491211,8.168245315551758
1110,12.635322570800781,4.50506591796875,8.130256652832031
1111,12.582311630249023,4.489511489868164,8.09280014038086
1112,12.530061721801758,4.474131107330322,8.055931091308594
1113,12.479043960571289,4.459038257598877,8.02000617980957
1114,12.429792404174805,4.444231986999512,7.985559940338135
1115,12.382650375366211,4.429646015167236,7.953004837036133
1116,12.337566375732422,4.415228366851807,7.922338485717773
1117,12.294111251831055,4.400992393493652,7.893118381500244
1118,12.251791000366211,4.387018203735352,7.864772319793701
1119,12.21034049987793,4.3733906745910645,7.836949825286865
1120,12.169764518737793,4.36014986038208,7.809614658355713
1121,12.130228042602539,4.3472700119018555,7.782958507537842
1122,12.091896057128906,4.334690093994141,7.757205963134766
1123,12.054641723632812,4.322371959686279,7.732269763946533
1124,12.01785659790039,4.310325622558594,7.707531452178955
1125,11.980697631835938,4.298604965209961,7.682093143463135
1126,11.942574501037598,4.2872633934021,7.655311107635498
1127,11.903390884399414,4.276313304901123,7.627078056335449
1128,11.863539695739746,4.265707492828369,7.597832202911377
1129,11.823810577392578,4.255356788635254,7.568454265594482
1130,11.785054206848145,4.245164394378662,7.539889812469482
1131,11.747659683227539,4.235050201416016,7.512609004974365
1132,11.711362838745117,4.2249579429626465,7.486404895782471
1133,11.675531387329102,4.214855194091797,7.460676193237305
1134,11.639411926269531,4.204721450805664,7.434690952301025
1135,11.602251052856445,4.194546699523926,7.407704830169678
1136,11.563529968261719,4.184335708618164,7.379194736480713
1137,11.523077011108398,4.174108505249023,7.348968505859375
1138,11.480856895446777,4.163882255554199,7.316974639892578
1139,11.436816215515137,4.15365743637085,7.283158779144287
1140,11.391061782836914,4.143413543701172,7.247647762298584
1141,11.343902587890625,4.133113861083984,7.210789203643799
1142,11.29575252532959,4.122725009918213,7.173027515411377
1143,11.2470703125,4.112215518951416,7.134854793548584
1144,11.19842529296875,4.101552963256836,7.096872329711914
1145,11.150278091430664,4.090681076049805,7.059597492218018
1146,11.102890968322754,4.079525947570801,7.023365020751953
1147,11.056419372558594,4.068020820617676,6.988398551940918
1148,11.011001586914062,4.05614709854126,6.954854965209961
1149,10.966651916503906,4.043969631195068,6.922682285308838
1150,10.923206329345703,4.03162956237793,6.891576290130615
1151,10.880396842956543,4.019291877746582,6.861104965209961
1152,10.837875366210938,4.007084846496582,6.8307905197143555
1153,10.795272827148438,3.9950661659240723,6.800206184387207
1154,10.752342224121094,3.9832396507263184,6.769102096557617
1155,10.709121704101562,3.971601963043213,6.73751974105835
1156,10.665828704833984,3.960181713104248,6.705646514892578
1157,10.622743606567383,3.9490394592285156,6.673704624176025
1158,10.58012580871582,3.9382176399230957,6.641908168792725
1159,10.538219451904297,3.9276819229125977,6.610537528991699
1160,10.497283935546875,3.917306661605835,6.579977512359619
1161,10.45755672454834,3.90692138671875,6.55063533782959
1162,10.419241905212402,3.8963921070098877,6.522850036621094
1163,10.38238525390625,3.885681629180908,6.496703624725342
1164,10.34669017791748,3.8748486042022705,6.471841812133789
1165,10.31142520904541,3.8639745712280273,6.447450637817383
1166,10.275701522827148,3.853084087371826,6.422617435455322
1167,10.238741874694824,3.8421084880828857,6.396633625030518
1168,10.200095176696777,3.830928325653076,6.369166851043701
1169,10.159753799438477,3.8194565773010254,6.340297222137451
1170,10.118173599243164,3.8077025413513184,6.310471057891846
1171,10.076009750366211,3.7957658767700195,6.280243396759033
1172,10.033879280090332,3.783766031265259,6.250113010406494
1173,9.992366790771484,3.771761894226074,6.22060489654541
1174,9.952081680297852,3.7597250938415527,6.192356109619141
1175,9.91353988647461,3.747589111328125,6.165950298309326
1176,9.877098083496094,3.7353389263153076,6.141759395599365
1177,9.842916488647461,3.7230677604675293,6.119848728179932
1178,9.810821533203125,3.7109532356262207,6.0998687744140625
1179,9.780244827270508,3.6991732120513916,6.081071853637695
1180,9.750467300415039,3.6878066062927246,6.062661170959473
1181,9.72087574005127,3.6768064498901367,6.044069290161133
1182,9.690978050231934,3.6660494804382324,6.024928569793701
1183,9.660388946533203,3.655430316925049,6.004958152770996
1184,9.628826141357422,3.644918918609619,5.9839067459106445
1185,9.596041679382324,3.6345560550689697,5.961485862731934
1186,9.561788558959961,3.6243748664855957,5.937413692474365
1187,9.526012420654297,3.6143391132354736,5.911673545837402
1188,9.489044189453125,3.604325771331787,5.884718418121338
1189,9.45148754119873,3.5941898822784424,5.857297420501709
1190,9.414015769958496,3.583843469619751,5.830172538757324
1191,9.377272605895996,3.573301315307617,5.803971290588379
1192,9.341718673706055,3.562648296356201,5.7790703773498535
1193,9.307567596435547,3.5519626140594482,5.7556047439575195
1194,9.274911880493164,3.541243553161621,5.733668804168701
1195,9.243789672851562,3.5303969383239746,5.71339225769043
1196,9.214112281799316,3.519294500350952,5.694818019866943
1197,9.185539245605469,3.5078463554382324,5.677692890167236
1198,9.157501220703125,3.496044158935547,5.661457538604736
1199,9.129352569580078,3.4839367866516113,5.645416259765625
1200,9.100587844848633,3.471576452255249,5.629011154174805
1201,9.071048736572266,3.458970069885254,5.61207914352417
1202,9.040982246398926,3.446086883544922,5.594895362854004
1203,9.010845184326172,3.432905673980713,5.577939987182617
1204,8.980989456176758,3.419464588165283,5.561525344848633
1205,8.95148754119873,3.4058754444122314,5.545612335205078
1206,8.922225952148438,3.392282485961914,5.529942989349365
1207,8.893089294433594,3.3788158893585205,5.514273166656494
1208,8.864114761352539,3.3655457496643066,5.498568534851074
1209,8.835575103759766,3.3524951934814453,5.483079433441162
1210,8.807821273803711,3.339672565460205,5.468148708343506
1211,8.780990600585938,3.327108860015869,5.45388126373291
1212,8.75484848022461,3.314864158630371,5.43998384475708
1213,8.728906631469727,3.303004264831543,5.425902366638184
1214,8.702634811401367,3.2915730476379395,5.4110612869262695
1215,8.675615310668945,3.2805819511413574,5.395033836364746
1216,8.647649765014648,3.2700138092041016,5.377635478973389
1217,8.618754386901855,3.259843349456787,5.358911037445068
1218,8.588943481445312,3.250046730041504,5.338897228240967
1219,8.55810546875,3.240593433380127,5.317512512207031
1220,8.526100158691406,3.2314329147338867,5.2946672439575195
1221,8.492816925048828,3.2224903106689453,5.270326614379883
1222,8.458187103271484,3.2136712074279785,5.244515895843506
1223,8.422262191772461,3.204881191253662,5.217380523681641
1224,8.385271072387695,3.196037769317627,5.18923282623291
1225,8.347543716430664,3.187073230743408,5.160470485687256
1226,8.309545516967773,3.177936315536499,5.1316094398498535
1227,8.271936416625977,3.1685996055603027,5.103336811065674
1228,8.235472679138184,3.1590685844421387,5.076404094696045
1229,8.200766563415527,3.1493921279907227,5.051374435424805
1230,8.168155670166016,3.139648914337158,5.028507232666016
1231,8.1376371383667,3.1299242973327637,5.0077128410339355
1232,8.10888671875,3.1202797889709473,4.988607406616211
1233,8.081411361694336,3.1107358932495117,4.970675468444824
1234,8.0548095703125,3.101290225982666,4.953519344329834
1235,8.028831481933594,3.0919415950775146,4.9368896484375
1236,8.003271102905273,3.082705020904541,4.920565605163574
1237,7.977937698364258,3.0735998153686523,4.9043378829956055
1238,7.9525957107543945,3.0646238327026367,4.887971878051758
1239,7.926999568939209,3.0557289123535156,4.871270656585693
1240,7.900959491729736,3.0468358993530273,4.854123592376709
1241,7.87446403503418,3.0378761291503906,4.836587905883789
1242,7.847627639770508,3.028832197189331,4.818795680999756
1243,7.820561408996582,3.0197436809539795,4.800817966461182
1244,7.7932891845703125,3.010669708251953,4.782619476318359
1245,7.765761852264404,3.001636505126953,4.764125347137451
1246,7.73792839050293,2.9926083087921143,4.7453203201293945
1247,7.709833145141602,2.9835152626037598,4.726317882537842
1248,7.681661128997803,2.974299430847168,4.707361698150635
1249,7.653729438781738,2.9649672508239746,4.688762187957764
1250,7.62634801864624,2.955580234527588,4.670767784118652
1251,7.599729537963867,2.9462177753448486,4.6535115242004395
1252,7.573981761932373,2.9369211196899414,4.637060642242432
1253,7.549147605895996,2.9276838302612305,4.621463775634766
1254,7.525178909301758,2.9184865951538086,4.606692314147949
1255,7.5019659996032715,2.909353733062744,4.592612266540527
1256,7.479361534118652,2.9003806114196777,4.578980922698975
1257,7.457130432128906,2.8916971683502197,4.565433502197266
1258,7.43499231338501,2.8834028244018555,4.551589488983154
1259,7.412738800048828,2.8755078315734863,4.537230968475342
1260,7.390268802642822,2.867936611175537,4.522332191467285
1261,7.3675408363342285,2.860581398010254,4.506959438323975
1262,7.344550132751465,2.8533689975738525,4.491181373596191
1263,7.3213300704956055,2.8462891578674316,4.475040912628174
1264,7.297901153564453,2.8393616676330566,4.4585394859313965
1265,7.274321556091309,2.832580804824829,4.441740989685059
1266,7.250790596008301,2.8258895874023438,4.424901008605957
1267,7.227593898773193,2.819197654724121,4.408396244049072
1268,7.204985618591309,2.81244158744812,4.392543792724609
1269,7.183109283447266,2.805628538131714,4.377480506896973
1270,7.161968231201172,2.798828125,4.363140106201172
1271,7.141390800476074,2.7921173572540283,4.349273204803467
1272,7.121140956878662,2.785511016845703,4.335629940032959
1273,7.101043701171875,2.778947353363037,4.322096347808838
1274,7.08098030090332,2.77231764793396,4.3086628913879395
1275,7.060834884643555,2.7655320167541504,4.295302867889404
1276,7.040502548217773,2.758556604385376,4.281945705413818
1277,7.019871711730957,2.7514054775238037,4.268465995788574
1278,6.998867511749268,2.7440972328186035,4.254770278930664
1279,6.977512359619141,2.736616849899292,4.240895748138428
1280,6.95596981048584,2.728919744491577,4.227049827575684
1281,6.934450626373291,2.720974922180176,4.213475704193115
1282,6.91310453414917,2.712801456451416,4.200303077697754
1283,6.891966819763184,2.704479217529297,4.187487602233887
1284,6.870962619781494,2.69610595703125,4.174856662750244
1285,6.849964141845703,2.6877524852752686,4.162211894989014
1286,6.828876495361328,2.6794352531433105,4.149441242218018
1287,6.80770206451416,2.6711270809173584,4.136574745178223
1288,6.786489963531494,2.6627988815307617,4.123691082000732
1289,6.76524543762207,2.6544463634490967,4.110799312591553
1290,6.743912696838379,2.6460957527160645,4.0978169441223145
1291,6.722386837005615,2.6377782821655273,4.084608554840088
1292,6.700592041015625,2.629509210586548,4.071082592010498
1293,6.678532600402832,2.6212821006774902,4.057250499725342
1294,6.656368732452393,2.613090991973877,4.043277740478516
1295,6.634335994720459,2.604947566986084,4.029388427734375
1296,6.612643718719482,2.596886157989502,4.0157575607299805
1297,6.591406345367432,2.5889458656311035,4.002460479736328
1298,6.570633888244629,2.581150531768799,3.98948335647583
1299,6.550230026245117,2.573493480682373,3.9767367839813232
1300,6.530043601989746,2.565950393676758,3.9640934467315674
1301,6.509984016418457,2.55849027633667,3.951493740081787
1302,6.49001407623291,2.551089286804199,3.938924789428711
1303,6.470149040222168,2.5437304973602295,3.9264185428619385
1304,6.450466156005859,2.5364022254943848,3.9140641689300537
1305,6.431081771850586,2.5290956497192383,3.9019861221313477
1306,6.412078380584717,2.521817207336426,3.890261173248291
1307,6.3934831619262695,2.5145885944366455,3.878894805908203
1308,6.375274658203125,2.5074410438537598,3.8678336143493652
1309,6.357353210449219,2.5003960132598877,3.85695743560791
1310,6.33958625793457,2.493457794189453,3.8461287021636963
1311,6.321887016296387,2.4866108894348145,3.8352761268615723
1312,6.3042402267456055,2.4798314571380615,3.824408769607544
1313,6.286663055419922,2.47309947013855,3.813563585281372
1314,6.269186019897461,2.466395139694214,3.802791118621826
1315,6.251786708831787,2.459683656692505,3.7921030521392822
1316,6.234354496002197,2.45290470123291,3.781449794769287
1317,6.216726303100586,2.445986270904541,3.770739793777466
1318,6.198785781860352,2.4388725757598877,3.7599129676818848
1319,6.180492401123047,2.431546926498413,3.748945474624634
1320,6.161891937255859,2.424036979675293,3.7378551959991455
1321,6.143085479736328,2.4163870811462402,3.726698637008667
1322,6.124179840087891,2.408627510070801,3.71555233001709
1323,6.105245590209961,2.40075945854187,3.70448637008667
1324,6.086341857910156,2.392777442932129,3.6935646533966064
1325,6.067551612854004,2.3846964836120605,3.6828548908233643
1326,6.048977851867676,2.376567840576172,3.672410011291504
1327,6.030731201171875,2.3684630393981934,3.6622679233551025
1328,6.012870788574219,2.3604345321655273,3.6524362564086914
1329,5.995391845703125,2.3524930477142334,3.6428985595703125
1330,5.978214263916016,2.344619035720825,3.6335949897766113
1331,5.96122932434082,2.3367931842803955,3.624436140060425
1332,5.944363594055176,2.3290414810180664,3.6153223514556885
1333,5.927585601806641,2.3214263916015625,3.606159210205078
1334,5.910891532897949,2.3140153884887695,3.596876382827759
1335,5.894275665283203,2.306837558746338,3.5874383449554443
1336,5.877744674682617,2.299870014190674,3.5778748989105225
1337,5.861274242401123,2.2930643558502197,3.5682098865509033
1338,5.844849109649658,2.286388874053955,3.558460235595703
1339,5.82847785949707,2.279857873916626,3.5486199855804443
1340,5.812166213989258,2.2735092639923096,3.538656711578369
1341,5.7959065437316895,2.2673628330230713,3.528543710708618
1342,5.779709815979004,2.261394739151001,3.518314838409424
1343,5.763604164123535,2.2555460929870605,3.5080583095550537
1344,5.747637748718262,2.249765157699585,3.4978723526000977
1345,5.731869697570801,2.2440457344055176,3.4878242015838623
1346,5.716350555419922,2.238424301147461,3.477926254272461
1347,5.701072692871094,2.232943296432495,3.4681293964385986
1348,5.685988903045654,2.227604866027832,3.4583840370178223
1349,5.67106819152832,2.2223615646362305,3.448706865310669
1350,5.656300067901611,2.2171406745910645,3.439159393310547
1351,5.641680717468262,2.211890459060669,3.429790496826172
1352,5.627209663391113,2.2066009044647217,3.4206089973449707
1353,5.612824440002441,2.2012860774993896,3.411538600921631
1354,5.598392963409424,2.1959481239318848,3.402444839477539
1355,5.5837788581848145,2.190551519393921,3.3932273387908936
1356,5.568910598754883,2.1850380897521973,3.3838725090026855
1357,5.553791522979736,2.17936372756958,3.3744277954101562
1358,5.538503646850586,2.1735310554504395,3.3649728298187256
1359,5.523162841796875,2.1675832271575928,3.3555796146392822
1360,5.507861137390137,2.161571502685547,3.34628963470459
1361,5.492674350738525,2.155519485473633,3.3371548652648926
1362,5.477694511413574,2.149418354034424,3.3282761573791504
1363,5.46302604675293,2.1432456970214844,3.319780111312866
1364,5.448750972747803,2.1369986534118652,3.3117523193359375
1365,5.434876918792725,2.1307013034820557,3.304175615310669
1366,5.421290874481201,2.124387741088867,3.296903133392334
1367,5.407806396484375,2.118074417114258,3.2897322177886963
1368,5.394218444824219,2.111746311187744,3.2824721336364746
1369,5.38040828704834,2.1053709983825684,3.2750375270843506
1370,5.366379737854004,2.0989232063293457,3.2674567699432373
1371,5.352203369140625,2.0924007892608643,3.25980281829834
1372,5.337958335876465,2.0858163833618164,3.2521417140960693
1373,5.323690414428711,2.0791797637939453,3.2445106506347656
1374,5.309409141540527,2.072483777999878,3.2369256019592285
1375,5.295119285583496,2.0657095909118652,3.22940993309021
1376,5.28086519241333,2.058842658996582,3.222022533416748
1377,5.266704559326172,2.0518815517425537,3.2148232460021973
1378,5.252677917480469,2.0448436737060547,3.207834243774414
1379,5.238796234130859,2.0377509593963623,3.201045036315918
1380,5.225028991699219,2.0306215286254883,3.1944074630737305
1381,5.211338996887207,2.0234732627868652,3.1878654956817627
1382,5.197693824768066,2.0163276195526123,3.181365966796875
1383,5.1840972900390625,2.0092101097106934,3.174887180328369
1384,5.170554161071777,2.002150774002075,3.1684036254882812
1385,5.157079696655273,1.9951684474945068,3.1619114875793457
1386,5.143722057342529,1.9882732629776,3.1554486751556396
1387,5.13056755065918,1.9814679622650146,3.149099826812744
1388,5.117707252502441,1.9747557640075684,3.142951250076294
1389,5.105216026306152,1.968139886856079,3.1370763778686523
1390,5.093095779418945,1.9616165161132812,3.131479024887085
1391,5.081232070922852,1.9551713466644287,3.1260604858398438
1392,5.069479465484619,1.9487838745117188,3.1206955909729004
1393,5.057703495025635,1.9424415826797485,3.1152617931365967
1394,5.045828342437744,1.9361497163772583,3.1096787452697754
1395,5.033853530883789,1.9299285411834717,3.1039249897003174
1396,5.021806240081787,1.9237982034683228,3.098008155822754
1397,5.00969934463501,1.9177632331848145,3.0919361114501953
1398,4.9975152015686035,1.9118108749389648,3.0857043266296387
1399,4.985249996185303,1.9059321880340576,3.079317808151245
1400,4.972934722900391,1.9001343250274658,3.072800636291504
1401,4.960633277893066,1.89444100856781,3.066192388534546
1402,4.948420524597168,1.8888726234436035,3.0595481395721436
1403,4.936346530914307,1.8834278583526611,3.0529186725616455
1404,4.924410820007324,1.8780828714370728,3.046328067779541
1405,4.912590026855469,1.8728079795837402,3.0397818088531494
1406,4.900862693786621,1.8675951957702637,3.0332677364349365
1407,4.88922119140625,1.8624613285064697,3.026759624481201
1408,4.877659797668457,1.8574312925338745,3.020228624343872
1409,4.866168022155762,1.8525090217590332,3.0136587619781494
1410,4.854719161987305,1.8476641178131104,3.0070548057556152
1411,4.843267440795898,1.8428497314453125,3.000417947769165
1412,4.831793785095215,1.8380308151245117,2.993762969970703
1413,4.820294380187988,1.8332045078277588,2.9870898723602295
1414,4.808774948120117,1.8283827304840088,2.9803924560546875
1415,4.797239303588867,1.8235726356506348,2.9736669063568115
1416,4.785696983337402,1.818751335144043,2.9669456481933594
1417,4.774168968200684,1.8138823509216309,2.9602863788604736
1418,4.762685775756836,1.808943748474121,2.9537417888641357
1419,4.751286506652832,1.8039520978927612,2.9473345279693604
1420,4.7400102615356445,1.7989518642425537,2.9410581588745117
1421,4.728867530822754,1.7939856052398682,2.9348816871643066
1422,4.717859745025635,1.7890629768371582,2.9287967681884766
1423,4.707009792327881,1.7841589450836182,2.9228508472442627
1424,4.696340560913086,1.7792418003082275,2.9170987606048584
1425,4.685885429382324,1.7742979526519775,2.911587715148926
1426,4.675657272338867,1.7693394422531128,2.906317710876465
1427,4.665618419647217,1.7643816471099854,2.9012367725372314
1428,4.655686855316162,1.759419322013855,2.8962676525115967
1429,4.6457929611206055,1.7544190883636475,2.891373634338379
1430,4.6358795166015625,1.7493460178375244,2.886533737182617
1431,4.625932693481445,1.7441918849945068,2.8817408084869385
1432,4.615972518920898,1.7389870882034302,2.876985549926758
1433,4.606009483337402,1.7337799072265625,2.87222957611084
1434,4.596042633056641,1.7286031246185303,2.8674392700195312
1435,4.586068153381348,1.7234606742858887,2.862607717514038
1436,4.576108932495117,1.7183349132537842,2.857774257659912
1437,4.566184043884277,1.7132127285003662,2.852971076965332
1438,4.55631160736084,1.7081022262573242,2.8482093811035156
1439,4.5464887619018555,1.7030220031738281,2.8434665203094482
1440,4.536664962768555,1.6979807615280151,2.83868408203125
1441,4.526794910430908,1.6929652690887451,2.833829641342163
1442,4.516845703125,1.6879489421844482,2.8288967609405518
1443,4.5068230628967285,1.6829169988632202,2.823906183242798
1444,4.496762275695801,1.6778806447982788,2.8188815116882324
1445,4.4866943359375,1.672872543334961,2.813821792602539
1446,4.476632595062256,1.6679238080978394,2.808708906173706
1447,4.466559410095215,1.6630489826202393,2.8035106658935547
1448,4.456456184387207,1.6582434177398682,2.7982125282287598
1449,4.446330547332764,1.6534955501556396,2.792834997177124
1450,4.436219215393066,1.6487998962402344,2.787419319152832
1451,4.426170349121094,1.6441572904586792,2.782012939453125
1452,4.416235446929932,1.6395643949508667,2.7766711711883545
1453,4.406452655792236,1.635006070137024,2.771446704864502
1454,4.396827697753906,1.6304570436477661,2.7663705348968506
1455,4.387360572814941,1.6258974075317383,2.761463165283203
1456,4.378042221069336,1.621319055557251,2.756723165512085
1457,4.368847846984863,1.6167261600494385,2.7521214485168457
1458,4.359755516052246,1.6121258735656738,2.7476298809051514
1459,4.350746154785156,1.6075201034545898,2.7432262897491455
1460,4.341793060302734,1.6029045581817627,2.7388882637023926
1461,4.332871437072754,1.598273515701294,2.734598159790039
1462,4.3239641189575195,1.593623399734497,2.7303409576416016
1463,4.315030097961426,1.5889484882354736,2.7260818481445312
1464,4.306025505065918,1.5842406749725342,2.721784830093384
1465,4.29692268371582,1.579490303993225,2.7174324989318848
1466,4.287714958190918,1.5746941566467285,2.7130205631256104
1467,4.278430938720703,1.5698626041412354,2.708568572998047
1468,4.26912260055542,1.565018653869629,2.704103946685791
1469,4.259834289550781,1.5601860284805298,2.699648380279541
1470,4.250588417053223,1.5553864240646362,2.695201873779297
1471,4.241385459899902,1.5506348609924316,2.6907505989074707
1472,4.232220649719238,1.5459493398666382,2.6862711906433105
1473,4.223099231719971,1.5413529872894287,2.681746244430542
1474,4.214044094085693,1.5368634462356567,2.677180528640747
1475,4.2050886154174805,1.532482385635376,2.6726062297821045
1476,4.19624662399292,1.5281916856765747,2.6680548191070557
1477,4.187509536743164,1.523959755897522,2.6635499000549316
1478,4.178844928741455,1.51976478099823,2.6590800285339355
1479,4.1702070236206055,1.515601634979248,2.6546056270599365
1480,4.161567211151123,1.5114772319793701,2.650089979171753
1481,4.152905464172363,1.5073950290679932,2.645510673522949
1482,4.144219875335693,1.5033454895019531,2.6408743858337402
1483,4.135510444641113,1.4993129968643188,2.636197328567505
1484,4.126789569854736,1.4952958822250366,2.63149356842041
1485,4.118078231811523,1.4913089275360107,2.626769542694092
1486,4.109417915344238,1.4873785972595215,2.622039556503296
1487,4.100845813751221,1.4835196733474731,2.617326259613037
1488,4.0923895835876465,1.4797242879867554,2.6126651763916016
1489,4.084053039550781,1.4759738445281982,2.608078956604004
1490,4.075814723968506,1.472255825996399,2.6035587787628174
1491,4.067635536193848,1.468580722808838,2.599055051803589
1492,4.05947208404541,1.4649724960327148,2.5944998264312744
1493,4.05128288269043,1.4614509344100952,2.589831829071045
1494,4.043045997619629,1.458009123802185,2.5850367546081543
1495,4.0347514152526855,1.4546215534210205,2.580129861831665
1496,4.026402473449707,1.4512627124786377,2.5751399993896484
1497,4.01801872253418,1.4479258060455322,2.5700926780700684
1498,4.009632110595703,1.4446121454238892,2.5650200843811035
1499,4.001267910003662,1.4413158893585205,2.5599520206451416
1500,3.9929513931274414,1.4380090236663818,2.5549423694610596
1501,3.9846982955932617,1.4346455335617065,2.5500526428222656
1502,3.9765162467956543,1.431190848350525,2.545325517654419
1503,3.9684205055236816,1.4276374578475952,2.540783166885376
1504,3.960418939590454,1.4240045547485352,2.536414384841919
1505,3.9525036811828613,1.4203177690505981,2.5321857929229736
1506,3.9446539878845215,1.416583776473999,2.5280702114105225
1507,3.9368374347686768,1.412797212600708,2.5240402221679688
1508,3.9290316104888916,1.4089524745941162,2.5200791358947754
1509,3.9212281703948975,1.4050626754760742,2.5161654949188232
1510,3.913437604904175,1.4011523723602295,2.5122852325439453
1511,3.9056789875030518,1.397242546081543,2.508436441421509
1512,3.897961378097534,1.3933336734771729,2.5046277046203613
1513,3.8902945518493652,1.3894059658050537,2.5008885860443115
1514,3.882685899734497,1.385443925857544,2.497241973876953
1515,3.875147819519043,1.381447434425354,2.4937005043029785
1516,3.867685317993164,1.3774389028549194,2.490246295928955
1517,3.8602867126464844,1.3734419345855713,2.486844778060913
1518,3.8529138565063477,1.3694676160812378,2.4834461212158203
1519,3.8455119132995605,1.3655120134353638,2.4799997806549072
1520,3.8380424976348877,1.3615713119506836,2.476471185684204
1521,3.8304922580718994,1.357651948928833,2.4728403091430664
1522,3.8228859901428223,1.3537695407867432,2.469116449356079
1523,3.815263271331787,1.3499372005462646,2.4653260707855225
1524,3.807657241821289,1.3461546897888184,2.4615025520324707
1525,3.8000872135162354,1.3424100875854492,2.457677125930786
1526,3.7925639152526855,1.3386930227279663,2.453871011734009
1527,3.7850990295410156,1.3350028991699219,2.4500961303710938
1528,3.7777040004730225,1.3313491344451904,2.446354866027832
1529,3.7703917026519775,1.327742576599121,2.4426491260528564
1530,3.76315975189209,1.3241848945617676,2.4389748573303223
1531,3.7559993267059326,1.320671558380127,2.4353277683258057
1532,3.748892307281494,1.3171968460083008,2.4316954612731934
1533,3.7418196201324463,1.313758373260498,2.4280612468719482
1534,3.734771251678467,1.3103574514389038,2.4244136810302734
1535,3.72772479057312,1.306994915008545,2.420729875564575
1536,3.7206637859344482,1.3036656379699707,2.4169981479644775
1537,3.7135705947875977,1.3003675937652588,2.413203001022339
1538,3.70643949508667,1.2971019744873047,2.4093375205993652
1539,3.699276924133301,1.2938778400421143,2.4053990840911865
1540,3.6920838356018066,1.2907041311264038,2.4013798236846924
1541,3.684859037399292,1.2875897884368896,2.3972692489624023
1542,3.6775875091552734,1.284538984298706,2.3930485248565674
1543,3.670271396636963,1.2815557718276978,2.3887155055999756
1544,3.662930488586426,1.2786442041397095,2.384286403656006
1545,3.655611515045166,1.2758045196533203,2.3798069953918457
1546,3.6483607292175293,1.2730268239974976,2.3753340244293213
1547,3.641211986541748,1.2702964544296265,2.370915651321411
1548,3.6341652870178223,1.2675949335098267,2.366570472717285
1549,3.6272034645080566,1.2649140357971191,2.3622894287109375
1550,3.6203067302703857,1.262249231338501,2.3580574989318848
1551,3.6134555339813232,1.259596347808838,2.3538591861724854
1552,3.606639862060547,1.2569442987442017,2.3496956825256348
1553,3.599846124649048,1.2542767524719238,2.345569372177124
1554,3.5930590629577637,1.2515817880630493,2.341477394104004
1555,3.5862722396850586,1.2488548755645752,2.3374173641204834
1556,3.579488754272461,1.2461014986038208,2.3333873748779297
1557,3.5727269649505615,1.243321418762207,2.3294055461883545
1558,3.566004753112793,1.2405078411102295,2.3254969120025635
1559,3.5593273639678955,1.237647533416748,2.3216798305511475
1560,3.55269455909729,1.2347373962402344,2.3179571628570557
1561,3.5460891723632812,1.231789231300354,2.314300060272217
1562,3.5395045280456543,1.2288273572921753,2.3106770515441895
1563,3.5329298973083496,1.2258694171905518,2.307060480117798
1564,3.526362180709839,1.2229208946228027,2.303441286087036
1565,3.5197863578796387,1.2199746370315552,2.299811601638794
1566,3.5131871700286865,1.2170262336730957,2.296160936355591
1567,3.5065603256225586,1.2140815258026123,2.2924787998199463
1568,3.4998950958251953,1.2111520767211914,2.288743019104004
1569,3.4931962490081787,1.2082390785217285,2.28495717048645
1570,3.486469268798828,1.2053277492523193,2.281141519546509
1571,3.4797236919403076,1.2023985385894775,2.27732515335083
1572,3.4729764461517334,1.1994423866271973,2.273534059524536
1573,3.46624755859375,1.1964706182479858,2.2697770595550537
1574,3.4595634937286377,1.1935055255889893,2.2660579681396484
1575,3.4529385566711426,1.190561056137085,2.2623775005340576
1576,3.4463765621185303,1.187636375427246,2.258740186691284
1577,3.4398646354675293,1.1847212314605713,2.255143404006958
1578,3.4333958625793457,1.181809902191162,2.2515859603881836
1579,3.4269626140594482,1.1789088249206543,2.248053789138794
1580,3.4205589294433594,1.1760261058807373,2.244532823562622
1581,3.414182662963867,1.1731598377227783,2.241022825241089
1582,3.4078211784362793,1.1702930927276611,2.237528085708618
1583,3.4014666080474854,1.1674089431762695,2.234057664871216
1584,3.3951168060302734,1.1645020246505737,2.2306149005889893
1585,3.388777256011963,1.1615872383117676,2.2271900177001953
1586,3.382455825805664,1.158686637878418,2.223769187927246
1587,3.3761508464813232,1.1558160781860352,2.220334768295288
1588,3.369849443435669,1.152977705001831,2.216871738433838
1589,3.363544225692749,1.1501679420471191,2.21337628364563
1590,3.357229471206665,1.1473867893218994,2.2098426818847656
1591,3.3509182929992676,1.1446428298950195,2.206275463104248
1592,3.3446309566497803,1.1419425010681152,2.202688455581665
1593,3.3383774757385254,1.139278531074524,2.199098825454712
1594,3.332167148590088,1.1366350650787354,2.1955320835113525
1595,3.3259971141815186,1.1339936256408691,2.1920034885406494
1596,3.319866180419922,1.131347894668579,2.1885182857513428
1597,3.3137807846069336,1.128702998161316,2.1850779056549072
1598,3.3077468872070312,1.1260662078857422,2.181680679321289
1599,3.3017683029174805,1.1234381198883057,2.178330183029175
1600,3.2958426475524902,1.1208126544952393,2.175029993057251
1601,3.289958953857422,1.1181834936141968,2.1717755794525146
1602,3.2841057777404785,1.1155482530593872,2.168557643890381
1603,3.2782678604125977,1.1129069328308105,2.165360927581787
1604,3.2724337577819824,1.1102596521377563,2.1621742248535156
1605,3.266594886779785,1.1076018810272217,2.1589930057525635
1606,3.2607429027557373,1.1049273014068604,2.155815601348877
1607,3.2548749446868896,1.1022343635559082,2.1526405811309814
1608,3.249001979827881,1.0995291471481323,2.149472713470459
1609,3.2431187629699707,1.09682297706604,2.1462957859039307
1610,3.237234354019165,1.0941283702850342,2.143105983734131
1611,3.2313451766967773,1.091452717781067,2.139892339706421
1612,3.225452423095703,1.0888007879257202,2.1366515159606934
1613,3.2195611000061035,1.0861750841140747,2.1333861351013184
1614,3.2136876583099365,1.0835762023925781,2.1301114559173584
1615,3.2078375816345215,1.0809996128082275,2.126837968826294
1616,3.202017068862915,1.0784356594085693,2.1235814094543457
1617,3.196218967437744,1.075873613357544,2.1203453540802
1618,3.190436840057373,1.0733067989349365,2.1171300411224365
1619,3.1846680641174316,1.0707318782806396,2.113936185836792
1620,3.1789193153381348,1.0681463479995728,2.1107728481292725
1621,3.1732025146484375,1.0655508041381836,2.107651710510254
1622,3.167527914047241,1.0629441738128662,2.104583740234375
1623,3.1618947982788086,1.0603294372558594,2.101565361022949
1624,3.1562976837158203,1.0577149391174316,2.0985827445983887
1625,3.1507368087768555,1.055108666419983,2.095628023147583
1626,3.1451992988586426,1.052512288093567,2.0926871299743652
1627,3.1396822929382324,1.049920916557312,2.08976149559021
1628,3.134178638458252,1.0473301410675049,2.086848497390747
1629,3.1286840438842773,1.0447394847869873,2.08394455909729
1630,3.123196601867676,1.0421561002731323,2.081040620803833
1631,3.1177210807800293,1.0395870208740234,2.078134059906006
1632,3.1122634410858154,1.037032127380371,2.0752313137054443
1633,3.106832504272461,1.034486174583435,2.0723462104797363
1634,3.1014299392700195,1.031945824623108,2.069484233856201
1635,3.096046209335327,1.0294146537780762,2.066631555557251
1636,3.090672016143799,1.0269005298614502,2.0637714862823486
1637,3.0852975845336914,1.024406909942627,2.0608906745910645
1638,3.0799150466918945,1.0219268798828125,2.057988166809082
1639,3.074524402618408,1.019449234008789,2.055075168609619
1640,3.0691280364990234,1.0169677734375,2.0521602630615234
1641,3.0637383460998535,1.0144888162612915,2.0492494106292725
1642,3.0583605766296387,1.012024998664856,2.046335458755493
1643,3.0530056953430176,1.0095847845077515,2.0434207916259766
1644,3.047679901123047,1.0071666240692139,2.040513277053833
1645,3.042388439178467,1.0047656297683716,2.0376229286193848
1646,3.037130832672119,1.0023826360702515,2.0347483158111572
1647,3.0319089889526367,1.0000269412994385,2.0318820476531982
1648,3.026716947555542,0.9977059364318848,2.0290110111236572
1649,3.0215470790863037,0.9954185485839844,2.0261285305023193
1650,3.0163934230804443,0.9931507110595703,2.023242712020874
1651,3.0112452507019043,0.9908874034881592,2.020357847213745
1652,3.0060956478118896,0.9886247515678406,2.0174708366394043
1653,3.0009384155273438,0.9863680601119995,2.014570474624634
1654,2.99576997756958,0.9841266870498657,2.011643409729004
1655,2.990593910217285,0.9819009900093079,2.008692979812622
1656,2.9854068756103516,0.9796843528747559,2.0057225227355957
1657,2.9802117347717285,0.9774738550186157,2.0027379989624023
1658,2.9750161170959473,0.9752753973007202,1.9997406005859375
1659,2.969825029373169,0.9731020331382751,1.996722936630249
1660,2.9646525382995605,0.9709615707397461,1.993690848350525
1661,2.959505558013916,0.9688506722450256,1.9906548261642456
1662,2.9543871879577637,0.9667586088180542,1.987628698348999
1663,2.9492974281311035,0.9646782875061035,1.9846190214157104
1664,2.9442338943481445,0.9626123905181885,1.981621503829956
1665,2.939199447631836,0.9605679512023926,1.9786314964294434
1666,2.9342031478881836,0.9585473537445068,1.9756559133529663
1667,2.929246425628662,0.9565434455871582,1.9727028608322144
1668,2.924330472946167,0.9545475840568542,1.9697829484939575
1669,2.9194462299346924,0.9525550603866577,1.9668911695480347
1670,2.914583921432495,0.9505702257156372,1.964013695716858
1671,2.909733772277832,0.9485974311828613,1.9611364603042603
1672,2.904892683029175,0.9466348886489868,1.958257794380188
1673,2.9000566005706787,0.9446731805801392,1.9553834199905396
1674,2.895228385925293,0.9427050352096558,1.9525232315063477
1675,2.8904073238372803,0.9407302737236023,1.9496771097183228
1676,2.885599136352539,0.9387539625167847,1.946845293045044
1677,2.8808088302612305,0.936781644821167,1.944027304649353
1678,2.876039505004883,0.9348137378692627,1.9412258863449097
1679,2.871291160583496,0.9328476190567017,1.938443660736084
1680,2.866565704345703,0.9308828115463257,1.9356828927993774
1681,2.8618621826171875,0.9289237260818481,1.9329383373260498
1682,2.857177495956421,0.9269749522209167,1.9302024841308594
1683,2.8525073528289795,0.9250386953353882,1.9274686574935913
1684,2.8478455543518066,0.9231128096580505,1.9247328042984009
1685,2.8431878089904785,0.9211937785148621,1.9219939708709717
1686,2.838527202606201,0.9192814826965332,1.919245719909668
1687,2.8338675498962402,0.9173777103424072,1.9164899587631226
1688,2.829219341278076,0.9154837727546692,1.9137356281280518
1689,2.824589252471924,0.9135977029800415,1.9109916687011719
1690,2.8199830055236816,0.9117178320884705,1.9082651138305664
1691,2.8154001235961914,0.909844160079956,1.9055558443069458
1692,2.8108320236206055,0.9079777002334595,1.9028542041778564
1693,2.806274175643921,0.9061179161071777,1.9001562595367432
1694,2.8017218112945557,0.9042640924453735,1.8974577188491821
1695,2.7971744537353516,0.9024136066436768,1.8947608470916748
1696,2.7926278114318848,0.900567889213562,1.8920599222183228
1697,2.7880778312683105,0.8987289667129517,1.8893487453460693
1698,2.7835288047790527,0.8968993425369263,1.8866294622421265
1699,2.7789835929870605,0.8950774669647217,1.8839062452316284
1700,2.7744529247283936,0.8932589888572693,1.881193995475769
1701,2.769937515258789,0.8914434909820557,1.878494143486023
1702,2.7654402256011963,0.8896324634552002,1.875807762145996
1703,2.7609591484069824,0.8878273367881775,1.8731318712234497
1704,2.756492853164673,0.8860265612602234,1.8704663515090942
1705,2.752044916152954,0.8842236995697021,1.867821216583252
1706,2.7476184368133545,0.8824154734611511,1.8652030229568481
1707,2.743215560913086,0.8806045055389404,1.862611174583435
1708,2.738832473754883,0.8787978887557983,1.8600345849990845
1709,2.734464168548584,0.8770014047622681,1.857462763786316
1710,2.730109214782715,0.8752155303955078,1.854893684387207
1711,2.725761890411377,0.8734360933303833,1.8523259162902832
1712,2.7214255332946777,0.8716630935668945,1.8497624397277832
1713,2.717099905014038,0.8699004054069519,1.8471994400024414
1714,2.7127842903137207,0.868152379989624,1.8446320295333862
1715,2.708487033843994,0.8664175868034363,1.842069387435913
1716,2.7042078971862793,0.8646864295005798,1.8395214080810547
1717,2.699953079223633,0.8629511594772339,1.8370018005371094
1718,2.695721387863159,0.8612101674079895,1.834511160850525
1719,2.6915111541748047,0.8594698905944824,1.8320411443710327
1720,2.687317371368408,0.8577374219894409,1.8295799493789673
1721,2.683137893676758,0.856014609336853,1.8271234035491943
1722,2.678969383239746,0.8542978763580322,1.8246716260910034
1723,2.6748080253601074,0.8525866270065308,1.8222213983535767
1724,2.6706504821777344,0.85088711977005,1.819763422012329
1725,2.666494131088257,0.849207878112793,1.8172862529754639
1726,2.6623432636260986,0.8475515246391296,1.8147917985916138
1727,2.658201217651367,0.8459115028381348,1.8122895956039429
1728,2.654071807861328,0.8442784547805786,1.8097933530807495
1729,2.6499531269073486,0.8426488041877747,1.8073043823242188
1730,2.6458497047424316,0.841025173664093,1.8048244714736938
1731,2.6417593955993652,0.8394132852554321,1.8023462295532227
1732,2.6376914978027344,0.8378132581710815,1.7998781204223633
1733,2.6336488723754883,0.8362205028533936,1.7974282503128052
1734,2.6296286582946777,0.8346297740936279,1.7949990034103394
1735,2.6256277561187744,0.8330439925193787,1.792583703994751
1736,2.6216375827789307,0.8314676284790039,1.7901699542999268
1737,2.6176517009735107,0.8299033045768738,1.7877483367919922
1738,2.6136674880981445,0.828345775604248,1.785321831703186
1739,2.609687328338623,0.8267862200737,1.7829011678695679
1740,2.6057095527648926,0.825218915939331,1.7804906368255615
1741,2.601735830307007,0.823644757270813,1.7780910730361938
1742,2.5977706909179688,0.8220683336257935,1.7757024765014648
1743,2.5938196182250977,0.8204910159111023,1.7733286619186401
1744,2.58988618850708,0.8189113140106201,1.7709749937057495
1745,2.5859735012054443,0.8173273205757141,1.768646240234375
1746,2.582085371017456,0.8157405257225037,1.7663447856903076
1747,2.578221321105957,0.8141573667526245,1.764064073562622
1748,2.5743813514709473,0.8125799894332886,1.7618012428283691
1749,2.5705618858337402,0.8110082149505615,1.7595535516738892
1750,2.566758155822754,0.8094373345375061,1.757320761680603
1751,2.5629618167877197,0.8078652024269104,1.7550965547561646
1752,2.5591671466827393,0.8062925934791565,1.752874493598938
1753,2.5553717613220215,0.8047236204147339,1.7506482601165771
1754,2.551579475402832,0.8031613826751709,1.7484182119369507
1755,2.5477895736694336,0.8016079664230347,1.7461814880371094
1756,2.54400634765625,0.8000667691230774,1.7439396381378174
1757,2.5402302742004395,0.7985398769378662,1.7416903972625732
1758,2.5364632606506348,0.7970312237739563,1.7394319772720337
1759,2.532710552215576,0.79554283618927,1.7371677160263062
1760,2.528977394104004,0.794073224067688,1.7349040508270264
1761,2.5252633094787598,0.7926198244094849,1.7326436042785645
1762,2.5215673446655273,0.7911795377731323,1.730387806892395
1763,2.5178847312927246,0.7897489070892334,1.7281357049942017
1764,2.5142107009887695,0.7883254289627075,1.725885272026062
1765,2.510545492172241,0.7869068384170532,1.723638653755188
1766,2.5068845748901367,0.7854924201965332,1.7213921546936035
1767,2.5032260417938232,0.7840835452079773,1.7191424369812012
1768,2.4995718002319336,0.7826827168464661,1.7168890237808228
1769,2.4959235191345215,0.7812893986701965,1.7146340608596802
1770,2.4922847747802734,0.7799038290977478,1.7123810052871704
1771,2.4886605739593506,0.7785255312919617,1.7101349830627441
1772,2.485055685043335,0.7771564722061157,1.7078992128372192
1773,2.481468439102173,0.7757982015609741,1.7056702375411987
1774,2.4778943061828613,0.7744513750076294,1.7034430503845215
1775,2.4743289947509766,0.7731139659881592,1.7012149095535278
1776,2.470771074295044,0.7717838883399963,1.6989872455596924
1777,2.4672203063964844,0.7704628109931946,1.696757435798645
1778,2.4636759757995605,0.7691539525985718,1.6945221424102783
1779,2.460141181945801,0.7678582668304443,1.692283034324646
1780,2.4566216468811035,0.7665721774101257,1.6900495290756226
1781,2.4531173706054688,0.7652899026870728,1.687827467918396
1782,2.4496331214904785,0.7640063762664795,1.6856268644332886
1783,2.446167230606079,0.7627208232879639,1.6834464073181152
1784,2.4427196979522705,0.7614340782165527,1.6812856197357178
1785,2.4392895698547363,0.7601443529129028,1.6791452169418335
1786,2.4358720779418945,0.7588475942611694,1.6770246028900146
1787,2.4324676990509033,0.7575430870056152,1.674924612045288
1788,2.4290692806243896,0.7562333941459656,1.6728359460830688
1789,2.425676107406616,0.7549265027046204,1.6707496643066406
1790,2.4222888946533203,0.7536277770996094,1.6686609983444214
1791,2.4189062118530273,0.7523373365402222,1.6665689945220947
1792,2.4155306816101074,0.7510515451431274,1.66447913646698
1793,2.4121623039245605,0.7497676014900208,1.662394642829895
1794,2.408802032470703,0.7484875917434692,1.6603143215179443
1795,2.4054486751556396,0.7472122311592102,1.6582365036010742
1796,2.402106761932373,0.7459408044815063,1.6561660766601562
1797,2.3987770080566406,0.744667649269104,1.6541093587875366
1798,2.395458698272705,0.7433879375457764,1.6520707607269287
1799,2.3921539783477783,0.742103636264801,1.6500502824783325
1800,2.388859272003174,0.7408196330070496,1.648039698600769
1801,2.3855717182159424,0.7395398616790771,1.6460318565368652
1802,2.382290840148926,0.738262414932251,1.6440284252166748
1803,2.379020929336548,0.7369834780693054,1.6420375108718872
1804,2.375760555267334,0.7357011437416077,1.6400593519210815
1805,2.372511148452759,0.7344170808792114,1.6380940675735474
1806,2.3692731857299805,0.733135461807251,1.6361377239227295
1807,2.3660428524017334,0.7318557500839233,1.63418710231781
1808,2.362818717956543,0.7305760383605957,1.6322427988052368
1809,2.3596038818359375,0.729295015335083,1.630308747291565
1810,2.356393337249756,0.7280159592628479,1.6283773183822632
1811,2.353189706802368,0.7267453074455261,1.6264443397521973
1812,2.3499937057495117,0.7254879474639893,1.6245057582855225
1813,2.346806287765503,0.7242443561553955,1.6225619316101074
1814,2.3436291217803955,0.7230125069618225,1.6206165552139282
1815,2.3404576778411865,0.7217912077903748,1.6186665296554565
1816,2.3372960090637207,0.7205823659896851,1.6167137622833252
1817,2.3341424465179443,0.7193884253501892,1.6147540807724
1818,2.3309953212738037,0.7182083129882812,1.6127870082855225
1819,2.3278584480285645,0.717039942741394,1.6108183860778809
1820,2.324728012084961,0.7158812880516052,1.6088467836380005
1821,2.3216052055358887,0.7147331833839417,1.6068719625473022
1822,2.318488597869873,0.7135970592498779,1.6048915386199951
1823,2.3153815269470215,0.7124747633934021,1.6029068231582642
1824,2.312283754348755,0.7113648056983948,1.6009190082550049
1825,2.309197425842285,0.7102642059326172,1.5989331007003784
1826,2.306126594543457,0.7091703414916992,1.5969562530517578
1827,2.303067445755005,0.7080819010734558,1.5949856042861938
1828,2.300020217895508,0.7069976925849915,1.5930225849151611
1829,2.2969839572906494,0.7059155106544495,1.5910683870315552
1830,2.293957471847534,0.7048335075378418,1.5891239643096924
1831,2.2909417152404785,0.7037489414215088,1.5871928930282593
1832,2.287936210632324,0.702661395072937,1.5852746963500977
1833,2.284937858581543,0.7015694975852966,1.5833684206008911
1834,2.2819485664367676,0.700474202632904,1.5814743041992188
1835,2.27896785736084,0.6993741989135742,1.579593539237976
1836,2.2759969234466553,0.6982716917991638,1.5777252912521362
1837,2.273033380508423,0.6971665620803833,1.5758668184280396
1838,2.2700767517089844,0.6960587501525879,1.574017882347107
1839,2.2671265602111816,0.6949483156204224,1.5721781253814697
1840,2.2641797065734863,0.6938376426696777,1.570341944694519
1841,2.2612409591674805,0.6927294731140137,1.5685114860534668
1842,2.2583093643188477,0.6916248202323914,1.566684603691101
1843,2.2553858757019043,0.690522313117981,1.564863681793213
1844,2.2524704933166504,0.6894192695617676,1.5630513429641724
1845,2.2495622634887695,0.6883147358894348,1.56124746799469
1846,2.246662139892578,0.6872100830078125,1.559451937675476
1847,2.2437686920166016,0.6861065626144409,1.5576621294021606
1848,2.2408831119537354,0.6850031018257141,1.5558799505233765
1849,2.238006591796875,0.6838980913162231,1.5541083812713623
1850,2.235137462615967,0.6827924251556396,1.5523451566696167
1851,2.2322778701782227,0.6816892027854919,1.5505887269973755
1852,2.229426860809326,0.6805946230888367,1.5488322973251343
1853,2.2265870571136475,0.6795101761817932,1.547076940536499
1854,2.223755359649658,0.6784350872039795,1.5453202724456787
1855,2.2209312915802,0.6773664355278015,1.5435649156570435
1856,2.2181169986724854,0.6763041615486145,1.541812777519226
1857,2.215308666229248,0.6752501130104065,1.5400586128234863
1858,2.2125086784362793,0.6742056608200073,1.5383031368255615
1859,2.209716320037842,0.6731685996055603,1.5365476608276367
1860,2.206930637359619,0.6721370220184326,1.534793734550476
1861,2.2041540145874023,0.6711091995239258,1.533044695854187
1862,2.201385021209717,0.6700891256332397,1.531295895576477
1863,2.1986241340637207,0.6690823435783386,1.5295418500900269
1864,2.1958680152893066,0.6680886149406433,1.527779459953308
1865,2.193119525909424,0.6671057343482971,1.526013731956482
1866,2.1903748512268066,0.6661288738250732,1.5242458581924438
1867,2.1876368522644043,0.6651580929756165,1.522478699684143
1868,2.184906482696533,0.6641945838928223,1.5207120180130005
1869,2.1821823120117188,0.6632382869720459,1.5189440250396729
1870,2.179464817047119,0.6622868776321411,1.5171778202056885
1871,2.176750659942627,0.6613357067108154,1.515415072441101
1872,2.1740424633026123,0.6603853702545166,1.5136570930480957
1873,2.1713404655456543,0.6594382524490356,1.511902093887329
1874,2.168644905090332,0.6584970951080322,1.5101478099822998
1875,2.1659581661224365,0.6575623750686646,1.508395791053772
1876,2.163280487060547,0.656629204750061,1.5066511631011963
1877,2.160611629486084,0.6556950807571411,1.5049165487289429
1878,2.157952070236206,0.6547597050666809,1.50319242477417
1879,2.1553003787994385,0.6538248658180237,1.5014755725860596
1880,2.152657985687256,0.6528909206390381,1.4997669458389282
1881,2.150023937225342,0.6519570350646973,1.498066782951355
1882,2.1473965644836426,0.6510231494903564,1.4963734149932861
1883,2.1447770595550537,0.6500917077064514,1.4946852922439575
1884,2.1421632766723633,0.6491672992706299,1.492996096611023
1885,2.1395559310913086,0.6482531428337097,1.491302728652954
1886,2.136951208114624,0.6473493576049805,1.4896018505096436
1887,2.134352445602417,0.6464553475379944,1.4878971576690674
1888,2.131760835647583,0.6455689668655396,1.4861918687820435
1889,2.129176139831543,0.644688606262207,1.4844874143600464
1890,2.126598834991455,0.6438143253326416,1.4827845096588135
1891,2.1240289211273193,0.6429444551467896,1.4810844659805298
1892,2.121469020843506,0.6420772671699524,1.4793918132781982
1893,2.11891770362854,0.641211211681366,1.4777065515518188
1894,2.116377592086792,0.6403464078903198,1.4760311841964722
1895,2.113844394683838,0.6394836902618408,1.474360704421997
1896,2.1113178730010986,0.6386234760284424,1.4726943969726562
1897,2.108795166015625,0.6377662420272827,1.4710290431976318
1898,2.1062772274017334,0.6369109153747559,1.4693663120269775
1899,2.1037652492523193,0.6360563635826111,1.4677088260650635
1900,2.1012556552886963,0.6352032423019409,1.4660524129867554
1901,2.098750352859497,0.6343510150909424,1.4643993377685547
1902,2.096251964569092,0.6335006952285767,1.4627513885498047
1903,2.0937604904174805,0.6326532363891602,1.4611072540283203
1904,2.0912773609161377,0.6318099498748779,1.4594674110412598
1905,2.0888023376464844,0.6309705376625061,1.457831859588623
1906,2.086336612701416,0.6301349401473999,1.4562017917633057
1907,2.0838782787323,0.6293027400970459,1.454575538635254
1908,2.081425428390503,0.628473699092865,1.4529517889022827
1909,2.0789778232574463,0.6276477575302124,1.4513300657272339
1910,2.076537609100342,0.6268233060836792,1.4497143030166626
1911,2.0741024017333984,0.6259979009628296,1.4481046199798584
1912,2.0716748237609863,0.6251713037490845,1.4465035200119019
1913,2.0692522525787354,0.6243460178375244,1.444906234741211
1914,2.0668373107910156,0.6235255002975464,1.4433118104934692
1915,2.064429998397827,0.6227102875709534,1.441719651222229
1916,2.0620288848876953,0.6218987703323364,1.4401299953460693
1917,2.0596330165863037,0.6210904717445374,1.4385426044464111
1918,2.0572426319122314,0.6202873587608337,1.4369553327560425
1919,2.0548582077026367,0.619489848613739,1.4353684186935425
1920,2.052478313446045,0.6186974048614502,1.4337809085845947
1921,2.0501034259796143,0.6179060339927673,1.4321973323822021
1922,2.047733783721924,0.6171137094497681,1.4306199550628662
1923,2.045369863510132,0.6163204312324524,1.4290493726730347
1924,2.0430102348327637,0.6155300140380859,1.4274802207946777
1925,2.0406570434570312,0.614745020866394,1.4259121417999268
1926,2.0383105278015137,0.6139638423919678,1.4243465662002563
1927,2.0359671115875244,0.6131843328475952,1.4227827787399292
1928,2.03363037109375,0.6124063730239868,1.4212239980697632
1929,2.0313010215759277,0.6116325855255127,1.419668436050415
1930,2.028977394104004,0.6108642816543579,1.418113112449646
1931,2.026660442352295,0.6100978851318359,1.4165624380111694
1932,2.024350166320801,0.6093304753303528,1.4150196313858032
1933,2.022045850753784,0.6085596084594727,1.4134862422943115
1934,2.019747495651245,0.6077887415885925,1.4119588136672974
1935,2.0174560546875,0.6070207357406616,1.4104353189468384
1936,2.0151712894439697,0.6062555909156799,1.408915638923645
1937,2.0128912925720215,0.6054906249046326,1.4074007272720337
1938,2.010618209838867,0.6047261357307434,1.4058921337127686
1939,2.008350133895874,0.6039639115333557,1.4043861627578735
1940,2.0060858726501465,0.6032055616378784,1.402880311012268
1941,2.0038280487060547,0.602450966835022,1.4013769626617432
1942,2.001574993133545,0.6016974449157715,1.399877667427063
1943,1.9993274211883545,0.6009440422058105,1.398383378982544
1944,1.9970877170562744,0.6001918911933899,1.3968958854675293
1945,1.9948537349700928,0.599442720413208,1.3954110145568848
1946,1.9926280975341797,0.5986982583999634,1.3939298391342163
1947,1.9904065132141113,0.5979578495025635,1.3924486637115479
1948,1.988189697265625,0.5972210168838501,1.390968680381775
1949,1.9859789609909058,0.5964878797531128,1.389491081237793
1950,1.9837732315063477,0.5957594513893127,1.3880137205123901
1951,1.9815707206726074,0.5950345396995544,1.3865362405776978
1952,1.9793715476989746,0.5943134427070618,1.385058045387268
1953,1.9771791696548462,0.5935930013656616,1.3835861682891846
1954,1.9749913215637207,0.5928726196289062,1.3821187019348145
1955,1.9728076457977295,0.5921512246131897,1.380656361579895
1956,1.970629096031189,0.5914288759231567,1.3792002201080322
1957,1.9684568643569946,0.5907050371170044,1.3777518272399902
1958,1.9662890434265137,0.5899790525436401,1.3763099908828735
1959,1.9641250371932983,0.5892512798309326,1.3748737573623657
1960,1.9619652032852173,0.5885214805603027,1.3734437227249146
1961,1.9598082304000854,0.5877900123596191,1.3720182180404663
1962,1.9576555490493774,0.5870578289031982,1.3705977201461792
1963,1.9555060863494873,0.5863261818885803,1.3691799640655518
1964,1.9533610343933105,0.5855965614318848,1.3677644729614258
1965,1.9512231349945068,0.584869384765625,1.3663537502288818
1966,1.9490907192230225,0.5841447114944458,1.3649460077285767
1967,1.9469650983810425,0.5834224224090576,1.3635426759719849
1968,1.9448444843292236,0.5827041864395142,1.3621402978897095
1969,1.9427320957183838,0.5819911360740662,1.3607409000396729
1970,1.9406260251998901,0.5812832117080688,1.3593428134918213
1971,1.9385266304016113,0.5805788636207581,1.357947826385498
1972,1.9364323616027832,0.5798777341842651,1.356554627418518
1973,1.934343695640564,0.5791831016540527,1.3551605939865112
1974,1.9322595596313477,0.5784960985183716,1.353763461112976
1975,1.9301773309707642,0.5778173208236694,1.3523600101470947
1976,1.9281005859375,0.5771446824073792,1.350955843925476
1977,1.9260269403457642,0.5764771699905396,1.3495497703552246
1978,1.9239568710327148,0.575815737247467,1.3481411933898926
1979,1.921891689300537,0.5751609802246094,1.3467307090759277
1980,1.9198319911956787,0.5745112299919128,1.345320701599121
1981,1.9177762269973755,0.5738627910614014,1.3439134359359741
1982,1.9157252311706543,0.5732136368751526,1.342511534690857
1983,1.9136788845062256,0.5725647211074829,1.3411141633987427
1984,1.911637783050537,0.571917712688446,1.3397200107574463
1985,1.9096014499664307,0.5712727308273315,1.3383287191390991
1986,1.9075688123703003,0.5706275701522827,1.3369412422180176
1987,1.905541181564331,0.5699808597564697,1.3355603218078613
1988,1.9035181999206543,0.5693338513374329,1.3341842889785767
1989,1.9015004634857178,0.568688154220581,1.3328123092651367
1990,1.8994886875152588,0.5680436491966248,1.3314449787139893
1991,1.8974826335906982,0.5673985481262207,1.3300840854644775
1992,1.8954813480377197,0.5667513012886047,1.3287301063537598
1993,1.8934834003448486,0.5661028027534485,1.3273805379867554
1994,1.8914902210235596,0.5654555559158325,1.326034665107727
1995,1.8895015716552734,0.5648109316825867,1.3246906995773315
1996,1.8875161409378052,0.5641680955886841,1.323348045349121
1997,1.8855369091033936,0.5635263323783875,1.3220106363296509
1998,1.8835614919662476,0.5628854036331177,1.3206760883331299
1999,1.8815903663635254,0.5622472167015076,1.319343090057373
2000,1.8796241283416748,0.5616119503974915,1.3180121183395386
2001,1.8776612281799316,0.5609779953956604,1.316683292388916
2002,1.8757036924362183,0.5603433847427368,1.3153603076934814
2003,1.8737514019012451,0.5597083568572998,1.3140430450439453
2004,1.87180495262146,0.5590741038322449,1.3127309083938599
2005,1.8698630332946777,0.5584424734115601,1.3114205598831177
2006,1.8679248094558716,0.5578136444091797,1.310111165046692
2007,1.8659924268722534,0.557187557220459,1.3088048696517944
2008,1.8640629053115845,0.5565633773803711,1.3074995279312134
2009,1.8621379137039185,0.5559431314468384,1.30619478225708
2010,1.8602174520492554,0.5553263425827026,1.3048911094665527
2011,1.8583002090454102,0.5547137260437012,1.303586483001709
2012,1.8563870191574097,0.5541030168533325,1.3022840023040771
2013,1.8544785976409912,0.5534936189651489,1.3009849786758423
2014,1.8525745868682861,0.5528860688209534,1.2996885776519775
2015,1.8506746292114258,0.5522810220718384,1.2983936071395874
2016,1.8487789630889893,0.5516785979270935,1.297100305557251
2017,1.8468881845474243,0.5510790348052979,1.2958091497421265
2018,1.845000982284546,0.5504819750785828,1.2945189476013184
2019,1.8431179523468018,0.549887478351593,1.2932305335998535
2020,1.8412396907806396,0.5492957234382629,1.291943907737732
2021,1.839364767074585,0.5487065315246582,1.2906582355499268
2022,1.8374934196472168,0.5481190085411072,1.2893744707107544
2023,1.8356258869171143,0.5475330352783203,1.288092851638794
2024,1.8337607383728027,0.5469486713409424,1.2868120670318604
2025,1.8318994045257568,0.5463656187057495,1.2855337858200073
2026,1.8300422430038452,0.5457830429077148,1.2842592000961304
2027,1.8281879425048828,0.5452011227607727,1.2829868793487549
2028,1.826338529586792,0.5446212291717529,1.281717300415039
2029,1.824494481086731,0.5440433025360107,1.2804511785507202
2030,1.8226560354232788,0.5434654951095581,1.2791905403137207
2031,1.8208236694335938,0.5428871512413025,1.277936577796936
2032,1.818996548652649,0.542309045791626,1.276687502861023
2033,1.8171741962432861,0.5417336821556091,1.2754404544830322
2034,1.8153560161590576,0.5411611795425415,1.2741948366165161
2035,1.8135396242141724,0.5405898094177246,1.2729498147964478
2036,1.8117274045944214,0.540019154548645,1.2717082500457764
2037,1.8099185228347778,0.5394521951675415,1.2704663276672363
2038,1.8081109523773193,0.5388903617858887,1.2692205905914307
2039,1.8063075542449951,0.5383330583572388,1.2679744958877563
2040,1.804506778717041,0.5377777814865112,1.2667289972305298
2041,1.802711009979248,0.5372228026390076,1.2654881477355957
2042,1.8009183406829834,0.536669909954071,1.2642483711242676
2043,1.7991292476654053,0.5361204147338867,1.2630088329315186
2044,1.7973439693450928,0.5355740785598755,1.2617698907852173
2045,1.7955641746520996,0.5350292325019836,1.2605350017547607
2046,1.7937870025634766,0.5344842076301575,1.2593027353286743
2047,1.7920129299163818,0.5339426398277283,1.2580702304840088
2048,1.790244460105896,0.5334054231643677,1.2568390369415283
2049,1.7884795665740967,0.532872200012207,1.2556073665618896
2050,1.7867181301116943,0.5323408246040344,1.2543773651123047
2051,1.7849615812301636,0.5318092107772827,1.2531523704528809
2052,1.7832083702087402,0.5312786102294922,1.251929759979248
2053,1.7814579010009766,0.5307502746582031,1.2507076263427734
2054,1.7797126770019531,0.5302231907844543,1.2494895458221436
2055,1.777971863746643,0.5296962261199951,1.248275637626648
2056,1.7762346267700195,0.529167890548706,1.2470667362213135
2057,1.7745013236999512,0.5286403298377991,1.2458609342575073
2058,1.7727707624435425,0.52811598777771,1.2446547746658325
2059,1.7710447311401367,0.5275943875312805,1.243450403213501
2060,1.7693216800689697,0.5270735621452332,1.2422480583190918
2061,1.767601490020752,0.5265523195266724,1.2410491704940796
2062,1.7658849954605103,0.5260313749313354,1.2398536205291748
2063,1.7641735076904297,0.5255119204521179,1.238661527633667
2064,1.7624640464782715,0.5249937772750854,1.237470269203186
2065,1.760758638381958,0.52447509765625,1.236283540725708
2066,1.7590558528900146,0.5239550471305847,1.2351008653640747
2067,1.7573570013046265,0.5234354734420776,1.2339215278625488
2068,1.755661129951477,0.5229179859161377,1.2327431440353394
2069,1.753969669342041,0.5224025845527649,1.2315670251846313
2070,1.752281665802002,0.5218884348869324,1.2303932905197144
2071,1.7505972385406494,0.5213754177093506,1.2292218208312988
2072,1.7489163875579834,0.5208646059036255,1.228051781654358
2073,1.7472394704818726,0.5203554630279541,1.2268840074539185
2074,1.7455657720565796,0.5198485851287842,1.2257171869277954
2075,1.743895173072815,0.519342303276062,1.224552869796753
2076,1.742227554321289,0.5188374519348145,1.2233901023864746
2077,1.740562915802002,0.5183343887329102,1.2222285270690918
2078,1.7389020919799805,0.517833411693573,1.2210687398910522
2079,1.7372455596923828,0.5173349380493164,1.2199106216430664
2080,1.7355914115905762,0.5168379545211792,1.218753457069397
2081,1.7339417934417725,0.5163440108299255,1.2175977230072021
2082,1.7322938442230225,0.5158517956733704,1.2164419889450073
2083,1.730649709701538,0.5153617262840271,1.2152880430221558
2084,1.7290085554122925,0.5148731470108032,1.2141354084014893
2085,1.727370262145996,0.5143855214118958,1.2129846811294556
2086,1.7257353067398071,0.5138994455337524,1.2118358612060547
2087,1.7241050004959106,0.5134146213531494,1.2106903791427612
2088,1.7224760055541992,0.512930691242218,1.2095452547073364
2089,1.7208516597747803,0.5124470591545105,1.2084046602249146
2090,1.7192307710647583,0.5119645595550537,1.2072662115097046
2091,1.7176144123077393,0.5114836692810059,1.2061307430267334
2092,1.7160005569458008,0.5110054016113281,1.2049951553344727
2093,1.7143902778625488,0.5105283856391907,1.2038618326187134
2094,1.7127835750579834,0.5100528597831726,1.2027307748794556
2095,1.7111797332763672,0.5095797181129456,1.2015999555587769
2096,1.709579586982727,0.5091102123260498,1.2004693746566772
2097,1.7079815864562988,0.5086434483528137,1.1993380784988403
2098,1.7063860893249512,0.5081781148910522,1.198207974433899
2099,1.704793930053711,0.5077131986618042,1.1970807313919067
2100,1.7032058238983154,0.5072510838508606,1.19595468044281
2101,1.701620101928711,0.5067917704582214,1.1948282718658447
2102,1.7000370025634766,0.5063339471817017,1.193703055381775
2103,1.6984586715698242,0.5058764219284058,1.1925822496414185
2104,1.6968821287155151,0.5054193735122681,1.191462755203247
2105,1.6953110694885254,0.5049645900726318,1.1903464794158936
2106,1.6937419176101685,0.5045119524002075,1.189229965209961
2107,1.6921758651733398,0.504060685634613,1.1881152391433716
2108,1.6906142234802246,0.5036088824272156,1.1870052814483643
2109,1.6890546083450317,0.5031558275222778,1.185898780822754
2110,1.6874988079071045,0.5027037858963013,1.1847950220108032
2111,1.6859450340270996,0.5022530555725098,1.1836919784545898
2112,1.68439519405365,0.5018011331558228,1.1825940608978271
2113,1.682847023010254,0.5013473629951477,1.181499719619751
2114,1.6813030242919922,0.500892162322998,1.1804108619689941
2115,1.679762363433838,0.5004381537437439,1.1793241500854492
2116,1.6782236099243164,0.4999851882457733,1.1782383918762207
2117,1.676687479019165,0.49953240156173706,1.1771551370620728
2118,1.675154447555542,0.49907881021499634,1.1760756969451904
2119,1.6736249923706055,0.498625248670578,1.174999713897705
2120,1.6720980405807495,0.49817338585853577,1.1739246845245361
2121,1.6705740690231323,0.4977238178253174,1.172850251197815
2122,1.669053077697754,0.4972756505012512,1.1717774868011475
2123,1.6675364971160889,0.49682849645614624,1.1707080602645874
2124,1.6660205125808716,0.49638307094573975,1.1696374416351318
2125,1.66451096534729,0.4959411025047302,1.1685699224472046
2126,1.663001298904419,0.49550265073776245,1.1674985885620117
2127,1.6614961624145508,0.49506622552871704,1.1664299964904785
2128,1.6599934101104736,0.49463099241256714,1.1653623580932617
2129,1.658492088317871,0.4941968321800232,1.1642953157424927
2130,1.656994342803955,0.49376407265663147,1.163230299949646
2131,1.6554999351501465,0.49333155155181885,1.1621683835983276
2132,1.654008388519287,0.4928986430168152,1.1611096858978271
2133,1.6525193452835083,0.4924660921096802,1.1600532531738281
2134,1.6510334014892578,0.49203425645828247,1.1589990854263306
2135,1.6495507955551147,0.49160313606262207,1.1579476594924927
2136,1.6480709314346313,0.4911729395389557,1.156898021697998
2137,1.6465928554534912,0.4907439351081848,1.1558489799499512
2138,1.6451196670532227,0.4903167486190796,1.154802918434143
2139,1.643646240234375,0.4898907542228699,1.15375554561615
2140,1.6421788930892944,0.4894655644893646,1.1527132987976074
2141,1.6407116651535034,0.4890406131744385,1.151671051979065
2142,1.6392478942871094,0.4886171817779541,1.1506307125091553
2143,1.6377878189086914,0.48819535970687866,1.1495925188064575
2144,1.6363296508789062,0.4877733588218689,1.1485563516616821
2145,1.6348745822906494,0.4873517155647278,1.1475229263305664
2146,1.6334223747253418,0.486930251121521,1.1464921236038208
2147,1.631973147392273,0.48651066422462463,1.1454625129699707
2148,1.630526065826416,0.486092746257782,1.1444333791732788
2149,1.6290823221206665,0.4856753647327423,1.1434069871902466
2150,1.6276413202285767,0.4852581024169922,1.1423832178115845
2151,1.6262025833129883,0.4848422110080719,1.1413604021072388
2152,1.6247673034667969,0.4844292998313904,1.1403379440307617
2153,1.6233339309692383,0.48401981592178345,1.1393141746520996
2154,1.6219037771224976,0.4836123287677765,1.1382914781570435
2155,1.6204750537872314,0.483205646276474,1.137269377708435
2156,1.6190506219863892,0.4828013479709625,1.136249303817749
2157,1.6176271438598633,0.48240095376968384,1.1352262496948242
2158,1.6162066459655762,0.48200350999832153,1.1342031955718994
2159,1.61478853225708,0.4816064238548279,1.133182168006897
2160,1.613372564315796,0.4812090992927551,1.1321635246276855
2161,1.6119587421417236,0.4808133840560913,1.1311453580856323
2162,1.6105477809906006,0.48042064905166626,1.130127191543579
2163,1.609140157699585,0.48003053665161133,1.1291096210479736
2164,1.6077347993850708,0.4796399772167206,1.1280947923660278
2165,1.6063320636749268,0.47925013303756714,1.1270818710327148
2166,1.6049320697784424,0.4788624048233032,1.1260696649551392
2167,1.603535771369934,0.4784773886203766,1.1250584125518799
2168,1.6021406650543213,0.47809264063835144,1.1240479946136475
2169,1.600748896598816,0.47770681977272034,1.123042106628418
2170,1.5993597507476807,0.4773206114768982,1.1220391988754272
2171,1.5979727506637573,0.47693586349487305,1.1210368871688843
2172,1.5965888500213623,0.47655266523361206,1.1200361251831055
2173,1.5952069759368896,0.4761703610420227,1.1190365552902222
2174,1.5938279628753662,0.475788414478302,1.118039608001709
2175,1.592451810836792,0.47540807723999023,1.1170437335968018
2176,1.5910768508911133,0.4750310480594635,1.1160458326339722
2177,1.5897059440612793,0.47465580701828003,1.1150500774383545
2178,1.5883376598358154,0.47428107261657715,1.1140565872192383
2179,1.5869712829589844,0.47390657663345337,1.1130647659301758
2180,1.585607886314392,0.4735332727432251,1.112074613571167
2181,1.5842466354370117,0.4731611907482147,1.1110854148864746
2182,1.5828874111175537,0.47279036045074463,1.110097050666809
2183,1.581530213356018,0.47241976857185364,1.1091104745864868
2184,1.5801764726638794,0.47205033898353577,1.108126163482666
2185,1.5788235664367676,0.471682608127594,1.1071410179138184
2186,1.5774742364883423,0.4713168144226074,1.1061574220657349
2187,1.576126217842102,0.4709515869617462,1.1051746606826782
2188,1.5747812986373901,0.4705863893032074,1.1041948795318604
2189,1.573438286781311,0.4702218770980835,1.1032164096832275
2190,1.5720982551574707,0.4698578417301178,1.1022404432296753
2191,1.5707608461380005,0.46949446201324463,1.1012663841247559
2192,1.5694258213043213,0.4691314697265625,1.1002943515777588
2193,1.568093180656433,0.4687689542770386,1.0993242263793945
2194,1.5667626857757568,0.4684077501296997,1.0983549356460571
2195,1.5654343366622925,0.46804800629615784,1.097386360168457
2196,1.5641080141067505,0.46768930554389954,1.0964187383651733
2197,1.562784194946289,0.46733155846595764,1.0954526662826538
2198,1.5614622831344604,0.46697530150413513,1.094486951828003
2199,1.5601434707641602,0.4666195511817932,1.0935238599777222
2200,1.5588266849517822,0.46626412868499756,1.0925625562667847
2201,1.5575124025344849,0.465908408164978,1.0916039943695068
2202,1.5562007427215576,0.46555352210998535,1.0906472206115723
2203,1.5548906326293945,0.46519935131073,1.0896912813186646
2204,1.5535837411880493,0.46484553813934326,1.088738203048706
2205,1.5522797107696533,0.4644910991191864,1.0877885818481445
2206,1.5509769916534424,0.46413710713386536,1.0868399143218994
2207,1.5496762990951538,0.463784784078598,1.0858914852142334
2208,1.5483782291412354,0.4634336829185486,1.084944486618042
2209,1.5470819473266602,0.4630831182003021,1.0839987993240356
2210,1.5457887649536133,0.46273308992385864,1.0830557346343994
2211,1.544497013092041,0.4623850882053375,1.0821119546890259
2212,1.5432078838348389,0.46203917264938354,1.0811687707901
2213,1.5419198274612427,0.4616945683956146,1.0802252292633057
2214,1.540635347366333,0.4613507390022278,1.0792845487594604
2215,1.5393521785736084,0.4610075056552887,1.078344702720642
2216,1.5380712747573853,0.4606659710407257,1.077405333518982
2217,1.5367913246154785,0.46032607555389404,1.0764652490615845
2218,1.5355149507522583,0.45998668670654297,1.0755282640457153
2219,1.534240484237671,0.45964711904525757,1.0745933055877686
2220,1.532967448234558,0.459308385848999,1.073659062385559
2221,1.5316972732543945,0.4589709937572479,1.0727262496948242
2222,1.5304293632507324,0.458634614944458,1.0717947483062744
2223,1.5291634798049927,0.4582982063293457,1.070865273475647
2224,1.5279006958007812,0.4579614996910095,1.0699392557144165
2225,1.526639461517334,0.457624614238739,1.0690147876739502
2226,1.5253803730010986,0.45728859305381775,1.0680917501449585
2227,1.5241230726242065,0.45695269107818604,1.0671703815460205
2228,1.5228679180145264,0.4566168785095215,1.0662510395050049
2229,1.5216147899627686,0.4562808573246002,1.0653339624404907
2230,1.5203642845153809,0.4559447765350342,1.0644195079803467
2231,1.5191147327423096,0.4556099772453308,1.0635048151016235
2232,1.5178685188293457,0.45527562499046326,1.06259286403656
2233,1.5166229009628296,0.45494186878204346,1.0616810321807861
2234,1.515380620956421,0.4546079933643341,1.0607726573944092
2235,1.5141406059265137,0.4542749226093292,1.0598657131195068
2236,1.5129022598266602,0.453943133354187,1.0589591264724731
2237,1.511665940284729,0.45361316204071045,1.0580527782440186
2238,1.5104329586029053,0.45328396558761597,1.057149052619934
2239,1.5092010498046875,0.45295578241348267,1.05624520778656
2240,1.5079714059829712,0.4526296854019165,1.0553417205810547
2241,1.5067431926727295,0.4523048400878906,1.0544383525848389
2242,1.5055174827575684,0.45198094844818115,1.0535365343093872
2243,1.504294514656067,0.4516577422618866,1.052636742591858
2244,1.503072738647461,0.4513346552848816,1.0517381429672241
2245,1.501853346824646,0.4510120153427124,1.0508413314819336
2246,1.500635027885437,0.45068976283073425,1.0499452352523804
2247,1.4994198083877563,0.45036745071411133,1.049052357673645
2248,1.4982060194015503,0.4500453472137451,1.0481606721878052
2249,1.4969940185546875,0.4497241973876953,1.0472698211669922
2250,1.4957844018936157,0.44940367341041565,1.0463807582855225
2251,1.4945764541625977,0.44908368587493896,1.0454927682876587
2252,1.4933711290359497,0.44876396656036377,1.044607162475586
2253,1.4921668767929077,0.44844451546669006,1.04372239112854
2254,1.4909647703170776,0.4481261968612671,1.0428385734558105
2255,1.4897651672363281,0.44780784845352173,1.0419572591781616
2256,1.4885668754577637,0.4474894404411316,1.0410773754119873
2257,1.4873714447021484,0.447171151638031,1.0402003526687622
2258,1.4861767292022705,0.4468538165092468,1.0393229722976685
2259,1.4849846363067627,0.44653719663619995,1.0384474992752075
2260,1.483794927597046,0.4462209939956665,1.0375739336013794
2261,1.4826061725616455,0.4459047317504883,1.0367014408111572
2262,1.4814199209213257,0.44558942317962646,1.0358304977416992
2263,1.4802356958389282,0.44527506828308105,1.0349606275558472
2264,1.479053258895874,0.4449614882469177,1.034091830253601
2265,1.4778727293014526,0.44464829564094543,1.0332244634628296
2266,1.476694107055664,0.44433629512786865,1.0323578119277954
2267,1.4755173921585083,0.4440259039402008,1.0314915180206299
2268,1.4743428230285645,0.4437163770198822,1.0306264162063599
2269,1.4731690883636475,0.4434072971343994,1.029761791229248
2270,1.4719983339309692,0.44309863448143005,1.0288996696472168
2271,1.4708282947540283,0.4427916407585144,1.0280365943908691
2272,1.469661831855774,0.4424855709075928,1.0271762609481812
2273,1.4684962034225464,0.44217953085899353,1.0263166427612305
2274,1.4673328399658203,0.4418739080429077,1.0254589319229126
2275,1.466170072555542,0.441569983959198,1.0246000289916992
2276,1.465011477470398,0.4412682056427002,1.0237432718276978
2277,1.4638530015945435,0.440966933965683,1.022886037826538
2278,1.462697148323059,0.4406661093235016,1.0220310688018799
2279,1.4615424871444702,0.4403661787509918,1.0211763381958008
2280,1.460390567779541,0.44006818532943726,1.020322322845459
2281,1.4592397212982178,0.43977051973342896,1.019469141960144
2282,1.4580905437469482,0.43947237730026245,1.0186182260513306
2283,1.4569439888000488,0.4391741156578064,1.0177698135375977
2284,1.4557985067367554,0.4388772249221802,1.0169212818145752
2285,1.4546540975570679,0.4385813772678375,1.0160727500915527
2286,1.4535125494003296,0.4382854998111725,1.0152270793914795
2287,1.4523721933364868,0.43798935413360596,1.0143828392028809
2288,1.4512344598770142,0.4376940429210663,1.0135403871536255
2289,1.4500974416732788,0.4373999536037445,1.012697458267212
2290,1.448962688446045,0.43710586428642273,1.0118567943572998
2291,1.4478304386138916,0.43681100010871887,1.0110194683074951
2292,1.4466984272003174,0.4365159273147583,1.010182499885559
2293,1.445570468902588,0.43622255325317383,1.009347915649414
2294,1.444442868232727,0.435930460691452,1.0085123777389526
2295,1.4433174133300781,0.4356389045715332,1.007678508758545
2296,1.442192792892456,0.43534761667251587,1.006845235824585
2297,1.4410717487335205,0.43505823612213135,1.0060135126113892
2298,1.4399504661560059,0.43477141857147217,1.0051790475845337
2299,1.4388322830200195,0.43448543548583984,1.0043468475341797
2300,1.4377154111862183,0.43419888615608215,1.0035165548324585
2301,1.4365997314453125,0.43391233682632446,1.0026874542236328
2302,1.43548583984375,0.43362706899642944,1.0018588304519653
2303,1.4343750476837158,0.43334272503852844,1.0010323524475098
2304,1.4332644939422607,0.4330584406852722,1.0002061128616333
2305,1.4321560859680176,0.43277305364608765,0.9993830323219299
2306,1.4310499429702759,0.43248841166496277,0.9985615611076355
2307,1.4299452304840088,0.43220531940460205,0.9977399706840515
2308,1.4288415908813477,0.4319235682487488,0.9969180822372437
2309,1.4277399778366089,0.4316408634185791,0.9960991144180298
2310,1.4266403913497925,0.4313579499721527,0.9952824115753174
2311,1.4255423545837402,0.4310764670372009,0.9944658279418945
2312,1.4244451522827148,0.43079662322998047,0.9936485886573792
2313,1.4233503341674805,0.4305168390274048,0.9928335547447205
2314,1.4222570657730103,0.43023642897605896,0.9920206069946289
2315,1.4211652278900146,0.42995697259902954,0.9912082552909851
2316,1.4200754165649414,0.42967939376831055,0.9903960824012756
2317,1.41898775100708,0.4294024407863617,0.989585280418396
2318,1.4179010391235352,0.4291248321533203,0.9887762069702148
2319,1.416815996170044,0.4288480877876282,0.9879679679870605
2320,1.415732502937317,0.42857223749160767,0.9871602654457092
2321,1.4146515130996704,0.4282972514629364,0.9863542914390564
2322,1.4135706424713135,0.4280220866203308,0.9855485558509827
2323,1.4124935865402222,0.42774689197540283,0.9847466945648193
2324,1.4114160537719727,0.42747265100479126,0.9839434027671814
2325,1.4103413820266724,0.42719969153404236,0.9831417202949524
2326,1.409267783164978,0.42692676186561584,0.9823410511016846
2327,1.408195972442627,0.42665383219718933,0.98154217004776
2328,1.4071252346038818,0.4263814687728882,0.9807438254356384
2329,1.4060571193695068,0.4261104166507721,0.9799466729164124
2330,1.404990315437317,0.42583975195884705,0.9791505336761475
2331,1.4039249420166016,0.42556896805763245,0.9783560037612915
2332,1.4028613567352295,0.4252985715866089,0.9775627851486206
2333,1.4017986059188843,0.4250296652317047,0.976768970489502
2334,1.4007383584976196,0.42476174235343933,0.9759765863418579
2335,1.3996793031692505,0.4244932532310486,0.9751860499382019
2336,1.3986220359802246,0.4242252707481384,0.9743967056274414
2337,1.3975656032562256,0.4239588677883148,0.9736067652702332
2338,1.3965117931365967,0.42369332909584045,0.9728184342384338
2339,1.3954591751098633,0.42342787981033325,0.9720313549041748
2340,1.394407868385315,0.4231621026992798,0.9712457656860352
2341,1.3933590650558472,0.42289772629737854,0.9704613089561462
2342,1.3923099040985107,0.4226347804069519,0.9696751236915588
2343,1.391263723373413,0.42237192392349243,0.9688918590545654
2344,1.390218734741211,0.42210841178894043,0.9681103825569153
2345,1.3891746997833252,0.4218454360961914,0.9673293232917786
2346,1.3881338834762573,0.42158451676368713,0.9665493369102478
2347,1.3870935440063477,0.4213241934776306,0.9657692909240723
2348,1.386054277420044,0.42106327414512634,0.9649909734725952
2349,1.385016918182373,0.4208029508590698,0.9642139673233032
2350,1.383980393409729,0.42054426670074463,0.9634361267089844
2351,1.382946491241455,0.4202870726585388,0.9626593589782715
2352,1.3819135427474976,0.4200296401977539,0.9618839025497437
2353,1.3808823823928833,0.41977179050445557,0.9611105918884277
2354,1.3798524141311646,0.4195150136947632,0.9603374004364014
2355,1.3788237571716309,0.41926032304763794,0.9595634341239929
2356,1.3777968883514404,0.41900554299354553,0.9587913155555725
2357,1.3767712116241455,0.4187496602535248,0.9580215215682983
2358,1.3757479190826416,0.41849440336227417,0.9572535753250122
2359,1.374725341796875,0.41824114322662354,0.9564842581748962
2360,1.373704433441162,0.417988657951355,0.9557158350944519
2361,1.3726848363876343,0.4177350401878357,0.9549497961997986
2362,1.371666669845581,0.41748061776161194,0.9541860818862915
2363,1.370650291442871,0.417227178812027,0.9534230828285217
2364,1.3696361780166626,0.4169747233390808,0.9526614546775818
2365,1.3686226606369019,0.41672202944755554,0.9519006013870239
2366,1.3676097393035889,0.4164683222770691,0.9511414766311646
2367,1.3666001558303833,0.41621527075767517,0.9503849148750305
2368,1.3655904531478882,0.4159640967845917,0.9496263861656189
2369,1.364583134651184,0.4157136380672455,0.948869526386261
2370,1.3635772466659546,0.41546300053596497,0.9481142163276672
2371,1.3625719547271729,0.4152127802371979,0.9473592042922974
2372,1.3615690469741821,0.4149646759033203,0.9466043710708618
2373,1.3605672121047974,0.4147177040576935,0.9458494782447815
2374,1.359566330909729,0.41447094082832336,0.945095419883728
2375,1.3585675954818726,0.41422411799430847,0.9443435072898865
2376,1.3575693368911743,0.41397854685783386,0.9435907602310181
2377,1.356574535369873,0.4137340188026428,0.942840576171875
2378,1.3555793762207031,0.4134896993637085,0.9420896768569946
2379,1.3545863628387451,0.41324466466903687,0.941341757774353
2380,1.35359525680542,0.41300052404403687,0.9405947923660278
2381,1.3526034355163574,0.41275733709335327,0.9398461580276489
2382,1.3516147136688232,0.4125141501426697,0.9391006231307983
2383,1.3506269454956055,0.4122706949710846,0.9383562803268433
2384,1.349640965461731,0.4120278060436249,0.9376131892204285
2385,1.3486560583114624,0.4117862582206726,0.9368698000907898
2386,1.3476725816726685,0.41154536604881287,0.9361271858215332
2387,1.3466910123825073,0.411303848028183,0.935387134552002
2388,1.3457098007202148,0.41106292605400085,0.9346468448638916
2389,1.3447306156158447,0.41082334518432617,0.9339073300361633
2390,1.3437525033950806,0.41058436036109924,0.9331681728363037
2391,1.3427759408950806,0.4103446900844574,0.9324312210083008
2392,1.341801404953003,0.41010525822639465,0.9316961765289307
2393,1.340827226638794,0.40986716747283936,0.9309599995613098
2394,1.3398549556732178,0.4096304178237915,0.930224597454071
2395,1.3388837575912476,0.4093932509422302,0.9294905066490173
2396,1.3379143476486206,0.4091552197933197,0.9287590980529785
2397,1.3369455337524414,0.4089187979698181,0.9280266761779785
2398,1.3359793424606323,0.4086836874485016,0.9272956252098083
2399,1.3350130319595337,0.40844759345054626,0.9265654683113098
2400,1.3340492248535156,0.4082103967666626,0.9258388876914978
2401,1.333086609840393,0.40797367691993713,0.9251129627227783
2402,1.332124948501587,0.4077385663986206,0.9243863821029663
2403,1.3311647176742554,0.4075036644935608,0.9236610531806946
2404,1.330206036567688,0.4072679579257965,0.9229380488395691
2405,1.3292481899261475,0.40703245997428894,0.9222157597541809
2406,1.3282921314239502,0.40679922699928284,0.921492874622345
2407,1.3273367881774902,0.4065665602684021,0.9207702875137329
2408,1.326383352279663,0.4063336253166199,0.9200497269630432
2409,1.3254311084747314,0.4061000943183899,0.9193310737609863
2410,1.3244794607162476,0.40586796402931213,0.9186115264892578
2411,1.3235301971435547,0.4056372344493866,0.9178929328918457
2412,1.3225820064544678,0.40540653467178345,0.9171755313873291
2413,1.3216344118118286,0.40517550706863403,0.9164589047431946
2414,1.3206887245178223,0.40494513511657715,0.9157436490058899
2415,1.3197450637817383,0.4047161936759949,0.9150288701057434
2416,1.3188011646270752,0.4044879674911499,0.9143132567405701
2417,1.3178596496582031,0.4042591452598572,0.9136004447937012
2418,1.3169184923171997,0.40403029322624207,0.9128881692886353
2419,1.315979242324829,0.4038025736808777,0.9121766090393066
2420,1.3150420188903809,0.40357542037963867,0.9114665985107422
2421,1.3141050338745117,0.40334779024124146,0.910757303237915
2422,1.313169240951538,0.4031199812889099,0.9100492000579834
2423,1.3122353553771973,0.4028930366039276,0.909342348575592
2424,1.311302661895752,0.4026668667793274,0.9086357355117798
2425,1.3103705644607544,0.40244060754776,0.9079299569129944
2426,1.309441089630127,0.40221455693244934,0.9072265625
2427,1.3085110187530518,0.4019889831542969,0.9065220355987549
2428,1.3075838088989258,0.40176400542259216,0.905819833278656
2429,1.306657075881958,0.4015392065048218,0.905117928981781
2430,1.3057316541671753,0.4013148248195648,0.9044168591499329
2431,1.304807424545288,0.4010910987854004,0.9037163257598877
2432,1.3038846254348755,0.40086793899536133,0.9030166864395142
2433,1.3029627799987793,0.4006454348564148,0.9023173451423645
2434,1.3020434379577637,0.40042346715927124,0.9016199707984924
2435,1.301123857498169,0.4002023935317993,0.9009214043617249
2436,1.3002066612243652,0.39998191595077515,0.9002248048782349
2437,1.299289584159851,0.39976194500923157,0.8995276093482971
2438,1.2983734607696533,0.3995427191257477,0.898830771446228
2439,1.2974598407745361,0.399323970079422,0.8981359004974365
2440,1.2965471744537354,0.3991059958934784,0.8974411487579346
2441,1.295635461807251,0.3988885283470154,0.8967469930648804
2442,1.294724464416504,0.39867115020751953,0.8960532546043396
2443,1.2938151359558105,0.39845454692840576,0.8953605890274048
2444,1.2929078340530396,0.3982389271259308,0.8946688771247864
2445,1.292001485824585,0.3980235159397125,0.89397794008255
2446,1.291095495223999,0.39780735969543457,0.8932880759239197
2447,1.2901910543441772,0.3975917100906372,0.89259934425354
2448,1.2892881631851196,0.3973768353462219,0.8919113278388977
2449,1.2883857488632202,0.3971621096134186,0.891223669052124
2450,1.2874852418899536,0.3969475030899048,0.8905377388000488
2451,1.286585807800293,0.39673224091529846,0.8898535966873169
2452,1.2856874465942383,0.3965176045894623,0.8891698122024536
2453,1.2847900390625,0.3963038921356201,0.8884860873222351
2454,1.2838945388793945,0.39609020948410034,0.8878043293952942
2455,1.2829993963241577,0.3958762586116791,0.8871231079101562
2456,1.2821056842803955,0.3956623673439026,0.8864432573318481
2457,1.2812130451202393,0.3954496383666992,0.88576340675354
2458,1.2803221940994263,0.3952377736568451,0.8850844502449036
2459,1.2794318199157715,0.3950251340866089,0.8844067454338074
2460,1.2785441875457764,0.3948128819465637,0.8837312459945679
2461,1.2776551246643066,0.3946011960506439,0.8830538988113403
2462,1.2767689228057861,0.3943905234336853,0.8823783993721008
2463,1.2758829593658447,0.39417970180511475,0.8817031979560852
2464,1.2749992609024048,0.3939686715602875,0.8810306191444397
2465,1.274117350578308,0.3937583267688751,0.8803590536117554
2466,1.2732346057891846,0.3935486674308777,0.8796859979629517
2467,1.2723541259765625,0.39333945512771606,0.8790146708488464
2468,1.271474838256836,0.39313045144081116,0.8783443570137024
2469,1.2705957889556885,0.3929213285446167,0.8776745200157166
2470,1.269718885421753,0.39271271228790283,0.8770062327384949
2471,1.268843173980713,0.39250481128692627,0.8763384222984314
2472,1.2679681777954102,0.39229726791381836,0.8756709694862366
2473,1.2670938968658447,0.39208948612213135,0.8750043511390686
2474,1.266221523284912,0.39188235998153687,0.87433922290802
2475,1.265350580215454,0.3916758894920349,0.873674750328064
2476,1.2644801139831543,0.391470342874527,0.8730097413063049
2477,1.26361083984375,0.391265332698822,0.8723454475402832
2478,1.2627428770065308,0.39106038212776184,0.8716824650764465
2479,1.2618764638900757,0.39085614681243896,0.8710203170776367
2480,1.261010766029358,0.39065247774124146,0.8703582882881165
2481,1.2601454257965088,0.39044904708862305,0.8696963787078857
2482,1.2592813968658447,0.3902454376220703,0.8690358996391296
2483,1.2584199905395508,0.3900422155857086,0.8683778047561646
2484,1.2575583457946777,0.3898392915725708,0.8677190542221069
2485,1.2566975355148315,0.38963696360588074,0.8670605421066284
2486,1.2558382749557495,0.3894345760345459,0.8664036989212036
2487,1.2549803256988525,0.3892318904399872,0.865748405456543
2488,1.2541236877441406,0.38902997970581055,0.8650937080383301
2489,1.2532685995101929,0.3888288736343384,0.8644397258758545
2490,1.2524135112762451,0.3886276185512543,0.8637858629226685
2491,1.2515593767166138,0.3884265720844269,0.8631327748298645
2492,1.2507078647613525,0.38822585344314575,0.862481951713562
2493,1.2498557567596436,0.3880256712436676,0.8618300557136536
2494,1.249006748199463,0.387825608253479,0.8611810803413391
2495,1.2481565475463867,0.38762515783309937,0.8605313897132874
2496,1.2473087310791016,0.3874249756336212,0.8598837852478027
2497,1.2464619874954224,0.3872251510620117,0.8592368364334106
2498,1.2456151247024536,0.3870255947113037,0.8585895299911499
2499,1.2447710037231445,0.3868260979652405,0.8579448461532593
2500,1.2439279556274414,0.3866270184516907,0.8573009371757507
2501,1.24308443069458,0.3864288330078125,0.8566555976867676
2502,1.2422428131103516,0.38623112440109253,0.856011688709259
2503,1.2414029836654663,0.38603344559669495,0.8553695678710938
2504,1.240562915802002,0.38583582639694214,0.854727029800415
2505,1.23972487449646,0.38563960790634155,0.8540852665901184
2506,1.2388874292373657,0.38544386625289917,0.8534435629844666
2507,1.2380516529083252,0.3852478265762329,0.8528038859367371
2508,1.2372169494628906,0.3850518465042114,0.852165162563324
2509,1.2363817691802979,0.3848569095134735,0.851524829864502
2510,1.235548734664917,0.38466256856918335,0.8508862257003784
2511,1.2347166538238525,0.3844679594039917,0.8502487540245056
2512,1.2338860034942627,0.38427287340164185,0.8496131300926208
2513,1.2330560684204102,0.3840789198875427,0.8489771485328674
2514,1.232226848602295,0.38388532400131226,0.8483415246009827
2515,1.2313995361328125,0.3836912512779236,0.8477083444595337
2516,1.2305731773376465,0.3834974467754364,0.8470757007598877
2517,1.229746699333191,0.3833044767379761,0.8464422225952148
2518,1.2289221286773682,0.3831127882003784,0.8458093404769897
2519,1.228097915649414,0.3829212188720703,0.845176637172699
2520,1.2272758483886719,0.38272935152053833,0.8445465564727783
2521,1.226454734802246,0.3825385570526123,0.8439162373542786
2522,1.2256337404251099,0.3823486268520355,0.8432851433753967
2523,1.2248152494430542,0.38215863704681396,0.8426566123962402
2524,1.2239960432052612,0.38196831941604614,0.8420277237892151
2525,1.2231789827346802,0.3817785382270813,0.8414004445075989
2526,1.2223623991012573,0.3815893530845642,0.8407730460166931
2527,1.22154700756073,0.38140028715133667,0.8401467204093933
2528,1.2207326889038086,0.38121092319488525,0.8395218253135681
2529,1.2199194431304932,0.38102248311042786,0.8388969302177429
2530,1.2191071510314941,0.38083499670028687,0.8382721543312073
2531,1.2182949781417847,0.380647212266922,0.8376477956771851
2532,1.2174851894378662,0.3804595470428467,0.8370255827903748
2533,1.2166765928268433,0.3802725672721863,0.836404025554657
2534,1.2158677577972412,0.38008663058280945,0.8357810974121094
2535,1.2150607109069824,0.3799006938934326,0.8351600766181946
2536,1.2142548561096191,0.3797145485877991,0.8345403671264648
2537,1.2134493589401245,0.37952953577041626,0.8339198231697083
2538,1.2126449346542358,0.3793455958366394,0.8332993388175964
2539,1.2118422985076904,0.37916192412376404,0.832680344581604
2540,1.2110401391983032,0.3789779543876648,0.8320621848106384
2541,1.2102382183074951,0.37879443168640137,0.831443727016449
2542,1.2094379663467407,0.37861233949661255,0.8308256268501282
2543,1.2086389064788818,0.3784303665161133,0.8302085995674133
2544,1.2078404426574707,0.3782479166984558,0.8295925855636597
2545,1.2070425748825073,0.37806570529937744,0.8289768695831299
2546,1.2062467336654663,0.37788477540016174,0.8283619284629822
2547,1.2054517269134521,0.377704381942749,0.8277473449707031
2548,1.2046570777893066,0.37752336263656616,0.8271337151527405
2549,1.203864336013794,0.3773420453071594,0.8265223503112793
2550,1.2030712366104126,0.37716183066368103,0.8259093761444092
2551,1.2022809982299805,0.37698256969451904,0.8252984881401062
2552,1.2014894485473633,0.37680211663246155,0.8246873021125793
2553,1.2007001638412476,0.37662166357040405,0.8240785002708435
2554,1.1999114751815796,0.3764420449733734,0.8234694600105286
2555,1.1991246938705444,0.3762633204460144,0.82286137342453
2556,1.1983379125595093,0.37608417868614197,0.8222537040710449
2557,1.1975526809692383,0.375904381275177,0.821648359298706
2558,1.1967679262161255,0.37572595477104187,0.821042001247406
2559,1.195984125137329,0.37554824352264404,0.8204359412193298
2560,1.195202112197876,0.3753702640533447,0.8198318481445312
2561,1.1944193840026855,0.37519198656082153,0.8192274570465088
2562,1.1936392784118652,0.375014066696167,0.8186251521110535
2563,1.1928589344024658,0.3748372197151184,0.8180217742919922
2564,1.1920802593231201,0.3746602237224579,0.8174200057983398
2565,1.1913020610809326,0.374482661485672,0.8168193697929382
2566,1.190524935722351,0.3743056058883667,0.8162193298339844
2567,1.1897493600845337,0.37412920594215393,0.8156201243400574
2568,1.188974142074585,0.3739529848098755,0.8150212168693542
2569,1.188199758529663,0.37377655506134033,0.8144232630729675
2570,1.187427282333374,0.3736007511615753,0.8138265609741211
2571,1.1866549253463745,0.3734256327152252,0.8132292628288269
2572,1.1858832836151123,0.3732508420944214,0.8126325011253357
2573,1.1851129531860352,0.37307578325271606,0.8120371699333191
2574,1.1843444108963013,0.3729012906551361,0.8114430904388428
2575,1.1835753917694092,0.3727274239063263,0.8108479976654053
2576,1.182807207107544,0.3725537657737732,0.8102535009384155
2577,1.1820406913757324,0.37237972021102905,0.8096609115600586
2578,1.1812747716903687,0.3722066879272461,0.8090680837631226
2579,1.1805100440979004,0.37203413248062134,0.808475911617279
2580,1.1797459125518799,0.37186163663864136,0.8078842163085938
2581,1.1789833307266235,0.37168869376182556,0.8072946667671204
2582,1.1782214641571045,0.3715164065361023,0.8067049980163574
2583,1.1774601936340332,0.3713448643684387,0.8061152696609497
2584,1.1766998767852783,0.3711732029914856,0.805526614189148
2585,1.1759405136108398,0.3710009455680847,0.8049395084381104
2586,1.1751821041107178,0.3708294630050659,0.8043526411056519
2587,1.1744248867034912,0.3706585466861725,0.8037663102149963
2588,1.173668622970581,0.3704875707626343,0.803180992603302
2589,1.172912359237671,0.3703162968158722,0.8025960922241211
2590,1.1721580028533936,0.3701462149620056,0.8020117282867432
2591,1.171404242515564,0.3699764311313629,0.8014278411865234
2592,1.1706511974334717,0.36980682611465454,0.8008444309234619
2593,1.1698992252349854,0.3696364164352417,0.8002628087997437
2594,1.1691479682922363,0.36946725845336914,0.799680769443512
2595,1.1683980226516724,0.36929869651794434,0.799099326133728
2596,1.1676474809646606,0.3691297471523285,0.7985177040100098
2597,1.166900396347046,0.3689604699611664,0.7979399561882019
2598,1.1661523580551147,0.36879172921180725,0.7973605990409851
2599,1.1654057502746582,0.3686242401599884,0.7967815399169922
2600,1.1646595001220703,0.3684563934803009,0.796203076839447
2601,1.1639151573181152,0.36828818917274475,0.7956269979476929
2602,1.1631717681884766,0.36812126636505127,0.7950504422187805
2603,1.162428379058838,0.3679548501968384,0.7944734692573547
2604,1.161685824394226,0.3677881062030792,0.7938976883888245
2605,1.1609444618225098,0.3676215410232544,0.7933229207992554
2606,1.1602044105529785,0.3674560785293579,0.7927482724189758
2607,1.1594645977020264,0.3672904968261719,0.7921740412712097
2608,1.158725380897522,0.36712488532066345,0.7916005253791809
2609,1.157988429069519,0.3669595718383789,0.7910288572311401
2610,1.1572511196136475,0.3667948842048645,0.7904562950134277
2611,1.1565150022506714,0.366630494594574,0.7898845076560974
2612,1.1557798385620117,0.36646604537963867,0.7893137335777283
2613,1.1550458669662476,0.366301953792572,0.7887439131736755
2614,1.1543112993240356,0.3661380410194397,0.788173258304596
2615,1.1535799503326416,0.3659743666648865,0.7876055836677551
2616,1.1528477668762207,0.3658106029033661,0.787037193775177
2617,1.1521172523498535,0.3656470775604248,0.7864701151847839
2618,1.1513872146606445,0.36548393964767456,0.78590327501297
2619,1.150658130645752,0.36532115936279297,0.7853370308876038
2620,1.149929404258728,0.3651585280895233,0.7847709059715271
2621,1.1492019891738892,0.3649960458278656,0.7842059135437012
2622,1.1484758853912354,0.3648340702056885,0.7836418747901917
2623,1.147749900817871,0.36467209458351135,0.7830777764320374
2624,1.147025465965271,0.3645099997520447,0.7825154662132263
2625,1.146301507949829,0.3643484115600586,0.7819530963897705
2626,1.1455774307250977,0.3641873300075531,0.7813900709152222
2627,1.1448554992675781,0.3640260696411133,0.7808293700218201
2628,1.1441340446472168,0.3638646900653839,0.7802693843841553
2629,1.1434135437011719,0.363704651594162,0.7797088623046875
2630,1.1426937580108643,0.36354485154151917,0.7791488766670227
2631,1.1419751644134521,0.36338478326797485,0.7785903215408325
2632,1.1412569284439087,0.36322471499443054,0.7780321836471558
2633,1.1405398845672607,0.3630655109882355,0.7774743437767029
2634,1.13982355594635,0.3629070222377777,0.7769165635108948
2635,1.1391080617904663,0.36274826526641846,0.7763597965240479
2636,1.1383928060531616,0.36258918046951294,0.7758036255836487
2637,1.1376789808273315,0.36243119835853577,0.7752478122711182
2638,1.1369659900665283,0.3622739613056183,0.7746919989585876
2639,1.136253833770752,0.3621160387992859,0.7741377949714661
2640,1.1355422735214233,0.3619583547115326,0.7735838890075684
2641,1.1348326206207275,0.3618013262748718,0.7730312943458557
2642,1.134122371673584,0.36164504289627075,0.7724772691726685
2643,1.133413553237915,0.3614886999130249,0.7719249129295349
2644,1.1327048540115356,0.36133190989494324,0.7713729739189148
2645,1.1319977045059204,0.3611758053302765,0.7708218693733215
2646,1.1312916278839111,0.36102062463760376,0.7702709436416626
2647,1.130585789680481,0.36086517572402954,0.7697206139564514
2648,1.129881501197815,0.3607095181941986,0.7691720128059387
2649,1.1291773319244385,0.36055445671081543,0.7686229348182678
2650,1.1284737586975098,0.3603997528553009,0.7680740356445312
2651,1.1277706623077393,0.3602447509765625,0.7675259709358215
2652,1.1270697116851807,0.36008962988853455,0.7669801115989685
2653,1.1263692378997803,0.3599349856376648,0.7664341926574707
2654,1.1256694793701172,0.3597807288169861,0.7658887505531311
2655,1.1249700784683228,0.3596261739730835,0.7653439044952393
2656,1.1242718696594238,0.35947179794311523,0.7648001313209534
2657,1.1235742568969727,0.359317809343338,0.764256477355957
2658,1.122877597808838,0.35916435718536377,0.7637132406234741
2659,1.1221811771392822,0.3590105175971985,0.763170599937439
2660,1.1214860677719116,0.3588576018810272,0.7626284956932068
2661,1.1207923889160156,0.35870522260665894,0.7620871067047119
2662,1.12009859085083,0.35855230689048767,0.76154625415802
2663,1.1194053888320923,0.35839956998825073,0.7610058188438416
2664,1.1187138557434082,0.3582475185394287,0.7604663968086243
2665,1.1180230379104614,0.3580959439277649,0.7599270939826965
2666,1.1173323392868042,0.3579438030719757,0.7593885064125061
2667,1.1166430711746216,0.35779187083244324,0.758851170539856
2668,1.1159541606903076,0.3576412796974182,0.7583129405975342
2669,1.1152663230895996,0.3574907183647156,0.757775604724884
2670,1.114579200744629,0.35733965039253235,0.7572395205497742
2671,1.1138932704925537,0.3571891784667969,0.7567040324211121
2672,1.1132068634033203,0.3570398688316345,0.756166934967041
2673,1.112522006034851,0.356890469789505,0.7556315660476685
2674,1.111838459968567,0.35674044489860535,0.7550980448722839
2675,1.1111551523208618,0.35659080743789673,0.7545643448829651
2676,1.1104722023010254,0.35644203424453735,0.7540302276611328
2677,1.1097898483276367,0.3562936782836914,0.7534961700439453
2678,1.1091102361679077,0.3561449348926544,0.7529652714729309
2679,1.1084295511245728,0.35599589347839355,0.7524336576461792
2680,1.1077502965927124,0.35584816336631775,0.751902163028717
2681,1.107072114944458,0.3557009696960449,0.7513712048530579
2682,1.1063942909240723,0.3555529713630676,0.7508412599563599
2683,1.1057173013687134,0.355404794216156,0.7503125071525574
2684,1.105040431022644,0.35525763034820557,0.7497828006744385
2685,1.1043651103973389,0.3551110625267029,0.7492539882659912
2686,1.1036903858184814,0.3549642860889435,0.7487260699272156
2687,1.1030168533325195,0.354816734790802,0.7482001185417175
2688,1.102343201637268,0.35467055439949036,0.7476726174354553
2689,1.1016712188720703,0.35452505946159363,0.7471461296081543
2690,1.100999355316162,0.35437890887260437,0.7466204762458801
2691,1.100327968597412,0.3542323708534241,0.746095597743988
2692,1.0996578931808472,0.3540867567062378,0.7455711364746094
2693,1.0989887714385986,0.353941947221756,0.745046854019165
2694,1.0983203649520874,0.35379675030708313,0.7445235848426819
2695,1.0976526737213135,0.35365140438079834,0.7440012097358704
2696,1.0969853401184082,0.3535064458847046,0.7434788346290588
2697,1.0963190793991089,0.35336264967918396,0.7429563999176025
2698,1.0956528186798096,0.3532183766365051,0.7424343824386597
2699,1.094988226890564,0.35307422280311584,0.7419139742851257
2700,1.0943238735198975,0.35293036699295044,0.7413935661315918
2701,1.0936604738235474,0.35278719663619995,0.7408732771873474
2702,1.0929979085922241,0.35264402627944946,0.7403538823127747
2703,1.0923359394073486,0.3525005578994751,0.7398354411125183
2704,1.0916751623153687,0.35235750675201416,0.7393176555633545
2705,1.091015338897705,0.3522147536277771,0.7388005256652832
2706,1.0903549194335938,0.3520718812942505,0.738283097743988
2707,1.0896960496902466,0.35192933678627014,0.737766683101654
2708,1.0890376567840576,0.3517867624759674,0.7372509241104126
2709,1.0883804559707642,0.35164451599121094,0.7367359399795532
2710,1.0877236127853394,0.35150203108787537,0.7362216114997864
2711,1.0870678424835205,0.3513604402542114,0.7357073426246643
2712,1.0864121913909912,0.3512190282344818,0.735193133354187
2713,1.0857584476470947,0.351077139377594,0.7346813678741455
2714,1.0851047039031982,0.35093551874160767,0.7341691851615906
2715,1.084451675415039,0.35079503059387207,0.7336567044258118
2716,1.0837986469268799,0.35065433382987976,0.7331443428993225
2717,1.0831470489501953,0.35051313042640686,0.7326338887214661
2718,1.082496166229248,0.3503727316856384,0.7321234345436096
2719,1.0818454027175903,0.3502332866191864,0.7316121459007263
2720,1.0811970233917236,0.3500934839248657,0.7311035990715027
2721,1.0805482864379883,0.3499531149864197,0.7305952310562134
2722,1.0799009799957275,0.3498138189315796,0.730087161064148
2723,1.0792531967163086,0.3496750593185425,0.7295780777931213
2724,1.078606367111206,0.3495357930660248,0.7290706038475037
2725,1.0779613256454468,0.34939613938331604,0.7285651564598083
2726,1.0773156881332397,0.3492574095726013,0.7280582785606384
2727,1.0766714811325073,0.349119633436203,0.7275518774986267
2728,1.0760279893875122,0.3489808440208435,0.7270471453666687
2729,1.0753849744796753,0.3488420248031616,0.7265429496765137
2730,1.0747431516647339,0.3487047553062439,0.72603839635849
2731,1.0741019248962402,0.3485678732395172,0.7255340218544006
2732,1.073460340499878,0.34842973947525024,0.7250305414199829
2733,1.0728204250335693,0.34829214215278625,0.7245283126831055
2734,1.0721814632415771,0.34815579652786255,0.7240256667137146
2735,1.0715428590774536,0.34801921248435974,0.7235236763954163
2736,1.0709047317504883,0.34788185358047485,0.7230229377746582
2737,1.0702680349349976,0.34774544835090637,0.7225226163864136
2738,1.0696309804916382,0.3476095199584961,0.7220214605331421
2739,1.0689947605133057,0.34747353196144104,0.721521258354187
2740,1.0683603286743164,0.34733688831329346,0.7210234999656677
2741,1.0677255392074585,0.3472014367580414,0.7205240726470947
2742,1.0670911073684692,0.34706658124923706,0.7200245261192322
2743,1.066459059715271,0.3469310700893402,0.7195279598236084
2744,1.065826416015625,0.3467956781387329,0.7190306782722473
2745,1.0651946067810059,0.3466615676879883,0.7185330986976624
2746,1.0645637512207031,0.34652745723724365,0.7180362343788147
2747,1.0639336109161377,0.34639236330986023,0.7175412178039551
2748,1.0633049011230469,0.34625792503356934,0.7170469164848328
2749,1.0626754760742188,0.3461247384548187,0.7165507674217224
2750,1.0620477199554443,0.34599077701568604,0.7160569429397583
2751,1.0614198446273804,0.3458562195301056,0.7155636548995972
2752,1.0607929229736328,0.3457225561141968,0.7150703072547913
2753,1.0601669549942017,0.3455900251865387,0.7145769596099854
2754,1.0595417022705078,0.3454568386077881,0.7140849232673645
2755,1.0589168071746826,0.3453228175640106,0.7135939598083496
2756,1.058293104171753,0.3451904058456421,0.7131026387214661
2757,1.057669758796692,0.3450582027435303,0.7126115560531616
2758,1.05704665184021,0.3449253439903259,0.7121212482452393
2759,1.0564254522323608,0.34479233622550964,0.7116330862045288
2760,1.055803894996643,0.3446607291698456,0.7111431360244751
2761,1.0551828145980835,0.3445289134979248,0.7106539011001587
2762,1.0545629262924194,0.3443962335586548,0.7101666927337646
2763,1.0539438724517822,0.3442644476890564,0.7096794843673706
2764,1.0533254146575928,0.3441334664821625,0.7091919183731079
2765,1.052707314491272,0.3440021574497223,0.7087051868438721
2766,1.0520904064178467,0.34387049078941345,0.7082198858261108
2767,1.051473617553711,0.3437398076057434,0.7077337503433228
2768,1.0508581399917603,0.34360960125923157,0.7072485685348511
2769,1.0502429008483887,0.34347909688949585,0.7067638635635376
2770,1.049628734588623,0.34334826469421387,0.706280529499054
2771,1.049014925956726,0.3432185649871826,0.7057963609695435
2772,1.0484014749526978,0.34308886528015137,0.7053126096725464
2773,1.0477886199951172,0.34295853972435,0.7048301100730896
2774,1.0471768379211426,0.34282875061035156,0.7043480277061462
2775,1.0465657711029053,0.34270012378692627,0.7038657069206238
2776,1.045954942703247,0.3425710201263428,0.7033839821815491
2777,1.0453450679779053,0.3424413502216339,0.7029037475585938
2778,1.0447362661361694,0.3423125147819519,0.7024237513542175
2779,1.0441275835037231,0.34218448400497437,0.7019430994987488
2780,1.0435192584991455,0.3420559763908386,0.7014632821083069
2781,1.0429128408432007,0.3419269323348999,0.7009859085083008
2782,1.0423054695129395,0.34179890155792236,0.7005065679550171
2783,1.0417002439498901,0.3416714072227478,0.7000288367271423
2784,1.0410950183868408,0.34154364466667175,0.6995514035224915
2785,1.0404906272888184,0.3414154648780823,0.6990751624107361
2786,1.0398865938186646,0.34128814935684204,0.6985984444618225
2787,1.039283275604248,0.3411614000797272,0.6981218457221985
2788,1.0386805534362793,0.34103426337242126,0.6976462602615356
2789,1.0380785465240479,0.3409067988395691,0.6971718072891235
2790,1.0374778509140015,0.3407803475856781,0.696697473526001
2791,1.0368766784667969,0.3406544029712677,0.6962222456932068
2792,1.0362765789031982,0.3405280113220215,0.6957486271858215
2793,1.035677194595337,0.34040144085884094,0.6952757835388184
2794,1.035079002380371,0.3402758240699768,0.6948031783103943
2795,1.0344808101654053,0.3401508331298828,0.6943300366401672
2796,1.0338828563690186,0.3400248885154724,0.6938579678535461
2797,1.0332863330841064,0.3398990035057068,0.6933873295783997
2798,1.0326906442642212,0.3397744596004486,0.692916214466095
2799,1.0320950746536255,0.3396493196487427,0.6924457550048828
2800,1.0315004587173462,0.33952370285987854,0.6919767260551453
2801,1.0309053659439087,0.33939850330352783,0.6915068626403809
2802,1.0303118228912354,0.3392743766307831,0.6910374760627747
2803,1.029719352722168,0.339149534702301,0.6905697584152222
2804,1.0291264057159424,0.33902424573898315,0.6901021599769592
2805,1.0285347700119019,0.33890005946159363,0.6896347403526306
2806,1.027944564819336,0.33877629041671753,0.6891682744026184
2807,1.02735435962677,0.3386520445346832,0.6887023448944092
2808,1.0267645120620728,0.338528037071228,0.6882364749908447
2809,1.0261743068695068,0.3384048342704773,0.6877695322036743
2810,1.0255860090255737,0.33828166127204895,0.6873043775558472
2811,1.0249990224838257,0.3381579518318176,0.6868410706520081
2812,1.0244115591049194,0.33803465962409973,0.6863769292831421
2813,1.023824691772461,0.33791226148605347,0.6859124898910522
2814,1.0232386589050293,0.3377893269062042,0.6854493021965027
2815,1.0226534605026245,0.33766618371009827,0.6849872469902039
2816,1.0220683813095093,0.33754396438598633,0.684524416923523
2817,1.0214842557907104,0.337422251701355,0.6840620040893555
2818,1.020901083946228,0.33729997277259827,0.6836010813713074
2819,1.0203179121017456,0.33717769384384155,0.683140218257904
2820,1.01973557472229,0.33705657720565796,0.6826789379119873
2821,1.0191540718078613,0.3369353413581848,0.6822187304496765
2822,1.0185728073120117,0.336813747882843,0.6817590594291687
2823,1.017992615699768,0.3366921842098236,0.6813004612922668
2824,1.0174129009246826,0.33657172322273254,0.6808412075042725
2825,1.016833782196045,0.33645129203796387,0.6803824305534363
2826,1.0162553787231445,0.3363300561904907,0.6799253821372986
2827,1.0156770944595337,0.33620908856391907,0.679468035697937
2828,1.0151004791259766,0.3360891044139862,0.6790114045143127
2829,1.014523983001709,0.33596915006637573,0.6785548329353333
2830,1.0139472484588623,0.33584827184677124,0.6780990362167358
2831,1.0133721828460693,0.33572813868522644,0.6776440739631653
2832,1.0127973556518555,0.33560889959335327,0.6771883964538574
2833,1.0122230052947998,0.33548927307128906,0.6767337918281555
2834,1.0116502046585083,0.3353690207004547,0.676281213760376
2835,1.0110766887664795,0.33525002002716064,0.6758266091346741
2836,1.0105048418045044,0.3351316452026367,0.6753731966018677
2837,1.0099323987960815,0.33501216769218445,0.6749202013015747
2838,1.0093612670898438,0.3348933458328247,0.6744679808616638
2839,1.008790373802185,0.3347754180431366,0.6740149855613708
2840,1.008220911026001,0.33465704321861267,0.6735638976097107
2841,1.0076508522033691,0.33453792333602905,0.6731129288673401
2842,1.0070823431015015,0.33441975712776184,0.672662615776062
2843,1.006514310836792,0.33430206775665283,0.6722122430801392
2844,1.005946397781372,0.33418357372283936,0.6717628240585327
2845,1.0053794384002686,0.334065318107605,0.6713140606880188
2846,1.0048130750656128,0.3339482843875885,0.6708647608757019
2847,1.004247784614563,0.3338310718536377,0.6704167127609253
2848,1.003682017326355,0.33371344208717346,0.6699686050415039
2849,1.0031181573867798,0.3335963487625122,0.6695218086242676
2850,1.002553939819336,0.33347976207733154,0.6690741777420044
2851,1.0019899606704712,0.3333628475666046,0.668627142906189
2852,1.0014276504516602,0.3332456350326538,0.6681819558143616
2853,1.0008653402328491,0.3331291377544403,0.6677362322807312
2854,1.0003044605255127,0.33301302790641785,0.6672914028167725
2855,0.9997427463531494,0.33289656043052673,0.6668461561203003
2856,0.9991823434829712,0.3327798545360565,0.6664024591445923
2857,0.9986222386360168,0.3326638340950012,0.6659584045410156
2858,0.9980634450912476,0.3325481414794922,0.6655153036117554
2859,0.9975043535232544,0.3324318826198578,0.665072500705719
2860,0.9969461560249329,0.3323162794113159,0.6646298766136169
2861,0.9963892102241516,0.3322007656097412,0.6641884446144104
2862,0.9958313703536987,0.3320854604244232,0.6637459397315979
2863,0.995275616645813,0.33197021484375,0.663305401802063
2864,0.9947202205657959,0.33185550570487976,0.6628646850585938
2865,0.9941636919975281,0.3317409157752991,0.662422776222229
2866,0.993610143661499,0.3316260874271393,0.6619840264320374
2867,0.9930555820465088,0.33151161670684814,0.6615439653396606
2868,0.9925026297569275,0.3313975930213928,0.6611050367355347
2869,0.9919490218162537,0.3312831521034241,0.6606658697128296
2870,0.9913970232009888,0.33116862177848816,0.660228431224823
2871,0.9908456802368164,0.3310546576976776,0.6597909927368164
2872,0.9902942776679993,0.33094102144241333,0.6593532562255859
2873,0.9897438883781433,0.3308268189430237,0.6589170694351196
2874,0.9891935586929321,0.3307129442691803,0.6584805846214294
2875,0.9886443018913269,0.33059972524642944,0.6580445766448975
2876,0.9880957007408142,0.3304864764213562,0.657609224319458
2877,0.9875475764274597,0.33037275075912476,0.657174825668335
2878,0.9869998097419739,0.3302595019340515,0.6567403078079224
2879,0.9864526987075806,0.33014726638793945,0.6563054323196411
2880,0.9859064817428589,0.330034464597702,0.6558719873428345
2881,0.9853602051734924,0.32992124557495117,0.6554389595985413
2882,0.9848150014877319,0.3298088312149048,0.6550061702728271
2883,0.9842702150344849,0.3296968936920166,0.6545733213424683
2884,0.9837254881858826,0.3295844793319702,0.6541410088539124
2885,0.9831820726394653,0.32947221398353577,0.6537098288536072
2886,0.9826387166976929,0.32936063408851624,0.653278112411499
2887,0.9820960760116577,0.3292490839958191,0.6528469920158386
2888,0.9815539717674255,0.3291374444961548,0.6524165272712708
2889,0.9810122847557068,0.3290262222290039,0.6519860625267029
2890,0.9804716110229492,0.32891514897346497,0.6515564322471619
2891,0.9799310564994812,0.3288044333457947,0.6511266231536865
2892,0.9793914556503296,0.32869356870651245,0.6506978869438171
2893,0.9788521528244019,0.3285827040672302,0.6502694487571716
2894,0.978313684463501,0.3284721374511719,0.6498415470123291
2895,0.9777753949165344,0.3283618092536926,0.6494135856628418
2896,0.9772377610206604,0.3282514810562134,0.648986279964447
2897,0.9767006635665894,0.32814133167266846,0.6485593318939209
2898,0.9761644601821899,0.3280312120914459,0.6481332778930664
2899,0.975628137588501,0.3279210329055786,0.6477071046829224
2900,0.9750934839248657,0.3278115689754486,0.6472818851470947
2901,0.9745583534240723,0.32770177721977234,0.6468565464019775
2902,0.9740241765975952,0.32759201526641846,0.6464321613311768
2903,0.9734905362129211,0.32748258113861084,0.6460079550743103
2904,0.9729567766189575,0.327373743057251,0.6455830335617065
2905,0.9724246263504028,0.32726430892944336,0.6451603174209595
2906,0.9718927145004272,0.3271547555923462,0.644737958908081
2907,0.9713608026504517,0.3270460367202759,0.6443147659301758
2908,0.9708299040794373,0.3269379734992981,0.6438919305801392
2909,0.9702991247177124,0.3268289566040039,0.6434701681137085
2910,0.9697691202163696,0.3267201781272888,0.6430489420890808
2911,0.9692403078079224,0.3266123831272125,0.6426278948783875
2912,0.9687113761901855,0.32650458812713623,0.6422067880630493
2913,0.9681830406188965,0.3263961970806122,0.6417868733406067
2914,0.9676551818847656,0.3262884318828583,0.641366720199585
2915,0.967128574848175,0.3261808753013611,0.640947699546814
2916,0.966600775718689,0.32607290148735046,0.6405279040336609
2917,0.9660753011703491,0.32596510648727417,0.640110194683075
2918,0.965549647808075,0.32585787773132324,0.6396917700767517
2919,0.9650248289108276,0.3257506489753723,0.6392741799354553
2920,0.9645003080368042,0.32564324140548706,0.6388570666313171
2921,0.9639765024185181,0.3255361318588257,0.6384403705596924
2922,0.9634528160095215,0.32542967796325684,0.6380231380462646
2923,0.9629303812980652,0.32532304525375366,0.6376073360443115
2924,0.9624079465866089,0.3252159655094147,0.6371919512748718
2925,0.961885929107666,0.3251097500324249,0.6367762088775635
2926,0.9613643884658813,0.3250036835670471,0.6363607048988342
2927,0.9608439207077026,0.3248973488807678,0.6359465718269348
2928,0.9603233337402344,0.32479122281074524,0.6355320811271667
2929,0.9598039388656616,0.3246855139732361,0.6351184248924255
2930,0.9592849016189575,0.32457950711250305,0.6347054243087769
2931,0.9587658643722534,0.32447350025177,0.6342923641204834
2932,0.958248496055603,0.3243681788444519,0.6338803172111511
2933,0.9577304124832153,0.3242625892162323,0.6334677934646606
2934,0.9572134613990784,0.32415711879730225,0.6330563426017761
2935,0.9566973447799683,0.3240520656108856,0.6326452493667603
2936,0.9561805725097656,0.3239472508430481,0.6322333216667175
2937,0.9556653499603271,0.32384225726127625,0.6318230628967285
2938,0.9551501274108887,0.32373738288879395,0.6314127445220947
2939,0.954635739326477,0.3236331641674042,0.6310025453567505
2940,0.9541226029396057,0.3235287070274353,0.6305938959121704
2941,0.9536088109016418,0.3234238028526306,0.6301850080490112
2942,0.9530954957008362,0.32331961393356323,0.629775881767273
2943,0.9525834321975708,0.32321566343307495,0.6293677687644958
2944,0.9520713686943054,0.32311105728149414,0.6289603114128113
2945,0.9515601396560669,0.32300689816474915,0.6285532116889954
2946,0.9510489702224731,0.3229033648967743,0.6281456351280212
2947,0.9505391120910645,0.3227999806404114,0.6277391314506531
2948,0.9500294923782349,0.3226962983608246,0.6273331642150879
2949,0.9495192766189575,0.3225930333137512,0.6269262433052063
2950,0.9490107297897339,0.3224903345108032,0.6265203952789307
2951,0.948502779006958,0.3223872482776642,0.6261155605316162
2952,0.9479950666427612,0.3222838342189789,0.6257112622261047
2953,0.947488009929657,0.3221815228462219,0.6253064870834351
2954,0.9469808340072632,0.322078675031662,0.6249021887779236
2955,0.946474552154541,0.32197555899620056,0.6244989633560181
2956,0.9459691047668457,0.32187291979789734,0.6240962147712708
2957,0.9454635381698608,0.3217710554599762,0.623692512512207
2958,0.9449587464332581,0.32166826725006104,0.623290479183197
2959,0.9444543719291687,0.32156580686569214,0.6228885650634766
2960,0.9439507722854614,0.32146406173706055,0.6224867105484009
2961,0.9434477090835571,0.3213624656200409,0.6220852136611938
2962,0.9429450035095215,0.32125991582870483,0.6216850876808167
2963,0.9424430131912231,0.32115843892097473,0.621284544467926
2964,0.9419412016868591,0.32105720043182373,0.6208840012550354
2965,0.9414401650428772,0.32095539569854736,0.6204847693443298
2966,0.9409394264221191,0.3208537995815277,0.620085597038269
2967,0.9404392242431641,0.32075294852256775,0.6196863055229187
2968,0.9399393796920776,0.32065171003341675,0.6192876696586609
2969,0.9394403696060181,0.3205501437187195,0.6188902258872986
2970,0.9389415979385376,0.32044917345046997,0.6184924244880676
2971,0.9384437799453735,0.3203485906124115,0.6180952191352844
2972,0.9379459619522095,0.32024747133255005,0.6176984906196594
2973,0.9374483823776245,0.3201466500759125,0.6173017621040344
2974,0.9369521141052246,0.32004669308662415,0.6169053912162781
2975,0.9364562034606934,0.3199462890625,0.6165099143981934
2976,0.9359605312347412,0.3198454976081848,0.6161150336265564
2977,0.9354652762413025,0.31974565982818604,0.6157196164131165
2978,0.9349699020385742,0.3196459114551544,0.6153240203857422
2979,0.934475839138031,0.3195453882217407,0.6149304509162903
2980,0.933982253074646,0.31944555044174194,0.614536702632904
2981,0.933488667011261,0.3193461298942566,0.6141425371170044
2982,0.932996392250061,0.3192465305328369,0.6137498617172241
2983,0.9325042366981506,0.31914669275283813,0.6133575439453125
2984,0.9320119619369507,0.3190475404262543,0.612964391708374
2985,0.9315213561058044,0.31894856691360474,0.6125727891921997
2986,0.9310299158096313,0.3188491463661194,0.612180769443512
2987,0.9305395483970642,0.3187497854232788,0.6117897629737854
2988,0.9300500154495239,0.31865090131759644,0.6113991141319275
2989,0.9295604228973389,0.31855204701423645,0.61100834608078
2990,0.929071307182312,0.31845250725746155,0.6106187701225281
2991,0.9285830855369568,0.3183540105819702,0.6102290749549866
2992,0.9280951619148254,0.3182554841041565,0.609839677810669
2993,0.927607536315918,0.3181566894054413,0.6094508171081543
2994,0.9271208047866821,0.31805798411369324,0.6090627908706665
2995,0.926633894443512,0.31796014308929443,0.6086737513542175
2996,0.9261483550071716,0.3178619146347046,0.608286440372467
2997,0.9256629943847656,0.3177635669708252,0.6078994274139404
2998,0.9251773357391357,0.3176659941673279,0.6075113415718079
2999,0.9246927499771118,0.317568302154541,0.6071244478225708
3000,0.9242093563079834,0.31747010350227356,0.6067392826080322
3001,0.9237254858016968,0.3173723816871643,0.6063531041145325
3002,0.9232422113418579,0.31727567315101624,0.6059665679931641
3003,0.9227592945098877,0.3171779215335846,0.6055814027786255
3004,0.9222773313522339,0.3170801103115082,0.6051972508430481
3005,0.9217953681945801,0.31698375940322876,0.6048116087913513
3006,0.9213136434555054,0.3168870508670807,0.6044266223907471
3007,0.9208337068557739,0.3167894184589386,0.6040442585945129
3008,0.9203536510467529,0.316692978143692,0.6036606431007385
3009,0.9198733568191528,0.3165971338748932,0.6032761931419373
3010,0.9193944931030273,0.3164999783039093,0.6028944849967957
3011,0.9189146757125854,0.31640294194221497,0.6025117039680481
3012,0.9184367656707764,0.3163072466850281,0.6021295189857483
3013,0.917958676815033,0.31621110439300537,0.6017475724220276
3014,0.9174807667732239,0.3161138892173767,0.6013668775558472
3015,0.9170041680335999,0.3160179853439331,0.6009861826896667
3016,0.9165279269218445,0.31592273712158203,0.6006051898002625
3017,0.9160516858100891,0.31582653522491455,0.6002251505851746
3018,0.9155763387680054,0.31573039293289185,0.5998459458351135
3019,0.9151006937026978,0.31563571095466614,0.599465012550354
3020,0.9146260023117065,0.31554004549980164,0.5990859866142273
3021,0.9141514301300049,0.3154442012310028,0.5987072587013245
3022,0.9136772155761719,0.3153493106365204,0.5983279347419739
3023,0.9132043123245239,0.3152540624141693,0.5979502201080322
3024,0.9127311110496521,0.31515824794769287,0.5975728631019592
3025,0.9122589826583862,0.31506335735321045,0.5971956253051758
3026,0.9117866158485413,0.3149685263633728,0.5968180894851685
3027,0.9113155007362366,0.3148731589317322,0.5964423418045044
3028,0.9108444452285767,0.31477832794189453,0.5960661172866821
3029,0.9103738069534302,0.3146841824054718,0.5956896543502808
3030,0.9099034070968628,0.31458938121795654,0.5953140258789062
3031,0.9094337224960327,0.31449469923973083,0.5949389934539795
3032,0.9089643359184265,0.31440097093582153,0.594563364982605
3033,0.9084960222244263,0.314307302236557,0.5941887497901917
3034,0.9080275893211365,0.314212441444397,0.5938151478767395
3035,0.9075593948364258,0.31411847472190857,0.5934408903121948
3036,0.9070919752120972,0.3140254318714142,0.5930665731430054
3037,0.9066250920295715,0.31393110752105713,0.5926939845085144
3038,0.9061588644981384,0.31383687257766724,0.5923219919204712
3039,0.9056927561759949,0.3137439489364624,0.5919488072395325
3040,0.9052271246910095,0.31365054845809937,0.5915765762329102
3041,0.9047619104385376,0.3135563135147095,0.5912055969238281
3042,0.9042972922325134,0.3134632706642151,0.5908340215682983
3043,0.9038325548171997,0.3133704364299774,0.5904620885848999
3044,0.9033687114715576,0.31327682733535767,0.5900918841362
3045,0.9029052257537842,0.31318357586860657,0.5897216200828552
3046,0.9024429321289062,0.3130912482738495,0.5893517136573792
3047,0.9019798040390015,0.3129982054233551,0.5889816284179688
3048,0.9015179872512817,0.31290510296821594,0.5886128544807434
3049,0.9010566473007202,0.3128126859664917,0.5882439613342285
3050,0.9005953073501587,0.3127203583717346,0.5878749489784241
3051,0.9001337885856628,0.31262749433517456,0.5875062942504883
3052,0.8996738195419312,0.3125351369380951,0.5871387124061584
3053,0.8992140293121338,0.3124433159828186,0.5867707133293152
3054,0.8987545967102051,0.31235119700431824,0.5864034295082092
3055,0.8982951641082764,0.31225889921188354,0.5860362648963928
3056,0.8978368043899536,0.3121669590473175,0.5856698155403137
3057,0.8973788022994995,0.3120753765106201,0.5853034257888794
3058,0.8969213366508484,0.31198328733444214,0.5849380493164062
3059,0.8964637517929077,0.3118915855884552,0.5845721960067749
3060,0.8960069417953491,0.31180015206336975,0.584206759929657
3061,0.8955506086349487,0.31170836091041565,0.5838422775268555
3062,0.895094633102417,0.3116168677806854,0.5834777355194092
3063,0.8946388959884644,0.31152573227882385,0.5831131935119629
3064,0.8941841125488281,0.31143438816070557,0.5827497243881226
3065,0.8937293887138367,0.31134289503097534,0.5823864936828613
3066,0.8932749629020691,0.3112523555755615,0.5820226073265076
3067,0.8928212523460388,0.3111613392829895,0.5816599130630493
3068,0.892367959022522,0.31107011437416077,0.5812978744506836
3069,0.8919148445129395,0.31097978353500366,0.5809350609779358
3070,0.8914629220962524,0.3108893632888794,0.580573558807373
3071,0.8910107612609863,0.31079819798469543,0.5802125930786133
3072,0.8905584812164307,0.3107079267501831,0.5798505544662476
3073,0.8901076316833496,0.31061825156211853,0.5794893503189087
3074,0.8896566033363342,0.3105272650718689,0.5791293382644653
3075,0.8892065286636353,0.3104371130466461,0.5787693858146667
3076,0.888756513595581,0.3103478252887726,0.5784086585044861
3077,0.8883064985275269,0.3102574050426483,0.5780490636825562
3078,0.8878575563430786,0.3101666569709778,0.5776908993721008
3079,0.887408435344696,0.3100774884223938,0.5773309469223022
3080,0.8869607448577881,0.3099880516529083,0.5769726634025574
3081,0.8865125179290771,0.30989715456962585,0.5766153931617737
3082,0.8860656023025513,0.3098077178001404,0.5762578845024109
3083,0.8856180906295776,0.3097187578678131,0.5758993029594421
3084,0.8851717710494995,0.30962875485420227,0.5755430459976196
3085,0.8847249746322632,0.30953890085220337,0.5751860737800598
3086,0.8842796683311462,0.30945032835006714,0.5748293399810791
3087,0.8838343620300293,0.3093613088130951,0.5744730830192566
3088,0.8833895921707153,0.30927181243896484,0.5741177797317505
3089,0.8829444646835327,0.3091827929019928,0.5737617015838623
3090,0.8825005292892456,0.3090941905975342,0.5734063386917114
3091,0.8820568323135376,0.3090052902698517,0.5730515718460083
3092,0.8816137313842773,0.3089164197444916,0.5726973414421082
3093,0.881170392036438,0.3088279068470001,0.5723425149917603
3094,0.8807281851768494,0.3087393641471863,0.5719888210296631
3095,0.880286455154419,0.3086507320404053,0.5716357231140137
3096,0.8798445463180542,0.3085627257823944,0.5712817907333374
3097,0.8794035315513611,0.3084743022918701,0.570929229259491
3098,0.8789621591567993,0.3083859384059906,0.5705761909484863
3099,0.8785220980644226,0.30829811096191406,0.5702239871025085
3100,0.8780823945999146,0.3082098960876465,0.5698724985122681
3101,0.8776424527168274,0.3081214427947998,0.5695210099220276
3102,0.8772035837173462,0.3080337345600128,0.5691698789596558
3103,0.8767648935317993,0.30794623494148254,0.5688186287879944
3104,0.8763260245323181,0.30785804986953735,0.5684679746627808
3105,0.8758879899978638,0.307770699262619,0.5681172609329224
3106,0.875450849533081,0.3076835870742798,0.5677672624588013
3107,0.8750132322311401,0.3075958788394928,0.5674173831939697
3108,0.8745770454406738,0.3075082004070282,0.5670688152313232
3109,0.8741406202316284,0.3074215352535248,0.5667190551757812
3110,0.8737045526504517,0.30733442306518555,0.5663701295852661
3111,0.8732689619064331,0.30724674463272095,0.5660222172737122
3112,0.8728336095809937,0.3071601688861847,0.5656734108924866
3113,0.8723994493484497,0.3070737421512604,0.5653256773948669
3114,0.8719645738601685,0.30698636174201965,0.5649782419204712
3115,0.8715308904647827,0.30689963698387146,0.5646312832832336
3116,0.8710975646972656,0.3068135678768158,0.5642840266227722
3117,0.8706636428833008,0.3067266643047333,0.5639369487762451
3118,0.8702315092086792,0.30663955211639404,0.5635919570922852
3119,0.8697991371154785,0.30655375123023987,0.5632453560829163
3120,0.8693670034408569,0.3064676821231842,0.5628992915153503
3121,0.8689357042312622,0.30638062953948975,0.5625550746917725
3122,0.8685042858123779,0.30629438161849976,0.5622099041938782
3123,0.8680733442306519,0.30620914697647095,0.5618641972541809
3124,0.8676435351371765,0.30612248182296753,0.561521053314209
3125,0.867213249206543,0.3060360848903656,0.561177134513855
3126,0.866783857345581,0.3059510886669159,0.5608327388763428
3127,0.8663539886474609,0.30586525797843933,0.560488760471344
3128,0.865925669670105,0.30577871203422546,0.5601469874382019
3129,0.8654972910881042,0.30569320917129517,0.5598040819168091
3130,0.8650692105293274,0.30560803413391113,0.5594611763954163
3131,0.8646416664123535,0.3055219352245331,0.559119701385498
3132,0.8642138838768005,0.30543649196624756,0.558777391910553
3133,0.8637871742248535,0.30535176396369934,0.5584354400634766
3134,0.863361120223999,0.30526602268218994,0.5580950975418091
3135,0.8629343509674072,0.30518075823783875,0.5577535629272461
3136,0.8625088334083557,0.30509620904922485,0.5574126243591309
3137,0.8620837926864624,0.3050108850002289,0.5570729374885559
3138,0.8616588711738586,0.3049256205558777,0.556733250617981
3139,0.8612337112426758,0.30484122037887573,0.5563924908638
3140,0.8608100414276123,0.3047562539577484,0.5560537576675415
3141,0.8603862524032593,0.3046712875366211,0.5557149648666382
3142,0.8599629402160645,0.3045869767665863,0.5553759336471558
3143,0.8595402836799622,0.3045026659965515,0.5550376176834106
3144,0.8591172695159912,0.30441781878471375,0.5546994209289551
3145,0.8586950302124023,0.3043335974216461,0.5543614029884338
3146,0.8582732677459717,0.30424946546554565,0.554023802280426
3147,0.8578512072563171,0.30416494607925415,0.553686261177063
3148,0.8574303388595581,0.304080992937088,0.5533493757247925
3149,0.8570096492767334,0.30399712920188904,0.553012490272522
3150,0.8565893173217773,0.3039129078388214,0.5526763796806335
3151,0.8561696410179138,0.3038288950920105,0.5523407459259033
3152,0.8557500243186951,0.3037455081939697,0.5520045161247253
3153,0.855330228805542,0.3036614656448364,0.5516687631607056
3154,0.8549118041992188,0.30357733368873596,0.5513344407081604
3155,0.8544931411743164,0.30349457263946533,0.5509985685348511
3156,0.8540753126144409,0.3034107983112335,0.5506645441055298
3157,0.8536580204963684,0.30332642793655396,0.5503315925598145
3158,0.8532401323318481,0.3032437562942505,0.5499963760375977
3159,0.8528226613998413,0.3031606674194336,0.5496619939804077
3160,0.8524065017700195,0.30307653546333313,0.549329936504364
3161,0.8519902229309082,0.3029935359954834,0.5489966869354248
3162,0.8515743017196655,0.3029111325740814,0.5486631393432617
3163,0.8511584997177124,0.30282750725746155,0.5483310222625732
3164,0.850743293762207,0.30274420976638794,0.5479990839958191
3165,0.8503291010856628,0.302662193775177,0.5476669073104858
3166,0.8499139547348022,0.30257898569107056,0.5473349690437317
3167,0.849500298500061,0.3024956285953522,0.5470046401023865
3168,0.8490862846374512,0.3024135231971741,0.5466727614402771
3169,0.8486736416816711,0.30233097076416016,0.546342670917511
3170,0.8482608795166016,0.30224817991256714,0.5460126996040344
3171,0.8478478193283081,0.3021658957004547,0.545681893825531
3172,0.8474358320236206,0.30208390951156616,0.5453519225120544
3173,0.8470238447189331,0.30200111865997314,0.54502272605896
3174,0.8466125726699829,0.30191901326179504,0.5446935892105103
3175,0.8462014198303223,0.30183711647987366,0.5443642735481262
3176,0.8457906246185303,0.30175450444221497,0.5440360903739929
3177,0.8453798294067383,0.3016722500324249,0.543707549571991
3178,0.8449699878692627,0.3015907406806946,0.5433792471885681
3179,0.8445603251457214,0.30150848627090454,0.5430518388748169
3180,0.8441513776779175,0.3014264404773712,0.5427249073982239
3181,0.8437426090240479,0.3013452887535095,0.5423973202705383
3182,0.8433338403701782,0.3012634217739105,0.5420703887939453
3183,0.8429254293441772,0.3011815845966339,0.5417438745498657
3184,0.8425174951553345,0.30110037326812744,0.541417121887207
3185,0.8421098589897156,0.30101895332336426,0.5410909056663513
3186,0.8417027592658997,0.3009369373321533,0.5407658219337463
3187,0.8412964344024658,0.3008558452129364,0.540440559387207
3188,0.8408899903297424,0.30077487230300903,0.5401151180267334
3189,0.8404839038848877,0.3006930351257324,0.5397908687591553
3190,0.8400780558586121,0.3006121516227722,0.5394659042358398
3191,0.8396726846694946,0.30053144693374634,0.5391412377357483
3192,0.839267373085022,0.30044975876808167,0.5388176441192627
3193,0.8388631343841553,0.30036890506744385,0.5384942293167114
3194,0.8384587168693542,0.30028843879699707,0.5381702780723572
3195,0.8380541801452637,0.30020710825920105,0.5378470420837402
3196,0.8376507759094238,0.3001260757446289,0.5375247001647949
3197,0.8372477889060974,0.300045907497406,0.5372018814086914
3198,0.8368448615074158,0.2999650239944458,0.53687983751297
3199,0.8364425897598267,0.2998838722705841,0.5365586876869202
3200,0.8360400795936584,0.2998037338256836,0.5362363457679749
3201,0.8356380462646484,0.29972341656684875,0.5359145998954773
3202,0.8352367281913757,0.2996421456336975,0.5355945825576782
3203,0.8348358273506165,0.2995624542236328,0.5352733731269836
3204,0.8344345092773438,0.2994827926158905,0.5349516868591309
3205,0.8340344429016113,0.29940181970596313,0.5346326231956482
3206,0.8336336612701416,0.2993219494819641,0.5343117117881775
3207,0.8332338333129883,0.29924246668815613,0.5339913964271545
3208,0.8328347206115723,0.2991620600223541,0.5336726307868958
3209,0.8324358463287354,0.2990816533565521,0.5333542227745056
3210,0.8320369720458984,0.2990022599697113,0.5330347418785095
3211,0.831638514995575,0.29892247915267944,0.5327160358428955
3212,0.8312405347824097,0.2988421618938446,0.5323984026908875
3213,0.8308427929878235,0.2987629175186157,0.5320798754692078
3214,0.8304451107978821,0.29868364334106445,0.5317614674568176
3215,0.8300483226776123,0.2986035943031311,0.5314447283744812
3216,0.829651415348053,0.29852449893951416,0.5311269164085388
3217,0.8292548656463623,0.2984454929828644,0.5308093428611755
3218,0.8288589119911194,0.2983660101890564,0.530492901802063
3219,0.8284632563591003,0.2982866168022156,0.5301766395568848
3220,0.8280682563781738,0.2982078194618225,0.5298604369163513
3221,0.8276733160018921,0.29812824726104736,0.5295450687408447
3222,0.8272783756256104,0.29804930090904236,0.5292291045188904
3223,0.8268840312957764,0.2979702353477478,0.5289137959480286
3224,0.8264898061752319,0.2978909909725189,0.5285987854003906
3225,0.8260958194732666,0.2978123724460602,0.528283417224884
3226,0.8257025480270386,0.2977333962917328,0.5279691815376282
3227,0.8253101110458374,0.29765453934669495,0.5276555418968201
3228,0.8249173164367676,0.2975764572620392,0.5273408889770508
3229,0.8245245218276978,0.29749760031700134,0.5270269513130188
3230,0.8241328597068787,0.2974187135696411,0.5267141461372375
3231,0.8237409591674805,0.29734036326408386,0.5264005661010742
3232,0.8233500123023987,0.2972620725631714,0.5260879397392273
3233,0.8229589462280273,0.29718324542045593,0.525775671005249
3234,0.8225680589675903,0.2971048057079315,0.5254632830619812
3235,0.8221776485443115,0.29702693223953247,0.525150716304779
3236,0.8217881917953491,0.29694849252700806,0.5248396992683411
3237,0.8213979005813599,0.2968701720237732,0.5245277285575867
3238,0.8210086822509766,0.29679226875305176,0.5242164134979248
3239,0.8206195831298828,0.2967141270637512,0.5239054560661316
3240,0.8202310800552368,0.29663586616516113,0.5235952138900757
3241,0.8198423981666565,0.2965582609176636,0.5232841372489929
3242,0.8194553852081299,0.29648029804229736,0.5229750871658325
3243,0.8190672397613525,0.29640254378318787,0.5226647257804871
3244,0.8186793327331543,0.29632464051246643,0.5223546624183655
3245,0.8182923793792725,0.2962470054626465,0.522045373916626
3246,0.8179059624671936,0.2961699366569519,0.5217360258102417
3247,0.8175194263458252,0.29609215259552,0.5214272737503052
3248,0.8171334266662598,0.29601457715034485,0.5211188197135925
3249,0.8167468905448914,0.29593753814697266,0.5208093523979187
3250,0.8163622617721558,0.2958603501319885,0.5205019116401672
3251,0.815976619720459,0.29578277468681335,0.5201938152313232
3252,0.8155919909477234,0.29570549726486206,0.5198864936828613
3253,0.8152073621749878,0.29562821984291077,0.5195791125297546
3254,0.8148229718208313,0.29555100202560425,0.519271969795227
3255,0.8144397139549255,0.29547369480133057,0.518966019153595
3256,0.8140561580657959,0.2953965961933136,0.5186595320701599
3257,0.8136730790138245,0.2953195571899414,0.5183535218238831
3258,0.8132898807525635,0.295242577791214,0.5180472731590271
3259,0.8129070401191711,0.2951655983924866,0.5177414417266846
3260,0.8125249147415161,0.2950889766216278,0.5174359083175659
3261,0.8121431469917297,0.29501211643218994,0.5171310305595398
3262,0.8117618560791016,0.29493531584739685,0.5168265700340271
3263,0.8113799095153809,0.29485923051834106,0.5165206789970398
3264,0.8109987378120422,0.29478251934051514,0.5162162184715271
3265,0.81061851978302,0.2947058081626892,0.5159127116203308
3266,0.8102380037307739,0.29462987184524536,0.5156081318855286
3267,0.809857964515686,0.2945531904697418,0.5153048038482666
3268,0.8094784021377563,0.2944766581058502,0.5150017738342285
3269,0.809098482131958,0.2944008409976959,0.5146976709365845
3270,0.8087203502655029,0.2943246066570282,0.5143957138061523
3271,0.8083410859107971,0.2942482829093933,0.5140928030014038
3272,0.8079624772071838,0.2941725254058838,0.5137899518013
3273,0.8075840473175049,0.29409661889076233,0.5134874582290649
3274,0.8072065114974976,0.29402050375938416,0.5131860375404358
3275,0.8068289756774902,0.2939445376396179,0.5128844380378723
3276,0.8064517974853516,0.2938685715198517,0.5125832557678223
3277,0.806074857711792,0.2937925457954407,0.5122823119163513
3278,0.8056976795196533,0.2937167286872864,0.5119809508323669
3279,0.8053213357925415,0.293641060590744,0.5116802453994751
3280,0.8049458265304565,0.2935652434825897,0.5113805532455444
3281,0.804570198059082,0.2934896945953369,0.5110805034637451
3282,0.8041943311691284,0.29341432452201843,0.5107800364494324
3283,0.8038192987442017,0.293338805437088,0.5104804635047913
3284,0.8034447431564331,0.29326334595680237,0.5101813673973083
3285,0.8030700087547302,0.2931879758834839,0.5098820328712463
3286,0.8026955127716064,0.29311245679855347,0.509583055973053
3287,0.8023227453231812,0.2930373549461365,0.5092853903770447
3288,0.8019484281539917,0.2929619252681732,0.5089865326881409
3289,0.8015750646591187,0.29288628697395325,0.508688747882843
3290,0.8012025356292725,0.2928115725517273,0.5083909630775452
3291,0.8008298873901367,0.2927365005016327,0.5080934166908264
3292,0.8004577159881592,0.2926611602306366,0.507796585559845
3293,0.8000848889350891,0.29258638620376587,0.5074985027313232
3294,0.7997130751609802,0.29251164197921753,0.5072014331817627
3295,0.7993417382240295,0.29243630170822144,0.5069054365158081
3296,0.7989712953567505,0.29236188530921936,0.5066093802452087
3297,0.7986000180244446,0.2922872304916382,0.5063127875328064
3298,0.7982293963432312,0.2922121286392212,0.50601726770401
3299,0.7978590130805969,0.2921375036239624,0.5057215094566345
3300,0.7974899411201477,0.29206299781799316,0.5054269433021545
3301,0.7971194982528687,0.2919881343841553,0.5051313638687134
3302,0.7967501878738403,0.2919135093688965,0.5048366785049438
3303,0.7963804602622986,0.2918391227722168,0.5045413374900818
3304,0.7960121631622314,0.29176443815231323,0.5042477250099182
3305,0.7956434488296509,0.2916898727416992,0.5039535760879517
3306,0.7952755689620972,0.29161572456359863,0.5036598443984985
3307,0.794907808303833,0.2915414869785309,0.5033662915229797
3308,0.7945398092269897,0.29146698117256165,0.5030727982521057
3309,0.7941727638244629,0.2913929522037506,0.5027797818183899
3310,0.7938060164451599,0.29131901264190674,0.5024870038032532
3311,0.7934386730194092,0.29124465584754944,0.5021940469741821
3312,0.7930722236633301,0.2911703586578369,0.5019018650054932
3313,0.7927061319351196,0.2910964787006378,0.5016096234321594
3314,0.7923401594161987,0.2910224497318268,0.5013176798820496
3315,0.791974663734436,0.29094842076301575,0.5010262131690979
3316,0.7916091680526733,0.29087474942207336,0.5007344484329224
3317,0.7912442088127136,0.2908010482788086,0.500443160533905
3318,0.7908796072006226,0.2907272279262543,0.5001524090766907
3319,0.7905150055885315,0.2906535863876343,0.4998614192008972
3320,0.7901515364646912,0.2905799150466919,0.49957162141799927
3321,0.7897870540618896,0.29050618410110474,0.4992808401584625
3322,0.7894243001937866,0.2904326319694519,0.4989916980266571
3323,0.7890608310699463,0.2903591990470886,0.49870163202285767
3324,0.7886975407600403,0.290285587310791,0.49841195344924927
3325,0.7883347272872925,0.2902122437953949,0.49812251329421997
3326,0.7879725694656372,0.2901389002799988,0.4978336691856384
3327,0.7876101136207581,0.2900655269622803,0.4975445866584778
3328,0.7872481346130371,0.2899923324584961,0.49725577235221863
3329,0.7868868112564087,0.2899191975593567,0.496967613697052
3330,0.7865259647369385,0.28984594345092773,0.49668002128601074
3331,0.7861645221710205,0.28977280855178833,0.4963917136192322
3332,0.785803496837616,0.2896996736526489,0.49610382318496704
3333,0.7854433059692383,0.2896265685558319,0.495816707611084
3334,0.7850832939147949,0.289553701877594,0.4955295920372009
3335,0.7847229242324829,0.2894807755947113,0.495242178440094
3336,0.784363865852356,0.28940778970718384,0.4949560761451721
3337,0.7840045690536499,0.2893352508544922,0.4946693480014801
3338,0.7836453318595886,0.28926241397857666,0.49438291788101196
3339,0.7832861542701721,0.2891894578933716,0.49409669637680054
3340,0.7829282879829407,0.2891170382499695,0.4938112497329712
3341,0.7825697660446167,0.28904423117637634,0.49352553486824036
3342,0.7822122573852539,0.28897127509117126,0.49324101209640503
3343,0.7818546295166016,0.2888990044593811,0.49295562505722046
3344,0.7814970016479492,0.28882649540901184,0.4926705062389374
3345,0.7811399698257446,0.2887536287307739,0.4923863112926483
3346,0.7807831764221191,0.28868183493614197,0.4921013116836548
3347,0.7804266810417175,0.28860974311828613,0.4918169379234314
3348,0.7800706028938293,0.28853702545166016,0.4915335774421692
3349,0.7797141075134277,0.28846511244773865,0.4912490248680115
3350,0.7793585062026978,0.2883933186531067,0.49096521735191345
3351,0.7790030241012573,0.2883203327655792,0.4906826913356781
3352,0.778647780418396,0.2882484197616577,0.4903993308544159
3353,0.7782931327819824,0.2881767749786377,0.4901163876056671
3354,0.7779386043548584,0.2881040871143341,0.4898345172405243
3355,0.7775843143463135,0.28803232312202454,0.48955202102661133
3356,0.7772302627563477,0.28796085715293884,0.4892694354057312
3357,0.7768760919570923,0.2878883183002472,0.4889878034591675
3358,0.7765226364135742,0.2878163158893585,0.4887063205242157
3359,0.7761695384979248,0.28774482011795044,0.488424688577652
3360,0.775816798210144,0.2876724898815155,0.48814427852630615
3361,0.7754634618759155,0.28760096430778503,0.4878625273704529
3362,0.7751110792160034,0.2875293791294098,0.48758167028427124
3363,0.7747591137886047,0.28745755553245544,0.4873015582561493
3364,0.7744067907333374,0.2873864471912384,0.4870203733444214
3365,0.7740553617477417,0.28731483221054077,0.4867405593395233
3366,0.773703932762146,0.28724318742752075,0.48646077513694763
3367,0.7733523845672607,0.28717249631881714,0.486179918050766
3368,0.773002028465271,0.28710106015205383,0.4859009385108948
3369,0.7726514339447021,0.28702953457832336,0.4856218695640564
3370,0.772301197052002,0.2869586944580078,0.48534250259399414
3371,0.771950900554657,0.2868874669075012,0.48506343364715576
3372,0.7716009616851807,0.28681570291519165,0.4847852885723114
3373,0.771251916885376,0.28674519062042236,0.484506756067276
3374,0.7709025740623474,0.2866736948490143,0.48422887921333313
3375,0.7705534100532532,0.2866020202636719,0.4839513897895813
3376,0.7702049016952515,0.2865314483642578,0.48367342352867126
3377,0.769856333732605,0.2864602208137512,0.48339608311653137
3378,0.7695080041885376,0.2863888442516327,0.4831191301345825
3379,0.7691596746444702,0.28631868958473206,0.48284095525741577
3380,0.7688120603561401,0.286247581243515,0.48256444931030273
3381,0.7684652209281921,0.28617656230926514,0.482288658618927
3382,0.7681179046630859,0.28610631823539734,0.482011616230011
3383,0.7677711248397827,0.2860354781150818,0.4817356765270233
3384,0.7674241065979004,0.2859641909599304,0.48145991563796997
3385,0.767078161239624,0.28589388728141785,0.4811842739582062
3386,0.7667317390441895,0.28582295775413513,0.4809088110923767
3387,0.7663853764533997,0.28575199842453003,0.48063337802886963
3388,0.7660403251647949,0.28568166494369507,0.48035866022109985
3389,0.765694260597229,0.28561142086982727,0.4800828695297241
3390,0.7653499841690063,0.28554078936576843,0.4798091948032379
3391,0.7650052309036255,0.285470575094223,0.4795346260070801
3392,0.7646600604057312,0.2854004204273224,0.4792596399784088
3393,0.7643158435821533,0.2853298783302307,0.4789859354496002
3394,0.7639720439910889,0.285259485244751,0.4787125587463379
3395,0.7636281847953796,0.2851892113685608,0.47843897342681885
3396,0.7632842659950256,0.28511905670166016,0.4781652092933655
3397,0.7629412412643433,0.28504854440689087,0.4778927266597748
3398,0.7625982165336609,0.28497815132141113,0.47762006521224976
3399,0.7622551918029785,0.2849084436893463,0.4773467481136322
3400,0.76191246509552,0.28483811020851135,0.47707435488700867
3401,0.7615703344345093,0.28476762771606445,0.4768027365207672
3402,0.7612282037734985,0.2846983075141907,0.47652989625930786
3403,0.7608864903450012,0.28462809324264526,0.47625839710235596
3404,0.7605447769165039,0.28455764055252075,0.47598710656166077
3405,0.7602036595344543,0.2844884693622589,0.47571519017219543
3406,0.7598627805709839,0.28441864252090454,0.47544413805007935
3407,0.7595217227935791,0.28434810042381287,0.47517359256744385
3408,0.7591813802719116,0.28427913784980774,0.4749022126197815
3409,0.7588411569595337,0.28420960903167725,0.47463157773017883
3410,0.7585011720657349,0.28413915634155273,0.47436201572418213
3411,0.758161187171936,0.2840701937675476,0.4740909934043884
3412,0.7578210830688477,0.28400060534477234,0.4738205075263977
3413,0.7574823498725891,0.28393033146858215,0.47355201840400696
3414,0.7571431398391724,0.28386175632476807,0.4732813835144043
3415,0.756804347038269,0.28379204869270325,0.4730122685432434
3416,0.7564657926559448,0.28372180461883545,0.472743958234787
3417,0.7561272382736206,0.283653199672699,0.47247400879859924
3418,0.7557896375656128,0.28358331322669983,0.47220632433891296
3419,0.7554516196250916,0.28351375460624695,0.4719378650188446
3420,0.7551137208938599,0.28344520926475525,0.471668541431427
3421,0.7547764778137207,0.2833753526210785,0.4714010953903198
3422,0.7544395923614502,0.28330668807029724,0.47113287448883057
3423,0.7541024684906006,0.28323739767074585,0.4708651006221771
3424,0.7537660002708435,0.2831677794456482,0.4705982208251953
3425,0.7534292936325073,0.28309908509254456,0.47033020853996277
3426,0.7530936002731323,0.2830298840999603,0.4700637459754944
3427,0.75275719165802,0.2829599380493164,0.4697972238063812
3428,0.7524217367172241,0.2828918695449829,0.4695298969745636
3429,0.7520864009857178,0.28282231092453003,0.46926409006118774
3430,0.751751184463501,0.28275296092033386,0.4689981937408447
3431,0.7514162063598633,0.2826850712299347,0.468731164932251
3432,0.7510818243026733,0.2826160192489624,0.4684658348560333
3433,0.7507474422454834,0.2825467884540558,0.4682006537914276
3434,0.750413179397583,0.2824791669845581,0.4679340124130249
3435,0.7500787973403931,0.2824099063873291,0.4676688611507416
3436,0.7497455477714539,0.2823406457901001,0.46740490198135376
3437,0.7494118213653564,0.2822727859020233,0.4671390652656555
3438,0.7490789294242859,0.2822038233280182,0.4668751060962677
3439,0.7487457394599915,0.2821345925331116,0.4666111469268799
3440,0.7484124302864075,0.28206679224967957,0.4663456380367279
3441,0.7480803728103638,0.28199827671051025,0.46608206629753113
3442,0.7477480173110962,0.2819294333457947,0.4658185839653015
3443,0.7474161386489868,0.28186145424842834,0.46555468440055847
3444,0.7470840215682983,0.2817932367324829,0.46529075503349304
3445,0.7467524409294128,0.28172457218170166,0.4650278687477112
3446,0.7464213371276855,0.2816562354564667,0.4647650718688965
3447,0.7460899353027344,0.28158795833587646,0.4645020067691803
3448,0.7457591891288757,0.2815195918083191,0.46423959732055664
3449,0.745428740978241,0.28145110607147217,0.4639776349067688
3450,0.7450977563858032,0.2813829481601715,0.4637148380279541
3451,0.744767427444458,0.28131502866744995,0.46345239877700806
3452,0.7444376945495605,0.28124675154685974,0.4631909728050232
3453,0.7441083788871765,0.281178742647171,0.4629296362400055
3454,0.7437790632247925,0.28111153841018677,0.4626675546169281
3455,0.7434492707252502,0.28104278445243835,0.4624064862728119
3456,0.7431206107139587,0.28097495436668396,0.4621456563472748
3457,0.7427913546562195,0.28090792894363403,0.46188342571258545
3458,0.742463231086731,0.2808391749858856,0.46162405610084534
3459,0.7421348094940186,0.2807713449001312,0.46136343479156494
3460,0.7418066263198853,0.2807044982910156,0.46110209822654724
3461,0.7414783239364624,0.28063562512397766,0.46084266901016235
3462,0.7411512136459351,0.28056785464286804,0.460583359003067
3463,0.7408233880996704,0.2805008888244629,0.4603224992752075
3464,0.7404965758323669,0.28043243288993835,0.4600641429424286
3465,0.7401692271232605,0.2803647816181183,0.4598044455051422
3466,0.7398421764373779,0.28029778599739075,0.4595443904399872
3467,0.7395157814025879,0.2802298963069916,0.4592859148979187
3468,0.739189863204956,0.28016212582588196,0.4590277373790741
3469,0.7388641834259033,0.28009533882141113,0.4587688446044922
3470,0.7385377287864685,0.2800276577472687,0.45851007103919983
3471,0.7382127642631531,0.2799600064754486,0.45825275778770447
3472,0.737887442111969,0.2798926830291748,0.4579947590827942
3473,0.737561821937561,0.27982577681541443,0.457736074924469
3474,0.7372368574142456,0.2797580659389496,0.4574788212776184
3475,0.736912190914154,0.27969032526016235,0.4572218656539917
3476,0.736587405204773,0.27962398529052734,0.4569633901119232
3477,0.7362632751464844,0.27955615520477295,0.4567071497440338
3478,0.7359390258789062,0.27948805689811707,0.4564509987831116
3479,0.7356157302856445,0.2794221043586731,0.4561936557292938
3480,0.7352921962738037,0.2793542742729187,0.4559379518032074
3481,0.7349680066108704,0.2792865037918091,0.4556815028190613
3482,0.7346451282501221,0.2792207598686218,0.45542433857917786
3483,0.7343220710754395,0.27915316820144653,0.4551689028739929
3484,0.7339997291564941,0.279085636138916,0.4549140930175781
3485,0.7336771488189697,0.2790200114250183,0.45465710759162903
3486,0.7333542704582214,0.278952419757843,0.4544018507003784
3487,0.7330325841903687,0.2788848876953125,0.45414772629737854
3488,0.732710599899292,0.27881914377212524,0.45389148592948914
3489,0.7323890924453735,0.27875134348869324,0.4536377489566803
3490,0.7320678234100342,0.27868396043777466,0.4533838629722595
3491,0.73174649477005,0.27861839532852173,0.4531280994415283
3492,0.7314252853393555,0.27855104207992554,0.4528742730617523
3493,0.7311053276062012,0.27848389744758606,0.4526214003562927
3494,0.7307841777801514,0.27841833233833313,0.45236581563949585
3495,0.730463981628418,0.27835118770599365,0.4521127939224243
3496,0.730144202709198,0.2782842218875885,0.4518599808216095
3497,0.729823648929596,0.27821803092956543,0.4516056180000305
3498,0.7295041084289551,0.27815118432044983,0.45135295391082764
3499,0.7291847467422485,0.2780840992927551,0.451100617647171
3500,0.7288658022880554,0.27801772952079773,0.4508480727672577
3501,0.7285463213920593,0.27795132994651794,0.4505949914455414
3502,0.7282277941703796,0.2778843641281128,0.45034343004226685
3503,0.7279092073440552,0.27781811356544495,0.4500911235809326
3504,0.7275910377502441,0.27775245904922485,0.4498385787010193
3505,0.7272731065750122,0.2776857316493988,0.449587345123291
3506,0.7269551157951355,0.27761903405189514,0.44933608174324036
3507,0.7266371846199036,0.277553915977478,0.44908326864242554
3508,0.7263195514678955,0.2774871587753296,0.4488324224948883
3509,0.7260019779205322,0.27742019295692444,0.4485817849636078
3510,0.7256851196289062,0.2773551940917969,0.448329895734787
3511,0.7253684401512146,0.27728861570358276,0.44807982444763184
3512,0.725051760673523,0.2772217392921448,0.4478299915790558
3513,0.7247348427772522,0.27715668082237244,0.44757816195487976
3514,0.7244188189506531,0.2770903408527374,0.44732847809791565
3515,0.7241029739379883,0.277023583650589,0.4470793604850769
3516,0.723786473274231,0.2769586741924286,0.44682782888412476
3517,0.7234712243080139,0.2768924832344055,0.4465787410736084
3518,0.7231559157371521,0.2768256962299347,0.4463302195072174
3519,0.7228407859802246,0.27676060795783997,0.44608014822006226
3520,0.7225251197814941,0.27669456601142883,0.4458305239677429
3521,0.7222105264663696,0.27662765979766846,0.44558286666870117
3522,0.7218961715698242,0.2765626609325409,0.4453335106372833
3523,0.7215815186500549,0.2764968276023865,0.44508469104766846
3524,0.7212671637535095,0.27643004059791565,0.44483712315559387
3525,0.7209534645080566,0.2763652205467224,0.4445882737636566
3526,0.7206400036811829,0.2762996256351471,0.44434037804603577
3527,0.7203265428543091,0.27623340487480164,0.44409310817718506
3528,0.7200124859809875,0.27616819739341736,0.4438442885875702
3529,0.719699501991272,0.27610278129577637,0.4435967206954956
3530,0.7193864583969116,0.27603667974472046,0.44334977865219116
3531,0.7190740704536438,0.27597126364707947,0.44310280680656433
3532,0.7187613248825073,0.27590617537498474,0.4428551197052002
3533,0.7184485197067261,0.2758398950099945,0.44260862469673157
3534,0.7181364893913269,0.2757744789123535,0.4423620104789734
3535,0.7178245186805725,0.27570968866348267,0.44211483001708984
3536,0.7175133228302002,0.27564388513565063,0.44186946749687195
3537,0.7172014713287354,0.27557840943336487,0.4416230618953705
3538,0.7168904542922974,0.275513619184494,0.44137686491012573
3539,0.7165790796279907,0.2754479646682739,0.4411311149597168
3540,0.7162682414054871,0.2753821611404419,0.44088608026504517
3541,0.715957522392273,0.2753177881240845,0.44063976407051086
3542,0.7156469821929932,0.2752520442008972,0.44039490818977356
3543,0.7153370380401611,0.2751867175102234,0.44015029072761536
3544,0.7150263786315918,0.2751222848892212,0.439904123544693
3545,0.714716374874115,0.2750566899776459,0.4396596848964691
3546,0.7144069075584412,0.27499154210090637,0.4394153654575348
3547,0.7140971422195435,0.2749270796775818,0.43917009234428406
3548,0.7137881517410278,0.27486133575439453,0.4389267861843109
3549,0.7134788036346436,0.27479636669158936,0.4386824071407318
3550,0.7131701707839966,0.2747315764427185,0.4384385943412781
3551,0.7128614187240601,0.2746662199497223,0.43819522857666016
3552,0.7125530242919922,0.2746012210845947,0.43795183300971985
3553,0.7122447490692139,0.2745364308357239,0.4377083480358124
3554,0.7119364738464355,0.2744714021682739,0.43746504187583923
3555,0.7116286754608154,0.27440664172172546,0.43722203373908997
3556,0.7113208770751953,0.2743419408798218,0.4369789659976959
3557,0.7110133171081543,0.27427732944488525,0.43673601746559143
3558,0.7107056379318237,0.27421218156814575,0.436493456363678
3559,0.7103984355926514,0.27414757013320923,0.43625083565711975
3560,0.7100921869277954,0.2740831971168518,0.4360089600086212
3561,0.7097855806350708,0.27401793003082275,0.43576768040657043
3562,0.7094789147377014,0.2739538550376892,0.4355250597000122
3563,0.7091725468635559,0.273889422416687,0.4352831244468689
3564,0.7088667154312134,0.27382391691207886,0.4350427985191345
3565,0.7085603475570679,0.2737604081630707,0.4347999095916748
3566,0.708254337310791,0.2736957371234894,0.43455857038497925
3567,0.7079486846923828,0.27363061904907227,0.43431803584098816
3568,0.7076436281204224,0.2735667824745178,0.43407687544822693
3569,0.707338273525238,0.2735019624233246,0.43383631110191345
3570,0.7070333361625671,0.2734372019767761,0.433596134185791
3571,0.7067285776138306,0.27337267994880676,0.4333559274673462
3572,0.7064237594604492,0.273308128118515,0.4331156015396118
3573,0.706119179725647,0.27324366569519043,0.43287554383277893
3574,0.7058152556419373,0.2731790840625763,0.43263617157936096
3575,0.7055110931396484,0.27311524748802185,0.4323958158493042
3576,0.705207347869873,0.2730509042739868,0.4321564733982086
3577,0.7049033641815186,0.27298662066459656,0.4319167733192444
3578,0.7045996189117432,0.27292299270629883,0.43167659640312195
3579,0.7042965888977051,0.27285829186439514,0.43143826723098755
3580,0.7039938569068909,0.272794246673584,0.4311996102333069
3581,0.7036910057067871,0.27273067831993103,0.4309602975845337
3582,0.7033882737159729,0.27266570925712585,0.43072256445884705
3583,0.7030856609344482,0.27260223031044006,0.4304834306240082
3584,0.7027833461761475,0.2725382447242737,0.4302450716495514
3585,0.7024810910224915,0.27247369289398193,0.4300073981285095
3586,0.7021792531013489,0.2724102735519409,0.42976897954940796
3587,0.7018774747848511,0.2723460793495178,0.42953139543533325
3588,0.7015759348869324,0.2722816467285156,0.42929428815841675
3589,0.701274037361145,0.27221816778182983,0.4290558397769928
3590,0.7009731531143188,0.2721536457538605,0.428819477558136
3591,0.7006722688674927,0.2720896601676941,0.4285825788974762
3592,0.700371265411377,0.27202603220939636,0.4283452332019806
3593,0.7000705003738403,0.2719617187976837,0.42810875177383423
3594,0.699770450592041,0.27189794182777405,0.42787253856658936
3595,0.6994701623916626,0.27183425426483154,0.42763587832450867
3596,0.6991698741912842,0.2717706561088562,0.42739924788475037
3597,0.6988698244094849,0.27170658111572266,0.4271632730960846
3598,0.6985706090927124,0.2716430127620697,0.4269275665283203
3599,0.6982705593109131,0.27157941460609436,0.42669111490249634
3600,0.6979713439941406,0.2715153694152832,0.4264560043811798
3601,0.6976721286773682,0.2714519798755646,0.4262201189994812
3602,0.6973733305931091,0.2713882625102997,0.42598506808280945
3603,0.697074294090271,0.2713243067264557,0.4257499575614929
3604,0.6967756748199463,0.2712610960006714,0.4255146086215973
3605,0.6964773535728455,0.2711971402168274,0.42528021335601807
3606,0.6961787939071655,0.2711336016654968,0.4250452220439911
3607,0.6958805918693542,0.27107030153274536,0.4248102903366089
3608,0.6955826282501221,0.27100634574890137,0.4245763123035431
3609,0.6952847838401794,0.270943284034729,0.42434149980545044
3610,0.6949876546859741,0.270879864692688,0.42410778999328613
3611,0.6946901082992554,0.2708164155483246,0.4238736629486084
3612,0.6943930387496948,0.2707532048225403,0.42363983392715454
3613,0.6940963268280029,0.27068984508514404,0.4234064817428589
3614,0.6937992572784424,0.2706262171268463,0.42317304015159607
3615,0.69350266456604,0.2705630958080292,0.42293956875801086
3616,0.6932061910629272,0.27049991488456726,0.4227062463760376
3617,0.6929097771644592,0.2704363167285919,0.4224734604358673
3618,0.6926140785217285,0.27037328481674194,0.4222407639026642
3619,0.6923174858093262,0.2703099846839905,0.4220075309276581
3620,0.6920222640037537,0.2702464163303375,0.42177584767341614
3621,0.6917264461517334,0.2701835036277771,0.4215429127216339
3622,0.6914312839508057,0.27012020349502563,0.42131108045578003
3623,0.6911361217498779,0.27005669474601746,0.4210793972015381
3624,0.6908413171768188,0.2699941396713257,0.42084717750549316
3625,0.6905463337898254,0.26993095874786377,0.42061537504196167
3626,0.6902517080307007,0.26986759901046753,0.42038407921791077
3627,0.6899570822715759,0.26980507373809814,0.4201520085334778
3628,0.6896624565124512,0.26974165439605713,0.41992077231407166
3629,0.689368486404419,0.26967841386795044,0.4196901023387909
3630,0.6890743970870972,0.2696158289909363,0.4194585382938385
3631,0.6887807846069336,0.26955273747444153,0.41922807693481445
3632,0.6884872913360596,0.2694896161556244,0.4189976453781128
3633,0.688193678855896,0.26942744851112366,0.41876623034477234
3634,0.6879001259803772,0.2693643271923065,0.4185357987880707
3635,0.6876073479652405,0.26930126547813416,0.4183060824871063
3636,0.6873137950897217,0.2692388594150543,0.41807493567466736
3637,0.6870212554931641,0.2691757082939148,0.41784557700157166
3638,0.6867284774780273,0.26911282539367676,0.417615681886673
3639,0.6864368319511414,0.2690504491329193,0.41738638281822205
3640,0.6861441135406494,0.2689874768257141,0.4171566367149353
3641,0.6858523488044739,0.2689245343208313,0.4169278144836426
3642,0.6855601072311401,0.26886218786239624,0.4166979491710663
3643,0.6852685213088989,0.26879921555519104,0.4164692759513855
3644,0.6849767565727234,0.2687363624572754,0.416240394115448
3645,0.6846855282783508,0.26867422461509705,0.4160113036632538
3646,0.6843942403793335,0.2686109244823456,0.4157833158969879
3647,0.6841033101081848,0.26854854822158813,0.4155547618865967
3648,0.6838123798370361,0.26848581433296204,0.4153265953063965
3649,0.6835218071937561,0.2684236168861389,0.4150981903076172
3650,0.6832314729690552,0.26836097240448,0.4148704707622528
3651,0.6829408407211304,0.268298864364624,0.41464200615882874
3652,0.6826509237289429,0.2682361602783203,0.41441479325294495
3653,0.6823607683181763,0.2681736648082733,0.41418710350990295
3654,0.6820711493492126,0.2681114673614502,0.41395968198776245
3655,0.6817811727523804,0.2680487334728241,0.4137324094772339
3656,0.6814917325973511,0.2679862976074219,0.4135054647922516
3657,0.6812024712562561,0.2679242789745331,0.413278192281723
3658,0.6809130311012268,0.2678614854812622,0.4130515456199646
3659,0.6806241869926453,0.2677993178367615,0.4128248691558838
3660,0.6803350448608398,0.26773715019226074,0.4125978946685791
3661,0.680046796798706,0.26767444610595703,0.41237232089042664
3662,0.6797583699226379,0.26761236786842346,0.4121460020542145
3663,0.6794693470001221,0.26755020022392273,0.41191911697387695
3664,0.6791812181472778,0.2674875259399414,0.41169366240501404
3665,0.6788934469223022,0.2674255669116974,0.41146788001060486
3666,0.6786059737205505,0.2673635482788086,0.41124242544174194
3667,0.6783179044723511,0.2673010230064392,0.41101691126823425
3668,0.6780308485031128,0.2672393321990967,0.4107915461063385
3669,0.6777437925338745,0.26717761158943176,0.41056615114212036
3670,0.6774560213088989,0.26711469888687134,0.4103413224220276
3671,0.6771694421768188,0.2670534551143646,0.4101160168647766
3672,0.676882266998291,0.2669913172721863,0.40989091992378235
3673,0.6765956282615662,0.26692914962768555,0.4096664786338806
3674,0.6763092875480652,0.26686733961105347,0.4094419479370117
3675,0.6760228872299194,0.2668052017688751,0.4092177152633667
3676,0.6757363080978394,0.26674288511276245,0.4089934229850769
3677,0.6754509210586548,0.2666805684566498,0.4087703824043274
3678,0.675165057182312,0.26661908626556396,0.40854594111442566
3679,0.6748790740966797,0.2665565609931946,0.4083224833011627
3680,0.6745938658714294,0.266495019197464,0.40809884667396545
3681,0.6743083000183105,0.2664336860179901,0.40787458419799805
3682,0.6740230321884155,0.2663712501525879,0.40765181183815
3683,0.6737380027770996,0.26631036400794983,0.4074276387691498
3684,0.6734529137611389,0.2662482261657715,0.40720468759536743
3685,0.673168420791626,0.2661862373352051,0.4069821834564209
3686,0.6728839874267578,0.26612502336502075,0.40675896406173706
3687,0.6725996732711792,0.2660624384880066,0.406537264585495
3688,0.6723155975341797,0.2660011351108551,0.4063144326210022
3689,0.6720313429832458,0.2659395635128021,0.4060917794704437
3690,0.6717469692230225,0.26587772369384766,0.4058692455291748
3691,0.6714638471603394,0.2658163607120514,0.40564748644828796
3692,0.671180248260498,0.26575466990470886,0.4054256081581116
3693,0.6708968877792358,0.2656928598880768,0.40520405769348145
3694,0.6706134080886841,0.26563122868537903,0.40498217940330505
3695,0.6703300476074219,0.2655695080757141,0.40476053953170776
3696,0.6700476408004761,0.2655078172683716,0.4045397937297821
3697,0.6697647571563721,0.26544633507728577,0.4043184220790863
3698,0.6694821119308472,0.2653849124908447,0.40409716963768005
3699,0.6691995859146118,0.2653232514858246,0.4038763642311096
3700,0.6689169406890869,0.26526182889938354,0.40365514159202576
3701,0.6686348915100098,0.2652003765106201,0.40343451499938965
3702,0.6683529615402222,0.26513850688934326,0.4032144546508789
3703,0.6680709719657898,0.26507753133773804,0.40299344062805176
3704,0.667789876461029,0.2650156617164612,0.40277421474456787
3705,0.6675081253051758,0.26495417952537537,0.4025539755821228
3706,0.6672261953353882,0.26489341259002686,0.40233275294303894
3707,0.6669455170631409,0.2648312449455261,0.40211427211761475
3708,0.6666640043258667,0.26477041840553284,0.40189361572265625
3709,0.6663830280303955,0.2647092938423157,0.40167373418807983
3710,0.6661025285720825,0.2646472156047821,0.4014553129673004
3711,0.6658221483230591,0.26458683609962463,0.40123534202575684
3712,0.6655418872833252,0.2645251750946045,0.4010167121887207
3713,0.6652609705924988,0.2644634544849396,0.4007975161075592
3714,0.6649813055992126,0.26440298557281494,0.4005783200263977
3715,0.6647013425827026,0.2643408179283142,0.4003605246543884
3716,0.664421558380127,0.26427996158599854,0.4001415967941284
3717,0.6641417741775513,0.26421868801116943,0.39992308616638184
3718,0.6638621687889099,0.2641575038433075,0.3997046649456024
3719,0.6635827422142029,0.2640962600708008,0.3994864821434021
3720,0.6633036136627197,0.26403555274009705,0.39926809072494507
3721,0.66302490234375,0.2639744281768799,0.39905044436454773
3722,0.6627458333969116,0.2639128863811493,0.39883294701576233
3723,0.6624670028686523,0.2638527750968933,0.3986142575740814
3724,0.6621884703636169,0.2637908160686493,0.39839765429496765
3725,0.6619101762771606,0.26373010873794556,0.3981800377368927
3726,0.6616321802139282,0.2636696994304657,0.3979624807834625
3727,0.6613538265228271,0.26360759139060974,0.3977462649345398
3728,0.6610760688781738,0.2635476589202881,0.39752843976020813
3729,0.6607980132102966,0.26348641514778137,0.39731159806251526
3730,0.6605203151702881,0.26342499256134033,0.39709535241127014
3731,0.6602434515953064,0.2633647918701172,0.3968786597251892
3732,0.6599655151367188,0.26330333948135376,0.3966622054576874
3733,0.6596877574920654,0.2632421851158142,0.3964455723762512
3734,0.6594113111495972,0.2631817162036896,0.3962295651435852
3735,0.6591348052024841,0.2631205916404724,0.3960142135620117
3736,0.6588577032089233,0.2630597949028015,0.3957979083061218
3737,0.6585806608200073,0.26299935579299927,0.39558130502700806
3738,0.6583045125007629,0.2629384696483612,0.39536604285240173
3739,0.6580281257629395,0.26287761330604553,0.3951505422592163
3740,0.657752275466919,0.2628173232078552,0.39493492245674133
3741,0.6574761271476746,0.26275599002838135,0.3947201371192932
3742,0.6571998596191406,0.26269516348838806,0.3945046663284302
3743,0.6569241881370544,0.26263538002967834,0.3942888081073761
3744,0.6566486358642578,0.26257336139678955,0.39407530426979065
3745,0.6563733816146851,0.2625139653682709,0.3938594162464142
3746,0.6560978889465332,0.2624528706073761,0.3936449885368347
3747,0.6558226943016052,0.26239168643951416,0.39343100786209106
3748,0.655548095703125,0.26233235001564026,0.39321574568748474
3749,0.6552733182907104,0.26227042078971863,0.3930029273033142
3750,0.6549984216690063,0.26221057772636414,0.3927878737449646
3751,0.6547238230705261,0.2621496915817261,0.39257413148880005
3752,0.6544497609138489,0.2620886266231537,0.3923611342906952
3753,0.6541759967803955,0.26202890276908875,0.39214709401130676
3754,0.6539017558097839,0.2619677782058716,0.39193397760391235
3755,0.6536272764205933,0.26190751791000366,0.3917197585105896
3756,0.6533539295196533,0.2618468999862671,0.39150702953338623
3757,0.6530801057815552,0.26178690791130066,0.3912931978702545
3758,0.6528065800666809,0.2617257833480835,0.3910807967185974
3759,0.6525331735610962,0.26166602969169617,0.39086711406707764
3760,0.6522597074508667,0.2616053819656372,0.3906543552875519
3761,0.6519867181777954,0.26154428720474243,0.3904424011707306
3762,0.6517139673233032,0.26148521900177,0.3902287483215332
3763,0.651441216468811,0.261423259973526,0.39001795649528503
3764,0.6511682271957397,0.2613639235496521,0.38980427384376526
3765,0.6508961915969849,0.2613034248352051,0.3895927965641022
3766,0.6506237387657166,0.2612422704696655,0.389381468296051
3767,0.6503515839576721,0.26118335127830505,0.38916823267936707
3768,0.6500793695449829,0.26112163066864014,0.3889577388763428
3769,0.6498076915740967,0.2610616385936737,0.38874608278274536
3770,0.6495355367660522,0.2610017955303192,0.38853374123573303
3771,0.6492640972137451,0.2609405219554901,0.3883235454559326
3772,0.6489927768707275,0.2608814835548401,0.38811129331588745
3773,0.6487212181091309,0.260820597410202,0.38790059089660645
3774,0.648450493812561,0.2607612609863281,0.3876892030239105
3775,0.6481789350509644,0.2607004940509796,0.38747844099998474
3776,0.647908091545105,0.2606409788131714,0.3872671127319336
3777,0.6476376056671143,0.26058024168014526,0.3870573341846466
3778,0.6473668813705444,0.2605198323726654,0.38684704899787903
3779,0.6470966339111328,0.26046067476272583,0.386635959148407
3780,0.6468263268470764,0.2603984475135803,0.3864278793334961
3781,0.6465561389923096,0.26034045219421387,0.3862156867980957
3782,0.6462860107421875,0.2602788805961609,0.3860071003437042
3783,0.6460156440734863,0.2602190375328064,0.3857966363430023
3784,0.645746111869812,0.2601601481437683,0.3855859935283661
3785,0.6454766988754272,0.26009830832481384,0.385378360748291
3786,0.645207405090332,0.26004019379615784,0.3851672410964966
3787,0.6449377536773682,0.2599787414073944,0.38495898246765137
3788,0.644668459892273,0.25991934537887573,0.3847491443157196
3789,0.6443994641304016,0.2598591148853302,0.3845403492450714
3790,0.6441306471824646,0.2597988247871399,0.3843318223953247
3791,0.6438615918159485,0.25973907113075256,0.3841225206851959
3792,0.6435931921005249,0.25967884063720703,0.3839143216609955
3793,0.6433247923851013,0.2596195638179779,0.3837052285671234
3794,0.6430561542510986,0.25955846905708313,0.3834976553916931
3795,0.6427879333496094,0.2594999670982361,0.3832879662513733
3796,0.6425198912620544,0.2594388425350189,0.3830810487270355
3797,0.6422521471977234,0.2593792974948883,0.3828728497028351
3798,0.6419843435287476,0.25932005047798157,0.382664293050766
3799,0.6417165994644165,0.25925880670547485,0.38245779275894165
3800,0.6414492130279541,0.2592007517814636,0.3822484314441681
3801,0.6411817669868469,0.2591395974159241,0.38204216957092285
3802,0.6409144401550293,0.2590806782245636,0.3818337321281433
3803,0.6406469941139221,0.25902044773101807,0.38162654638290405
3804,0.6403802633285522,0.2589606046676636,0.3814196288585663
3805,0.6401135921478271,0.2589015066623688,0.381212055683136
3806,0.639846682548523,0.2588406503200531,0.38100603222846985
3807,0.6395801305770874,0.2587820291519165,0.3807981014251709
3808,0.6393135786056519,0.25872063636779785,0.3805929720401764
3809,0.6390476226806641,0.25866252183914185,0.3803851008415222
3810,0.6387811899185181,0.25860193371772766,0.3801792860031128
3811,0.6385149955749512,0.25854265689849854,0.37997233867645264
3812,0.6382493376731873,0.25848379731178284,0.3797655403614044
3813,0.6379834413528442,0.25842300057411194,0.3795604705810547
3814,0.6377178430557251,0.25836488604545593,0.37935295701026917
3815,0.6374528408050537,0.25830352306365967,0.37914928793907166
3816,0.6371872425079346,0.2582452595233917,0.37894201278686523
3817,0.6369211673736572,0.2581844925880432,0.3787367045879364
3818,0.6366567611694336,0.2581251859664917,0.3785315454006195
3819,0.6363916397094727,0.2580658495426178,0.37832576036453247
3820,0.6361271142959595,0.2580054700374603,0.37812164425849915
3821,0.6358623504638672,0.2579476237297058,0.37791475653648376
3822,0.6355977058410645,0.2578863501548767,0.37771135568618774
3823,0.6353336572647095,0.25782859325408936,0.3775050640106201
3824,0.6350692510604858,0.25776800513267517,0.3773012161254883
3825,0.6348048448562622,0.2577087879180908,0.3770960569381714
3826,0.6345407962799072,0.2576497793197632,0.37689101696014404
3827,0.6342768669128418,0.25758907198905945,0.37668779492378235
3828,0.634013295173645,0.25753119587898254,0.37648212909698486
3829,0.6337496638298035,0.25747010111808777,0.3762795627117157
3830,0.6334862112998962,0.2574120759963989,0.3760741353034973
3831,0.6332231760025024,0.25735169649124146,0.3758714497089386
3832,0.6329597234725952,0.2572931945323944,0.3756665587425232
3833,0.632696270942688,0.257233202457428,0.3754630386829376
3834,0.6324334144592285,0.257174015045166,0.3752594292163849
3835,0.6321709156036377,0.2571150064468384,0.3750559389591217
3836,0.6319084167480469,0.2570544481277466,0.3748539686203003
3837,0.6316457986831665,0.2569969892501831,0.3746488094329834
3838,0.6313832402229309,0.25693538784980774,0.37444785237312317
3839,0.6311211585998535,0.25687864422798157,0.37424248456954956
3840,0.6308588981628418,0.25681746006011963,0.3740414083003998
3841,0.6305964589118958,0.25675952434539795,0.3738369345664978
3842,0.63033527135849,0.2566996216773987,0.3736356496810913
3843,0.6300729513168335,0.2566399872303009,0.3734329342842102
3844,0.6298117637634277,0.25658127665519714,0.3732304573059082
3845,0.6295498013496399,0.2565208375453949,0.373028963804245
3846,0.629288911819458,0.25646287202835083,0.37282606959342957
3847,0.6290276050567627,0.25640228390693665,0.37262529134750366
3848,0.6287660598754883,0.256344735622406,0.3724213242530823
3849,0.6285051703453064,0.2562841773033142,0.3722209930419922
3850,0.6282444000244141,0.25622662901878357,0.3720178008079529
3851,0.6279831528663635,0.25616586208343506,0.37181729078292847
3852,0.627723217010498,0.25610777735710144,0.371615469455719
3853,0.62746262550354,0.2560478746891022,0.37141475081443787
3854,0.6272023916244507,0.25598853826522827,0.3712138235569
3855,0.6269421577453613,0.2559300363063812,0.3710120916366577
3856,0.626681923866272,0.2558702528476715,0.3708116412162781
3857,0.6264223456382751,0.2558121085166931,0.37061023712158203
3858,0.6261622905731201,0.2557527422904968,0.3704095184803009
3859,0.6259024739265442,0.25569382309913635,0.37020865082740784
3860,0.6256430745124817,0.25563451647758484,0.37000855803489685
3861,0.6253840327262878,0.2555757462978363,0.36980828642845154
3862,0.6251249313354492,0.25551626086235046,0.36960867047309875
3863,0.6248650550842285,0.25545740127563477,0.36940765380859375
3864,0.6246061325073242,0.2553982138633728,0.3692079484462738
3865,0.6243475079536438,0.2553391456604004,0.3690083622932434
3866,0.624088704586029,0.2552805244922638,0.36880818009376526
3867,0.6238298416137695,0.25522124767303467,0.36860862374305725
3868,0.6235711574554443,0.25516268610954285,0.3684085011482239
3869,0.6233127117156982,0.2551036477088928,0.3682090640068054
3870,0.6230546236038208,0.2550446391105652,0.3680099844932556
3871,0.6227966547012329,0.25498566031455994,0.367810994386673
3872,0.6225382089614868,0.25492700934410095,0.36761119961738586
3873,0.6222801208496094,0.25486764311790466,0.3674124479293823
3874,0.6220225095748901,0.2548094391822815,0.36721307039260864
3875,0.6217650175094604,0.25474971532821655,0.3670152723789215
3876,0.6215074062347412,0.2546916902065277,0.3668156862258911
3877,0.6212499141693115,0.25463220477104187,0.36661767959594727
3878,0.62099289894104,0.25457388162612915,0.3664190173149109
3879,0.6207356452941895,0.2545146346092224,0.36622101068496704
3880,0.6204787492752075,0.2544557452201843,0.3660229742527008
3881,0.6202216148376465,0.25439658761024475,0.36582502722740173
3882,0.6199649572372437,0.25433775782585144,0.3656271696090698
3883,0.6197081208229065,0.2542789876461029,0.3654291331768036
3884,0.6194519400596619,0.2542199194431305,0.36523202061653137
3885,0.6191952228546143,0.2541623115539551,0.3650329113006592
3886,0.6189391613006592,0.2541026175022125,0.36483654379844666
3887,0.6186827421188354,0.25404486060142517,0.36463791131973267
3888,0.6184267997741699,0.25398534536361694,0.36444148421287537
3889,0.6181709170341492,0.2539272606372833,0.36424365639686584
3890,0.6179149150848389,0.25386741757392883,0.36404749751091003
3891,0.6176596879959106,0.25380995869636536,0.3638497591018677
3892,0.6174041032791138,0.25374913215637207,0.3636549413204193
3893,0.6171488761901855,0.2536931335926056,0.36345577239990234
3894,0.6168933510780334,0.25363171100616455,0.3632616400718689
3895,0.6166378259658813,0.2535761594772339,0.36306169629096985
3896,0.6163834929466248,0.2535149157047272,0.3628685772418976
3897,0.6161279678344727,0.2534586787223816,0.36266928911209106
3898,0.6158735752105713,0.2533976435661316,0.3624759018421173
3899,0.6156190037727356,0.25334158539772034,0.36227741837501526
3900,0.6153645515441895,0.2532798647880554,0.36208468675613403
3901,0.6151096820831299,0.25322508811950684,0.36188459396362305
3902,0.6148555278778076,0.2531622648239136,0.36169326305389404
3903,0.6146013736724854,0.25310832262039185,0.3614930510520935
3904,0.6143474578857422,0.2530449628829956,0.3613024950027466
3905,0.6140938997268677,0.25299128890037537,0.3611025810241699
3906,0.613839864730835,0.2529276907444,0.3609122037887573
3907,0.61358642578125,0.2528749406337738,0.3607114851474762
3908,0.6133332848548889,0.2528096139431,0.36052367091178894
3909,0.6130800247192383,0.25275877118110657,0.3603212535381317
3910,0.6128268837928772,0.2526911199092865,0.3601357638835907
3911,0.6125746965408325,0.2526429295539856,0.35993173718452454
3912,0.6123227477073669,0.25257283449172974,0.3597499132156372
3913,0.6120707988739014,0.25252723693847656,0.3595435917377472
3914,0.6118193864822388,0.252453476190567,0.35936594009399414
3915,0.6115685701370239,0.2524133026599884,0.3591552972793579
3916,0.611319899559021,0.2523322105407715,0.3589876592159271
3917,0.6110731363296509,0.25230130553245544,0.3587718605995178
3918,0.6108291149139404,0.2522096037864685,0.35861948132514954
3919,0.6105895638465881,0.2521914839744568,0.35839807987213135
3920,0.6103569269180298,0.25208449363708496,0.35827240347862244
3921,0.6101347208023071,0.2520856261253357,0.3580491244792938
3922,0.6099302768707275,0.2519543766975403,0.35797592997550964
3923,0.6097528338432312,0.2519867420196533,0.3577660918235779
3924,0.6096194982528687,0.25181517004966736,0.3578042984008789
3925,0.6095558404922485,0.2518991231918335,0.35765671730041504
3926,0.6096054911613464,0.25166159868240356,0.35794389247894287
3927,0.6098377704620361,0.2518288493156433,0.35800889134407043
3928,0.610359787940979,0.25148651003837585,0.35887327790260315
3929,0.6113408803939819,0.25178661942481995,0.3595542907714844
3930,0.6130141019821167,0.25127974152565,0.3617343604564667
3931,0.6156728267669678,0.25178229808807373,0.36389052867889404
3932,0.6195387840270996,0.25103914737701416,0.36849963665008545
3933,0.6245425343513489,0.2518030107021332,0.3727395236492157
3934,0.62968909740448,0.250808447599411,0.37888064980506897
3935,0.632847785949707,0.25175732374191284,0.3810904622077942
3936,0.631091833114624,0.2507272958755493,0.3803645670413971
3937,0.6235397458076477,0.25147539377212524,0.37206435203552246
3938,0.6133009791374207,0.25090256333351135,0.3623984158039093
3939,0.606423020362854,0.25098875164985657,0.3554342985153198
3940,0.6070775389671326,0.25113698840141296,0.3559405505657196
3941,0.6143882870674133,0.2506116032600403,0.36377668380737305
3942,0.6228888630867004,0.25115707516670227,0.37173178791999817
3943,0.6256572008132935,0.250508576631546,0.3751486539840698
3944,0.619625449180603,0.25091370940208435,0.3687117397785187
3945,0.6093435287475586,0.25060445070266724,0.35873904824256897
3946,0.6038941740989685,0.25055888295173645,0.35333529114723206
3947,0.6080796718597412,0.2506934106349945,0.3573862314224243
3948,0.6174514293670654,0.2503056526184082,0.3671458065509796
3949,0.6223061084747314,0.2506380081176758,0.37166813015937805
3950,0.6170727014541626,0.2502155900001526,0.3668571412563324
3951,0.6067983508110046,0.25041452050209045,0.3563838303089142
3952,0.6023855209350586,0.2502642273902893,0.3521213233470917
3953,0.60824054479599,0.25011345744132996,0.35812708735466003
3954,0.6172091960906982,0.25032609701156616,0.36688312888145447
3955,0.61854088306427,0.24989986419677734,0.3686410188674927
3956,0.6101827621459961,0.2502044439315796,0.3599783182144165
3957,0.601818323135376,0.2499057799577713,0.35191255807876587
3958,0.6032692193984985,0.2498711347579956,0.35339808464050293
3959,0.612155020236969,0.2500254213809967,0.3621295988559723
3960,0.6168164014816284,0.24959693849086761,0.367219477891922
3961,0.6108095645904541,0.24993622303009033,0.36087334156036377
3962,0.6015428900718689,0.24961484968662262,0.3519280254840851
3963,0.6008913516998291,0.2495795339345932,0.3513118028640747
3964,0.6091305017471313,0.24975569546222687,0.3593748211860657
3965,0.6145627498626709,0.2493201196193695,0.365242600440979
3966,0.6092904210090637,0.2496243268251419,0.3596660792827606
3967,0.6002779006958008,0.24937793612480164,0.35089996457099915
3968,0.5997785329818726,0.24925196170806885,0.3505265414714813
3969,0.6078258752822876,0.24947746098041534,0.35834842920303345
3970,0.6123450398445129,0.24907058477401733,0.3632744550704956
3971,0.6064426302909851,0.24926875531673431,0.357173889875412
3972,0.5984021425247192,0.2491660863161087,0.34923607110977173
3973,0.5995154976844788,0.24893809854984283,0.3505774140357971
3974,0.6074402332305908,0.24916985630989075,0.3582703471183777
3975,0.6098889112472534,0.24885991215705872,0.3610289692878723
3976,0.6028218269348145,0.24889785051345825,0.3539239764213562
3977,0.5965384244918823,0.24892592430114746,0.34761250019073486
3978,0.6000298261642456,0.24866139888763428,0.35136839747428894
3979,0.6073586940765381,0.24881628155708313,0.35854244232177734
3980,0.6067768335342407,0.2486538589000702,0.35812294483184814
3981,0.5987191200256348,0.2485617697238922,0.35015738010406494
3982,0.5953680276870728,0.24863427877426147,0.3467337489128113
3983,0.6014719009399414,0.2484370768070221,0.3530348241329193
3984,0.6068060994148254,0.24846068024635315,0.3583454191684723
3985,0.6023575067520142,0.24840685725212097,0.3539506793022156
3986,0.594809889793396,0.2482871562242508,0.346522718667984
3987,0.595962643623352,0.24829095602035522,0.3476717174053192
3988,0.6033504009246826,0.24820998311042786,0.3551403880119324
3989,0.6042973399162292,0.24815256893634796,0.3561447560787201
3990,0.5968289375305176,0.24809347093105316,0.3487354516983032
3991,0.5929152965545654,0.24806326627731323,0.3448520302772522
3992,0.5984684228897095,0.2479621320962906,0.3505063056945801
3993,0.6035662889480591,0.24792663753032684,0.35563966631889343
3994,0.5992261171340942,0.2479132115840912,0.35131287574768066
3995,0.5924623608589172,0.2477397918701172,0.34472256898880005
3996,0.5941315293312073,0.24781200289726257,0.3463195264339447
3997,0.600652277469635,0.2477017194032669,0.3529505431652069
3998,0.6004887819290161,0.24757200479507446,0.35291677713394165
3999,0.593624472618103,0.24770325422286987,0.34592118859291077
4000,0.5913171172142029,0.24743787944316864,0.34387925267219543
4001,0.596799373626709,0.24748316407203674,0.34931620955467224
4002,0.6001088619232178,0.24751393496990204,0.35259494185447693
4003,0.5952134132385254,0.24720735847949982,0.3480060398578644
4004,0.5901062488555908,0.2474244385957718,0.34268179535865784
4005,0.5930111408233643,0.24722763895988464,0.3457835018634796
4006,0.5983419418334961,0.24708056449890137,0.3512614071369171
4007,0.5963792204856873,0.24731102585792542,0.34906819462776184
4008,0.5900557041168213,0.24693012237548828,0.3431256115436554
4009,0.5899497270584106,0.24704046547412872,0.3429092764854431
4010,0.5957323312759399,0.2470816969871521,0.34865060448646545
4011,0.5966695547103882,0.24671272933483124,0.34995684027671814
4012,0.5905637741088867,0.24699845910072327,0.34356531500816345
4013,0.5878198146820068,0.2467688024044037,0.34105101227760315
4014,0.5928580164909363,0.2466050684452057,0.3462529480457306
4015,0.5960702300071716,0.24687421321868896,0.34919601678848267
4016,0.5911347270011902,0.2464727908372879,0.3446619510650635
4017,0.5865635871887207,0.24656856060028076,0.33999505639076233
4018,0.590126633644104,0.24664436280727386,0.34348225593566895
4019,0.5946877002716064,0.24625879526138306,0.3484289050102234
4020,0.5914478302001953,0.2465238869190216,0.3449239730834961
4021,0.5859911441802979,0.24635103344917297,0.33964014053344727
4022,0.5877664089202881,0.24613188207149506,0.34163451194763184
4023,0.5927705764770508,0.2464071810245514,0.3463634252548218
4024,0.5913532972335815,0.24606510996818542,0.3452881872653961
4025,0.5858798623085022,0.2460671216249466,0.3398127257823944
4026,0.5858559608459473,0.24621102213859558,0.3396449387073517
4027,0.5905043482780457,0.245832160115242,0.34467220306396484
4028,0.5908189415931702,0.24601252377033234,0.34480640292167664
4029,0.5860175490379333,0.24595756828784943,0.3400599956512451
4030,0.5843824148178101,0.24566470086574554,0.3387176990509033
4031,0.5881279110908508,0.2459184229373932,0.34220948815345764
4032,0.5899158716201782,0.2456844449043274,0.34423139691352844
4033,0.5862066745758057,0.24556055665016174,0.34064608812332153
4034,0.5832617282867432,0.24576646089553833,0.3374952971935272
4035,0.5857803821563721,0.24542838335037231,0.34035202860832214
4036,0.5887084007263184,0.24548718333244324,0.3432212471961975
4037,0.5863134860992432,0.24555397033691406,0.3407595157623291
4038,0.5823982954025269,0.24521976709365845,0.3371785581111908
4039,0.5836151242256165,0.2454044222831726,0.33821070194244385
4040,0.5873314142227173,0.24530312418937683,0.34202831983566284
4041,0.5861889123916626,0.2450750768184662,0.341113805770874
4042,0.5816892385482788,0.2452879250049591,0.3364012837409973
4043,0.581706702709198,0.2450484335422516,0.3366582691669464
4044,0.58582603931427,0.24496975541114807,0.34085625410079956
4045,0.5858131647109985,0.2451205551624298,0.34069257974624634
4046,0.5810757875442505,0.24481745064258575,0.3362583518028259
4047,0.5801147222518921,0.244871586561203,0.3352431058883667
4048,0.584289014339447,0.24491000175476074,0.3393790125846863
4049,0.5850970149040222,0.24462562799453735,0.34047138690948486
4050,0.5805097818374634,0.2447667121887207,0.3357430398464203
4051,0.5788384675979614,0.2446831464767456,0.33415529131889343
4052,0.5827027559280396,0.24446694552898407,0.3382358253002167
4053,0.5841189622879028,0.24464677274227142,0.3394722044467926
4054,0.5799893140792847,0.2444513738155365,0.33553797006607056
4055,0.5778623223304749,0.2443297654390335,0.33353257179260254
4056,0.5811087489128113,0.2444993108510971,0.33660945296287537
4057,0.5828491449356079,0.24421440064907074,0.338634729385376
4058,0.5795068740844727,0.24422189593315125,0.3352849781513214
4059,0.5771307349205017,0.2443220317363739,0.3328087031841278
4060,0.5794730186462402,0.24398839473724365,0.3354845941066742
4061,0.5814036130905151,0.24414360523223877,0.33726003766059875
4062,0.5790609121322632,0.24410074949264526,0.3349601626396179
4063,0.576583743095398,0.24379950761795044,0.3327842056751251
4064,0.5778432488441467,0.24406465888023376,0.33377858996391296
4065,0.5798057317733765,0.24382710456848145,0.33597859740257263
4066,0.5786119699478149,0.24367673695087433,0.3349352180957794
4067,0.5761330127716064,0.24394017457962036,0.3321928083896637
4068,0.5762292146682739,0.24353790283203125,0.3326912820339203
4069,0.5781794786453247,0.24362459778785706,0.33455491065979004
4070,0.5781407952308655,0.24373768270015717,0.3344031274318695
4071,0.5757072567939758,0.2432994693517685,0.33240777254104614
4072,0.5746913552284241,0.24359728395938873,0.33109405636787415
4073,0.5765681266784668,0.24344682693481445,0.33312132954597473
4074,0.5775729417800903,0.2431541085243225,0.3344188332557678
4075,0.5752356052398682,0.2435198873281479,0.33171573281288147
4076,0.5732678174972534,0.2431212067604065,0.3301466405391693
4077,0.5750415325164795,0.2431049644947052,0.3319365680217743
4078,0.5768851041793823,0.2433442771434784,0.3335408568382263
4079,0.5746691226959229,0.2428450733423233,0.33182406425476074
4080,0.5720092058181763,0.24309885501861572,0.32891035079956055
4081,0.5736256837844849,0.24306556582450867,0.3305601477622986
4082,0.5760048031806946,0.242669016122818,0.3333357870578766
4083,0.5739949345588684,0.24305416643619537,0.33094078302383423
4084,0.5709515810012817,0.24273639917373657,0.32821521162986755
4085,0.5723310708999634,0.24259419739246368,0.3297368586063385
4086,0.5749365091323853,0.24291488528251648,0.3320216238498688
4087,0.5732025504112244,0.2424369901418686,0.3307655453681946
4088,0.5701104402542114,0.24257692694664001,0.3275335133075714
4089,0.57115638256073,0.24267327785491943,0.32848307490348816
4090,0.5736495852470398,0.24221961200237274,0.33142995834350586
4091,0.5723148584365845,0.2425481230020523,0.32976675033569336
4092,0.5694819688796997,0.2423681914806366,0.3271137475967407
4093,0.5700886249542236,0.24209752678871155,0.3279910981655121
4094,0.5721903443336487,0.2424515038728714,0.3297388255596161
4095,0.571338415145874,0.24206046760082245,0.3292779326438904
4096,0.5690320730209351,0.24204906821250916,0.3269830048084259
4097,0.5691131949424744,0.24226494133472443,0.32684823870658875
4098,0.5705790519714355,0.24180153012275696,0.3287774920463562
4099,0.5702868700027466,0.24202150106430054,0.32826536893844604
4100,0.5687032341957092,0.24199751019477844,0.3267057240009308
4101,0.5682202577590942,0.24162229895591736,0.3265979290008545
4102,0.5689087510108948,0.24196019768714905,0.3269485533237457
4103,0.5691689848899841,0.24169178307056427,0.32747718691825867
4104,0.5684069395065308,0.2415306270122528,0.32687631249427795
4105,0.567403256893158,0.24182763695716858,0.3255756199359894
4106,0.5672479271888733,0.24140304327011108,0.3258448839187622
4107,0.5679882168769836,0.24149416387081146,0.3264940679073334
4108,0.5680679678916931,0.24160750210285187,0.32646045088768005
4109,0.5666472315788269,0.24117763340473175,0.32546961307525635
4110,0.5656945705413818,0.24145352840423584,0.3242410719394684
4111,0.5667620301246643,0.24131762981414795,0.32544440031051636
4112,0.5675803422927856,0.24103933572769165,0.326541006565094
4113,0.5659417510032654,0.24136127531528473,0.32458049058914185
4114,0.564316987991333,0.2410173863172531,0.3232995867729187
4115,0.5655053853988647,0.24097639322280884,0.3245290219783783
4116,0.5669072270393372,0.24118676781654358,0.3257204592227936
4117,0.5652468204498291,0.24075937271118164,0.32448744773864746
4118,0.5631627440452576,0.24093732237815857,0.322225421667099
4119,0.564258337020874,0.2409309446811676,0.3233274221420288
4120,0.5659873485565186,0.24057623744010925,0.3254111111164093
4121,0.5645349025726318,0.24087226390838623,0.3236626088619232
4122,0.5622493028640747,0.2406383454799652,0.3216109573841095
4123,0.5630643963813782,0.2404726892709732,0.32259172201156616
4124,0.5648614168167114,0.24074339866638184,0.3241180181503296
4125,0.56374591588974,0.2403593212366104,0.3233865797519684
4126,0.5615512728691101,0.24042049050331116,0.32113078236579895
4127,0.5619757175445557,0.24053241312503815,0.3214433193206787
4128,0.5635352730751038,0.2401300072669983,0.32340526580810547
4129,0.5628440380096436,0.24037371575832367,0.3224703371524811
4130,0.5610158443450928,0.24025653302669525,0.3207593262195587
4131,0.561035692691803,0.23997928202152252,0.32105642557144165
4132,0.5621111392974854,0.24028752744197845,0.3218235969543457
4133,0.5617814064025879,0.23995816707611084,0.32182326912879944
4134,0.5605521202087402,0.23990893363952637,0.32064318656921387
4135,0.560265302658081,0.24012096226215363,0.32014432549476624
4136,0.5606611371040344,0.23968788981437683,0.3209732472896576
4137,0.5605641007423401,0.23988039791584015,0.32068368792533875
4138,0.5600646138191223,0.23986274003982544,0.3202018737792969
4139,0.5596545934677124,0.23949968814849854,0.3201548755168915
4140,0.5593053102493286,0.23983092606067657,0.31947436928749084
4141,0.5592079758644104,0.23954780399799347,0.31966015696525574
4142,0.5594394207000732,0.23941561579704285,0.320023775100708
4143,0.5591526627540588,0.23969663679599762,0.3194560408592224
4144,0.5581284761428833,0.23924767971038818,0.3188808262348175
4145,0.5578024387359619,0.23940086364746094,0.31840160489082336
4146,0.5586140155792236,0.23944947123527527,0.31916457414627075
4147,0.5586539506912231,0.23903727531433105,0.3196167051792145
4148,0.5571774244308472,0.23937451839447021,0.31780293583869934
4149,0.5564479827880859,0.23912599682807922,0.3173219561576843
4150,0.5575684309005737,0.23894581198692322,0.3186226189136505
4151,0.5580586194992065,0.23925712704658508,0.3188014626502991
4152,0.556433379650116,0.23881247639656067,0.3176209032535553
4153,0.5552561283111572,0.2389323115348816,0.316323846578598
4154,0.5563576221466064,0.23901623487472534,0.3173413574695587
4155,0.5572534799575806,0.23858940601348877,0.3186640441417694
4156,0.5558112859725952,0.23891206085681915,0.31689921021461487
4157,0.5543062686920166,0.23869577050209045,0.31561052799224854
4158,0.5550971031188965,0.23848894238471985,0.31660816073417664
4159,0.5562063455581665,0.2388036996126175,0.3174026608467102
4160,0.5551706552505493,0.23838156461715698,0.3167891204357147
4161,0.5536043643951416,0.23846860229969025,0.31513574719429016
4162,0.5539343953132629,0.23857344686985016,0.315360963344574
4163,0.5549405813217163,0.2381511628627777,0.3167894184589386
4164,0.5543685555458069,0.23844608664512634,0.31592246890068054
4165,0.5530598163604736,0.23826240003108978,0.31479743123054504
4166,0.5529912710189819,0.2380380630493164,0.3149532079696655
4167,0.5536075234413147,0.23834483325481415,0.31526267528533936
4168,0.5533217787742615,0.23795118927955627,0.3153705894947052
4169,0.552505373954773,0.2380092442035675,0.31449612975120544
4170,0.5522960424423218,0.23812758922576904,0.3141684830188751
4171,0.5523786544799805,0.23771384358406067,0.3146648108959198
4172,0.5520702600479126,0.23798434436321259,0.3140859305858612
4173,0.5517678260803223,0.23782412707805634,0.3139437139034271
4174,0.5517520904541016,0.23759129643440247,0.3141607642173767
4175,0.5514096021652222,0.23788823187351227,0.3135213851928711
4176,0.5507644414901733,0.2375137209892273,0.31325075030326843
4177,0.5507475137710571,0.23755750060081482,0.3131900429725647
4178,0.5511614084243774,0.23767755925655365,0.313483864068985
4179,0.5507104396820068,0.2372756004333496,0.31343480944633484
4180,0.5496137738227844,0.23753128945827484,0.3120824992656708
4181,0.5495103597640991,0.2373773753643036,0.3121330142021179
4182,0.5503305792808533,0.23715117573738098,0.3131794035434723
4183,0.5501520037651062,0.23743288218975067,0.31271910667419434
4184,0.5487600564956665,0.23707008361816406,0.31168997287750244
4185,0.5482535362243652,0.23711389303207397,0.31113967299461365
4186,0.5492016673088074,0.23722174763679504,0.31197991967201233
4187,0.5494940280914307,0.2368374466896057,0.31265655159950256
4188,0.5481756329536438,0.23708459734916687,0.31109103560447693
4189,0.5472042560577393,0.23692378401756287,0.3102804720401764
4190,0.5478917360305786,0.2367146909236908,0.3111770749092102
4191,0.5485655069351196,0.23697948455810547,0.31158605217933655
4192,0.5476572513580322,0.23662026226520538,0.31103697419166565
4193,0.5464656352996826,0.23667624592781067,0.30978935956954956
4194,0.5466575026512146,0.2367628514766693,0.3098946511745453
4195,0.5473582744598389,0.23639340698719025,0.3109648823738098
4196,0.5469496250152588,0.23664408922195435,0.31030550599098206
4197,0.5459176898002625,0.23646236956119537,0.30945533514022827
4198,0.5457048416137695,0.23627963662147522,0.3094252347946167
4199,0.5461003184318542,0.2365313470363617,0.30956897139549255
4200,0.5459356307983398,0.2361610233783722,0.30977463722229004
4201,0.545286238193512,0.23625071346759796,0.3090355396270752
4202,0.5450204014778137,0.23630017042160034,0.3087202310562134
4203,0.545055627822876,0.23594671487808228,0.3091089427471161
4204,0.5447644591331482,0.23621590435504913,0.30854853987693787
4205,0.5443606972694397,0.235987588763237,0.3083731234073639
4206,0.5443531274795532,0.2358563244342804,0.3084968030452728
4207,0.5443235039710999,0.23608309030532837,0.3082404136657715
4208,0.5437373518943787,0.23569263517856598,0.3080447316169739
4209,0.5431991815567017,0.2358415722846985,0.3073576092720032
4210,0.5434154272079468,0.23582279682159424,0.3075926601886749
4211,0.5436899065971375,0.2355097085237503,0.30818021297454834
4212,0.54304438829422,0.2357923835515976,0.30725201964378357
4213,0.5421137809753418,0.23549848794937134,0.30661529302597046
4214,0.5421757698059082,0.23545143008232117,0.30672430992126465
4215,0.5428199768066406,0.2356184422969818,0.3072015643119812
4216,0.542539119720459,0.23522841930389404,0.30731073021888733
4217,0.5413799285888672,0.23544010519981384,0.30593982338905334
4218,0.5409319400787354,0.23532609641551971,0.30560585856437683
4219,0.5415869951248169,0.23509135842323303,0.30649566650390625
4220,0.541853129863739,0.2353556752204895,0.3064974546432495
4221,0.5409237146377563,0.23500873148441315,0.3059149980545044
4222,0.5400251150131226,0.23506033420562744,0.3049647808074951
4223,0.5402554273605347,0.23513436317443848,0.3051210343837738
4224,0.5407765507698059,0.23478206992149353,0.3059944808483124
4225,0.5403674840927124,0.23503276705741882,0.3053346872329712
4226,0.5394530892372131,0.2348216027021408,0.30463147163391113
4227,0.5392062067985535,0.23469118773937225,0.30451500415802
4228,0.5395330190658569,0.2348998785018921,0.30463311076164246
4229,0.5394437909126282,0.2345304638147354,0.30491331219673157
4230,0.538835346698761,0.23467426002025604,0.30416107177734375
4231,0.5384783148765564,0.23463484644889832,0.3038434684276581
4232,0.5385250449180603,0.23435638844966888,0.3041686713695526
4233,0.5383697152137756,0.23461207747459412,0.3037576377391815
4234,0.5379054546356201,0.23431697487831116,0.30358850955963135
4235,0.537693202495575,0.23430663347244263,0.3033865690231323
4236,0.5377815961837769,0.23442229628562927,0.3033592998981476
4237,0.5375391244888306,0.23406940698623657,0.3034697473049164
4238,0.5368945598602295,0.23428481817245483,0.30260974168777466
4239,0.5366009473800659,0.23412087559700012,0.3024801015853882
4240,0.5368942022323608,0.23395612835884094,0.3029380440711975
4241,0.5369386076927185,0.23416878283023834,0.30276980996131897
4242,0.5362108945846558,0.23382142186164856,0.3023894727230072
4243,0.5354968905448914,0.23393340408802032,0.3015635013580322
4244,0.5356380939483643,0.23391655087471008,0.3017215132713318
4245,0.536090612411499,0.23363758623600006,0.30245304107666016
4246,0.5357691049575806,0.23387712240219116,0.301891952753067
4247,0.534821093082428,0.23360119760036469,0.3012199103832245
4248,0.5344052314758301,0.23358070850372314,0.30082449316978455
4249,0.5348109006881714,0.23368893563747406,0.30112195014953613
4250,0.5350323915481567,0.2333514541387558,0.30168092250823975
4251,0.5344140529632568,0.23355470597743988,0.30085936188697815
4252,0.5336383581161499,0.2333889901638031,0.3002493679523468
4253,0.5335551500320435,0.233241468667984,0.30031371116638184
4254,0.533859133720398,0.23343342542648315,0.3004257380962372
4255,0.5337108373641968,0.23309576511383057,0.3006151020526886
4256,0.5331010222434998,0.23321813344955444,0.2998828887939453
4257,0.5327156782150269,0.2331715226173401,0.2995441257953644
4258,0.532747745513916,0.23292353749275208,0.29982417821884155
4259,0.5326884388923645,0.23314934968948364,0.29953908920288086
4260,0.5322930812835693,0.23285824060440063,0.2994348406791687
4261,0.5319603085517883,0.2328798621892929,0.29908043146133423
4262,0.5319333076477051,0.23294061422348022,0.29899272322654724
4263,0.5318376421928406,0.23263031244277954,0.29920732975006104
4264,0.531377911567688,0.23284560441970825,0.2985323369503021
4265,0.530940592288971,0.23262862861156464,0.2983119785785675
4266,0.5309627056121826,0.2325480431318283,0.2984146773815155
4267,0.5311226844787598,0.23268941044807434,0.2984333038330078
4268,0.5307868123054504,0.2323567271232605,0.29843008518218994
4269,0.530071496963501,0.2325284630060196,0.2975430488586426
4270,0.5297369956970215,0.23239926993846893,0.29733771085739136
4271,0.5300050973892212,0.23223033547401428,0.2977747321128845
4272,0.5301678776741028,0.23242059350013733,0.29774728417396545
4273,0.5296476483345032,0.23209919035434723,0.29754844307899475
4274,0.5288892984390259,0.2322058379650116,0.2966834604740143
4275,0.5286860466003418,0.23216240108013153,0.2965236306190491
4276,0.528996467590332,0.2319256067276001,0.2970708906650543
4277,0.5290389060974121,0.2321358323097229,0.2969030439853668
4278,0.5284757614135742,0.23185040056705475,0.29662537574768066
4279,0.5278633236885071,0.23188504576683044,0.29597827792167664
4280,0.5277557969093323,0.23191781342029572,0.29583799839019775
4281,0.5279150009155273,0.23163551092147827,0.29627951979637146
4282,0.5277674198150635,0.23184141516685486,0.29592597484588623
4283,0.5272876024246216,0.23160439729690552,0.29568320512771606
4284,0.5269427299499512,0.23156824707984924,0.29537445306777954
4285,0.5268993377685547,0.23166164755821228,0.2952377200126648
4286,0.5268080830574036,0.23135536909103394,0.29545271396636963
4287,0.5264423489570618,0.2315417230129242,0.2949006259441376
4288,0.5260828733444214,0.23135901987552643,0.29472383856773376
4289,0.5260260701179504,0.23126094043254852,0.2947651147842407
4290,0.5260503888130188,0.23139727115631104,0.29465311765670776
4291,0.5257389545440674,0.2310827225446701,0.29465624690055847
4292,0.5251767039299011,0.23123891651630402,0.2939377725124359
4293,0.5248798131942749,0.23110713064670563,0.29377269744873047
4294,0.5250202417373657,0.23095974326133728,0.29406052827835083
4295,0.5251210927963257,0.2311241626739502,0.2939969599246979
4296,0.5247206687927246,0.23081526160240173,0.29390543699264526
4297,0.5240573287010193,0.23093917965888977,0.2931181490421295
4298,0.5237449407577515,0.23085138201713562,0.29289358854293823
4299,0.5239136815071106,0.23066699504852295,0.29324668645858765
4300,0.5240370631217957,0.2308446317911148,0.29319244623184204
4301,0.5236779451370239,0.23054790496826172,0.2931300699710846
4302,0.5230711698532104,0.2306402325630188,0.29243093729019165
4303,0.5227506160736084,0.23058873414993286,0.29216188192367554
4304,0.5228087902069092,0.2303793877363205,0.2924293875694275
4305,0.5228312611579895,0.23056258261203766,0.29226869344711304
4306,0.5225216150283813,0.23028120398521423,0.2922403812408447
4307,0.5220878720283508,0.23034615814685822,0.2917417287826538
4308,0.521865963935852,0.2303219735622406,0.29154402017593384
4309,0.5218212008476257,0.23009593784809113,0.2917252779006958
4310,0.5216494798660278,0.23027852177619934,0.2913709580898285
4311,0.5212755799293518,0.2300119251012802,0.2912636399269104
4312,0.5209735035896301,0.23005522787570953,0.2909182608127594
4313,0.5209285616874695,0.23004978895187378,0.2908787727355957
4314,0.5209228992462158,0.2298153042793274,0.29110756516456604
4315,0.5206317901611328,0.22999390959739685,0.29063788056373596
4316,0.5201147198677063,0.2297394722700119,0.2903752326965332
4317,0.5197736024856567,0.22976799309253693,0.290005624294281
4318,0.5198094844818115,0.22977307438850403,0.2900364398956299
4319,0.5199260711669922,0.2295360118150711,0.2903900444507599
4320,0.5197043418884277,0.22971020638942719,0.28999412059783936
4321,0.519150972366333,0.2294650673866272,0.2896859049797058
4322,0.518693745136261,0.22948500514030457,0.2892087399959564
4323,0.5186249017715454,0.2294946014881134,0.289130300283432
4324,0.5187414884567261,0.2292577624320984,0.2894836962223053
4325,0.5186381340026855,0.22942784428596497,0.2892102599143982
4326,0.5182210803031921,0.22918657958507538,0.28903451561927795
4327,0.5177888870239258,0.22920498251914978,0.2885838747024536
4328,0.5176082849502563,0.22921273112297058,0.28839555382728577
4329,0.5175831913948059,0.22897927463054657,0.28860393166542053
4330,0.5174362063407898,0.22914797067642212,0.2882882356643677
4331,0.5171025991439819,0.22890344262123108,0.28819912672042847
4332,0.5167983770370483,0.22892969846725464,0.2878687083721161
4333,0.5166856050491333,0.22892653942108154,0.28775909543037415
4334,0.5166319608688354,0.22870135307312012,0.28793057799339294
4335,0.516392707824707,0.2288687527179718,0.28752392530441284
4336,0.5159631967544556,0.22861605882644653,0.2873471677303314
4337,0.5156164765357971,0.22866031527519226,0.28695616126060486
4338,0.5155529975891113,0.2286362200975418,0.2869167625904083
4339,0.5156247615814209,0.22842827439308167,0.2871965169906616
4340,0.5155019760131836,0.22858953475952148,0.2869124114513397
4341,0.5150713920593262,0.2283264398574829,0.28674495220184326
4342,0.5145834684371948,0.2283942848443985,0.28618916869163513
4343,0.5143506526947021,0.22833916544914246,0.2860114574432373
4344,0.5143827795982361,0.22815921902656555,0.28622356057167053
4345,0.5143939852714539,0.22830724716186523,0.2860867381095886
4346,0.5141529440879822,0.2280386984348297,0.28611424565315247
4347,0.5137379765510559,0.22813187539577484,0.28560611605644226
4348,0.5134083032608032,0.22803932428359985,0.28536900877952576
4349,0.513279139995575,0.2278956174850464,0.28538352251052856
4350,0.513207733631134,0.2280195653438568,0.2851881682872772
4351,0.5130035877227783,0.22775207459926605,0.28525152802467346
4352,0.5126765966415405,0.22786825895309448,0.28480830788612366
4353,0.5124112367630005,0.22773635387420654,0.28467488288879395
4354,0.5123134851455688,0.22763678431510925,0.284676730632782
4355,0.5122605562210083,0.22772812843322754,0.2845323979854584
4356,0.5120457410812378,0.22747093439102173,0.28457480669021606
4357,0.5116416215896606,0.22760307788848877,0.28403857350349426
4358,0.5112520456314087,0.22743259370326996,0.28381943702697754
4359,0.5110859870910645,0.2273804396390915,0.28370553255081177
4360,0.511115550994873,0.22743076086044312,0.28368479013442993
4361,0.511098325252533,0.22719362378120422,0.28390470147132874
4362,0.5108426809310913,0.227334663271904,0.2835080027580261
4363,0.5104115605354309,0.22712935507297516,0.28328222036361694
4364,0.510041356086731,0.2271278202533722,0.2829135060310364
4365,0.5098808407783508,0.22712922096252441,0.2827516198158264
4366,0.5098467469215393,0.2269224226474762,0.2829243242740631
4367,0.5097386240959167,0.2270628809928894,0.28267574310302734
4368,0.5094708204269409,0.22682559490203857,0.28264522552490234
4369,0.509150505065918,0.22687943279743195,0.2822710871696472
4370,0.5089339017868042,0.22681915760040283,0.282114714384079
4371,0.5088338851928711,0.2266613245010376,0.2821725308895111
4372,0.5087100267410278,0.2267831265926361,0.2819269001483917
4373,0.5084385275840759,0.22652621567249298,0.28191229701042175
4374,0.5080651640892029,0.22663377225399017,0.2814314067363739
4375,0.5077656507492065,0.22649843990802765,0.2812672257423401
4376,0.5076558589935303,0.2264140248298645,0.28124186396598816
4377,0.5076596736907959,0.22648534178733826,0.28117436170578003
4378,0.5075819492340088,0.22624057531356812,0.2813413739204407
4379,0.5073035359382629,0.2263811081647873,0.28092241287231445
4380,0.5068981647491455,0.22617632150650024,0.28072184324264526
4381,0.5065537691116333,0.2261795699596405,0.2803741991519928
4382,0.5063836574554443,0.22616855800151825,0.2802150845527649
4383,0.5063251256942749,0.22597649693489075,0.28034865856170654
4384,0.5062205791473389,0.2261081337928772,0.28011244535446167
4385,0.505984902381897,0.22586488723754883,0.28011998534202576
4386,0.5056822299957275,0.22594410181045532,0.2797381579875946
4387,0.5054422616958618,0.22584068775177002,0.2796015441417694
4388,0.5053144693374634,0.22573259472846985,0.27958184480667114
4389,0.5052163600921631,0.22581136226654053,0.27940499782562256
4390,0.5050190687179565,0.22557464241981506,0.2794443964958191
4391,0.5046873092651367,0.22569411993026733,0.278993159532547
4392,0.5043250322341919,0.22551366686820984,0.27881136536598206
4393,0.504077136516571,0.22549767792224884,0.278579443693161
4394,0.503990650177002,0.2254956066608429,0.27849504351615906
4395,0.5039708018302917,0.2253071665763855,0.27866363525390625
4396,0.5038668513298035,0.225425586104393,0.27844128012657166
4397,0.5036087036132812,0.22519829869270325,0.2784103751182556
4398,0.503262996673584,0.22526398301124573,0.27799901366233826
4399,0.5029616355895996,0.22516591846942902,0.2777957320213318
4400,0.5027759075164795,0.22505980730056763,0.27771613001823425
4401,0.502660870552063,0.22513249516487122,0.2775283753871918
4402,0.5025076866149902,0.22490054368972778,0.27760717272758484
4403,0.502255916595459,0.22502347826957703,0.27723246812820435
4404,0.5019503831863403,0.22482937574386597,0.277120977640152
4405,0.5016994476318359,0.22483690083026886,0.2768625319004059
4406,0.5015678405761719,0.22480660676956177,0.2767612338066101
4407,0.50151526927948,0.2246403843164444,0.2768748700618744
4408,0.5014272332191467,0.22475123405456543,0.2766759991645813
4409,0.5012144446372986,0.22450877726078033,0.27670568227767944
4410,0.5008865594863892,0.2246149182319641,0.27627167105674744
4411,0.5005413293838501,0.2244568169116974,0.2760845124721527
4412,0.5002815127372742,0.22442002594470978,0.2758615016937256
4413,0.5001302361488342,0.22442977130413055,0.27570047974586487
4414,0.5000215768814087,0.22423861920833588,0.275782972574234
4415,0.4998634457588196,0.22435452044010162,0.27550891041755676
4416,0.4996195137500763,0.22412732243537903,0.27549219131469727
4417,0.4993376135826111,0.2242024540901184,0.2751351594924927
4418,0.4991036653518677,0.22408248484134674,0.27502119541168213
4419,0.4989676773548126,0.2240104079246521,0.2749572694301605
4420,0.49889570474624634,0.22404494881629944,0.2748507559299469
4421,0.4988006353378296,0.22384491562843323,0.27495571970939636
4422,0.4986073076725006,0.22395291924476624,0.2746543884277344
4423,0.49831217527389526,0.2237481027841568,0.27456408739089966
4424,0.49798375368118286,0.22379152476787567,0.2741922438144684
4425,0.497709184885025,0.22370564937591553,0.2740035355091095
4426,0.4975234568119049,0.22360196709632874,0.27392148971557617
4427,0.4973934590816498,0.22366085648536682,0.27373260259628296
4428,0.4972439706325531,0.2234453558921814,0.2737986147403717
4429,0.4970219135284424,0.22356103360652924,0.27346086502075195
4430,0.4967358410358429,0.22335416078567505,0.27338168025016785
4431,0.4964495003223419,0.22339674830436707,0.27305275201797485
4432,0.49623167514801025,0.22331185638904572,0.27291983366012573
4433,0.4961053133010864,0.22320832312107086,0.27289700508117676
4434,0.4960315227508545,0.22326631844043732,0.27276521921157837
4435,0.4959378242492676,0.22305049002170563,0.27288734912872314
4436,0.4957710802555084,0.22316959500312805,0.27260148525238037
4437,0.4955330193042755,0.22295334935188293,0.2725796699523926
4438,0.4952741265296936,0.2230134904384613,0.2722606360912323
4439,0.4950578808784485,0.2229037880897522,0.2721540927886963
4440,0.4949142336845398,0.22283050417900085,0.27208372950553894
4441,0.494819700717926,0.22285553812980652,0.2719641625881195
4442,0.49471917748451233,0.2226695418357849,0.2720496356487274
4443,0.4945578873157501,0.22276544570922852,0.2717924416065216
4444,0.4943239092826843,0.22256365418434143,0.2717602550983429
4445,0.49405187368392944,0.22261901199817657,0.2714328467845917
4446,0.49380141496658325,0.22250625491142273,0.2712951600551605
4447,0.49361667037010193,0.22243943810462952,0.2711772322654724
4448,0.4934999644756317,0.2224603295326233,0.2710396349430084
4449,0.4934122562408447,0.22227080166339874,0.2711414694786072
4450,0.49330243468284607,0.2223832607269287,0.27091917395591736
4451,0.4931374490261078,0.2221478819847107,0.2709895670413971
4452,0.49292832612991333,0.2222544103860855,0.270673930644989
4453,0.49271872639656067,0.22207513451576233,0.27064359188079834
4454,0.49256598949432373,0.2220853567123413,0.2704806327819824
4455,0.49250367283821106,0.22202616930007935,0.2704775035381317
4456,0.49253204464912415,0.2219114899635315,0.27062055468559265
4457,0.4926217794418335,0.22196124494075775,0.27066054940223694
4458,0.4927394986152649,0.22177086770534515,0.27096861600875854
4459,0.4928796589374542,0.22185185551643372,0.2710278034210205
4460,0.4930793046951294,0.22168132662773132,0.27139797806739807
4461,0.4934123754501343,0.22169435024261475,0.27171802520751953
4462,0.4939699172973633,0.2216304987668991,0.272339403629303
4463,0.49481648206710815,0.22151286900043488,0.2733036279678345
4464,0.4959937334060669,0.22158440947532654,0.27440932393074036
4465,0.4974500238895416,0.22134807705879211,0.2761019468307495
4466,0.4991370439529419,0.2215029001235962,0.2776341438293457
4467,0.5008580684661865,0.22123786807060242,0.2796202003955841
4468,0.5024682879447937,0.2213568538427353,0.2811114192008972
4469,0.5036108493804932,0.22119686007499695,0.2824140191078186
4470,0.5040438175201416,0.22114771604537964,0.28289610147476196
4471,0.5033713579177856,0.22119629383087158,0.28217509388923645
4472,0.5014123916625977,0.22092804312705994,0.2804843783378601
4473,0.49819236993789673,0.22116033732891083,0.2770320177078247
4474,0.4942091405391693,0.22078511118888855,0.27342402935028076
4475,0.4904152750968933,0.22101452946662903,0.2694007456302643
4476,0.4879162013530731,0.22075939178466797,0.26715680956840515
4477,0.48750120401382446,0.2207726687192917,0.26672855019569397
4478,0.48924684524536133,0.2207898646593094,0.26845696568489075
4479,0.4924681484699249,0.22053584456443787,0.27193230390548706
4480,0.49597057700157166,0.2207646369934082,0.27520594000816345
4481,0.4984422028064728,0.22040188312530518,0.2780403196811676
4482,0.4989265203475952,0.22060906887054443,0.2783174514770508
4483,0.4971988797187805,0.22039635479450226,0.27680253982543945
4484,0.4938586950302124,0.22034952044487,0.2735091745853424
4485,0.49012747406959534,0.22043311595916748,0.26969435811042786
4486,0.4872458279132843,0.22011759877204895,0.26712822914123535
4487,0.48613572120666504,0.22037512063980103,0.265760600566864
4488,0.487076997756958,0.2200259119272232,0.267051100730896
4489,0.4896576404571533,0.22017544507980347,0.26948219537734985
4490,0.492837131023407,0.22005502879619598,0.2727821171283722
4491,0.4951687455177307,0.21991299092769623,0.2752557694911957
4492,0.4953703284263611,0.220073863863945,0.27529647946357727
4493,0.4928756356239319,0.2197277694940567,0.273147851228714
4494,0.48869788646698,0.2199503630399704,0.2687475383281708
4495,0.4849223792552948,0.21969851851463318,0.2652238607406616
4496,0.4836164116859436,0.21969467401504517,0.26392173767089844
4497,0.4853634834289551,0.21974200010299683,0.26562148332595825
4498,0.4889228343963623,0.21946196258068085,0.26946088671684265
4499,0.49205824732780457,0.21969178318977356,0.272366464138031
4500,0.49279627203941345,0.21938380599021912,0.27341246604919434
4501,0.49078047275543213,0.2194654494524002,0.2713150382041931
4502,0.4872669577598572,0.2194426953792572,0.2678242623806
4503,0.4843203127384186,0.21916630864143372,0.26515400409698486
4504,0.48330554366111755,0.21946612000465393,0.2638394236564636
4505,0.4842621386051178,0.21900293231010437,0.2652592062950134
4506,0.4862724840641022,0.21929320693016052,0.26697927713394165
4507,0.48815298080444336,0.21905547380447388,0.2690975069999695
4508,0.48905685544013977,0.21895289421081543,0.27010396122932434
4509,0.48853689432144165,0.2191847860813141,0.26935210824012756
4510,0.4866168200969696,0.21865567564964294,0.26796114444732666
4511,0.4839492440223694,0.2191467434167862,0.264802485704422
4512,0.48181140422821045,0.21860630810260773,0.26320508122444153
4513,0.48156771063804626,0.21884256601333618,0.2627251446247101
4514,0.4835532307624817,0.21876682341098785,0.26478639245033264
4515,0.48651742935180664,0.21844717860221863,0.268070250749588
4516,0.48823046684265137,0.2188776731491089,0.2693527936935425
4517,0.4870283305644989,0.21823737025260925,0.26879096031188965
4518,0.4834187626838684,0.21870805323123932,0.2647106945514679
4519,0.47992441058158875,0.2183230221271515,0.26160138845443726
4520,0.47913405299186707,0.21830374002456665,0.2608303129673004
4521,0.48142001032829285,0.2185058891773224,0.26291412115097046
4522,0.4846755862236023,0.21796995401382446,0.26670563220977783
4523,0.48615092039108276,0.21847935020923615,0.2676715552806854
4524,0.4846726059913635,0.21793998777866364,0.2667326033115387
4525,0.48160749673843384,0.21814537048339844,0.2634621262550354
4526,0.4793895483016968,0.21813063323497772,0.26125892996788025
4527,0.47929519414901733,0.21774077415466309,0.26155441999435425
4528,0.4806187152862549,0.21820978820323944,0.26240891218185425
4529,0.4817931652069092,0.21759064495563507,0.2642025053501129
4530,0.4820061922073364,0.2179637998342514,0.2640424072742462
4531,0.4815901517868042,0.2177448868751526,0.2638452649116516
4532,0.4811581075191498,0.21753263473510742,0.26362547278404236
4533,0.48065492510795593,0.21791431307792664,0.2627406120300293
4534,0.4795837104320526,0.21726730465888977,0.26231640577316284
4535,0.47818636894226074,0.2177782952785492,0.26040807366371155
4536,0.4775906205177307,0.21734391152858734,0.26024672389030457
4537,0.47866958379745483,0.21736064553260803,0.2613089382648468
4538,0.4807468056678772,0.21756094694137573,0.26318585872650146
4539,0.48177820444107056,0.2169979214668274,0.26478028297424316
4540,0.4803152084350586,0.21755321323871613,0.26276201009750366
4541,0.4771249294281006,0.216966450214386,0.2601584792137146
4542,0.47488975524902344,0.21719971299171448,0.25769004225730896
4543,0.4755510091781616,0.21717698872089386,0.25837400555610657
4544,0.4783559739589691,0.21677523851394653,0.2615807354450226
4545,0.48054543137550354,0.2172689437866211,0.26327648758888245
4546,0.4799046814441681,0.21662825345993042,0.26327642798423767
4547,0.47699421644210815,0.21701161563396454,0.2599825859069824
4548,0.47443604469299316,0.2167990803718567,0.2576369643211365
4549,0.47431817650794983,0.2165692150592804,0.25774896144866943
4550,0.4761737287044525,0.2169669270515442,0.2592068016529083
4551,0.4777618646621704,0.21631868183612823,0.261443167924881
4552,0.4775172472000122,0.2168087363243103,0.2607085108757019
4553,0.4759138524532318,0.2164204716682434,0.2594933807849884
4554,0.4747081398963928,0.21637116372585297,0.25833699107170105
4555,0.47479158639907837,0.21664224565029144,0.2581493556499481
4556,0.47536176443099976,0.21602323651313782,0.25933852791786194
4557,0.47517088055610657,0.2166033387184143,0.25856754183769226
4558,0.4741685688495636,0.21603462100028992,0.2581339478492737
4559,0.47358405590057373,0.21620750427246094,0.2573765516281128
4560,0.47426313161849976,0.21627363562583923,0.2579894959926605
4561,0.47543543577194214,0.21576879918575287,0.25966665148735046
4562,0.47541379928588867,0.21635407209396362,0.25905972719192505
4563,0.47357356548309326,0.21565620601177216,0.2579173445701599
4564,0.47141385078430176,0.21605396270751953,0.2553598880767822
4565,0.4710591733455658,0.2158736288547516,0.2551855444908142
4566,0.47289854288101196,0.21557925641536713,0.25731930136680603
4567,0.47498708963394165,0.21605253219604492,0.25893455743789673
4568,0.47495073080062866,0.21533411741256714,0.2596166133880615
4569,0.47253596782684326,0.21586737036705017,0.2566685974597931
4570,0.4699461758136749,0.21546924114227295,0.254476934671402
4571,0.46957650780677795,0.2154029905796051,0.25417351722717285
4572,0.4714587926864624,0.21570442616939545,0.25575435161590576
4573,0.4733409285545349,0.21506014466285706,0.25828078389167786
4574,0.47315311431884766,0.21564261615276337,0.2575105130672455
4575,0.471112459897995,0.21509689092636108,0.2560155689716339
4576,0.46936720609664917,0.21522702276706696,0.2541401982307434
4577,0.4694790244102478,0.21534353494644165,0.25413548946380615
4578,0.470771849155426,0.21481038630008698,0.25596144795417786
4579,0.47134023904800415,0.21538691222667694,0.255953311920166
4580,0.47033029794692993,0.21474061906337738,0.25558969378471375
4581,0.4689018130302429,0.21504750847816467,0.25385430455207825
4582,0.4687148332595825,0.21496783196926117,0.25374698638916016
4583,0.46986377239227295,0.21458670496940613,0.2552770674228668
4584,0.47070831060409546,0.21510295569896698,0.2556053400039673
4585,0.46980130672454834,0.2144031971693039,0.25539812445640564
4586,0.4677429795265198,0.21486340463161469,0.2528795897960663
4587,0.4665846526622772,0.21457761526107788,0.25200703740119934
4588,0.46752893924713135,0.21439725160598755,0.2531316876411438
4589,0.46948856115341187,0.21478213369846344,0.2547064423561096
4590,0.47017714381217957,0.2141055166721344,0.25607162714004517
4591,0.4686243534088135,0.21465665102005005,0.2539677023887634
4592,0.4662132263183594,0.21418677270412445,0.25202643871307373
4593,0.46523818373680115,0.2142217755317688,0.25101640820503235
4594,0.4663999378681183,0.21442028880119324,0.25197964906692505
4595,0.4681512713432312,0.21384693682193756,0.25430431962013245
4596,0.4684687852859497,0.21441464126110077,0.25405412912368774
4597,0.4669763445854187,0.21382050216197968,0.25315582752227783
4598,0.4652601480484009,0.21405154466629028,0.2512086033821106
4599,0.4649607241153717,0.21403983235359192,0.2509208917617798
4600,0.46599456667900085,0.21362048387527466,0.2523740828037262
4601,0.46677860617637634,0.21413326263427734,0.252645343542099
4602,0.4661348760128021,0.21347936987876892,0.2526555061340332
4603,0.46466368436813354,0.21387149393558502,0.2507922053337097
4604,0.4639686346054077,0.21365192532539368,0.25031670928001404
4605,0.4647541046142578,0.21342605352401733,0.2513280510902405
4606,0.465950608253479,0.21381519734859467,0.25213539600372314
4607,0.4658932685852051,0.21317143738269806,0.2527218163013458
4608,0.4642643332481384,0.21366290748119354,0.2506014108657837
4609,0.4625304341316223,0.21326322853565216,0.24926720559597015
4610,0.46237993240356445,0.2132464349269867,0.24913351237773895
4611,0.4638357162475586,0.2134672999382019,0.2503684163093567
4612,0.4652036428451538,0.21290946006774902,0.2522941827774048
4613,0.4648715555667877,0.21342754364013672,0.251444011926651
4614,0.4630017876625061,0.21289871633052826,0.25010308623313904
4615,0.46137136220932007,0.21306481957435608,0.24830655753612518
4616,0.4614148437976837,0.2130991518497467,0.248315691947937
4617,0.4627251923084259,0.21266630291938782,0.2500588893890381
4618,0.4636082947254181,0.21315845847129822,0.2504498362541199
4619,0.46296125650405884,0.21255119144916534,0.2504100799560547
4620,0.46143972873687744,0.21288324892520905,0.2485564798116684
4621,0.4606238007545471,0.21272113919258118,0.24790264666080475
4622,0.46120965480804443,0.21245546638965607,0.24875417351722717
4623,0.46224507689476013,0.21286270022392273,0.2493823766708374
4624,0.46223893761634827,0.2122250199317932,0.25001391768455505
4625,0.4608910083770752,0.21269550919532776,0.24819548428058624
4626,0.459438681602478,0.21232075989246368,0.24711792171001434
4627,0.4593098759651184,0.21228033304214478,0.24702952802181244
4628,0.4605253040790558,0.21251468360424042,0.24801062047481537
4629,0.4616459608078003,0.211946040391922,0.2496999204158783
4630,0.4613087773323059,0.21247495710849762,0.2488338202238083
4631,0.45964720845222473,0.21192756295204163,0.2477196455001831
4632,0.458169162273407,0.2121274471282959,0.2460417002439499
4633,0.45813149213790894,0.21211978793144226,0.24601168930530548
4634,0.4592664837837219,0.21172988414764404,0.24753659963607788
4635,0.4601442217826843,0.21219591796398163,0.2479483187198639
4636,0.4597030282020569,0.21158111095428467,0.2481219321489334
4637,0.45834821462631226,0.21195904910564423,0.24638915061950684
4638,0.45741093158721924,0.21170972287654877,0.24570120871067047
4639,0.4576950669288635,0.21155163645744324,0.2461434304714203
4640,0.4586159288883209,0.2118559330701828,0.24675999581813812
4641,0.45887792110443115,0.21128970384597778,0.24758823215961456
4642,0.4579119384288788,0.2117459625005722,0.24616597592830658
4643,0.4565048813819885,0.21132193505764008,0.24518296122550964
4644,0.4559735655784607,0.21138472855091095,0.24458882212638855
4645,0.456743061542511,0.2114856243133545,0.2452574521303177
4646,0.457886666059494,0.2110443264245987,0.24684233963489532
4647,0.4580751955509186,0.21148590743541718,0.2465892881155014
4648,0.45692145824432373,0.2109646499156952,0.24595679342746735
4649,0.4553954303264618,0.2112056314945221,0.2441897988319397
4650,0.45479997992515564,0.2111061066389084,0.24369387328624725
4651,0.455452024936676,0.2108260989189148,0.24462592601776123
4652,0.4564104676246643,0.21119502186775208,0.24521546065807343
4653,0.45649242401123047,0.21063002943992615,0.24586240947246552
4654,0.45549607276916504,0.21101851761341095,0.2444775551557541
4655,0.4543495774269104,0.2107057422399521,0.2436438351869583
4656,0.4541166424751282,0.21064336597919464,0.24347329139709473
4657,0.454860121011734,0.2108592689037323,0.2440008521080017
4658,0.45558980107307434,0.21033981442451477,0.24524998664855957
4659,0.4553084969520569,0.21081611514091492,0.24449238181114197
4660,0.45403632521629333,0.21030040085315704,0.2437359243631363
4661,0.45282137393951416,0.21050474047660828,0.24231664836406708
4662,0.45266658067703247,0.21045036613941193,0.24221622943878174
4663,0.4535330533981323,0.21012866497039795,0.24340438842773438
4664,0.4544050693511963,0.21052846312522888,0.2438765913248062
4665,0.4542973041534424,0.20994704961776733,0.24435025453567505
4666,0.4532216787338257,0.21034851670265198,0.2428731620311737
4667,0.4521089494228363,0.2100186049938202,0.2420903444290161
4668,0.45186761021614075,0.20998471975326538,0.24188289046287537
4669,0.45248299837112427,0.21015490591526031,0.24232807755470276
4670,0.4530733823776245,0.2096879929304123,0.2433854043483734
4671,0.4528045654296875,0.21011187136173248,0.24269269406795502
4672,0.4517207741737366,0.2096327841281891,0.2420879751443863
4673,0.4507109820842743,0.20982985198497772,0.24088113009929657
4674,0.45061373710632324,0.2097521871328354,0.24086154997348785
4675,0.4513886272907257,0.20948445796966553,0.24190416932106018
4676,0.45216307044029236,0.20981016755104065,0.2423529028892517
4677,0.4520608186721802,0.20930571854114532,0.24275508522987366
4678,0.45103883743286133,0.20963925123214722,0.2413996011018753
4679,0.4498983323574066,0.20935600996017456,0.24054232239723206
4680,0.4495152235031128,0.20929895341396332,0.24021628499031067
4681,0.4500000774860382,0.20947274565696716,0.24052733182907104
4682,0.45062893629074097,0.20901307463645935,0.24161584675312042
4683,0.4505764842033386,0.20943082869052887,0.24114564061164856
4684,0.4497026205062866,0.20894867181777954,0.2407539337873459
4685,0.44868409633636475,0.20916014909744263,0.23952393233776093
4686,0.44834470748901367,0.20906078815460205,0.23928393423557281
4687,0.4488731026649475,0.2088095247745514,0.24006356298923492
4688,0.44965142011642456,0.2091400921344757,0.24051132798194885
4689,0.44983160495758057,0.20859673619270325,0.24123485386371613
4690,0.4491231441497803,0.20901083946228027,0.2401123046875
4691,0.4480249881744385,0.2086072713136673,0.23941773176193237
4692,0.4473631680011749,0.20869407057762146,0.23866909742355347
4693,0.447520911693573,0.20872367918491364,0.23879721760749817
4694,0.448111355304718,0.2083795666694641,0.2397317886352539
4695,0.4483659863471985,0.20873746275901794,0.23962852358818054
4696,0.4478432536125183,0.20824582874774933,0.23959743976593018
4697,0.4468364417552948,0.20853957533836365,0.23829686641693115
4698,0.44609320163726807,0.2083010971546173,0.23779211938381195
4699,0.4461335837841034,0.20821616053581238,0.23791742324829102
4700,0.4467858672142029,0.2083844393491745,0.23840144276618958
4701,0.4473503828048706,0.20796425640583038,0.23938612639904022
4702,0.4472254514694214,0.20831704139709473,0.23890839517116547
4703,0.4464161992073059,0.2079094797372818,0.2385067194700241
4704,0.4455251693725586,0.2080572545528412,0.2374678999185562
4705,0.4451984763145447,0.20799872279167175,0.23719975352287292
4706,0.4455551207065582,0.20773492753505707,0.23782019317150116
4707,0.4461011290550232,0.20805202424526215,0.23804908990859985
4708,0.4461698830127716,0.2075333595275879,0.23863652348518372
4709,0.4455140233039856,0.20792549848556519,0.23758850991725922
4710,0.4445037245750427,0.20752859115600586,0.23697511851787567
4711,0.4438071548938751,0.20763321220874786,0.23617394268512726
4712,0.44381070137023926,0.20762643218040466,0.2361842542886734
4713,0.4443061947822571,0.20732703804969788,0.2369791716337204
4714,0.4446892738342285,0.2076476663351059,0.23704159259796143
4715,0.44447511434555054,0.20716404914855957,0.23731105029582977
4716,0.44370436668395996,0.2074865698814392,0.23621781170368195
4717,0.44289281964302063,0.20717841386795044,0.2357144057750702
4718,0.44259047508239746,0.20719321072101593,0.23539726436138153
4719,0.4429239332675934,0.20725585520267487,0.23566807806491852
4720,0.4435051381587982,0.2069239765405655,0.23658116161823273
4721,0.4437614679336548,0.20723296701908112,0.23652851581573486
4722,0.44339531660079956,0.2068071961402893,0.23658812046051025
4723,0.44262778759002686,0.20703324675559998,0.23559452593326569
4724,0.44200262427330017,0.20684701204299927,0.2351556122303009
4725,0.4419444799423218,0.20672819018363953,0.23521630465984344
4726,0.44241952896118164,0.20692245662212372,0.23549705743789673
4727,0.44297128915786743,0.20647041499614716,0.23650088906288147
4728,0.44310498237609863,0.2068844586610794,0.23622052371501923
4729,0.4426587224006653,0.20636847615242004,0.23629026114940643
4730,0.44195276498794556,0.20667749643325806,0.2352752834558487
4731,0.441501647233963,0.20640715956687927,0.23509448766708374
4732,0.44163334369659424,0.20638211071491241,0.23525124788284302
4733,0.44222524762153625,0.20646333694458008,0.23576191067695618
4734,0.44282039999961853,0.2061460316181183,0.23667436838150024
4735,0.44298213720321655,0.20640143752098083,0.23658069968223572
4736,0.44262462854385376,0.20606669783592224,0.23655793070793152
4737,0.44210612773895264,0.20617541670799255,0.2359306961297989
4738,0.441938579082489,0.2061217874288559,0.23581679165363312
4739,0.4423835277557373,0.2058698982000351,0.2365136295557022
4740,0.4432641267776489,0.2061847746372223,0.23707936704158783
4741,0.44404101371765137,0.2056329846382141,0.23840801417827606
4742,0.44429922103881836,0.2061193585395813,0.23817987740039825
4743,0.4439404010772705,0.2055598795413971,0.23838050663471222
4744,0.4433797001838684,0.20588555932044983,0.23749414086341858
4745,0.4430669844150543,0.20562201738357544,0.23744496703147888
4746,0.44322842359542847,0.2055734097957611,0.23765502870082855
4747,0.44357073307037354,0.2056865245103836,0.23788419365882874
4748,0.44352173805236816,0.20533791184425354,0.23818382620811462
4749,0.44266247749328613,0.20561465620994568,0.23704780638217926
4750,0.4410823583602905,0.205274760723114,0.2358076125383377
4751,0.43938589096069336,0.20537111163139343,0.23401476442813873
4752,0.4382261633872986,0.20533816516399384,0.23288799822330475
4753,0.43781590461730957,0.20506951212882996,0.23274637758731842
4754,0.43781986832618713,0.2053738832473755,0.23244598507881165
4755,0.43767672777175903,0.204876109957695,0.23280061781406403
4756,0.4371187686920166,0.20524975657463074,0.23186899721622467
4757,0.4363839030265808,0.20486503839492798,0.23151887953281403
4758,0.4360247254371643,0.20496521890163422,0.2310594916343689
4759,0.43644246459007263,0.2049616575241089,0.23148080706596375
4760,0.4375537633895874,0.20464679598808289,0.23290695250034332
4761,0.4388360381126404,0.20500825345516205,0.23382779955863953
4762,0.43966415524482727,0.20444771647453308,0.2352164387702942
4763,0.43980133533477783,0.20488928258419037,0.23491206765174866
4764,0.4394413232803345,0.2044297605752945,0.23501157760620117
4765,0.4391200840473175,0.20461148023605347,0.23450860381126404
4766,0.4391556978225708,0.20451655983924866,0.23463915288448334
4767,0.43944138288497925,0.20430296659469604,0.2351384311914444
4768,0.4394494295120239,0.20455120503902435,0.23489823937416077
4769,0.43866029381752014,0.20411793887615204,0.2345423549413681
4770,0.4370565414428711,0.20441506803035736,0.23264145851135254
4771,0.43518930673599243,0.2041146606206894,0.23107466101646423
4772,0.4338410794734955,0.20413002371788025,0.22971105575561523
4773,0.4334335923194885,0.2041957676410675,0.22923782467842102
4774,0.4337577521800995,0.20384421944618225,0.22991353273391724
4775,0.4342110753059387,0.20419086515903473,0.2300201952457428
4776,0.43430542945861816,0.2037070393562317,0.23059839010238647
4777,0.43405401706695557,0.2040046751499176,0.23004932701587677
4778,0.4339112639427185,0.20374678075313568,0.23016448318958282
4779,0.43436965346336365,0.2036873996257782,0.23068225383758545
4780,0.4355021119117737,0.20384922623634338,0.2316528856754303
4781,0.4368061125278473,0.20339475572109222,0.23341135680675507
4782,0.4375813901424408,0.2038465142250061,0.2337348759174347
4783,0.4373154640197754,0.20326541364192963,0.23405003547668457
4784,0.43619251251220703,0.20364847779273987,0.23254403471946716
4785,0.4348086714744568,0.20331647992134094,0.23149217665195465
4786,0.43383821845054626,0.20331759750843048,0.23052062094211578
4787,0.4334365129470825,0.2034216821193695,0.23001481592655182
4788,0.43321260809898376,0.2030242532491684,0.23018835484981537
4789,0.43262913823127747,0.2034073919057846,0.22922174632549286
4790,0.43152326345443726,0.20290915668010712,0.22861412167549133
4791,0.4303411841392517,0.20319890975952148,0.22714227437973022
4792,0.42979419231414795,0.20296496152877808,0.22682923078536987
4793,0.430300235748291,0.20288196206092834,0.22741828858852386
4794,0.4316273331642151,0.20304502546787262,0.22858232259750366
4795,0.4330400228500366,0.20262783765792847,0.23041220009326935
4796,0.43381643295288086,0.20298641920089722,0.23082999885082245
4797,0.4337080717086792,0.20255489647388458,0.23115316033363342
4798,0.43311166763305664,0.20273862779140472,0.23037302494049072
4799,0.43266981840133667,0.2026398628950119,0.23002995550632477
4800,0.4326993227005005,0.2024063616991043,0.23029296100139618
4801,0.43292248249053955,0.20272311568260193,0.23019936680793762
4802,0.43264055252075195,0.20216943323612213,0.23047113418579102
4803,0.43146032094955444,0.20263582468032837,0.22882448136806488
4804,0.42961883544921875,0.2021336704492569,0.22748515009880066
4805,0.42796021699905396,0.20234990119934082,0.22561033070087433
4806,0.4272598922252655,0.2022409737110138,0.2250189185142517
4807,0.4276827871799469,0.2020040601491928,0.2256787270307541
4808,0.42869800329208374,0.202318474650383,0.22637952864170074
4809,0.42952001094818115,0.20178060233592987,0.22773940861225128
4810,0.4297112226486206,0.20221903920173645,0.22749218344688416
4811,0.4294247627258301,0.20175640285015106,0.2276683747768402
4812,0.42924273014068604,0.20193657279014587,0.22730614244937897
4813,0.42959263920783997,0.20185549557209015,0.22773714363574982
4814,0.4303814470767975,0.2016085982322693,0.2287728488445282
4815,0.4309863746166229,0.20190879702568054,0.22907757759094238
4816,0.43070295453071594,0.20140722393989563,0.2292957305908203
4817,0.4293593168258667,0.2017810195684433,0.2275783121585846
4818,0.42748114466667175,0.2014063447713852,0.22607479989528656
4819,0.4259852170944214,0.2014814019203186,0.22450381517410278
4820,0.42547357082366943,0.20151175558567047,0.22396183013916016
4821,0.42582082748413086,0.20116636157035828,0.22465446591377258
4822,0.4263620376586914,0.2015390396118164,0.224822998046875
4823,0.426462858915329,0.20100383460521698,0.225459024310112
4824,0.4260401725769043,0.2013702541589737,0.2246699333190918
4825,0.42557913064956665,0.20103654265403748,0.22454257309436798
4826,0.42571210861206055,0.20104634761810303,0.2246657758951187
4827,0.4266432523727417,0.20115287601947784,0.22549039125442505
4828,0.4279084801673889,0.20073202252388,0.22717644274234772
4829,0.42871230840682983,0.20117221772670746,0.22754007577896118
4830,0.428427517414093,0.20058400928974152,0.2278435081243515
4831,0.4271758496761322,0.2009872943162918,0.2261885553598404
4832,0.42563024163246155,0.20063114166259766,0.2249990999698639
4833,0.4246048927307129,0.2006511092185974,0.22395378351211548
4834,0.42437744140625,0.20074768364429474,0.22362975776195526
4835,0.42455658316612244,0.200340136885643,0.22421644628047943
4836,0.42446762323379517,0.20075282454490662,0.22371479868888855
4837,0.42374926805496216,0.20020824670791626,0.2235410362482071
4838,0.42270469665527344,0.20055556297302246,0.22214913368225098
4839,0.4220494329929352,0.20026230812072754,0.22178712487220764
4840,0.42233961820602417,0.2002285122871399,0.22211112082004547
4841,0.42350783944129944,0.2003629058599472,0.22314493358135223
4842,0.4248785376548767,0.19994428753852844,0.22493426501750946
4843,0.42564529180526733,0.20033852756023407,0.22530674934387207
4844,0.4254035949707031,0.1998404860496521,0.22556312382221222
4845,0.42446887493133545,0.2001161128282547,0.22435274720191956
4846,0.423572838306427,0.19991463422775269,0.22365820407867432
4847,0.4232867658138275,0.1997775137424469,0.22350925207138062
4848,0.4235481023788452,0.20001772046089172,0.2235303819179535
4849,0.4237068295478821,0.19950290024280548,0.2242039442062378
4850,0.4231434464454651,0.19997325539588928,0.2231701910495758
4851,0.42176350951194763,0.19942328333854675,0.22234022617340088
4852,0.4201847314834595,0.1997230052947998,0.22046171128749847
4853,0.41924232244491577,0.19951409101486206,0.2197282314300537
4854,0.41937780380249023,0.19937533140182495,0.22000247240066528
4855,0.420318067073822,0.19961637258529663,0.2207016795873642
4856,0.421309232711792,0.19910946488380432,0.22219975292682648
4857,0.4216962456703186,0.19956545531749725,0.22213077545166016
4858,0.42135533690452576,0.19903503358364105,0.2223203033208847
4859,0.42077451944351196,0.19931866228580475,0.22145585715770721
4860,0.4205862283706665,0.19911690056324005,0.22146932780742645
4861,0.4210866093635559,0.19898173213005066,0.22210487723350525
4862,0.42194902896881104,0.1992042064666748,0.22274483740329742
4863,0.42244428396224976,0.19872704148292542,0.22371722757816315
4864,0.42199987173080444,0.19914127886295319,0.22285860776901245
4865,0.4206259250640869,0.19866430759429932,0.2219616025686264
4866,0.4189990758895874,0.1988849937915802,0.2201140969991684
4867,0.41793251037597656,0.1987546682357788,0.21917784214019775
4868,0.41778767108917236,0.19854827225208282,0.21923941373825073
4869,0.4182313084602356,0.1988346129655838,0.2193966805934906
4870,0.41854149103164673,0.19830840826034546,0.22023309767246246
4871,0.41821664571762085,0.19874966144561768,0.21946698427200317
4872,0.4173465967178345,0.19826389849185944,0.21908271312713623
4873,0.4165504574775696,0.19847798347473145,0.21807247400283813
4874,0.416471004486084,0.19836339354515076,0.21810759603977203
4875,0.4172738790512085,0.1981397271156311,0.2191341370344162
4876,0.4185160994529724,0.19844678044319153,0.22006933391094208
4877,0.41943448781967163,0.19790029525756836,0.22153417766094208
4878,0.41952240467071533,0.1983678787946701,0.22115454077720642
4879,0.4188092052936554,0.19784921407699585,0.22095999121665955
4880,0.4178997874259949,0.1981012374162674,0.21979853510856628
4881,0.4174233675003052,0.19794012606143951,0.21948324143886566
4882,0.4176158905029297,0.19776365160942078,0.2198522537946701
4883,0.41810277104377747,0.19802092015743256,0.2200818508863449
4884,0.4181860089302063,0.19752240180969238,0.2206636220216751
4885,0.417414128780365,0.19794344902038574,0.21947069466114044
4886,0.4159287214279175,0.19747252762317657,0.2184561789035797
4887,0.4144362211227417,0.19767895340919495,0.21675725281238556
4888,0.4136660099029541,0.19756212830543518,0.21610389649868011
4889,0.41384655237197876,0.19734594225883484,0.21650062501430511
4890,0.4145614504814148,0.19763314723968506,0.21692831814289093
4891,0.4150887727737427,0.19711503386497498,0.2179737389087677
4892,0.4149492681026459,0.1975448727607727,0.21740439534187317
4893,0.41423848271369934,0.19707363843917847,0.21716484427452087
4894,0.41355186700820923,0.197275772690773,0.21627609431743622
4895,0.41350889205932617,0.19716878235340118,0.216340109705925
4896,0.4142897427082062,0.1969400942325592,0.21734964847564697
4897,0.41549450159072876,0.1972486674785614,0.21824581921100616
4898,0.41639864444732666,0.196698397397995,0.21970023214817047
4899,0.41650673747062683,0.19717422127723694,0.2193325161933899
4900,0.41580963134765625,0.19664154946804047,0.2191680669784546
4901,0.41487807035446167,0.19691607356071472,0.21796198189258575
4902,0.4143432378768921,0.19672809541225433,0.21761512756347656
4903,0.4145013689994812,0.19657844305038452,0.21792292594909668
4904,0.41503965854644775,0.19681331515312195,0.2182263284921646
4905,0.4152701199054718,0.19632600247859955,0.21894411742687225
4906,0.4146634638309479,0.19674983620643616,0.21791362762451172
4907,0.4132358431816101,0.19626091420650482,0.21697492897510529
4908,0.4116254150867462,0.19649729132652283,0.2151281237602234
4909,0.41060417890548706,0.1963454782962799,0.21425870060920715
4910,0.41052746772766113,0.19616112112998962,0.2143663465976715
4911,0.4110909700393677,0.19642701745033264,0.21466395258903503
4912,0.41158801317214966,0.19591182470321655,0.2156762033700943
4913,0.41145679354667664,0.1963585615158081,0.21509823203086853
4914,0.41067612171173096,0.1958494782447815,0.21482665836811066
4915,0.40978068113327026,0.19610492885112762,0.21367573738098145
4916,0.40944480895996094,0.1959361433982849,0.21350866556167603
4917,0.40999066829681396,0.19576728343963623,0.21422339975833893
4918,0.4111531972885132,0.1960279941558838,0.2151252031326294
4919,0.4122576415538788,0.19550548493862152,0.21675215661525726
4920,0.41272085905075073,0.19598108530044556,0.21673975884914398
4921,0.412382572889328,0.1954207420349121,0.2169618308544159
4922,0.4116846024990082,0.1957492232322693,0.2159353792667389
4923,0.4112544655799866,0.195490300655365,0.21576417982578278
4924,0.4115235209465027,0.19541655480861664,0.21610696613788605
4925,0.4123467803001404,0.1955837458372116,0.21676303446292877
4926,0.4130960702896118,0.1951410323381424,0.21795503795146942
4927,0.41310304403305054,0.19555236399173737,0.21755066514015198
4928,0.412097692489624,0.19504326581954956,0.21705441176891327
4929,0.41050851345062256,0.19532909989356995,0.2151794284582138
4930,0.40912312269210815,0.1951141357421875,0.21400897204875946
4931,0.408537894487381,0.1949908435344696,0.21354705095291138
4932,0.40870946645736694,0.19521303474903107,0.21349644660949707
4933,0.4090080261230469,0.19470950961112976,0.21429851651191711
4934,0.4087585508823395,0.19517812132835388,0.2135804295539856
4935,0.4077340066432953,0.19461412727832794,0.21311987936496735
4936,0.4063767194747925,0.19494931399822235,0.21142739057540894
4937,0.40544116497039795,0.19469013810157776,0.2107510268688202
4938,0.40544870495796204,0.19460973143577576,0.21083897352218628
4939,0.40631139278411865,0.19479656219482422,0.21151481568813324
4940,0.4074110984802246,0.1943223774433136,0.21308870613574982
4941,0.40805739164352417,0.19477784633636475,0.21327953040599823
4942,0.4079331159591675,0.19420689344406128,0.2137262225151062
4943,0.4073371887207031,0.19457140564918518,0.21276578307151794
4944,0.40689724683761597,0.1942596137523651,0.21263761818408966
4945,0.40715596079826355,0.19424647092819214,0.2129094898700714
4946,0.4081299602985382,0.19435852766036987,0.21377143263816833
4947,0.4092963933944702,0.19395561516284943,0.2153407782316208
4948,0.4099324345588684,0.19435115158557892,0.2155812829732895
4949,0.40957626700401306,0.19382941722869873,0.21574684977531433
4950,0.4084297716617584,0.19415438175201416,0.21427538990974426
4951,0.4071754217147827,0.19388256967067719,0.21329286694526672
4952,0.40651535987854004,0.19382159411907196,0.21269378066062927
4953,0.4066163897514343,0.19399185478687286,0.21262452006340027
4954,0.40696054697036743,0.19351842999458313,0.2134421020746231
4955,0.4068152904510498,0.19398726522922516,0.21282802522182465
4956,0.4057494103908539,0.1933920979499817,0.2123573124408722
4957,0.40407824516296387,0.1937830001115799,0.21029523015022278
4958,0.4025830030441284,0.19345316290855408,0.20912985503673553
4959,0.40198391675949097,0.19344419240951538,0.20853972434997559
4960,0.40240395069122314,0.19356916844844818,0.20883476734161377
4961,0.4033186733722687,0.19313615560531616,0.21018251776695251
4962,0.4039638638496399,0.19357441365718842,0.21038945019245148
4963,0.4038766920566559,0.19299738109111786,0.21087931096553802
4964,0.4032307267189026,0.19338762760162354,0.20984308421611786
4965,0.4026489555835724,0.1930387318134308,0.2096102237701416
4966,0.40276312828063965,0.19306516647338867,0.20969797670841217
4967,0.40371373295783997,0.19314250349998474,0.21057122945785522
4968,0.4050484299659729,0.19276005029678345,0.21228837966918945
4969,0.4060174822807312,0.19315192103385925,0.21286556124687195
4970,0.406046986579895,0.19261428713798523,0.2134326845407486
4971,0.4051971435546875,0.19297446310520172,0.21222269535064697
4972,0.4040759205818176,0.19265682995319366,0.21141907572746277
4973,0.40343767404556274,0.19264796376228333,0.2107897251844406
4974,0.40357816219329834,0.1927720159292221,0.21080613136291504
4975,0.4040749669075012,0.1923300325870514,0.21174491941928864
4976,0.4041712284088135,0.19278666377067566,0.21138454973697662
4977,0.40328729152679443,0.1921795755624771,0.21110773086547852
4978,0.40160059928894043,0.19260206818580627,0.20899851620197296
4979,0.39985597133636475,0.19222724437713623,0.20762871205806732
4980,0.3988949656486511,0.19226792454719543,0.2066270262002945
4981,0.399013876914978,0.19234977662563324,0.20666411519050598
4982,0.3997942805290222,0.19194631278514862,0.2078479677438736
4983,0.4004497826099396,0.19237244129180908,0.2080773413181305
4984,0.40040311217308044,0.1917876899242401,0.20861542224884033
4985,0.3997136652469635,0.19220077991485596,0.20751288533210754
4986,0.3989830017089844,0.19181905686855316,0.2071639448404312
4987,0.39891642332077026,0.19188062846660614,0.20703577995300293
4988,0.3997696042060852,0.1919286549091339,0.2078409343957901
4989,0.4011603891849518,0.191563680768013,0.20959670841693878
4990,0.40232110023498535,0.1919538974761963,0.21036720275878906
4991,0.4025799036026001,0.19140060245990753,0.21117928624153137
4992,0.4018794000148773,0.19179151952266693,0.2100878804922104
4993,0.4007728099822998,0.1914321482181549,0.2093406617641449
4994,0.40006381273269653,0.19146853685379028,0.20859526097774506
4995,0.4001639485359192,0.19155219197273254,0.20861177146434784
4996,0.4007469117641449,0.1911388337612152,0.2096080780029297
4997,0.40104132890701294,0.19158422946929932,0.20945708453655243
4998,0.40035364031791687,0.19097024202346802,0.20938339829444885
4999,0.3987361788749695,0.1914166808128357,0.20731951296329498
5000,0.39688485860824585,0.1910073608160019,0.20587751269340515
5001,0.39571747183799744,0.19108623266220093,0.2046312391757965
5002,0.39566320180892944,0.19113393127918243,0.2045292854309082
5003,0.3963954448699951,0.19075317680835724,0.20564225316047668
5004,0.39711543917655945,0.19117094576358795,0.2059444934129715
5005,0.39715227484703064,0.19057880342006683,0.2065734714269638
5006,0.39646390080451965,0.1910128891468048,0.20545101165771484
5007,0.3956203758716583,0.1906018853187561,0.20501849055290222
5008,0.3953838050365448,0.19069518148899078,0.20468862354755402
5009,0.3961118459701538,0.19071561098098755,0.20539622008800507
5010,0.3974970579147339,0.19036786258220673,0.20712919533252716
5011,0.39876508712768555,0.1907532960176468,0.20801179111003876
5012,0.399170458316803,0.1901891976594925,0.2089812457561493
5013,0.39855945110321045,0.190603569149971,0.20795589685440063
5014,0.3974321484565735,0.19021159410476685,0.20722053945064545
5015,0.39663010835647583,0.1902848780155182,0.20634523034095764
5016,0.39665722846984863,0.19033464789390564,0.2063225656747818
5017,0.3972732126712799,0.1899472028017044,0.2073260098695755
5018,0.39771512150764465,0.1903795748949051,0.20733554661273956
5019,0.39721059799194336,0.18976345658302307,0.20744715631008148
5020,0.39570072293281555,0.19022592902183533,0.20547479391098022
5021,0.39381685853004456,0.18978968262672424,0.2040271759033203
5022,0.39251595735549927,0.18990027904510498,0.20261569321155548
5023,0.3923284709453583,0.1899176985025406,0.2024107724428177
5024,0.39301633834838867,0.18955975770950317,0.2034565955400467
5025,0.3937913179397583,0.1899663805961609,0.2038249522447586
5026,0.3939145803451538,0.1893717348575592,0.2045428305864334
5027,0.3932468295097351,0.18982134759426117,0.20342549681663513
5028,0.39231470227241516,0.1893860399723053,0.20292866230010986
5029,0.3919183611869812,0.18950757384300232,0.2024107724428177
5030,0.3925052881240845,0.18950094282627106,0.20300433039665222
5031,0.3938482999801636,0.18917296826839447,0.2046753317117691
5032,0.3951933979988098,0.1895490437746048,0.20564435422420502
5033,0.3957429528236389,0.18898101150989532,0.2067619413137436
5034,0.395251989364624,0.18941277265548706,0.20583923161029816
5035,0.39415428042411804,0.1889934241771698,0.20516085624694824
5036,0.39330488443374634,0.1890999674797058,0.20420491695404053
5037,0.3932913541793823,0.18911665678024292,0.2041746973991394
5038,0.3939658999443054,0.1887548863887787,0.20521102845668793
5039,0.39458537101745605,0.18917304277420044,0.2054123431444168
5040,0.39430516958236694,0.1885557621717453,0.20574940741062164
5041,0.39293986558914185,0.18903495371341705,0.2039048969745636
5042,0.39103400707244873,0.18857082724571228,0.20246316492557526
5043,0.3895701766014099,0.1887158751487732,0.2008543163537979
5044,0.3891860246658325,0.18869949877262115,0.20048654079437256
5045,0.38975733518600464,0.18836741149425507,0.20138993859291077
5046,0.390524685382843,0.18876045942306519,0.20176421105861664
5047,0.3906814455986023,0.18816432356834412,0.20251710712909698
5048,0.38998928666114807,0.18862926959991455,0.20136001706123352
5049,0.38892239332199097,0.1881682574748993,0.20075412094593048
5050,0.38831430673599243,0.1883210986852646,0.19999319314956665
5051,0.3887135982513428,0.1882842481136322,0.20042933523654938
5052,0.3899857997894287,0.18798008561134338,0.20200571417808533
5053,0.39140695333480835,0.1883433610200882,0.20306359231472015
5054,0.39213675260543823,0.1877748817205429,0.20436187088489532
5055,0.3918362259864807,0.18822093307971954,0.20361530780792236
5056,0.3908553123474121,0.18777485191822052,0.2030804604291916
5057,0.39003893733024597,0.18791507184505463,0.20212386548519135
5058,0.3900487422943115,0.1878967583179474,0.20215198397636414
5059,0.3908405303955078,0.187563955783844,0.203276589512825
5060,0.3917115330696106,0.1879654973745346,0.203746035695076
5061,0.39174240827560425,0.18734917044639587,0.20439323782920837
5062,0.3906095623970032,0.18784427642822266,0.20276528596878052
5063,0.38873133063316345,0.1873508244752884,0.20138050615787506
5064,0.38710007071495056,0.1875327080488205,0.19956736266613007
5065,0.3864668011665344,0.18747973442077637,0.19898706674575806
5066,0.38684573769569397,0.1871757209300995,0.19967001676559448
5067,0.38752835988998413,0.18755388259887695,0.19997446238994598
5068,0.3876439332962036,0.18695686757564545,0.20068708062171936
5069,0.38684743642807007,0.1874377280473709,0.19940972328186035
5070,0.38555973768234253,0.18695101141929626,0.19860871136188507
5071,0.38466399908065796,0.1871339976787567,0.19753001630306244
5072,0.38481971621513367,0.18706931173801422,0.19775040447711945
5073,0.38598498702049255,0.1867845356464386,0.19920045137405396
5074,0.3874548077583313,0.187139093875885,0.2003156989812851
5075,0.3883354067802429,0.18656615912914276,0.20176924765110016
5076,0.3881976902484894,0.1870286762714386,0.20116901397705078
5077,0.3873286843299866,0.186557337641716,0.20077134668827057
5078,0.3865739703178406,0.18672800064086914,0.19984595477581024
5079,0.3866593539714813,0.1866798996925354,0.19997945427894592
5080,0.3876309394836426,0.18637003004550934,0.20126089453697205
5081,0.388814240694046,0.18675987422466278,0.20205436646938324
5082,0.38921919465065,0.186141699552536,0.203077495098114
5083,0.388396292924881,0.18665291368961334,0.20174337923526764
5084,0.3866422772407532,0.18613272905349731,0.20050953328609467
5085,0.3849472999572754,0.18634633719921112,0.19860097765922546
5086,0.38415321707725525,0.18626320362091064,0.1978900134563446
5087,0.384397029876709,0.18598058819770813,0.19841645658016205
5088,0.38501065969467163,0.1863504946231842,0.19866015017032623
5089,0.3850545287132263,0.1857476681470871,0.19930684566497803
5090,0.38408899307250977,0.1862460970878601,0.19784288108348846
5091,0.38250285387039185,0.18573549389839172,0.19676737487316132
5092,0.3812587857246399,0.18594138324260712,0.19531741738319397
5093,0.38114240765571594,0.1858597993850708,0.19528260827064514
5094,0.3821856379508972,0.1855822205543518,0.1966034173965454
5095,0.3836566209793091,0.18594053387641907,0.19771607220172882
5096,0.3845868706703186,0.18535524606704712,0.19923163950443268
5097,0.3844773769378662,0.18583545088768005,0.19864194095134735
5098,0.38360708951950073,0.1853443682193756,0.19826273620128632
5099,0.38286539912223816,0.18553125858306885,0.1973341405391693
5100,0.38303491473197937,0.18547144532203674,0.19756346940994263
5101,0.3841891884803772,0.18516650795936584,0.19902266561985016
5102,0.38562893867492676,0.18555966019630432,0.20006929337978363
5103,0.38630443811416626,0.18493299186229706,0.2013714462518692
5104,0.3856985867023468,0.1854584813117981,0.2002401053905487
5105,0.3840702772140503,0.18492332100868225,0.19914694130420685
5106,0.3824390769004822,0.18514925241470337,0.1972898244857788
5107,0.3816872239112854,0.18505771458148956,0.19662949442863464
5108,0.38197919726371765,0.18477529287338257,0.19720390439033508
5109,0.3826165795326233,0.1851511299610138,0.1974654644727707
5110,0.3825925290584564,0.18453839421272278,0.19805413484573364
5111,0.3814365267753601,0.1850481927394867,0.1963883489370346
5112,0.3795815706253052,0.18453159928321838,0.1950499564409256
5113,0.37810012698173523,0.1847361922264099,0.19336393475532532
5114,0.3778558373451233,0.18466490507125854,0.19319093227386475
5115,0.3788638114929199,0.1843685507774353,0.1944952756166458
5116,0.3803037405014038,0.18474790453910828,0.19555582106113434
5117,0.3811340928077698,0.18414372205734253,0.19699038565158844
5118,0.380869060754776,0.18463431298732758,0.19623474776744843
5119,0.37988799810409546,0.18414567410945892,0.19574232399463654
5120,0.37917301058769226,0.1843174248933792,0.19485558569431305
5121,0.37951231002807617,0.18428358435630798,0.19522874057292938
5122,0.38087910413742065,0.18394841253757477,0.1969306915998459
5123,0.382449746131897,0.18436980247497559,0.19807995855808258
5124,0.3831274211406708,0.18372395634651184,0.19940346479415894
5125,0.3824633061885834,0.1842540204524994,0.19820928573608398
5126,0.3808439373970032,0.18372958898544312,0.19711436331272125
5127,0.3793673515319824,0.183929443359375,0.19543792307376862
5128,0.3788769245147705,0.18387290835380554,0.19500401616096497
5129,0.3793891668319702,0.18355366587638855,0.19583550095558167
5130,0.3800610899925232,0.18396057188510895,0.19610051810741425
5131,0.37984731793403625,0.18333259224891663,0.19651472568511963
5132,0.3784020245075226,0.1838373988866806,0.19456462562084198
5133,0.3763587474822998,0.1833479106426239,0.1930108368396759
5134,0.37491321563720703,0.18350540101528168,0.19140782952308655
5135,0.37486255168914795,0.1834917962551117,0.19137074053287506
5136,0.37601789832115173,0.18313813209533691,0.19287976622581482
5137,0.3773815631866455,0.18356287479400635,0.19381868839263916
5138,0.37790846824645996,0.18293729424476624,0.19497117400169373
5139,0.37730446457862854,0.1834195852279663,0.19388487935066223
5140,0.376198410987854,0.18296903371810913,0.19322937726974487
5141,0.3756740689277649,0.18307816982269287,0.19259589910507202
5142,0.3763822913169861,0.18311823904514313,0.19326405227184296
5143,0.37801358103752136,0.18271221220493317,0.1953013688325882
5144,0.37954434752464294,0.18318676948547363,0.1963575780391693
5145,0.37991058826446533,0.18251895904541016,0.19739161431789398
5146,0.3789251446723938,0.18303540349006653,0.19588975608348846
5147,0.37726789712905884,0.18255892395973206,0.19470897316932678
5148,0.3761132061481476,0.18268494307994843,0.19342826306819916
5149,0.37609732151031494,0.18271160125732422,0.19338570535182953
5150,0.3768858313560486,0.18231703341007233,0.19456879794597626
5151,0.3774215579032898,0.18277373909950256,0.19464783370494843
5152,0.37675222754478455,0.18213531374931335,0.1946169137954712
5153,0.3748910427093506,0.18260744214057922,0.19228358566761017
5154,0.3728124797344208,0.1821906864643097,0.19062179327011108
5155,0.37174612283706665,0.18224850296974182,0.18949760496616364
5156,0.3721827268600464,0.18234078586101532,0.18984194099903107
5157,0.37352755665779114,0.18189601600170135,0.19163154065608978
5158,0.3746047019958496,0.1823769360780716,0.19222776591777802
5159,0.37455934286117554,0.1817435771226883,0.19281578063964844
5160,0.3735266327857971,0.1821819543838501,0.19134467840194702
5161,0.3724738359451294,0.1818198710680008,0.1906539797782898
5162,0.37244713306427,0.18181250989437103,0.19063463807106018
5163,0.37371060252189636,0.18197330832481384,0.19173729419708252
5164,0.37550753355026245,0.18146754801273346,0.19404000043869019
5165,0.3766706585884094,0.1820003241300583,0.19467034935951233
5166,0.37641024589538574,0.18133024871349335,0.1950799971818924
5167,0.375037282705307,0.18179142475128174,0.19324585795402527
5168,0.3735714256763458,0.18141639232635498,0.19215503334999084
5169,0.37306272983551025,0.181413933634758,0.19164881110191345
5170,0.37366926670074463,0.18156732618808746,0.19210195541381836
5171,0.37456053495407104,0.1810760349035263,0.19348448514938354
5172,0.3745872378349304,0.1815783977508545,0.19300885498523712
5173,0.3731936514377594,0.18095991015434265,0.19223374128341675
5174,0.3709884285926819,0.18134799599647522,0.18964041769504547
5175,0.36924830079078674,0.18106326460838318,0.18818503618240356
5176,0.3689388930797577,0.18096593022346497,0.18797296285629272
5177,0.3699379563331604,0.1812032163143158,0.1887347549200058
5178,0.3711831569671631,0.18065430223941803,0.19052886962890625
5179,0.3715510666370392,0.1811772584915161,0.19037380814552307
5180,0.37072136998176575,0.18057656288146973,0.19014480710029602
5181,0.36943575739860535,0.18091437220573425,0.1885213851928711
5182,0.3688598871231079,0.18070101737976074,0.18815886974334717
5183,0.36964625120162964,0.1805262565612793,0.18911999464035034
5184,0.37140244245529175,0.180836483836174,0.19056597352027893
5185,0.3729649782180786,0.1802302896976471,0.19273468852043152
5186,0.3733441233634949,0.18079349398612976,0.19255061447620392
5187,0.37237441539764404,0.18017138540744781,0.19220304489135742
5188,0.3709556460380554,0.1805158406496048,0.19043982028961182
5189,0.3701998293399811,0.18030120432376862,0.18989862501621246
5190,0.37063413858413696,0.18012744188308716,0.1905066967010498
5191,0.3717114329338074,0.18042485415935516,0.19128656387329102
5192,0.37223756313323975,0.1798497587442398,0.19238780438899994
5193,0.3713720440864563,0.18035665154457092,0.19101539254188538
5194,0.36930257081985474,0.17981939017772675,0.1894831657409668
5195,0.36721938848495483,0.180055171251297,0.18716421723365784
5196,0.36631840467453003,0.1799621731042862,0.18635624647140503
5197,0.3668605089187622,0.17967121303081512,0.18718929588794708
5198,0.3679963946342468,0.18006166815757751,0.1879347264766693
5199,0.36849498748779297,0.17943280935287476,0.18906216323375702
5200,0.3677716851234436,0.17994703352451324,0.18782463669776917
5201,0.3663230538368225,0.17944464087486267,0.18687842786312103
5202,0.365334689617157,0.17961567640304565,0.18571901321411133
5203,0.3656805753707886,0.17960034310817719,0.1860802322626114
5204,0.3672211766242981,0.1792367845773697,0.1879843771457672
5205,0.3689311146736145,0.179684579372406,0.1892465204000473
5206,0.3696644902229309,0.17902220785617828,0.19064229726791382
5207,0.36909836530685425,0.17954948544502258,0.18954886496067047
5208,0.36786335706710815,0.17904989421367645,0.1888134479522705
5209,0.36712825298309326,0.1792110800743103,0.18791715800762177
5210,0.3675580620765686,0.1791992336511612,0.1883588284254074
5211,0.36882099509239197,0.17884545028209686,0.1899755448102951
5212,0.36980992555618286,0.17925991117954254,0.19055001437664032
5213,0.36948180198669434,0.17866049706935883,0.1908213198184967
5214,0.36778417229652405,0.17909273505210876,0.18869143724441528
5215,0.36568698287010193,0.17871835827827454,0.1869686245918274
5216,0.3644735813140869,0.1787341833114624,0.1857394129037857
5217,0.36464744806289673,0.17887063324451447,0.18577682971954346
5218,0.36554795503616333,0.17838607728481293,0.1871618628501892
5219,0.36596789956092834,0.17889373004436493,0.18707416951656342
5220,0.36514773964881897,0.1782495081424713,0.18689823150634766
5221,0.3634539544582367,0.17867788672447205,0.18477606773376465
5222,0.36203426122665405,0.17834413051605225,0.183690145611763
5223,0.36189234256744385,0.17830142378807068,0.18359093368053436
5224,0.3630664348602295,0.17849379777908325,0.18457265198230743
5225,0.36462417244911194,0.1779721975326538,0.18665197491645813
5226,0.36543193459510803,0.1784917414188385,0.18694019317626953
5227,0.36500975489616394,0.17786206305027008,0.18714769184589386
5228,0.3639298677444458,0.17825990915298462,0.1856699436903
5229,0.3632725775241852,0.17796054482460022,0.18531203269958496
5230,0.3637934923171997,0.1778925210237503,0.1859009861946106
5231,0.3652721345424652,0.1780874878168106,0.1871846467256546
5232,0.366676926612854,0.17759396135807037,0.18908296525478363
5233,0.36697646975517273,0.17805077135562897,0.18892569839954376
5234,0.36590227484703064,0.1775212436914444,0.18838103115558624
5235,0.36426714062690735,0.1777856945991516,0.18648144602775574
5236,0.36325493454933167,0.17764432728290558,0.1856106072664261
5237,0.3634534776210785,0.17740781605243683,0.18604566156864166
5238,0.3643636703491211,0.17776162922382355,0.18660202622413635
5239,0.36478137969970703,0.17713797092437744,0.1876433938741684
5240,0.36390769481658936,0.1776817888021469,0.18622589111328125
5241,0.3619449734687805,0.177113339304924,0.1848316341638565
5242,0.36004823446273804,0.1773751825094223,0.18267306685447693
5243,0.3593091368675232,0.17725858092308044,0.18205054104328156
5244,0.359913170337677,0.1769939661026001,0.1829192191362381
5245,0.36102214455604553,0.1773575246334076,0.18366461992263794
5246,0.36149096488952637,0.1767539232969284,0.18473702669143677
5247,0.36082005500793457,0.17724734544754028,0.1835727095603943
5248,0.3595215380191803,0.17675408720970154,0.18276745080947876
5249,0.3587040305137634,0.1769334226846695,0.18177060782909393
5250,0.3591334819793701,0.17688868939876556,0.18224480748176575
5251,0.36062556505203247,0.17657867074012756,0.1840468943119049
5252,0.36219820380210876,0.17694920301437378,0.18524900078773499
5253,0.36281275749206543,0.17638270556926727,0.18643003702163696
5254,0.3622230291366577,0.17679741978645325,0.18542559444904327
5255,0.36112159490585327,0.17642025649547577,0.1847013235092163
5256,0.36062824726104736,0.17645810544490814,0.18417015671730042
5257,0.36132121086120605,0.17656761407852173,0.18475358188152313
5258,0.362717866897583,0.1761075258255005,0.18661034107208252
5259,0.36370500922203064,0.17660874128341675,0.1870962679386139
5260,0.36331766843795776,0.17594383656978607,0.1873738169670105
5261,0.36169111728668213,0.1764187216758728,0.18527241051197052
5262,0.3598010838031769,0.17601507902145386,0.18378600478172302
5263,0.3588131070137024,0.1760539710521698,0.1827591508626938
5264,0.35903531312942505,0.17616647481918335,0.1828688234090805
5265,0.35973161458969116,0.17571419477462769,0.18401741981506348
5266,0.3597632050514221,0.17618049681186676,0.18358269333839417
5267,0.35854554176330566,0.17558661103248596,0.1829589158296585
5268,0.35662606358528137,0.17595794796943665,0.18066811561584473
5269,0.35521823167800903,0.17567965388298035,0.17953859269618988
5270,0.3552131652832031,0.17559170722961426,0.17962144315242767
5271,0.3564456105232239,0.175808385014534,0.18063724040985107
5272,0.3578609824180603,0.1752932071685791,0.1825677901506424
5273,0.3583870530128479,0.17576999962329865,0.18261706829071045
5274,0.3577573299407959,0.17522123456001282,0.18253609538078308
5275,0.35674071311950684,0.17550382018089294,0.18123690783977509
5276,0.35646021366119385,0.17534473538398743,0.18111546337604523
5277,0.35746198892593384,0.17512695491313934,0.1823350340127945
5278,0.35925179719924927,0.1754670888185501,0.18378472328186035
5279,0.36062222719192505,0.1748506724834442,0.18577155470848083
5280,0.36070042848587036,0.17539896070957184,0.18530148267745972
5281,0.35949382185935974,0.17481186985969543,0.1846819519996643
5282,0.3580438494682312,0.17510372400283813,0.18294011056423187
5283,0.3574064075946808,0.1749497652053833,0.18245664238929749
5284,0.35788318514823914,0.17472368478775024,0.1831595003604889
5285,0.3587016463279724,0.17505507171154022,0.18364658951759338
5286,0.3586552143096924,0.17447735369205475,0.18417784571647644
5287,0.35718846321105957,0.174948051571846,0.18224041163921356
5288,0.354880154132843,0.17448043823242188,0.18039970099925995
5289,0.35308077931404114,0.1746232807636261,0.17845749855041504
5290,0.35275328159332275,0.17462748289108276,0.1781257838010788
5291,0.3537031412124634,0.17425945401191711,0.17944367229938507
5292,0.35480010509490967,0.17468886077404022,0.18011124432086945
5293,0.3549448847770691,0.1740729808807373,0.1808719038963318
5294,0.3539973199367523,0.17451849579811096,0.17947882413864136
5295,0.35284456610679626,0.17413030564785004,0.17871426045894623
5296,0.35265374183654785,0.17416127026081085,0.178492471575737
5297,0.35386109352111816,0.17428728938102722,0.17957378923892975
5298,0.355783611536026,0.1738121658563614,0.1819714456796646
5299,0.35719960927963257,0.17432035505771637,0.1828792691230774
5300,0.35723310708999634,0.17366379499435425,0.18356932699680328
5301,0.3561549186706543,0.17411503195762634,0.18203990161418915
5302,0.3549954891204834,0.1737457811832428,0.1812497228384018
5303,0.3547973334789276,0.17374561727046967,0.18105171620845795
5304,0.3556322455406189,0.17389222979545593,0.18174001574516296
5305,0.35656118392944336,0.17342063784599304,0.18314054608345032
5306,0.35640621185302734,0.17388612031936646,0.1825200766324997
5307,0.35472920536994934,0.17332147061824799,0.18140773475170135
5308,0.35235491394996643,0.17363636195659637,0.17871855199337006
5309,0.3506699800491333,0.17343688011169434,0.17723311483860016
5310,0.35049760341644287,0.17325812578201294,0.17723949253559113
5311,0.35141944885253906,0.1735605001449585,0.17785893380641937
5312,0.35220175981521606,0.1729816049337387,0.17922015488147736
5313,0.3518992066383362,0.17348629236221313,0.17841289937496185
5314,0.3506343364715576,0.17295177280902863,0.17768257856369019
5315,0.34949979186058044,0.17318129539489746,0.17631849646568298
5316,0.349584698677063,0.17309856414794922,0.17648614943027496
5317,0.35104310512542725,0.17280101776123047,0.17824207246303558
5318,0.3529658913612366,0.17320163547992706,0.1797642558813095
5319,0.3540760576725006,0.17256376147270203,0.18151229619979858
5320,0.3538174033164978,0.17308634519577026,0.18073107302188873
5321,0.35266557335853577,0.17257116734981537,0.1800944060087204
5322,0.35182082653045654,0.1727576106786728,0.17906320095062256
5323,0.3520675301551819,0.17271900177001953,0.17934854328632355
5324,0.35316187143325806,0.17239244282245636,0.1807694286108017
5325,0.35397905111312866,0.17278534173965454,0.18119370937347412
5326,0.35342827439308167,0.1722039431333542,0.18122433125972748
5327,0.3514801859855652,0.172618106007576,0.178862065076828
5328,0.3492048382759094,0.17226052284240723,0.1769443154335022
5329,0.3479517102241516,0.17226147651672363,0.17569024860858917
5330,0.3481769561767578,0.1724080741405487,0.1757688969373703
5331,0.34911447763442993,0.17192703485488892,0.17718744277954102
5332,0.3495161235332489,0.1724143922328949,0.177101731300354
5333,0.34873151779174805,0.17181040346622467,0.17692112922668457
5334,0.3472915291786194,0.17217755317687988,0.1751139760017395
5335,0.3464086651802063,0.17191801965236664,0.17449064552783966
5336,0.3469344973564148,0.17179948091506958,0.1751350313425064
5337,0.34862515330314636,0.17205923795700073,0.17656591534614563
5338,0.3503314256668091,0.17149700224399567,0.17883442342281342
5339,0.35096922516822815,0.1720239222049713,0.17894530296325684
5340,0.3503078818321228,0.17142552137374878,0.17888234555721283
5341,0.3492184281349182,0.1717536896467209,0.17746472358703613
5342,0.34880292415618896,0.17154638469219208,0.1772565245628357
5343,0.34952855110168457,0.1713799685239792,0.17814858257770538
5344,0.35075560212135315,0.17165839672088623,0.17909720540046692
5345,0.3512536883354187,0.17112098634243011,0.1801326870918274
5346,0.35027050971984863,0.17157045006752014,0.1787000596523285
5347,0.3481605052947998,0.17110490798950195,0.17705559730529785
5348,0.34621626138687134,0.17125855386257172,0.17495769262313843
5349,0.34552472829818726,0.17124566435813904,0.17427906394004822
5350,0.34607452154159546,0.17089414596557617,0.1751803606748581
5351,0.3468339443206787,0.17131485044956207,0.17551909387111664
5352,0.34668129682540894,0.17069891095161438,0.17598237097263336
5353,0.34542369842529297,0.1711544394493103,0.17426925897598267
5354,0.3439341187477112,0.1707472801208496,0.17318683862686157
5355,0.34340932965278625,0.17080265283584595,0.1726066768169403
5356,0.3443264365196228,0.1708991974592209,0.1734272539615631
5357,0.346049964427948,0.17045646905899048,0.1755935102701187
5358,0.34737977385520935,0.17093265056610107,0.17644712328910828
5359,0.34748905897140503,0.17030656337738037,0.17718248069286346
5360,0.34663456678390503,0.1707332283258438,0.17590133845806122
5361,0.34581559896469116,0.17037898302078247,0.1754366159439087
5362,0.3459879755973816,0.1703764945268631,0.1756114810705185
5363,0.3471749424934387,0.17051151394844055,0.17666342854499817
5364,0.34844642877578735,0.17006541788578033,0.17838101089000702
5365,0.34866848587989807,0.17049618065357208,0.178172305226326
5366,0.3474116325378418,0.1699707955121994,0.1774408221244812
5367,0.3454248309135437,0.17024731636047363,0.17517749965190887
5368,0.3439706563949585,0.17007887363433838,0.1738917976617813
5369,0.3437798023223877,0.16987797617912292,0.17390181124210358
5370,0.3444380760192871,0.17019237577915192,0.174245685338974
5371,0.344778835773468,0.16961245238780975,0.17516636848449707
5372,0.3439851999282837,0.17011240124702454,0.17387281358242035
5373,0.34227800369262695,0.1695866584777832,0.17269136011600494
5374,0.340778112411499,0.16980919241905212,0.1709689348936081
5375,0.3405141830444336,0.16972461342811584,0.17078958451747894
5376,0.34157320857048035,0.16944026947021484,0.1721329391002655
5377,0.3430572748184204,0.1698124259710312,0.17324483394622803
5378,0.34383365511894226,0.16921600699424744,0.17461764812469482
5379,0.34348487854003906,0.16969043016433716,0.1737944483757019
5380,0.3425678014755249,0.16922305524349213,0.17334474623203278
5381,0.34216544032096863,0.16937309503555298,0.17279234528541565
5382,0.34290453791618347,0.16935160756111145,0.17355293035507202
5383,0.3444525897502899,0.16903221607208252,0.1754203736782074
5384,0.3457552194595337,0.16939619183540344,0.17635901272296906
5385,0.345844566822052,0.16886071860790253,0.17698384821414948
5386,0.344692587852478,0.1692230999469757,0.17546948790550232
5387,0.3431854248046875,0.16891273856163025,0.17427267134189606
5388,0.34243375062942505,0.16887645423412323,0.17355729639530182
5389,0.3427824378013611,0.16904573142528534,0.17373672127723694
5390,0.3434879183769226,0.1685548722743988,0.174933061003685
5391,0.34345000982284546,0.1690458059310913,0.17440421879291534
5392,0.34210696816444397,0.16844287514686584,0.17366409301757812
5393,0.3400575518608093,0.16881360113620758,0.17124393582344055
5394,0.3384896218776703,0.16854003071784973,0.16994959115982056
5395,0.3382401466369629,0.1684461534023285,0.1697939932346344
5396,0.3391013741493225,0.16866502165794373,0.1704363375902176
5397,0.3400495648384094,0.16815505921840668,0.17189449071884155
5398,0.3401412069797516,0.16862337291240692,0.17151783406734467
5399,0.3392767608165741,0.16808465123176575,0.17119210958480835
5400,0.33827847242355347,0.1683637946844101,0.16991467773914337
5401,0.3381480574607849,0.16818757355213165,0.16996048390865326
5402,0.3392332196235657,0.16801223158836365,0.17122097313404083
5403,0.34092825651168823,0.16827629506587982,0.17265194654464722
5404,0.3421439528465271,0.1677711457014084,0.1743728071451187
5405,0.3421940803527832,0.1681833565235138,0.1740107387304306
5406,0.341295063495636,0.16775141656398773,0.17354366183280945
5407,0.340442419052124,0.16788505017757416,0.17255738377571106
5408,0.3405166268348694,0.16787585616111755,0.17264077067375183
5409,0.3415020704269409,0.16753113269805908,0.17397093772888184
5410,0.3425160050392151,0.16794419288635254,0.17457179725170135
5411,0.34244030714035034,0.16732940077781677,0.17511089146137238
5412,0.3410215973854065,0.1678023487329483,0.1732192486524582
5413,0.338954895734787,0.16735826432704926,0.17159663140773773
5414,0.3374647796154022,0.1674668788909912,0.169997900724411
5415,0.3371935486793518,0.1674959510564804,0.1696976125240326
5416,0.337751567363739,0.16712163388729095,0.17062991857528687
5417,0.33808624744415283,0.16753408312797546,0.17055217921733856
5418,0.3374079167842865,0.16696210205554962,0.17044581472873688
5419,0.3359195590019226,0.16735053062438965,0.16856901347637177
5420,0.3346301317214966,0.16701941192150116,0.16761070489883423
5421,0.334514856338501,0.16700686514377594,0.16750799119472504
5422,0.3356873691082001,0.16713948547840118,0.1685478836297989
5423,0.3373181223869324,0.16670171916484833,0.17061640322208405
5424,0.33831900358200073,0.1671268492937088,0.17119213938713074
5425,0.3381790518760681,0.1665995568037033,0.171579509973526
5426,0.33739763498306274,0.1668945550918579,0.17050309479236603
5427,0.3370060324668884,0.16669166088104248,0.17031435668468475
5428,0.3377087712287903,0.16653406620025635,0.17117470502853394
5429,0.3392508625984192,0.16680856049060822,0.17244230210781097
5430,0.3405308723449707,0.16625264286994934,0.17427821457386017
5431,0.3405952453613281,0.16676069796085358,0.17383456230163574
5432,0.3392559289932251,0.16619421541690826,0.17306171357631683
5433,0.33744460344314575,0.16648656129837036,0.1709580421447754
5434,0.33627253770828247,0.1663125902414322,0.1699599325656891
5435,0.33622920513153076,0.16611464321613312,0.17011454701423645
5436,0.33672523498535156,0.16641606390476227,0.1703091710805893
5437,0.3366418480873108,0.16586554050445557,0.17077632248401642
5438,0.33537161350250244,0.1663253754377365,0.16904622316360474
5439,0.33336734771728516,0.16585135459899902,0.16751600801944733
5440,0.3318471908569336,0.16601873934268951,0.16582846641540527
5441,0.3317435681819916,0.16597767174243927,0.1657658964395523
5442,0.3329511880874634,0.16566461324691772,0.16728655993938446
5443,0.33444252610206604,0.1660393923521042,0.16840313374996185
5444,0.3351159691810608,0.165474072098732,0.16964191198349
5445,0.3346981704235077,0.16588924825191498,0.1688089221715927
5446,0.333901584148407,0.16551072895526886,0.16839087009429932
5447,0.33382874727249146,0.16554991900920868,0.16827882826328278
5448,0.33498072624206543,0.1656484454870224,0.16933226585388184
5449,0.33677345514297485,0.16520990431308746,0.1715635508298874
5450,0.33803725242614746,0.1656825840473175,0.17235468327999115
5451,0.3378295600414276,0.1650627702474594,0.1727667897939682
5452,0.33636802434921265,0.16548649966716766,0.17088153958320618
5453,0.33466458320617676,0.16513465344905853,0.16952991485595703
5454,0.33384600281715393,0.16512072086334229,0.16872528195381165
5455,0.33409327268600464,0.16527201235294342,0.16882124543190002
5456,0.3345579504966736,0.16480185091495514,0.16975608468055725
5457,0.3341369032859802,0.16526836156845093,0.1688685268163681
5458,0.3324558734893799,0.16470514237880707,0.16775071620941162
5459,0.3303283452987671,0.16502563655376434,0.16530270874500275
5460,0.329067587852478,0.16480691730976105,0.1642606556415558
5461,0.3294031023979187,0.16465528309345245,0.16474780440330505
5462,0.3308841288089752,0.16491901874542236,0.16596511006355286
5463,0.3322874903678894,0.16438649594783783,0.16790097951889038
5464,0.3326435089111328,0.1648520529270172,0.1677914410829544
5465,0.3319762349128723,0.16435182094573975,0.16762441396713257
5466,0.3312793970108032,0.1645590215921402,0.16672039031982422
5467,0.3315982222557068,0.16448262333869934,0.16711558401584625
5468,0.3330962657928467,0.16418856382369995,0.16890771687030792
5469,0.3348847031593323,0.1645776629447937,0.17030702531337738
5470,0.3356318771839142,0.16396208107471466,0.17166979610919952
5471,0.3347908854484558,0.1644604653120041,0.17033042013645172
5472,0.3328770399093628,0.16397428512573242,0.16890276968479156
5473,0.331230103969574,0.1641247570514679,0.16710534691810608
5474,0.3307421803474426,0.1641189455986023,0.16662323474884033
5475,0.33120593428611755,0.16376109421253204,0.1674448400735855
5476,0.33151552081108093,0.1641831248998642,0.16733239591121674
5477,0.3306735157966614,0.16358602046966553,0.16708751022815704
5478,0.3287772536277771,0.1640123724937439,0.1647648960351944
5479,0.3269627094268799,0.16364341974258423,0.16331927478313446
5480,0.3264755606651306,0.16365407407283783,0.16282150149345398
5481,0.32759779691696167,0.16377970576286316,0.1638181060552597
5482,0.32943063974380493,0.16332855820655823,0.1661020666360855
5483,0.33066117763519287,0.16378459334373474,0.16687658429145813
5484,0.3305932581424713,0.16322128474712372,0.1673719733953476
5485,0.3297249674797058,0.1635514348745346,0.1661735475063324
5486,0.3292364180088043,0.16332347691059113,0.1659129410982132
5487,0.32995477318763733,0.16317522525787354,0.1667795479297638
5488,0.3315798044204712,0.1634552925825119,0.16812452673912048
5489,0.332827627658844,0.16288647055625916,0.16994117200374603
5490,0.33260756731033325,0.16340920329093933,0.16919834911823273
5491,0.33079564571380615,0.16283637285232544,0.1679592728614807
5492,0.3285601735115051,0.16311755776405334,0.1654426008462906
5493,0.3272288143634796,0.16296859085559845,0.16426022350788116
5494,0.32728901505470276,0.1627325862646103,0.16455642879009247
5495,0.3279839754104614,0.16307814419269562,0.16490581631660461
5496,0.32805100083351135,0.16249310970306396,0.1655578911304474
5497,0.3269093632698059,0.16297517716884613,0.16393417119979858
5498,0.32518255710601807,0.16249825060367584,0.16268432140350342
5499,0.32419976592063904,0.16264738142490387,0.16155238449573517
5500,0.3248138725757599,0.1626366525888443,0.1621772199869156
5501,0.32667627930641174,0.16228815913200378,0.16438812017440796
5502,0.32852160930633545,0.16269554197788239,0.16582608222961426
5503,0.3291637897491455,0.16211482882499695,0.16704894602298737
5504,0.32847779989242554,0.16252447664737701,0.16595332324504852
5505,0.32741469144821167,0.1621759533882141,0.16523872315883636
5506,0.32719576358795166,0.16216322779655457,0.1650325357913971
5507,0.3281783163547516,0.16232378780841827,0.1658545285463333
5508,0.3294650912284851,0.16183026134967804,0.16763484477996826
5509,0.32974952459335327,0.1623362898826599,0.16741323471069336
5510,0.3283311128616333,0.1617189198732376,0.1666121780872345
5511,0.325931578874588,0.16209663450717926,0.16383494436740875
5512,0.3239786624908447,0.1618242859840393,0.16215437650680542
5513,0.3235104978084564,0.1617109775543213,0.16179952025413513
5514,0.32428693771362305,0.16196081042289734,0.1623261421918869
5515,0.32509541511535645,0.16142065823078156,0.1636747568845749
5516,0.3248738646507263,0.1619175523519516,0.1629563271999359
5517,0.3236236274242401,0.16137006878852844,0.16225355863571167
5518,0.3224226236343384,0.1616322100162506,0.16079039871692657
5519,0.3224419951438904,0.16149312257766724,0.16094885766506195
5520,0.3239265978336334,0.1612592339515686,0.16266736388206482
5521,0.3259621858596802,0.1615903079509735,0.16437189280986786
5522,0.3271855115890503,0.16102899610996246,0.16615650057792664
5523,0.3269094228744507,0.16148144006729126,0.16542796790599823
5524,0.3256112039089203,0.1610386073589325,0.1645725965499878
5525,0.32457733154296875,0.16115179657936096,0.1634255349636078
5526,0.3247155547142029,0.16118291020393372,0.16353262960910797
5527,0.32573169469833374,0.16079048812389374,0.16494120657444
5528,0.3264281153678894,0.1612437665462494,0.16518434882164001
5529,0.3256848156452179,0.16061906516551971,0.16506575047969818
5530,0.32360419631004333,0.16106510162353516,0.16253909468650818
5531,0.3213595747947693,0.16068308055400848,0.160676509141922
5532,0.32030728459358215,0.16069763898849487,0.15960964560508728
5533,0.3208028972148895,0.16082927584648132,0.1599736213684082
5534,0.32198452949523926,0.16036760807037354,0.16161693632602692
5535,0.322576642036438,0.16084156930446625,0.16173508763313293
5536,0.32197725772857666,0.16025561094284058,0.1617216318845749
5537,0.32077309489250183,0.1606115996837616,0.16016149520874023
5538,0.3201693296432495,0.16034676134586334,0.15982256829738617
5539,0.3209483325481415,0.16024282574653625,0.16070550680160522
5540,0.32276976108551025,0.16046737134456635,0.16230237483978271
5541,0.32442325353622437,0.1599622219800949,0.16446101665496826
5542,0.3248150646686554,0.16042235493659973,0.16439270973205566
5543,0.3237980604171753,0.15991008281707764,0.16388797760009766
5544,0.3223642408847809,0.1601417511701584,0.1622224897146225
5545,0.3217276334762573,0.16003213822841644,0.1616954803466797
5546,0.32227659225463867,0.15976902842521667,0.162507563829422
5547,0.3232421875,0.1601324826478958,0.163109689950943
5548,0.32332706451416016,0.15953610837459564,0.16379095613956451
5549,0.32196515798568726,0.16002467274665833,0.16194048523902893
5550,0.31974339485168457,0.15954171121120453,0.16020169854164124
5551,0.31803107261657715,0.15969641506671906,0.1583346426486969
5552,0.3177666664123535,0.1596813201904297,0.15808534622192383
5553,0.3187277913093567,0.1593376100063324,0.15939019620418549
5554,0.31978094577789307,0.15974627435207367,0.1600346565246582
5555,0.3198621869087219,0.1591566801071167,0.16070549190044403
5556,0.318888783454895,0.15958572924137115,0.15930303931236267
5557,0.3177763819694519,0.1591968983411789,0.15857946872711182
5558,0.31765317916870117,0.15924154222011566,0.1584116518497467
5559,0.3188701868057251,0.1593260020017624,0.1595441699028015
5560,0.3207024931907654,0.1589183211326599,0.16178417205810547
5561,0.3219355642795563,0.15934495627880096,0.1625906080007553
5562,0.32179152965545654,0.15879210829734802,0.16299942135810852
5563,0.32061710953712463,0.159133180975914,0.16148392856121063
5564,0.3195345997810364,0.15886998176574707,0.1606646180152893
5565,0.3195109963417053,0.1587696224451065,0.16074138879776
5566,0.32049667835235596,0.1589972823858261,0.16149941086769104
5567,0.3214186429977417,0.15847615897655487,0.16294246912002563
5568,0.32118767499923706,0.15897077322006226,0.162216916680336
5569,0.3195292055606842,0.15840312838554382,0.16112607717514038
5570,0.31738242506980896,0.1587066352367401,0.15867578983306885
5571,0.3160164952278137,0.15851284563541412,0.1575036495923996
5572,0.316048800945282,0.15833556652069092,0.15771324932575226
5573,0.31693750619888306,0.15862365067005157,0.15831387042999268
5574,0.3174999952316284,0.15808041393756866,0.15941958129405975
5575,0.3169513940811157,0.15854784846305847,0.15840356051921844
5576,0.315554141998291,0.15804877877235413,0.1575053483247757
5577,0.31441056728363037,0.1582517921924591,0.15615878999233246
5578,0.3144940435886383,0.1581653207540512,0.1563287228345871
5579,0.31584632396698,0.1579003632068634,0.15794596076011658
5580,0.31755387783050537,0.1582426130771637,0.15931124985218048
5581,0.3184698820114136,0.15769410133361816,0.1607757806777954
5582,0.3181458115577698,0.1581163853406906,0.16002942621707916
5583,0.3171457052230835,0.15770317614078522,0.15944252908229828
5584,0.3166157007217407,0.1577911376953125,0.15882456302642822
5585,0.31726765632629395,0.15783308446407318,0.15943457186222076
5586,0.3187516927719116,0.15745094418525696,0.16130076348781586
5587,0.3199693560600281,0.15788701176643372,0.16208234429359436
5588,0.31985288858413696,0.157283753156662,0.16256915032863617
5589,0.31840968132019043,0.15771512687206268,0.16069453954696655
5590,0.3165534734725952,0.15733033418655396,0.15922312438488007
5591,0.31550365686416626,0.15736398100852966,0.1581396758556366
5592,0.3156641721725464,0.15746665000915527,0.1581975370645523
5593,0.31635838747024536,0.15703976154327393,0.15931862592697144
5594,0.3164231479167938,0.157485693693161,0.1589374542236328
5595,0.31520378589630127,0.15691255033016205,0.15829122066497803
5596,0.31320810317993164,0.15726841986179352,0.15593968331813812
5597,0.3116653859615326,0.15698884427547455,0.15467654168605804
5598,0.31152570247650146,0.15690961480140686,0.1546160876750946
5599,0.31267064809799194,0.15711207687854767,0.15555858612060547
5600,0.3140490651130676,0.15662306547164917,0.15742598474025726
5601,0.3145645260810852,0.15708032250404358,0.15748421847820282
5602,0.31393855810165405,0.1565442532300949,0.15739431977272034
5603,0.3129446804523468,0.1568206250667572,0.1561240553855896
5604,0.31271207332611084,0.1566474884748459,0.15606459975242615
5605,0.3137870132923126,0.1564619243144989,0.15732508897781372
5606,0.3156684637069702,0.15676113963127136,0.15890733897686005
5607,0.3171514570713043,0.1562052071094513,0.16094624996185303
5608,0.31737232208251953,0.15669232606887817,0.16067998111248016
5609,0.31634485721588135,0.1561606377363205,0.16018420457839966
5610,0.31510376930236816,0.15640144050121307,0.15870234370231628
5611,0.31467726826667786,0.1562805473804474,0.15839672088623047
5612,0.3153359889984131,0.15604272484779358,0.1592932492494583
5613,0.31627923250198364,0.1563778519630432,0.15990138053894043
5614,0.31628239154815674,0.1558152735233307,0.16046710312366486
5615,0.3147973418235779,0.15626618266105652,0.15853114426136017
5616,0.3124166429042816,0.1558130830526352,0.15660355985164642
5617,0.31051069498062134,0.1559428572654724,0.15456782281398773
5618,0.31004172563552856,0.15594887733459473,0.15409284830093384
5619,0.31079617142677307,0.1555946320295334,0.15520153939723969
5620,0.31163930892944336,0.15600675344467163,0.15563255548477173
5621,0.3115047216415405,0.15541626513004303,0.1560884714126587
5622,0.31032878160476685,0.15583603084087372,0.15449273586273193
5623,0.30905893445014954,0.1554620862007141,0.15359684824943542
5624,0.30885690450668335,0.155492901802063,0.15336400270462036
5625,0.31009748578071594,0.15560361742973328,0.15449386835098267
5626,0.3120514452457428,0.15516966581344604,0.15688177943229675
5627,0.3134991526603699,0.1556245982646942,0.15787453949451447
5628,0.31363582611083984,0.15503057837486267,0.15860526263713837
5629,0.31278568506240845,0.155414879322052,0.15737079083919525
5630,0.31197404861450195,0.1551005244255066,0.15687353909015656
5631,0.3121734857559204,0.15506324172019958,0.15711025893688202
5632,0.31337881088256836,0.15523357689380646,0.1581452339887619
5633,0.31460386514663696,0.15476453304290771,0.15983934700489044
5634,0.31467264890670776,0.155217707157135,0.15945494174957275
5635,0.3131537139415741,0.15467116236686707,0.15848255157470703
5636,0.31086957454681396,0.15496614575386047,0.1559034287929535
5637,0.3091755509376526,0.15477532148361206,0.15440021455287933
5638,0.3088639974594116,0.154600128531456,0.15426388382911682
5639,0.3095105290412903,0.15489019453525543,0.15462033450603485
5640,0.30988645553588867,0.1543358564376831,0.15555058419704437
5641,0.30912309885025024,0.15481388568878174,0.1543091982603073
5642,0.307439923286438,0.15430264174938202,0.15313729643821716
5643,0.3060012459754944,0.15451999008655548,0.1514812707901001
5644,0.30589258670806885,0.15443436801433563,0.1514582335948944
5645,0.3072182238101959,0.1541634351015091,0.15305478870868683
5646,0.30903327465057373,0.15451976656913757,0.15451350808143616
5647,0.3101072907447815,0.15394096076488495,0.15616631507873535
5648,0.30994582176208496,0.15439561009407043,0.15555021166801453
5649,0.3090689182281494,0.15394346415996552,0.1551254689693451
5650,0.3086298704147339,0.15408092737197876,0.15454895794391632
5651,0.3093365430831909,0.154076486825943,0.15526007115840912
5652,0.3108847439289093,0.15374228358268738,0.15714246034622192
5653,0.3121477961540222,0.15413044393062592,0.1580173373222351
5654,0.3120355010032654,0.15356531739234924,0.15847016870975494
5655,0.31047993898391724,0.15396322309970856,0.15651670098304749
5656,0.3084539771080017,0.1536116600036621,0.1548423171043396
5657,0.3072475790977478,0.15361857414245605,0.15362900495529175
5658,0.3073272109031677,0.15374669432640076,0.15358051657676697
5659,0.3079606890678406,0.1532944142818451,0.1546662598848343
5660,0.30795377492904663,0.153753399848938,0.15420038998126984
5661,0.3066791892051697,0.15317536890506744,0.15350380539894104
5662,0.3047204613685608,0.153532013297081,0.151188462972641
5663,0.30333876609802246,0.15326637029647827,0.15007241070270538
5664,0.30343425273895264,0.15317480266094208,0.15025946497917175
5665,0.30479931831359863,0.15338899195194244,0.1514103263616562
5666,0.30632370710372925,0.15288573503494263,0.15343798696994781
5667,0.306933730840683,0.15334810316562653,0.15358562767505646
5668,0.30640822649002075,0.1528102308511734,0.15359801054000854
5669,0.30556720495224,0.15309205651283264,0.15247514843940735
5670,0.30548107624053955,0.15291427075862885,0.1525668054819107
5671,0.3066033720970154,0.15274067223072052,0.15386271476745605
5672,0.30833691358566284,0.15301382541656494,0.1553230881690979
5673,0.3094736337661743,0.15249255299568176,0.15698108077049255
5674,0.3091924786567688,0.1529330164194107,0.1562594622373581
5675,0.3076731860637665,0.1524638533592224,0.15520933270454407
5676,0.3060518503189087,0.1526392251253128,0.15341264009475708
5677,0.3054060935974121,0.1525862216949463,0.15281987190246582
5678,0.30584001541137695,0.15228447318077087,0.15355554223060608
5679,0.30644285678863525,0.15265890955924988,0.15378394722938538
5680,0.3060552179813385,0.15208059549331665,0.15397462248802185
5681,0.30440425872802734,0.1525236964225769,0.15188056230545044
5682,0.30229341983795166,0.15210486948490143,0.15018856525421143
5683,0.30101361870765686,0.15219680964946747,0.1488168090581894
5684,0.30122771859169006,0.15223592519760132,0.14899179339408875
5685,0.30247172713279724,0.15186098217964172,0.15061074495315552
5686,0.30358555912971497,0.15227079391479492,0.15131476521492004
5687,0.30367493629455566,0.15170280635356903,0.15197211503982544
5688,0.30284935235977173,0.1520915925502777,0.15075774490833282
5689,0.30205002427101135,0.15175247192382812,0.15029755234718323
5690,0.3022705316543579,0.15175487101078033,0.15051567554473877
5691,0.3036847710609436,0.1518719345331192,0.1518128216266632
5692,0.3054962158203125,0.15145033597946167,0.15404587984085083
5693,0.30655795335769653,0.15187284350395203,0.1546850949525833
5694,0.306229829788208,0.1513373851776123,0.1548924446105957
5695,0.3049658536911011,0.15165485441684723,0.15331101417541504
5696,0.30387818813323975,0.15141607820987701,0.15246209502220154
5697,0.30382686853408813,0.15130114555358887,0.15252573788166046
5698,0.30466365814208984,0.15153011679649353,0.1531335562467575
5699,0.30529841780662537,0.1510217934846878,0.15427662432193756
5700,0.30474305152893066,0.15148836374282837,0.1532546877861023
5701,0.3028613328933716,0.15095770359039307,0.1519036442041397
5702,0.3006606996059418,0.15122435986995697,0.1494363397359848
5703,0.29936978220939636,0.1510651409626007,0.14830464124679565
5704,0.29949986934661865,0.1508674919605255,0.14863239228725433
5705,0.30044281482696533,0.15116190910339355,0.14928092062473297
5706,0.30103760957717896,0.15062564611434937,0.1504119634628296
5707,0.30058014392852783,0.1510733664035797,0.14950677752494812
5708,0.29938074946403503,0.1505977213382721,0.14878302812576294
5709,0.2985038757324219,0.1507800966501236,0.14772377908229828
5710,0.2988382577896118,0.15071000158786774,0.14812824130058289
5711,0.30037033557891846,0.15043994784355164,0.14993037283420563
5712,0.3021886944770813,0.1507798433303833,0.1514088362455368
5713,0.3031725287437439,0.15023966133594513,0.15293286740779877
5714,0.3029019236564636,0.15065357089042664,0.152248352766037
5715,0.3019291162490845,0.15024720132350922,0.15168191492557526
5716,0.30137285590171814,0.1503368318080902,0.15103602409362793
5717,0.30192214250564575,0.15036939084529877,0.1515527367591858
5718,0.30320852994918823,0.15000446140766144,0.1532040536403656
5719,0.30414488911628723,0.15041358768939972,0.1537313014268875
5720,0.3036920726299286,0.149839848279953,0.15385222434997559
5721,0.3019096851348877,0.15024158358573914,0.15166811645030975
5722,0.2997661828994751,0.14988741278648376,0.14987877011299133
5723,0.2985059320926666,0.14990165829658508,0.14860427379608154
5724,0.29853713512420654,0.15001767873764038,0.14851947128772736
5725,0.2991810441017151,0.14958646893501282,0.14959456026554108
5726,0.29929614067077637,0.15002597868442535,0.14927014708518982
5727,0.2982648015022278,0.14946042001247406,0.14880436658859253
5728,0.29658061265945435,0.1498083919286728,0.14677223563194275
5729,0.29541516304016113,0.14953352510929108,0.14588162302970886
5730,0.29564860463142395,0.14946074783802032,0.14618785679340363
5731,0.2971419095993042,0.14965249598026276,0.14748942852020264
5732,0.2988637089729309,0.14917907118797302,0.14968463778495789
5733,0.2997208833694458,0.14962291717529297,0.15009796619415283
5734,0.29937660694122314,0.14909584820270538,0.15028074383735657
5735,0.29854559898376465,0.1493741273880005,0.14917148649692535
5736,0.29833561182022095,0.14919055998325348,0.14914505183696747
5737,0.29932260513305664,0.1490219086408615,0.15030069649219513
5738,0.3010357618331909,0.14929620921611786,0.15173955261707306
5739,0.30222877860069275,0.14876514673233032,0.15346363186836243
5740,0.30200833082199097,0.1492275893688202,0.15278072655200958
5741,0.30038100481033325,0.14872436225414276,0.1516566276550293
5742,0.29846855998039246,0.1489449441432953,0.14952361583709717
5743,0.29741355776786804,0.14884600043296814,0.1485675573348999
5744,0.29755687713623047,0.14858949184417725,0.14896738529205322
5745,0.298124223947525,0.14893405139446259,0.14919017255306244
5746,0.2979252338409424,0.14836174249649048,0.1495634913444519
5747,0.2964574098587036,0.14881721138954163,0.147640198469162
5748,0.2943562865257263,0.14836058020591736,0.14599570631980896
5749,0.29293984174728394,0.14850212633609772,0.1444377303123474
5750,0.29308587312698364,0.14849340915679932,0.14459246397018433
5751,0.2945338487625122,0.14816105365753174,0.14637279510498047
5752,0.2961277663707733,0.148550882935524,0.14757688343524933
5753,0.2967504858970642,0.1479794681072235,0.1487710326910019
5754,0.29622870683670044,0.14839228987693787,0.14783640205860138
5755,0.29539549350738525,0.14801520109176636,0.1473802924156189
5756,0.29540926218032837,0.1480589509010315,0.14735029637813568
5757,0.2967214584350586,0.14814721047878265,0.14857423305511475
5758,0.2986410856246948,0.14773446321487427,0.15090663731098175
5759,0.29991841316223145,0.1481717973947525,0.15174660086631775
5760,0.29960089921951294,0.14759564399719238,0.15200525522232056
5761,0.29798924922943115,0.1479724943637848,0.15001673996448517
5762,0.29619699716567993,0.14766910672187805,0.14852790534496307
5763,0.29540497064590454,0.14761903882026672,0.147785946726799
5764,0.2957594394683838,0.14780130982398987,0.14795814454555511
5765,0.29632288217544556,0.14731132984161377,0.1490115374326706
5766,0.29591453075408936,0.14778606593608856,0.1481284648180008
5767,0.29414576292037964,0.14721611142158508,0.14692965149879456
5768,0.291888564825058,0.14753971993923187,0.1443488448858261
5769,0.29054105281829834,0.1473199427127838,0.14322109520435333
5770,0.29088717699050903,0.14717672765254974,0.14371046423912048
5771,0.29245835542678833,0.14743760228157043,0.1450207531452179
5772,0.29395991563796997,0.1469079852104187,0.14705194532871246
5773,0.2943462133407593,0.1473766416311264,0.14696958661079407
5774,0.29361575841903687,0.14686214923858643,0.14675360918045044
5775,0.2928121089935303,0.14709533751010895,0.14571678638458252
5776,0.29307252168655396,0.14698348939418793,0.14608904719352722
5777,0.2946411967277527,0.1467360556125641,0.1479051262140274
5778,0.2966304421424866,0.1470777839422226,0.14955267310142517
5779,0.29762426018714905,0.14650759100914001,0.15111666917800903
5780,0.29695838689804077,0.1469704955816269,0.14998789131641388
5781,0.29507631063461304,0.14650872349739075,0.1485675871372223
5782,0.2933633327484131,0.146652951836586,0.1467103809118271
5783,0.2928333580493927,0.14664684236049652,0.14618651568889618
5784,0.2933810353279114,0.14629779756069183,0.14708323776721954
5785,0.2938738465309143,0.14671257138252258,0.14716129004955292
5786,0.29315754771232605,0.14611214399337769,0.14704540371894836
5787,0.2911679148674011,0.1465519815683365,0.14461591839790344
5788,0.28901684284210205,0.14615756273269653,0.14285928010940552
5789,0.2881133556365967,0.146204873919487,0.14190848171710968
5790,0.2889592945575714,0.14629873633384705,0.14266055822372437
5791,0.290769100189209,0.1458747684955597,0.1448943316936493
5792,0.2921491861343384,0.14632269740104675,0.14582650363445282
5793,0.2922123372554779,0.14574292302131653,0.14646941423416138
5794,0.2913031280040741,0.14611420035362244,0.14518892765045166
5795,0.2906264066696167,0.1458234041929245,0.1448030173778534
5796,0.2912198603153229,0.14575481414794922,0.14546504616737366
5797,0.29301074147224426,0.14595653116703033,0.14705421030521393
5798,0.2947840094566345,0.14545616507530212,0.1493278443813324
5799,0.2952474057674408,0.14593511819839478,0.14931228756904602
5800,0.29393333196640015,0.14537571370601654,0.1485576033592224
5801,0.29179710149765015,0.14567677676677704,0.14612030982971191
5802,0.29024404287338257,0.14548903703689575,0.144755020737648
5803,0.2900899052619934,0.145305797457695,0.1447841227054596
5804,0.2908252477645874,0.14560851454734802,0.14521671831607819
5805,0.29111701250076294,0.1450435370206833,0.14607349038124084
5806,0.29004907608032227,0.14553359150886536,0.14451546967029572
5807,0.2879391610622406,0.1450158953666687,0.1429232656955719
5808,0.28616559505462646,0.145229771733284,0.14093582332134247
5809,0.28596919775009155,0.14515013992786407,0.14081907272338867
5810,0.2874189019203186,0.14486640691757202,0.1425524801015854
5811,0.2893790304660797,0.14523820579051971,0.14414082467556
5812,0.290444552898407,0.14465580880641937,0.14578872919082642
5813,0.2900945544242859,0.14510905742645264,0.14498548209667206
5814,0.2890351414680481,0.14467692375183105,0.14435820281505585
5815,0.2886202931404114,0.14477713406085968,0.1438431739807129
5816,0.28961265087127686,0.14482037723064423,0.14479227364063263
5817,0.29147371649742126,0.1444319188594818,0.14704179763793945
5818,0.29282838106155396,0.14486977458000183,0.14795860648155212
5819,0.29246950149536133,0.14427192509174347,0.14819757640361786
5820,0.29055991768836975,0.14468269050121307,0.14587722718715668
5821,0.28832828998565674,0.14433947205543518,0.14398881793022156
5822,0.2872067093849182,0.14432312548160553,0.1428835690021515
5823,0.2875306010246277,0.14448490738868713,0.14304569363594055
5824,0.28834694623947144,0.14400389790534973,0.1443430632352829
5825,0.2883021831512451,0.1444855034351349,0.14381667971611023
5826,0.286843478679657,0.14389978349208832,0.14294369518756866
5827,0.2847956120967865,0.14424246549606323,0.14055314660072327
5828,0.283632755279541,0.144003227353096,0.1396295130252838
5829,0.28423449397087097,0.14387375116348267,0.1403607428073883
5830,0.2861446142196655,0.14413070678710938,0.14201390743255615
5831,0.2879614531993866,0.14359822869300842,0.14436322450637817
5832,0.28849825263023376,0.14407774806022644,0.14442050457000732
5833,0.28768324851989746,0.14355048537254333,0.14413276314735413
5834,0.28664058446884155,0.1437941938638687,0.14284639060497284
5835,0.2866496443748474,0.14367927610874176,0.14297038316726685
5836,0.2880204916000366,0.14342814683914185,0.14459234476089478
5837,0.28980064392089844,0.1437806636095047,0.14601998031139374
5838,0.2904650568962097,0.14319637417793274,0.14726866781711578
5839,0.28934210538864136,0.14366891980171204,0.14567318558692932
5840,0.28702592849731445,0.14320296049118042,0.14382296800613403
5841,0.28508031368255615,0.14334310591220856,0.1417372077703476
5842,0.28458577394485474,0.14334963262081146,0.14123614132404327
5843,0.2853301763534546,0.14298714697360992,0.14234302937984467
5844,0.28603073954582214,0.14341282844543457,0.14261791110038757
5845,0.2854871153831482,0.14280836284160614,0.14267873764038086
5846,0.28370702266693115,0.1432410627603531,0.14046595990657806
5847,0.28189289569854736,0.14286324381828308,0.13902965188026428
5848,0.28143590688705444,0.14288944005966187,0.13854646682739258
5849,0.28270846605300903,0.14300718903541565,0.1397012621164322
5850,0.2847680449485779,0.14256437122821808,0.142203688621521
5851,0.2861541211605072,0.14302222430706024,0.14313189685344696
5852,0.2860366106033325,0.1424446552991867,0.143591970205307
5853,0.284919798374176,0.1428016573190689,0.1421181559562683
5854,0.2841337323188782,0.14253780245780945,0.14159592986106873
5855,0.2847011089324951,0.14243796467781067,0.14226314425468445
5856,0.28640782833099365,0.1426706612110138,0.14373716711997986
5857,0.2878982126712799,0.1421467661857605,0.1457514464855194
5858,0.28790903091430664,0.1426330804824829,0.14527593553066254
5859,0.2861791253089905,0.14208297431468964,0.14409613609313965
5860,0.28388509154319763,0.142359659075737,0.14152543246746063
5861,0.28249281644821167,0.14220769703388214,0.14028511941432953
5862,0.2826351523399353,0.1419890820980072,0.1406460851430893
5863,0.2835647463798523,0.1423182487487793,0.1412465125322342
5864,0.28385692834854126,0.14174221456050873,0.14211469888687134
5865,0.2827184200286865,0.14222276210784912,0.1404956430196762
5866,0.28068095445632935,0.14173339307308197,0.13894756138324738
5867,0.2792024314403534,0.14190776646137238,0.13729466497898102
5868,0.2793874740600586,0.14187206327915192,0.13751541078090668
5869,0.2810647487640381,0.14155146479606628,0.139513298869133
5870,0.2829582691192627,0.14194507896900177,0.14101317524909973
5871,0.28372281789779663,0.14136119186878204,0.1423616111278534
5872,0.2830658555030823,0.14179673790931702,0.14126910269260406
5873,0.2819112539291382,0.1414012610912323,0.14050999283790588
5874,0.28163689374923706,0.1414564698934555,0.14018042385578156
5875,0.2828332781791687,0.14154355227947235,0.14128974080085754
5876,0.28474390506744385,0.14112095534801483,0.14362294971942902
5877,0.2859365940093994,0.14157414436340332,0.1443624347448349
5878,0.2853647470474243,0.1409825086593628,0.14438222348690033
5879,0.2834247946739197,0.1413688212633133,0.1420559585094452
5880,0.2814537286758423,0.1410648375749588,0.1403888761997223
5881,0.2807462215423584,0.14100609719753265,0.13974010944366455
5882,0.28137117624282837,0.1412040889263153,0.14016707241535187
5883,0.28218451142311096,0.1407018005847931,0.14148271083831787
5884,0.28187084197998047,0.14118468761444092,0.14068615436553955
5885,0.2800925374031067,0.14061851799488068,0.139474019408226
5886,0.2778896391391754,0.1409243643283844,0.13696527481079102
5887,0.27676501870155334,0.14073064923286438,0.13603436946868896
5888,0.27742284536361694,0.14055651426315308,0.13686634600162506
5889,0.279190331697464,0.1408475637435913,0.13834276795387268
5890,0.28061431646347046,0.14030145108699799,0.14031288027763367
5891,0.2806856036186218,0.14077375829219818,0.13991184532642365
5892,0.2796209454536438,0.14027579128742218,0.13934513926506042
5893,0.27868908643722534,0.140476256608963,0.13821282982826233
5894,0.27906808257102966,0.14040669798851013,0.13866138458251953
5895,0.28082382678985596,0.1401168704032898,0.14070697128772736
5896,0.282845675945282,0.14049185812473297,0.142353817820549
5897,0.2836655080318451,0.1399061530828476,0.1437593549489975
5898,0.2827971577644348,0.14036250114440918,0.14243464171886444
5899,0.28095775842666626,0.13992837071418762,0.14102937281131744
5900,0.27963942289352417,0.1400315761566162,0.13960783183574677
5901,0.2796905040740967,0.14007316529750824,0.13961733877658844
5902,0.2806723713874817,0.1396862268447876,0.1409861445426941
5903,0.2812264859676361,0.14012211561203003,0.14110437035560608
5904,0.28023555874824524,0.13952404260635376,0.14071151614189148
5905,0.2779199481010437,0.13993340730667114,0.13798655569553375
5906,0.2756524085998535,0.1395905613899231,0.13606183230876923
5907,0.2748526930809021,0.13957546651363373,0.13527722656726837
5908,0.2757556438446045,0.1397329419851303,0.13602271676063538
5909,0.2772725522518158,0.13926416635513306,0.13800838589668274
5910,0.2779688835144043,0.13973091542720795,0.13823795318603516
5911,0.27726006507873535,0.1391654759645462,0.13809457421302795
5912,0.27590715885162354,0.1394912302494049,0.13641591370105743
5913,0.27530837059020996,0.1392674744129181,0.13604088127613068
5914,0.2762984037399292,0.1391276866197586,0.1371707022190094
5915,0.2784212827682495,0.13938915729522705,0.13903214037418365
5916,0.2802678346633911,0.13885504007339478,0.14141279458999634
5917,0.28069743514060974,0.13933390378952026,0.14136353135108948
5918,0.27962666749954224,0.1388077437877655,0.14081893861293793
5919,0.2782338261604309,0.139054074883461,0.1391797661781311
5920,0.27778905630111694,0.13893398642539978,0.13885506987571716
5921,0.27867016196250916,0.13869184255599976,0.1399783194065094
5922,0.2799611985683441,0.13903272151947021,0.1409284770488739
5923,0.28020378947257996,0.13845854997634888,0.14174523949623108
5924,0.27871137857437134,0.13892264664173126,0.13978873193264008
5925,0.27615463733673096,0.13846229016780853,0.13769233226776123
5926,0.2741313576698303,0.13859966397285461,0.1355317085981369
5927,0.27374693751335144,0.1386062502861023,0.13514068722724915
5928,0.27470844984054565,0.1382496953010559,0.13645876944065094
5929,0.2756580710411072,0.13866572082042694,0.13699236512184143
5930,0.27537864446640015,0.1380782276391983,0.13730040192604065
5931,0.273884117603302,0.13849398493766785,0.13539013266563416
5932,0.27236005663871765,0.13813383877277374,0.1342262178659439
5933,0.2721455693244934,0.13814643025398254,0.13399915397167206
5934,0.27356666326522827,0.13827157020568848,0.135295107960701
5935,0.2756650149822235,0.13782794773578644,0.13783706724643707
5936,0.27702760696411133,0.13828106224536896,0.13874655961990356
5937,0.27688005566596985,0.1377115547657013,0.13916850090026855
5938,0.27578306198120117,0.13806244730949402,0.13772059977054596
5939,0.2750086784362793,0.13779892027378082,0.13720975816249847
5940,0.2755414843559265,0.13770747184753418,0.13783399760723114
5941,0.2771528959274292,0.13792315125465393,0.13922972977161407
5942,0.2785751223564148,0.13742221891880035,0.14115290343761444
5943,0.2785569429397583,0.1378847062587738,0.1406722217798233
5944,0.27686285972595215,0.13735683262348175,0.1395060271024704
5945,0.27462339401245117,0.13761618733406067,0.1370072066783905
5946,0.27331191301345825,0.1374758630990982,0.13583606481552124
5947,0.27350151538848877,0.1372532844543457,0.13624823093414307
5948,0.2743956446647644,0.1375790536403656,0.1368165761232376
5949,0.2745480239391327,0.13701742887496948,0.1375305950641632
5950,0.2732461094856262,0.13747793436050415,0.13576817512512207
5951,0.2710925340652466,0.13701443374156952,0.13407811522483826
5952,0.2695518136024475,0.13716508448123932,0.1323867291212082
5953,0.2696512043476105,0.13714778423309326,0.1325034201145172
5954,0.2711392343044281,0.13681906461715698,0.13432016968727112
5955,0.2727421522140503,0.1372082680463791,0.1355338990688324
5956,0.27323418855667114,0.13663914799690247,0.13659504055976868
5957,0.2724747657775879,0.13705173134803772,0.13542304933071136
5958,0.2714291512966156,0.13667753338813782,0.13475161790847778
5959,0.27136772871017456,0.1367206871509552,0.13464702665805817
5960,0.2727251946926117,0.13680705428123474,0.13591814041137695
5961,0.27474215626716614,0.13640335202217102,0.13833880424499512
5962,0.27606984972953796,0.13682526350021362,0.13924458622932434
5963,0.2758091688156128,0.13627313077449799,0.1395360380411148
5964,0.2743465304374695,0.13661861419677734,0.13772790133953094
5965,0.2729644179344177,0.13635028898715973,0.1366141438484192
5966,0.2727798819541931,0.1362672746181488,0.1365126073360443
5967,0.2737329304218292,0.13647665083408356,0.13725627958774567
5968,0.27458417415618896,0.13598084449768066,0.1386033296585083
5969,0.27411583065986633,0.13644257187843323,0.1376732587814331
5970,0.27209433913230896,0.13591106235980988,0.13618327677249908
5971,0.26966485381126404,0.13617919385433197,0.13348565995693207
5972,0.2682715058326721,0.13602298498153687,0.13224850594997406
5973,0.2685118317604065,0.13582193851470947,0.13268989324569702
5974,0.26965075731277466,0.13612350821495056,0.1335272490978241
5975,0.2703145444393158,0.1355823427438736,0.1347322016954422
5976,0.26970961689949036,0.13603022694587708,0.13367938995361328
5977,0.2682717442512512,0.1355665624141693,0.13270516693592072
5978,0.26729315519332886,0.13573215901851654,0.1315610110759735
5979,0.26777225732803345,0.1356903463602066,0.13208192586898804
5980,0.26957109570503235,0.1353927105665207,0.13417838513851166
5981,0.27153855562210083,0.13575434684753418,0.13578420877456665
5982,0.27241307497024536,0.1352033168077469,0.13720977306365967
5983,0.27188706398010254,0.13561025261878967,0.13627682626247406
5984,0.2707929015159607,0.13523194193840027,0.13556097447872162
5985,0.27044081687927246,0.13528555631637573,0.13515527546405792
5986,0.27143195271492004,0.13536283373832703,0.13606911897659302
5987,0.27307137846946716,0.13496321439743042,0.13810816407203674
5988,0.2740139663219452,0.13538742065429688,0.13862654566764832
5989,0.2732446789741516,0.13482557237148285,0.13841909170150757
5990,0.27115941047668457,0.13518628478050232,0.13597314059734344
5991,0.2690555453300476,0.1348995715379715,0.1341559886932373
5992,0.2681976556777954,0.1348356306552887,0.1333620250225067
5993,0.268654465675354,0.13502711057662964,0.13362734019756317
5994,0.2693220376968384,0.13454192876815796,0.13478010892868042
5995,0.2689498960971832,0.13500115275382996,0.13394874334335327
5996,0.2672474980354309,0.13446202874183655,0.13278546929359436
5997,0.26522815227508545,0.1347474455833435,0.13048070669174194
5998,0.2643128037452698,0.13456836342811584,0.12974442541599274
5999,0.2651243209838867,0.1343926340341568,0.1307317018508911
6000,0.266975462436676,0.1346728652715683,0.13230261206626892
6001,0.2684623599052429,0.13414625823497772,0.1343161016702652
6002,0.26864248514175415,0.13459336757659912,0.13404910266399384
6003,0.2677551507949829,0.1341208964586258,0.13363423943519592
6004,0.2670356035232544,0.13430336117744446,0.13273222744464874
6005,0.2675887942314148,0.1342443823814392,0.13334441184997559
6006,0.2694094181060791,0.13395728170871735,0.13545212149620056
6007,0.27137869596481323,0.1343175768852234,0.13706113398075104
6008,0.2720596194267273,0.13375800848007202,0.13830162584781647
6009,0.27105289697647095,0.13418160378932953,0.1368713080883026
6010,0.26912152767181396,0.13378331065177917,0.1353382021188736
6011,0.2677515745162964,0.13385389745235443,0.13389769196510315
6012,0.26771241426467896,0.13392001390457153,0.13379240036010742
6013,0.26848846673965454,0.13352087140083313,0.1349676102399826
6014,0.2687278985977173,0.13395516574382782,0.13477274775505066
6015,0.2674364447593689,0.1333746612071991,0.134061798453331
6016,0.26500001549720764,0.13375820219516754,0.1312418133020401
6017,0.2628657817840576,0.13344742357730865,0.12941834330558777
6018,0.26235252618789673,0.13340425491333008,0.12894828617572784
6019,0.26351794600486755,0.1335800588130951,0.12993788719177246
6020,0.2651636600494385,0.1331077218055725,0.13205593824386597
6021,0.2659013271331787,0.1335618495941162,0.1323394924402237
6022,0.2652946710586548,0.13302457332611084,0.13227011263370514
6023,0.26422739028930664,0.1333143711090088,0.13091303408145905
6024,0.26406461000442505,0.13312937319278717,0.13093522191047668
6025,0.2654552459716797,0.13295890390872955,0.13249632716178894
6026,0.2677387595176697,0.1332377940416336,0.13450096547603607
6027,0.2694000005722046,0.1327078938484192,0.1366920918226242
6028,0.2694225013256073,0.13316044211387634,0.13626205921173096
6029,0.267943799495697,0.13268175721168518,0.13526204228401184
6030,0.26632314920425415,0.13286559283733368,0.13345754146575928
6031,0.265780508518219,0.1328117400407791,0.1329687535762787
6032,0.2664545774459839,0.13251183927059174,0.13394272327423096
6033,0.2672276794910431,0.1328916996717453,0.1343359798192978
6034,0.26671087741851807,0.13230955600738525,0.13440130650997162
6035,0.26459354162216187,0.13275118172168732,0.13184237480163574
6036,0.2619519531726837,0.1323409080505371,0.1296110451221466
6037,0.26042890548706055,0.1324150562286377,0.12801384925842285
6038,0.2607906758785248,0.13248306512832642,0.12830761075019836
6039,0.2623247504234314,0.13208386301994324,0.13024090230464935
6040,0.26352250576019287,0.13251416385173798,0.1310083270072937
6041,0.2633804678916931,0.13194754719734192,0.1314329206943512
6042,0.2622631788253784,0.13231255114078522,0.1299506425857544
6043,0.26150548458099365,0.13202540576457977,0.12948006391525269
6044,0.26223379373550415,0.13196124136447906,0.13027256727218628
6045,0.2643396258354187,0.13215342164039612,0.1321861892938614
6046,0.26649338006973267,0.13167113065719604,0.13482224941253662
6047,0.26731055974960327,0.132125124335289,0.13518545031547546
6048,0.26634126901626587,0.13159754872322083,0.13474370539188385
6049,0.2646164894104004,0.13186730444431305,0.13274919986724854
6050,0.2635518014431,0.1317114681005478,0.13184033334255219
6051,0.2638532221317291,0.13150644302368164,0.13234677910804749
6052,0.26481568813323975,0.1318194568157196,0.13299623131752014
6053,0.26496201753616333,0.13126066327095032,0.1337013691663742
6054,0.2634374499320984,0.1317289024591446,0.1317085325717926
6055,0.26079630851745605,0.13125087320804596,0.1295454204082489
6056,0.25867223739624023,0.131418839097023,0.12725339829921722
6057,0.25832539796829224,0.13138927519321442,0.12693610787391663
6058,0.25959962606430054,0.13106785714626312,0.12853176891803741
6059,0.2611255645751953,0.13145634531974792,0.1296692192554474
6060,0.2615354061126709,0.1308865249156952,0.1306488960981369
6061,0.26065027713775635,0.13129909336566925,0.1293511837720871
6062,0.25956106185913086,0.13093289732933044,0.12862816452980042
6063,0.2596607208251953,0.13096065819263458,0.12870006263256073
6064,0.2613620162010193,0.13106927275657654,0.13029272854328156
6065,0.26368021965026855,0.1306430846452713,0.13303714990615845
6066,0.26508966088294983,0.13108110427856445,0.13400855660438538
6067,0.26465994119644165,0.13052672147750854,0.1341332346200943
6068,0.2629951238632202,0.13086050748825073,0.13213463127613068
6069,0.2615024447441101,0.13061842322349548,0.13088403642177582
6070,0.26131895184516907,0.13050176203250885,0.13081718981266022
6071,0.2622058391571045,0.13074450194835663,0.13146133720874786
6072,0.26280590891838074,0.13022272288799286,0.13258318603038788
6073,0.26189881563186646,0.13069657981395721,0.13120225071907043
6074,0.25950711965560913,0.13017261028289795,0.12933452427387238
6075,0.2570483088493347,0.1304159015417099,0.12663239240646362
6076,0.2560744285583496,0.13029947876930237,0.12577493488788605
6077,0.2569598853588104,0.1300554722547531,0.1269044131040573
6078,0.2586284279823303,0.13039374351501465,0.12823469936847687
6079,0.2595345973968506,0.12983626127243042,0.12969835102558136
6080,0.25902092456817627,0.13027715682983398,0.12874378263950348
6081,0.25781679153442383,0.12984979152679443,0.1279670149087906
6082,0.2573881149291992,0.12995773553848267,0.12743039429187775
6083,0.2585829496383667,0.12998633086681366,0.12859661877155304
6084,0.26084327697753906,0.12962156534194946,0.1312216967344284
6085,0.2626837193965912,0.1300308257341385,0.1326528936624527
6086,0.2628195285797119,0.12946605682373047,0.13335348665714264
6087,0.26139307022094727,0.12984687089920044,0.13154618442058563
6088,0.25964459776878357,0.12953205406665802,0.13011254370212555
6089,0.2589879333972931,0.12949790060520172,0.12949003279209137
6090,0.25965094566345215,0.1296679526567459,0.12998300790786743
6091,0.2605355978012085,0.12919288873672485,0.13134272396564484
6092,0.2602153420448303,0.12965723872184753,0.13055811822414398
6093,0.2582206130027771,0.1291033774614334,0.1291172355413437
6094,0.25562146306037903,0.12940873205661774,0.1262127310037613
6095,0.2540806233882904,0.12921346724033356,0.12486716359853745
6096,0.2544432282447815,0.1290471851825714,0.1253960281610489
6097,0.256030797958374,0.1293269842863083,0.12670382857322693
6098,0.2572949528694153,0.12879523634910583,0.12849971652030945
6099,0.25719302892684937,0.12924838066101074,0.12794463336467743
6100,0.2560325860977173,0.12877392768859863,0.12725864350795746
6101,0.2551937699317932,0.12895320355892181,0.1262405514717102
6102,0.2558478116989136,0.12890410423278809,0.1269437074661255
6103,0.25789737701416016,0.12860624492168427,0.1292911320924759
6104,0.2600474953651428,0.1289750337600708,0.13107246160507202
6105,0.2607971429824829,0.12841469049453735,0.13238245248794556
6106,0.2598215937614441,0.1288289725780487,0.13099263608455658
6107,0.25805243849754333,0.1284506767988205,0.12960176169872284
6108,0.2570289373397827,0.12849560379981995,0.12853334844112396
6109,0.25740283727645874,0.12858933210372925,0.1288134902715683
6110,0.2584393620491028,0.12817025184631348,0.1302691251039505
6111,0.2586621046066284,0.1286127120256424,0.13004937767982483
6112,0.2571607530117035,0.1280421018600464,0.1291186511516571
6113,0.2545601725578308,0.12839967012405396,0.12616051733493805
6114,0.2524798810482025,0.12812940776348114,0.12435047328472137
6115,0.2521737217903137,0.128042072057724,0.12413163483142853
6116,0.25344210863113403,0.1282571703195572,0.12518495321273804
6117,0.2548789083957672,0.12776120007038116,0.12711770832538605
6118,0.255149245262146,0.12821613252162933,0.12693311274051666
6119,0.2541121244430542,0.12770380079746246,0.12640832364559174
6120,0.2529396414756775,0.12794817984104156,0.12499146163463593
6121,0.25301632285118103,0.1278214454650879,0.12519487738609314
6122,0.25470784306526184,0.1275957226753235,0.12711212038993835
6123,0.2570189833641052,0.12791483104228973,0.1291041374206543
6124,0.258367657661438,0.127371147274971,0.1309964954853058
6125,0.2580038607120514,0.12780702114105225,0.13019683957099915
6126,0.2564622461795807,0.1273740977048874,0.1290881484746933
6127,0.2552439868450165,0.12749545276165009,0.1277485340833664
6128,0.25534218549728394,0.1275084912776947,0.12783369421958923
6129,0.25645384192466736,0.127155601978302,0.12929823994636536
6130,0.25720375776290894,0.1275622546672821,0.12964151799678802
6131,0.2563352584838867,0.12698860466480255,0.12934666872024536
6132,0.25395625829696655,0.12738817930221558,0.12656807899475098
6133,0.2514597773551941,0.1270478367805481,0.12441194802522659
6134,0.25039467215538025,0.12704190611839294,0.12335275858640671
6135,0.25109389424324036,0.12718357145786285,0.1239103302359581
6136,0.25245311856269836,0.12673577666282654,0.12571734189987183
6137,0.2529800534248352,0.12717843055725098,0.12580162286758423
6138,0.25209420919418335,0.12664002180099487,0.12545417249202728
6139,0.25064268708229065,0.12694279849529266,0.12369988113641739
6140,0.2500917315483093,0.12673890590667725,0.12335282564163208
6141,0.25123104453086853,0.1265910416841507,0.12464001029729843
6142,0.2534693479537964,0.12684878706932068,0.1266205757856369
6143,0.2552987337112427,0.126336470246315,0.12896227836608887
6144,0.2556210458278656,0.12677983939647675,0.12884120643138885
6145,0.25452670454978943,0.12630301713943481,0.12822368741035461
6146,0.253318190574646,0.12649670243263245,0.12682148814201355
6147,0.2532126307487488,0.12642517685890198,0.1267874389886856
6148,0.25436362624168396,0.12614960968494415,0.1282140165567398
6149,0.25565028190612793,0.12650392949581146,0.12914636731147766
6150,0.25561094284057617,0.12594524025917053,0.12966568768024445
6151,0.25380828976631165,0.12637226283550262,0.12743602693080902
6152,0.2512117028236389,0.12596946954727173,0.1252422332763672
6153,0.24947451055049896,0.1260463297367096,0.12342818081378937
6154,0.2494449019432068,0.1261056661605835,0.1233392283320427
6155,0.2504761517047882,0.12571996450424194,0.12475619465112686
6156,0.25109750032424927,0.1261347085237503,0.12496277689933777
6157,0.2503351867198944,0.12558408081531525,0.12475111335515976
6158,0.24861878156661987,0.12593623995780945,0.12268254905939102
6159,0.24735230207443237,0.1256573349237442,0.12169495970010757
6160,0.24768368899822235,0.1255931556224823,0.12209053337574005
6161,0.24949631094932556,0.12577734887599945,0.12371896207332611
6162,0.25150957703590393,0.12531182169914246,0.12619775533676147
6163,0.25240227580070496,0.125745952129364,0.12665632367134094
6164,0.2518288195133209,0.1252385675907135,0.12659025192260742
6165,0.25075793266296387,0.12549737095832825,0.12526056170463562
6166,0.2504916191101074,0.1253402680158615,0.12515133619308472
6167,0.25160670280456543,0.12515248358249664,0.1264542192220688
6168,0.25337374210357666,0.12543685734272003,0.12793688476085663
6169,0.2543394863605499,0.12491422146558762,0.1294252723455429
6170,0.25359421968460083,0.12534992396831512,0.1282442957162857
6171,0.25150853395462036,0.12489636987447739,0.12661217153072357
6172,0.24954520165920258,0.12505516409873962,0.12449003756046295
6173,0.24892231822013855,0.12502147257328033,0.12390084564685822
6174,0.24956034123897552,0.12471634149551392,0.12484399974346161
6175,0.25022876262664795,0.12508201599121094,0.125146746635437
6176,0.24964790046215057,0.12453792989253998,0.1251099705696106
6177,0.24774843454360962,0.12492798268795013,0.12282044440507889
6178,0.24568645656108856,0.12457729876041412,0.12110915780067444
6179,0.24488338828086853,0.12460203468799591,0.12028136104345322
6180,0.2457732856273651,0.12470005452632904,0.12107323855161667
6181,0.24747636914253235,0.12429730594158173,0.12317905575037003
6182,0.24859295785427094,0.12470494955778122,0.12388800829648972
6183,0.24836763739585876,0.12418170273303986,0.12418593466281891
6184,0.24733379483222961,0.12449610233306885,0.12283769994974136
6185,0.24675478041172028,0.12425640225410461,0.12249837815761566
6186,0.24755781888961792,0.12416103482246399,0.12339678406715393
6187,0.24948778748512268,0.12436345219612122,0.12512433528900146
6188,0.2513048052787781,0.12389382719993591,0.12741097807884216
6189,0.251816064119339,0.1243196576833725,0.1274964064359665
6190,0.25080421566963196,0.12383037060499191,0.12697383761405945
6191,0.24930274486541748,0.12406501173973083,0.12523773312568665
6192,0.24863390624523163,0.12393351644277573,0.1247003898024559
6193,0.24924758076667786,0.12372478097677231,0.12552280724048615
6194,0.25032997131347656,0.12401928007602692,0.12631070613861084
6195,0.250438392162323,0.12350413203239441,0.1269342601299286
6196,0.24893732368946075,0.12391495704650879,0.12502236664295197
6197,0.24645256996154785,0.12350089848041534,0.1229516789317131
6198,0.24450244009494781,0.12361517548561096,0.12088726460933685
6199,0.2441057562828064,0.12362045794725418,0.12048529833555222
6200,0.24498969316482544,0.12328986078500748,0.12169983983039856
6201,0.24588653445243835,0.12366271018981934,0.12222383171319962
6202,0.24567091464996338,0.12312793731689453,0.12254298478364944
6203,0.24436697363853455,0.12349700927734375,0.1208699643611908
6204,0.2430838942527771,0.12317189574241638,0.11991200596094131
6205,0.24305300414562225,0.123173788189888,0.11987921595573425
6206,0.2445441484451294,0.12328817695379257,0.12125596404075623
6207,0.24664020538330078,0.1228782907128334,0.12376192212104797
6208,0.24800485372543335,0.1232866495847702,0.12471819669008255
6209,0.24793031811714172,0.12276818603277206,0.12516212463378906
6210,0.2469700574874878,0.12307550758123398,0.12389454990625381
6211,0.24639198184013367,0.1228441670536995,0.12354780733585358
6212,0.24709472060203552,0.12274105846881866,0.12435366958379745
6213,0.24878334999084473,0.12294869124889374,0.125834658741951
6214,0.2501066029071808,0.12248121947050095,0.12762537598609924
6215,0.2499302476644516,0.12289625406265259,0.127033993601799
6216,0.24811725318431854,0.12242904305458069,0.12568821012973785
6217,0.24589359760284424,0.12263362109661102,0.12325996905565262
6218,0.24461480975151062,0.12253683805465698,0.12207797914743423
6219,0.24474014341831207,0.12229320406913757,0.1224469393491745
6220,0.24541454017162323,0.12261711806058884,0.1227974221110344
6221,0.24527373909950256,0.12207863479852676,0.1231950968503952
6222,0.24374282360076904,0.1225036010146141,0.12123922258615494
6223,0.24156293272972107,0.12208298593759537,0.1194799542427063
6224,0.2402159869670868,0.12219782918691635,0.11801815032958984
6225,0.24061596393585205,0.12220634520053864,0.11840962618589401
6226,0.24234864115715027,0.12187213450670242,0.12047649919986725
6227,0.24405738711357117,0.12224987894296646,0.1218075156211853
6228,0.24457040429115295,0.12171220034360886,0.1228581964969635
6229,0.24388813972473145,0.12208524346351624,0.1218029037117958
6230,0.24310171604156494,0.1217576116323471,0.12134409695863724
6231,0.2434532642364502,0.12176099419593811,0.12169226258993149
6232,0.24520403146743774,0.12187493592500687,0.12332909554243088
6233,0.24732337892055511,0.12146668136119843,0.1258566975593567
6234,0.24840626120567322,0.12187057733535767,0.12653568387031555
6235,0.24766898155212402,0.12136528640985489,0.12630368769168854
6236,0.245820552110672,0.1216500848531723,0.1241704672574997
6237,0.24423402547836304,0.12145169079303741,0.12278232723474503
6238,0.2439395785331726,0.12130624055862427,0.12263333797454834
6239,0.24462296068668365,0.12155995517969131,0.12306300550699234
6240,0.24495543539524078,0.12104582786560059,0.1239096075296402
6241,0.24383854866027832,0.12150022387504578,0.12233831733465195
6242,0.24140964448451996,0.12100353091955185,0.12040611356496811
6243,0.23908141255378723,0.12122377753257751,0.11785763502120972
6244,0.23829689621925354,0.1211218535900116,0.11717504262924194
6245,0.23931869864463806,0.12087765336036682,0.11844104528427124
6246,0.2410508692264557,0.12120366096496582,0.11984720081090927
6247,0.24201583862304688,0.12066920101642609,0.12134663015604019
6248,0.2416256070137024,0.12108691036701202,0.12053868919610977
6249,0.2406122088432312,0.12067931890487671,0.11993288993835449
6250,0.24038055539131165,0.12078053504228592,0.11960001289844513
6251,0.24171018600463867,0.120801642537117,0.12090854346752167
6252,0.24402126669883728,0.12046042084693909,0.1235608458518982
6253,0.24586594104766846,0.12083718925714493,0.12502874433994293
6254,0.24598616361618042,0.12031389772891998,0.12567226588726044
6255,0.2445424497127533,0.12065792083740234,0.12388452142477036
6256,0.2427443265914917,0.12037459015846252,0.12236974388360977
6257,0.24199333786964417,0.12032070755958557,0.121672622859478
6258,0.2425134927034378,0.12049829959869385,0.12201519310474396
6259,0.24322691559791565,0.12002729624509811,0.12319962680339813
6260,0.24274477362632751,0.12048263847827911,0.122262142598629
6261,0.24062998592853546,0.11994235217571259,0.12068763375282288
6262,0.23796668648719788,0.12023908644914627,0.1177276074886322
6263,0.23641932010650635,0.1200459823012352,0.11637334525585175
6264,0.23682700097560883,0.11988567560911179,0.11694132536649704
6265,0.23850780725479126,0.12015317380428314,0.11835462599992752
6266,0.23990856111049652,0.1196393221616745,0.12026923894882202
6267,0.2399728000164032,0.1200789287686348,0.1198938637971878
6268,0.23898038268089294,0.11961475014686584,0.1193656399846077
6269,0.23829138278961182,0.1197948306798935,0.11849655956029892
6270,0.23906946182250977,0.11973371356725693,0.11933575570583344
6271,0.24120962619781494,0.11945882439613342,0.12175079435110092
6272,0.24340210855007172,0.11979914456605911,0.1236029639840126
6273,0.24410367012023926,0.11927497386932373,0.12482869625091553
6274,0.24298503994941711,0.11965759098529816,0.12332745641469955
6275,0.24099072813987732,0.11930899322032928,0.12168174237012863
6276,0.23971354961395264,0.11933265626430511,0.12038089334964752
6277,0.2398490011692047,0.1194380447268486,0.1204109638929367
6278,0.2406761795282364,0.11901639401912689,0.1216597855091095
6279,0.2407223880290985,0.11945585906505585,0.12126652151346207
6280,0.2391069084405899,0.1188952699303627,0.1202116385102272
6281,0.23649898171424866,0.11924487352371216,0.1172541007399559
6282,0.23454949259757996,0.11898014694452286,0.1155693456530571
6283,0.2344934046268463,0.11889344453811646,0.11559996753931046
6284,0.2360842227935791,0.11910238116979599,0.11698184907436371
6285,0.237868070602417,0.11861895024776459,0.1192491203546524
6286,0.23846855759620667,0.1190636157989502,0.11940494924783707
6287,0.2377105951309204,0.11856147646903992,0.1191491186618805
6288,0.23675815761089325,0.11880376935005188,0.11795438826084137
6289,0.23700010776519775,0.11867119371891022,0.11832892149686813
6290,0.23878180980682373,0.11845991015434265,0.12032189220190048
6291,0.24105976521968842,0.11875856667757034,0.12230119854211807
6292,0.24216169118881226,0.11824476718902588,0.12391693145036697
6293,0.24134580790996552,0.11865073442459106,0.12269507348537445
6294,0.23923297226428986,0.118252232670784,0.12098073959350586
6295,0.23747554421424866,0.11834163218736649,0.11913391202688217
6296,0.23714753985404968,0.11838088929653168,0.118766650557518
6297,0.23791548609733582,0.11801008880138397,0.11990539729595184
6298,0.23835375905036926,0.11842455714941025,0.11992919445037842
6299,0.23726516962051392,0.11785805225372314,0.11940712481737137
6300,0.2349013388156891,0.11824400722980499,0.1166573241353035
6301,0.23276355862617493,0.11792327463626862,0.11484029144048691
6302,0.23233437538146973,0.11789965629577637,0.11443472653627396
6303,0.23377183079719543,0.11805321276187897,0.11571861058473587
6304,0.23581463098526,0.11760376393795013,0.11821087449789047
6305,0.23690244555473328,0.11804413795471191,0.11885830014944077
6306,0.23645703494548798,0.11751686036586761,0.11894017457962036
6307,0.23537760972976685,0.11780905723571777,0.11756855994462967
6308,0.23514775931835175,0.11761429905891418,0.11753346025943756
6309,0.23650062084197998,0.117462657392025,0.11903796344995499
6310,0.2387152761220932,0.1177174374461174,0.1209978386759758
6311,0.24012011289596558,0.11722156405448914,0.12289854139089584
6312,0.23964494466781616,0.11764056235551834,0.12200438231229782
6313,0.23755554854869843,0.11720266938209534,0.12035287916660309
6314,0.23544391989707947,0.11734974384307861,0.11809417605400085
6315,0.23466843366622925,0.11732702702283859,0.11734141409397125
6316,0.2352854311466217,0.11700800061225891,0.11827743053436279
6317,0.23601604998111725,0.11739201843738556,0.11862403154373169
6318,0.23543988168239594,0.11682742089033127,0.11861246079206467
6319,0.2333926260471344,0.11724124848842621,0.11615138500928879
6320,0.23113876581192017,0.11687079817056656,0.1142679750919342
6321,0.23031455278396606,0.11690762639045715,0.11340693384408951
6322,0.23146501183509827,0.1170044094324112,0.11446060240268707
6323,0.23360377550125122,0.11659464240074158,0.11700914055109024
6324,0.2350960224866867,0.11702198535203934,0.11807403713464737
6325,0.23500992357730865,0.11647939682006836,0.1185305267572403
6326,0.23391717672348022,0.1168135404586792,0.11710362881422043
6327,0.2332940697669983,0.1165611669421196,0.11673291027545929
6328,0.23420360684394836,0.11646892130374908,0.11773467808961868
6329,0.23628976941108704,0.11667579412460327,0.11961398273706436
6330,0.2379806637763977,0.11620444059371948,0.12177621573209763
6331,0.23794114589691162,0.1166280135512352,0.12131313234567642
6332,0.2360515296459198,0.1161581352353096,0.1198933944106102
6333,0.23373514413833618,0.11635784804821014,0.11737730354070663
6334,0.2325405776500702,0.1162741407752037,0.11626644432544708
6335,0.23291683197021484,0.11601027846336365,0.1169065609574318
6336,0.2338154911994934,0.11635737121105194,0.11745811253786087
6337,0.2336893379688263,0.11580319702625275,0.11788614839315414
6338,0.23198404908180237,0.11623670160770416,0.11574734002351761
6339,0.22965788841247559,0.11582238972187042,0.11383550614118576
6340,0.22840332984924316,0.11591745167970657,0.11248587816953659
6341,0.2291243076324463,0.11595530807971954,0.11316899955272675
6342,0.23117682337760925,0.11559095233678818,0.11558587849140167
6343,0.2329559028148651,0.11599664390087128,0.11695925146341324
6344,0.23324227333068848,0.11544771492481232,0.11779455095529556
6345,0.23224928975105286,0.11581628024578094,0.11643300205469131
6346,0.23133906722068787,0.115510955452919,0.11582811921834946
6347,0.23182091116905212,0.11547868698835373,0.1163422167301178
6348,0.23372842371463776,0.11563235521316528,0.11809606850147247
6349,0.23569563031196594,0.11519430577754974,0.1205013319849968
6350,0.23620831966400146,0.11561274528503418,0.12059557437896729
6351,0.23474320769309998,0.11511947214603424,0.11962372809648514
6352,0.23243211209774017,0.1153671145439148,0.11706499755382538
6353,0.2308935970067978,0.11522229015827179,0.115671306848526
6354,0.23096144199371338,0.1150175929069519,0.11594385653734207
6355,0.23191282153129578,0.11532198637723923,0.11659082770347595
6356,0.2321709841489792,0.11478421837091446,0.11738676577806473
6357,0.2308140993118286,0.11523297429084778,0.11558113247156143
6358,0.22842368483543396,0.11477580666542053,0.11364788562059402
6359,0.22666078805923462,0.11493174731731415,0.11172903329133987
6360,0.22677180171012878,0.11490446329116821,0.11186733096837997
6361,0.22852468490600586,0.11459410190582275,0.1139305904507637
6362,0.23045200109481812,0.1149682104587555,0.11548379808664322
6363,0.2311062216758728,0.1144217848777771,0.1166844293475151
6364,0.23030568659305573,0.11481895297765732,0.11548673361539841
6365,0.2292003631591797,0.1144624724984169,0.11473789811134338
6366,0.22926665842533112,0.11449287831783295,0.11477378010749817
6367,0.2309376299381256,0.11458663642406464,0.11635099351406097
6368,0.23315337300300598,0.1141912192106247,0.11896216124296188
6369,0.23431724309921265,0.11459500342607498,0.11972223967313766
6370,0.2335052788257599,0.11408545076847076,0.11941982060670853
6371,0.23145103454589844,0.1143781840801239,0.11707285791635513
6372,0.2297075092792511,0.11417043209075928,0.11553708463907242
6373,0.2294488102197647,0.11403141915798187,0.11541739106178284
6374,0.2303539514541626,0.11428310722112656,0.11607084423303604
6375,0.230951726436615,0.11377188563346863,0.11717984080314636
6376,0.2300042062997818,0.11422844976186752,0.11577575653791428
6377,0.22762995958328247,0.11373184621334076,0.11389812082052231
6378,0.2253352701663971,0.11395087838172913,0.11138439923524857
6379,0.22466108202934265,0.1138511672616005,0.11080992221832275
6380,0.22586333751678467,0.11360526084899902,0.11225808411836624
6381,0.22773562371730804,0.1139368936419487,0.11379873007535934
6382,0.22868287563323975,0.1134028285741806,0.11528005450963974
6383,0.2281089425086975,0.11382082104682922,0.11428812891244888
6384,0.22686156630516052,0.11341611295938492,0.11344544589519501
6385,0.22648528218269348,0.11351074278354645,0.11297454684972763
6386,0.22779932618141174,0.11353913694620132,0.11426018923521042
6387,0.23013612627983093,0.11319483816623688,0.11694128811359406
6388,0.23193490505218506,0.11357435584068298,0.11836054176092148
6389,0.23193494975566864,0.11305700242519379,0.11887794733047485
6390,0.23040124773979187,0.11338996142148972,0.11701128631830215
6391,0.22868047654628754,0.11311926692724228,0.11556120961904526
6392,0.2281903326511383,0.1130513995885849,0.11513892561197281
6393,0.229048490524292,0.11324076354503632,0.11580773442983627
6394,0.2300199568271637,0.11276770383119583,0.11725226044654846
6395,0.2296312153339386,0.11322184652090073,0.11640936136245728
6396,0.2274823784828186,0.11269202083349228,0.11479036509990692
6397,0.22477470338344574,0.11297328025102615,0.11180142313241959
6398,0.22323459386825562,0.11279691010713577,0.11043767631053925
6399,0.22364428639411926,0.1126241534948349,0.11102012544870377
6400,0.22519318759441376,0.11290176212787628,0.11229142546653748
6401,0.22625456750392914,0.11239154636859894,0.1138630211353302
6402,0.22585102915763855,0.1128200963139534,0.11303092539310455
6403,0.22445447742938995,0.1123746782541275,0.11207979917526245
6404,0.22356630861759186,0.11253084242343903,0.11103546619415283
6405,0.22433584928512573,0.11249169707298279,0.11184415966272354
6406,0.2265380322933197,0.11220504343509674,0.11433298885822296
6407,0.22877025604248047,0.11255070567131042,0.11621955037117004
6408,0.2295517921447754,0.11203545331954956,0.11751634627580643
6409,0.22867488861083984,0.11240027099847794,0.11627461016178131
6410,0.22718144953250885,0.1120709627866745,0.11511048674583435
6411,0.22659732401371002,0.11207621544599533,0.11452110856771469
6412,0.22744497656822205,0.11219555139541626,0.11524941772222519
6413,0.2288322150707245,0.11177358031272888,0.11705862730741501
6414,0.2292006015777588,0.11220954358577728,0.11699105054140091
6415,0.2276572585105896,0.11166080087423325,0.11599645018577576
6416,0.22493506968021393,0.11199499666690826,0.11294007301330566
6417,0.2227354645729065,0.11174431443214417,0.11099115014076233
6418,0.22230154275894165,0.11164934933185577,0.11065218597650528
6419,0.2233329713344574,0.11186350882053375,0.11146946251392365
6420,0.22433176636695862,0.11138986051082611,0.1129419133067131
6421,0.22401723265647888,0.11181697994470596,0.11220025271177292
6422,0.22243466973304749,0.11133994162082672,0.11109472066164017
6423,0.22093665599822998,0.11155137419700623,0.10938528180122375
6424,0.22093333303928375,0.11144573986530304,0.10948759317398071
6425,0.22265467047691345,0.11122032254934311,0.11143434047698975
6426,0.22496160864830017,0.11152401566505432,0.11343758553266525
6427,0.2262878268957138,0.11102185398340225,0.11526597291231155
6428,0.22601112723350525,0.11140727251768112,0.11460384726524353
6429,0.2248261421918869,0.11102816462516785,0.11379797756671906
6430,0.22422249615192413,0.11110300570726395,0.11311949044466019
6431,0.2250494509935379,0.11114810407161713,0.11390134692192078
6432,0.22681967914104462,0.11078866571187973,0.11603101342916489
6433,0.2280619740486145,0.1111895889043808,0.1168723776936531
6434,0.22752216458320618,0.11064042150974274,0.11688173562288284
6435,0.225371316075325,0.11101289838552475,0.11435841768980026
6436,0.2230268120765686,0.11069588363170624,0.11233093589544296
6437,0.22199706733226776,0.110680490732193,0.11131657660007477
6438,0.22251659631729126,0.11082100123167038,0.11169560253620148
6439,0.22337986528873444,0.11039867997169495,0.11298118531703949
6440,0.22314569354057312,0.11080724000930786,0.11233845353126526
6441,0.22141236066818237,0.11031366139650345,0.11109870672225952
6442,0.21926331520080566,0.11057110130786896,0.1086922213435173
6443,0.21826112270355225,0.11040259897708893,0.10785853117704391
6444,0.21910375356674194,0.11024060845375061,0.10886315256357193
6445,0.22103914618492126,0.11049534380435944,0.11054380238056183
6446,0.2225370556116104,0.11001554131507874,0.11252151429653168
6447,0.22262510657310486,0.11041133105754852,0.11221378296613693
6448,0.2216247320175171,0.10999058932065964,0.11163413524627686
6449,0.2208852916955948,0.11013098806142807,0.11075430363416672
6450,0.22150973975658417,0.1101008728146553,0.11140886694192886
6451,0.22342967987060547,0.10981180518865585,0.11361786723136902
6452,0.22540950775146484,0.11016388982534409,0.11524562537670135
6453,0.22602754831314087,0.10963113605976105,0.11639641970396042
6454,0.22493687272071838,0.11002577841281891,0.11491110175848007
6455,0.22309528291225433,0.10965294390916824,0.11344233900308609
6456,0.22202271223068237,0.10971538722515106,0.11230732500553131
6457,0.2223934829235077,0.1097751259803772,0.11261836439371109
6458,0.22340556979179382,0.10941837728023529,0.11398718506097794
6459,0.22360019385814667,0.1097923219203949,0.11380787193775177
6460,0.22208763659000397,0.10929666459560394,0.11279097199440002
6461,0.2195323407649994,0.10959048569202423,0.10994185507297516
6462,0.2174881398677826,0.10936324298381805,0.10812489688396454
6463,0.21713224053382874,0.10926544666290283,0.1078667864203453
6464,0.21824440360069275,0.10946758091449738,0.10877683013677597
6465,0.21947796642780304,0.10901375114917755,0.11046421527862549
6466,0.21958452463150024,0.10941681265830994,0.1101677194237709
6467,0.2184680700302124,0.1089557558298111,0.1095123216509819
6468,0.21726664900779724,0.1091623604297638,0.10810429602861404
6469,0.21729089319705963,0.10905388742685318,0.10823700577020645
6470,0.2188931703567505,0.10883995145559311,0.11005321145057678
6471,0.22115273773670197,0.10913543403148651,0.11201730370521545
6472,0.22261366248130798,0.10862892121076584,0.11398474127054214
6473,0.22251948714256287,0.10903555154800415,0.11348393559455872
6474,0.221373051404953,0.10861606895923615,0.11275698989629745
6475,0.22056442499160767,0.10875199735164642,0.11181243509054184
6476,0.22108441591262817,0.10872872918844223,0.11235567927360535
6477,0.2225998044013977,0.10844485461711884,0.11415495723485947
6478,0.22377285361289978,0.10877314954996109,0.11499971151351929
6479,0.22327905893325806,0.10828649997711182,0.11499255895614624
6480,0.22118070721626282,0.10861052572727203,0.11257018893957138
6481,0.21870966255664825,0.10832568258047104,0.11038397997617722
6482,0.21739178895950317,0.10829657316207886,0.10909521579742432
6483,0.21762903034687042,0.10843954980373383,0.1091894805431366
6484,0.21845564246177673,0.10801640152931213,0.1104392483830452
6485,0.2184605747461319,0.10842663049697876,0.11003394424915314
6486,0.21705928444862366,0.10791972279548645,0.10913955420255661
6487,0.215089350938797,0.1082024872303009,0.1068868562579155
6488,0.21404673159122467,0.10800430178642273,0.10604242980480194
6489,0.21478846669197083,0.10787537693977356,0.10691308230161667
6490,0.2167971134185791,0.10810668021440506,0.10869042575359344
6491,0.2186327874660492,0.10763105750083923,0.11100173741579056
6492,0.21915440261363983,0.10804596543312073,0.1111084371805191
6493,0.21840913593769073,0.10758273303508759,0.11082640290260315
6494,0.21761253476142883,0.10778987407684326,0.10982265323400497
6495,0.21801578998565674,0.10768483579158783,0.1103309616446495
6496,0.21978509426116943,0.10747431963682175,0.11231078207492828
6497,0.22183728218078613,0.10775389522314072,0.11408339440822601
6498,0.22261080145835876,0.10727997124195099,0.11533083766698837
6499,0.221563458442688,0.10763221979141235,0.11393123120069504
6500,0.21942028403282166,0.10728871822357178,0.11213156580924988
6501,0.21777966618537903,0.10733534395694733,0.1104443147778511
6502,0.21755215525627136,0.10740650445222855,0.11014564335346222
6503,0.21827414631843567,0.10702987015247345,0.11124427616596222
6504,0.21853145956993103,0.10743219405412674,0.11109927296638489
6505,0.21724635362625122,0.10689027607440948,0.11035607755184174
6506,0.21478211879730225,0.10724576562643051,0.10753634572029114
6507,0.21264398097991943,0.10695408284664154,0.1056898981332779
6508,0.21221844851970673,0.10691934823989868,0.10529910027980804
6509,0.21356280148029327,0.10707440227270126,0.10648839920759201
6510,0.2154107391834259,0.1066417321562767,0.1087689995765686
6511,0.21630187332630157,0.1070539653301239,0.10924790799617767
6512,0.2157822698354721,0.10655652731657028,0.10922574251890182
6513,0.21478760242462158,0.10682760924100876,0.10796000063419342
6514,0.2147432267665863,0.106645368039608,0.1080978512763977
6515,0.2162967324256897,0.1065070778131485,0.1097896620631218
6516,0.21870988607406616,0.10673478245735168,0.11197511106729507
6517,0.22036869823932648,0.1062803789973259,0.11408831924200058
6518,0.2202536165714264,0.10665151476860046,0.11360210925340652
6519,0.21858638525009155,0.10625772178173065,0.1123286560177803
6520,0.21685251593589783,0.10637588798999786,0.11047662049531937
6521,0.21630139648914337,0.10637204349040985,0.10992935299873352
6522,0.21698132157325745,0.10605488717556,0.11092644184827805
6523,0.21764779090881348,0.10642871260643005,0.11121907085180283
6524,0.21688687801361084,0.10587769001722336,0.11100918054580688
6525,0.21452677249908447,0.10628042370080948,0.1082463413476944
6526,0.21183426678180695,0.10591518878936768,0.10591907799243927
6527,0.2105121910572052,0.10596254467964172,0.10454964637756348
6528,0.2111874222755432,0.10604386776685715,0.10514355450868607
6529,0.21293219923973083,0.10566029697656631,0.10727190226316452
6530,0.21414099633693695,0.10605831444263458,0.10808268189430237
6531,0.21390855312347412,0.10554169118404388,0.10836686939001083
6532,0.21280689537525177,0.1058616042137146,0.10694529116153717
6533,0.2122955620288849,0.10561386495828629,0.1066816970705986
6534,0.21341338753700256,0.10554032027721405,0.10787307471036911
6535,0.21580937504768372,0.10571737587451935,0.11009200662374496
6536,0.2179437130689621,0.1052880585193634,0.1126556545495987
6537,0.21846210956573486,0.10566696524620056,0.1127951517701149
6538,0.2171461433172226,0.10523688793182373,0.11190925538539886
6539,0.21529090404510498,0.10541234165430069,0.10987856984138489
6540,0.21436358988285065,0.10534322261810303,0.10902036726474762
6541,0.21484823524951935,0.10508300364017487,0.10976523160934448
6542,0.21575257182121277,0.1054215058684349,0.11033105850219727
6543,0.21551282703876495,0.10487765073776245,0.1106351763010025
6544,0.21351775527000427,0.10530556738376617,0.1082121878862381
6545,0.21069997549057007,0.10489051043987274,0.10580947250127792
6546,0.20885643362998962,0.10500045865774155,0.10385598242282867
6547,0.2090398371219635,0.10502004623413086,0.10401979088783264
6548,0.2106938511133194,0.10468247532844543,0.10601137578487396
6549,0.21221554279327393,0.10506117343902588,0.10715436190366745
6550,0.21235987544059753,0.1045355275273323,0.10782434046268463
6551,0.21132072806358337,0.1048910990357399,0.10642962902784348
6552,0.21046820282936096,0.1045902669429779,0.10587793588638306
6553,0.21111789345741272,0.10457383096218109,0.10654406994581223
6554,0.21330246329307556,0.10470245033502579,0.10860000550746918
6555,0.2156514972448349,0.10430239886045456,0.11134909838438034
6556,0.21661239862442017,0.10467945039272308,0.11193295568227768
6557,0.21559149026870728,0.10422556102275848,0.1113659217953682
6558,0.21364234387874603,0.10444566607475281,0.10919667780399323
6559,0.21233218908309937,0.10432116687297821,0.10801101475954056
6560,0.21251094341278076,0.10411375015974045,0.10839720070362091
6561,0.2134793996810913,0.10441435873508453,0.10906503349542618
6562,0.21364998817443848,0.10388685762882233,0.10976313054561615
6563,0.2120743691921234,0.10432571172714233,0.10774865746498108
6564,0.20933857560157776,0.10387620329856873,0.10546237975358963
6565,0.20719082653522491,0.10403522104024887,0.10315560549497604
6566,0.2069748342037201,0.10400184988975525,0.10297298431396484
6567,0.20849665999412537,0.10370861738920212,0.10478804260492325
6568,0.21026211977005005,0.10406306385993958,0.10619906336069107
6569,0.21080060303211212,0.10353806614875793,0.10726253688335419
6570,0.20994538068771362,0.10391759127378464,0.10602779686450958
6571,0.20888757705688477,0.10357365012168884,0.10531393438577652
6572,0.20910954475402832,0.10360787808895111,0.1055016741156578
6573,0.2109965682029724,0.10369016975164413,0.10730639100074768
6574,0.2134213000535965,0.10332245379686356,0.11009884625673294
6575,0.2147441804409027,0.10369044542312622,0.11105372756719589
6576,0.21404922008514404,0.10322168469429016,0.11082754284143448
6577,0.2121092528104782,0.10347701609134674,0.10863223671913147
6578,0.2104947865009308,0.10330386459827423,0.10719092190265656
6579,0.21035146713256836,0.10314666479825974,0.10720480233430862
6580,0.21128976345062256,0.10340818762779236,0.1078815683722496
6581,0.21178777515888214,0.10290180146694183,0.10888597369194031
6582,0.21063798666000366,0.10334458202123642,0.10729340463876724
6583,0.20806294679641724,0.10286780446767807,0.10519513487815857
6584,0.20567655563354492,0.10307078063488007,0.10260577499866486
6585,0.20503666996955872,0.10298722982406616,0.10204944759607315
6586,0.20631223917007446,0.10273957252502441,0.10357266664505005
6587,0.20819063484668732,0.10306493192911148,0.10512570291757584
6588,0.2090608775615692,0.1025465577840805,0.10651431232690811
6589,0.20842015743255615,0.10294272005558014,0.10547742992639542
6590,0.2072301208972931,0.10256243497133255,0.10466769337654114
6591,0.20705410838127136,0.10264390707015991,0.10441019386053085
6592,0.20860201120376587,0.10268009454011917,0.1059219092130661
6593,0.21104003489017487,0.10234781354665756,0.1086922213435173
6594,0.21272729337215424,0.10270088911056519,0.11002640426158905
6595,0.21247020363807678,0.10222291946411133,0.11024728417396545
6596,0.210707426071167,0.1025092750787735,0.10819815844297409
6597,0.20891529321670532,0.10228996723890305,0.10662532597780228
6598,0.20847254991531372,0.10218428075313568,0.10628826916217804
6599,0.2093270868062973,0.1024024710059166,0.1069246158003807
6600,0.21010449528694153,0.10192248970270157,0.10818200558423996
6601,0.2093925178050995,0.10236351191997528,0.1070290133357048
6602,0.20703211426734924,0.10186360031366348,0.10516851395368576
6603,0.2044263482093811,0.10210983455181122,0.10231651365756989
6604,0.2032817006111145,0.10197363048791885,0.10130806267261505
6605,0.20414486527442932,0.10177657753229141,0.1023682951927185
6606,0.20597296953201294,0.10206551849842072,0.10390745848417282
6607,0.2070935070514679,0.1015620157122612,0.10553149878978729
6608,0.20668676495552063,0.10196758806705475,0.10471917688846588
6609,0.20542943477630615,0.10155576467514038,0.10387367010116577
6610,0.204883873462677,0.10168325901031494,0.10320062190294266
6611,0.20604707300662994,0.10167057812213898,0.10437649488449097
6612,0.20842978358268738,0.10137885808944702,0.10705093294382095
6613,0.2104809284210205,0.10171005874872208,0.10877086967229843
6614,0.21078036725521088,0.10122992098331451,0.10955044627189636
6615,0.20939260721206665,0.1015433818101883,0.10784923285245895
6616,0.2075907289981842,0.10127907991409302,0.10631164908409119
6617,0.2069096863269806,0.10122738778591156,0.10568229109048843
6618,0.20765626430511475,0.10139641910791397,0.10625983774662018
6619,0.20869162678718567,0.10094861686229706,0.10774300247430801
6620,0.20846956968307495,0.10138272494077682,0.10708684474229813
6621,0.20642109215259552,0.1008620336651802,0.10555905848741531
6622,0.2036377191543579,0.10115350782871246,0.10248421877622604
6623,0.2019025683403015,0.10095983743667603,0.10094273090362549
6624,0.20216573774814606,0.10082130879163742,0.10134442895650864
6625,0.20374256372451782,0.10106417536735535,0.10267839580774307
6626,0.2049860954284668,0.10058372467756271,0.10440236330032349
6627,0.20477932691574097,0.10099267959594727,0.1037866547703743
6628,0.203459233045578,0.10055333375930786,0.10290589928627014
6629,0.20251017808914185,0.10072683542966843,0.10178335011005402
6630,0.20318791270256042,0.10066260397434235,0.10252531617879868
6631,0.20538952946662903,0.10041596740484238,0.10497355461120605
6632,0.20773980021476746,0.10071859508752823,0.10702120512723923
6633,0.20866400003433228,0.10024206340312958,0.1084219291806221
6634,0.20782896876335144,0.10057935118675232,0.10724961012601852
6635,0.2062210887670517,0.10027047991752625,0.10595060884952545
6636,0.2054329812526703,0.10027660429477692,0.10515637695789337
6637,0.20610842108726501,0.10038904845714569,0.10571937263011932
6638,0.2074321210384369,0.0999821275472641,0.1074499860405922
6639,0.20782040059566498,0.10040106624364853,0.10741933435201645
6640,0.20629462599754333,0.09986562281847,0.10642900317907333
6641,0.2035212218761444,0.10020151734352112,0.10331970453262329
6642,0.20122367143630981,0.09994517266750336,0.10127850621938705
6643,0.20073659718036652,0.0998736098408699,0.10086298733949661
6644,0.2018396258354187,0.10005906224250793,0.10178056359291077
6645,0.20303311944007874,0.09961378574371338,0.10341933369636536
6646,0.20294895768165588,0.10001656413078308,0.1029323935508728
6647,0.2015349268913269,0.09955635666847229,0.10197857022285461
6648,0.20010602474212646,0.09977316111326218,0.10033287107944489
6649,0.20012399554252625,0.09965473413467407,0.10046925395727158
6650,0.2019069492816925,0.09945820271968842,0.10244874656200409
6651,0.20434951782226562,0.0997256338596344,0.10462388396263123
6652,0.20581817626953125,0.09926027804613113,0.10655789077281952
6653,0.20559662580490112,0.09961677342653275,0.10597985237836838
6654,0.20431891083717346,0.09926429390907288,0.10505461692810059
6655,0.20352473855018616,0.09933130443096161,0.10419342666864395
6656,0.20415854454040527,0.09937849640846252,0.10478005558252335
6657,0.20579791069030762,0.09902545064687729,0.10677246004343033
6658,0.20695015788078308,0.09941563010215759,0.10753452777862549
6659,0.20629598200321198,0.09887752681970596,0.10741845518350601
6660,0.2039698362350464,0.09925100952386856,0.10471882671117783
6661,0.20142757892608643,0.09893178939819336,0.10249578207731247
6662,0.20026487112045288,0.09893404692411423,0.10133081674575806
6663,0.2007836252450943,0.09904967993497849,0.10173394531011581
6664,0.20178565382957458,0.09865475445985794,0.10313089936971664
6665,0.2017601579427719,0.09903787821531296,0.10272227972745895
6666,0.20022746920585632,0.0985669419169426,0.10166052728891373
6667,0.19822876155376434,0.09882093966007233,0.09940782189369202
6668,0.197353795170784,0.09864893555641174,0.09870485961437225
6669,0.19835099577903748,0.09850671887397766,0.09984427690505981
6670,0.2004946917295456,0.09873215854167938,0.10176253318786621
6671,0.20221692323684692,0.09828605502843857,0.10393087565898895
6672,0.2024720013141632,0.09865349531173706,0.10381850600242615
6673,0.20151124894618988,0.09826157987117767,0.10324966907501221
6674,0.2007039487361908,0.09839032590389252,0.10231362283229828
6675,0.20122167468070984,0.09836578369140625,0.10285589843988419
6676,0.20306456089019775,0.09807939827442169,0.10498515516519547
6677,0.20498991012573242,0.09842415153980255,0.10656576603651047
6678,0.20550280809402466,0.09790117293596268,0.10760163515806198
6679,0.20419716835021973,0.0982971042394638,0.10590006411075592
6680,0.20205265283584595,0.09792257845401764,0.10413007438182831
6681,0.20068493485450745,0.09800045192241669,0.10268448293209076
6682,0.2008543461561203,0.09803715348243713,0.10281719267368317
6683,0.20178979635238647,0.09770803153514862,0.10408176481723785
6684,0.2019839584827423,0.09805455803871155,0.10392939299345016
6685,0.20050643384456635,0.0975874736905098,0.10291896015405655
6686,0.19800299406051636,0.0978681892156601,0.10013480484485626
6687,0.19605837762355804,0.09764721989631653,0.09841115772724152
6688,0.1958760917186737,0.09755856543779373,0.09831751883029938
6689,0.19723926484584808,0.09774022549390793,0.09949903935194016
6690,0.19876450300216675,0.09731597453355789,0.10144852101802826
6691,0.1991407573223114,0.0976925790309906,0.1014481782913208
6692,0.19821462035179138,0.09726106375455856,0.10095354914665222
6693,0.19711631536483765,0.09745271503925323,0.09966360777616501
6694,0.19718697667121887,0.09735264629125595,0.09983433037996292
6695,0.19883638620376587,0.09714066237211227,0.101695716381073
6696,0.20115870237350464,0.09742923080921173,0.10372947156429291
6697,0.2026500403881073,0.09693461656570435,0.10571542382240295
6698,0.20249009132385254,0.09733841568231583,0.10515167564153671
6699,0.20115630328655243,0.0969204530119896,0.10423585027456284
6700,0.20009440183639526,0.09706850349903107,0.1030258983373642
6701,0.20037204027175903,0.0970248281955719,0.10334720462560654
6702,0.20169566571712494,0.09676975011825562,0.10492591559886932
6703,0.20270511507987976,0.097067691385746,0.10563741624355316
6704,0.20204196870326996,0.09661556780338287,0.10542640089988708
6705,0.19976726174354553,0.0969165787100792,0.10285069048404694
6706,0.19717103242874146,0.09664866328239441,0.10052236914634705
6707,0.19582542777061462,0.09661723673343658,0.09920818358659744
6708,0.19615349173545837,0.09675000607967377,0.0994034931063652
6709,0.197163924574852,0.09634999930858612,0.10081392526626587
6710,0.19739657640457153,0.0967363566160202,0.10066021233797073
6711,0.19622641801834106,0.09625934064388275,0.09996708482503891
6712,0.19445651769638062,0.09652438014745712,0.09793214499950409
6713,0.19357389211654663,0.09633724391460419,0.09723664075136185
6714,0.19445326924324036,0.09621087461709976,0.09824238717556
6715,0.19659975171089172,0.09643252193927765,0.10016722232103348
6716,0.19856563210487366,0.09597495198249817,0.10259068757295609
6717,0.19917401671409607,0.09637833386659622,0.10279568284749985
6718,0.19843000173568726,0.09592518955469131,0.10250480473041534
6719,0.19755332171916962,0.09613677114248276,0.10141655057668686
6720,0.19783811271190643,0.09601694345474243,0.101821169257164
6721,0.1994977593421936,0.09583459794521332,0.10366316139698029
6722,0.20145878195762634,0.09608141332864761,0.10537736117839813
6723,0.202127605676651,0.09564762562513351,0.10647998750209808
6724,0.20093679428100586,0.09596765041351318,0.10496915131807327
6725,0.19862017035484314,0.09565100073814392,0.10296917706727982
6726,0.19682230055332184,0.09568499028682709,0.10113731026649475
6727,0.19650283455848694,0.09575650095939636,0.10074632614850998
6728,0.19721949100494385,0.09539444744586945,0.1018250361084938
6729,0.19754086434841156,0.0957791656255722,0.10176169872283936
6730,0.19635418057441711,0.09526263922452927,0.10109154134988785
6731,0.19398701190948486,0.09560272842645645,0.09838428348302841
6732,0.1919310986995697,0.0953207015991211,0.09661039710044861
6733,0.1915813684463501,0.0952906459569931,0.096290722489357
6734,0.19302409887313843,0.09543337672948837,0.09759072214365005
6735,0.1950027346611023,0.09502346068620682,0.09997928142547607
6736,0.1960236132144928,0.09541786462068558,0.10060575604438782
6737,0.1955823004245758,0.09493690729141235,0.10064538568258286
6738,0.19459041953086853,0.09520594030618668,0.09938447922468185
6739,0.19449850916862488,0.09501419961452484,0.09948431700468063
6740,0.19601309299468994,0.09490109980106354,0.1011119931936264
6741,0.19843733310699463,0.09509683400392532,0.1033405065536499
6742,0.20014578104019165,0.09468366950750351,0.10546211898326874
6743,0.20006932318210602,0.09501991420984268,0.10504940897226334
6744,0.19837932288646698,0.09465672820806503,0.10372259467840195
6745,0.19656583666801453,0.09475889056921005,0.10180693864822388
6746,0.19593030214309692,0.09475895017385483,0.1011713445186615
6747,0.19658353924751282,0.0944521427154541,0.10213139653205872
6748,0.1972952038049698,0.09481266885995865,0.10248253494501114
6749,0.19660399854183197,0.09428185224533081,0.10232214629650116
6750,0.1942635178565979,0.09467512369155884,0.09958839416503906
6751,0.19150210916996002,0.09431373327970505,0.09718837589025497
6752,0.19006460905075073,0.09437195956707001,0.09569265693426132
6753,0.190662682056427,0.09443514794111252,0.09622753411531448
6754,0.19242262840270996,0.09407992660999298,0.09834269434213638
6755,0.1937122344970703,0.09445510804653168,0.09925713390111923
6756,0.19354620575904846,0.09395882487297058,0.09958737343549728
6757,0.19243115186691284,0.09427373111248016,0.09815742820501328
6758,0.19183465838432312,0.09401825070381165,0.09781640022993088
6759,0.1928759217262268,0.09396985173225403,0.09890606254339218
6760,0.19529232382774353,0.09411442279815674,0.10117790848016739
6761,0.1975679099559784,0.0937269926071167,0.1038409173488617
6762,0.19827979803085327,0.09407056868076324,0.10420923680067062
6763,0.19710418581962585,0.09367050975561142,0.10343367606401443
6764,0.1952836513519287,0.09383167326450348,0.10145197808742523
6765,0.194318950176239,0.09376494586467743,0.10055400431156158
6766,0.1947968304157257,0.09351781010627747,0.10127902776002884
6767,0.19578714668750763,0.09384098649024963,0.101946160197258
6768,0.1956830620765686,0.09331738948822021,0.10236568003892899
6769,0.19375252723693848,0.09373661875724792,0.10001591593027115
6770,0.1908341348171234,0.09332221746444702,0.0975119099020958
6771,0.18875356018543243,0.09344838559627533,0.0953051745891571
6772,0.1886962354183197,0.09344460815191269,0.09525161981582642
6773,0.19023104012012482,0.0931416004896164,0.09708943963050842
6774,0.1917688250541687,0.09349153190851212,0.09827730059623718
6775,0.19197049736976624,0.09299039840698242,0.09898010641336441
6776,0.1909172534942627,0.09333784133195877,0.09757940471172333
6777,0.18995314836502075,0.09303076565265656,0.0969223901629448
6778,0.19047847390174866,0.09303995966911316,0.0974385142326355
6779,0.19265182316303253,0.09313526004552841,0.09951656311750412
6780,0.19517318904399872,0.0927782729268074,0.10239491611719131
6781,0.19642771780490875,0.0931181013584137,0.10330961644649506
6782,0.1956748068332672,0.09269453585147858,0.10298027098178864
6783,0.19385233521461487,0.092901311814785,0.10095101594924927
6784,0.1925334930419922,0.09277792274951935,0.09975556284189224
6785,0.19269633293151855,0.09258698672056198,0.10010935366153717
6786,0.1937551498413086,0.09286905825138092,0.10088609904050827
6787,0.1941121220588684,0.09236274659633636,0.10174937546253204
6788,0.19267025589942932,0.0927925631403923,0.09987769275903702
6789,0.18985022604465485,0.0923418328166008,0.09750839322805405
6790,0.1873985230922699,0.09252132475376129,0.0948772057890892
6791,0.18682336807250977,0.09246093034744263,0.09436243772506714
6792,0.18812145292758942,0.09220606833696365,0.09591538459062576
6793,0.189853698015213,0.0925278514623642,0.09732584655284882
6794,0.1904495805501938,0.09202957153320312,0.09842000901699066
6795,0.18959051370620728,0.09239954501390457,0.0971909612417221
6796,0.1884043663740158,0.09205114841461182,0.09635321795940399
6797,0.18845200538635254,0.09211143851280212,0.09634057432413101
6798,0.19027793407440186,0.0921592190861702,0.09811871498823166
6799,0.19286683201789856,0.09183497726917267,0.10103185474872589
6800,0.19453343749046326,0.09216442704200745,0.10236900299787521
6801,0.19419419765472412,0.09172665327787399,0.10246753692626953
6802,0.1924557387828827,0.09197057038545609,0.1004851758480072
6803,0.1908576935529709,0.09179762005805969,0.0990600734949112
6804,0.19067922234535217,0.09165871888399124,0.09902049601078033
6805,0.19169090688228607,0.0918983668088913,0.09979254007339478
6806,0.1923992931842804,0.09141500294208527,0.10098429769277573
6807,0.19144266843795776,0.09184698760509491,0.09959568828344345
6808,0.18883630633354187,0.09137073159217834,0.09746556729078293
6809,0.18614667654037476,0.09159480035305023,0.09455188363790512
6810,0.18508970737457275,0.09148234128952026,0.0936073586344719
6811,0.1860649734735489,0.09127452969551086,0.09479044377803802
6812,0.18786874413490295,0.09156383574008942,0.09630490839481354
6813,0.18880799412727356,0.09107597172260284,0.09773202985525131
6814,0.1882019340991974,0.09146084636449814,0.09674108773469925
6815,0.1869044005870819,0.09107829630374908,0.09582611173391342
6816,0.18653365969657898,0.0911843329668045,0.09534933418035507
6817,0.18796668946743011,0.09118520468473434,0.09678148478269577
6818,0.19052007794380188,0.09089694917201996,0.09962312877178192
6819,0.19253851473331451,0.09121058136224747,0.10132793337106705
6820,0.19266685843467712,0.0907667726278305,0.10190009325742722
6821,0.19115152955055237,0.09103984385728836,0.1001116931438446
6822,0.18939918279647827,0.09082239866256714,0.09857677668333054
6823,0.18890444934368134,0.09073323011398315,0.09817121922969818
6824,0.1897956132888794,0.09092880040407181,0.09886681288480759
6825,0.19077253341674805,0.09047384560108185,0.1002986803650856
6826,0.1902988851070404,0.09090191125869751,0.09939698129892349
6827,0.18799260258674622,0.09040549397468567,0.09758710861206055
6828,0.18514776229858398,0.09067033976316452,0.09447742253541946
6829,0.1835867315530777,0.09050530940294266,0.09308142215013504
6830,0.18410375714302063,0.09034886956214905,0.09375488013029099
6831,0.18580996990203857,0.0905994325876236,0.09521053731441498
6832,0.18698877096176147,0.09013061970472336,0.09685815125703812
6833,0.18663835525512695,0.09052133560180664,0.09611702710390091
6834,0.18528878688812256,0.09011143445968628,0.09517734497785568
6835,0.1845208704471588,0.09025916457176208,0.09426171332597733
6836,0.18549832701683044,0.09021373838186264,0.0952845886349678
6837,0.1879052072763443,0.08996444195508957,0.09794076532125473
6838,0.19021673500537872,0.09025631844997406,0.09996041655540466
6839,0.19088396430015564,0.08981267362833023,0.101071298122406
6840,0.18976843357086182,0.09011006355285645,0.09965837746858597
6841,0.18804123997688293,0.08984997123479843,0.0981912687420845
6842,0.1873188316822052,0.08981280028820038,0.09750603139400482
6843,0.18808503448963165,0.08995974063873291,0.09812529385089874
6844,0.18931594491004944,0.08953958004713058,0.09977637231349945
6845,0.18938815593719482,0.08995754271745682,0.09943060576915741
6846,0.1875121146440506,0.08944477140903473,0.09806734323501587
6847,0.18461649119853973,0.08974990248680115,0.09486658871173859
6848,0.182529017329216,0.08952926099300385,0.09299975633621216
6849,0.182428777217865,0.08943101018667221,0.09299775958061218
6850,0.18382976949214935,0.08963415026664734,0.09419561922550201
6851,0.18509648740291595,0.08919323980808258,0.09590324759483337
6852,0.18494990468025208,0.08958140015602112,0.09536850452423096
6853,0.18355199694633484,0.08914962410926819,0.09440238028764725
6854,0.18235896527767181,0.08933701366186142,0.0930219516158104
6855,0.18276721239089966,0.08924411982297897,0.09352308511734009
6856,0.18486982583999634,0.08903859555721283,0.09583123028278351
6857,0.1873682737350464,0.08930254727602005,0.09806572645902634
6858,0.18860524892807007,0.08886431902647018,0.09974093735218048
6859,0.18804779648780823,0.08918172866106033,0.09886607527732849
6860,0.18654561042785645,0.08887961506843567,0.09766600281000137
6861,0.1857234537601471,0.08889873325824738,0.09682472050189972
6862,0.1863943636417389,0.0889895036816597,0.0974048599600792
6863,0.18790102005004883,0.08861374855041504,0.09928726404905319
6864,0.18864600360393524,0.0890115350484848,0.09963446855545044
6865,0.1874561458826065,0.08848872780799866,0.09896741807460785
6866,0.18477287888526917,0.08883331716060638,0.09593956917524338
6867,0.1822609305381775,0.08855258673429489,0.093708336353302
6868,0.1814320832490921,0.08852304518222809,0.09290903806686401
6869,0.18230274319648743,0.08866479992866516,0.09363794326782227
6870,0.1834648847579956,0.08826634287834167,0.09519854933023453
6871,0.18343573808670044,0.08863897621631622,0.09479675441980362
6872,0.18195945024490356,0.08819442987442017,0.093765027821064
6873,0.18025922775268555,0.08841757476329803,0.09184164553880692
6874,0.1799003928899765,0.08827674388885498,0.09162364900112152
6875,0.18141131103038788,0.08811932057142258,0.0932919904589653
6876,0.1838316023349762,0.08834803104400635,0.09548356384038925
6877,0.18550944328308105,0.08792176097631454,0.09758767485618591
6878,0.18554499745368958,0.08825481683015823,0.09729018062353134
6879,0.18440288305282593,0.08791184425354004,0.09649103134870529
6880,0.1835893988609314,0.08799148350954056,0.09559791535139084
6881,0.18419349193572998,0.08801630884408951,0.09617718309164047
6882,0.1859883964061737,0.0876980572938919,0.0982903316617012
6883,0.1875523179769516,0.08806062489748001,0.09949169307947159
6884,0.18742716312408447,0.08754152059555054,0.09988564252853394
6885,0.18547987937927246,0.08791829645633698,0.09756158292293549
6886,0.18298283219337463,0.08757728338241577,0.09540554136037827
6887,0.18161454796791077,0.08762438595294952,0.09399016201496124
6888,0.1819290816783905,0.08769036829471588,0.09423870593309402
6889,0.18289966881275177,0.08735095709562302,0.09554871171712875
6890,0.18296125531196594,0.08769270032644272,0.09526855498552322
6891,0.18140137195587158,0.08724826574325562,0.09415311366319656
6892,0.17909973859786987,0.0874997079372406,0.09160003811120987
6893,0.17769736051559448,0.08731300383806229,0.0903843566775322
6894,0.17818757891654968,0.08720444142818451,0.09098313003778458
6895,0.18006721138954163,0.08739418536424637,0.09267303347587585
6896,0.18180926144123077,0.08698450028896332,0.09482476115226746
6897,0.1821971833705902,0.08733066916465759,0.09486651420593262
6898,0.18128421902656555,0.08694653958082199,0.09433767199516296
6899,0.18035033345222473,0.08709067851305008,0.09325964748859406
6900,0.18068988621234894,0.08703992515802383,0.0936499610543251
6901,0.1825234591960907,0.08679372072219849,0.09572973102331161
6902,0.18475812673568726,0.08710293471813202,0.09765519201755524
6903,0.1858510673046112,0.08660710602998734,0.09924396872520447
6904,0.18515071272850037,0.0869990661740303,0.09815165400505066
6905,0.18337857723236084,0.08660817891359329,0.09677039086818695
6906,0.18210679292678833,0.08673065155744553,0.09537613391876221
6907,0.18229930102825165,0.08671235293149948,0.09558694809675217
6908,0.18342745304107666,0.08644814789295197,0.0969793051481247
6909,0.18401487171649933,0.08674116432666779,0.09727370738983154
6910,0.18286411464214325,0.0863131433725357,0.09655097126960754
6911,0.18032577633857727,0.08658155053853989,0.09374423325061798
6912,0.17789195477962494,0.08635381609201431,0.09153813868761063
6913,0.17702114582061768,0.08629361540079117,0.0907275378704071
6914,0.17784546315670013,0.08644363284111023,0.0914018303155899
6915,0.1791445016860962,0.08605055510997772,0.09309394657611847
6916,0.17947477102279663,0.08641204982995987,0.09306272864341736
6917,0.17841802537441254,0.08598064631223679,0.09243737906217575
6918,0.17695298790931702,0.08619720488786697,0.09075577557086945
6919,0.17653656005859375,0.08606120198965073,0.09047535061836243
6920,0.17784398794174194,0.08589841425418854,0.09194556623697281
6921,0.18018120527267456,0.08614218235015869,0.09403902292251587
6922,0.18204686045646667,0.0856834352016449,0.09636343270540237
6923,0.18239876627922058,0.08607519418001175,0.09632357209920883
6924,0.18144409358501434,0.08564811944961548,0.09579597413539886
6925,0.18052488565444946,0.085835762321949,0.09468913078308105
6926,0.18087494373321533,0.08573858439922333,0.0951363667845726
6927,0.18250524997711182,0.08554956316947937,0.09695569425821304
6928,0.18419407308101654,0.08578935265541077,0.09840472042560577
6929,0.18437977135181427,0.08538225293159485,0.09899751842021942
6930,0.18271735310554504,0.08566688001155853,0.09705047309398651
6931,0.18017959594726562,0.08539558202028275,0.09478401392698288
6932,0.17844803631305695,0.08539217710494995,0.093055859208107
6933,0.1783190369606018,0.08549202978610992,0.09282699972391129
6934,0.17912404239177704,0.08512306958436966,0.09400097280740738
6935,0.1793663501739502,0.08549755811691284,0.09386878460645676
6936,0.17808106541633606,0.0850134789943695,0.09306758642196655
6937,0.17580223083496094,0.08531556278467178,0.09048667550086975
6938,0.17408563196659088,0.0850776955485344,0.08900793641805649
6939,0.1741763949394226,0.08501498401165009,0.08916141092777252
6940,0.17593058943748474,0.08517846465110779,0.09075212478637695
6941,0.17797033488750458,0.08476781845092773,0.09320251643657684
6942,0.17887432873249054,0.08515050262212753,0.093723826110363
6943,0.17831692099571228,0.0846954882144928,0.09362143278121948
6944,0.1773534119129181,0.08494020253419876,0.09241320192813873
6945,0.17742347717285156,0.08477112650871277,0.0926523432135582
6946,0.17908354103565216,0.08465113490819931,0.09443240612745285
6947,0.18149182200431824,0.08484137058258057,0.09665045887231827
6948,0.18299078941345215,0.0844532698392868,0.09853751957416534
6949,0.18263883888721466,0.08475641161203384,0.09788242727518082
6950,0.1807805597782135,0.08443613350391388,0.09634441882371902
6951,0.17898961901664734,0.08450113981962204,0.0944884717464447
6952,0.17849627137184143,0.08453250676393509,0.09396375715732574
6953,0.17924129962921143,0.08421288430690765,0.09502841532230377
6954,0.1798868030309677,0.08457327634096146,0.09531352669000626
6955,0.17901700735092163,0.08406182378530502,0.09495517611503601
6956,0.17654407024383545,0.08443054556846619,0.09211353212594986
6957,0.1738254725933075,0.08410026133060455,0.08972521126270294
6958,0.17257405817508698,0.08413735777139664,0.08843670040369034
6959,0.17335018515586853,0.0842137485742569,0.08913644403219223
6960,0.17514190077781677,0.08386252820491791,0.09127937257289886
6961,0.1763066202402115,0.08422344923019409,0.0920831710100174
6962,0.17597860097885132,0.08375289291143417,0.09222570061683655
6963,0.17480787634849548,0.08404339849948883,0.09076447039842606
6964,0.1743069291114807,0.08381083607673645,0.09049610048532486
6965,0.1755121350288391,0.0837550237774849,0.09175711870193481
6966,0.17803630232810974,0.08389611542224884,0.0941401794552803
6967,0.18030503392219543,0.08353070169687271,0.09677433967590332
6968,0.1809522807598114,0.08384452760219574,0.09710775315761566
6969,0.1797664612531662,0.0834832713007927,0.0962831899523735
6970,0.17806139588356018,0.08361168205738068,0.0944497212767601
6971,0.17730730772018433,0.08357356488704681,0.09373375028371811
6972,0.17798075079917908,0.08331428468227386,0.09466647356748581
6973,0.1790502965450287,0.08363962173461914,0.09541067481040955
6974,0.17888695001602173,0.08312897384166718,0.09575798362493515
6975,0.17682716250419617,0.08353318274021149,0.09329397231340408
6976,0.17379885911941528,0.08313903957605362,0.09065981209278107
6977,0.171671062707901,0.0832553580403328,0.08841569721698761
6978,0.17158886790275574,0.08325552940368652,0.08833334594964981
6979,0.17303913831710815,0.08296264708042145,0.09007648378610611
6980,0.1743968278169632,0.08329407870769501,0.09110274910926819
6981,0.17437487840652466,0.08282029628753662,0.09155457466840744
6982,0.17315663397312164,0.0831439197063446,0.09001271426677704
6983,0.17215648293495178,0.08285906165838242,0.08929742127656937
6984,0.17275770008563995,0.08286121487617493,0.08989648520946503
6985,0.1750384122133255,0.08295304328203201,0.09208536893129349
6986,0.17764019966125488,0.08261638134717941,0.09502382576465607
6987,0.17895282804965973,0.08292970806360245,0.09602311998605728
6988,0.17829641699790955,0.08254129439592361,0.09575512260198593
6989,0.17665401101112366,0.0827196016907692,0.09393440186977386
6990,0.17558589577674866,0.08262071013450623,0.09296518564224243
6991,0.17600129544734955,0.08242005109786987,0.09358124434947968
6992,0.1772390753030777,0.08270318806171417,0.09453588724136353
6993,0.17765888571739197,0.08220928907394409,0.09544960409402847
6994,0.17617325484752655,0.08262711763381958,0.09354613721370697
6995,0.17323896288871765,0.082192562520504,0.09104639291763306
6996,0.17065036296844482,0.08236732333898544,0.08828303217887878
6997,0.16993141174316406,0.0823049545288086,0.08762644976377487
6998,0.1710628867149353,0.08206501603126526,0.08899787068367004
6999,0.1725870966911316,0.08236504346132278,0.0902220606803894
7000,0.17294573783874512,0.08189608156681061,0.0910496637225151
7001,0.1718759685754776,0.08224225789308548,0.08963371068239212
7002,0.1705711930990219,0.08191516995429993,0.08865602314472198
7003,0.17060641944408417,0.08196909725666046,0.0886373221874237
7004,0.17249000072479248,0.08201222121715546,0.09047778695821762
7005,0.17517097294330597,0.08170927315950394,0.09346169978380203
7006,0.17695410549640656,0.08201252669095993,0.09494157880544662
7007,0.17678487300872803,0.08160929381847382,0.09517558664083481
7008,0.17527370154857635,0.08182612806558609,0.09344757348299026
7009,0.17393696308135986,0.08167459070682526,0.0922623798251152
7010,0.1740109771490097,0.08152914047241211,0.0924818366765976
7011,0.1752314269542694,0.08176686614751816,0.09346456825733185
7012,0.17608098685741425,0.08129838854074478,0.09478259831666946
7013,0.17518103122711182,0.08171786367893219,0.09346317499876022
7014,0.17252567410469055,0.08125589042901993,0.09126978367567062
7015,0.1696901023387909,0.08147791028022766,0.08821218460798264
7016,0.16841855645179749,0.08135898411273956,0.08705957978963852
7017,0.16915103793144226,0.08117152750492096,0.0879795104265213
7018,0.17070817947387695,0.08143536001443863,0.08927281200885773
7019,0.17140308022499084,0.08098042011260986,0.09042265266180038
7020,0.1705724596977234,0.08133835345506668,0.08923409879207611
7021,0.16909825801849365,0.08097805827856064,0.08812019228935242
7022,0.16861537098884583,0.08107774704694748,0.08753763139247894
7023,0.1700058877468109,0.0810740739107132,0.08893181383609772
7024,0.17259597778320312,0.08080819249153137,0.09178777784109116
7025,0.17473873496055603,0.08109501749277115,0.09364372491836548
7026,0.17509067058563232,0.08068462461233139,0.09440605342388153
7027,0.17385783791542053,0.08093249797821045,0.09292534738779068
7028,0.17239689826965332,0.08073282241821289,0.09166406840085983
7029,0.17216743528842926,0.08064241707324982,0.09152501821517944
7030,0.17330840229988098,0.08083131164312363,0.09247709810733795
7031,0.17453792691230774,0.08039479702711105,0.09414312988519669
7032,0.17428940534591675,0.08080830425024033,0.09348110854625702
7033,0.17208240926265717,0.0803244560956955,0.09175795316696167
7034,0.16914452612400055,0.0805920660495758,0.08855246007442474
7035,0.1673160195350647,0.08041411638259888,0.08690191060304642
7036,0.16749271750450134,0.08028589189052582,0.08720682561397552
7037,0.16888466477394104,0.08050350099802017,0.08838117122650146
7038,0.1697995811700821,0.08007223904132843,0.08972734212875366
7039,0.16920548677444458,0.08043314516544342,0.08877234905958176
7040,0.16759881377220154,0.08004561066627502,0.08755320310592651
7041,0.1665651947259903,0.08018989115953445,0.08637530356645584
7042,0.16732122004032135,0.08013741672039032,0.08718380331993103
7043,0.1696382462978363,0.07991328835487366,0.08972496539354324
7044,0.1720416247844696,0.08017674833536148,0.09186486899852753
7045,0.17298394441604614,0.07976490259170532,0.09321904182434082
7046,0.1722271740436554,0.08004116266965866,0.09218600392341614
7047,0.1708441972732544,0.0797930583357811,0.0910511463880539
7048,0.17040398716926575,0.07976318150758743,0.09064079821109772
7049,0.17145174741744995,0.07989399135112762,0.09155776351690292
7050,0.17306435108184814,0.07949959486722946,0.09356475621461868
7051,0.17361308634281158,0.07989740371704102,0.09371568262577057
7052,0.17214101552963257,0.079398013651371,0.09274299442768097
7053,0.16937249898910522,0.0797114223241806,0.08966106921434402
7054,0.16706113517284393,0.07946811616420746,0.08759301900863647
7055,0.16652578115463257,0.07941123843193054,0.08711455017328262
7056,0.16749954223632812,0.07956631481647491,0.08793321996927261
7057,0.16844861209392548,0.07917582988739014,0.08927278220653534
7058,0.1680358648300171,0.07952523231506348,0.08851063996553421
7059,0.1662897765636444,0.07912084460258484,0.08716893941164017
7060,0.16461075842380524,0.07930469512939453,0.0853060632944107
7061,0.16448567807674408,0.07920145988464355,0.08528421819210052
7062,0.16619503498077393,0.0790243148803711,0.08717072755098343
7063,0.1685827374458313,0.07925692945718765,0.08932581543922424
7064,0.1700206995010376,0.07885085046291351,0.09116984158754349
7065,0.1698211431503296,0.07915186882019043,0.09066927433013916
7066,0.1686689257621765,0.07885342836380005,0.08981550484895706
7067,0.16809435188770294,0.07889112830162048,0.08920322358608246
7068,0.16901439428329468,0.07895101606845856,0.09006338566541672
7069,0.17097365856170654,0.07861606776714325,0.09235759824514389
7070,0.1724744439125061,0.07898157835006714,0.09349286556243896
7071,0.17217865586280823,0.0784800797700882,0.09369856864213943
7072,0.1701667308807373,0.0788329690694809,0.09133375436067581
7073,0.1678263545036316,0.07852088660001755,0.08930546045303345
7074,0.16673561930656433,0.07854790985584259,0.08818770945072174
7075,0.16723430156707764,0.0786222442984581,0.08861206471920013
7076,0.16814970970153809,0.07829355448484421,0.08985614776611328
7077,0.1679682433605194,0.07861208915710449,0.08935614675283432
7078,0.1661611795425415,0.07820498198270798,0.08795619755983353
7079,0.16377556324005127,0.07842019200325012,0.08535537123680115
7080,0.16245603561401367,0.07826840877532959,0.08418762683868408
7081,0.16305367648601532,0.07814107835292816,0.08491259813308716
7082,0.16491112112998962,0.07833768427371979,0.08657343685626984
7083,0.16647160053253174,0.07794152945280075,0.08853006362915039
7084,0.16663485765457153,0.07826484739780426,0.08837001770734787
7085,0.1656118631362915,0.0779135450720787,0.0876983180642128
7086,0.16474613547325134,0.07802759110927582,0.08671855181455612
7087,0.1652621030807495,0.07800246775150299,0.08725964277982712
7088,0.16723811626434326,0.07774577289819717,0.08949234336614609
7089,0.16949968039989471,0.07805635035037994,0.09144333004951477
7090,0.17054332792758942,0.07757468521595001,0.0929686427116394
7091,0.1698339283466339,0.07794980704784393,0.09188412129878998
7092,0.1681840419769287,0.07757854461669922,0.09060550481081009
7093,0.16714578866958618,0.07769139111042023,0.08945439010858536
7094,0.16757485270500183,0.07767325639724731,0.08990158885717392
7095,0.1688392460346222,0.07742470502853394,0.09141454845666885
7096,0.1694464385509491,0.07769308984279633,0.09175335615873337
7097,0.16824652254581451,0.07730010151863098,0.09094642102718353
7098,0.16566401720046997,0.07753713428974152,0.08812687546014786
7099,0.1632126271724701,0.0773392915725708,0.08587333559989929
7100,0.16232582926750183,0.077263243496418,0.08506257832050323
7101,0.16308608651161194,0.0774204209446907,0.08566566556692123
7102,0.16424915194511414,0.07703474909067154,0.0872144103050232
7103,0.16439273953437805,0.07738453149795532,0.08700820803642273
7104,0.1631496399641037,0.07697094976902008,0.08617869019508362
7105,0.16154615581035614,0.07717512547969818,0.08437103033065796
7106,0.16105914115905762,0.07704822719097137,0.08401090651750565
7107,0.16234251856803894,0.07688792049884796,0.08545459806919098
7108,0.16467010974884033,0.07712423801422119,0.08754587918519974
7109,0.16653069853782654,0.07668202370405197,0.08984866738319397
7110,0.16689404845237732,0.0770597755908966,0.08983427286148071
7111,0.16598623991012573,0.0766463652253151,0.08933988213539124
7112,0.16515323519706726,0.07683248817920685,0.08832073956727982
7113,0.1656246930360794,0.07672759890556335,0.08889709413051605
7114,0.16741538047790527,0.07655975967645645,0.09085562080144882
7115,0.1693073809146881,0.07677274942398071,0.0925346240401268
7116,0.16972476243972778,0.07639932632446289,0.0933254286646843
7117,0.1682741343975067,0.07665771245956421,0.0916164219379425
7118,0.16586284339427948,0.07640869170427322,0.08945415169000626
7119,0.1641654670238495,0.07639731466770172,0.08776815980672836
7120,0.16402074694633484,0.07649797946214676,0.08752277493476868
7121,0.16481029987335205,0.07613878697156906,0.08867152035236359
7122,0.16503924131393433,0.07650455087423325,0.08853468298912048
7123,0.1636790633201599,0.07602979987859726,0.08764925599098206
7124,0.16121067106723785,0.07633299380540848,0.08487767726182938
7125,0.15920650959014893,0.0760875940322876,0.08311892300844193
7126,0.15900905430316925,0.07604394108057022,0.08296511322259903
7127,0.16057085990905762,0.07618522644042969,0.08438563346862793
7128,0.1625443696975708,0.07580189406871796,0.08674246817827225
7129,0.16345778107643127,0.07616483420133591,0.08729294687509537
7130,0.16290704905986786,0.07572472840547562,0.08718232065439224
7131,0.1618938446044922,0.0759698897600174,0.08592396229505539
7132,0.16188380122184753,0.07578955590724945,0.08609423786401749
7133,0.16352888941764832,0.07569422572851181,0.0878346636891365
7134,0.16606789827346802,0.0758557915687561,0.09021210670471191
7135,0.16785076260566711,0.07550066709518433,0.09235009551048279
7136,0.16783100366592407,0.07578090578317642,0.09205009788274765
7137,0.166213721036911,0.07547672837972641,0.0907370001077652
7138,0.16450926661491394,0.0755423903465271,0.08896687626838684
7139,0.16401147842407227,0.07556483894586563,0.08844663947820663
7140,0.16480371356010437,0.0752643346786499,0.08953937888145447
7141,0.16562260687351227,0.07560852915048599,0.09001407772302628
7142,0.16495934128761292,0.07510977238416672,0.0898495689034462
7143,0.16254058480262756,0.07548171281814575,0.08705886453390121
7144,0.15960438549518585,0.0751369446516037,0.08446744084358215
7145,0.15795180201530457,0.07520398497581482,0.08274781703948975
7146,0.15836045145988464,0.075245201587677,0.08311524987220764
7147,0.15998519957065582,0.07493288815021515,0.08505231142044067
7148,0.16117416322231293,0.07526500523090363,0.0859091579914093
7149,0.16090010106563568,0.07481382042169571,0.08608628064393997
7150,0.15964868664741516,0.07510505616664886,0.0845436230301857
7151,0.15891437232494354,0.0748581811785698,0.08405619114637375
7152,0.1598833203315735,0.07483280450105667,0.08505052328109741
7153,0.16236071288585663,0.07493887096643448,0.08742184191942215
7154,0.16485853493213654,0.07461053133010864,0.0902480036020279
7155,0.16589273512363434,0.07489997148513794,0.0909927636384964
7156,0.16503529250621796,0.0745532214641571,0.09048207104206085
7157,0.16343936324119568,0.07468786835670471,0.08875150233507156
7158,0.16261398792266846,0.07463179528713226,0.0879821926355362
7159,0.16324922442436218,0.07440166175365448,0.0888475626707077
7160,0.1645001620054245,0.074700728058815,0.0897994339466095
7161,0.16471116244792938,0.07421112805604935,0.09050003439188004
7162,0.16296470165252686,0.07461466640233994,0.08835003525018692
7163,0.15991532802581787,0.07420475780963898,0.0857105627655983
7164,0.1574099063873291,0.07435668259859085,0.08305322378873825
7165,0.15684452652931213,0.0743119940161705,0.08253253996372223
7166,0.1580156534910202,0.07406888157129288,0.08394677191972733
7167,0.15939918160438538,0.07436232268810272,0.08503685146570206
7168,0.15953585505485535,0.07391411811113358,0.08562173694372177
7169,0.15833161771297455,0.07423679530620575,0.0840948224067688
7170,0.15707072615623474,0.07393446564674377,0.08313626796007156
7171,0.15727484226226807,0.07397347688674927,0.0833013728260994
7172,0.15931957960128784,0.07402221113443375,0.0852973684668541
7173,0.16205722093582153,0.07373015582561493,0.0883270651102066
7174,0.16380825638771057,0.07401390373706818,0.0897943526506424
7175,0.16361355781555176,0.07364115118980408,0.08997240662574768
7176,0.16216784715652466,0.07382924109697342,0.08833861351013184
7177,0.16098664700984955,0.0737050250172615,0.08728162199258804
7178,0.16122844815254211,0.07354394346475601,0.0876844972372055
7179,0.16254426538944244,0.07378946244716644,0.088754802942276
7180,0.16338223218917847,0.07332564890384674,0.09005659073591232
7181,0.16239579021930695,0.07373744994401932,0.08865834027528763
7182,0.1596365123987198,0.07328744977712631,0.08634906262159348
7183,0.15672484040260315,0.07350343465805054,0.08322140574455261
7184,0.15540826320648193,0.07338633388280869,0.08202192932367325
7185,0.15609696507453918,0.07320742309093475,0.08288954943418503
7186,0.15758395195007324,0.0734582468867302,0.08412569761276245
7187,0.15818676352500916,0.07302294671535492,0.08516382426023483
7188,0.157274067401886,0.07336512953042984,0.08390894532203674
7189,0.15576204657554626,0.07301877439022064,0.08274327963590622
7190,0.15529990196228027,0.07311569154262543,0.08218421787023544
7191,0.1567581295967102,0.07310687750577927,0.08365124464035034
7192,0.15943634510040283,0.07285743206739426,0.08657890558242798
7193,0.16166618466377258,0.0731242299079895,0.08854196220636368
7194,0.16209053993225098,0.07273956388235092,0.08935098350048065
7195,0.16090917587280273,0.07296775281429291,0.08794141560792923
7196,0.15947622060775757,0.07278484851121902,0.08669136464595795
7197,0.15926510095596313,0.0726882740855217,0.08657683432102203
7198,0.16042309999465942,0.07287773489952087,0.08754537254571915
7199,0.1616676151752472,0.07244887948036194,0.08921873569488525
7200,0.16141395270824432,0.07285565137863159,0.08855830132961273
7201,0.15915518999099731,0.07237976044416428,0.08677542954683304
7202,0.15611740946769714,0.0726478323340416,0.08346958458423615
7203,0.15417927503585815,0.07246492058038712,0.08171436190605164
7204,0.1542915403842926,0.07235071808099747,0.08194082975387573
7205,0.15569445490837097,0.07255268841981888,0.0831417590379715
7206,0.15667784214019775,0.07214093953371048,0.08453690260648727
7207,0.15616273880004883,0.07249033451080322,0.0836724117398262
7208,0.1546013355255127,0.07210978865623474,0.08249153941869736
7209,0.15357762575149536,0.07225922495126724,0.08131839334964752
7210,0.1543523073196411,0.0721934363245964,0.08215886354446411
7211,0.15673932433128357,0.07199185341596603,0.08474747836589813
7212,0.1592620313167572,0.07223190367221832,0.08703013509511948
7213,0.16030997037887573,0.07184551656246185,0.08846445381641388
7214,0.15957129001617432,0.07210501283407211,0.0874662846326828
7215,0.1580863893032074,0.07186859846115112,0.08621779829263687
7216,0.1574762463569641,0.07183784991502762,0.0856383889913559
7217,0.15836527943611145,0.07196438312530518,0.08640090376138687
7218,0.1598793864250183,0.07158097624778748,0.08829841762781143
7219,0.16037215292453766,0.07197053730487823,0.08840161561965942
7220,0.15882885456085205,0.07147905975580215,0.0873498022556305
7221,0.15593749284744263,0.0717935785651207,0.08414390683174133
7222,0.15348583459854126,0.0715440884232521,0.08194175362586975
7223,0.15288236737251282,0.07150210440158844,0.08138025552034378
7224,0.15393102169036865,0.07164233922958374,0.08228868991136551
7225,0.1550997644662857,0.07126922160387039,0.08383054286241531
7226,0.15496942400932312,0.07161128520965576,0.08335813879966736
7227,0.1534607708454132,0.07120810449123383,0.08225267380475998
7228,0.15191930532455444,0.07140457630157471,0.08051472157239914
7229,0.15187305212020874,0.07128030061721802,0.08059275150299072
7230,0.15369370579719543,0.07113297283649445,0.08256074041128159
7231,0.1562744677066803,0.07133631408214569,0.0849381536245346
7232,0.15792109072208405,0.07095927745103836,0.08696181327104568
7233,0.15782657265663147,0.07124195247888565,0.08658462762832642
7234,0.15657489001750946,0.07095476239919662,0.08562012761831284
7235,0.15573374927043915,0.07099318504333496,0.08474056422710419
7236,0.15633374452590942,0.07104700803756714,0.08528673648834229
7237,0.1580272912979126,0.07072371244430542,0.08730357885360718
7238,0.15931831300258636,0.07108069956302643,0.08823761343955994
7239,0.15879042446613312,0.07058616727590561,0.08820425719022751
7240,0.15646803379058838,0.07094160467386246,0.08552642166614532
7241,0.15377376973628998,0.07062165439128876,0.08315211534500122
7242,0.15240097045898438,0.07066492736339569,0.08173605054616928
7243,0.1528075784444809,0.07072297483682632,0.08208460360765457
7244,0.15388023853302002,0.07041199505329132,0.0834682434797287
7245,0.15404123067855835,0.07072421163320541,0.08331701904535294
7246,0.15264755487442017,0.07031591236591339,0.08233163505792618
7247,0.15061888098716736,0.07054910063743591,0.08006978034973145
7248,0.1495806723833084,0.070368692278862,0.07921198010444641
7249,0.15045355260372162,0.0702807679772377,0.08017278462648392
7250,0.15266670286655426,0.0704372301697731,0.08222947269678116
7251,0.15465262532234192,0.07008138298988342,0.08457124978303909
7252,0.15519863367080688,0.07037734985351562,0.08482128381729126
7253,0.1543506681919098,0.07004355639219284,0.08430710434913635
7254,0.1534135639667511,0.07015533000230789,0.0832582414150238
7255,0.15368607640266418,0.07012367248535156,0.08356240391731262
7256,0.1553952693939209,0.06988087296485901,0.08551438897848129
7257,0.15742748975753784,0.070180743932724,0.08724675327539444
7258,0.1582065224647522,0.06970678269863129,0.08849974721670151
7259,0.15708376467227936,0.07008597999811172,0.08699778467416763
7260,0.15483048558235168,0.06970226019620895,0.08512821793556213
7261,0.15310417115688324,0.06983724236488342,0.08326692879199982
7262,0.15293031930923462,0.06979493051767349,0.08313538879156113
7263,0.1538168489933014,0.0695723295211792,0.0842445120215416
7264,0.154287651181221,0.06982573866844177,0.08446191251277924
7265,0.15317311882972717,0.06943836063146591,0.08373476564884186
7266,0.15080156922340393,0.06968874484300613,0.0811128318309784
7267,0.14865009486675262,0.06946215778589249,0.07918793708086014
7268,0.14812734723091125,0.06943336874246597,0.07869397103786469
7269,0.1493493616580963,0.06953579187393188,0.07981356233358383
7270,0.15110710263252258,0.06921114772558212,0.08189595490694046
7271,0.151942640542984,0.06950938701629639,0.08243325352668762
7272,0.1513568013906479,0.0691363513469696,0.08222045004367828
7273,0.15022438764572144,0.06932155042886734,0.08090284466743469
7274,0.14994385838508606,0.06919603794813156,0.0807478278875351
7275,0.15125945210456848,0.06905162334442139,0.0822078287601471
7276,0.15358783304691315,0.06926703453063965,0.0843207985162735
7277,0.15547290444374084,0.06884688884019852,0.08662602305412292
7278,0.15579992532730103,0.06921615451574326,0.08658377081155777
7279,0.1546413004398346,0.06879732757806778,0.08584397286176682
7280,0.1532980501651764,0.06900698691606522,0.08429107069969177
7281,0.1530865579843521,0.06886620819568634,0.08422034978866577
7282,0.15417808294296265,0.06874474883079529,0.08543332666158676
7283,0.15545156598091125,0.06891600787639618,0.08653556555509567
7284,0.15535733103752136,0.06857813149690628,0.08677919954061508
7285,0.15346750617027283,0.06882021576166153,0.0846472829580307
7286,0.15071731805801392,0.06856682151556015,0.08215049654245377
7287,0.14880070090293884,0.06858553737401962,0.08021516352891922
7288,0.14862047135829926,0.06863734871149063,0.07998312264680862
7289,0.14961543679237366,0.06834572553634644,0.08126971870660782
7290,0.150311678647995,0.06864285469055176,0.08166882395744324
7291,0.14963959157466888,0.0682329311966896,0.08140666037797928
7292,0.14791208505630493,0.06849075853824615,0.07942133396863937
7293,0.1465182602405548,0.06826749444007874,0.07825076580047607
7294,0.1467256397008896,0.06822976469993591,0.07849587500095367
7295,0.14858485758304596,0.06834788620471954,0.08023697137832642
7296,0.15089178085327148,0.06800102442502975,0.08289075642824173
7297,0.1521933525800705,0.0683337077498436,0.0838596448302269
7298,0.15192532539367676,0.06791012734174728,0.08401520550251007
7299,0.15091606974601746,0.06816302984952927,0.08275304734706879
7300,0.15060415863990784,0.06795186549425125,0.08265230059623718
7301,0.15180915594100952,0.06791108846664429,0.08389806747436523
7302,0.1539844423532486,0.06801053881645203,0.08597390353679657
7303,0.15554557740688324,0.06772010028362274,0.0878254771232605
7304,0.15533076226711273,0.06795095652341843,0.0873798057436943
7305,0.15337057411670685,0.06767541170120239,0.08569516241550446
7306,0.15112504363059998,0.0677414983510971,0.08338355273008347
7307,0.15003545582294464,0.06773851811885834,0.0822969377040863
7308,0.15042853355407715,0.0674881562590599,0.08294037729501724
7309,0.15120388567447662,0.06777464598417282,0.0834292396903038
7310,0.15083256363868713,0.06733502447605133,0.0834975391626358
7311,0.1488204002380371,0.0676635205745697,0.08115687966346741
7312,0.14616741240024567,0.06734026223421097,0.0788271501660347
7313,0.14459991455078125,0.06741455942392349,0.07718534767627716
7314,0.14505919814109802,0.06742770969867706,0.07763149589300156
7315,0.14693984389305115,0.06716062873601913,0.07977921515703201
7316,0.1486593782901764,0.06744960695505142,0.08120976388454437
7317,0.14898620545864105,0.06703127920627594,0.08195492625236511
7318,0.14807382225990295,0.0673149824142456,0.08075883239507675
7319,0.14724385738372803,0.06704868376255035,0.08019516617059708
7320,0.14784371852874756,0.06707046180963516,0.0807732567191124
7321,0.15003590285778046,0.06711515039205551,0.08292075246572495
7322,0.1525748372077942,0.06685671210289001,0.08571812510490417
7323,0.1538984775543213,0.06708887964487076,0.08680959045886993
7324,0.15323446691036224,0.06678048521280289,0.08645398169755936
7325,0.1514444649219513,0.06690576672554016,0.08453870564699173
7326,0.15005269646644592,0.06683295220136642,0.0832197442650795
7327,0.15010294318199158,0.06664445996284485,0.08345849066972733
7328,0.1511320173740387,0.0668947696685791,0.08423725515604019
7329,0.15158957242965698,0.06645352393388748,0.0851360559463501
7330,0.15027281641960144,0.06682705879211426,0.08344575762748718
7331,0.14740827679634094,0.06642384082078934,0.0809844359755516
7332,0.1446535587310791,0.06659889221191406,0.07805466651916504
7333,0.14363625645637512,0.06651055812835693,0.07712569832801819
7334,0.14460323750972748,0.06632564216852188,0.0782775953412056
7335,0.1462806612253189,0.06656602770090103,0.07971463352441788
7336,0.1470344215631485,0.06615695357322693,0.08087746798992157
7337,0.1463058590888977,0.06646914780139923,0.07983670383691788
7338,0.145022913813591,0.06614755839109421,0.0788753554224968
7339,0.14477820694446564,0.0662354975938797,0.07854270935058594
7340,0.1463814675807953,0.06622026860713959,0.0801611915230751
7341,0.1491146981716156,0.06599915772676468,0.08311553299427032
7342,0.15134066343307495,0.06622651219367981,0.08511415868997574
7343,0.15171870589256287,0.0658884271979332,0.08583027869462967
7344,0.1504601240158081,0.06607437133789062,0.08438576012849808
7345,0.14890408515930176,0.06592439860105515,0.08297968655824661
7346,0.14853182435035706,0.06581349670886993,0.08271833509206772
7347,0.1495194435119629,0.06600341945886612,0.08351602405309677
7348,0.15061329305171967,0.06559035927057266,0.085022933781147
7349,0.1502346396446228,0.06597620248794556,0.08425844460725784
7350,0.14786158502101898,0.06552223116159439,0.08233935385942459
7351,0.14471831917762756,0.06577759981155396,0.07894071936607361
7352,0.14270246028900146,0.06559710949659348,0.07710535824298859
7353,0.14280551671981812,0.06549694389104843,0.07730858027935028
7354,0.1443023979663849,0.06567677110433578,0.0786256343126297
7355,0.14547497034072876,0.06529318541288376,0.0801817923784256
7356,0.14517609775066376,0.06561886519193649,0.07955723255872726
7357,0.14378145337104797,0.06525207310914993,0.07852938026189804
7358,0.14284522831439972,0.06540581583976746,0.07743941247463226
7359,0.14366868138313293,0.06532065570354462,0.07834803313016891
7360,0.1461363583803177,0.06515611708164215,0.08098024129867554
7361,0.14879339933395386,0.06535264849662781,0.08344074338674545
7362,0.1499607264995575,0.06501254439353943,0.08494818210601807
7363,0.1492302119731903,0.06523490697145462,0.08399529755115509
7364,0.1475822478532791,0.06502344459295273,0.08255880326032639
7365,0.1466992050409317,0.0649866834282875,0.0817125216126442
7366,0.1473197638988495,0.06510519981384277,0.08221457153558731
7367,0.14865198731422424,0.06474519520998001,0.08390679210424423
7368,0.14903637766838074,0.0651080384850502,0.08392833918333054
7369,0.1473882794380188,0.06464317440986633,0.08274511247873306
7370,0.1443534791469574,0.06494155526161194,0.07941193133592606
7371,0.14176136255264282,0.06469658017158508,0.07706477493047714
7372,0.14111962914466858,0.06466788798570633,0.07645173370838165
7373,0.1423102766275406,0.06478538364171982,0.07752489298582077
7374,0.14379259943962097,0.06444279849529266,0.07934979349374771
7375,0.14403578639030457,0.06475699692964554,0.07927878946065903
7376,0.14283353090286255,0.06437258422374725,0.07846095412969589
7377,0.14147832989692688,0.06456753611564636,0.07691080123186111
7378,0.14155304431915283,0.06442917138338089,0.07712387293577194
7379,0.14352282881736755,0.06431592255830765,0.07920689880847931
7380,0.1463044434785843,0.0644756555557251,0.08182878792285919
7381,0.1481013298034668,0.0641493871808052,0.08395195007324219
7382,0.14798098802566528,0.06438500434160233,0.08359599113464355
7383,0.146453857421875,0.0641370564699173,0.0823168009519577
7384,0.14517861604690552,0.06415268033742905,0.08102593570947647
7385,0.1453312337398529,0.06421586126089096,0.08111537992954254
7386,0.14665722846984863,0.06390074640512466,0.08275647461414337
7387,0.14763686060905457,0.0642394870519638,0.08339738100767136
7388,0.14678442478179932,0.06377129256725311,0.0830131396651268
7389,0.1441217064857483,0.06410104036331177,0.08002067357301712
7390,0.14117878675460815,0.0638045221567154,0.07737425714731216
7391,0.13977965712547302,0.06383572518825531,0.07594393938779831
7392,0.14043039083480835,0.06389853358268738,0.07653186470270157
7393,0.14196737110614777,0.06359338015317917,0.0783739909529686
7394,0.14267803728580475,0.06389683485031128,0.07878120243549347
7395,0.1418059766292572,0.06349671632051468,0.07830926775932312
7396,0.14021846652030945,0.06373021006584167,0.07648825645446777
7397,0.13957712054252625,0.06354078650474548,0.07603632658720016
7398,0.14086534082889557,0.06347700953483582,0.07738833129405975
7399,0.14350762963294983,0.06360101699829102,0.07990662008523941
7400,0.14580518007278442,0.06328713148832321,0.08251804113388062
7401,0.14641159772872925,0.06353993713855743,0.08287166804075241
7402,0.14529083669185638,0.06324924528598785,0.08204159140586853
7403,0.14386749267578125,0.06332620978355408,0.08054129034280777
7404,0.14359638094902039,0.0633220300078392,0.08027434349060059
7405,0.14478851854801178,0.06306460499763489,0.08172391355037689
7406,0.14625361561775208,0.06336838006973267,0.08288523554801941
7407,0.1462939977645874,0.06290344148874283,0.08339056372642517
7408,0.14429599046707153,0.06326508522033691,0.08103089779615402
7409,0.1412729024887085,0.06290771067142487,0.07836519181728363
7410,0.1391429603099823,0.0630168467760086,0.0761261135339737
7411,0.13901057839393616,0.06300046294927597,0.07601012289524078
7412,0.1402735859155655,0.06276018917560577,0.07751339673995972
7413,0.1412615031003952,0.0630260556936264,0.0782354474067688
7414,0.1407386213541031,0.06263230741024017,0.07810631394386292
7415,0.1390293836593628,0.06289041042327881,0.07613896578550339
7416,0.13767138123512268,0.06265424191951752,0.07501714676618576
7417,0.138065904378891,0.06264588236808777,0.07542002946138382
7418,0.14023199677467346,0.06271960586309433,0.07751238346099854
7419,0.14277499914169312,0.06243788078427315,0.08033711463212967
7420,0.14409464597702026,0.06268596649169922,0.08140867203474045
7421,0.14360667765140533,0.06237144395709038,0.08123522996902466
7422,0.1423071026802063,0.06249764561653137,0.07980945706367493
7423,0.14173349738121033,0.062429629266262054,0.07930387556552887
7424,0.14271730184555054,0.06223665922880173,0.0804806500673294
7425,0.14456503093242645,0.062490057200193405,0.08207497745752335
7426,0.145612433552742,0.06204903870820999,0.08356339484453201
7427,0.14469261467456818,0.06242081895470619,0.08227179199457169
7428,0.14211022853851318,0.0620204359292984,0.08008980005979538
7429,0.13955557346343994,0.06219737231731415,0.0773581936955452
7430,0.13857701420783997,0.0621032752096653,0.07647374272346497
7431,0.13927677273750305,0.061934106051921844,0.07734265923500061
7432,0.14030197262763977,0.062150098383426666,0.0781518816947937
7433,0.14009100198745728,0.06177767366170883,0.07831333577632904
7434,0.13834936916828156,0.062045831233263016,0.07630353420972824
7435,0.1362665891647339,0.06177535653114319,0.0744912400841713
7436,0.1355016678571701,0.06181340664625168,0.07368826121091843
7437,0.1367175132036209,0.061842385679483414,0.0748751237988472
7438,0.1390368491411209,0.06158825382590294,0.07744859904050827
7439,0.1408214420080185,0.06183605641126633,0.07898538559675217
7440,0.14100000262260437,0.06149119883775711,0.07950881123542786
7441,0.13998888432979584,0.061677563935518265,0.07831131666898727
7442,0.13918648660182953,0.06153044104576111,0.07765604555606842
7443,0.13983102142810822,0.061421409249305725,0.07840961217880249
7444,0.1418493688106537,0.061602652072906494,0.0802467092871666
7445,0.14389269053936005,0.061206284910440445,0.0826864019036293
7446,0.14445489645004272,0.061572808772325516,0.08288209140300751
7447,0.14306285977363586,0.061136096715927124,0.08192675560712814
7448,0.14082472026348114,0.06138613820075989,0.07943858206272125
7449,0.13939860463142395,0.06119602918624878,0.07820258289575577
7450,0.13958649337291718,0.061126645654439926,0.07845984399318695
7451,0.1406320035457611,0.06125839799642563,0.07937360554933548
7452,0.1408817023038864,0.06094193086028099,0.07993976771831512
7453,0.13940829038619995,0.06119035929441452,0.07821793109178543
7454,0.13676758110523224,0.060907360166311264,0.07586022466421127
7455,0.13464830815792084,0.06097928062081337,0.07366903126239777
7456,0.1343541294336319,0.060967616736888885,0.07338651269674301
7457,0.1357443481683731,0.0607433095574379,0.07500103861093521
7458,0.13741396367549896,0.06098483130335808,0.07642913609743118
7459,0.1379200965166092,0.0606149360537529,0.07730516046285629
7460,0.13702204823493958,0.06085776910185814,0.07616428285837173
7461,0.13579952716827393,0.06063103675842285,0.07516848295927048
7462,0.13572415709495544,0.060613006353378296,0.07511114329099655
7463,0.13734900951385498,0.060708627104759216,0.07664038985967636
7464,0.13984082639217377,0.060377176851034164,0.0794636532664299
7465,0.14166034758090973,0.060712821781635284,0.08094752579927444
7466,0.1417546272277832,0.06026632711291313,0.08148829638957977
7467,0.14050571620464325,0.06056665629148483,0.07993905991315842
7468,0.13931897282600403,0.06029633432626724,0.07902264595031738
7469,0.13946059346199036,0.06032092869281769,0.07913966476917267
7470,0.14089179039001465,0.060365159064531326,0.08052663505077362
7471,0.14221201837062836,0.060113243758678436,0.08209877461194992
7472,0.14198923110961914,0.060333214700222015,0.08165601640939713
7473,0.1398492008447647,0.06004321575164795,0.07980598509311676
7474,0.1370539367198944,0.060150131583213806,0.0769038051366806
7475,0.13527549803256989,0.0600915253162384,0.07518397271633148
7476,0.1352916806936264,0.059905391186475754,0.07538628578186035
7477,0.13632427155971527,0.060133907943964005,0.07619036734104156
7478,0.13679268956184387,0.05974016711115837,0.0770525187253952
7479,0.13577038049697876,0.06004606932401657,0.07572430372238159
7480,0.13378474116325378,0.059724681079387665,0.07406006008386612
7481,0.13239318132400513,0.059818707406520844,0.07257447391748428
7482,0.1328011453151703,0.059802912175655365,0.07299824059009552
7483,0.13484033942222595,0.05956512689590454,0.07527521997690201
7484,0.13713142275810242,0.059839341789484024,0.07729208469390869
7485,0.13820333778858185,0.059415437281131744,0.0787879005074501
7486,0.13773031532764435,0.05973338335752487,0.07799693197011948
7487,0.13671386241912842,0.059412501752376556,0.07730136811733246
7488,0.13665947318077087,0.05950642377138138,0.07715305685997009
7489,0.13821493089199066,0.05948006734251976,0.0787348598241806
7490,0.14054043591022491,0.05928274244070053,0.08125769346952438
7491,0.14204898476600647,0.059478774666786194,0.08257021009922028
7492,0.14155447483062744,0.05917932465672493,0.08237514644861221
7493,0.139505073428154,0.05932733044028282,0.08017774671316147
7494,0.1373748928308487,0.05921105295419693,0.07816383987665176
7495,0.13660463690757751,0.05908013507723808,0.07752449810504913
7496,0.13723339140415192,0.05927535891532898,0.07795803248882294
7497,0.137935072183609,0.05887674540281296,0.07905833423137665
7498,0.13724878430366516,0.0592329241335392,0.07801586389541626
7499,0.13488465547561646,0.05882056802511215,0.0760640874505043
7500,0.13214877247810364,0.05903356522321701,0.07311520725488663
7501,0.13079549372196198,0.05889062583446503,0.07190486788749695
7502,0.13155260682106018,0.05876722186803818,0.0727853775024414
7503,0.13353097438812256,0.05895663797855377,0.07457432895898819
7504,0.1350337564945221,0.058578163385391235,0.07645559310913086
7505,0.13501885533332825,0.0588923916220665,0.07612646371126175
7506,0.13391384482383728,0.05854041129350662,0.07537343353033066
7507,0.13323809206485748,0.05868765339255333,0.07455043494701385
7508,0.1342163234949112,0.05860193073749542,0.07561439275741577
7509,0.13668662309646606,0.05845238268375397,0.0782342329621315
7510,0.13922342658042908,0.0586252436041832,0.08059819042682648
7511,0.14018383622169495,0.058317795395851135,0.08186603337526321
7512,0.13922017812728882,0.058506518602371216,0.0807136595249176
7513,0.13733801245689392,0.058328334242105484,0.07900967448949814
7514,0.13623490929603577,0.0582667738199234,0.07796813547611237
7515,0.13665254414081573,0.058403510600328445,0.07824902981519699
7516,0.1378019154071808,0.05803524702787399,0.0797666609287262
7517,0.13803443312644958,0.05840108543634415,0.07963335514068604
7518,0.13628068566322327,0.05793783441185951,0.07834284752607346
7519,0.13320285081863403,0.05823712795972824,0.07496573030948639
7520,0.1306321918964386,0.05798857659101486,0.07264361530542374
7521,0.13006584346294403,0.0579710453748703,0.07209479808807373
7522,0.13137441873550415,0.05807223170995712,0.07330218702554703
7523,0.1330091655254364,0.05775124579668045,0.07525791972875595
7524,0.13341231644153595,0.058045484125614166,0.07536683231592178
7525,0.1323380172252655,0.057679444551467896,0.0746585801243782
7526,0.13105788826942444,0.05786575376987457,0.07319214195013046
7527,0.13116884231567383,0.05772934854030609,0.07343949377536774
7528,0.1331777572631836,0.05762529373168945,0.07555247098207474
7529,0.13603219389915466,0.05777059122920036,0.0782616063952446
7530,0.13791216909885406,0.05746487155556679,0.08044729381799698
7531,0.13783586025238037,0.057681385427713394,0.08015447109937668
7532,0.13627029955387115,0.057452067732810974,0.07881823182106018
7533,0.13489623367786407,0.05745494365692139,0.07744129002094269
7534,0.1349472999572754,0.05752827972173691,0.07741902768611908
7535,0.1362185776233673,0.05720813572406769,0.07901043444871902
7536,0.1371823102235794,0.057553183287382126,0.07962913066148758
7537,0.13629789650440216,0.05707846209406853,0.07921943068504333
7538,0.13354212045669556,0.05742155760526657,0.07612056285142899
7539,0.13045993447303772,0.057107407599687576,0.07335252314805984
7540,0.12895269691944122,0.05716399848461151,0.07178869843482971
7541,0.12958982586860657,0.05719783902168274,0.07239199429750443
7542,0.1312067210674286,0.056923892349004745,0.07428283244371414
7543,0.1320284754037857,0.05719979852437973,0.07482867687940598
7544,0.13123324513435364,0.05682329833507538,0.07440995424985886
7545,0.12968094646930695,0.057044971734285355,0.07263597100973129
7546,0.12907598912715912,0.05685865879058838,0.07221733033657074
7547,0.1304537057876587,0.05680541694164276,0.07364828139543533
7548,0.13323630392551422,0.056911032646894455,0.07632527500391006
7549,0.1356588900089264,0.05662425979971886,0.07903463393449783
7550,0.13630414009094238,0.05684797465801239,0.07945617288351059
7551,0.13510796427726746,0.056587766855955124,0.07852020114660263
7552,0.1335488110780716,0.056639689952135086,0.07690911740064621
7553,0.1331517994403839,0.05665668845176697,0.07649510353803635
7554,0.13424980640411377,0.05638779699802399,0.07786201685667038
7555,0.13560321927070618,0.05669768899679184,0.07890553772449493
7556,0.1354583203792572,0.05623588711023331,0.07922244071960449
7557,0.1332235187292099,0.05659180507063866,0.07663171738386154
7558,0.13001835346221924,0.05624448508024216,0.07377386093139648
7559,0.127862349152565,0.056345269083976746,0.07151708006858826
7560,0.12786543369293213,0.05633612722158432,0.07152929902076721
7561,0.12933984398841858,0.056093037128448486,0.07324681431055069
7562,0.1305142194032669,0.05636017024517059,0.07415404915809631
7563,0.13012853264808655,0.055968184024095535,0.07416035234928131
7564,0.12856525182724,0.056227535009384155,0.07233770936727524
7565,0.12743908166885376,0.055989135056734085,0.07144995033740997
7566,0.1281505823135376,0.05599132925271988,0.07215924561023712
7567,0.13061700761318207,0.05604955181479454,0.07456745952367783
7568,0.13329634070396423,0.055792227387428284,0.07750412076711655
7569,0.13452467322349548,0.05601107329130173,0.07851359248161316
7570,0.13376882672309875,0.05573069676756859,0.07803813368082047
7571,0.1321856677532196,0.055824052542448044,0.07636161148548126
7572,0.13141772150993347,0.05578681826591492,0.07563090324401855
7573,0.13225673139095306,0.05557434633374214,0.07668238878250122
7574,0.1338457465171814,0.05583728104829788,0.07800845801830292
7575,0.13440677523612976,0.05540480464696884,0.07900197058916092
7576,0.13288259506225586,0.05575451999902725,0.07712807506322861
7577,0.12987707555294037,0.055392391979694366,0.074484683573246
7578,0.12731073796749115,0.055523697286844254,0.0717870369553566
7579,0.12668773531913757,0.055479295551776886,0.07120843231678009
7580,0.12783490121364594,0.055265624076128006,0.07256927341222763
7581,0.12915414571762085,0.05551886931061745,0.0736352726817131
7582,0.12908904254436493,0.055121079087257385,0.07396796345710754
7583,0.1275491863489151,0.05540703237056732,0.07214215397834778
7584,0.12592338025569916,0.055126968771219254,0.0707964077591896
7585,0.12584875524044037,0.055176571011543274,0.0706721842288971
7586,0.12773166596889496,0.05519206449389458,0.07253959774971008
7587,0.13037768006324768,0.05496260151267052,0.07541507482528687
7588,0.13203880190849304,0.05517617613077164,0.07686261832714081
7589,0.13179704546928406,0.054876022040843964,0.0769210234284401
7590,0.1304144263267517,0.055012863129377365,0.07540156692266464
7591,0.12949320673942566,0.054915651679039,0.07457755506038666
7592,0.1301705539226532,0.05476947873830795,0.07540106773376465
7593,0.1320180892944336,0.05497145652770996,0.07704664021730423
7594,0.13339218497276306,0.054583895951509476,0.07880829274654388
7595,0.1328752636909485,0.05491311475634575,0.07796215265989304
7596,0.13047324120998383,0.05454548820853233,0.0759277492761612
7597,0.1277848333120346,0.05470554530620575,0.07307928800582886
7598,0.12654262781143188,0.0546187087893486,0.07192392647266388
7599,0.12712650001049042,0.05445124953985214,0.07267525047063828
7600,0.12829358875751495,0.054666731506586075,0.07362686097621918
7601,0.12833450734615326,0.05429231747984886,0.0740421935915947
7602,0.12670455873012543,0.05457253009080887,0.07213202863931656
7603,0.1244669035077095,0.05428318679332733,0.07018371671438217
7604,0.1233915239572525,0.0543493926525116,0.0690421313047409
7605,0.12437096238136292,0.05435029789805412,0.0700206607580185
7606,0.12667495012283325,0.05412326380610466,0.07255169004201889
7607,0.12861885130405426,0.05435461178421974,0.07426423579454422
7608,0.12895916402339935,0.054013337939977646,0.07494582235813141
7609,0.12797103822231293,0.054214444011449814,0.07375659793615341
7610,0.12705419957637787,0.05403704196214676,0.07301715761423111
7611,0.12756884098052979,0.05397651344537735,0.07359233498573303
7612,0.1295570582151413,0.0541003979742527,0.0754566639661789
7613,0.13169237971305847,0.05376996099948883,0.07792241126298904
7614,0.13237455487251282,0.05407440662384033,0.07830014079809189
7615,0.1310240775346756,0.05369381979107857,0.07733025401830673
7616,0.12871992588043213,0.05390477180480957,0.07481516152620316
7617,0.1272069811820984,0.05373866856098175,0.07346830517053604
7618,0.12739062309265137,0.05366656184196472,0.07372406870126724
7619,0.12854929268360138,0.053786009550094604,0.07476328313350677
7620,0.12896810472011566,0.05349588766694069,0.07547221332788467
7621,0.12761706113815308,0.05371307581663132,0.07390398532152176
7622,0.12500759959220886,0.053465038537979126,0.07154255360364914
7623,0.1228635236620903,0.053508415818214417,0.06935510784387589
7624,0.1225496232509613,0.05352126434445381,0.0690283551812172
7625,0.12393249571323395,0.05328252911567688,0.07064996659755707
7626,0.12555378675460815,0.053533025085926056,0.0720207616686821
7627,0.12591958045959473,0.05316043645143509,0.07275913655757904
7628,0.12481057643890381,0.05340588092803955,0.07140469551086426
7629,0.12339676171541214,0.05317619442939758,0.07022056728601456
7630,0.12322986125946045,0.05316787213087082,0.07006198912858963
7631,0.12486302852630615,0.05325040966272354,0.07161261886358261
7632,0.12738926708698273,0.052940014749765396,0.07444925606250763
7633,0.12920373678207397,0.05325440317392349,0.07594934105873108
7634,0.12927603721618652,0.05283067375421524,0.07644537091255188
7635,0.12808027863502502,0.05311702936887741,0.07496325671672821
7636,0.12709210813045502,0.0528530552983284,0.07423905283212662
7637,0.12754270434379578,0.052887700498104095,0.07465501129627228
7638,0.12927119433879852,0.05290989577770233,0.07636129856109619
7639,0.130766361951828,0.05269322544336319,0.07807313650846481
7640,0.1305859237909317,0.05287294462323189,0.07771298289299011
7641,0.12846893072128296,0.05262550711631775,0.07584341615438461
7642,0.12581467628479004,0.0527014285326004,0.07311324030160904
7643,0.12430647015571594,0.052662502974271774,0.07164396345615387
7644,0.124575175344944,0.05247804522514343,0.07209713011980057
7645,0.12562963366508484,0.0526864156126976,0.07294321060180664
7646,0.12578794360160828,0.052331507205963135,0.07345643639564514
7647,0.12424410879611969,0.05258900672197342,0.07165510207414627
7648,0.12179446220397949,0.05232057720422745,0.06947388499975204
7649,0.12020178139209747,0.0523715615272522,0.06783021986484528
7650,0.12061412632465363,0.05238384008407593,0.0682302862405777
7651,0.12259015440940857,0.05214495584368706,0.07044520229101181
7652,0.12452682107686996,0.05239488184452057,0.0721319392323494
7653,0.12503239512443542,0.05202406644821167,0.07300832867622375
7654,0.1241263896226883,0.05227180942893028,0.07185457646846771
7655,0.1231461837887764,0.052033551037311554,0.07111263275146484
7656,0.12358764559030533,0.05205085873603821,0.07153678685426712
7657,0.12574346363544464,0.05208764225244522,0.07365582138299942
7658,0.12837135791778564,0.051854219287633896,0.07651714235544205
7659,0.12981358170509338,0.052059389650821686,0.0777541846036911
7660,0.12922677397727966,0.05178051441907883,0.07744625955820084
7661,0.1275031864643097,0.0518912747502327,0.0756119042634964
7662,0.12625302374362946,0.05182380974292755,0.0744292140007019
7663,0.12656529247760773,0.05165043845772743,0.07491485029459
7664,0.1279076337814331,0.05187664180994034,0.07603098452091217
7665,0.12859269976615906,0.05146883428096771,0.07712386548519135
7666,0.12732288241386414,0.05181584879755974,0.0755070298910141
7667,0.12434683740139008,0.051430586725473404,0.07291625440120697
7668,0.1214507520198822,0.05161234736442566,0.06983840465545654
7669,0.12032786756753922,0.0514976903796196,0.06883017718791962
7670,0.1211390346288681,0.05136610195040703,0.06977292895317078
7671,0.1224551796913147,0.05153929814696312,0.07091587781906128
7672,0.12261520326137543,0.05121004208922386,0.07140516489744186
7673,0.1212698221206665,0.0514511838555336,0.0698186382651329
7674,0.1196492463350296,0.05119039863348007,0.06845884770154953
7675,0.11945188045501709,0.05124973878264427,0.06820214539766312
7676,0.12128254771232605,0.051233675330877304,0.07004887610673904
7677,0.12409412860870361,0.05105182155966759,0.07304231077432632
7678,0.1261005997657776,0.05121500790119171,0.07488558441400528
7679,0.12621603906154633,0.05096260830760002,0.0752534344792366
7680,0.12507253885269165,0.05106830596923828,0.07400423288345337
7681,0.12427578121423721,0.05098596215248108,0.07328981906175613
7682,0.1250637173652649,0.050846051424741745,0.07421766966581345
7683,0.1270468384027481,0.05102745071053505,0.07601938396692276
7684,0.12851621210575104,0.05066978186368942,0.07784643024206161
7685,0.1279536783695221,0.050971269607543945,0.07698241621255875
7686,0.12536174058914185,0.05062127113342285,0.07474047690629959
7687,0.12246234714984894,0.05078435689210892,0.07167799025774002
7688,0.1210884377360344,0.05067094415426254,0.07041749358177185
7689,0.12154631316661835,0.05055658146739006,0.07098972797393799
7690,0.12243008613586426,0.05069780722260475,0.0717322826385498
7691,0.12199917435646057,0.050412874668836594,0.07158629596233368
7692,0.11994302272796631,0.050601426512002945,0.06934159249067307
7693,0.11767375469207764,0.050394896417856216,0.06727886199951172
7694,0.11705341935157776,0.050403088331222534,0.06665033102035522
7695,0.11863983422517776,0.05042998492717743,0.06820984929800034
7696,0.12119489163160324,0.05021882802248001,0.07097606360912323
7697,0.12284359335899353,0.05039700120687485,0.07244659215211868
7698,0.12270410358905792,0.05014277994632721,0.07256132364273071
7699,0.12169363349676132,0.05024085193872452,0.0714527815580368
7700,0.12151540815830231,0.050170477479696274,0.07134492695331573
7701,0.12308318167924881,0.05002177506685257,0.07306140661239624
7702,0.12555526196956635,0.0502057708799839,0.07534949481487274
7703,0.1270531713962555,0.04985520988702774,0.07719796895980835
7704,0.1263997107744217,0.05014340579509735,0.07625630497932434
7705,0.12416154146194458,0.04980885982513428,0.0743526816368103
7706,0.12221699953079224,0.049962591379880905,0.07225440442562103
7707,0.12185835838317871,0.04984596371650696,0.07201239466667175
7708,0.12257193773984909,0.04975341260433197,0.07281852513551712
7709,0.12265083193778992,0.04985467717051506,0.07279615849256516
7710,0.12094247341156006,0.0496232695877552,0.07131920009851456
7711,0.11822137236595154,0.04975482076406479,0.06846655160188675
7712,0.11638619005680084,0.04959722235798836,0.06678896397352219
7713,0.11659315228462219,0.04957762733101845,0.06701552867889404
7714,0.11812566220760345,0.04960353672504425,0.0685221254825592
7715,0.11922314763069153,0.04942258447408676,0.06980056315660477
7716,0.11897522211074829,0.049547966569662094,0.0694272518157959
7717,0.11824870109558105,0.04935343191027641,0.06889527291059494
7718,0.11862578988075256,0.049404077231884,0.06922171264886856
7719,0.12050309777259827,0.04935184493660927,0.0711512565612793
7720,0.12264476716518402,0.049228355288505554,0.07341641187667847
7721,0.12350891530513763,0.049346111714839935,0.0741628035902977
7722,0.12305513769388199,0.04909165948629379,0.0739634782075882
7723,0.12275689095258713,0.04927791655063629,0.07347897440195084
7724,0.12358300387859344,0.049022503197193146,0.0745605006814003
7725,0.1246454268693924,0.04914765805006027,0.07549776881933212
7726,0.12418952584266663,0.04899674281477928,0.07519278675317764
7727,0.12198400497436523,0.048999570310115814,0.07298443466424942
7728,0.11998575925827026,0.0489661805331707,0.07101958245038986
7729,0.11970928311347961,0.04887566342949867,0.07083361595869064
7730,0.12012366950511932,0.048896096646785736,0.07122757285833359
7731,0.11899252980947495,0.048795782029628754,0.07019674777984619
7732,0.11623921990394592,0.04878659173846245,0.06745263189077377
7733,0.11444208025932312,0.048744942992925644,0.06569713354110718
7734,0.11527971178293228,0.0486622229218483,0.06661748886108398
7735,0.11705055832862854,0.04869062826037407,0.06835992634296417
7736,0.11718550324440002,0.0485602430999279,0.06862526386976242
7737,0.1161068007349968,0.0486002042889595,0.06750659644603729
7738,0.11649082601070404,0.048501718789339066,0.06798910349607468
7739,0.11887973546981812,0.04846882075071335,0.07041091471910477
7740,0.12076840549707413,0.04847545176744461,0.07229295372962952
7741,0.12071721255779266,0.048326533287763596,0.07239067554473877
7742,0.12068863958120346,0.04843857139348984,0.07225006818771362
7743,0.1225898340344429,0.04821055382490158,0.07437928020954132
7744,0.12470754235982895,0.04836384952068329,0.07634369283914566
7745,0.12437079101800919,0.048136331140995026,0.07623445987701416
7746,0.12247146666049957,0.04825139418244362,0.07422006875276566
7747,0.12198075652122498,0.048091720789670944,0.07388903945684433
7748,0.12278106808662415,0.04811951145529747,0.07466155290603638
7749,0.12199071794748306,0.04805511236190796,0.0739356055855751
7750,0.11911651492118835,0.04799409583210945,0.0711224228143692
7751,0.11704975366592407,0.04799414798617363,0.06905560940504074
7752,0.11683133989572525,0.04790479689836502,0.06892654299736023
7753,0.11610984057188034,0.04788900166749954,0.0682208389043808
7754,0.11391883343458176,0.04785630851984024,0.06606252491474152
7755,0.1128961369395256,0.04775893688201904,0.06513720005750656
7756,0.11444362998008728,0.04780607670545578,0.0666375532746315
7757,0.11597606539726257,0.04766175150871277,0.0683143138885498
7758,0.11560533940792084,0.0477057583630085,0.06789958477020264
7759,0.11554332822561264,0.04762355238199234,0.0679197758436203
7760,0.11777222901582718,0.047556377947330475,0.0702158510684967
7761,0.12016665935516357,0.047607433050870895,0.07255923002958298
7762,0.12060388922691345,0.04741258546710014,0.07319130003452301
7763,0.12090763449668884,0.04756389185786247,0.07334373891353607
7764,0.12285773456096649,0.04731122404336929,0.0755465105175972
7765,0.12419161945581436,0.04747696965932846,0.0767146497964859
7766,0.12282343208789825,0.047246966511011124,0.07557646185159683
7767,0.12099036574363708,0.04735949635505676,0.07363086938858032
7768,0.12088687717914581,0.04720676317811012,0.07368011772632599
7769,0.12043900042772293,0.047224387526512146,0.07321461290121078
7770,0.11780434846878052,0.04717440530657768,0.07062994688749313
7771,0.11525923758745193,0.04709560424089432,0.06816363334655762
7772,0.11470240354537964,0.04711591824889183,0.06758648157119751
7773,0.11404114961624146,0.047009605914354324,0.06703154742717743
7774,0.1120971143245697,0.047004710882902145,0.06509240716695786
7775,0.11153815686702728,0.04696650430560112,0.06457165628671646
7776,0.11354390531778336,0.04687713086605072,0.06666677445173264
7777,0.11525750905275345,0.04690796136856079,0.06834954768419266
7778,0.11542235314846039,0.046797532588243484,0.0686248168349266
7779,0.1165633574128151,0.04678897559642792,0.06977438181638718
7780,0.11919345706701279,0.0467706099152565,0.07242284715175629
7781,0.12055659294128418,0.04664279893040657,0.07391379028558731
7782,0.12037429213523865,0.046743493527173996,0.07363080233335495
7783,0.12127311527729034,0.046518560498952866,0.07475455105304718
7784,0.12272188067436218,0.04668721184134483,0.07603466510772705
7785,0.12174440920352936,0.046422917395830154,0.0753214955329895
7786,0.11908078193664551,0.046599697321653366,0.07248108088970184
7787,0.11759307980537415,0.046363715082407,0.07122936099767685
7788,0.11650992929935455,0.04646623134613037,0.07004369795322418
7789,0.11392802745103836,0.04635138064622879,0.06757664680480957
7790,0.11176112294197083,0.04629877582192421,0.06546235084533691
7791,0.11195752769708633,0.046341776847839355,0.06561575084924698
7792,0.11234363913536072,0.046167898923158646,0.06617574393749237
7793,0.11147133260965347,0.046268388628959656,0.06520294398069382
7794,0.11180534958839417,0.046107228845357895,0.06569811701774597
7795,0.11426255106925964,0.04614446684718132,0.06811808049678802
7796,0.11617548763751984,0.04606540501117706,0.07011008262634277
7797,0.11699577420949936,0.04603343456983566,0.0709623396396637
7798,0.11893429607152939,0.04598958045244217,0.07294471561908722
7799,0.1211383119225502,0.045957885682582855,0.07518042623996735
7800,0.12095008790493011,0.04588877782225609,0.07506131380796432
7801,0.11942119896411896,0.04590081796050072,0.07352037727832794
7802,0.11900287866592407,0.04577121138572693,0.07323166728019714
7803,0.11825365573167801,0.0458572655916214,0.07239639014005661
7804,0.11564047634601593,0.045646291226148605,0.06999418884515762
7805,0.11338581144809723,0.045805275440216064,0.06758053600788116
7806,0.11265774071216583,0.045556820929050446,0.06710091978311539
7807,0.11129969358444214,0.04569215700030327,0.06560754030942917
7808,0.10937553644180298,0.04554063826799393,0.06383489817380905
7809,0.10968063771724701,0.04551783949136734,0.06416279822587967
7810,0.11176846921443939,0.04555381089448929,0.0662146583199501
7811,0.11305341124534607,0.045356251299381256,0.06769715994596481
7812,0.1142614334821701,0.04552038386464119,0.06874104589223862
7813,0.11681878566741943,0.04525948688387871,0.07155929505825043
7814,0.11867304146289825,0.045428644865751266,0.07324440032243729
7815,0.11845561116933823,0.045202597975730896,0.07325301319360733
7816,0.11840856820344925,0.04530633985996246,0.07310222834348679
7817,0.1191263422369957,0.04516533017158508,0.07396101206541061
7818,0.11815491318702698,0.04517098516225815,0.07298392802476883
7819,0.11567622423171997,0.04513638839125633,0.07053983211517334
7820,0.11397410929203033,0.04504726827144623,0.0689268410205841
7821,0.11243250966072083,0.045067764818668365,0.06736474484205246
7822,0.10976847261190414,0.044982075691223145,0.064786396920681
7823,0.1082133948802948,0.04494093358516693,0.06327246129512787
7824,0.10920233279466629,0.044950634241104126,0.06425169855356216
7825,0.11044362187385559,0.04482283815741539,0.0656207874417305
7826,0.11107910424470901,0.04487328231334686,0.06620582193136215
7827,0.11291266232728958,0.04476962238550186,0.06814303994178772
7828,0.11530039459466934,0.04473969340324402,0.07056070119142532
7829,0.11607985198497772,0.044748447835445404,0.07133140414953232
7830,0.11642932146787643,0.04459866136312485,0.07183066010475159
7831,0.11781734973192215,0.044721849262714386,0.07309550046920776
7832,0.11822371184825897,0.04446942359209061,0.07375428825616837
7833,0.11649022996425629,0.044675055891275406,0.07181517034769058
7834,0.11464031040668488,0.044372159987688065,0.07026815414428711
7835,0.11308728158473969,0.04456951096653938,0.0685177743434906
7836,0.11038251966238022,0.04435180127620697,0.06603071838617325
7837,0.10798052698373795,0.044390805065631866,0.06358972191810608
7838,0.10798747837543488,0.04437658563256264,0.06361088901758194
7839,0.10886998474597931,0.044216375797986984,0.06465361267328262
7840,0.10914243757724762,0.04435518756508827,0.06478725373744965
7841,0.11030582338571548,0.04411449283361435,0.06619133055210114
7842,0.11250206083059311,0.04426392912864685,0.06823813170194626
7843,0.11368929594755173,0.04406403750181198,0.06962525844573975
7844,0.11432850360870361,0.044143013656139374,0.07018548995256424
7845,0.11604978144168854,0.04402654990553856,0.07202322781085968
7846,0.11726551502943039,0.04401542246341705,0.07325009256601334
7847,0.11632245779037476,0.04398741200566292,0.07233504951000214
7848,0.11469066888093948,0.043906696140766144,0.07078397274017334
7849,0.11322072893381119,0.043908849358558655,0.06931187957525253
7850,0.11060623824596405,0.043852079659700394,0.06675416231155396
7851,0.10790099203586578,0.043773822486400604,0.06412716954946518
7852,0.10733211785554886,0.043827272951602936,0.06350484490394592
7853,0.10784105211496353,0.04364814609289169,0.06419290602207184
7854,0.10781044512987137,0.04375728964805603,0.06405315548181534
7855,0.10849523544311523,0.043592583388090134,0.0649026483297348
7856,0.1103273257613182,0.04361904412508011,0.0667082816362381
7857,0.11148743331432343,0.04358487203717232,0.0679025650024414
7858,0.1122472882270813,0.043460603803396225,0.06878668814897537
7859,0.11414279788732529,0.04357827454805374,0.07056452333927155
7860,0.1158040463924408,0.04331964999437332,0.07248439639806747
7861,0.11546669155359268,0.04354337602853775,0.07192331552505493
7862,0.11427657306194305,0.043217506259679794,0.07105907052755356
7863,0.11298392713069916,0.04344513267278671,0.06953879445791245
7864,0.1104588508605957,0.04319171980023384,0.06726712733507156
7865,0.10767719149589539,0.0432705394923687,0.06440664827823639
7866,0.10678434371948242,0.04322154074907303,0.0635628029704094
7867,0.1069522425532341,0.043088145554065704,0.0638640969991684
7868,0.10670917481184006,0.04321495443582535,0.06349422037601471
7869,0.10711158812046051,0.04297647252678871,0.0641351193189621
7870,0.10855775326490402,0.043128602206707,0.06542915105819702
7871,0.10949034988880157,0.04292641952633858,0.0665639266371727
7872,0.11022132635116577,0.043004442006349564,0.0672168880701065
7873,0.11219757050275803,0.04289459437131882,0.06930297613143921
7874,0.11413700133562088,0.04287517070770264,0.07126183062791824
7875,0.11436551809310913,0.04286022484302521,0.07150529325008392
7876,0.11373371630907059,0.04276229441165924,0.07097142189741135
7877,0.11276422441005707,0.04278572276234627,0.0699784979224205
7878,0.11034616082906723,0.042709894478321075,0.06763626635074615
7879,0.10754626244306564,0.04264546185731888,0.06490080058574677
7880,0.1064251959323883,0.04270051419734955,0.06372468173503876
7881,0.10624989122152328,0.04250391572713852,0.06374597549438477
7882,0.1057710275053978,0.042648062109947205,0.06312296539545059
7883,0.10597012937068939,0.04243507236242294,0.06353505700826645
7884,0.1070370152592659,0.04252122342586517,0.06451579183340073
7885,0.10757198929786682,0.04242364689707756,0.06514834612607956
7886,0.10812748968601227,0.04236385598778725,0.06576362997293472
7887,0.11005235463380814,0.042427077889442444,0.06762527674436569
7888,0.11212360858917236,0.0422048345208168,0.06991877406835556
7889,0.11288627237081528,0.04241859167814255,0.07046768069267273
7890,0.11301110684871674,0.042078133672475815,0.07093296945095062
7891,0.11253994703292847,0.042345404624938965,0.0701945424079895
7892,0.11036738753318787,0.042038317769765854,0.06832907348871231
7893,0.10763690620660782,0.04217907041311264,0.06545783579349518
7894,0.10627759993076324,0.042068883776664734,0.06420871615409851
7895,0.10569697618484497,0.04199108108878136,0.06370589882135391
7896,0.10499583184719086,0.04207654297351837,0.06291928887367249
7897,0.10502593219280243,0.041859220713377,0.06316671520471573
7898,0.10568927228450775,0.042015232145786285,0.06367404013872147
7899,0.10573787987232208,0.041789181530475616,0.06394869834184647
7900,0.10591309517621994,0.04190240055322647,0.06401069462299347
7901,0.10753119736909866,0.04175969213247299,0.06577150523662567
7902,0.10955840349197388,0.04176030680537224,0.06779810041189194
7903,0.11085037142038345,0.0417463481426239,0.06910402327775955
7904,0.11187638342380524,0.041631605476140976,0.07024477422237396
7905,0.11225806176662445,0.04168984666466713,0.07056821882724762
7906,0.11068800091743469,0.04156938195228577,0.06911861896514893
7907,0.10825785994529724,0.04155596345663071,0.06670189648866653
7908,0.10671459138393402,0.04156431555747986,0.06515027582645416
7909,0.10567596554756165,0.041399236768484116,0.06427672505378723
7910,0.10465139895677567,0.04154307395219803,0.06310832500457764
7911,0.10448119044303894,0.04129141941666603,0.06318976730108261
7912,0.10476601123809814,0.041457872837781906,0.06330813467502594
7913,0.10426824539899826,0.041249215602874756,0.0630190297961235
7914,0.10384425520896912,0.0413169264793396,0.06252732872962952
7915,0.10478465259075165,0.04125487059354782,0.06352978199720383
7916,0.1063423678278923,0.04114244133234024,0.06519992649555206
7917,0.10783380270004272,0.041276317089796066,0.06655748188495636
7918,0.1097138449549675,0.0409773588180542,0.0687364861369133
7919,0.11117541790008545,0.041251834481954575,0.06992358714342117
7920,0.11072168499231339,0.04088938981294632,0.06983229517936707
7921,0.10909537225961685,0.04113214462995529,0.06796322762966156
7922,0.1076856181025505,0.04089357703924179,0.06679204106330872
7923,0.1063234880566597,0.04095158725976944,0.06537190079689026
7924,0.10501746833324432,0.04091862961649895,0.06409884244203568
7925,0.10464487969875336,0.04078785330057144,0.06385702639818192
7926,0.1046530082821846,0.040900640189647675,0.06375236809253693
7927,0.10374194383621216,0.04067707061767578,0.06306487321853638
7928,0.1025957390666008,0.04082423821091652,0.06177150085568428
7929,0.10242000222206116,0.04062468558549881,0.06179531663656235
7930,0.10287956893444061,0.04069063067436218,0.06218893453478813
7931,0.10382883250713348,0.040622394531965256,0.06320643424987793
7932,0.10590830445289612,0.040536101907491684,0.06537219882011414
7933,0.10827353596687317,0.04060649871826172,0.06766703724861145
7934,0.10922610014677048,0.040435127913951874,0.0687909722328186
7935,0.10901232063770294,0.0405089296400547,0.06850339472293854
7936,0.10845571756362915,0.040411751717329025,0.06804396957159042
7937,0.10736498236656189,0.04035136103630066,0.06701362133026123
7938,0.10602743923664093,0.04041436314582825,0.06561307609081268
7939,0.1056169718503952,0.04019968584179878,0.06541728973388672
7940,0.10570289939641953,0.040393389761447906,0.06530950963497162
7941,0.1048852950334549,0.040089044719934464,0.06479624658823013
7942,0.10343742370605469,0.04031890258193016,0.06311851739883423
7943,0.10220484435558319,0.04004618898034096,0.062158651649951935
7944,0.10104694962501526,0.040167175233364105,0.060879774391651154
7945,0.10037842392921448,0.04007701948285103,0.06030140444636345
7946,0.10135439038276672,0.03996936231851578,0.061385028064250946
7947,0.10349737107753754,0.04011119157075882,0.06338617950677872
7948,0.1052495688199997,0.03981209918856621,0.06543746590614319
7949,0.1063806563615799,0.0400722362101078,0.06630842387676239
7950,0.10710398852825165,0.039741337299346924,0.06736265122890472
7951,0.1069025844335556,0.03995649144053459,0.06694608926773071
7952,0.10606540739536285,0.0397309772670269,0.06633443385362625
7953,0.10596613585948944,0.039797890931367874,0.06616824120283127
7954,0.10662123560905457,0.03974402695894241,0.06687720865011215
7955,0.10681048035621643,0.0396343432366848,0.06717613339424133
7956,0.10633645951747894,0.03973318636417389,0.06660327315330505
7957,0.1053328886628151,0.039522819221019745,0.06581006944179535
7958,0.10337819904088974,0.03964633494615555,0.06373186409473419
7959,0.10089606046676636,0.03949575126171112,0.06140030920505524
7960,0.09955371171236038,0.039490051567554474,0.06006366014480591
7961,0.09978023171424866,0.039506103843450546,0.06027412414550781
7962,0.10063242167234421,0.039339348673820496,0.06129307299852371
7963,0.1017875224351883,0.0394778735935688,0.06230964511632919
7964,0.10310456901788712,0.03924838453531265,0.06385618448257446
7965,0.10363560914993286,0.039381325244903564,0.0642542839050293
7966,0.10319587588310242,0.039222121238708496,0.06397375464439392
7967,0.10309841483831406,0.03923007845878601,0.06386833637952805
7968,0.10388996452093124,0.0392405167222023,0.06464944779872894
7969,0.10497018694877625,0.039053432643413544,0.0659167543053627
7970,0.10620607435703278,0.03925958275794983,0.06694649159908295
7971,0.10743299126625061,0.038906924426555634,0.06852606683969498
7972,0.10749087482690811,0.03921502083539963,0.06827585399150848
7973,0.10581246018409729,0.03884795680642128,0.06696450710296631
7974,0.10362853109836578,0.03907538950443268,0.0645531415939331
7975,0.10193292051553726,0.03887064754962921,0.06306227296590805
7976,0.10077828168869019,0.03888567164540291,0.061892613768577576
7977,0.10048404335975647,0.0389043390750885,0.06157970055937767
7978,0.1011461690068245,0.03872048854827881,0.062425680458545685
7979,0.1016024798154831,0.03889038786292076,0.06271208822727203
7980,0.10094393789768219,0.03861841559410095,0.06232552230358124
7981,0.09988150000572205,0.038806505501270294,0.06107499822974205
7982,0.09922828525304794,0.038584932684898376,0.06064335256814957
7983,0.09907206892967224,0.038657817989587784,0.060414254665374756
7984,0.09982478618621826,0.038599319756031036,0.061225466430187225
7985,0.10183358937501907,0.038492120802402496,0.06334146857261658
7986,0.10409245640039444,0.03859701007604599,0.06549544632434845
7987,0.10526854544878006,0.038383252918720245,0.06688529253005981
7988,0.10542340576648712,0.03851405158638954,0.06690935045480728
7989,0.10494524985551834,0.03835684061050415,0.06658840924501419
7990,0.1039537787437439,0.03835977241396904,0.06559401005506516
7991,0.1030820831656456,0.038372986018657684,0.06470909714698792
7992,0.10331353545188904,0.038189906626939774,0.06512363255023956
7993,0.10423462092876434,0.03838216885924339,0.06585245579481125
7994,0.10454948991537094,0.03805086016654968,0.06649862974882126
7995,0.10390045493841171,0.038342662155628204,0.06555779278278351
7996,0.10244420170783997,0.03798312321305275,0.06446108222007751
7997,0.10021035373210907,0.03821557015180588,0.06199478358030319
7998,0.09794466942548752,0.03800317645072937,0.05994149297475815
7999,0.09707280993461609,0.03801874443888664,0.059054069221019745
8000,0.09778296947479248,0.03805425018072128,0.0597287192940712
8001,0.09899946302175522,0.037838175892829895,0.061161287128925323
8002,0.1000748723745346,0.03805211931467056,0.06202275678515434
8003,0.1007579043507576,0.037735432386398315,0.06302247196435928
8004,0.10052984952926636,0.03796927258372307,0.06256057322025299
8005,0.09956131875514984,0.03770451247692108,0.06185680627822876
8006,0.09916423261165619,0.0378255769610405,0.06133865937590599
8007,0.10005708038806915,0.03771773725748062,0.06233934313058853
8008,0.10171733796596527,0.03765766695141792,0.06405967473983765
8009,0.10361402481794357,0.03773149102926254,0.06588253378868103
8010,0.1052805483341217,0.037523288279771805,0.0677572637796402
8011,0.10583469271659851,0.03767981752753258,0.06815487146377563
8012,0.10471028089523315,0.03747471421957016,0.067235566675663
8013,0.10294321924448013,0.03753775358200073,0.0654054656624794
8014,0.10169333219528198,0.0374971404671669,0.06419619172811508
8015,0.10124034434556961,0.03735652565956116,0.06388381868600845
8016,0.10148301720619202,0.037522319704294205,0.06396069377660751
8017,0.10222067683935165,0.037207141518592834,0.06501353532075882
8018,0.10248968750238419,0.03749147802591324,0.06499820947647095
8019,0.10123272240161896,0.03712943196296692,0.06410329043865204
8020,0.09890186786651611,0.03737921640276909,0.06152265518903732
8021,0.09679184854030609,0.0371335931122303,0.05965825170278549
8022,0.09562800824642181,0.037197295576334,0.05843071639537811
8023,0.09567906707525253,0.03718562051653862,0.05849344655871391
8024,0.09709209203720093,0.037003904581069946,0.06008819118142128
8025,0.09909552335739136,0.03721193969249725,0.061883583664894104
8026,0.10024730861186981,0.036873430013656616,0.0633738785982132
8027,0.10010819137096405,0.03714976832270622,0.06295841932296753
8028,0.09936602413654327,0.03683602809906006,0.06252999603748322
8029,0.0986945778131485,0.03700365126132965,0.06169092655181885
8030,0.09859780967235565,0.03686041384935379,0.06173739209771156
8031,0.0997600257396698,0.03683006390929222,0.06292996555566788
8032,0.10208411514759064,0.03688318282365799,0.06520093232393265
8033,0.10418946295976639,0.03668861836194992,0.06750084459781647
8034,0.1049845740199089,0.036851219832897186,0.06813335418701172
8035,0.10435165464878082,0.03661756590008736,0.06773409247398376
8036,0.10276196897029877,0.03673432767391205,0.06602764129638672
8037,0.10074508190155029,0.036625660955905914,0.06411942094564438
8038,0.09949451684951782,0.036551669239997864,0.06294284760951996
8039,0.09976617991924286,0.036670785397291183,0.06309539079666138
8040,0.1008446142077446,0.03637620806694031,0.06446840614080429
8041,0.10138773918151855,0.03666866198182106,0.0647190734744072
8042,0.1007285863161087,0.0362824909389019,0.0644460916519165
8043,0.09892971813678741,0.03656620904803276,0.062363505363464355
8044,0.09639403969049454,0.03628461807966232,0.060109421610832214
8045,0.09429925680160522,0.03638670593500137,0.05791254714131355
8046,0.09396134316921234,0.036335110664367676,0.05762622877955437
8047,0.0954081118106842,0.036193836480379105,0.0592142753303051
8048,0.09743162989616394,0.0363713800907135,0.06106024608016014
8049,0.09895531833171844,0.03604639694094658,0.06290892511606216
8050,0.09948713332414627,0.03633720427751541,0.06314992904663086
8051,0.09878693521022797,0.03598941117525101,0.06279752403497696
8052,0.09742572903633118,0.036203883588314056,0.06122184544801712
8053,0.0968107134103775,0.03601941838860512,0.06079129874706268
8054,0.09784263372421265,0.03601379692554474,0.06182883307337761
8055,0.10002098977565765,0.03606346249580383,0.06395752727985382
8056,0.10225522518157959,0.03585723042488098,0.06639799475669861
8057,0.10372895002365112,0.03604178503155708,0.06768716871738434
8058,0.10358192026615143,0.03578536957502365,0.06779655069112778
8059,0.10174784064292908,0.035930242389440536,0.06581759452819824
8060,0.09933534264564514,0.03579145297408104,0.0635438933968544
8061,0.09797050803899765,0.03575465828180313,0.06221584975719452
8062,0.0981033593416214,0.03583598509430885,0.06226737052202225
8063,0.099125936627388,0.0355721116065979,0.0635538250207901
8064,0.10014481842517853,0.03585163876414299,0.06429318338632584
8065,0.10010403394699097,0.03545898571610451,0.06464504450559616
8066,0.09833073616027832,0.03576900437474251,0.06256172806024551
8067,0.0954267829656601,0.03545635938644409,0.059970419853925705
8068,0.09313590824604034,0.03558633476495743,0.057549577206373215
8069,0.09265326708555222,0.03552177920937538,0.057131487876176834
8070,0.09387622773647308,0.035382166504859924,0.05849405750632286
8071,0.0960049256682396,0.03556594252586365,0.060438983142375946
8072,0.09794867038726807,0.035236530005931854,0.06271214038133621
8073,0.09855952858924866,0.03552785515785217,0.06303167343139648
8074,0.09748989343643188,0.035184118896722794,0.06230577826499939
8075,0.09586632996797562,0.03539694845676422,0.060469381511211395
8076,0.09519754350185394,0.03521234169602394,0.05998520180583
8077,0.09610335528850555,0.035210270434617996,0.060893088579177856
8078,0.09826363623142242,0.035262420773506165,0.06300121545791626
8079,0.1008002907037735,0.03504496067762375,0.06575533002614975
8080,0.10245637595653534,0.03525399789214134,0.0672023817896843
8081,0.10204135626554489,0.03496941179037094,0.06707194447517395
8082,0.09991824626922607,0.03513844683766365,0.06477979570627213
8083,0.09755460917949677,0.03498997166752815,0.06256464123725891
8084,0.09634652733802795,0.0349481962621212,0.061398327350616455
8085,0.09663764387369156,0.03504779189825058,0.06158985197544098
8086,0.09800021350383759,0.03476828336715698,0.0632319301366806
8087,0.09932029247283936,0.035058051347732544,0.06426224112510681
8088,0.09910409897565842,0.034669555723667145,0.06443454325199127
8089,0.09689292311668396,0.03496681898832321,0.06192610040307045
8090,0.0938401147723198,0.03467138111591339,0.0591687336564064
8091,0.09171737730503082,0.034785568714141846,0.05693180486559868
8092,0.09146346151828766,0.034736569970846176,0.05672689154744148
8093,0.09297257661819458,0.034582093358039856,0.05839048698544502
8094,0.09533777087926865,0.03478557616472244,0.060552194714546204
8095,0.09706149250268936,0.03443867713212967,0.06262281537055969
8096,0.0969865471124649,0.03474172204732895,0.06224482133984566
8097,0.09534671902656555,0.03440470993518829,0.06094200909137726
8098,0.09366336464881897,0.034588418900966644,0.059074949473142624
8099,0.09329832345247269,0.034454625099897385,0.0588436983525753
8100,0.09465274959802628,0.034393712878227234,0.06025903671979904
8101,0.09724710136651993,0.03450214862823486,0.06274495273828506
8102,0.09982112795114517,0.03424777090549469,0.06557335704565048
8103,0.10090546309947968,0.03447125852108002,0.06643420457839966
8104,0.0997672826051712,0.03419502452015877,0.06557225435972214
8105,0.09742484241724014,0.034342482686042786,0.06308235973119736
8106,0.09550291299819946,0.034226350486278534,0.06127656251192093
8107,0.09510447084903717,0.03415028378367424,0.06095418334007263
8108,0.0962425023317337,0.034287311136722565,0.06195519492030144
8109,0.09803861379623413,0.03397371619939804,0.06406489759683609
8110,0.09900055825710297,0.03429131582379341,0.06470924615859985
8111,0.09784352034330368,0.033893778920173645,0.06394974142313004
8112,0.09488529711961746,0.03417591750621796,0.060709379613399506
8113,0.09184491634368896,0.033926792442798615,0.05791812390089035
8114,0.09041093289852142,0.033973339945077896,0.05643759295344353
8115,0.09104934334754944,0.03400210291147232,0.057047244161367416
8116,0.09307125210762024,0.0337829515337944,0.059288304299116135
8117,0.09508232772350311,0.0340251661837101,0.061057161539793015
8118,0.09559951722621918,0.03367725387215614,0.061922263354063034
8119,0.09419281780719757,0.033946119248867035,0.060246698558330536
8120,0.09198048710823059,0.033672548830509186,0.058307942003011703
8121,0.09075507521629333,0.03377816081047058,0.056976914405822754
8122,0.09147699177265167,0.03373027592897415,0.05774671584367752
8123,0.0938146561384201,0.03358877822756767,0.060225874185562134
8124,0.09660780429840088,0.033767107874155045,0.06284070014953613
8125,0.09836389869451523,0.03346555680036545,0.06489834189414978
8126,0.09814976155757904,0.033705927431583405,0.06444383412599564
8127,0.09623654186725616,0.03345198184251785,0.06278456002473831
8128,0.09428659081459045,0.033539943397045135,0.06074664741754532
8129,0.09381362050771713,0.03351334482431412,0.060300275683403015
8130,0.09513579308986664,0.033341582864522934,0.061794206500053406
8131,0.0973377674818039,0.03356366977095604,0.06377410143613815
8132,0.0989355742931366,0.03320038318634033,0.06573519110679626
8133,0.09866808354854584,0.03352457284927368,0.06514351069927216
8134,0.09622010588645935,0.033166173845529556,0.06305393576622009
8135,0.09295129776000977,0.03337507322430611,0.05957622453570366
8136,0.09088943898677826,0.03322222828865051,0.057667214423418045
8137,0.09106636047363281,0.03317195177078247,0.05789440870285034
8138,0.0927971601486206,0.03328866511583328,0.059508491307497025
8139,0.09446914494037628,0.03300862014293671,0.06146052107214928
8140,0.09470308572053909,0.033276282250881195,0.0614268034696579
8141,0.09300253540277481,0.03294961154460907,0.06005292385816574
8142,0.09027473628520966,0.03314802423119545,0.057126715779304504
8143,0.08834027498960495,0.03298923000693321,0.05535104498267174
8144,0.08857650309801102,0.03295346722006798,0.05562303587794304
8145,0.09074772894382477,0.03305291384458542,0.05769481137394905
8146,0.09333054721355438,0.03279124200344086,0.060539305210113525
8147,0.09479248523712158,0.03304339200258255,0.061749089509248734
8148,0.0944221019744873,0.03272927179932594,0.06169283017516136
8149,0.09270425140857697,0.0329219326376915,0.05978231877088547
8150,0.09099730849266052,0.032763876020908356,0.05823343247175217
8151,0.09084710478782654,0.03273385763168335,0.05811325088143349
8152,0.0927162766456604,0.0328277088701725,0.0598885640501976
8153,0.09553723782300949,0.032560765743255615,0.06297647207975388
8154,0.09757488965988159,0.03284124657511711,0.06473363935947418
8155,0.0976523607969284,0.032470449805259705,0.0651819109916687
8156,0.0959375873208046,0.03275034576654434,0.06318724155426025
8157,0.09361183643341064,0.0324871763586998,0.061124660074710846
8158,0.09234429895877838,0.032566942274570465,0.05977735295891762
8159,0.0931236669421196,0.03256240859627724,0.06056125834584236
8160,0.09532375633716583,0.03237789869308472,0.06294585764408112
8161,0.097108855843544,0.0325910709798336,0.0645177811384201
8162,0.09680116176605225,0.03227902203798294,0.0645221397280693
8163,0.09441099315881729,0.03250284865498543,0.06190814450383186
8164,0.0912512019276619,0.03229355812072754,0.05895764380693436
8165,0.08911513537168503,0.032323043793439865,0.05679209157824516
8166,0.08905228972434998,0.032358892261981964,0.05669339746236801
8167,0.09075263142585754,0.03214207664132118,0.05861055478453636
8168,0.09262287616729736,0.03238273784518242,0.060240134596824646
8169,0.09288142621517181,0.03204064443707466,0.060840778052806854
8170,0.09108916670084,0.03230394423007965,0.058785222470760345
8171,0.08846030384302139,0.03204736486077309,0.056412938982248306
8172,0.08684760332107544,0.032129302620887756,0.05471830070018768
8173,0.08731263875961304,0.0321190319955349,0.05519360676407814
8174,0.08956515043973923,0.03193654865026474,0.05762860178947449
8175,0.09224434942007065,0.03216300159692764,0.060081347823143005
8176,0.09367848932743073,0.03181764483451843,0.06186084821820259
8177,0.09305322915315628,0.03210141509771347,0.06095181405544281
8178,0.09108386188745499,0.0318119190633297,0.05927194282412529
8179,0.08963441848754883,0.03193704038858414,0.05769738182425499
8180,0.09012919664382935,0.03187885880470276,0.05825033411383629
8181,0.09249374270439148,0.031750597059726715,0.060743141919374466
8182,0.09539377689361572,0.03192116320133209,0.06347261369228363
8183,0.09709839522838593,0.031632255762815475,0.06546613574028015
8184,0.09670430421829224,0.03186275064945221,0.06484155356884003
8185,0.0945112407207489,0.03162311762571335,0.06288812309503555
8186,0.09225380420684814,0.03170155733823776,0.06055225059390068
8187,0.09162954986095428,0.031686991453170776,0.05994255840778351
8188,0.09302585572004318,0.031510066241025925,0.06151578947901726
8189,0.09512171894311905,0.031735606491565704,0.06338611245155334
8190,0.09596119821071625,0.03138211742043495,0.0645790845155716
8191,0.09451226890087128,0.031686343252658844,0.06282592564821243
8192,0.09125924110412598,0.031369373202323914,0.05988987162709236
8193,0.08804170787334442,0.03152377903461456,0.05651792883872986
8194,0.08671995997428894,0.031443215906620026,0.05527674779295921
8195,0.08782428503036499,0.03132190182805061,0.05650238320231438
8196,0.09005869925022125,0.031504396349191666,0.058554306626319885
8197,0.09129873663187027,0.031186960637569427,0.06011177599430084
8198,0.09039044380187988,0.03145917132496834,0.058931268751621246
8199,0.08798399567604065,0.03117305412888527,0.05681094154715538
8200,0.08595579117536545,0.03130050003528595,0.0546552911400795
8201,0.08587726950645447,0.031239941716194153,0.054637327790260315
8202,0.08797214925289154,0.03111315704882145,0.05685899406671524
8203,0.0910315215587616,0.03128572553396225,0.05974579602479935
8204,0.09315059334039688,0.030994346365332603,0.06215624883770943
8205,0.09313973784446716,0.031232265755534172,0.06190747395157814
8206,0.09136512875556946,0.03098345920443535,0.06038166955113411
8207,0.08966846019029617,0.03107621520757675,0.05859224498271942
8208,0.08970151841640472,0.031046999618411064,0.05865451693534851
8209,0.09171667695045471,0.030887216329574585,0.06082946062088013
8210,0.09442175179719925,0.031100787222385406,0.06332096457481384
8211,0.09592349827289581,0.030757907778024673,0.06516559422016144
8212,0.09509962052106857,0.031055504456162453,0.06404411792755127
8213,0.09230285882949829,0.03074570745229721,0.06155715137720108
8214,0.08942727744579315,0.0308937206864357,0.058533553034067154
8215,0.0884016901254654,0.030822504311800003,0.05757918953895569
8216,0.08959558606147766,0.03069748356938362,0.05889810249209404
8217,0.0914887934923172,0.030878456309437752,0.0606103390455246
8218,0.09193750470876694,0.030575284734368324,0.06136222183704376
8219,0.09010182321071625,0.03082164376974106,0.05928017571568489
8220,0.08693815022706985,0.030572136864066124,0.05636601522564888
8221,0.08448882400989532,0.03065827488899231,0.05383054539561272
8222,0.08425658941268921,0.030640028417110443,0.05361655727028847
8223,0.08618980646133423,0.03047713078558445,0.05571267381310463
8224,0.08872818946838379,0.030677855014801025,0.058050330728292465
8225,0.08992083370685577,0.03037210740149021,0.05954872816801071
8226,0.08898817747831345,0.03061005473136902,0.05837812274694443
8227,0.08692624419927597,0.03037838265299797,0.056547861546278
8228,0.08573806285858154,0.030443206429481506,0.055294860154390335
8229,0.0866895318031311,0.030449800193309784,0.05623973533511162
8230,0.08939284086227417,0.03026111237704754,0.05913172662258148
8231,0.0922020822763443,0.030489951372146606,0.06171213090419769
8232,0.09336388856172562,0.03015545755624771,0.0632084310054779
8233,0.09231288731098175,0.030422542244195938,0.06189034879207611
8234,0.09003161638975143,0.030164312571287155,0.05986730381846428
8235,0.08852533251047134,0.030254356563091278,0.058270975947380066
8236,0.08913680911064148,0.03024071455001831,0.05889609083533287
8237,0.09134452790021896,0.030074279755353928,0.061270248144865036
8238,0.09321147203445435,0.030276086181402206,0.06293538212776184
8239,0.09287004172801971,0.029979780316352844,0.06289026141166687
8240,0.09027396887540817,0.030192522332072258,0.060081444680690765
8241,0.08697935938835144,0.030001353472471237,0.0569780059158802
8242,0.08506359905004501,0.030015481635928154,0.05504811555147171
8243,0.08543199300765991,0.030074093490839005,0.05535789951682091
8244,0.08725500106811523,0.029846906661987305,0.05740809068083763
8245,0.08862829953432083,0.030090657994151115,0.058537643402814865
8246,0.08802863210439682,0.029773760586977005,0.058254871517419815
8247,0.08565063029527664,0.02999110147356987,0.05565952882170677
8248,0.08327491581439972,0.029806870967149734,0.053468044847249985
8249,0.08282522112131119,0.02981192246079445,0.05301329866051674
8250,0.08473185449838638,0.02988049015402794,0.054851364344358444
8251,0.08764909207820892,0.029647745192050934,0.05800134688615799
8252,0.08961611241102219,0.029895953834056854,0.05972015857696533
8253,0.08949565887451172,0.029576241970062256,0.05991942062973976
8254,0.0878332331776619,0.029795249924063683,0.05803798511624336
8255,0.08634893596172333,0.02961277775466442,0.05673615634441376
8256,0.08669261634349823,0.029616843909025192,0.057075776159763336
8257,0.08907519280910492,0.029686622321605682,0.059388574212789536
8258,0.09195539355278015,0.029461398720741272,0.06249399110674858
8259,0.0933256596326828,0.029686834663152695,0.0636388286948204
8260,0.09215239435434341,0.02940937876701355,0.06274301558732986
8261,0.08948463201522827,0.029566224664449692,0.05991841107606888
8262,0.08731693774461746,0.02945925109088421,0.057857684791088104
8263,0.08714175969362259,0.029381930828094482,0.05775982886552811
8264,0.0886630266904831,0.029526730999350548,0.059136297553777695
8265,0.09013298898935318,0.029237907379865646,0.060895081609487534
8266,0.08978653699159622,0.029510103166103363,0.06027643382549286
8267,0.08719556033611298,0.029204152524471283,0.057991404086351395
8268,0.08383185416460037,0.029375256970524788,0.054456595331430435
8269,0.08189088106155396,0.029267067089676857,0.05262381583452225
8270,0.0825287252664566,0.029188532382249832,0.05334019288420677
8271,0.0848783627152443,0.02933415398001671,0.055544208735227585
8272,0.08680598437786102,0.02905506268143654,0.057750917971134186
8273,0.08674286305904388,0.029306553304195404,0.05743630602955818
8274,0.08491247892379761,0.029031474143266678,0.05588100478053093
8275,0.08311215043067932,0.029165681451559067,0.05394647270441055
8276,0.08314254134893417,0.029093557968735695,0.05404898151755333
8277,0.08538656681776047,0.028989436104893684,0.056397128850221634
8278,0.08855017274618149,0.02914632111787796,0.05940385162830353
8279,0.09059715270996094,0.028875019401311874,0.06172213703393936
8280,0.0904090404510498,0.02909821644425392,0.06131082773208618
8281,0.08848886936903,0.028870532289147377,0.05961833894252777
8282,0.08679366111755371,0.02894233912229538,0.05785131826996803
8283,0.08693438768386841,0.028941677883267403,0.057992707937955856
8284,0.08891391009092331,0.028763530775904655,0.0601503811776638
8285,0.09102627635002136,0.028987951576709747,0.06203832849860191
8286,0.09122385084629059,0.02866360917687416,0.06256024539470673
8287,0.08894260227680206,0.028920181095600128,0.06002242490649223
8288,0.08550208061933517,0.028681574389338493,0.05682050809264183
8289,0.08315763622522354,0.02874911203980446,0.05440852418541908
8290,0.08317215740680695,0.028761563822627068,0.05441059544682503
8291,0.08485137671232224,0.02857884392142296,0.05627253279089928
8292,0.08621099591255188,0.02879222482442856,0.05741876736283302
8293,0.0856076031923294,0.02850085310637951,0.05710674822330475
8294,0.08320480585098267,0.028704386204481125,0.05450042337179184
8295,0.08081808686256409,0.02852816693484783,0.052289921790361404
8296,0.08042213320732117,0.028535455465316772,0.051886677742004395
8297,0.08243317902088165,0.028596945106983185,0.053836237639188766
8298,0.0853884294629097,0.02838585153222084,0.05700257793068886
8299,0.08722458779811859,0.0286039300262928,0.05862065404653549
8300,0.08689939975738525,0.028330255299806595,0.05856914073228836
8301,0.0852518156170845,0.02849535271525383,0.05675646290183067
8302,0.0841156542301178,0.028374191373586655,0.055741459131240845
8303,0.08490350842475891,0.02831907942891121,0.056584432721138
8304,0.08739476650953293,0.028443314135074615,0.05895145237445831
8305,0.08990037441253662,0.02817719802260399,0.061723172664642334
8306,0.09057646989822388,0.028435945510864258,0.06214052438735962
8307,0.088825523853302,0.02814190462231636,0.06068362295627594
8308,0.08601894974708557,0.028310000896453857,0.05770895257592201
8309,0.08429522812366486,0.02820141240954399,0.056093815714120865
8310,0.08475153148174286,0.028130892664194107,0.05662064254283905
8311,0.08647213131189346,0.02826542779803276,0.0582067035138607
8312,0.0873120054602623,0.028008218854665756,0.05930378660559654
8313,0.08593867719173431,0.028232917189598083,0.05770576000213623
8314,0.08287697285413742,0.027996201068162918,0.0548807717859745
8315,0.08017650246620178,0.028087913990020752,0.05208859220147133
8316,0.07958603650331497,0.028060059994459152,0.05152597650885582
8317,0.08119160681962967,0.02791842445731163,0.05327318236231804
8318,0.08342331647872925,0.028102006763219833,0.05532131344079971
8319,0.08437114953994751,0.027825282886624336,0.05654586851596832
8320,0.08337418735027313,0.02803846076130867,0.05533573031425476
8321,0.08149528503417969,0.02783907949924469,0.053656209260225296
8322,0.08066939562559128,0.027880214154720306,0.05278918147087097
8323,0.08201533555984497,0.027907423675060272,0.0541079081594944
8324,0.08489927649497986,0.02772035449743271,0.05717892572283745
8325,0.08743567764759064,0.027935585007071495,0.05950009077787399
8326,0.08796730637550354,0.02764478698372841,0.06032251939177513
8327,0.08651866018772125,0.02785787358880043,0.05866079032421112
8328,0.0846804529428482,0.027670973911881447,0.05700948089361191
8329,0.08431343734264374,0.02769608423113823,0.05661735311150551
8330,0.08588803559541702,0.027739666402339935,0.05814836919307709
8331,0.0880444347858429,0.027547920122742653,0.06049651280045509
8332,0.08885110914707184,0.027751155197620392,0.06109995394945145
8333,0.08724088966846466,0.027494657784700394,0.059746235609054565
8334,0.08415451645851135,0.027646489441394806,0.05650802701711655
8335,0.081586092710495,0.02753821760416031,0.054047875106334686
8336,0.08109203726053238,0.02747448906302452,0.05361754819750786
8337,0.08241387456655502,0.02760114148259163,0.054812733083963394
8338,0.08376014232635498,0.027344323694705963,0.056415822356939316
8339,0.08341066539287567,0.027582917362451553,0.055827751755714417
8340,0.08120100200176239,0.02732246369123459,0.0538785420358181
8341,0.07875658571720123,0.027452513575553894,0.05130407214164734
8342,0.07803376019001007,0.027384575456380844,0.050649188458919525
8343,0.07965567708015442,0.02728082239627838,0.05237485095858574
8344,0.0824236199259758,0.02743961475789547,0.05498400330543518
8345,0.08434242010116577,0.02717035636305809,0.05717206001281738
8346,0.08428771793842316,0.02740183100104332,0.05688588321208954
8347,0.08282318711280823,0.027167167514562607,0.05565601587295532
8348,0.08176451921463013,0.027263104915618896,0.05450141429901123
8349,0.0825791135430336,0.027231771498918533,0.055347342044115067
8350,0.08513457328081131,0.027103491127490997,0.05803108215332031
8351,0.08780957013368607,0.027269259095191956,0.06054031103849411
8352,0.08866460621356964,0.027018673717975616,0.06164593622088432
8353,0.08723460137844086,0.027203712612390518,0.06003089249134064
8354,0.08469688892364502,0.027037017047405243,0.057659875601530075
8355,0.08312653005123138,0.027047205716371536,0.056079328060150146
8356,0.08352820575237274,0.027103731408715248,0.056424472481012344
8357,0.08506135642528534,0.02689496800303459,0.05816638469696045
8358,0.0857514813542366,0.027121728286147118,0.058629754930734634
8359,0.08420063555240631,0.02683369815349579,0.05736694112420082
8360,0.08098872005939484,0.02702922374010086,0.053959500044584274
8361,0.0781594067811966,0.026874974370002747,0.05128442868590355
8362,0.07752695679664612,0.026862414553761482,0.050664544105529785
8363,0.07912218570709229,0.026945199817419052,0.05217698961496353
8364,0.0812685415148735,0.02672298066318035,0.054545558989048004
8365,0.08207886666059494,0.02694605104625225,0.05513281747698784
8366,0.08099842071533203,0.026684388518333435,0.054314032196998596
8367,0.0792713314294815,0.026836320757865906,0.0524350069463253
8368,0.07881024479866028,0.02673659846186638,0.0520736500620842
8369,0.08056640625,0.026673756539821625,0.053892649710178375
8370,0.08369161933660507,0.02679431438446045,0.05689730495214462
8371,0.08615822345018387,0.026560451835393906,0.05959777161478996
8372,0.0865219458937645,0.026764439418911934,0.05975750461220741
8373,0.08492929488420486,0.026552079245448112,0.0583772137761116
8374,0.08318646997213364,0.026629013940691948,0.05655745789408684
8375,0.08298288285732269,0.026616817340254784,0.05636606737971306
8376,0.0845433920621872,0.02646549604833126,0.05807789787650108
8377,0.0863325446844101,0.026661260053515434,0.05967128649353981
8378,0.08634215593338013,0.02637363411486149,0.05996852368116379
8379,0.08395454287528992,0.02660285122692585,0.05735168978571892
8380,0.0804699957370758,0.026391439139842987,0.05407855287194252
8381,0.0781487300992012,0.026448743417859077,0.051699988543987274
8382,0.0781969279050827,0.02646600268781185,0.051730927079916
8383,0.07981345057487488,0.02629426307976246,0.05351918935775757
8384,0.08101623505353928,0.02649252489209175,0.054523710161447525
8385,0.08038587868213654,0.026228971779346466,0.05415690317749977
8386,0.07833854854106903,0.026408392935991287,0.05193015933036804
8387,0.07669760286808014,0.026264313608407974,0.050433289259672165
8388,0.07712244987487793,0.02625242993235588,0.05087001994252205
8389,0.0796518549323082,0.026328058913350105,0.05332379788160324
8390,0.08264738321304321,0.026124663650989532,0.05652272328734398
8391,0.08420126140117645,0.026323098689317703,0.05787816643714905
8392,0.08359869569540024,0.026092499494552612,0.057506196200847626
8393,0.08202018588781357,0.02621123380959034,0.05580895021557808
8394,0.0813227966427803,0.026144642382860184,0.05517815425992012
8395,0.08253128826618195,0.02605108916759491,0.056480202823877335
8396,0.08482405543327332,0.026201102882623672,0.05862295627593994
8397,0.08619865775108337,0.025939811021089554,0.06025884300470352
8398,0.08522401750087738,0.026172801852226257,0.05905121937394142
8399,0.08224953711032867,0.025932230055332184,0.05631730332970619
8400,0.07930144667625427,0.026040486991405487,0.05326095595955849
8401,0.07823609560728073,0.025998998433351517,0.052237097173929214
8402,0.07916485518217087,0.02588188461959362,0.0532829686999321
8403,0.08047476410865784,0.026044320315122604,0.05443044751882553
8404,0.08031878620386124,0.025794081389904022,0.054524704813957214
8405,0.07834966480731964,0.025987006723880768,0.052362654358148575
8406,0.07596393674612045,0.02580922283232212,0.05015471205115318
8407,0.07511540502309799,0.02584203891456127,0.04927336797118187
8408,0.07658958435058594,0.025873981416225433,0.050715599209070206
8409,0.07935583591461182,0.025703251361846924,0.053652580827474594
8410,0.08147825300693512,0.025890178978443146,0.055588074028491974
8411,0.08167289197444916,0.02565077133476734,0.05602211877703667
8412,0.08042621612548828,0.025800572708249092,0.05462564155459404
8413,0.07940727472305298,0.025689680129289627,0.05371759086847305
8414,0.08009518682956696,0.025644853711128235,0.05445032939314842
8415,0.08238837122917175,0.025752615183591843,0.05663575232028961
8416,0.08465666323900223,0.025519970804452896,0.05913669243454933
8417,0.08510150760412216,0.025747423991560936,0.05935408174991608
8418,0.0832224041223526,0.025492357090115547,0.0577300488948822
8419,0.08043232560157776,0.025635510683059692,0.054796818643808365
8420,0.07875596731901169,0.025549160316586494,0.053206805139780045
8421,0.07907712459564209,0.025477854534983635,0.053599271923303604
8422,0.08039169013500214,0.025605080649256706,0.05478661134839058
8423,0.080739825963974,0.025375917553901672,0.05536390841007233
8424,0.07911650091409683,0.0255702156573534,0.05354628711938858
8425,0.07631076872348785,0.025374388322234154,0.05093638226389885
8426,0.07430759072303772,0.025437775999307632,0.048869818449020386
8427,0.0744992047548294,0.025434285402297974,0.04906491935253143
8428,0.0765385627746582,0.02529427595436573,0.051244284957647324
8429,0.07870776951313019,0.02546398527920246,0.053243786096572876
8430,0.07938791066408157,0.025226449593901634,0.05416145920753479
8431,0.0784379243850708,0.02539530210196972,0.05304262414574623
8432,0.07717835903167725,0.025251513347029686,0.05192684382200241
8433,0.0772663950920105,0.025249775499105453,0.052016619592905045
8434,0.07920265197753906,0.02531355805695057,0.053889092057943344
8435,0.08190496265888214,0.025117745622992516,0.056787215173244476
8436,0.08358120918273926,0.025325855240225792,0.058255355805158615
8437,0.08312979340553284,0.02507142350077629,0.05805836617946625
8438,0.08118301630020142,0.025237441062927246,0.05594557523727417
8439,0.0794927105307579,0.025112126022577286,0.05438058450818062
8440,0.07944965362548828,0.025088952854275703,0.05436070263385773
8441,0.0808156430721283,0.02517082542181015,0.055644821375608444
8442,0.08187854290008545,0.02497515082359314,0.05690339207649231
8443,0.08111770451068878,0.025157880038022995,0.05595982447266579
8444,0.0784527063369751,0.024954212829470634,0.053498491644859314
8445,0.07552866637706757,0.025045473128557205,0.05048319697380066
8446,0.07419233024120331,0.025004368275403976,0.04918796569108963
8447,0.07498250901699066,0.024900421500205994,0.05008208751678467
8448,0.07671457529067993,0.025045741349458694,0.051668837666511536
8449,0.07757706195116043,0.02481461502611637,0.05276244506239891
8450,0.0767432451248169,0.02500111609697342,0.051742129027843475
8451,0.07502968609333038,0.02482181414961815,0.05020787566900253
8452,0.07417763769626617,0.024870313704013824,0.04930732771754265
8453,0.07529027760028839,0.024881744757294655,0.050408534705638885
8454,0.07790181040763855,0.024730980396270752,0.0531708300113678
8455,0.08037282526493073,0.024911046028137207,0.05546177551150322
8456,0.0811944454908371,0.02466326765716076,0.05653117969632149
8457,0.08028031885623932,0.02484935149550438,0.05543096363544464
8458,0.07894688099622726,0.02468549646437168,0.05426138639450073
8459,0.0788254514336586,0.024713296443223953,0.05411215499043465
8460,0.08037430047988892,0.024745188653469086,0.05562911555171013
8461,0.08239802718162537,0.024588633328676224,0.05780939385294914
8462,0.08316318690776825,0.0247548408806324,0.05840834975242615
8463,0.08170467615127563,0.0245453342795372,0.05715934559702873
8464,0.07890881597995758,0.024665668606758118,0.054243143647909164
8465,0.07656495273113251,0.02458389475941658,0.05198105424642563
8466,0.07601220905780792,0.02452104538679123,0.051491159945726395
8467,0.07694351673126221,0.024636711925268173,0.052306804805994034
8468,0.07777409255504608,0.02441428229212761,0.053359806537628174
8469,0.07710027694702148,0.02461938187479973,0.05248089134693146
8470,0.07493466138839722,0.024400021880865097,0.05053463578224182
8471,0.0727839469909668,0.02450527995824814,0.04827867075800896
8472,0.07231085747480392,0.024456463754177094,0.04785439372062683
8473,0.07392589747905731,0.024359535425901413,0.0495663657784462
8474,0.07646383345127106,0.024504084140062332,0.05195975303649902
8475,0.07815669476985931,0.024269450455904007,0.05388724058866501
8476,0.07811541110277176,0.02446817420423031,0.0536472350358963
8477,0.07698716223239899,0.024272028356790543,0.052715133875608444
8478,0.07643577456474304,0.02434677816927433,0.05208899453282356
8479,0.07763329893350601,0.024329712614417076,0.05330358445644379
8480,0.08019731193780899,0.024214275181293488,0.0559830367565155
8481,0.08251422643661499,0.024359211325645447,0.05815501883625984
8482,0.08291514962911606,0.02415003441274166,0.058765117079019547
8483,0.08128517866134644,0.024295402690768242,0.056989774107933044
8484,0.07891453057527542,0.024172842502593994,0.05474168807268143
8485,0.07763069868087769,0.024157896637916565,0.05347280204296112
8486,0.07804703712463379,0.024232586845755577,0.05381444841623306
8487,0.07913395762443542,0.02403336763381958,0.05510059371590614
8488,0.07913944870233536,0.024241743609309196,0.05489770695567131
8489,0.07713934779167175,0.023993704468011856,0.0531456433236599
8490,0.07404652237892151,0.024151161313056946,0.04989536106586456
8491,0.0718243271112442,0.024040188640356064,0.04778413474559784
8492,0.0718497782945633,0.02400372177362442,0.047846052795648575
8493,0.07373791933059692,0.024102171882987022,0.04963574558496475
8494,0.0757480263710022,0.02389298379421234,0.051855042576789856
8495,0.07631383091211319,0.02409287542104721,0.05222095549106598
8496,0.07531899958848953,0.023873528465628624,0.05144546926021576
8497,0.07418850064277649,0.023988384753465652,0.05020011588931084
8498,0.0745614618062973,0.023925472050905228,0.050635986030101776
8499,0.07684867084026337,0.02385196089744568,0.052996713668107986
8500,0.07985062897205353,0.02396991476416588,0.05588071793317795
8501,0.08163857460021973,0.02376934140920639,0.057869233191013336
8502,0.08128097653388977,0.023931104689836502,0.05734987184405327
8503,0.07937666773796082,0.023774880915880203,0.05560178682208061
8504,0.0777553915977478,0.02380581572651863,0.05394957214593887
8505,0.07768310606479645,0.023833949118852615,0.05384915694594383
8506,0.07888128608465195,0.023671668022871017,0.05520961806178093
8507,0.07972481101751328,0.023864032700657845,0.05586078017950058
8508,0.0786549299955368,0.023608867079019547,0.05504605919122696
8509,0.0757216066122055,0.023798484355211258,0.05192311853170395
8510,0.07258185744285583,0.023639315739274025,0.04894254356622696
8511,0.07119002938270569,0.02365821972489357,0.04753180593252182
8512,0.07209345698356628,0.02370746247470379,0.048385996371507645
8513,0.07405441999435425,0.02353246696293354,0.05052195116877556
8514,0.07521325349807739,0.023721745237708092,0.05149150639772415
8515,0.0746728703379631,0.023491136729717255,0.05118173360824585
8516,0.07326896488666534,0.023637354373931885,0.04963160678744316
8517,0.07275146245956421,0.02353231981396675,0.04921913892030716
8518,0.07423365116119385,0.02350185438990593,0.05073180049657822
8519,0.07718630135059357,0.023587029427289963,0.0535992756485939
8520,0.07979743927717209,0.02340366691350937,0.05639377236366272
8521,0.08054469525814056,0.023570578545331955,0.05697412043809891
8522,0.07924938946962357,0.023391615599393845,0.05585777387022972
8523,0.07740660756826401,0.023461267352104187,0.05394534021615982
8524,0.07665944844484329,0.023445524275302887,0.053213924169540405
8525,0.0775139331817627,0.02332339808344841,0.054190535098314285
8526,0.07880781590938568,0.023489495739340782,0.05531831830739975
8527,0.07872364670038223,0.023243043571710587,0.055480603128671646
8528,0.0765102431178093,0.023447180166840553,0.05306306481361389
8529,0.07318422943353653,0.02325603738427162,0.04992819204926491
8530,0.0708298310637474,0.023318937048316002,0.04751089587807655
8531,0.07076103240251541,0.023323193192481995,0.04743783921003342
8532,0.07246384769678116,0.023185010999441147,0.04927883669734001
8533,0.07414492964744568,0.02335534244775772,0.05078958719968796
8534,0.07431015372276306,0.023124437779188156,0.051185719668865204
8535,0.07307174056768417,0.023292463272809982,0.04977927729487419
8536,0.07195758074522018,0.023152153939008713,0.04880542680621147
8537,0.07255463302135468,0.02316230535507202,0.049392323940992355
8538,0.07506274431943893,0.023211535066366196,0.05185120925307274
8539,0.07804788649082184,0.023052174597978592,0.05499570816755295
8540,0.07967612147331238,0.023215532302856445,0.05646058917045593
8541,0.07906270027160645,0.023022737354040146,0.056039959192276
8542,0.07717494666576385,0.023123562335968018,0.05405138432979584
8543,0.07575854659080505,0.023068714886903763,0.05268983170390129
8544,0.07597896456718445,0.022985942661762238,0.05299302190542221
8545,0.07728692889213562,0.023122072219848633,0.05416485667228699
8546,0.07792319357395172,0.022891223430633545,0.055031970143318176
8547,0.07655075192451477,0.023100387305021286,0.053450360894203186
8548,0.0734647661447525,0.022888125851750374,0.05057663843035698
8549,0.07054980099201202,0.0229857936501503,0.047564007341861725
8550,0.06961674988269806,0.022950775921344757,0.046665970236063004
8551,0.07089276611804962,0.022848285734653473,0.04804447665810585
8552,0.07290679961442947,0.022996243089437485,0.04991055652499199
8553,0.0738237127661705,0.02277177944779396,0.05105193331837654
8554,0.07305630296468735,0.022953126579523087,0.05010317638516426
8555,0.07168818265199661,0.022785209119319916,0.0489029735326767
8556,0.0715067982673645,0.02283228188753128,0.04867452010512352
8557,0.07336060702800751,0.022845152765512466,0.05051545798778534
8558,0.07635820657014847,0.0227136742323637,0.05364453047513962
8559,0.07862967997789383,0.02286613918840885,0.05576353892683983
8560,0.07873500883579254,0.022667746990919113,0.05606726557016373
8561,0.07703003287315369,0.02279307320713997,0.05423695966601372
8562,0.07511882483959198,0.022703077644109726,0.05241575092077255
8563,0.07463037222623825,0.022659186273813248,0.051971185952425
8564,0.07566376030445099,0.02276252582669258,0.052901238203048706
8565,0.07675611972808838,0.022552065551280975,0.054204050451517105
8566,0.07621562480926514,0.02275988459587097,0.053455743938684464
8567,0.07363646477460861,0.022532343864440918,0.051104120910167694
8568,0.07047578692436218,0.02266078069806099,0.04781500995159149
8569,0.06877472251653671,0.02258884720504284,0.04618587717413902
8570,0.0694396123290062,0.022521913051605225,0.04691769927740097
8571,0.07150460034608841,0.022644391283392906,0.048860207200050354
8572,0.07304714620113373,0.02243153192102909,0.05061561241745949
8573,0.07288789749145508,0.02262020669877529,0.050267692655324936
8574,0.07153574377298355,0.022430414333939552,0.04910533130168915
8575,0.07073035091161728,0.022510264068841934,0.048220086842775345
8576,0.0718318447470665,0.022487837821245193,0.049344006925821304
8577,0.07458659261465073,0.022386882454156876,0.05219971016049385
8578,0.07732384651899338,0.022522345185279846,0.05480150133371353
8579,0.07822159677743912,0.02232583798468113,0.05589575693011284
8580,0.07698453962802887,0.022468652576208115,0.05451589077711105
8581,0.07485489547252655,0.022348806262016296,0.05250609293580055
8582,0.0737239271402359,0.022342577576637268,0.051381345838308334
8583,0.07431802153587341,0.022409776225686073,0.05190824717283249
8584,0.0756417065858841,0.02222605049610138,0.053415652364492416
8585,0.07586584240198135,0.022424768656492233,0.05344107374548912
8586,0.07394693046808243,0.02218850888311863,0.05175841972231865
8587,0.07075942307710648,0.02234371192753315,0.048415713012218475
8588,0.06834287941455841,0.02223508059978485,0.04610779508948326
8589,0.06819583475589752,0.02220742218196392,0.04598841071128845
8590,0.06999129056930542,0.022298112511634827,0.04769317805767059
8591,0.07194487750530243,0.022103648632764816,0.04984122887253761
8592,0.07241621613502502,0.02229297161102295,0.05012324079871178
8593,0.07127141952514648,0.022087011486291885,0.0491844117641449
8594,0.06999294459819794,0.02219664491713047,0.047796301543712616
8595,0.0702897310256958,0.0221392959356308,0.0481504388153553
8596,0.0725795328617096,0.0220705084502697,0.0505090206861496
8597,0.07559097558259964,0.022184833884239197,0.05340614169836044
8598,0.07732537388801575,0.021995648741722107,0.05532972887158394
8599,0.07684604078531265,0.02214978262782097,0.054696258157491684
8600,0.07484026253223419,0.022005591541528702,0.05283467099070549
8601,0.07322131097316742,0.022034361958503723,0.051186952739953995
8602,0.07327219843864441,0.02206512913107872,0.05120706930756569
8603,0.07463130354881287,0.021911751478910446,0.05271954834461212
8604,0.07557331025600433,0.022094598039984703,0.05347871035337448
8605,0.0745169073343277,0.02185806818306446,0.05265883728861809
8606,0.0715947151184082,0.022033382207155228,0.049561336636543274
8607,0.06856332719326019,0.02189091593027115,0.04667241498827934
8608,0.06738164275884628,0.02190416306257248,0.045477479696273804
8609,0.06849402189254761,0.021956929937005043,0.046537093818187714
8610,0.07053406536579132,0.021790368482470512,0.04874369502067566
8611,0.07159574329853058,0.02196963131427765,0.04962611198425293
8612,0.07085899263620377,0.021756073459982872,0.049102917313575745
8613,0.06930270791053772,0.021890699863433838,0.04741200432181358
8614,0.06875978410243988,0.021799203008413315,0.046960581094026566
8615,0.07029817998409271,0.021765828132629395,0.04853234812617302
8616,0.0732593834400177,0.021852709352970123,0.051406677812337875
8617,0.07574252784252167,0.0216778926551342,0.05406463146209717
8618,0.07627139240503311,0.02183704823255539,0.05443434417247772
8619,0.07483556866645813,0.021672356873750687,0.05316321179270744
8620,0.07305850833654404,0.02173495665192604,0.051323551684617996
8621,0.07257966697216034,0.021728530526161194,0.050851140171289444
8622,0.07374782860279083,0.021608762443065643,0.05213906243443489
8623,0.07523500919342041,0.021770581603050232,0.05346443131566048
8624,0.07517595589160919,0.021538682281970978,0.053637269884347916
8625,0.0729258581995964,0.021729569882154465,0.05119628831744194
8626,0.0696457028388977,0.021557260304689407,0.0480884425342083
8627,0.06745446473360062,0.02161048911511898,0.04584397375583649
8628,0.06753823161125183,0.02162300795316696,0.04591522365808487
8629,0.06919634342193604,0.021489784121513367,0.04770656302571297
8630,0.0705624371767044,0.021650929003953934,0.04891151189804077
8631,0.07025769352912903,0.021439120173454285,0.048818573355674744
8632,0.06861476600170135,0.021589776501059532,0.047024987637996674
8633,0.06731303781270981,0.021470090374350548,0.04584294930100441
8634,0.06789983808994293,0.021470757201313972,0.04642907902598381
8635,0.0704084038734436,0.02152653969824314,0.04888186231255531
8636,0.07329665869474411,0.021372459828853607,0.0519241988658905
8637,0.07478314638137817,0.021528489887714386,0.05325465649366379
8638,0.07418718189001083,0.021350597962737083,0.0528365820646286
8639,0.0726141482591629,0.02144361287355423,0.05117053538560867
8640,0.07179458439350128,0.021398045122623444,0.05039654299616814
8641,0.07270395755767822,0.021318363025784492,0.05138559266924858
8642,0.07459788024425507,0.021449856460094452,0.053148020058870316
8643,0.07562732696533203,0.02123267576098442,0.05439464747905731
8644,0.07448136806488037,0.021430838853120804,0.05305052548646927
8645,0.07150545716285706,0.021232672035694122,0.05027278512716293
8646,0.06860847026109695,0.021326852962374687,0.047281619161367416
8647,0.06755338609218597,0.0212940014898777,0.04625938460230827
8648,0.06848123669624329,0.021201658993959427,0.04727957770228386
8649,0.06988032162189484,0.021336425095796585,0.04854389652609825
8650,0.06998074054718018,0.02113431878387928,0.048846419900655746
8651,0.06838394701480865,0.02129514142870903,0.047088801860809326
8652,0.06635896116495132,0.021150780841708183,0.04520817846059799
8653,0.0657411739230156,0.021183839067816734,0.04455733299255371
8654,0.0673007220029831,0.021207734942436218,0.046092987060546875
8655,0.0700896829366684,0.021077508106827736,0.04901217296719551
8656,0.07227668166160583,0.021225247532129288,0.051051437854766846
8657,0.07259926944971085,0.021039390936493874,0.05155988037586212
8658,0.07147224247455597,0.02115839160978794,0.05031385272741318
8659,0.07044392824172974,0.0210758987814188,0.04936802759766579
8660,0.07095222175121307,0.02103828638792038,0.049913935363292694
8661,0.07297077029943466,0.02113276533782482,0.05183800309896469
8662,0.07501266896724701,0.02094079926609993,0.05407187342643738
8663,0.07537181675434113,0.02113420143723488,0.054237619042396545
8664,0.0735025703907013,0.02092060074210167,0.052581969648599625
8665,0.07067456096410751,0.021049777045845985,0.04962478205561638
8666,0.06881612539291382,0.020971564576029778,0.04784455895423889
8667,0.0688873901963234,0.020926905795931816,0.04796048253774643
8668,0.07007207721471786,0.021023757755756378,0.04904831945896149
8669,0.07054327428340912,0.020844172686338425,0.049699101597070694
8670,0.06922155618667603,0.02100392058491707,0.04821763187646866
8671,0.06668578088283539,0.02084243856370449,0.04584334045648575
8672,0.06474936753511429,0.020906075835227966,0.04384329169988632
8673,0.06483931094408035,0.020894551649689674,0.04394476115703583
8674,0.06681104004383087,0.02079448662698269,0.04601655155420303
8675,0.06911693513393402,0.02092616632580757,0.04819076880812645
8676,0.07011666893959045,0.0207388736307621,0.049377791583538055
8677,0.06946630775928497,0.020880229771137238,0.04858607426285744
8678,0.06827640533447266,0.020760517567396164,0.04751588776707649
8679,0.06819088757038116,0.020769760012626648,0.04742112755775452
8680,0.06988895684480667,0.020818371325731277,0.049070585519075394
8681,0.07251907885074615,0.020662857219576836,0.05185621976852417
8682,0.07436791807413101,0.020839061588048935,0.05352885648608208
8683,0.07419459521770477,0.020621957257390022,0.0535726398229599
8684,0.07237847149372101,0.020777976140379906,0.05160049349069595
8685,0.07051631063222885,0.020657071843743324,0.04985923692584038
8686,0.07011359184980392,0.02066262811422348,0.049450963735580444
8687,0.07121551036834717,0.020713968202471733,0.050501540303230286
8688,0.07232651114463806,0.020567674189805984,0.051758840680122375
8689,0.07186244428157806,0.020715491846203804,0.05114695057272911
8690,0.06945370882749557,0.020546892657876015,0.04890681430697441
8691,0.06648131459951401,0.02063453011214733,0.045846786350011826
8692,0.06479460746049881,0.020590340718626976,0.044204264879226685
8693,0.06521931290626526,0.020520467311143875,0.044698845595121384
8694,0.06688785552978516,0.02063293382525444,0.046254921704530716
8695,0.06806046515703201,0.02044842205941677,0.04761204496026039
8696,0.06766089797019958,0.02060815319418907,0.04705274850130081
8697,0.06613879650831223,0.02045302465558052,0.045685771852731705
8698,0.06507772952318192,0.02051023207604885,0.044567499309778214
8699,0.06577713787555695,0.02050798386335373,0.04526915401220322
8700,0.06815910339355469,0.02039754018187523,0.04776155948638916
8701,0.07082300633192062,0.020544568076729774,0.0502784363925457
8702,0.07214342057704926,0.02033691108226776,0.05180651322007179
8703,0.0716416984796524,0.020507892593741417,0.05113380402326584
8704,0.07028843462467194,0.020352622494101524,0.04993581026792526
8705,0.06975166499614716,0.020405631512403488,0.049346037209033966
8706,0.07087834179401398,0.020408309996128082,0.050470028072595596
8707,0.07289416342973709,0.020302992314100266,0.052591171115636826
8708,0.07411505281925201,0.020430101081728935,0.05368494987487793
8709,0.07320833206176758,0.020261263474822044,0.05294707044959068
8710,0.07058878242969513,0.020371392369270325,0.050217390060424805
8711,0.06788317859172821,0.020291130989789963,0.047592051327228546
8712,0.06674432754516602,0.020259831100702286,0.04648450016975403
8713,0.06735627353191376,0.020342495292425156,0.0470137782394886
8714,0.06838701665401459,0.020169317722320557,0.04821770265698433
8715,0.0682256668806076,0.020342836156487465,0.04788283258676529
8716,0.06640265882015228,0.020151758566498756,0.04625089839100838
8717,0.0640876293182373,0.020262662321329117,0.04382496327161789
8718,0.06305008381605148,0.020200036466121674,0.04285004734992981
8719,0.06415871530771255,0.020146014168858528,0.044012703001499176
8720,0.06666117906570435,0.020251577720046043,0.04640959948301315
8721,0.0688273161649704,0.020064963027834892,0.048762351274490356
8722,0.06938432157039642,0.020240217447280884,0.04914410039782524
8723,0.06848924607038498,0.020059557631611824,0.048429690301418304
8724,0.06762220710515976,0.020153651013970375,0.047468554228544235
8725,0.06823527812957764,0.020109601318836212,0.048125673085451126
8726,0.07048321515321732,0.0200458113104105,0.05043740198016167
8727,0.07307168841362,0.020148031413555145,0.05292366072535515
8728,0.07416690140962601,0.01998504251241684,0.05418185889720917
8729,0.07310468703508377,0.02011403813958168,0.05299064889550209
8730,0.07070241868495941,0.019998352974653244,0.05070406198501587
8731,0.06882935017347336,0.020011384040117264,0.048817966133356094
8732,0.06861601769924164,0.02005288377404213,0.04856313392519951
8733,0.06960496306419373,0.01990624889731407,0.049698714166879654
8734,0.0701504722237587,0.02007690630853176,0.05007356405258179
8735,0.06887025386095047,0.019864412024617195,0.049005839973688126
8736,0.06602533906698227,0.020020294934511185,0.046005044132471085
8737,0.06331969797611237,0.0198990348726511,0.043420661240816116
8738,0.06251610815525055,0.019906053319573402,0.042610056698322296
8739,0.06391783058643341,0.019960258156061172,0.04395757615566254
8740,0.06618273258209229,0.01980762742459774,0.046375107020139694
8741,0.06751201301813126,0.019973644986748695,0.04753836616873741
8742,0.0671253502368927,0.019779302179813385,0.04734604433178902
8743,0.06590873003005981,0.019906457513570786,0.04600227251648903
8744,0.0655643567442894,0.019818831235170364,0.045745525509119034
8745,0.06713369488716125,0.01979832537472248,0.04733537137508392
8746,0.07005610316991806,0.01986820064485073,0.05018790066242218
8747,0.07252755761146545,0.01972079463303089,0.05280676111578941
8748,0.07307735085487366,0.01985815353691578,0.05321919918060303
8749,0.07156012952327728,0.019714992493391037,0.051845137029886246
8750,0.0695025697350502,0.019770780578255653,0.0497317910194397
8751,0.06856795400381088,0.019765423610806465,0.04880252853035927
8752,0.06927599012851715,0.01965908147394657,0.04961690679192543
8753,0.07047073543071747,0.019806869328022003,0.05066386237740517
8754,0.0703309178352356,0.019595341756939888,0.05073557421565056
8755,0.06810081005096436,0.01977565512061119,0.048325154930353165
8756,0.06478764861822128,0.019611621275544167,0.04517602548003197
8757,0.062470901757478714,0.019671663641929626,0.04279923811554909
8758,0.06248125433921814,0.019674202427268028,0.04280705377459526
8759,0.06432849168777466,0.019561585038900375,0.04476690664887428
8760,0.06621153652667999,0.01970841735601425,0.04650311917066574
8761,0.06658139079809189,0.01951207034289837,0.04706931859254837
8762,0.06546330451965332,0.019662749022245407,0.04580055549740791
8763,0.06433761864900589,0.01953771896660328,0.04479990154504776
8764,0.0648457258939743,0.01955902762711048,0.045286696404218674
8765,0.06730157136917114,0.01959269493818283,0.04770887643098831
8766,0.07034778594970703,0.019468015059828758,0.05087977275252342
8767,0.072114497423172,0.019603554159402847,0.05251093953847885
8768,0.07157763093709946,0.019443700090050697,0.05213393270969391
8769,0.06960028409957886,0.019534096121788025,0.050066184252500534
8770,0.06795015931129456,0.019485242664813995,0.04846492037177086
8771,0.06795134395360947,0.019421758130192757,0.04852958768606186
8772,0.06921307742595673,0.01953711360692978,0.04967596381902695
8773,0.0700002908706665,0.019341640174388885,0.05065865442156792
8774,0.0688268393278122,0.019527947530150414,0.04929888993501663
8775,0.0657910406589508,0.019339486956596375,0.04645154997706413
8776,0.06271061301231384,0.019438154995441437,0.043272458016872406
8777,0.06153043359518051,0.01939757913351059,0.04213285446166992
8778,0.06270232796669006,0.019322995096445084,0.04337933659553528
8779,0.06486795842647552,0.019445884972810745,0.04542207717895508
8780,0.06609128415584564,0.019256070256233215,0.04683521389961243
8781,0.06554178148508072,0.019420839846134186,0.04612094163894653
8782,0.06412401795387268,0.019266702234745026,0.044857319444417953
8783,0.06367693841457367,0.01932571828365326,0.04435122013092041
8784,0.0652918666601181,0.019322335720062256,0.04596953094005585
8785,0.06831614673137665,0.019226133823394775,0.049090009182691574
8786,0.07089421153068542,0.019349828362464905,0.05154438316822052
8787,0.07135836780071259,0.019184965640306473,0.05217340588569641
8788,0.06977444887161255,0.019298965111374855,0.050475481897592545
8789,0.06763887405395508,0.01921512931585312,0.04842374473810196
8790,0.06678645312786102,0.019190918654203415,0.04759553447365761
8791,0.06764370203018188,0.019271867349743843,0.04837183654308319
8792,0.06892302632331848,0.019098777323961258,0.049824245274066925
8793,0.06878343969583511,0.01928156428039074,0.049501873552799225
8794,0.06645981967449188,0.01907883770763874,0.04738098382949829
8795,0.06316021084785461,0.019207973033189774,0.04395223408937454
8796,0.06101437285542488,0.01912854239344597,0.04188583046197891
8797,0.061297882348299026,0.019092772156000137,0.04220511019229889
8798,0.0633661150932312,0.019185833632946014,0.04418028146028519
8799,0.06529103964567184,0.019011734053492546,0.04627930372953415
8800,0.06556715071201324,0.019179945811629295,0.0463872067630291
8801,0.06432898342609406,0.019006559625267982,0.04532242566347122
8802,0.06322456896305084,0.01909680664539337,0.04412776231765747
8803,0.06388812512159348,0.019058505073189735,0.04482961818575859
8804,0.06648768484592438,0.018992573022842407,0.04749511182308197
8805,0.06954699754714966,0.019099146127700806,0.05044785514473915
8806,0.0710558369755745,0.01893608830869198,0.052119750529527664
8807,0.07029227912425995,0.019067730754613876,0.05122454836964607
8808,0.06820069998502731,0.018952831625938416,0.0492478683590889
8809,0.06680531799793243,0.018968740478157997,0.04783657565712929
8810,0.06727439165115356,0.01900951750576496,0.048264872282743454
8811,0.06900912523269653,0.01886891946196556,0.05014020949602127
8812,0.07015017420053482,0.019034482538700104,0.05111569166183472
8813,0.0692024976015091,0.018833061680197716,0.05036943405866623
8814,0.06651346385478973,0.01897818222641945,0.04753527790307999
8815,0.063948854804039,0.018872402608394623,0.04507644847035408
8816,0.06327641755342484,0.018866365775465965,0.04441005364060402
8817,0.06455326825380325,0.01893412508070469,0.045619141310453415
8818,0.06615686416625977,0.018774865195155144,0.04738200083374977
8819,0.06640728563070297,0.01894276589155197,0.047464519739151
8820,0.06512075662612915,0.018757354468107224,0.04636339843273163
8821,0.06390915811061859,0.018869901075959206,0.045039255172014236
8822,0.06465892493724823,0.018806196749210358,0.045852724462747574
8823,0.06776772439479828,0.018764376640319824,0.04900335147976875
8824,0.07157621532678604,0.01885461062192917,0.05272160470485687
8825,0.07341790199279785,0.018700579181313515,0.054717324674129486
8826,0.07200299203395844,0.018832124769687653,0.05317086726427078
8827,0.06835293024778366,0.018712172284722328,0.04964075982570648
8828,0.06534801423549652,0.018734943121671677,0.04661307483911514
8829,0.06499402970075607,0.018768729642033577,0.046225301921367645
8830,0.0668090283870697,0.01863374188542366,0.04817528277635574
8831,0.0682951807975769,0.01879517361521721,0.049500007182359695
8832,0.06716783344745636,0.018599437549710274,0.048568397760391235
8833,0.06361683458089828,0.018737057223916054,0.04487977549433708
8834,0.060229577124118805,0.018643006682395935,0.04158657044172287
8835,0.05975795537233353,0.018622832372784615,0.04113512486219406
8836,0.0625159814953804,0.018705427646636963,0.04381055384874344
8837,0.06611581146717072,0.018536625429987907,0.04757918417453766
8838,0.06768664717674255,0.018706951290369034,0.04897969588637352
8839,0.0663960725069046,0.01853053644299507,0.04786553606390953
8840,0.06430051475763321,0.018624288961291313,0.045676227658987045
8841,0.06427872180938721,0.018587559461593628,0.04569116234779358
8842,0.06713008880615234,0.018517356365919113,0.04861273244023323
8843,0.07066772133111954,0.018630661070346832,0.052037060260772705
8844,0.07162198424339294,0.018466345965862274,0.05315564200282097
8845,0.06902261078357697,0.018591787666082382,0.050430819392204285
8846,0.06499537825584412,0.018494457006454468,0.04650091752409935
8847,0.06297741830348969,0.01848495379090309,0.044492460787296295
8848,0.06411413848400116,0.018554380163550377,0.045559756457805634
8849,0.06625397503376007,0.018393009901046753,0.04786096140742302
8850,0.0662701427936554,0.01856507733464241,0.047705065459012985
8851,0.06331474334001541,0.01838008500635624,0.04493466019630432
8852,0.05987868830561638,0.018487509340047836,0.04139117896556854
8853,0.059151094406843185,0.018437519669532776,0.04071357473731041
8854,0.06175442039966583,0.018372340127825737,0.043382082134485245
8855,0.06522002816200256,0.01849074475467205,0.04672928526997566
8856,0.06658574938774109,0.018305541947484016,0.04828020557761192
8857,0.06542589515447617,0.018468299880623817,0.0469575971364975
8858,0.06396868079900742,0.01832226850092411,0.045646410435438156
8859,0.06451864540576935,0.018374737352132797,0.04614390432834625
8860,0.06689028441905975,0.01837993785738945,0.0485103502869606
8861,0.06877541542053223,0.01828416995704174,0.05049124360084534
8862,0.06852131336927414,0.01839698664844036,0.05012432485818863
8863,0.0666964203119278,0.018259495496749878,0.04843692108988762
8864,0.06520240008831024,0.018337910994887352,0.04686449095606804
8865,0.0646897554397583,0.01829250529408455,0.04639724642038345
8866,0.06421457976102829,0.018247036263346672,0.04596754163503647
8867,0.06293165683746338,0.018323855474591255,0.04460780322551727
8868,0.061638254672288895,0.018190916627645493,0.0434473380446434
8869,0.06163119897246361,0.018305018544197083,0.043326180428266525
8870,0.06249690800905228,0.018191540613770485,0.04430536925792694
8871,0.062430672347545624,0.018239876255393028,0.044190797954797745
8872,0.06087297201156616,0.018218224868178368,0.042654749006032944
8873,0.05995158851146698,0.01816750504076481,0.04178408160805702
8874,0.06189173832535744,0.018233243376016617,0.04365849494934082
8875,0.0655466839671135,0.01812143251299858,0.047425251454114914
8876,0.06733348220586777,0.018218064680695534,0.04911541938781738
8877,0.065752774477005,0.018107660114765167,0.04764511436223984
8878,0.06366434693336487,0.018169887363910675,0.04549446329474449
8879,0.06445121020078659,0.018120460212230682,0.04633074998855591
8880,0.06727609783411026,0.018105316907167435,0.049170780926942825
8881,0.06842349469661713,0.018138397485017776,0.05028509721159935
8882,0.06655286252498627,0.01805363968014717,0.048499226570129395
8883,0.06435655057430267,0.01812685839831829,0.04622969031333923
8884,0.06387719511985779,0.018042629584670067,0.04583456739783287
8885,0.06366559863090515,0.01806935854256153,0.04559623822569847
8886,0.06193976849317551,0.01806863583624363,0.04387113079428673
8887,0.06026941537857056,0.0179924163967371,0.04227700084447861
8888,0.06093384698033333,0.01808956265449524,0.04284428432583809
8889,0.06249421834945679,0.01794937252998352,0.04454484581947327
8890,0.061712078750133514,0.018056973814964294,0.04365510493516922
8891,0.059032194316387177,0.01796555146574974,0.041066642850637436
8892,0.058449093252420425,0.01797192171216011,0.040477171540260315
8893,0.06129804998636246,0.01801128312945366,0.0432867668569088
8894,0.0641791820526123,0.01789315789937973,0.046286024153232574
8895,0.0643313080072403,0.01802121289074421,0.046310096979141235
8896,0.06349039077758789,0.017871038988232613,0.04561935365200043
8897,0.0642881989479065,0.017967794090509415,0.04632040858268738
8898,0.06571630388498306,0.017900068312883377,0.047816235572099686
8899,0.06562910974025726,0.01789117604494095,0.04773793742060661
8900,0.06517856568098068,0.01792304962873459,0.047255516052246094
8901,0.06656946241855621,0.017843248322606087,0.048726215958595276
8902,0.06830818206071854,0.017907168716192245,0.05040101334452629
8903,0.06695828586816788,0.017833005636930466,0.04912528023123741
8904,0.06336504966020584,0.01785774528980255,0.04550730437040329
8905,0.06172765791416168,0.017843829467892647,0.043883826583623886
8906,0.06285512447357178,0.017796341329813004,0.04505878686904907
8907,0.06323181837797165,0.017860740423202515,0.045371077954769135
8908,0.06142522394657135,0.017744269222021103,0.04368095472455025
8909,0.060053206980228424,0.01785355992615223,0.042199648916721344
8910,0.06020985543727875,0.01772996410727501,0.04247989133000374
8911,0.05964630842208862,0.01779617927968502,0.04185012727975845
8912,0.058018699288368225,0.017764486372470856,0.04025421291589737
8913,0.05843181908130646,0.01770808733999729,0.04072372987866402
8914,0.06151755154132843,0.01779990829527378,0.0437176451086998
8915,0.06349190324544907,0.01765325851738453,0.04583864286541939
8916,0.06252303719520569,0.017777640372514725,0.04474540054798126
8917,0.061685629189014435,0.01766148768365383,0.044024139642715454
8918,0.0632433146238327,0.01770744100213051,0.045535873621702194
8919,0.06506549566984177,0.01769408956170082,0.047371406108140945
8920,0.06546381860971451,0.017643803730607033,0.047820013016462326
8921,0.06631530821323395,0.017699316143989563,0.04861599579453468
8922,0.06821073591709137,0.017615249380469322,0.0505954883992672
8923,0.06834602355957031,0.01766694337129593,0.050679080188274384
8924,0.06568360328674316,0.01761859841644764,0.048065006732940674
8925,0.06378012895584106,0.01760692521929741,0.046173203736543655
8926,0.06461429595947266,0.017641544342041016,0.04697275161743164
8927,0.0652971938252449,0.017540041357278824,0.04775715246796608
8928,0.06363918632268906,0.017654379829764366,0.04598480835556984
8929,0.06170107424259186,0.017503835260868073,0.044197238981723785
8930,0.060940682888031006,0.017618244513869286,0.04332244023680687
8931,0.05951448529958725,0.01752285659313202,0.04199162870645523
8932,0.05731336027383804,0.017536817118525505,0.03977654129266739
8933,0.05739404261112213,0.017564915120601654,0.03982912749052048
8934,0.06000756472349167,0.01746295765042305,0.04254460707306862
8935,0.061372727155685425,0.017573842778801918,0.043798886239528656
8936,0.06032225862145424,0.017437566071748734,0.042884692549705505
8937,0.06001287326216698,0.01753087341785431,0.04248199984431267
8938,0.06156954541802406,0.01745614781975746,0.0441133975982666
8939,0.0627318024635315,0.017463207244873047,0.04526859149336815
8940,0.06339134275913239,0.017481215298175812,0.045910127460956573
8941,0.06559984385967255,0.01740846410393715,0.0481913760304451
8942,0.06814904510974884,0.017476066946983337,0.0506729781627655
8943,0.06771135330200195,0.017393358051776886,0.05031799152493477
8944,0.0654190257191658,0.017428835853934288,0.047990188002586365
8945,0.06487083435058594,0.017415417358279228,0.04745541885495186
8946,0.06569375097751617,0.017356734722852707,0.048337019979953766
8947,0.06515201926231384,0.017441634088754654,0.04771038144826889
8948,0.06387756764888763,0.017300032079219818,0.046577539294958115
8949,0.06344425678253174,0.01743352599442005,0.046010732650756836
8950,0.062053512781858444,0.017289578914642334,0.04476393386721611
8951,0.05868525803089142,0.017375914379954338,0.04130934551358223
8952,0.05656048655509949,0.017323175445199013,0.039237312972545624
8953,0.05772184580564499,0.017290841788053513,0.040431004017591476
8954,0.05939141660928726,0.017361512407660484,0.04202990233898163
8955,0.0594581738114357,0.017230143770575523,0.042228031903505325
8956,0.05963977426290512,0.01735236495733261,0.04228740930557251
8957,0.06066664680838585,0.01722719892859459,0.04343944787979126
8958,0.06085179001092911,0.017292339354753494,0.04355945065617561
8959,0.06076119840145111,0.01725711114704609,0.04350408911705017
8960,0.062906414270401,0.01722538471221924,0.04568102955818176
8961,0.06629550457000732,0.017271162942051888,0.049024343490600586
8962,0.06743770837783813,0.01718977652490139,0.050247929990291595
8963,0.06643165647983551,0.0172506682574749,0.04918098449707031
8964,0.06567617505788803,0.017188111320137978,0.0484880656003952
8965,0.06510966271162033,0.017193956300616264,0.047915708273649216
8966,0.0636041909456253,0.017213355749845505,0.0463908389210701
8967,0.0627191886305809,0.017120126634836197,0.045599061995744705
8968,0.06335042417049408,0.01723843812942505,0.04611198604106903
8969,0.06282765418291092,0.017074307426810265,0.045753348618745804
8970,0.05978064611554146,0.0172111876308918,0.04256945848464966
8971,0.05705694109201431,0.017093997448682785,0.03996294364333153
8972,0.05669564753770828,0.017125625163316727,0.039570022374391556
8973,0.05715525895357132,0.017144789919257164,0.040010467171669006
8974,0.05776457488536835,0.01704656518995762,0.04071801155805588
8975,0.05972704291343689,0.01715787872672081,0.04256916418671608
8976,0.061826854944229126,0.017018403857946396,0.04480845108628273
8977,0.06169336289167404,0.017126021906733513,0.04456734284758568
8978,0.060803525149822235,0.01702728681266308,0.043776240199804306
8979,0.06212122365832329,0.01706864684820175,0.045052576810121536
8980,0.0645887702703476,0.017050819471478462,0.04753795266151428
8981,0.06580575555562973,0.017004549503326416,0.048801206052303314
8982,0.06643496453762054,0.017070142552256584,0.04936482384800911
8983,0.06677817553281784,0.01696859672665596,0.04980957880616188
8984,0.06498943269252777,0.017037061974406242,0.04795237258076668
8985,0.0615384578704834,0.016988851130008698,0.0445496067404747
8986,0.05995544046163559,0.016953149810433388,0.04300228878855705
8987,0.06050305813550949,0.017030196264386177,0.04347286373376846
8988,0.060269735753536224,0.01689048483967781,0.043379250913858414
8989,0.05899737775325775,0.017022760584950447,0.041974619030952454
8990,0.058255020529031754,0.01688794046640396,0.04136708006262779
8991,0.05738280713558197,0.01696186326444149,0.04042094573378563
8992,0.05600111186504364,0.016918912529945374,0.03908219933509827
8993,0.05658058822154999,0.016888558864593506,0.03969202935695648
8994,0.05979910120368004,0.016950905323028564,0.042848195880651474
8995,0.062540702521801,0.016824347898364067,0.04571635648608208
8996,0.06325892359018326,0.016961267217993736,0.04629765450954437
8997,0.06351374089717865,0.01680021546781063,0.04671352356672287
8998,0.06371479481458664,0.016916979104280472,0.04679781571030617
8999,0.06306889653205872,0.016832668334245682,0.046236224472522736
9000,0.06293797492980957,0.0168316513299942,0.04610632359981537
9001,0.0644235834479332,0.01687636971473694,0.04754721373319626
9002,0.0651463121175766,0.01677527278661728,0.04837103560566902
9003,0.06318037211894989,0.01686466485261917,0.04631571099162102
9004,0.06011401116847992,0.01677509769797325,0.04333891347050667
9005,0.05795374885201454,0.016803134232759476,0.041150614619255066
9006,0.056531887501478195,0.016799643635749817,0.03973224386572838
9007,0.056081391870975494,0.01673951931297779,0.039341870695352554
9008,0.05740591138601303,0.01681707799434662,0.04058883339166641
9009,0.05908331274986267,0.016696816310286522,0.042386494576931
9010,0.058970045298337936,0.01680053025484085,0.042169515043497086
9011,0.05791772902011871,0.016699180006980896,0.04121854901313782
9012,0.05822568014264107,0.016733482480049133,0.041492197662591934
9013,0.05983506143093109,0.016745490953326225,0.043089572340250015
9014,0.06161240488290787,0.016645755618810654,0.044966649264097214
9015,0.06363790482282639,0.016778236255049706,0.04685967043042183
9016,0.06531060487031937,0.01660381443798542,0.048706792294979095
9017,0.06472857296466827,0.016751231625676155,0.04797734320163727
9018,0.062098756432533264,0.01661926880478859,0.045479487627744675
9019,0.0602586455643177,0.016681037843227386,0.04357760772109032
9020,0.06011175364255905,0.016657985746860504,0.04345376789569855
9021,0.06004811078310013,0.016609353944659233,0.043438758701086044
9022,0.05962350219488144,0.01668274775147438,0.04294075444340706
9023,0.05917283892631531,0.016564350575208664,0.042608488351106644
9024,0.05770297348499298,0.016663726419210434,0.04103924706578255
9025,0.055187635123729706,0.01656917668879032,0.038618460297584534
9026,0.05430295318365097,0.016596678644418716,0.037706274539232254
9027,0.05616430193185806,0.016608987003564835,0.03955531492829323
9028,0.058506689965724945,0.0165270883589983,0.0419795997440815
9029,0.05996861308813095,0.01661956124007702,0.04334904998540878
9030,0.06114298477768898,0.01650761440396309,0.04463537037372589
9031,0.06150617450475693,0.016575725749135017,0.04493044689297676
9032,0.06042962521314621,0.016532273963093758,0.0438973531126976
9033,0.060063231736421585,0.016502510756254196,0.04356072098016739
9034,0.0617813803255558,0.016565542668104172,0.04521583765745163
9035,0.06339840590953827,0.01643657311797142,0.04696182906627655
9036,0.06315252184867859,0.016579337418079376,0.046573180705308914
9037,0.06186152249574661,0.01640911027789116,0.045452412217855453
9038,0.05990135669708252,0.01654116064310074,0.04336019605398178
9039,0.05706501379609108,0.01643950119614601,0.04062551259994507
9040,0.055292028933763504,0.016455188393592834,0.03883684054017067
9041,0.05610193312168121,0.016489865258336067,0.039612069725990295
9042,0.05753941833972931,0.016383616253733635,0.041155800223350525
9043,0.05756743997335434,0.01649864949285984,0.04106879234313965
9044,0.05691073462367058,0.016364794224500656,0.04054594039916992
9045,0.05642211437225342,0.016456477344036102,0.039965637028217316
9046,0.05593833699822426,0.016384754329919815,0.03955358266830444
9047,0.05645909160375595,0.016392361372709274,0.04006673023104668
9048,0.05896221846342087,0.016413215547800064,0.042549002915620804
9049,0.06176677718758583,0.016334380954504013,0.04543239623308182
9050,0.06275498121976852,0.016421208158135414,0.04633377492427826
9051,0.06212101876735687,0.016315266489982605,0.04580575227737427
9052,0.06110309064388275,0.01637261174619198,0.044730477035045624
9053,0.060010507702827454,0.01634950004518032,0.04366100952029228
9054,0.05947817116975784,0.016287999227643013,0.04319017380475998
9055,0.06018713116645813,0.01638871617615223,0.04379841685295105
9056,0.06108054146170616,0.01623442769050598,0.04484611377120018
9057,0.060337141156196594,0.016378136351704597,0.043959006667137146
9058,0.057914186269044876,0.016235478222370148,0.04167870804667473
9059,0.055475324392318726,0.0163212139159441,0.03915410861372948
9060,0.054171010851860046,0.0162653885781765,0.03790562227368355
9061,0.0542067289352417,0.016248641535639763,0.03795808553695679
9062,0.05551741644740105,0.016303610056638718,0.03921380639076233
9063,0.057372014969587326,0.016182269901037216,0.04118974506855011
9064,0.058229003101587296,0.016315381973981857,0.04191362112760544
9065,0.057478372007608414,0.016163520514965057,0.041314851492643356
9066,0.05657556653022766,0.016264861449599266,0.040310706943273544
9067,0.057005323469638824,0.016201943159103394,0.04080338031053543
9068,0.058560810983181,0.016183340921998024,0.04237746819853783
9069,0.06053084880113602,0.016237424686551094,0.04429342597723007
9070,0.06245455890893936,0.016138190403580666,0.046316370368003845
9071,0.06322039663791656,0.01622079685330391,0.046999599784612656
9072,0.06178312748670578,0.016140880063176155,0.045642245560884476
9073,0.059554919600486755,0.016168231144547462,0.043386686593294144
9074,0.058595579117536545,0.016163472086191177,0.04243210703134537
9075,0.05885223299264908,0.016102034598588943,0.042750198394060135
9076,0.059211183339357376,0.016193240880966187,0.04301794245839119
9077,0.05940541997551918,0.01604509726166725,0.04336032271385193
9078,0.058827195316553116,0.016193825751543045,0.04263336956501007
9079,0.0565117672085762,0.016040775924921036,0.04047099128365517
9080,0.053791359066963196,0.016128310933709145,0.0376630499958992
9081,0.05307324230670929,0.01609170064330101,0.03698154166340828
9082,0.05427271127700806,0.01603742130100727,0.03823528811335564
9083,0.05577831715345383,0.01613062247633934,0.03964769467711449
9084,0.057151034474372864,0.015990762040019035,0.04116027057170868
9085,0.05802404507994652,0.01611614227294922,0.0419079028069973
9086,0.05740285664796829,0.015990514308214188,0.041412342339754105
9087,0.05619174987077713,0.01606784202158451,0.04012390971183777
9088,0.05662452057003975,0.016012918204069138,0.04061160236597061
9089,0.05875692144036293,0.016003642231225967,0.04275327920913696
9090,0.060912348330020905,0.01604449562728405,0.044867854565382004
9091,0.06236530840396881,0.015948377549648285,0.046416930854320526
9092,0.06287054717540741,0.01604556106030941,0.04682498797774315
9093,0.06160431355237961,0.015944918617606163,0.045659396797418594
9094,0.0594104640185833,0.01598098874092102,0.04342947527766228
9095,0.05839279666543007,0.015990108251571655,0.042402688413858414
9096,0.05901828408241272,0.015898989513516426,0.043119292706251144
9097,0.05983390659093857,0.016019443050026894,0.043814461678266525
9098,0.059813983738422394,0.01586066000163555,0.04395332559943199
9099,0.058710385113954544,0.01599801331758499,0.04271237179636955
9100,0.056359320878982544,0.01586676575243473,0.04049255698919296
9101,0.05373943969607353,0.01594003289937973,0.0377994067966938
9102,0.05267894268035889,0.01590019278228283,0.03677874803543091
9103,0.05370055139064789,0.015864143148064613,0.037836410105228424
9104,0.05552712827920914,0.015941273421049118,0.03958585485816002
9105,0.05675436556339264,0.01580202765762806,0.04095233604311943
9106,0.056849606335163116,0.015942919999361038,0.04090668633580208
9107,0.056017447263002396,0.015800010412931442,0.04021743685007095
9108,0.05517265200614929,0.015879904851317406,0.039292749017477036
9109,0.05547410249710083,0.015842359513044357,0.03963174298405647
9110,0.05739225074648857,0.015805523842573166,0.041586726903915405
9111,0.06012490391731262,0.015869906172156334,0.04425499960780144
9112,0.062020812183618546,0.01577020436525345,0.0462506078183651
9113,0.062155552208423615,0.015852075070142746,0.04630347713828087
9114,0.060928549617528915,0.01577061042189598,0.045157939195632935
9115,0.0595652312040329,0.01579872891306877,0.04376650229096413
9116,0.058867573738098145,0.015800444409251213,0.04306713119149208
9117,0.0593598335981369,0.015725165605545044,0.04363466799259186
9118,0.06073704734444618,0.01583954319357872,0.04489750415086746
9119,0.0612962581217289,0.01566920056939125,0.045627057552337646
9120,0.05971623957157135,0.015831325203180313,0.04388491436839104
9121,0.05681493133306503,0.015678055584430695,0.04113687574863434
9122,0.05436905473470688,0.015758603811264038,0.03861045092344284
9123,0.053157955408096313,0.01572844199836254,0.03742951527237892
9124,0.05346548929810524,0.015676379203796387,0.03778911009430885
9125,0.05511438474059105,0.01576150581240654,0.03935287892818451
9126,0.05646466463804245,0.015632880851626396,0.040831781923770905
9127,0.055958185344934464,0.015751466155052185,0.04020671918988228
9128,0.05439145863056183,0.015627166256308556,0.03876429423689842
9129,0.053613267838954926,0.01570213958621025,0.037911128252744675
9130,0.05414624884724617,0.015658091753721237,0.03848815709352493
9131,0.05586132034659386,0.015630032867193222,0.040231287479400635
9132,0.058596156537532806,0.015695592388510704,0.04290056228637695
9133,0.06090898439288139,0.015580136328935623,0.04532884806394577
9134,0.06115704029798508,0.015683593228459358,0.04547344520688057
9135,0.05978072062134743,0.015590868890285492,0.044189851731061935
9136,0.05871358886361122,0.015614905394613743,0.04309868440032005
9137,0.058675363659858704,0.01563534326851368,0.043040018528699875
9138,0.059553228318691254,0.015540322288870811,0.04401290416717529
9139,0.0610676109790802,0.015660814940929413,0.04540679603815079
9140,0.061915744096040726,0.015500672161579132,0.046415071934461594
9141,0.06058638542890549,0.01564880833029747,0.04493757709860802
9142,0.05749506503343582,0.015500565059483051,0.041994500905275345
9143,0.05474161356687546,0.015590349212288857,0.03915126249194145
9144,0.05359572917222977,0.015544082969427109,0.03805164620280266
9145,0.05401310324668884,0.01550537534058094,0.03850772976875305
9146,0.055285774171352386,0.015591355040669441,0.039694417268037796
9147,0.05609562247991562,0.015449391677975655,0.040646228939294815
9148,0.05535709857940674,0.0155800711363554,0.03977702930569649
9149,0.05351066589355469,0.015458161011338234,0.0380525067448616
9150,0.05221100524067879,0.015514322556555271,0.03669668361544609
9151,0.05265223607420921,0.015497785061597824,0.03715445101261139
9152,0.0547868087887764,0.015449078753590584,0.03933773189783096
9153,0.05752889811992645,0.01551886834204197,0.04201003164052963
9154,0.05938643962144852,0.01541365496814251,0.04397278279066086
9155,0.0596143901348114,0.015505531802773476,0.044108856469392776
9156,0.058571990579366684,0.015414893627166748,0.043157096952199936
9157,0.057503849267959595,0.015448088757693768,0.04205575957894325
9158,0.057589851319789886,0.015455381013453007,0.042134471237659454
9159,0.059212133288383484,0.015366224572062492,0.04384590685367584
9160,0.06123451888561249,0.015498029068112373,0.045736487954854965
9161,0.06182127445936203,0.015317097306251526,0.046504177153110504
9162,0.0603792667388916,0.015479521825909615,0.044899746775627136
9163,0.05768702179193497,0.015335898846387863,0.042351122945547104
9164,0.05504851043224335,0.015405964106321335,0.03964254632592201
9165,0.053748298436403275,0.015383832156658173,0.0383644662797451
9166,0.05442489683628082,0.015332851558923721,0.0390920452773571
9167,0.0559077188372612,0.015412217937409878,0.04049549996852875
9168,0.05612144619226456,0.015289888717234135,0.040831558406353
9169,0.05462396889925003,0.015403231605887413,0.03922073543071747
9170,0.05264342203736305,0.015288267284631729,0.03735515475273132
9171,0.05138472840189934,0.01534856203943491,0.036036167293787
9172,0.05162304639816284,0.015326835215091705,0.036296211183071136
9173,0.053734634071588516,0.015271377749741077,0.03846325725317001
9174,0.05663302540779114,0.015362987294793129,0.04127003625035286
9175,0.05821306258440018,0.015232017263770103,0.042981043457984924
9176,0.05786575376987457,0.015338074415922165,0.04252767935395241
9177,0.056757040321826935,0.015253504738211632,0.04150353744626045
9178,0.056162770837545395,0.015264862217009068,0.0408979095518589
9179,0.056674860417842865,0.015297621488571167,0.0413772389292717
9180,0.05853445082902908,0.015196168795228004,0.04333828017115593
9181,0.060838907957077026,0.015320481732487679,0.0455184280872345
9182,0.06161273270845413,0.015159482136368752,0.04645325243473053
9183,0.06005755066871643,0.015306154265999794,0.04475139454007149
9184,0.05732724443078041,0.015165619552135468,0.04216162487864494
9185,0.05516402795910835,0.015244420617818832,0.03991960734128952
9186,0.05448898673057556,0.015214341692626476,0.03927464410662651
9187,0.05528784170746803,0.01515970379114151,0.04012813791632652
9188,0.05646573007106781,0.015255475416779518,0.04121025279164314
9189,0.05634244903922081,0.01511673629283905,0.04122571274638176
9190,0.05442018434405327,0.015232878737151623,0.03918730467557907
9191,0.05187653750181198,0.015135301277041435,0.036741238087415695
9192,0.05042455345392227,0.015162767842411995,0.03526178374886513
9193,0.050965193659067154,0.01517517864704132,0.03579001501202583
9194,0.05312138423323631,0.015101034194231033,0.03802035003900528
9195,0.05544345825910568,0.015191642567515373,0.04025181755423546
9196,0.056453220546245575,0.015072478912770748,0.04138074070215225
9197,0.0559089370071888,0.015169271267950535,0.04073966667056084
9198,0.05469810590147972,0.015084143728017807,0.039613962173461914
9199,0.054168038070201874,0.015104597434401512,0.03906343877315521
9200,0.055283885449171066,0.015130627900362015,0.04015325754880905
9201,0.05782552808523178,0.015025127679109573,0.04280040040612221
9202,0.06018449366092682,0.015165216289460659,0.045019276440143585
9203,0.060740597546100616,0.01498863659799099,0.045751962810754776
9204,0.0594390407204628,0.015138417482376099,0.0443006232380867
9205,0.057303354144096375,0.01501393225044012,0.04228942096233368
9206,0.05565289780497551,0.015064731240272522,0.04058816656470299
9207,0.05554712936282158,0.01505962386727333,0.04048750549554825
9208,0.05691701918840408,0.014998598024249077,0.041918423026800156
9209,0.058086276054382324,0.015082646161317825,0.0430036298930645
9210,0.05726713687181473,0.014965653419494629,0.0423014834523201
9211,0.05472332611680031,0.015061922371387482,0.03966140374541283
9212,0.05201329290866852,0.014975753612816334,0.03703754022717476
9213,0.05048225820064545,0.014997921884059906,0.03548433631658554
9214,0.05077365040779114,0.015018568374216557,0.035755082964897156
9215,0.0526411309838295,0.014926357194781303,0.037714775651693344
9216,0.054532669484615326,0.015043545514345169,0.03948912397027016
9217,0.05475713685154915,0.014900725334882736,0.03985641151666641
9218,0.053416475653648376,0.015006642788648605,0.03840983286499977
9219,0.05205129459500313,0.014931895770132542,0.03711939975619316
9220,0.051946599036455154,0.014930054545402527,0.03701654449105263
9221,0.05344623699784279,0.014975734055042267,0.03847050294280052
9222,0.05608517676591873,0.014866245910525322,0.04121893271803856
9223,0.058506134897470474,0.014994329772889614,0.043511804193258286
9224,0.059171825647354126,0.01483804453164339,0.04433378204703331
9225,0.05799693614244461,0.014972005970776081,0.043024931102991104
9226,0.056338533759117126,0.014852786436676979,0.0414857491850853
9227,0.05573798716068268,0.014907369390130043,0.040830619633197784
9228,0.05674448609352112,0.014900807291269302,0.041843678802251816
9229,0.0586361363530159,0.014833435416221619,0.04380270093679428
9230,0.05987652391195297,0.0149292703717947,0.04494725540280342
9231,0.0590766966342926,0.014806227758526802,0.04427046701312065
9232,0.05648283660411835,0.014893812127411366,0.041589025408029556
9233,0.053560998290777206,0.014834936708211899,0.03872606158256531
9234,0.051949433982372284,0.014819614589214325,0.03712981939315796
9235,0.05228625237941742,0.01487475074827671,0.03741150349378586
9236,0.05379751697182655,0.014761589467525482,0.03903592750430107
9237,0.054732546210289,0.014883993193507195,0.039848554879426956
9238,0.0538763701915741,0.014744613319635391,0.039131756871938705
9239,0.051782552152872086,0.01484929770231247,0.036933254450559616
9240,0.050017911940813065,0.0147676020860672,0.035250309854745865
9241,0.0498042106628418,0.014777915552258492,0.035026296973228455
9242,0.05144764482975006,0.014816634356975555,0.036631010472774506
9243,0.054183296859264374,0.014704128727316856,0.03947916999459267
9244,0.05631700158119202,0.014843357726931572,0.041473641991615295
9245,0.056495048105716705,0.014678826555609703,0.04181621968746185
9246,0.055219486355781555,0.014806797727942467,0.04041268676519394
9247,0.05415567010641098,0.014711299911141396,0.039444368332624435
9248,0.05450991168618202,0.014733031392097473,0.03977688029408455
9249,0.05637816712260246,0.014754853211343288,0.0416233129799366
9250,0.058914072811603546,0.014677433297038078,0.04423663765192032
9251,0.060599274933338165,0.014764724299311638,0.04583454877138138
9252,0.05999942868947983,0.014661870896816254,0.045337557792663574
9253,0.05757756903767586,0.01472993940114975,0.04284762963652611
9254,0.055161383002996445,0.014683656394481659,0.040477726608514786
9255,0.05431375652551651,0.014660676941275597,0.039653077721595764
9256,0.0550607293844223,0.014726273715496063,0.04033445566892624
9257,0.05629860609769821,0.014594728127121925,0.04170387610793114
9258,0.05653394013643265,0.014743749052286148,0.0417901910841465
9259,0.054785337299108505,0.014578630216419697,0.04020670801401138
9260,0.05174417793750763,0.014696178957819939,0.03704800084233284
9261,0.0493563711643219,0.014620885252952576,0.034735485911369324
9262,0.04912429675459862,0.014611221849918365,0.03451307490468025
9263,0.05089671164751053,0.014671379700303078,0.0362253300845623
9264,0.053237419575452805,0.01455149706453085,0.03868592157959938
9265,0.054505355656147,0.014679625630378723,0.03982573002576828
9266,0.05393970012664795,0.014538989402353764,0.03940071165561676
9267,0.05238834023475647,0.014640683308243752,0.03774765878915787
9268,0.05158713832497597,0.014565049670636654,0.03702208772301674
9269,0.05266948789358139,0.014575131237506866,0.038094356656074524
9270,0.055339980870485306,0.014606315642595291,0.040733665227890015
9271,0.05818435922265053,0.014516863971948624,0.043667495250701904
9272,0.05961852893233299,0.014619335532188416,0.04499919340014458
9273,0.0587734654545784,0.014505237340927124,0.044268228113651276
9274,0.05663899704813957,0.014570720493793488,0.042068276554346085
9275,0.05511367321014404,0.014545409008860588,0.040568266063928604
9276,0.05537912994623184,0.01448957622051239,0.04088955372571945
9277,0.05690307915210724,0.014590736478567123,0.042312342673540115
9278,0.05818753316998482,0.014436539262533188,0.04375099390745163
9279,0.05782368779182434,0.01458876021206379,0.0432349257171154
9280,0.05527074635028839,0.014437198638916016,0.040833547711372375
9281,0.05176457017660141,0.014534148387610912,0.03723042085766792
9282,0.04954763501882553,0.014476804994046688,0.03507082909345627
9283,0.049848172813653946,0.014459092170000076,0.03538908064365387
9284,0.05175736919045448,0.014521799981594086,0.0372355692088604
9285,0.053359705954790115,0.014399509876966476,0.03896019607782364
9286,0.05340500548481941,0.01453087106347084,0.03887413442134857
9287,0.051899272948503494,0.01439113449305296,0.03750813752412796
9288,0.050115909427404404,0.014479968696832657,0.03563594073057175
9289,0.049816716462373734,0.014433339238166809,0.035383377224206924
9290,0.05178931728005409,0.014402910135686398,0.03738640621304512
9291,0.054989635944366455,0.014474463649094105,0.040515173226594925
9292,0.057411279529333115,0.014359746128320694,0.04305153340101242
9293,0.05784427002072334,0.01446354016661644,0.0433807298541069
9294,0.056459784507751465,0.014370126649737358,0.04208965599536896
9295,0.05475941300392151,0.014403115026652813,0.04035629704594612
9296,0.05435112118721008,0.014410560950636864,0.03994056209921837
9297,0.05579404532909393,0.014332639053463936,0.04146140441298485
9298,0.05792207270860672,0.014444766566157341,0.04347730427980423
9299,0.058778874576091766,0.01428762637078762,0.044491250067949295
9300,0.05733532831072807,0.014438405632972717,0.042896922677755356
9301,0.05413590744137764,0.014293567277491093,0.03984234109520912
9302,0.05107428878545761,0.014376431703567505,0.036697857081890106
9303,0.04997712001204491,0.014345686882734299,0.03563143312931061
9304,0.05113707855343819,0.014292381703853607,0.03684469684958458
9305,0.05295589938759804,0.01438990980386734,0.0385659895837307
9306,0.05341857671737671,0.014248896390199661,0.03916968032717705
9307,0.051976509392261505,0.014372656121850014,0.03760385140776634
9308,0.049731504172086716,0.014265593141317368,0.03546591103076935
9309,0.048427291214466095,0.014306612312793732,0.03412067890167236
9310,0.049238353967666626,0.014308447018265724,0.03492990508675575
9311,0.0519585981965065,0.014243880286812782,0.03771471977233887
9312,0.054919786751270294,0.014331793412566185,0.04058799147605896
9313,0.05616885423660278,0.014216059818863869,0.041952796280384064
9314,0.05531672015786171,0.014309483580291271,0.041007235646247864
9315,0.05365464463829994,0.014232475310564041,0.0394221693277359
9316,0.05298653617501259,0.014244665391743183,0.03874187171459198
9317,0.05411338061094284,0.014279360882937908,0.03983401879668236
9318,0.05646742135286331,0.014170808717608452,0.04229661077260971
9319,0.05841004475951195,0.014311256818473339,0.044098787009716034
9320,0.058230988681316376,0.014139996841549873,0.04409098997712135
9321,0.05577230453491211,0.014282208867371082,0.0414900965988636
9322,0.05264847353100777,0.014171082526445389,0.03847739100456238
9323,0.050962723791599274,0.014203840866684914,0.03675888478755951
9324,0.051448967307806015,0.014224577695131302,0.03722438961267471
9325,0.05305304750800133,0.014137156307697296,0.03891589120030403
9326,0.05391501262784004,0.0142437182366848,0.03967129439115524
9327,0.052757378667593,0.01411723718047142,0.03864014148712158
9328,0.050096236169338226,0.014210086315870285,0.03588614985346794
9329,0.047829046845436096,0.014140577986836433,0.03368847072124481
9330,0.04763811081647873,0.014145199209451675,0.033492911607027054
9331,0.049584876745939255,0.014181596226990223,0.035403281450271606
9332,0.0522482693195343,0.014086439274251461,0.038161829113960266
9333,0.05389239639043808,0.01419660821557045,0.03969578817486763
9334,0.053582366555929184,0.014071822166442871,0.03951054438948631
9335,0.05198966711759567,0.01415526494383812,0.03783440217375755
9336,0.05090474337339401,0.014108993113040924,0.03679575026035309
9337,0.051782749593257904,0.014076179824769497,0.03770656883716583
9338,0.05434770882129669,0.014158142730593681,0.04018956422805786
9339,0.05691920220851898,0.014017488807439804,0.04290171340107918
9340,0.057873040437698364,0.014165008440613747,0.04370803013443947
9341,0.05665411427617073,0.014013562351465225,0.042640551924705505
9342,0.054241541773080826,0.014116518199443817,0.04012502357363701
9343,0.05245387554168701,0.014051190577447414,0.03840268403291702
9344,0.052641596645116806,0.01404658704996109,0.038595009595155716
9345,0.0543619766831398,0.01409277506172657,0.04026919975876808
9346,0.05563492327928543,0.013994568958878517,0.04164035618305206
9347,0.054890986531972885,0.014098476618528366,0.04079250991344452
9348,0.0521833635866642,0.013986810110509396,0.03819655254483223
9349,0.04918114095926285,0.014050746336579323,0.035130392760038376
9350,0.04771047085523605,0.014024575240910053,0.033685896545648575
9351,0.04849708452820778,0.01397685706615448,0.0345202274620533
9352,0.050586238503456116,0.01406470499932766,0.03652153164148331
9353,0.052062176167964935,0.013931730762124062,0.03813044726848602
9354,0.051688093692064285,0.014055279083549976,0.037632815539836884
9355,0.04989371448755264,0.013944296166300774,0.03594941645860672
9356,0.048349663615226746,0.013991409912705421,0.034358251839876175
9357,0.0485403835773468,0.013991197571158409,0.03454918414354324
9358,0.05071202293038368,0.013919639401137829,0.03679238259792328
9359,0.05366837605834007,0.014024212956428528,0.039644163101911545
9360,0.05553743988275528,0.013882080093026161,0.04165536165237427
9361,0.05530349537730217,0.014013662934303284,0.041289832442998886
9362,0.05364256724715233,0.013889249414205551,0.03975331783294678
9363,0.05241067335009575,0.01396027859300375,0.038450393825769424
9364,0.052934736013412476,0.013930270448327065,0.03900446742773056
9365,0.055035125464200974,0.01389224547892809,0.04114288091659546
9366,0.057294756174087524,0.013966339640319347,0.0433284156024456
9367,0.057902850210666656,0.013853885233402252,0.044048964977264404
9368,0.05620467662811279,0.013950778171420097,0.042253896594047546
9369,0.053171392530202866,0.01387104019522667,0.039300352334976196
9370,0.05096001178026199,0.013882303610444069,0.037077710032463074
9371,0.0508563406765461,0.013918738812208176,0.03693760186433792
9372,0.052275508642196655,0.013813655823469162,0.03846185281872749
9373,0.05340644717216492,0.013941207900643349,0.03946523740887642
9374,0.0527392216026783,0.013792266137897968,0.038946956396102905
9375,0.0502927340567112,0.013907980173826218,0.03638475388288498
9376,0.04756010323762894,0.013821139931678772,0.033738963305950165
9377,0.04645625874400139,0.013838570564985275,0.03261768817901611
9378,0.04773222655057907,0.013866836205124855,0.03386538848280907
9379,0.05032513663172722,0.013774927705526352,0.03655020892620087
9380,0.052284859120845795,0.013890266418457031,0.03839459270238876
9381,0.05235089361667633,0.013749168254435062,0.03860172629356384
9382,0.05091497674584389,0.013864368200302124,0.03705060854554176
9383,0.0495796799659729,0.013773338869214058,0.03580633923411369
9384,0.049972306936979294,0.01379694789648056,0.036175359040498734
9385,0.05240967869758606,0.013820958323776722,0.03858872130513191
9386,0.05550315976142883,0.013736756518483162,0.04176640510559082
9387,0.0573059543967247,0.013837037608027458,0.043468914926052094
9388,0.0567827969789505,0.013726195320487022,0.04305659979581833
9389,0.05481515824794769,0.013793068006634712,0.04102209210395813
9390,0.05313001200556755,0.01376291736960411,0.03936709463596344
9391,0.053129490464925766,0.01371947955340147,0.03941000998020172
9392,0.05473042279481888,0.013805048540234566,0.04092537611722946
9393,0.05639616400003433,0.013667428866028786,0.0427287332713604
9394,0.05626777932047844,0.013808868825435638,0.0424589104950428
9395,0.05369812995195389,0.013663722202181816,0.04003440961241722
9396,0.050146132707595825,0.013761352747678757,0.03638477995991707
9397,0.047878820449113846,0.013702545315027237,0.03417627513408661
9398,0.04805624485015869,0.013687578961253166,0.034368667751550674
9399,0.04985297843813896,0.013749214820563793,0.036103762686252594
9400,0.05131380259990692,0.013632102869451046,0.0376816987991333
9401,0.050992291420698166,0.01375538483262062,0.037236906588077545
9402,0.04901997745037079,0.013629786670207977,0.03539019078016281
9403,0.04708249866962433,0.013702908530831337,0.03337958827614784
9404,0.04701227694749832,0.013672981411218643,0.03333929553627968
9405,0.049227822571992874,0.013631753623485565,0.03559606894850731
9406,0.05238723009824753,0.013709688559174538,0.03867754340171814
9407,0.05449139326810837,0.013595638796687126,0.04089575260877609
9408,0.054526083171367645,0.013695025816559792,0.040831055492162704
9409,0.053018830716609955,0.013611773028969765,0.03940705582499504
9410,0.05175590515136719,0.013633007183670998,0.03812289983034134
9411,0.052237432450056076,0.013655029237270355,0.03858240321278572
9412,0.0544867068529129,0.01356595754623413,0.04092074930667877
9413,0.05685736984014511,0.013685068115592003,0.04317230358719826
9414,0.05731872841715813,0.013532976619899273,0.04378575086593628
9415,0.055309444665908813,0.013668580912053585,0.041640862822532654
9416,0.052102334797382355,0.01354934275150299,0.038552992045879364
9417,0.04984559863805771,0.013604635372757912,0.036240965127944946
9418,0.0497424453496933,0.013599501922726631,0.03614294156432152
9419,0.05117242410778999,0.013532865792512894,0.0376395583152771
9420,0.05226276442408562,0.013632114976644516,0.0386306494474411
9421,0.05139271169900894,0.013502983376383781,0.03788972645998001
9422,0.04875330999493599,0.013604697771370411,0.03514861315488815
9423,0.04619421064853668,0.013529915362596512,0.03266429528594017
9424,0.0456634983420372,0.013535524718463421,0.032127972692251205
9425,0.04751051217317581,0.01357495877891779,0.0339355543255806
9426,0.05030520260334015,0.01347963698208332,0.03682556375861168
9427,0.05209792032837868,0.013585500419139862,0.038512419909238815
9428,0.05187404155731201,0.013472644612193108,0.03840139880776405
9429,0.0503714457154274,0.013543415814638138,0.03682802990078926
9430,0.04937954246997833,0.013506483286619186,0.035873059183359146
9431,0.05033265799283981,0.01347430981695652,0.03685835003852844
9432,0.05299759656190872,0.01354796439409256,0.03944963216781616
9433,0.055639542639255524,0.013421032577753067,0.04221851006150246
9434,0.05647443234920502,0.013558097183704376,0.04291633516550064
9435,0.05498310923576355,0.01341263297945261,0.041570477187633514
9436,0.05244310572743416,0.013515163213014603,0.038927942514419556
9437,0.0508100762963295,0.013451742008328438,0.03735833242535591
9438,0.051193717867136,0.013442281633615494,0.03775143623352051
9439,0.05287320911884308,0.013498535379767418,0.03937467560172081
9440,0.05379372090101242,0.013391527347266674,0.04040219262242317
9441,0.052509475499391556,0.013497874140739441,0.039011601358652115
9442,0.04941095784306526,0.013396430760622025,0.03601452708244324
9443,0.046549223363399506,0.013441486284136772,0.03310773894190788
9444,0.04574790596961975,0.013438655063509941,0.03230925276875496
9445,0.047180723398923874,0.013374813832342625,0.033805910497903824
9446,0.04936948046088219,0.013467829674482346,0.03590165078639984
9447,0.05043382570147514,0.013345406390726566,0.03708842024207115
9448,0.04960222914814949,0.013448376208543777,0.03615385293960571
9449,0.047786448150873184,0.013363520614802837,0.03442292660474777
9450,0.04688280448317528,0.013387173414230347,0.03349563106894493
9451,0.048105474561452866,0.013406392186880112,0.034699082374572754
9452,0.050965651869773865,0.013322276994585991,0.037643373012542725
9453,0.053690992295742035,0.013435624539852142,0.04025536775588989
9454,0.0546022430062294,0.01329092588275671,0.041311316192150116
9455,0.05348259583115578,0.013417486101388931,0.040065109729766846
9456,0.05163416638970375,0.01331077516078949,0.03832339122891426
9457,0.050944432616233826,0.013354392722249031,0.037590041756629944
9458,0.052239786833524704,0.013359691947698593,0.03888009488582611
9459,0.05447021871805191,0.01329097617417574,0.041179243475198746
9460,0.055628418922424316,0.013382630422711372,0.04224579036235809
9461,0.05433523654937744,0.013273254036903381,0.04106198251247406
9462,0.051286790519952774,0.013347029685974121,0.03793976083397865
9463,0.04844541847705841,0.013304458931088448,0.035140957683324814
9464,0.04753735661506653,0.013277741149067879,0.0342596136033535
9465,0.04860594868659973,0.013345109298825264,0.03526083752512932
9466,0.050120413303375244,0.013228034600615501,0.036892376840114594
9467,0.05029391869902611,0.013348758220672607,0.0369451604783535
9468,0.04854102060198784,0.013226635754108429,0.03531438484787941
9469,0.04608083516359329,0.013302048668265343,0.0327787846326828
9470,0.044901471585035324,0.013263765722513199,0.031637705862522125
9471,0.04606969654560089,0.013233200646936893,0.03283649682998657
9472,0.04883071780204773,0.013304962776601315,0.03552575409412384
9473,0.051274750381708145,0.013183568604290485,0.038091182708740234
9474,0.05191541835665703,0.013310086913406849,0.038605332374572754
9475,0.0507691390812397,0.013181108981370926,0.037588030099868774
9476,0.049380265176296234,0.013263793662190437,0.036116473376750946
9477,0.04949899762868881,0.01322108879685402,0.03627790883183479
9478,0.0516199953854084,0.01319633424282074,0.03842366114258766
9479,0.05450654774904251,0.013259399682283401,0.04124714806675911
9480,0.056060463190078735,0.013158208690583706,0.042902253568172455
9481,0.05524250119924545,0.013249308802187443,0.041993193328380585
9482,0.052723366767168045,0.013172205537557602,0.03955116122961044
9483,0.05052558332681656,0.013188720680773258,0.037336863577365875
9484,0.05011235177516937,0.013216182589530945,0.03689616918563843
9485,0.05134361609816551,0.013123694807291031,0.03821992129087448
9486,0.05259919911623001,0.013241717591881752,0.03935747966170311
9487,0.05209391564130783,0.013099022209644318,0.03899489343166351
9488,0.04950585216283798,0.013216227293014526,0.036289624869823456
9489,0.04630378633737564,0.013122925534844398,0.03318085893988609
9490,0.04464774206280708,0.01315133273601532,0.03149640932679176
9491,0.04549383372068405,0.01316918060183525,0.0323246531188488
9492,0.047829363495111465,0.013088017702102661,0.034741345793008804
9493,0.04962310194969177,0.01319442130625248,0.03642868250608444
9494,0.04952060431241989,0.01306366827338934,0.03645693510770798
9495,0.04793868213891983,0.013168719597160816,0.03476996347308159
9496,0.046617135405540466,0.013088608160614967,0.03352852538228035
9497,0.04720243066549301,0.013104957528412342,0.034097474068403244
9498,0.049842335283756256,0.013133050873875618,0.03670928627252579
9499,0.05297929793596268,0.013050923123955727,0.0399283766746521
9500,0.05465996637940407,0.013145659118890762,0.041514307260513306
9501,0.05399046838283539,0.013044347986578941,0.0409461185336113
9502,0.052055515348911285,0.013102198019623756,0.03895331546664238
9503,0.05074767768383026,0.013082364574074745,0.03766531124711037
9504,0.05131514370441437,0.013031331822276115,0.0382838137447834
9505,0.0532243549823761,0.01312348060309887,0.04010087251663208
9506,0.05462000519037247,0.012985661625862122,0.041634343564510345
9507,0.05388345569372177,0.013121835887432098,0.04076161980628967
9508,0.05093802884221077,0.012991182506084442,0.03794684633612633
9509,0.04757186770439148,0.013069170527160168,0.03450269624590874
9510,0.04590677097439766,0.013033762574195862,0.0328730084002018
9511,0.04663601517677307,0.013000357896089554,0.03363565728068352
9512,0.04846471548080444,0.013072270900011063,0.03539244458079338
9513,0.04930679500102997,0.012958699837327003,0.036348093301057816
9514,0.04816851392388344,0.013066630810499191,0.03510188311338425
9515,0.0459211990237236,0.012965381145477295,0.03295581787824631
9516,0.044548146426677704,0.013013849034905434,0.03153429925441742
9517,0.04543165862560272,0.013005916029214859,0.03242574259638786
9518,0.048224519938230515,0.012952069751918316,0.035272449254989624
9519,0.05114220082759857,0.013034719973802567,0.038107480853796005
9520,0.05233418941497803,0.012925884686410427,0.039408303797245026
9521,0.05147494748234749,0.013012641109526157,0.038462307304143906
9522,0.049876123666763306,0.012949902564287186,0.03692622110247612
9523,0.04948154836893082,0.01294643059372902,0.0365351177752018
9524,0.05105941370129585,0.012996979057788849,0.038062434643507004
9525,0.05358753725886345,0.012885271571576595,0.04070226475596428
9526,0.055085647851228714,0.01301685068756342,0.04206879809498787
9527,0.05416484549641609,0.012870609760284424,0.04129423573613167
9528,0.05132754147052765,0.012982197105884552,0.0383453443646431
9529,0.048502735793590546,0.012903207913041115,0.03559952601790428
9530,0.04753647744655609,0.01291481964290142,0.03462165594100952
9531,0.04857209324836731,0.01294783502817154,0.03562425822019577
9532,0.04995488002896309,0.012861564755439758,0.03709331527352333
9533,0.049795620143413544,0.012959202751517296,0.0368364192545414
9534,0.047606460750103,0.012852457351982594,0.03475400432944298
9535,0.0448373481631279,0.012920204550027847,0.03191714361310005
9536,0.043540120124816895,0.012883522547781467,0.030656596645712852
9537,0.044651784002780914,0.012857936322689056,0.03179384768009186
9538,0.047262124717235565,0.012919563800096512,0.03434256091713905
9539,0.04942496120929718,0.012817210517823696,0.03660774976015091
9540,0.04976792633533478,0.012916961684823036,0.03685096278786659
9541,0.048499178141355515,0.01282377541065216,0.035675402730703354
9542,0.047284625470638275,0.012863649055361748,0.03442097827792168
9543,0.0477483868598938,0.01286732405424118,0.03488106280565262
9544,0.0501280352473259,0.012794830836355686,0.037333205342292786
9545,0.05299310013651848,0.012903276830911636,0.04008982330560684
9546,0.054351046681404114,0.01275990717113018,0.04159114137291908
9547,0.05337384343147278,0.012889701873064041,0.04048414155840874
9548,0.05099651589989662,0.012777619063854218,0.038218896836042404
9549,0.0492478609085083,0.012830225750803947,0.0364176370203495
9550,0.04942097142338753,0.012823443859815598,0.03659752756357193
9551,0.05096842721104622,0.012769091874361038,0.03819933533668518
9552,0.052052728831768036,0.012848803773522377,0.03920392692089081
9553,0.05103977769613266,0.012746763415634632,0.0382930152118206
9554,0.0481281541287899,0.012823443859815598,0.035304710268974304
9555,0.04510203376412392,0.012768041342496872,0.032333992421627045
9556,0.043937474489212036,0.012764062732458115,0.03117341175675392
9557,0.04506887122988701,0.012805330567061901,0.03226353973150253
9558,0.047113046050071716,0.012714514508843422,0.034398533403873444
9559,0.04814285784959793,0.012816781178116798,0.03532607480883598
9560,0.047308918088674545,0.012705553323030472,0.034603364765644073
9561,0.045531466603279114,0.01277923583984375,0.032752230763435364
9562,0.04461454600095749,0.012738509103655815,0.031876035034656525
9563,0.045751459896564484,0.012712405063211918,0.03303905576467514
9564,0.04852898418903351,0.01278187520802021,0.03574711084365845
9565,0.05123770236968994,0.012661675922572613,0.038576025515794754
9566,0.052247054874897,0.012789780274033546,0.03945727273821831
9567,0.05124807730317116,0.012659425847232342,0.03858865052461624
9568,0.049628421664237976,0.012745767831802368,0.03688265383243561
9569,0.049203891307115555,0.01269831508398056,0.036505576223134995
9570,0.0506538487970829,0.012681148946285248,0.03797269985079765
9571,0.05291514843702316,0.012735695578157902,0.040179453790187836
9572,0.053968608379364014,0.012644411996006966,0.0413241982460022
9573,0.05272562801837921,0.012727745808660984,0.0399978831410408
9574,0.04975030571222305,0.012655039317905903,0.037095267325639725
9575,0.04703729599714279,0.012673216871917248,0.03436407819390297
9576,0.04619777947664261,0.012693110853433609,0.033504668623209
9577,0.04722949489951134,0.012614582665264606,0.034614913165569305
9578,0.04854042828083038,0.012716660276055336,0.0358237698674202
9579,0.048340532928705215,0.012591877020895481,0.03574865683913231
9580,0.04628925770521164,0.01269383355975151,0.03359542414546013
9581,0.04379431530833244,0.012613730505108833,0.03118058480322361
9582,0.04283265024423599,0.012633035890758038,0.03019961528480053
9583,0.04422563314437866,0.01265757903456688,0.03156805410981178
9584,0.046984776854515076,0.012573622167110443,0.03441115468740463
9585,0.04918556660413742,0.012681214138865471,0.0365043506026268
9586,0.04949576407670975,0.012552091851830482,0.036943670362234116
9587,0.04827624186873436,0.012656531296670437,0.03561970964074135
9588,0.04718971624970436,0.012576386332511902,0.03461332991719246
9589,0.04783383384346962,0.01259708497673273,0.035236749798059464
9590,0.0503324419260025,0.01261834241449833,0.037714097648859024
9591,0.053125154227018356,0.012547061778604984,0.04057809337973595
9592,0.054320309311151505,0.012630470097064972,0.04168983921408653
9593,0.053075261414051056,0.01254077535122633,0.04053448513150215
9594,0.05055578798055649,0.012589341029524803,0.037966445088386536
9595,0.04871572554111481,0.012575902044773102,0.036139823496341705
9596,0.04880048707127571,0.012523668818175793,0.036276817321777344
9597,0.05019092932343483,0.012613430619239807,0.03757749870419502
9598,0.05099339038133621,0.012482922524213791,0.03851046785712242
9599,0.04975036904215813,0.01260874792933464,0.037141621112823486
9600,0.046693723648786545,0.012491998262703419,0.0342017263174057
9601,0.04372822493314743,0.012555083259940147,0.031173143535852432
9602,0.04277829825878143,0.012535108253359795,0.03024318814277649
9603,0.04420248419046402,0.012489201501011848,0.03171328455209732
9604,0.046539295464754105,0.012570198625326157,0.03396909683942795
9605,0.04777917638421059,0.012454020790755749,0.03532515466213226
9606,0.047088347375392914,0.012561054900288582,0.03452729433774948
9607,0.04544539749622345,0.012464238330721855,0.032981161028146744
9608,0.04479700326919556,0.012510430067777634,0.03228657320141792
9609,0.04631678760051727,0.012502340599894524,0.0338144451379776
9610,0.04938989877700806,0.012455815449357033,0.03693408519029617
9611,0.05215466395020485,0.012526899576187134,0.039627764374017715
9612,0.05290438234806061,0.01243382878601551,0.04047055542469025
9613,0.05160932242870331,0.01250418834388256,0.0391051359474659
9614,0.04969194158911705,0.012456444092094898,0.03723549842834473
9615,0.0490226186811924,0.012442786246538162,0.036579832434654236
9616,0.05017141252756119,0.012499733828008175,0.03767167776823044
9617,0.05195260047912598,0.01238679327070713,0.0395658053457737
9618,0.05239758640527725,0.012516466900706291,0.03988111764192581
9619,0.05040813609957695,0.012376297265291214,0.038031838834285736
9620,0.04693868011236191,0.012478329241275787,0.03446035087108612
9621,0.044171661138534546,0.012413127347826958,0.03175853565335274
9622,0.04372197389602661,0.012408747337758541,0.031313225626945496
9623,0.045254357159137726,0.012459060177206993,0.03279529884457588
9624,0.04688955098390579,0.012358895502984524,0.034530654549598694
9625,0.046925611793994904,0.012465769425034523,0.03445984423160553
9626,0.045255422592163086,0.012357151135802269,0.032898273319005966
9627,0.04346093162894249,0.012422020547091961,0.031038912013173103
9628,0.04338499903678894,0.012392280623316765,0.030992716550827026
9629,0.04556182771921158,0.012363916262984276,0.03319791331887245
9630,0.048762716352939606,0.012423494830727577,0.03633922338485718
9631,0.05095059797167778,0.012333191931247711,0.03861740604043007
9632,0.051015179604291916,0.012413118965923786,0.038602061569690704
9633,0.049502868205308914,0.012345649302005768,0.037157218903303146
9634,0.04829108715057373,0.012360231950879097,0.03593085706233978
9635,0.04879340901970863,0.012384953908622265,0.036408454179763794
9636,0.05081842839717865,0.012300444766879082,0.03851798176765442
9637,0.052648816257715225,0.0124126598238945,0.040236156433820724
9638,0.05243304744362831,0.012274087406694889,0.040158960968256
9639,0.04989907890558243,0.012393604964017868,0.03750547394156456
9640,0.04656998813152313,0.0122957993298769,0.03427418693900108
9641,0.04461336135864258,0.012332616373896599,0.03228074312210083
9642,0.0449288934469223,0.012342536821961403,0.03258635848760605
9643,0.04645288363099098,0.012272733263671398,0.03418014943599701
9644,0.04720533266663551,0.01236616913229227,0.03483916446566582
9645,0.04602668434381485,0.012253761291503906,0.033772923052310944
9646,0.04366506263613701,0.012337196618318558,0.03132786601781845
9647,0.04207364469766617,0.012281181290745735,0.029792463406920433
9648,0.04273299127817154,0.012277175672352314,0.0304558165371418
9649,0.045367367565631866,0.012320021167397499,0.03304734826087952
9650,0.0481838583946228,0.012233749032020569,0.035950109362602234
9651,0.04941461607813835,0.01232390757650137,0.03709070757031441
9652,0.04866505414247513,0.012235941365361214,0.036429114639759064
9653,0.04728054255247116,0.012278098613023758,0.0350024439394474
9654,0.047023072838783264,0.01227393839508295,0.03474913537502289
9655,0.048652246594429016,0.012214373797178268,0.03643787279725075
9656,0.05119157209992409,0.01230945810675621,0.03888211399316788
9657,0.05267966911196709,0.012177360244095325,0.040502309799194336
9658,0.05184103921055794,0.012303020805120468,0.03953801840543747
9659,0.04910817742347717,0.012187913060188293,0.03692026436328888
9660,0.046453118324279785,0.012251205742359161,0.034201912581920624
9661,0.045618779957294464,0.012229851447045803,0.033388927578926086
9662,0.04663622006773949,0.012191027402877808,0.03444519266486168
9663,0.047866664826869965,0.01226048730313778,0.035606175661087036
9664,0.04747335985302925,0.012161561287939548,0.03531179949641228
9665,0.04518341273069382,0.012245707213878632,0.032937705516815186
9666,0.04247567430138588,0.012175928801298141,0.030299745500087738
9667,0.04135531187057495,0.01219315454363823,0.029162157326936722
9668,0.04259935021400452,0.012212561443448067,0.0303867906332016
9669,0.04515547677874565,0.012143292464315891,0.033012185245752335
9670,0.0470927432179451,0.012229328975081444,0.034863412380218506
9671,0.0471784882247448,0.012130293063819408,0.035048194229602814
9672,0.04589910805225372,0.01219893991947174,0.03370016813278198
9673,0.04491252452135086,0.01215873472392559,0.03275379166007042
9674,0.04568653553724289,0.012137200683355331,0.03354933485388756
9675,0.0481853149831295,0.012200615368783474,0.03598469868302345
9676,0.05086762458086014,0.012086868286132812,0.038780756294727325
9677,0.051932498812675476,0.012212440371513367,0.03972005844116211
9678,0.05072348192334175,0.012080973945558071,0.038642507046461105
9679,0.04843226075172424,0.01217360608279705,0.03625865280628204
9680,0.04699409008026123,0.012117182835936546,0.03487690910696983
9681,0.04745233803987503,0.012110846117138863,0.03534149378538132
9682,0.04902764409780502,0.01215626485645771,0.03687138110399246
9683,0.049760036170482635,0.012070655822753906,0.03768938034772873
9684,0.04839146509766579,0.012154928408563137,0.036236535757780075
9685,0.04536899924278259,0.012075906619429588,0.033293090760707855
9686,0.04263436049222946,0.01210716925561428,0.030527189373970032
9687,0.041882000863552094,0.012111552990972996,0.029770446941256523
9688,0.043211985379457474,0.012051570229232311,0.031160416081547737
9689,0.04511599242687225,0.012135930359363556,0.0329800620675087
9690,0.045797981321811676,0.012028804048895836,0.03376917913556099
9691,0.04471829906105995,0.012116506695747375,0.032601792365312576
9692,0.04298335313796997,0.012048810720443726,0.030934544280171394
9693,0.04240914061665535,0.01206059567630291,0.03034854494035244
9694,0.043930783867836,0.012089254334568977,0.03184152767062187
9695,0.04682168737053871,0.012005996890366077,0.03481569141149521
9696,0.04928675293922424,0.012111568823456764,0.03717518597841263
9697,0.049863409250974655,0.011985521763563156,0.0378778874874115
9698,0.04868234321475029,0.012090150266885757,0.03659219294786453
9699,0.04726908355951309,0.012007264420390129,0.03526182100176811
9700,0.0472990982234478,0.012036409229040146,0.035262688994407654
9701,0.049086056649684906,0.012045936658978462,0.037040118128061295
9702,0.05123145878314972,0.01198901142925024,0.039242446422576904
9703,0.05190714821219444,0.012059863656759262,0.03984728455543518
9704,0.05021847039461136,0.01197829470038414,0.03824017569422722
9705,0.047222234308719635,0.012027127668261528,0.03519510477781296
9706,0.04485372081398964,0.012005981989204884,0.03284773975610733
9707,0.044462013989686966,0.011968416161835194,0.03249359875917435
9708,0.045625410974025726,0.012040989473462105,0.03358442336320877
9709,0.04659498110413551,0.011928296647965908,0.03466668352484703
9710,0.045882463455200195,0.012040412053465843,0.0338420495390892
9711,0.04355171322822571,0.011933783069252968,0.03161793202161789
9712,0.04125072807073593,0.011992136016488075,0.029258593916893005
9713,0.04076787456870079,0.011974681168794632,0.02879319339990616
9714,0.04252173751592636,0.011928649619221687,0.030593089759349823
9715,0.04523518308997154,0.012010987848043442,0.0332241952419281
9716,0.047008343040943146,0.011892812326550484,0.03511553257703781
9717,0.04690120741724968,0.01200515404343605,0.03489605337381363
9718,0.04562196880578995,0.011903060600161552,0.033718910068273544
9719,0.04495296627283096,0.011956499889492989,0.032996468245983124
9720,0.046160101890563965,0.011941617354750633,0.03421848639845848
9721,0.04888731986284256,0.011903669685125351,0.03698365017771721
9722,0.051462993025779724,0.011965734884142876,0.0394972562789917
9723,0.05211391672492027,0.011883880011737347,0.04023003578186035
9724,0.05061304569244385,0.011944545432925224,0.03866850212216377
9725,0.04822702705860138,0.011904308572411537,0.03632272034883499
9726,0.04688800871372223,0.011888623237609863,0.034999385476112366
9727,0.04737751930952072,0.011941732838749886,0.03543578460812569
9728,0.04874012991786003,0.011838942766189575,0.036901187151670456
9729,0.04910089075565338,0.011955412104725838,0.037145476788282394
9730,0.047277823090553284,0.011829189956188202,0.03544863313436508
9731,0.04401058331131935,0.011921629309654236,0.032088954001665115
9732,0.041336216032505035,0.01186076458543539,0.02947545051574707
9733,0.04092072695493698,0.011859842576086521,0.029060883447527885
9734,0.0426374152302742,0.011902177706360817,0.030735239386558533
9735,0.04475942254066467,0.011812145821750164,0.032947275787591934
9736,0.04549188166856766,0.011913271620869637,0.03357860818505287
9737,0.04444451257586479,0.011804898269474506,0.03263961523771286
9738,0.04294981062412262,0.011878909543156624,0.031070899218320847
9739,0.04284185171127319,0.011834810487926006,0.031007040292024612
9740,0.0448831245303154,0.01182481087744236,0.03305831179022789
9741,0.048096369951963425,0.011867895722389221,0.036228474229574203
9742,0.050490282475948334,0.01179131306707859,0.03869897127151489
9743,0.050773900002241135,0.01186423096805811,0.0389096699655056
9744,0.04919041320681572,0.011798672378063202,0.03739174082875252
9745,0.047507598996162415,0.011816902086138725,0.03569069877266884
9746,0.047300465404987335,0.011835852637887001,0.035464610904455185
9747,0.0487222857773304,0.011758144944906235,0.036964140832424164
9748,0.05028309300541878,0.011865474283695221,0.038417618721723557
9749,0.050070568919181824,0.011730222962796688,0.03834034502506256
9750,0.04753725975751877,0.011849530972540379,0.035687729716300964
9751,0.04400356113910675,0.011750532314181328,0.03225303068757057
9752,0.04170592129230499,0.011790426447987556,0.029915496706962585
9753,0.0418282076716423,0.011796796694397926,0.030031412839889526
9754,0.04356461018323898,0.011731548234820366,0.031833063811063766
9755,0.04492802917957306,0.011822450906038284,0.033105578273534775
9756,0.04449896886944771,0.011710952036082745,0.03278801590204239
9757,0.0426790714263916,0.011799050495028496,0.030880019068717957
9758,0.04126285761594772,0.01173439621925354,0.029528461396694183
9759,0.04188062250614166,0.01174420490860939,0.03013641946017742
9760,0.04457087814807892,0.01177205704152584,0.03279882296919823
9761,0.047718778252601624,0.011701712384819984,0.03601706400513649
9762,0.04943147674202919,0.011779827065765858,0.03765165060758591
9763,0.04894015192985535,0.011700520291924477,0.03723963350057602
9764,0.04733620584011078,0.011740429326891899,0.03559577465057373
9765,0.046429213136434555,0.011734016239643097,0.03469519689679146
9766,0.04732884466648102,0.011680679395794868,0.035648163408041
9767,0.04937102645635605,0.011768890544772148,0.03760213777422905
9768,0.0506439171731472,0.011643125675618649,0.03900079056620598
9769,0.0496540293097496,0.011766551062464714,0.03788747638463974
9770,0.04657915234565735,0.011650850996375084,0.034928299486637115
9771,0.04335824027657509,0.011718063615262508,0.031640175729990005
9772,0.041977591812610626,0.011691846884787083,0.03028574399650097
9773,0.04281861335039139,0.01165776140987873,0.031160851940512657
9774,0.04441375285387039,0.011724898591637611,0.03268885612487793
9775,0.044802308082580566,0.011626215651631355,0.03317609429359436
9776,0.04332469031214714,0.011715449392795563,0.03160924091935158
9777,0.04114735871553421,0.01163697149604559,0.029510388150811195
9778,0.04026529937982559,0.01166849210858345,0.028596805408596992
9779,0.041730936616659164,0.011671700514853,0.03005923517048359
9780,0.04475761950016022,0.011621028184890747,0.03313659131526947
9781,0.04740497097373009,0.011690810322761536,0.03571416065096855
9782,0.04809899628162384,0.01160644181072712,0.03649255633354187
9783,0.04699678346514702,0.011665835976600647,0.03533094748854637
9784,0.04564104974269867,0.011630172841250896,0.0340108759701252
9785,0.04574589431285858,0.011609524488449097,0.034136369824409485
9786,0.04759671539068222,0.011668425984680653,0.03592829033732414
9787,0.04980722814798355,0.011561637744307518,0.038245588541030884
9788,0.05045941844582558,0.011681809090077877,0.038777608424425125
9789,0.048653315752744675,0.011553122662007809,0.03710019215941429
9790,0.045476775616407394,0.011647786945104599,0.033828988671302795
9791,0.0430331826210022,0.011586354114115238,0.031446829438209534
9792,0.04271861910820007,0.011586547829210758,0.03113207034766674
9793,0.0440225824713707,0.01162773184478283,0.03239485248923302
9794,0.045053839683532715,0.01154249906539917,0.033511340618133545
9795,0.04432283714413643,0.011633486486971378,0.032689351588487625
9796,0.04201293736696243,0.011541387066245079,0.030471552163362503
9797,0.039883412420749664,0.011593468487262726,0.02828994393348694
9798,0.03970509022474289,0.011574190109968185,0.028130900114774704
9799,0.04176076501607895,0.011539977043867111,0.030220789834856987
9800,0.044630616903305054,0.011603156104683876,0.03302745893597603
9801,0.04636874049901962,0.011513263918459415,0.03485547751188278
9802,0.04614408686757088,0.011590957641601562,0.034553129225969315
9803,0.04478057473897934,0.011529320850968361,0.03325125575065613
9804,0.04410909116268158,0.011538194492459297,0.03257089480757713
9805,0.04527762532234192,0.011569889262318611,0.03370773419737816
9806,0.04780606925487518,0.011482657864689827,0.036323413252830505
9807,0.04992347210645676,0.01159433089196682,0.03832913935184479
9808,0.04995141550898552,0.011462070047855377,0.03848934546113014
9809,0.04783543944358826,0.011573122814297676,0.03626231476664543
9810,0.04512718692421913,0.011486005038022995,0.033641181886196136
9811,0.043779514729976654,0.011516333557665348,0.03226318210363388
9812,0.04439599812030792,0.011528581380844116,0.032867416739463806
9813,0.04573928564786911,0.011466188356280327,0.03427309915423393
9814,0.045943163335323334,0.011544959619641304,0.03439820185303688
9815,0.044112443923950195,0.011455055326223373,0.03265738859772682
9816,0.04124625027179718,0.011514274403452873,0.029731975868344307
9817,0.03930548205971718,0.011481253430247307,0.02782422862946987
9818,0.039597854018211365,0.01146119274199009,0.028136659413576126
9819,0.04168909043073654,0.01151272002607584,0.030176369473338127
9820,0.04383029043674469,0.011426926590502262,0.032403364777565
9821,0.04445943236351013,0.011511571705341339,0.03294786065816879
9822,0.043427467346191406,0.011432335712015629,0.03199513256549835
9823,0.04212144762277603,0.011468527838587761,0.03065292164683342
9824,0.04218973591923714,0.01146759744733572,0.030722137540578842
9825,0.0441863089799881,0.011412201449275017,0.03277410566806793
9826,0.04706680029630661,0.011499030515551567,0.035567767918109894
9827,0.048983827233314514,0.011380298063158989,0.037603527307510376
9828,0.048821985721588135,0.011493726633489132,0.03732825815677643
9829,0.047030940651893616,0.011388914659619331,0.035642024129629135
9830,0.045377232134342194,0.01144975982606411,0.033927470445632935
9831,0.04534459486603737,0.011424724012613297,0.03391987085342407
9832,0.04684046655893326,0.011398670263588428,0.035441797226667404
9833,0.04830227047204971,0.011450877413153648,0.036851394921541214
9834,0.04793849587440491,0.011374786496162415,0.03656370937824249
9835,0.04548962414264679,0.011436142027378082,0.03405348211526871
9836,0.04232940077781677,0.011388417333364487,0.030940985307097435
9837,0.04048009216785431,0.01138816587626934,0.029091928154230118
9838,0.04082006588578224,0.011420219205319881,0.029399847611784935
9839,0.04244695603847504,0.011344159953296185,0.031102795153856277
9840,0.04352298378944397,0.011433197185397148,0.03208978846669197
9841,0.04285658895969391,0.011333700269460678,0.03152288869023323
9842,0.040948137640953064,0.011404857970774174,0.029543280601501465
9843,0.03949747607111931,0.011359907686710358,0.02813756838440895
9844,0.03996387496590614,0.01134980283677578,0.028614072129130363
9845,0.04232850670814514,0.011397920548915863,0.030930588021874428
9846,0.04512281343340874,0.011304385960102081,0.033818427473306656
9847,0.046635501086711884,0.011411018669605255,0.03522448241710663
9848,0.046222880482673645,0.011295441538095474,0.03492743894457817
9849,0.04488898813724518,0.011382121592760086,0.03350686654448509
9850,0.04435817152261734,0.011322587728500366,0.033035583794116974
9851,0.045638881623744965,0.011331353336572647,0.03430752828717232
9852,0.048129819333553314,0.01135646365582943,0.036773357540369034
9853,0.049995385110378265,0.0112950149923563,0.038700368255376816
9854,0.04982975870370865,0.011359231546521187,0.03847052529454231
9855,0.047605011612176895,0.011295736767351627,0.03630927577614784
9856,0.04497228562831879,0.011319705285131931,0.03365258127450943
9857,0.043676942586898804,0.01132688857614994,0.03235005587339401
9858,0.04423830285668373,0.011265844106674194,0.03297245875000954
9859,0.0454857163131237,0.011354782618582249,0.03413093462586403
9860,0.04558794945478439,0.01123747881501913,0.03435046970844269
9861,0.04373898357152939,0.011343652382493019,0.03239532932639122
9862,0.04085776209831238,0.011252222582697868,0.02960554137825966
9863,0.038920335471630096,0.011291908100247383,0.027628427371382713
9864,0.03924725577235222,0.011294407770037651,0.027952848002314568
9865,0.04142965376377106,0.011234747245907784,0.030194908380508423
9866,0.04371633380651474,0.011323954910039902,0.03239237889647484
9867,0.04445600137114525,0.011208987794816494,0.03324701264500618
9868,0.04347354918718338,0.011310020461678505,0.032163530588150024
9869,0.04213178902864456,0.011226273141801357,0.03090551681816578
9870,0.0421929657459259,0.011261051520705223,0.03093191236257553
9871,0.04427044838666916,0.011264054104685783,0.033006396144628525
9872,0.04725353792309761,0.011215530335903168,0.03603800758719444
9873,0.04926176741719246,0.01128062978386879,0.03798113763332367
9874,0.0490141287446022,0.011204864829778671,0.03780926391482353
9875,0.04708582162857056,0.011252196505665779,0.03583362698554993
9876,0.045190583914518356,0.011231601238250732,0.033958982676267624
9877,0.04493069648742676,0.01119588315486908,0.03373481333255768
9878,0.046296074986457825,0.011268137022852898,0.03502793610095978
9879,0.047702349722385406,0.011153537780046463,0.036548811942338943
9880,0.04737525433301926,0.011273632757365704,0.03610162064433098
9881,0.04485184699296951,0.01115424558520317,0.03369760140776634
9882,0.04160185158252716,0.011231934651732445,0.030369916930794716
9883,0.03973345831036568,0.01119262259453535,0.0285408366471529
9884,0.04025442898273468,0.011170579120516777,0.029083851724863052
9885,0.0422428697347641,0.011231141164898872,0.031011730432510376
9886,0.04371224716305733,0.011132415384054184,0.03257983177900314
9887,0.04335382953286171,0.011231486685574055,0.03212234377861023
9888,0.041578102856874466,0.011137546971440315,0.03044055588543415
9889,0.04015731438994408,0.011189643293619156,0.02896767109632492
9890,0.040647439658641815,0.011171923950314522,0.029475517570972443
9891,0.04307393357157707,0.011139925569295883,0.03193400800228119
9892,0.045927152037620544,0.011196980252861977,0.03473016992211342
9893,0.04734110087156296,0.01111938152462244,0.03622172027826309
9894,0.04671552777290344,0.011181114241480827,0.035534411668777466
9895,0.045008618384599686,0.011137004941701889,0.0338716134428978
9896,0.04410084709525108,0.01113079208880663,0.03297005593776703
9897,0.04504922777414322,0.011172848753631115,0.03387637808918953
9898,0.04725254327058792,0.011082427576184273,0.0361701175570488
9899,0.04888400435447693,0.011190647259354591,0.03769335895776749
9900,0.04832407832145691,0.011068623512983322,0.03725545480847359
9901,0.045686446130275726,0.011165373027324677,0.03452107310295105
9902,0.04267473518848419,0.011094621382653713,0.031580112874507904
9903,0.041252173483371735,0.011110104620456696,0.03014206886291504
9904,0.041902437806129456,0.011133644729852676,0.03076879307627678
9905,0.043286941945552826,0.01106494665145874,0.032221995294094086
9906,0.04352467879652977,0.01114656776189804,0.03237811103463173
9907,0.04183776304125786,0.01105591095983982,0.030781852081418037
9908,0.03932587802410126,0.011117548681795597,0.028208330273628235
9909,0.03798976540565491,0.011080252006649971,0.026909515261650085
9910,0.039050403982400894,0.01106911152601242,0.027981292456388474
9911,0.04191352427005768,0.01110998634248972,0.030803538858890533
9912,0.04466472193598747,0.011037416756153107,0.033627305179834366
9913,0.045668430626392365,0.011110180988907814,0.0345582477748394
9914,0.0447736456990242,0.01104128360748291,0.03373236209154129
9915,0.043460872024297714,0.011071321554481983,0.032389551401138306
9916,0.043417565524578094,0.011072538793087006,0.03234502673149109
9917,0.04516097903251648,0.011018878780305386,0.03414209932088852
9918,0.047542791813611984,0.011102195829153061,0.03644059598445892
9919,0.048663362860679626,0.010987663641571999,0.03767569735646248
9920,0.04754503816366196,0.011098598130047321,0.03644644096493721
9921,0.04490893334150314,0.010995311662554741,0.03391362354159355
9922,0.0427493155002594,0.011056104674935341,0.03169321268796921
9923,0.042549002915620804,0.01103132963180542,0.031517673283815384
9924,0.04401130974292755,0.011004714295268059,0.03300659731030464
9925,0.04537300020456314,0.011058359406888485,0.03431463986635208
9926,0.04486118257045746,0.010979484766721725,0.03388169780373573
9927,0.04236602783203125,0.011045531369745731,0.03132049739360809
9928,0.039424266666173935,0.010992089286446571,0.028432177379727364
9929,0.0380234494805336,0.011000008322298527,0.027023442089557648
9930,0.03890661150217056,0.011024370789527893,0.02788223884999752
9931,0.041054755449295044,0.010957498103380203,0.03009725734591484
9932,0.04262876883149147,0.011038258671760559,0.03159051015973091
9933,0.04249763488769531,0.010948754847049713,0.0315488800406456
9934,0.04118942469358444,0.011009365320205688,0.030180059373378754
9935,0.040330804884433746,0.010977258905768394,0.029353545978665352
9936,0.04127175733447075,0.01095301192253828,0.030318744480609894
9937,0.04386651888489723,0.011016342788934708,0.032850176095962524
9938,0.04653894156217575,0.010909322649240494,0.03562961891293526
9939,0.04755888879299164,0.011026816442608833,0.036532074213027954
9940,0.04640255123376846,0.010905555449426174,0.035496994853019714
9941,0.044358834624290466,0.010992360301315784,0.033366475254297256
9942,0.04338357225060463,0.010939009487628937,0.03244456276297569
9943,0.0444638729095459,0.010937102138996124,0.033526770770549774
9944,0.04673883691430092,0.010975402779877186,0.03576343506574631
9945,0.0481286384165287,0.010902203619480133,0.03722643479704857
9946,0.047236546874046326,0.010974667966365814,0.03626187890768051
9947,0.04435069486498833,0.010908238589763641,0.033442456275224686
9948,0.04140138626098633,0.010931065306067467,0.03047032095491886
9949,0.04017072170972824,0.010941857472062111,0.02922886610031128
9950,0.04092038795351982,0.01087982952594757,0.03004055842757225
9951,0.0422668531537056,0.010965434834361076,0.03130141645669937
9952,0.04245377331972122,0.01085907593369484,0.03159469738602638
9953,0.04094373434782028,0.010948676615953445,0.029995055869221687
9954,0.03883213549852371,0.010878404602408409,0.027953729033470154
9955,0.03791453689336777,0.010897981002926826,0.02701655402779579
9956,0.03910471498966217,0.010916557163000107,0.028188155964016914
9957,0.04166390001773834,0.01084919087588787,0.03081471100449562
9958,0.04381833225488663,0.010936910286545753,0.03288142383098602
9959,0.04416763037443161,0.01083226315677166,0.0333353653550148
9960,0.04289984703063965,0.010918589308857918,0.03198125585913658
9961,0.04159585386514664,0.010850205086171627,0.030745647847652435
9962,0.041983067989349365,0.010874967090785503,0.031108101829886436
9963,0.04441080987453461,0.010881004855036736,0.03352980315685272
9964,0.04744891822338104,0.010839195922017097,0.036609724164009094
9965,0.0491015799343586,0.010890950448811054,0.03821063041687012
9966,0.048219695687294006,0.010832807049155235,0.03738689050078392
9967,0.04573722556233406,0.010862779803574085,0.03487444669008255
9968,0.04363073408603668,0.010855225846171379,0.032775506377220154
9969,0.04344755411148071,0.010814713314175606,0.032632842659950256
9970,0.04486928880214691,0.01088362094014883,0.03398566693067551
9971,0.046067312359809875,0.010780817829072475,0.035286493599414825
9972,0.04536814242601395,0.01088506169617176,0.03448307886719704
9973,0.042659059166908264,0.01078244112432003,0.03187661990523338
9974,0.039615195244550705,0.010846739634871483,0.028768455609679222
9975,0.03817412257194519,0.010816603899002075,0.027357520535588264
9976,0.03895537555217743,0.010791277512907982,0.028164098039269447
9977,0.04081650823354721,0.010851696133613586,0.029964812099933624
9978,0.04189956188201904,0.010756535455584526,0.031143024563789368
9979,0.04124535620212555,0.010850377380847931,0.03039497695863247
9980,0.0395549014210701,0.01076287217438221,0.02879203110933304
9981,0.038627710193395615,0.010808565653860569,0.02781914547085762
9982,0.03977788984775543,0.010798124596476555,0.028979765251278877
9983,0.042675308883190155,0.01075943373143673,0.031915873289108276
9984,0.04557061195373535,0.010823492892086506,0.03474711999297142
9985,0.046626560389995575,0.010740319266915321,0.035886239260435104
9986,0.045572441071271896,0.010805630125105381,0.03476681187748909
9987,0.04378145933151245,0.01076287217438221,0.03301858529448509
9988,0.04327338933944702,0.010750985704362392,0.032522402703762054
9989,0.04481612518429756,0.010804484598338604,0.03401163965463638
9990,0.047292690724134445,0.010700911283493042,0.0365917794406414
9991,0.04859073832631111,0.010822005569934845,0.037768732756376266
9992,0.047304145991802216,0.010691192001104355,0.03661295399069786
9993,0.04409265145659447,0.010791460983455181,0.03330118954181671
9994,0.04105155169963837,0.010723257437348366,0.03032829239964485
9995,0.040023766458034515,0.010733088478446007,0.02929067797958851
9996,0.041036661714315414,0.010764146223664284,0.03027251549065113
9997,0.04240415245294571,0.010690364055335522,0.03171378746628761
9998,0.0423290990293026,0.010772917419672012,0.031556181609630585
9999,0.040403708815574646,0.010687345638871193,0.029716361314058304
